Name,Country,Industry,mvUsd
1&1 AG,Germany,Telecommunications,12129031
10X Genomics Inc,United States,Health Care,1315074
11 bit studios SA,Poland,Consumer Discretionary,519550
1Spatial Plc,United Kingdom,Technology,2936068
1st Source Corp,United States,Financials,2983685
2G Energy AG,Germany,Utilities,3477209
360 ONE WAM Ltd,India,Financials,144927680
3BB Internet Infrastructure Fund,Thailand,Telecommunications,1837806
3DG Holdings International Ltd,Hong Kong,Consumer Discretionary,15734
3M Co,United States,Industrials,621920895
3M India Ltd,India,Industrials,12554331
3SBio Inc,China,Health Care,12762447
3i Group PLC,United Kingdom,Financials,940131022
3peak Inc,China,Technology,2519921
4D Molecular Therapeutics Inc,United States,Health Care,2789584
4imprint Group PLC,United Kingdom,Consumer Discretionary,63401020
7-Eleven Malaysia Holdings Bhd,Malaysia,Consumer Staples,11886526
77 Bank Ltd/The,Japan,Financials,15481933
99 Speed Mart Retail Holdings Bhd,Malaysia,Consumer Staples,21439202
A O Smith Corp,United States,Industrials,96179783
A&D HOLON Holdings Co Ltd,Japan,Industrials,4156244
A-Living Smart City Services Co Ltd,China,Real Estate,1119
A10 Networks Inc,United States,Technology,7202386
A2A SpA,Italy,Utilities,76504942
AAC Technologies Holdings Inc,Hong Kong,Technology,49238377
AAK AB,Sweden,Consumer Staples,52466078
AAON Inc,United States,Industrials,76580613
AAR Corp,United States,Industrials,6321400
AB Grigeo,Lithuania,Basic Materials,2506003
AB SA,Poland,Technology,10543451
ABB India Ltd,India,Industrials,47386520
ABB Ltd,Switzerland,Industrials,1766980006
ABC-Mart Inc,Japan,Consumer Discretionary,38908839
ABLBio Inc,South Korea,Health Care,23067414
ABM Industries Inc,United States,Industrials,43966742
ABN AMRO Bank NV,Netherlands,Financials,267233377
ABSA Bank Kenya PLC,Kenya,Financials,15453272
ACADIA Pharmaceuticals Inc,United States,Health Care,25554540
ACEA SpA,Italy,Utilities,22639250
ACI Worldwide Inc,United States,Industrials,75868282
ACL Cables PLC,Sri Lanka,Industrials,2936141
ACM Research Inc,United States,Technology,15439070
ACS Actividades de Construccion y Servicios SA,Spain,Industrials,160257027
ACSL LTD,Japan,Industrials,286458
ACV Auctions Inc,United States,Consumer Discretionary,10746000
ADATA Technology Co Ltd,Taiwan,Technology,8739310
ADEKA Corp,Japan,Basic Materials,24718590
ADMA Biologics Inc,United States,Health Care,12853531
ADNH Catering Plc,United Arab Emirates,Consumer Discretionary,9528525
ADNOC Logistics & Services,United Arab Emirates,Industrials,19009159
ADT Inc,United States,Industrials,153823724
AECC Aviation Power Co Ltd,China,Industrials,1865433
AECI Ltd,South Africa,Basic Materials,1237889
AECOM,United States,Industrials,190495204
AEM Holdings Ltd,Singapore,Technology,36223
AEON Financial Service Co Ltd,Japan,Financials,15354869
AEON REIT Investment Corp,Japan,Real Estate,28883988
AEON Thana Sinsap Thailand PCL,Thailand,Financials,44216505
AFC-HD AMS Life Science Co Ltd,Japan,Consumer Staples,664644
AFFIN Bank Bhd,Malaysia,Financials,18640660
AFI Properties Ltd,Israel,Real Estate,391259
AFRY AB,Sweden,Industrials,30104793
AG Anadolu Grubu Holding AS,Türkiye,Industrials,10946144
AG Barr PLC,United Kingdom,Consumer Staples,3552665
AGC Inc,Japan,Industrials,85504994
AGCO Corp,United States,Industrials,57321188
AGNC Investment Corp,United States,Financials,87269014
AIA Engineering Ltd,India,Industrials,17290912
AIA Group Ltd,Hong Kong,Financials,1478828837
AIB Group PLC,Ireland,Financials,186539908
AIMS APAC REIT,Singapore,Real Estate,10300666
AIXTRON SE,Germany,Technology,32554544
AJ Bell PLC,United Kingdom,Financials,19162896
AK Medical Holdings Ltd,China,Health Care,725507
AKR Corporindo Tbk PT,Indonesia,Energy,32639107
AKWEL SADIR,France,Consumer Discretionary,4990034
ALI Corp,Taiwan,Technology,514399
ALK-Abello A/S,Denmark,Health Care,71467262
ALS Ltd,Australia,Industrials,53889712
ALSO Holding AG,Switzerland,Technology,29152750
AME Elite Consortium Bhd,Malaysia,Industrials,4215270
AMERISAFE Inc,United States,Financials,2881086
AMETEK Inc,United States,Industrials,688239169
AMG Critical Materials NV,Netherlands,Industrials,5596994
AMI Organics Ltd,India,Health Care,27408496
AMMB Holdings Bhd,Malaysia,Financials,58404189
AMOREPACIFIC Group,South Korea,Consumer Discretionary,667432
AMP Ltd,Australia,Financials,40501793
ANA Holdings Inc,Japan,Consumer Discretionary,21708095
ANDRITZ AG,Austria,Industrials,76555094
ANE Cayman Inc,China,Industrials,6939283
ANSYS Inc,United States,Technology,622416691
ANTA Sports Products Ltd,China,Consumer Discretionary,302863303
ANZ Group Holdings Ltd,Australia,Financials,1165938572
AO World PLC,United Kingdom,Consumer Discretionary,2174047
AOKI Holdings Inc,Japan,Consumer Discretionary,2686897
AP Memory Technology Corp,Taiwan,Technology,25293355
AP Moller - Maersk A/S,Denmark,Industrials,129096516
AP Thailand PCL,Thailand,Real Estate,489686
APA Group,Australia,Energy,67788594
APAM Corp,South Korea,Consumer Discretionary,13385
APERAM SA,Netherlands,Basic Materials,5221730
APG SGA SA,Switzerland,Consumer Discretionary,1677671
API Group Corp,United States,Industrials,98028214
APL Apollo Tubes Ltd,India,Basic Materials,39763754
APR Corp/Korea,South Korea,Consumer Discretionary,1999659
APT Medical Inc,China,Health Care,56778918
ARB Corp Ltd,Australia,Consumer Discretionary,16683361
ARCLANDS CORP,Japan,Consumer Discretionary,4846366
ARE Holdings Inc,Japan,Basic Materials,8573633
ARGAN SA,France,Real Estate,17895518
ARM Holdings PLC,United States,Technology,10194470
ARMOUR Residential REIT Inc,United States,Financials,2618692
ARS Pharmaceuticals Inc,United States,Health Care,5761070
ASAHI YUKIZAI CORP,Japan,Basic Materials,2459843
ASE Technology Holding Co Ltd,Taiwan,Technology,154104242
ASGN Inc,United States,Industrials,43643408
ASIA Holdings Co Ltd,South Korea,Basic Materials,15183610
ASKA Pharmaceutical Holdings Co Ltd,Japan,Health Care,818711
ASKUL Corp,Japan,Consumer Discretionary,7115961
ASM International NV,Netherlands,Technology,1221051057
ASML Holding NV,Netherlands,Technology,7019542678
ASMPT Ltd,Hong Kong,Technology,55486910
ASMedia Technology Inc,Taiwan,Technology,123697327
ASOS PLC,United Kingdom,Consumer Discretionary,6
ASPEED Technology Inc,Taiwan,Technology,52900609
ASR Nederland NV,Netherlands,Financials,656760320
ASROCK Inc,Taiwan,Technology,4731047
ASX Ltd,Australia,Financials,93677154
AT&T Inc,United States,Telecommunications,1824625996
ATA IMS Bhd,Malaysia,Industrials,6657
ATI Inc,United States,Industrials,85046707
ATS Corp,Canada,Industrials,31319476
AU Small Finance Bank Ltd,India,Financials,16615997
AUB Group Ltd,Australia,Financials,36650108
AUO Corp,Taiwan,Technology,26379956
AURAS Technology Co Ltd,Taiwan,Technology,25088929
AVI Ltd,South Africa,Consumer Staples,20908771
AVZ Minerals Ltd,Australia,Basic Materials,1519379
AXA SA,France,Financials,2567272079
AZ-COM MARUWA Holdings Inc,Japan,Industrials,3189392
AZEK Co Inc/The,United States,Industrials,94986995
AZOOM Co Ltd,Japan,Industrials,4468872
AZZ Inc,United States,Industrials,7002194
Aadhar Housing Finance Ltd,India,Financials,7360
Aalberts NV,Netherlands,Industrials,71067504
Aarti Industries Ltd,India,Basic Materials,8265429
Aarti Pharmalabs Ltd,India,Health Care,1619105
Aavas Financiers Ltd,India,Financials,39174488
AbCellera Biologics Inc,Canada,Health Care,3763682
AbClon Inc,South Korea,Health Care,56781
Abacus Group,Australia,Real Estate,4018507
Abacus Storage King,Australia,Real Estate,4226843
AbbVie Inc,United States,Health Care,4394086523
Abbott Laboratories,United States,Health Care,2333030726
Abercrombie & Fitch Co,United States,Consumer Discretionary,88478169
Ability Enterprise Co Ltd,Taiwan,Consumer Discretionary,1854127
Ability Opto-Electronics Technology Co Ltd,Taiwan,Consumer Discretionary,3370877
Abitare In SpA,Italy,Consumer Discretionary,3368525
Aboitiz Equity Ventures Inc,Philippines,Industrials,178148
About You Holding SE,Germany,Consumer Discretionary,2531731
Absa Group Ltd,South Africa,Financials,337950007
Absolute Clean Energy PCL,Thailand,Utilities,4152517
Abu Dhabi Commercial Bank PJSC,United Arab Emirates,Financials,173063160
Abu Dhabi Islamic Bank PJSC,United Arab Emirates,Financials,80755982
Abu Dhabi National Oil Co for Distribution PJSC,United Arab Emirates,Energy,31643353
Abu Dhabi Ports Co PJSC,United Arab Emirates,Industrials,132436015
Academy Sports & Outdoors Inc,United States,Consumer Discretionary,47436477
Acadia Realty Trust,United States,Real Estate,8439185
Accelleron Industries AG,Switzerland,Industrials,138345678
Accent Group Ltd,Australia,Consumer Discretionary,5615376
Accenture PLC,United States,Industrials,2322768406
Access Co Ltd,Japan,Technology,2401504
Acciona SA,Spain,Industrials,50505156
Accolade Inc,United States,Health Care,12439
Accor SA,France,Consumer Discretionary,260938895
Accton Technology Corp,Taiwan,Telecommunications,216975840
Acer Inc,Taiwan,Technology,45919683
Acerinox SA,Spain,Basic Materials,44222411
Achilles Corp,Japan,Basic Materials,346429
Ackermans & van Haaren NV,Belgium,Industrials,89518033
Aclara Resources Inc,Canada,Basic Materials,93266
Acom Co Ltd,Japan,Financials,14953916
Acrow Ltd,Australia,Basic Materials,6215406
Acter Group Corp Ltd,Taiwan,Industrials,51333981
Action Construction Equipment Ltd,India,Industrials,5622967
Activia Properties Inc,Japan,Real Estate,24390853
Actron Technology Corp,Taiwan,Consumer Discretionary,1362040
Acuity Brands Inc,United States,Industrials,110236424
Acushnet Holdings Corp,United States,Consumer Discretionary,14824871
Adani Green Energy Ltd,India,Utilities,15013807
Adani Total Gas Ltd,India,Utilities,210855
Adaro Minerals Indonesia Tbk PT,Indonesia,Energy,13932690
Adastria Co Ltd,Japan,Consumer Discretionary,4946598
AddTech AB,Sweden,Industrials,193356785
Addnode Group AB,Sweden,Technology,6417427
Adecco Group AG,Switzerland,Industrials,35723570
Adeia Inc,United States,Technology,3287858
Adesso SE,Germany,Technology,2065690
Adi Sarana Armada Tbk PT,Indonesia,Consumer Discretionary,3536815
Adicet Bio Inc,United States,Health Care,413227
Adicon Holdings Ltd,China,Health Care,831987
Adimmune Corp,Taiwan,Health Care,4905
Aditya Birla Capital Ltd,India,Financials,21467842
Aditya Birla Fashion and Retail Ltd,India,Consumer Discretionary,10408324
Aditya Birla Real Estate Ltd,India,Basic Materials,14220296
Aditya Birla Sun Life Asset Management Co Ltd,India,Financials,45584056
Adlink Technology Inc,Taiwan,Technology,373500
Admiral Group PLC,United Kingdom,Financials,164334830
Adnoc Gas PLC,United Arab Emirates,Energy,134712556
Adobe Inc,United States,Technology,2512307262
Adris Grupa DD,Croatia,Consumer Staples,9663073
Adtalem Global Education Inc,United States,Consumer Discretionary,11156562
Advan Group Co Ltd,Japan,Industrials,539060
Advance Auto Parts Inc,United States,Consumer Discretionary,10866864
Advance Residence Investment Corp,Japan,Real Estate,41534344
Advanced Ceramic X Corp,Taiwan,Technology,1343379
Advanced Drainage Systems Inc,United States,Industrials,86185233
Advanced Echem Materials Co Ltd,Taiwan,Basic Materials,15614794
Advanced Energy Industries Inc,United States,Technology,68949128
Advanced Energy Solution Holding Co Ltd,Taiwan,Industrials,75421617
Advanced Info Service PCL,Thailand,Telecommunications,114887342
Advanced International Multitech Co Ltd,Taiwan,Consumer Discretionary,1153949
Advanced Micro Devices Inc,United States,Technology,2837356134
Advanced Nano Products Co Ltd,South Korea,Basic Materials,416846
Advanced Wireless Semiconductor Co,Taiwan,Technology,7077935
Advantech Co Ltd,Taiwan,Technology,66156880
Advantest Corp,Japan,Technology,798576473
Advtech Ltd,South Africa,Consumer Discretionary,28180922
Adyen NV,Netherlands,Industrials,1382809458
Aedifica SA,Belgium,Real Estate,63691569
Aegean Airlines SA,Greece,Consumer Discretionary,5690238
Aegis Logistics Ltd,India,Energy,13503623
Aegon Ltd,Netherlands,Financials,429492151
Aena SME SA,Spain,Industrials,269079639
Aeon Co Ltd,Japan,Consumer Staples,97872474
Aeon Delight Co Ltd,Japan,Industrials,3035639
Aeon Fantasy Co Ltd,Japan,Consumer Discretionary,10378716
Aeon Hokkaido Corp,Japan,Consumer Discretionary,2539724
Aeon Mall Co Ltd,Japan,Real Estate,19166201
AerCap Holdings NV,United States,Industrials,297469478
AerSale Corp,United States,Industrials,199080
Aeris Industria E Comercio De Equipamentos Para Geracao De Energia SA,Brazil,Energy,54531
AeroVironment Inc,United States,Industrials,37502070
Aeroports de Paris SA,France,Industrials,71641267
Affiliated Managers Group Inc,United States,Financials,68683356
Affirm Holdings Inc,United States,Industrials,147793277
Affle India Ltd,India,Technology,13079537
Aflac Inc,United States,Financials,337806801
African Rainbow Minerals Ltd,South Africa,Basic Materials,12918142
Afrimat Ltd,South Africa,Basic Materials,22008415
AfroCentric Investment Corp Ltd,South Africa,Consumer Staples,2566054
Ageas SA/NV,Belgium,Financials,30255235
Agilent Technologies Inc,United States,Health Care,448728782
Agility Global PLC,United Arab Emirates,Industrials,17297419
Agility Public Warehousing Co KSC,Kuwait,Industrials,835687
Agios Pharmaceuticals Inc,United States,Health Care,4767723
Agnico Eagle Mines Ltd,Canada,Basic Materials,606723832
Agrana Beteiligungs AG,Austria,Consumer Staples,317615
Agree Realty Corp,United States,Real Estate,48862006
Agricultural Bank of China Ltd,China,Financials,171631041
Agthia Group PJSC,United Arab Emirates,Consumer Staples,71647688
Ai Holdings Corp,Japan,Technology,4327474
Aica Kogyo Co Ltd,Japan,Basic Materials,38537339
Aichi Corp,Japan,Industrials,1798516
Aichi Financial Group Inc,Japan,Financials,3303997
Aichi Steel Corp,Japan,Basic Materials,283456
Aida Engineering Ltd,Japan,Industrials,9282583
Aier Eye Hospital Group Co Ltd,China,Health Care,316
Aiful Corp,Japan,Financials,10206533
Ailleron SA,Poland,Technology,1658974
Ain Holdings Inc,Japan,Consumer Staples,12587454
Aiphone Co Ltd,Japan,Telecommunications,468096
Air Arabia PJSC,United Arab Emirates,Consumer Discretionary,42275542
Air Canada,Canada,Consumer Discretionary,33545783
Air China Ltd,China,Consumer Discretionary,43094
Air France-KLM,France,Consumer Discretionary,21856531
Air Lease Corp,United States,Industrials,49415346
Air Liquide SA,France,Basic Materials,1968399507
Air New Zealand Ltd,New Zealand,Consumer Discretionary,5726163
Air Products and Chemicals Inc,United States,Basic Materials,906410965
Air Transport Services Group Inc,United States,Industrials,287191
Air Water Inc,Japan,Basic Materials,50050891
AirAsia X Bhd,Malaysia,Consumer Discretionary,2632450
Airbnb Inc,United States,Consumer Discretionary,421360909
Airoha Technology Corp,Taiwan,Technology,11874880
Airport City Ltd,Israel,Real Estate,1605073
Airport Facilities Co Ltd,Japan,Real Estate,204877
Airports Corp of Vietnam JSC,Vietnam,Industrials,3561375
Airports of Thailand PCL,Thailand,Industrials,31700626
Airtac International Group,Taiwan,Industrials,49575285
Airtel Africa PLC,United Kingdom,Telecommunications,33988027
Aisan Industry Co Ltd,Japan,Consumer Discretionary,2607389
Aisin Corp,Japan,Consumer Discretionary,88508267
Aitken Spence PLC,Sri Lanka,Industrials,5334613
Aizawa Securities Group Co Ltd,Japan,Financials,643408
Ajanta Pharma Ltd,India,Health Care,13864098
Ajinomoto Co Inc,Japan,Consumer Staples,261346842
Akamai Technologies Inc,United States,Technology,474499181
Akatsuki Inc,Japan,Consumer Discretionary,1267156
Akbank TAS,Türkiye,Financials,113538579
Akdital Holding,Morocco,Health Care,1837849
Akero Therapeutics Inc,United States,Health Care,5175
Akeso Inc,China,Health Care,292232130
Aksa Akrilik Kimya Sanayii AS,Türkiye,Basic Materials,42643614
Aktor SA Holding Company Technical And Energy Projects,Greece,Industrials,3432683
Akzo Nobel India Ltd,India,Industrials,4171000
Akzo Nobel NV,Netherlands,Basic Materials,465763069
Alamo Group Inc,United States,Industrials,6785715
Alamos Gold Inc,Canada,Basic Materials,100771261
Alar Pharmaceuticals Inc,Taiwan,Health Care,4518919
Alarm.com Holdings Inc,United States,Technology,34841258
Alaska Air Group Inc,United States,Consumer Discretionary,19847041
Albany International Corp,United States,Industrials,39044313
Albemarle Corp,United States,Basic Materials,37256113
Albertsons Cos Inc,United States,Consumer Staples,296790901
Alchip Technologies Ltd,Taiwan,Technology,209533519
Alcoa Corp,United States,Basic Materials,259328093
Alcon AG,Switzerland,Health Care,1062437163
Alconix Corp,Japan,Basic Materials,769559
Alcor Micro Corp/Taiwan,Taiwan,Technology,7096341
Aldar Properties PJSC,United Arab Emirates,Real Estate,139268604
Alef Education Holding PLC,United Arab Emirates,Consumer Discretionary,36220325
Alembic Pharmaceuticals Ltd,India,Health Care,5927037
Alexander & Baldwin Inc,United States,Real Estate,5236014
Alexander Forbes Group Holdings Ltd,South Africa,Financials,15537314
Alexander's Inc,United States,Real Estate,1299390
Alexandria Real Estate Equities Inc,United States,Real Estate,1601936055
Alfa Laval AB,Sweden,Industrials,269878227
Alfa SAB de CV,Mexico,Industrials,159984378
Alfresa Holdings Corp,Japan,Health Care,39306203
Algonquin Power & Utilities Corp,Canada,Utilities,31532065
Ali Alghanim Sons Automotive Co KSCC,Kuwait,Consumer Discretionary,27812973
Alibaba Group Holding Ltd,China,Consumer Discretionary,4408363460
Alibaba Health Information Technology Ltd,China,Consumer Staples,26445920
Alibaba Pictures Group Ltd,China,Consumer Discretionary,8440354
Alight Inc,United States,Industrials,35044845
Align Technology Inc,United States,Health Care,187585604
Alignment Healthcare Inc,United States,Health Care,3385766
Alimentation Couche-Tard Inc,Canada,Consumer Discretionary,535624335
Alior Bank SA,Poland,Financials,9459091
Alkami Technology Inc,United States,Technology,2919728
Alkane Resources Ltd,Australia,Basic Materials,720588
Alkem Laboratories Ltd,India,Health Care,85353825
Alkermes PLC,United States,Health Care,56684263
Alkyl Amines Chemicals,India,Basic Materials,4828332
All Ring Tech Co Ltd,Taiwan,Technology,44253169
AllDay Marts Inc,Philippines,Consumer Staples,1423766
AllHome Corp,Philippines,Consumer Discretionary,1117206
Allcargo Logistics Ltd,India,Industrials,1498644
Allegion plc,United States,Industrials,105713063
Allegro MicroSystems Inc,United States,Technology,26926405
Allegro.eu SA,Poland,Consumer Discretionary,78931120
Alleima AB,Sweden,Basic Materials,28015806
Allfunds Group Plc,Netherlands,Financials,46039512
Alliance Aviation Services Ltd,Australia,Consumer Discretionary,8879029
Alliance Bank Malaysia Bhd,Malaysia,Financials,28380162
Alliance International Education Leasing Holdings Ltd,China,Financials,3739
Allianz Malaysia Bhd,Malaysia,Financials,5005713
Allianz SE,Germany,Financials,2094513719
Allied Supreme Corp,Taiwan,Basic Materials,7845311
Allis Electric Co Ltd,Taiwan,Industrials,18976832
Allison Transmission Holdings Inc,United States,Industrials,108916267
Allos SA,Brazil,Real Estate,63202101
Allreal Holding AG,Switzerland,Real Estate,56327938
Allstate Corp/The,United States,Financials,333858299
Ally Financial Inc,United States,Financials,74063928
Alm Brand A/S,Denmark,Financials,3956183
Almendral SA,Chile,Utilities,6031671
Almirall SA,Spain,Health Care,17305423
Alnylam Pharmaceuticals Inc,United States,Health Care,571809418
Alok Industries Ltd,India,Basic Materials,3060112
Alony Hetz Properties & Investments Ltd,Israel,Real Estate,1827321
Alpargatas SA,Brazil,Consumer Discretionary,37004
Alpek SAB de CV,Mexico,Basic Materials,6638374
Alpen Co Ltd,Japan,Consumer Discretionary,3662768
Alpha Dhabi Holding PJSC,United Arab Emirates,Industrials,971944
Alpha IVF Group Bhd,Malaysia,Health Care,4991267
Alpha Metallurgical Resources Inc,United States,Energy,26332390
Alpha Networks Inc,Taiwan,Telecommunications,1054154
Alpha Services and Holdings SA,Greece,Financials,27104830
AlphaPolis Co Ltd,Japan,Technology,2013146
Alphabet Inc,United States,Technology,29271691564
Alphamab Oncology,China,Health Care,451
Alphawave IP Group PLC,United Kingdom,Technology,4030198
Alps Alpine Co Ltd,Japan,Technology,19340847
Alrosa PJSC,Russia,Basic Materials,734635
Alsea SAB de CV,Mexico,Consumer Discretionary,95580592
Alstom SA,France,Industrials,283121517
AltaGas Ltd,Canada,Utilities,87318689
Altaba Inc,United States,Financials,4844406
Altair Engineering Inc,United States,Technology,37899140
Altarea SCA,France,Real Estate,11034845
Altek Corp,Taiwan,Consumer Discretionary,1627077
Alten SA,France,Technology,53807568
Alteogen Inc,South Korea,Health Care,106768024
Alternergy Holdings Corp,Philippines,Utilities,1825568
Altice USA Inc,United States,Telecommunications,2900859
Altron Ltd,South Africa,Technology,4934396
Altus SA,Poland,Financials,41771
Alumis Inc,United States,Health Care,1606277
Alupar Investimento SA,Brazil,Utilities,17669418
AlzChem Group AG,Germany,Basic Materials,11579466
AmRest Holdings SE,Poland,Consumer Discretionary,9
AmTRAN Technology Co Ltd,Taiwan,Consumer Discretionary,1506452
Amada Co Ltd,Japan,Industrials,75683791
Amadeus Fire AG,Germany,Industrials,6934536
Amadeus IT Group SA,Spain,Technology,813691936
Amano Corp,Japan,Industrials,26632433
Amara Raja Energy & Mobility Ltd,India,Industrials,21196879
Amata Corp PCL,Thailand,Real Estate,31928253
Amazing Microelectronic Corp,Taiwan,Technology,898101
Amazon.com Inc,United States,Consumer Discretionary,26979313029
Ambac Financial Group Inc,United States,Financials,3328215
Ambassador Hotel/The,Taiwan,Consumer Discretionary,2294118
Ambea AB,Sweden,Health Care,1254388
Amber Enterprises India Ltd,India,Consumer Discretionary,16817869
Ambev SA,Brazil,Consumer Staples,27619475
Ambipar Participacoes e Empreendimentos S/A,Brazil,Utilities,1649575
Ambra SA,Poland,Consumer Staples,2901228
Ambu A/S,Denmark,Health Care,60779159
Ambuja Cements Ltd,India,Industrials,51956998
Amcor PLC,Australia,Industrials,224762759
Amdocs Ltd,United States,Technology,710408
Amedisys Inc,United States,Health Care,83060503
Amentum Holdings Inc,United States,Industrials,29745400
Amer Sports Inc,United States,Consumer Discretionary,21136390
Ameresco Inc,United States,Energy,1698942
America Movil SAB de CV,Mexico,Telecommunications,129184302
American Airlines Group Inc,United States,Consumer Discretionary,20650628
American Assets Trust Inc,United States,Real Estate,6010205
American Eagle Outfitters Inc,United States,Consumer Discretionary,35266569
American Express Co,United States,Industrials,1751442078
American Financial Group Inc/OH,United States,Financials,122418843
American Healthcare REIT Inc,United States,Real Estate,19034863
American Homes 4 Rent,United States,Real Estate,822019210
American International Group Inc,United States,Financials,708268579
American States Water Co,United States,Utilities,45254024
American Tower Corp,United States,Real Estate,1168870463
American Water Works Co Inc,United States,Utilities,289551664
American Well Corp,United States,Health Care,203507
American Woodmark Corp,United States,Industrials,5675261
Americana Restaurants International PLC - Foreign Co,United Arab Emirates,Consumer Discretionary,24434793
Americanas SA,Brazil,Consumer Discretionary,6865
Americold Realty Trust Inc,United States,Real Estate,478673681
Ameriprise Financial Inc,United States,Financials,678219450
Ameris Bancorp,United States,Financials,48380375
Amgen Inc,United States,Health Care,1513123105
Amicogen Inc,South Korea,Health Care,8485
Amicus Therapeutics Inc,United States,Health Care,29032779
Amkor Technology Inc,United States,Technology,32479379
Amman Mineral Internasional PT,Indonesia,Basic Materials,4184320
Amorepacific Corp,South Korea,Consumer Discretionary,31765203
Amos Luzon Development and Energy Group Ltd,Israel,Industrials,4920699
Amot Investments Ltd,Israel,Real Estate,1687522
Amotiv Ltd,Australia,Consumer Discretionary,15194090
Amoy Diagnostics Co Ltd,China,Health Care,1863255
Ampak Technology Inc,Taiwan,Technology,5063414
Amphastar Pharmaceuticals Inc,United States,Health Care,37
Amphenol Corp,United States,Technology,1389817288
Amplifon SpA,Italy,Health Care,68823224
Ampol Ltd,Australia,Energy,72321690
Amundi SA,France,Financials,40719978
Amuse Inc,Japan,Consumer Discretionary,340105
Amvis Holdings Inc,Japan,Health Care,2999364
Anadolu Efes Biracilik Ve Malt Sanayii AS,Türkiye,Consumer Staples,25466834
Analog Devices Inc,United States,Technology,1776064894
Anand Rathi Wealth Ltd,India,Financials,9011121
Anant Raj Ltd,India,Real Estate,14874465
Ancom Nylex Bhd,Malaysia,Basic Materials,5048926
Andes Technology Corp,Taiwan,Technology,19040614
Andino Investment Holding SAA,Peru,Industrials,1993157
Aneka Tambang Tbk,Indonesia,Basic Materials,9443290
Anest Iwata Corp,Japan,Industrials,739095
Angang Steel Co Ltd,China,Basic Materials,3374096
Angel One Ltd,India,Financials,42043415
Angelalign Technology Inc,China,Health Care,12890
Anglo American PLC,United Kingdom,Basic Materials,1156656323
Anglo American Platinum Ltd,South Africa,Basic Materials,70571237
Anglogold Ashanti Plc,South Africa,Basic Materials,284698694
Anheuser-Busch InBev SA/NV,Belgium,Consumer Staples,996240955
Anhui Expressway Co Ltd,China,Industrials,10052135
Anhui Gujing Distillery Co Ltd,China,Consumer Staples,18191101
Anhui Zhongding Sealing Parts Co Ltd,China,Consumer Discretionary,26398158
Anicom Holdings Inc,Japan,Financials,11311387
Anima Holding SA,Brazil,Consumer Discretionary,211538
Anima Holding SpA,Italy,Financials,5213290
Anji Microelectronics Technology Shanghai Co Ltd,China,Technology,2847375
Anjoy Foods Group Co Ltd,China,Consumer Staples,29746521
Annaly Capital Management Inc,United States,Financials,125511392
Annehem Fastigheter AB,Sweden,Real Estate,526233
Anpec Electronics Corp,Taiwan,Technology,1689945
Anritsu Corp,Japan,Telecommunications,9498040
Ansell Ltd,Australia,Health Care,34408834
AntarChile SA,Chile,Financials,39991893
Antares Vision SpA,Italy,Industrials,6050138
Antengene Corp Ltd,China,Health Care,82631
Antero Midstream Corp,United States,Energy,62578456
Antin Infrastructure Partners SA,France,Financials,11281087
Antofagasta PLC,United Kingdom,Basic Materials,110770019
AnyMind Group Inc,Japan,Technology,1606000
Anycolor Inc,Japan,Consumer Discretionary,16603093
Aon PLC,United States,Financials,581790354
Aoyama Trading Co Ltd,Japan,Consumer Discretionary,1284156
Aozora Bank Ltd,Japan,Financials,34914661
Apar Industries Ltd,India,Industrials,50069681
Apartment Investment and Management Co,United States,Real Estate,5690813
Apellis Pharmaceuticals Inc,United States,Health Care,34662014
Apex Dynamics Inc,Taiwan,Industrials,6744102
Apex International Co Ltd,Taiwan,Technology,956573
Apogee Enterprises Inc,United States,Industrials,5698018
Apogee Therapeutics Inc,United States,Health Care,10628150
Apollo Commercial Real Estate Finance Inc,United States,Financials,3359967
Apollo Global Management Inc,United States,Financials,1376097570
Apollo Hospitals Enterprise Ltd,India,Health Care,138954817
Apollo Tyres Ltd,India,Consumer Discretionary,28365117
Apotea Sverige AB,Sweden,Consumer Staples,5986470
AppLovin Corp,United States,Technology,810579844
Appfolio Inc,United States,Technology,68037481
Appian Corp,United States,Technology,4045789
Appier Group Inc,Japan,Technology,3993726
Apple Hospitality REIT Inc,United States,Real Estate,21098821
Apple Inc,United States,Technology,46210392003
Applied Industrial Technologies Inc,United States,Industrials,129689768
Applied Materials Inc,United States,Technology,1560706117
Applied Optoelectronics Inc,United States,Telecommunications,16475093
Applied Therapeutics Inc,United States,Health Care,208228
AptarGroup Inc,United States,Industrials,116265311
Aptitude Software Group PLC,United Kingdom,Technology,6909499
Aptiv PLC,United States,Consumer Discretionary,103187226
Aptus Value Housing Finance India Ltd,India,Financials,20313567
Aquis Exchange PLC,United Kingdom,Financials,6888275
Arakawa Chemical Industries Ltd,Japan,Basic Materials,1159214
Aramark,United States,Consumer Discretionary,88948831
Aramex PJSC,United Arab Emirates,Industrials,252952
Aramis Group SAS,France,Consumer Discretionary,821630
Arata Corp,Japan,Consumer Staples,5004308
Arbonia AG,Switzerland,Industrials,4338235
Arbor Realty Trust Inc,United States,Financials,8419180
ArcBest Corp,United States,Industrials,5825781
Arca Continental SAB de CV,Mexico,Consumer Staples,54929081
Arcadis NV,Netherlands,Industrials,108359966
Arcadium Lithium PLC,United States,Basic Materials,59039111
Arcadyan Technology Corp,Taiwan,Telecommunications,14421909
Arcelik AS,Türkiye,Consumer Discretionary,9838662
Arcellx Inc,United States,Health Care,13176492
ArcelorMittal SA,Netherlands,Basic Materials,204363679
Arch Capital Group Ltd,United States,Financials,512594585
Archean Chemical Industries Ltd,India,Basic Materials,4101844
Archer-Daniels-Midland Co,United States,Consumer Staples,328557729
Archicom SA,Poland,Real Estate,16377855
Archrock Inc,United States,Energy,13382631
Arcosa Inc,United States,Industrials,73178296
Arcs Co Ltd,Japan,Consumer Staples,5253797
Arctech Solar Holding Co Ltd,China,Energy,5688211
Arctic Paper SA,Poland,Basic Materials,4919140
Arcus Biosciences Inc,United States,Health Care,506915
Arcutis Biotherapeutics Inc,United States,Health Care,7421806
Ardagh Metal Packaging SA,United States,Industrials,880293
Ardent Health Partners Inc,United States,Health Care,1548217
Ardentec Corp,Taiwan,Technology,12970297
Arena REIT,Australia,Real Estate,11583934
Arent Inc,Japan,Technology,1517943
Ares Management Corp,United States,Financials,407713306
Argenx SE,Belgium,Health Care,1020484138
Argo Graphics Inc,Japan,Technology,3986205
Argo Properties NV,Germany,Real Estate,5945192
Argosy Property Ltd,New Zealand,Real Estate,5588638
Ariake Japan Co Ltd,Japan,Consumer Staples,22881403
Arisawa Manufacturing Co Ltd,Japan,Industrials,3223067
Arista Networks Inc,United States,Telecommunications,1374337757
Aristocrat Leisure Ltd,Australia,Consumer Discretionary,447351737
Ariston Holding NV,Italy,Industrials,46398383
Aritzia Inc,Canada,Consumer Discretionary,3121
Arizon RFID Technology Cayman Co Ltd,China,Technology,4696488
Arkema SA,France,Basic Materials,213936929
Armstrong World Industries Inc,United States,Industrials,71822210
Arnoldo Mondadori Editore SpA,Italy,Consumer Discretionary,17221780
Aroa Biosurgery Ltd,New Zealand,Health Care,1990822
Aroundtown SA,Germany,Real Estate,59864138
Array Technologies Inc,United States,Energy,6570312
Arrow Electronics Inc,United States,Technology,11741290
Arrowhead Pharmaceuticals Inc,United States,Health Care,38622043
Arthur J Gallagher & Co,United States,Financials,1407159409
Artience Co Ltd,Japan,Basic Materials,5516633
Artisan Partners Asset Management Inc,United States,Financials,5627238
Artiva Biotherapeutics Inc,United States,Health Care,302400
Artnature Inc,Japan,Consumer Staples,502024
Arvinas Inc,United States,Health Care,23844950
Arvind Ltd,India,Basic Materials,7524314
Arwana Citramulia Tbk PT,Indonesia,Industrials,5537786
Aryzta AG,Switzerland,Consumer Staples,9704588
As One Corp,Japan,Health Care,10395442
Asahi Co Ltd,Japan,Consumer Discretionary,234403
Asahi Group Holdings Ltd,Japan,Consumer Staples,415409921
Asahi India Glass Ltd,India,Consumer Discretionary,10708583
Asahi Intecc Co Ltd,Japan,Health Care,64054084
Asahi Kasei Corp,Japan,Basic Materials,114007099
Asana Inc,United States,Technology,4617263
Asanuma Corp,Japan,Industrials,602288
Asbury Automotive Group Inc,United States,Consumer Discretionary,82079251
Ascendis Pharma A/S,Denmark,Health Care,11189267
Ascentage Pharma Group International,China,Health Care,3918976
Ascom Holding AG,Switzerland,Telecommunications,1009362
Aselsan Elektronik Sanayi Ve Ticaret AS,Türkiye,Industrials,77399216
Ashmore Group PLC,United Kingdom,Financials,426631
Ashok Leyland Ltd,India,Industrials,131317546
Ashtead Group PLC,United Kingdom,Industrials,738628144
Asia Aviation PCL,Thailand,Consumer Discretionary,6194961
Asia Cement Co Ltd,South Korea,Industrials,10986950
Asia Cement Corp,Taiwan,Industrials,11020014
Asia Commercial Bank JSC,Vietnam,Financials,19494240
Asia Optical Co Inc,Taiwan,Consumer Discretionary,21115542
Asia Pile Holdings Corp,Japan,Industrials,1124805
Asia Poly Holdings Bhd,Malaysia,Basic Materials,446411
Asia Polymer Corp,Taiwan,Basic Materials,732239
Asia Sermkij Leasing PCL,Thailand,Financials,2135962
Asia Vital Components Co Ltd,Taiwan,Technology,119303251
AsiaInfo Technologies Ltd,China,Technology,1665275
Asian Alliance International PCL,Thailand,Consumer Staples,1143676
Asian Paints Ltd,India,Industrials,133534053
Asiana Airlines Inc,South Korea,Consumer Discretionary,101955
Asics Corp,Japan,Consumer Discretionary,366771021
Aspen Group Ltd/Australia,Australia,Real Estate,4728556
Aspen Pharmacare Holdings Ltd,South Africa,Health Care,22066374
Aspen Technology Inc,United States,Technology,70812792
Aspirasi Hidup Indonesia Tbk PT,Indonesia,Consumer Discretionary,11731671
Assa Abloy AB,Sweden,Industrials,496469073
Asseco Poland SA,Poland,Technology,25688
Asset Five Group PCL,Thailand,Real Estate,2184241
Asset World Corp PCL,Thailand,Real Estate,12170391
Assetwise PCL,Thailand,Real Estate,2474314
Associated Banc-Corp,United States,Financials,36144496
Associated British Foods PLC,United Kingdom,Consumer Staples,138033558
Assura PLC,United Kingdom,Real Estate,25633447
Assurant Inc,United States,Financials,143475098
Assured Guaranty Ltd,United States,Financials,50446645
Astec Industries Inc,United States,Industrials,3612000
Astec Lifesciences Ltd,India,Basic Materials,505672
Astellas Pharma Inc,Japan,Health Care,303976231
Aster DM Healthcare Ltd,India,Health Care,18591118
Astera Labs Inc,United States,Technology,179228559
Aston Martin Lagonda Global Holdings PLC,United Kingdom,Consumer Discretionary,13964732
Astor Transformator Enerji Turizm Insaat Ve Petrol Sanayi Ticaret AS,Türkiye,Industrials,22547758
Astra Microwave Products Ltd,India,Telecommunications,4579123
Astra Otoparts Tbk PT,Indonesia,Consumer Discretionary,2057783
AstraZeneca PLC,United Kingdom,Health Care,4226875267
AstraZeneca Pharma India Ltd,India,Health Care,6432960
Astral Foods Ltd,South Africa,Consumer Staples,9917818
Astral Ltd,India,Industrials,25353216
Astramina Group Bhd,Malaysia,Consumer Staples,894554
Astro Malaysia Holdings Bhd,Malaysia,Consumer Discretionary,6603970
Astroscale Holdings Inc,Japan,Industrials,201323
Asustek Computer Inc,Taiwan,Technology,200711608
Asymchem Laboratories Tianjin Co Ltd,China,Health Care,20629113
Atal SA/Poland,Poland,Consumer Discretionary,4038980
Atco Ltd/Canada,Canada,Utilities,27692639
Athens International Airport SA,Greece,Industrials,15851086
Athens Water Supply & Sewage Co SA,Greece,Utilities,10476005
Atinum Investment Co Ltd,South Korea,Financials,199545
AtkinsRealis Group Inc,Canada,Industrials,105084445
Atkore Inc,United States,Industrials,42338775
Atlanta Braves Holdings Inc,United States,Consumer Discretionary,103037
Atlantic Grupa dd,Croatia,Consumer Staples,1522185
Atlantic Union Bankshares Corp,United States,Financials,6956776
Atlas Arteria Ltd,Australia,Industrials,39229037
Atlas Copco AB,Sweden,Industrials,1662918394
Atlassian Corp,United States,Technology,298194287
Atmos Energy Corp,United States,Utilities,202018656
Atmus Filtration Technologies Inc,United States,Industrials,8839047
Atom Corp,Japan,Consumer Discretionary,46746
Atoss Software SE,Germany,Technology,44935612
Atour Lifestyle Holdings Ltd,China,Consumer Discretionary,120635935
Atrae Inc,Japan,Technology,3515188
Atresmedia Corp de Medios de Comunicacion SA,Spain,Consumer Discretionary,2619945
AtriCure Inc,United States,Health Care,3421100
Atrium Ljungberg AB,Sweden,Real Estate,18003773
Attijariwafa Bank,Morocco,Financials,6881440
Atul Ltd,India,Basic Materials,42360589
Auckland International Airport Ltd,New Zealand,Industrials,138175428
Auction Technology Group PLC,United Kingdom,Technology,10421798
Audinate Group Ltd,Australia,Technology,5597859
AudioCodes Ltd,Israel,Telecommunications,119952
Aurelius Technologies Bhd,Malaysia,Technology,2879761
Auren Energia SA,Brazil,Utilities,2022937
AurionPro Solutions Ltd,India,Technology,6408399
Aurizon Holdings Ltd,Australia,Industrials,51767367
Aurobindo Pharma Ltd,India,Health Care,50115987
Aurora Design PCL,Thailand,Consumer Discretionary,1338130
Aurora Innovation Inc,United States,Industrials,45772310
Aurubis AG,Germany,Basic Materials,10290342
Aussie Broadband Ltd,Australia,Telecommunications,20650826
Austal Ltd,Australia,Industrials,9365528
Australian Agricultural Co Ltd,Australia,Consumer Staples,3043447
Australian Clinical Labs Ltd,Australia,Health Care,4298814
Australian Ethical Investment Ltd,Australia,Financials,1092517
Australian Finance Group Ltd,Australia,Financials,964023
Auto Partner SA,Poland,Consumer Discretionary,18475189
Auto Trader Group PLC,United Kingdom,Technology,192733276
Auto1 Group SE,Germany,Consumer Discretionary,82174849
AutoNation Inc,United States,Consumer Discretionary,38135874
AutoWallis Nyrt,Hungary,Financials,230914
AutoZone Inc,United States,Consumer Discretionary,823198978
Autobacs Seven Co Ltd,Japan,Consumer Discretionary,4000291
Autobio Diagnostics Co Ltd,China,Health Care,8868880
Autocount Dotcom Bhd,Malaysia,Technology,885949
Autodesk Inc,United States,Technology,641308574
Autohellas Tourist and Trading SA,Greece,Consumer Discretionary,17749761
Autohome Inc,China,Technology,12195488
Autoliv Inc,United States,Consumer Discretionary,50970534
Automatic Data Processing Inc,United States,Industrials,431089713
Autoneum Holding AG,Switzerland,Consumer Discretionary,7856846
Autopedia Sukses Lestari Tbk PT,Indonesia,Consumer Discretionary,1016723
AvalonBay Communities Inc,United States,Real Estate,1492604675
Avanos Medical Inc,United States,Health Care,1663672
Avant Group Corp,Japan,Technology,145097
Avanti Feeds Ltd,India,Consumer Staples,4328441
Avantor Inc,United States,Health Care,139686452
Avanza Bank Holding AB,Sweden,Financials,2442880
AvePoint Inc,United States,Technology,9158097
Avenue Supermarts Ltd,India,Consumer Staples,72009496
Avery Dennison Corp,United States,Basic Materials,185566155
Avex Inc,Japan,Consumer Discretionary,7062130
Avia Avian Tbk PT,Indonesia,Industrials,6189123
Avidity Biosciences Inc,United States,Health Care,21076806
Avient Corp,United States,Basic Materials,50548437
Avis Budget Group Inc,United States,Consumer Discretionary,11234132
Avista Corp,United States,Utilities,27138654
Aviva PLC,United Kingdom,Financials,295864278
Avnet Inc,United States,Technology,52923616
Avolta AG,Switzerland,Consumer Discretionary,86128306
Avon Technologies PLC,United Kingdom,Industrials,15892030
Awa Bank Ltd/The,Japan,Financials,4652115
Axalta Coating Systems Ltd,United States,Industrials,87849584
Axcelis Technologies Inc,United States,Technology,36049916
Axfood AB,Sweden,Consumer Staples,33352134
Axial Retailing Inc,Japan,Consumer Staples,2955637
Axiata Group Bhd,Malaysia,Telecommunications,62824703
Axis Bank Ltd,India,Financials,619129630
Axis Capital Holdings Ltd,United States,Financials,88146946
Axogen Inc,United States,Health Care,1268960
Axon Enterprise Inc,United States,Industrials,482498098
Axsome Therapeutics Inc,United States,Health Care,49068639
Ayala Corp,Philippines,Real Estate,45014297
Ayala Land Inc,Philippines,Real Estate,109400346
AyalaLand Logistics Holdings Corp,Philippines,Real Estate,1449615
Ayvens SA,France,Consumer Discretionary,20873322
Azbil Corp,Japan,Industrials,80144376
Azelis Group NV,Belgium,Industrials,62810389
Azenta Inc,United States,Health Care,25402750
Azimut Holding SpA,Italy,Financials,75032102
Azorim-Investment Development & Construction Co Ltd,Israel,Consumer Discretionary,702454
Azrieli Group Ltd,Israel,Real Estate,38722795
Azul SA,Brazil,Consumer Discretionary,143
B Grimm Power PCL,Thailand,Utilities,15283837
B&M European Value Retail SA,United Kingdom,Consumer Discretionary,73994432
B&S Group Sarl,Netherlands,Consumer Discretionary,862424
B2Gold Corp,Canada,Basic Materials,40223198
B3 SA - Brasil Bolsa Balcao,Brazil,Financials,97355028
BAIC Motor Corp Ltd,China,Consumer Discretionary,3773196
BASF India Ltd,India,Basic Materials,7554780
BASF SE,Germany,Basic Materials,902791168
BAWAG Group AG,Austria,Financials,148500450
BB Seguridade Participacoes SA,Brazil,Financials,54064786
BBB Foods Inc,Mexico,Consumer Staples,44561871
BBGI PCL,Thailand,Energy,4597
BBMG Corp,China,Industrials,103
BCE Inc,Canada,Telecommunications,76265824
BCPG PCL,Thailand,Utilities,395377
BDO Unibank Inc,Philippines,Financials,8596814
BE Semiconductor Industries NV,Netherlands,Technology,258607069
BEC World PCL,Thailand,Consumer Discretionary,0
BEML Ltd,India,Industrials,9183728
BES Engineering Corp,Taiwan,Industrials,1899666
BFF Bank SpA,Italy,Financials,22951466
BFI Finance Indonesia Tbk PT,Indonesia,Financials,16061275
BGC Group Inc,United States,Financials,25641712
BGF retail Co Ltd,South Korea,Consumer Staples,6148882
BHP Group Ltd,Australia,Basic Materials,1895005761
BICO Group AB,Sweden,Health Care,1454320
BIDV Securities JSC,Vietnam,Financials,4262169
BILL Holdings Inc,United States,Industrials,104650141
BIM Birlesik Magazalar AS,Türkiye,Consumer Staples,111380696
BIPROGY Inc,Japan,Technology,45594342
BJ's Wholesale Club Holdings Inc,United States,Consumer Discretionary,135344431
BKW AG,Switzerland,Utilities,76354470
BLS International Services Ltd,India,Industrials,9724963
BML Inc,Japan,Health Care,2828783
BNK Financial Group Inc,South Korea,Financials,24289429
BNP Paribas SA,France,Financials,2225660558
BNPP Bank Polska SA,Poland,Financials,21
BOC Aviation Ltd,Hong Kong,Industrials,30264539
BOC Hong Kong Holdings Ltd,Hong Kong,Financials,378040133
BOC Kenya PLC,Kenya,Basic Materials,83059
BOE Technology Group Co Ltd,China,Technology,54388015
BOK Financial Corp,United States,Financials,23516402
BP PLC,United Kingdom,Energy,3501063809
BP Plastics Holding Bhd,Malaysia,Industrials,1012788
BPER Banca SPA,Italy,Financials,143838891
BRAC Bank PLC,Bangladesh,Financials,36277228
BRF SA,Brazil,Consumer Staples,2551037
BRONCO BILLY Co Ltd,Japan,Consumer Discretionary,559716
BRP Inc,Canada,Consumer Discretionary,15271172
BSE Ltd,India,Financials,44713050
BT Group PLC,United Kingdom,Telecommunications,287590827
BTG Hotels Group Co Ltd,China,Consumer Discretionary,3696724
BTS Group Holdings PCL,Thailand,Industrials,12008866
BWP Trust,Australia,Real Estate,13272559
BXP Inc,United States,Real Estate,941693553
BYD Co Ltd,China,Consumer Discretionary,647664445
BYD Electronic International Co Ltd,China,Telecommunications,44954489
Babcock International Group PLC,United Kingdom,Industrials,43278450
Baby Bunting Group Ltd,Australia,Consumer Discretionary,527782
Bachem Holding AG,Switzerland,Health Care,29786443
Backblaze Inc,United States,Technology,779590
Badger Meter Inc,United States,Industrials,94546763
Baidu Inc,China,Technology,262070742
Baiksan Co Ltd,South Korea,Basic Materials,3935187
Bajaj Auto Ltd,India,Consumer Discretionary,186885440
Bajaj Consumer Care Ltd,India,Consumer Staples,1087182
Bajaj Electricals Ltd,India,Consumer Discretionary,33114328
Bajaj Finance Ltd,India,Financials,313425686
Bajaj Finserv Ltd,India,Financials,150355370
Bajaj Holdings & Investment Ltd,India,Financials,45682634
Bajaj Housing Finance Ltd,India,Financials,7075713
Baker Hughes Co,United States,Energy,820640131
Bakkavor Group PLC,United Kingdom,Consumer Staples,1765486
Balaji Amines Ltd,India,Basic Materials,3565230
Balchem Corp,United States,Basic Materials,70165273
Balfour Beatty PLC,United Kingdom,Industrials,66381768
Balkrishna Industries Ltd,India,Consumer Discretionary,115229233
Ball Corp,United States,Industrials,186784409
Baloise Holding AG,Switzerland,Financials,174367183
Balrampur Chini Mills Ltd,India,Consumer Staples,8371667
BancFirst Corp,United States,Financials,26648841
Banca Generali SpA,Italy,Financials,65666969
Banca IFIS SpA,Italy,Financials,1860175
Banca Mediolanum SpA,Italy,Financials,103584097
Banca Monte dei Paschi di Siena SpA,Italy,Financials,207901969
Banca Popolare di Sondrio SPA,Italy,Financials,47211639
Banco BPM SpA,Italy,Financials,311906574
Banco BTG Pactual SA,Brazil,Financials,168157084
Banco Bilbao Vizcaya Argentaria SA,Spain,Financials,1406968905
Banco Bradesco SA,Brazil,Financials,139839587
Banco Comercial Portugues SA,Portugal,Financials,81825826
Banco Davivienda SA,Colombia,Financials,5938447
Banco Itau Chile SA,Chile,Financials,24867669
Banco Popular SA,Colombia,Financials,1043608
Banco Santander Brasil SA,Brazil,Financials,12037666
Banco Santander Chile,Chile,Financials,39672530
Banco Santander SA,Spain,Financials,1252296868
Banco de Chile,Chile,Financials,33874351
Banco de Credito e Inversiones SA,Chile,Financials,37687152
Banco de Sabadell SA,Spain,Financials,209747944
Banco del Bajio SA,Mexico,Financials,23525381
Banco do Brasil SA,Brazil,Financials,181131694
Bancolombia SA,Colombia,Financials,93336028
Bandai Namco Holdings Inc,Japan,Consumer Discretionary,183111950
Bandhan Bank Ltd,India,Financials,38491026
Bando Chemical Industries Ltd,Japan,Industrials,677289
Bangchak Corp PCL,Thailand,Energy,6471063
Bangkok Airways PCL,Thailand,Consumer Discretionary,11396236
Bangkok Aviation Fuel Services PCL,Thailand,Industrials,1630330
Bangkok Bank PCL,Thailand,Financials,101741320
Bangkok Chain Hospital PCL,Thailand,Health Care,26150239
Bangkok Commercial Asset Management PCL,Thailand,Financials,939341
Bangkok Dusit Medical Services PCL,Thailand,Health Care,72020411
Bangkok Expressway & Metro PCL,Thailand,Industrials,12720592
Bangkok Land PCL,Thailand,Real Estate,315747
Bangkok Life Assurance PCL,Thailand,Financials,1116637
Bangkok Ranch PCL,Thailand,Consumer Staples,36605
Bangladesh Submarine Cables PLC,Bangladesh,Telecommunications,4008236
Bank BTPN Syariah Tbk PT,Indonesia,Financials,12890812
Bank CIMB Niaga Tbk PT,Indonesia,Financials,26266115
Bank Central Asia Tbk PT,Indonesia,Financials,695685641
Bank Hapoalim BM,Israel,Financials,222375403
Bank Islam Malaysia Bhd,Malaysia,Financials,633644
Bank Jago Tbk PT,Indonesia,Financials,4470025
Bank Leumi Le-Israel BM,Israel,Financials,92771867
Bank Mandiri Persero Tbk PT,Indonesia,Financials,207523265
Bank Millennium SA,Poland,Financials,495156
Bank Negara Indonesia Persero Tbk PT,Indonesia,Financials,94899134
Bank Neo Commerce Tbk PT,Indonesia,Financials,0
Bank OZK,United States,Financials,53113603
Bank Pan Indonesia Tbk PT,Indonesia,Financials,2707928
Bank Pembangunan Daerah Jawa Timur Tbk PT,Indonesia,Financials,2910701
Bank Polska Kasa Opieki SA,Poland,Financials,36085759
Bank Rakyat Indonesia Persero Tbk PT,Indonesia,Financials,298604020
Bank St Petersburg PJSC,Russia,Financials,1818190
Bank Syariah Indonesia Tbk PT,Indonesia,Financials,30881549
Bank Tabungan Negara Persero Tbk PT,Indonesia,Financials,938671
Bank for Foreign Trade of Vietnam JSC,Vietnam,Financials,24912700
Bank for Investment and Development of Vietnam JSC,Vietnam,Financials,10890296
Bank of America Corp,United States,Financials,5165307914
Bank of Baroda,India,Financials,74598779
Bank of China Ltd,China,Financials,423852093
Bank of Chongqing Co Ltd,China,Financials,349086
Bank of Communications Co Ltd,China,Financials,64990665
Bank of Cyprus Holdings PLC,United Kingdom,Financials,7108787
Bank of East Asia Ltd/The,Hong Kong,Financials,19425820
Bank of Georgia Group PLC,United Kingdom,Financials,53961020
Bank of Hawaii Corp,United States,Financials,27495078
Bank of India,India,Financials,12255644
Bank of Ireland Group PLC,Ireland,Financials,506515399
Bank of Jiangsu Co Ltd,China,Financials,17584776
Bank of Kaohsiung Co Ltd,Taiwan,Financials,1074217
Bank of Maharashtra,India,Financials,11336552
Bank of Montreal,Canada,Financials,1001067905
Bank of NT Butterfield & Son Ltd/The,United States,Financials,5700265
Bank of Nagoya Ltd/The,Japan,Financials,5707464
Bank of New York Mellon Corp/The,United States,Financials,1138764503
Bank of Ningbo Co Ltd,China,Financials,19708948
Bank of Nova Scotia/The,Canada,Financials,677425762
Bank of Queensland Ltd,Australia,Financials,12378314
Bank of Saga Ltd/The,Japan,Financials,456605
Bank of the Philippine Islands,Philippines,Financials,163854528
Bank of the Ryukyus Ltd,Japan,Financials,632166
Bankinter SA,Spain,Financials,85501665
Banner Corp,United States,Financials,6074735
Banque Cantonale Vaudoise,Switzerland,Financials,48928006
Baoshan Iron & Steel Co Ltd,China,Basic Materials,6040977
Bapcor Ltd,Australia,Consumer Discretionary,36828556
Barclays PLC,United Kingdom,Financials,722356721
Barco NV,Belgium,Technology,14820230
Barito Pacific Tbk PT,Indonesia,Basic Materials,857410
Barito Renewables Energy Tbk PT,Indonesia,Utilities,437962
Barnes Group Inc,United States,Industrials,8165205
Barratt Redrow PLC,United Kingdom,Consumer Discretionary,152700750
Barrett Business Services Inc,United States,Industrials,3848784
Barry Callebaut AG,Switzerland,Consumer Staples,111620930
Base Co Ltd,Japan,Technology,1271838
Bashneft PJSC,Russia,Energy,1195865
Basic-Fit NV,Netherlands,Consumer Discretionary,12596995
Basilea Pharmaceutica Ag Allschwil,Switzerland,Health Care,3692093
Basler AG,Germany,Industrials,8622356
Basso Industry Corp,Taiwan,Industrials,690381
Bata India Ltd,India,Consumer Discretionary,28075075
Bath & Body Works Inc,United States,Consumer Discretionary,73571503
Baticim Bati Anadolu Cimento Sanayii AS,Türkiye,Industrials,12004921
Bavarian Nordic A/S,Denmark,Health Care,42344319
Baxter International Inc,United States,Health Care,129638741
BayCurrent Inc,Japan,Industrials,61111958
Bayer AG,Germany,Health Care,169270672
Bayerische Motoren Werke AG,Germany,Consumer Discretionary,176752307
Beacon Roofing Supply Inc,United States,Industrials,94573418
Beam Therapeutics Inc,United States,Health Care,461057
Beauty Community PCL,Thailand,Consumer Discretionary,6356
Beazer Homes USA Inc,United States,Consumer Discretionary,4149206
Beazley PLC,United Kingdom,Financials,143649801
Bechtle AG,Germany,Technology,27362976
Becle SAB de CV,Mexico,Consumer Staples,31025682
Becton Dickinson & Co,United States,Health Care,721940723
Beenos Inc,Japan,Consumer Discretionary,3186880
Befesa SA,Germany,Utilities,6715850
Bega Cheese Ltd,Australia,Consumer Staples,16110229
BeiGene Ltd,China,Health Care,149763067
Beiersdorf AG,Germany,Consumer Staples,237144370
Beijer Alma AB,Sweden,Basic Materials,4091949
Beijer Ref AB,Sweden,Industrials,585561219
Beijing Bei Mo Gao Ke Friction Material Co Ltd,China,Industrials,3078543
Beijing Capital International Airport Co Ltd,China,Industrials,893966
Beijing Chunlizhengda Medical Instruments Co Ltd,China,Health Care,28859
Beijing Dabeinong Technology Group Co Ltd,China,Consumer Staples,2536130
Beijing Enterprises Holdings Ltd,China,Utilities,15529271
Beijing Enterprises Water Group Ltd,China,Utilities,13730124
Beijing Gas Blue Sky Holdings Ltd,China,Utilities,22
Beijing Huafeng Test & Control Technology Co Ltd,China,Technology,14979676
Beijing Jingneng Clean Energy Co Ltd,China,Utilities,12406442
Beijing Kingsoft Office Software Inc,China,Technology,41953219
Beijing New Building Materials PLC,China,Industrials,263580400
Beijing Originwater Technology Co Ltd,China,Utilities,213735
Beijing Roborock Technology Co Ltd,China,Consumer Discretionary,35548547
Beijing Yuanliu Hongyuan Electronic Technology Co Ltd,China,Technology,3306422
Bekaert SA,Belgium,Basic Materials,73933099
Belc Co Ltd,Japan,Consumer Staples,6113387
Belden Inc,United States,Industrials,54167324
Belimo Holding AG,Switzerland,Industrials,127212412
Bell Food Group AG,Switzerland,Consumer Staples,13592199
Bell System24 Holdings Inc,Japan,Industrials,4301017
BellRing Brands Inc,United States,Consumer Staples,114184551
Bellevue Gold Ltd,Australia,Basic Materials,13790565
Belluna Co Ltd,Japan,Consumer Discretionary,2032621
Bellway PLC,United Kingdom,Consumer Discretionary,60809252
Benchmark Electronics Inc,United States,Technology,5301948
Bendigo & Adelaide Bank Ltd,Australia,Financials,44278250
Benefit Systems SA,Poland,Industrials,53608593
Beneteau SACA,France,Consumer Discretionary,2115703
Bentley Systems Inc,United States,Technology,6360587
Berger Paints India Ltd,India,Industrials,17023254
Berjaya Corp Bhd,Malaysia,Consumer Discretionary,7044616
Berkeley Group Holdings PLC,United Kingdom,Consumer Discretionary,108680380
Berkshire Hathaway Inc,United States,Financials,9483089298
Berkshire Hills Bancorp Inc,United States,Financials,3769079
Berli Jucker PCL,Thailand,Consumer Discretionary,23311878
Bermaz Auto Bhd,Malaysia,Consumer Discretionary,19215
Berry Global Group Inc,United States,Industrials,91525770
Bertrandt AG,Germany,Industrials,5678654
Besalco SA,Chile,Industrials,3927671
Beshom Holdings Bhd,Malaysia,Consumer Discretionary,338245
Best Buy Co Inc,United States,Consumer Discretionary,174418616
Bet Shemesh Engines Holdings 1997 Ltd,Israel,Industrials,15183076
Betagro PCL,Thailand,Consumer Staples,1204645
Bethel Automotive Safety Systems Co Ltd,China,Consumer Discretionary,92480322
Betmakers Technology Group Ltd,Australia,Consumer Discretionary,1767666
Beximco Pharmaceuticals Ltd,Bangladesh,Health Care,1437621
Beyond Meat Inc,United States,Consumer Staples,4
Beyout Investment Group Holding Co KSC,Kuwait,Industrials,1643724
Bharat Dynamics Ltd,India,Industrials,13169321
Bharat Forge Ltd,India,Basic Materials,46365133
Bharat Petroleum Corp Ltd,India,Energy,78799090
Bharti Airtel Ltd,India,Telecommunications,1174462021
Bharti Hexacom Ltd,India,Telecommunications,20162520
Bic Camera Inc,Japan,Consumer Discretionary,15818026
Bicara Therapeutics Inc,United States,Health Care,6899400
Bid Corp Ltd,South Africa,Consumer Staples,142244400
Bidvest Group Ltd,South Africa,Industrials,41858472
Biesse SpA,Italy,Industrials,7870012
Big Shopping Centers Ltd,Israel,Real Estate,16224792
Big Technologies plc,United Kingdom,Technology,6226144
Big Yellow Group PLC,United Kingdom,Real Estate,38230201
Bikaji Foods International Ltd,India,Consumer Staples,7020715
Bilfinger SE,Germany,Industrials,19017049
Bilia AB,Sweden,Consumer Discretionary,5788051
Bilibili Inc,China,Technology,64063652
Billerud Aktiebolag,Sweden,Basic Materials,53161379
Binastra Corp Bhd,Malaysia,Industrials,6526093
Binex Co Ltd,South Korea,Health Care,54354
Bio-Rad Laboratories Inc,United States,Health Care,41643899
Bio-Techne Corp,United States,Health Care,134998050
BioAge Labs Inc,United States,Health Care,161130
BioAtla Inc,United States,Health Care,230036
BioCryst Pharmaceuticals Inc,United States,Health Care,3946526
BioGaia AB,Sweden,Health Care,1618548
BioMarin Pharmaceutical Inc,United States,Health Care,232181957
BioMerieux,France,Health Care,98304080
Bioceltix SA,Poland,Health Care,3068736
Biocon Ltd,India,Health Care,27010519
Biogen Inc,United States,Health Care,351009510
Biohaven Ltd,United States,Health Care,42695084
Bioneer Corp,South Korea,Health Care,83139
Biotage AB,Sweden,Health Care,46958941
Birkenstock Holding Plc,United States,Consumer Discretionary,128798322
Birlasoft Ltd,India,Technology,11755760
Bizlink Holding Inc,Taiwan,Technology,154919790
Black Pearl Group Ltd,New Zealand,Technology,144256
BlackBerry Ltd,Canada,Technology,23
BlackLine Inc,United States,Technology,6998458
Blackbaud Inc,United States,Technology,34167672
Blackrock Inc,United States,Financials,2325066343
Blackstone Inc,United States,Financials,949211067
Blackstone Mortgage Trust Inc,United States,Financials,35661652
Blau Farmaceutica SA,Brazil,Health Care,425714
Blend Labs Inc,United States,Technology,3058144
Block Inc,United States,Industrials,616468419
Bloom Energy Corp,United States,Industrials,146175759
Bloomage Biotechnology Corp Ltd,China,Health Care,364994
Bloomberry Resorts Corp,Philippines,Consumer Discretionary,5897498
Bloomin' Brands Inc,United States,Consumer Discretionary,849291
Blue Bird Corp,United States,Industrials,3349221
Blue Dart Express Ltd,India,Industrials,6010414
Blue Jet Healthcare Ltd,India,Health Care,5936313
Blue Moon Group Holdings Ltd,China,Consumer Staples,407257
Blue Owl Capital Inc,United States,Financials,137118026
Blue Star Ltd,India,Industrials,109983846
BlueLinx Holdings Inc,United States,Industrials,1532400
BlueScope Steel Ltd,Australia,Basic Materials,23843881
Bluebik Group PCL,Thailand,Technology,4575450
Blueprint Medicines Corp,United States,Health Care,67537150
Boardwalk Real Estate Investment Trust,Canada,Real Estate,3874299
Bodycote PLC,United Kingdom,Industrials,30038540
Boer Power Holdings Ltd,China,Technology,14154
Boiron SA,France,Health Care,799240
Boise Cascade Co,United States,Industrials,55679967
Boliden AB,Sweden,Basic Materials,22595846
Bollore SE,France,Industrials,90096671
Bolsa Mexicana de Valores SAB de CV,Mexico,Financials,802203
Bombardier Inc,Canada,Industrials,70625293
Bombay Burmah Trading Co,India,Consumer Discretionary,6712191
Bonduelle SCA,France,Consumer Staples,2486045
BoneSupport Holding AB,Sweden,Health Care,51766700
Booking Holdings Inc,United States,Consumer Discretionary,1929495844
Boot Barn Holdings Inc,United States,Consumer Discretionary,10359134
Booz Allen Hamilton Holding Corp,United States,Industrials,196577924
Boozt AB,Sweden,Consumer Discretionary,24171820
Bora Pharmaceuticals Co Ltd,Taiwan,Health Care,23891257
Boralex Inc,Canada,Utilities,39047
BorgWarner Inc,United States,Consumer Discretionary,62180223
Borosil Renewables Ltd,India,Industrials,3735022
Borouge PLC,United Arab Emirates,Basic Materials,10894516
Boryszew SA,Poland,Industrials,355000
Bosch Ltd,India,Consumer Discretionary,38683968
Boss Energy Ltd,Australia,Basic Materials,9785235
Bossard Holding AG,Switzerland,Industrials,17258391
Boston Beer Co Inc/The,United States,Consumer Staples,30741350
Boston Scientific Corp,United States,Health Care,1735513146
Boubyan Bank KSCP,Kuwait,Financials,9879
Bound And Beyond PCL,Thailand,Consumer Discretionary,1358080
Boursa Kuwait Securities Co KPSC,Kuwait,Financials,29356646
Boutiques Inc,Japan,Consumer Discretionary,617218
Bouygues SA,France,Industrials,38516321
Bowhead Specialty Holdings Inc,United States,Financials,4828447
Box Inc,United States,Technology,33544222
Boxer Retail Ltd,South Africa,Consumer Staples,14010686
Boyd Gaming Corp,United States,Consumer Discretionary,55552655
Boyd Group Services Inc,Canada,Consumer Discretionary,41055105
Brack Capital Properties NV,Germany,Real Estate,15648
BrainBees Solutions Ltd,India,Consumer Discretionary,3181584
BrainPad Inc,Japan,Technology,354980
Brainscan SA,Poland,Health Care,270978
Brait PLC,South Africa,Financials,11305641
Brambles Ltd,Australia,Industrials,296351780
Braskem SA,Brazil,Basic Materials,44722236
Bravida Holding AB,Sweden,Industrials,32942140
Bravura Solutions Ltd,Australia,Technology,1500106
Braze Inc,United States,Technology,62639162
Bread Financial Holdings Inc,United States,Financials,23739640
Breedon Group PLC,United Kingdom,Industrials,5134839
Brembo NV,Italy,Consumer Discretionary,26042017
Brenntag SE,Germany,Basic Materials,34760471
Breville Group Ltd,Australia,Consumer Discretionary,53490865
Brickworks Ltd,Australia,Industrials,9756741
Bridge Investment Group Holdings Inc,United States,Real Estate,597240
Bridgebio Pharma Inc,United States,Health Care,40666409
Bridgepoint Group PLC,United Kingdom,Financials,70170737
Bridgestone Corp,Japan,Consumer Discretionary,190886001
Brigade Enterprises Ltd,India,Real Estate,21352776
Bright Horizons Family Solutions Inc,United States,Consumer Discretionary,71842328
BrightSpring Health Services Inc,United States,Health Care,37948532
Brighthouse Financial Inc,United States,Financials,37131317
Brightoil Petroleum Holdings Ltd,China,Energy,1867553
Brighton-Best International Taiwan Inc,Taiwan,Basic Materials,5466812
Brii Biosciences Ltd,China,Health Care,38
Brilliance China Automotive Holdings Ltd,China,Consumer Discretionary,67909690
Brimstone Investment Corp Ltd,South Africa,Consumer Staples,1605723
Brink's Co/The,United States,Industrials,46603009
Brinker International Inc,United States,Consumer Discretionary,21548850
Bristol-Myers Squibb Co,United States,Health Care,1965804790
Britannia Industries Ltd,India,Consumer Staples,67212580
British Land Co PLC/The,United Kingdom,Real Estate,98709500
Britvic PLC,United Kingdom,Consumer Staples,167022052
Brixmor Property Group Inc,United States,Real Estate,110204835
Broadcom Inc,United States,Technology,16712325272
Broadleaf Co Ltd,Japan,Technology,10959064
Broadridge Financial Solutions Inc,United States,Financials,101734169
Broadstone Net Lease Inc,United States,Real Estate,36169666
Broedrene A&O Johansen A/S,Denmark,Industrials,654854
Brogent Technologies Inc,Taiwan,Consumer Discretionary,670671
Brookfield Asset Management Ltd,Canada,Financials,283424605
Brookfield Corp,Canada,Financials,956420780
Brookfield India Real Estate Trust,India,Real Estate,22258987
Brookfield Infrastructure Corp,Canada,Utilities,60163126
Brookfield Renewable Corp,Canada,Utilities,47488689
Brookfield Wealth Solutions Ltd,Canada,Financials,31849
Brother Industries Ltd,Japan,Technology,48937619
Brown & Brown Inc,United States,Financials,308411255
Brown-Forman Corp,United States,Consumer Staples,86718517
Bruker Corp,United States,Health Care,63377716
Brunel International NV,Netherlands,Industrials,785574
Brunello Cucinelli SpA,Italy,Consumer Discretionary,56745280
Brunswick Corp/DE,United States,Industrials,22334910
Bucher Industries AG,Switzerland,Industrials,41377629
Buckle Inc/The,United States,Consumer Discretionary,4909415
Budimex SA,Poland,Industrials,15815
Budweiser Brewing Co APAC Ltd,Hong Kong,Consumer Staples,37886646
Bufab AB,Sweden,Industrials,5658512
Builders FirstSource Inc,United States,Industrials,196348658
Bukalapak.com PT Tbk,Indonesia,Technology,8055262
Bukwang Pharmaceutical Co Ltd,South Korea,Health Care,217033
Bumi Armada Bhd,Malaysia,Energy,13100586
Bumi Resources Minerals Tbk PT,Indonesia,Basic Materials,112547
Bumi Serpong Damai Tbk PT,Indonesia,Real Estate,27469530
Bumrungrad Hospital PCL,Thailand,Health Care,90811423
Bunge Global SA,United States,Consumer Staples,146574567
Bunka Shutter Co Ltd,Japan,Industrials,5607939
Bunzl PLC,United Kingdom,Industrials,277875201
Burberry Group PLC,United Kingdom,Consumer Discretionary,112001516
Burckhardt Compression Holding AG,Switzerland,Industrials,52521428
Bure Equity AB,Sweden,Financials,42137099
Bureau Veritas SA,France,Industrials,289670497
Burgan Bank SAK,Kuwait,Financials,324418
Burjeel Holdings PLC,United Arab Emirates,Health Care,19409766
Burlington Stores Inc,United States,Consumer Discretionary,223546903
Bursa Malaysia Bhd,Malaysia,Financials,6086506
Buzzi SpA,Italy,Industrials,87098317
Byggmax Group AB,Sweden,Consumer Discretionary,7131764
Bystronic AG,Switzerland,Industrials,2390378
Bytes Technology Group PLC,United Kingdom,Technology,21072449
C Sun Manufacturing Ltd,Taiwan,Technology,28967759
C Uyemura & Co Ltd,Japan,Basic Materials,26657349
C&A MODAS SA,Brazil,Consumer Discretionary,312875
C&C Group PLC,United Kingdom,Consumer Staples,3388189
C&C International Co Ltd,South Korea,Consumer Discretionary,4388458
C&D International Investment Group Ltd,China,Real Estate,117283189
C&D Property Management Group Co Ltd,China,Real Estate,1294232
C-Mer Medical Holdings Ltd,Hong Kong,Health Care,775749
C3.ai Inc,United States,Technology,9270656
CA Immobilien Anlagen AG,Austria,Real Estate,7270993
CAC Holdings Corp,Japan,Technology,288017
CACI International Inc,United States,Technology,108795579
CAE Inc,Canada,Industrials,98510967
CAMP4 Therapeutics Corp,United States,Health Care,182700
CANCOM SE,Germany,Technology,3439156
CAPITAL A BHD,Malaysia,Consumer Discretionary,10890082
CAR Group Ltd,Australia,Technology,124440150
CBIZ Inc,United States,Industrials,12095701
CBRE Group Inc,United States,Real Estate,506478615
CCC Intelligent Solutions Holdings Inc,United States,Technology,50031817
CCC SA,Poland,Consumer Discretionary,53581264
CCL Industries Inc,Canada,Industrials,4936
CCL Products India Ltd,India,Consumer Staples,12489080
CCR SA,Brazil,Industrials,35789081
CD Projekt SA,Poland,Consumer Discretionary,92680507
CDL Hospitality Trusts,Singapore,Real Estate,9531544
CDW Corp/DE,United States,Technology,140012743
CE Info Systems Ltd,India,Technology,737407
CECONOMY AG,Germany,Consumer Discretionary,7354922
CELCOMDIGI BHD,Malaysia,Telecommunications,26424097
CEVA Inc,United States,Technology,2817415
CF Industries Holdings Inc,United States,Basic Materials,128187413
CG Power & Industrial Solutions Ltd,India,Industrials,69549516
CGI Inc,Canada,Technology,282561470
CGN Mining Co Ltd,Hong Kong,Energy,7357919
CGN Power Co Ltd,China,Utilities,68969343
CH Karnchang PCL,Thailand,Industrials,47035057
CH Robinson Worldwide Inc,United States,Industrials,132242368
CHC Healthcare Group,Taiwan,Health Care,821095
CHIMNEY Co Ltd,Japan,Consumer Discretionary,281704
CI Financial Corp,Canada,Financials,9982894
CI&T Inc,Brazil,Technology,3314093
CIC Holdings PLC,Sri Lanka,Basic Materials,1366154
CIE Automotive India Ltd,India,Consumer Discretionary,8311835
CIE Automotive SA,Spain,Consumer Discretionary,26431157
CIMB Group Holdings Bhd,Malaysia,Financials,190327894
CIMC Enric Holdings Ltd,China,Energy,12382345
CITIC Ltd,China,Industrials,74214131
CITIC Securities Co Ltd,China,Financials,123055171
CITIC Telecom International Holdings Ltd,Hong Kong,Telecommunications,7784651
CJ CGV Co Ltd,South Korea,Consumer Discretionary,269920
CJ CheilJedang Corp,South Korea,Consumer Staples,23540937
CJ Corp,South Korea,Industrials,35406577
CJ ENM Co Ltd,South Korea,Consumer Discretionary,31020863
CJ Freshway Corp,South Korea,Consumer Staples,334173
CJ Logistics Corp,South Korea,Industrials,30772055
CK Asset Holdings Ltd,Hong Kong,Real Estate,129821269
CK Hutchison Holdings Ltd,Hong Kong,Industrials,233776731
CK Infrastructure Holdings Ltd,Hong Kong,Utilities,72131024
CK Power PCL,Thailand,Utilities,432635
CKD Corp,Japan,Industrials,20028855
CLS Holdings PLC,United Kingdom,Real Estate,556238
CMB Tech NV,Belgium,Industrials,5115931
CMC Magnetics Corp,Taiwan,Technology,1327513
CMC Markets PLC,United Kingdom,Financials,17145610
CME Group Inc,United States,Financials,1090145910
CMG Pharmaceutical Co Ltd,South Korea,Health Care,206165
CMGE Technology Group Ltd,China,Consumer Discretionary,153230
CMK Corp,Japan,Technology,2558850
CMS Energy Corp,United States,Utilities,167714861
CMS Info Systems Ltd,India,Industrials,18749120
CNA Financial Corp,United States,Financials,14653014
CNGR Advanced Material Co Ltd,China,Basic Materials,13726732
CNH Industrial NV,United States,Industrials,63847326
CNO Financial Group Inc,United States,Financials,13975406
COFCO Joycome Foods Ltd,China,Consumer Staples,4987963
COLOPL Inc,Japan,Consumer Discretionary,1435174
COMSYS Holdings Corp,Japan,Industrials,36003107
COPT Defense Properties,United States,Real Estate,45718381
COSCO SHIPPING Development Co Ltd,China,Industrials,134
COSCO SHIPPING Energy Transportation Co Ltd,China,Industrials,14294562
COSCO SHIPPING Holdings Co Ltd,China,Industrials,50278717
COSCO SHIPPING International Singapore Co Ltd,Singapore,Industrials,719175
COSMO Pharmaceuticals NV,Switzerland,Health Care,2455850
COSON Co Ltd,South Korea,Consumer Discretionary,545
CP ALL PCL,Thailand,Consumer Staples,285162358
CP AXTRA PCL,Thailand,Consumer Discretionary,17872124
CPE Technology Bhd,Malaysia,Industrials,6639284
CPMC Holdings Ltd,China,Industrials,1680490
CRA International Inc,United States,Industrials,2995200
CRE Logistics REIT Inc,Japan,Real Estate,4668491
CRH PLC,United Kingdom,Industrials,1399746138
CRISIL Ltd,India,Financials,14607270
CRISPR Therapeutics AG,United States,Health Care,17457577
CS Disco Inc,United States,Industrials,8853537
CS Wind Corp,South Korea,Energy,31547465
CSBC Corp Taiwan,Taiwan,Industrials,309098
CSC Financial Co Ltd,China,Financials,11090553
CSG Holding Co Ltd,China,Industrials,4878345
CSG Systems International Inc,United States,Technology,4515773
CSL Ltd,Australia,Health Care,1421288721
CSPC Pharmaceutical Group Ltd,China,Health Care,63876799
CSW Industrials Inc,United States,Industrials,59250290
CSX Corp,United States,Industrials,767188626
CTBC Financial Holding Co Ltd,Taiwan,Financials,303255359
CTCI Corp,Taiwan,Industrials,13437215
CTI Logistics Ltd,Australia,Industrials,2708211
CTOS Digital Bhd,Malaysia,Industrials,10165824
CTP NV,Netherlands,Real Estate,45545186
CTS Co Ltd,Japan,Technology,5220002
CTS Corp,United States,Technology,4439233
CTS Eventim AG & Co KGaA,Germany,Consumer Discretionary,138475770
CTS Global Equity Group,Philippines,Financials,101132
CTT-Correios de Portugal SA,Portugal,Industrials,5134713
CVB Financial Corp,United States,Financials,27724130
CVC Capital Partners PLC,Netherlands,Financials,75961562
CVR Energy Inc,United States,Energy,2310530
CVRx Inc,United States,Health Care,1411438
CVS Health Corp,United States,Consumer Staples,816254801
Cable One Inc,United States,Telecommunications,11993414
Cabot Corp,United States,Basic Materials,37961311
Cactus Inc,United States,Energy,11193390
Cadence Bank,United States,Financials,71915305
Cadence Design Systems Inc,United States,Technology,1199684199
Caesars Entertainment Inc,United States,Consumer Discretionary,75058346
Cafe de Coral Holdings Ltd,Hong Kong,Consumer Discretionary,4069272
Cahya Mata Sarawak Bhd,Malaysia,Industrials,11141264
Cairn Homes PLC,Ireland,Consumer Discretionary,1760998
Cairo For Investment And Real Estate Developments - CIRA Education,Egypt,Consumer Discretionary,5211689
CaixaBank SA,Spain,Financials,187982892
Cal-Maine Foods Inc,United States,Consumer Staples,6131974
Calavo Growers Inc,United States,Consumer Staples,1275000
Calbee Inc,Japan,Consumer Staples,23083330
California Water Service Group,United States,Utilities,37998371
Calix Inc,United States,Telecommunications,11517561
Calix Ltd,Australia,Utilities,426089
Camden Property Trust,United States,Real Estate,187606394
Cameco Corp,Canada,Energy,193312213
Camil Alimentos SA,Brazil,Consumer Staples,254437
Camping World Holdings Inc,United States,Consumer Discretionary,10847346
Camplify Holdings Ltd,Australia,Technology,929657
Campus Activewear Ltd,India,Consumer Discretionary,1110097
Camtek Ltd/Israel,Israel,Technology,4548731
Camurus AB,Sweden,Health Care,37230288
Can Fin Homes Ltd,India,Financials,8734157
CanSino Biologics Inc,China,Health Care,811
Canaan Inc,China,Technology,2317560
Canadian Apartment Properties REIT,Canada,Real Estate,61025725
Canadian Imperial Bank of Commerce,Canada,Financials,558572970
Canadian National Railway Co,Canada,Industrials,551531716
Canadian Pacific Kansas City Ltd,Canada,Industrials,900577735
Canadian Tire Corp Ltd,Canada,Consumer Discretionary,68847368
Canadian Utilities Ltd,Canada,Utilities,309099
Canadian Western Bank,Canada,Financials,19803472
Canal+ France SA,United Kingdom,Consumer Discretionary,34328787
Canara Bank,India,Financials,24631543
Canfor Corp,Canada,Basic Materials,892635
Cannae Holdings Inc,United States,Financials,20
Canon Electronics Inc,Japan,Technology,2187777
Canon Inc,Japan,Technology,81921218
Canon Marketing Japan Inc,Japan,Technology,33843992
Canvest Environmental Protection Group Co Ltd,China,Utilities,2669639
Capcom Co Ltd,Japan,Consumer Discretionary,103106310
Capgemini SE,France,Technology,309395190
Capita PLC,United Kingdom,Industrials,4399829
CapitaLand Ascendas REIT,Singapore,Real Estate,119236983
CapitaLand Ascott Trust,Singapore,Real Estate,28010091
CapitaLand China Trust,Singapore,Real Estate,10892233
CapitaLand Integrated Commercial Trust,Singapore,Real Estate,136387846
CapitaLand Investment Ltd/Singapore,Singapore,Real Estate,79888605
Capital Appreciation Ltd,South Africa,Technology,2264924
Capital One Financial Corp,United States,Industrials,576313300
Capital Securities Corp,Taiwan,Financials,20302213
Capitaland India Trust,Singapore,Real Estate,13795961
Capitec Bank Holdings Ltd,South Africa,Financials,123717399
Capri Global Capital Ltd,India,Financials,3131608
Capri Holdings Ltd,United States,Consumer Discretionary,57675421
Capricorn Metals Ltd,Australia,Basic Materials,25670566
Capstone Copper Corp,Canada,Basic Materials,150040839
Captor Therapeutics SA,Poland,Health Care,1478831
CarMax Inc,United States,Consumer Discretionary,420541063
Carabao Group PCL,Thailand,Consumer Staples,19334556
Carasent AB,Sweden,Health Care,1004593
Carbacid Investments Ltd,Kenya,Industrials,1234746
Carborundum Universal Ltd,India,Basic Materials,17703356
Card Factory PLC,United Kingdom,Consumer Discretionary,9887659
Cardinal Health Inc,United States,Health Care,240453673
Care Ratings Ltd,India,Financials,2096473
CareTrust REIT Inc,United States,Real Estate,33180233
Career Technology MFG. Co Ltd,Taiwan,Technology,841619
Caregen Co Ltd,South Korea,Health Care,299474
Carel Industries SpA,Italy,Industrials,29542394
Cargojet Inc,Canada,Industrials,1614150
Cargotec Oyj,Finland,Industrials,73230829
Cargurus Inc,United States,Technology,14368880
Carl Zeiss Meditec AG,Germany,Health Care,16075483
Carlisle Cos Inc,United States,Industrials,208095102
Carlit Co Ltd,Japan,Basic Materials,5323563
Carlo Rino Group Bhd,Malaysia,Consumer Discretionary,1028738
Carlsberg AS,Denmark,Consumer Staples,198229557
Carlsberg Brewery Malaysia Bhd,Malaysia,Consumer Staples,14850657
Carlyle Group Inc/The,United States,Financials,42620225
Carmila SA,France,Real Estate,21288889
Carnival Corp,United States,Consumer Discretionary,59197759
Carnival PLC,United Kingdom,Consumer Discretionary,305979214
Carpenter Technology Corp,United States,Basic Materials,100504977
Carrefour SA,France,Consumer Staples,112532162
Carrier Global Corp,United States,Industrials,576220681
Cars Motorcycles and Marine Engine Trade and Import Co SA,Greece,Consumer Discretionary,1505784
Carta Holdings Inc,Japan,Consumer Discretionary,557519
Carter's Inc,United States,Consumer Discretionary,54
Carvana Co,United States,Consumer Discretionary,179364333
Casella Waste Systems Inc,United States,Utilities,43784707
Casey's General Stores Inc,United States,Consumer Staples,175607155
Casio Computer Co Ltd,Japan,Consumer Discretionary,22205365
Castech Inc,China,Technology,13222872
Castellum AB,Sweden,Real Estate,69833508
Castrol India Ltd,India,Energy,12595444
Catalyst Metals Ltd,Australia,Basic Materials,3370529
Catalyst Pharmaceuticals Inc,United States,Health Care,1915240
Catapult Group International Ltd,Australia,Technology,9857364
Catcher Technology Co Ltd,Taiwan,Technology,1752
Catella AB,Sweden,Financials,252053
Catena AB,Sweden,Real Estate,36881778
Caterpillar Inc,United States,Industrials,2147645489
Cathay Financial Holding Co Ltd,Taiwan,Financials,283692011
Cathay General Bancorp,United States,Financials,36231115
Cathay Pacific Airways Ltd,Hong Kong,Consumer Discretionary,35175471
Cathay Real Estate Development Co Ltd,Taiwan,Real Estate,7053114
Cava Group Inc,United States,Consumer Discretionary,64537956
Cavatina Holding SA,Poland,Real Estate,2323943
Cavco Industries Inc,United States,Consumer Discretionary,17730057
Cawachi Ltd,Japan,Consumer Staples,1026215
Cboe Global Markets Inc,United States,Financials,265278948
Ceat Ltd,India,Consumer Discretionary,9576828
Cebu Air Inc,Philippines,Consumer Discretionary,3607698
Cedar Woods Properties Ltd,Australia,Real Estate,620689
Celanese Corp,United States,Basic Materials,221161039
Celestica Inc,Canada,Technology,139066819
Cellivery Therapeutics Inc,South Korea,Health Care,142552
Cellnex Telecom SA,Spain,Telecommunications,456360032
Cello World Ltd,India,Consumer Discretionary,5055060
Celltrion Inc,South Korea,Health Care,5349
Celltrion Pharm Inc,South Korea,Health Care,97905
Celsius Holdings Inc,United States,Consumer Staples,63939665
Cembra Money Bank AG,Switzerland,Financials,62404059
Cementir Holding NV,Italy,Industrials,18135934
Cementos Argos SA,Colombia,Industrials,13116981
Cemex SAB de CV,Mexico,Industrials,80205382
Cencora Inc,United States,Consumer Staples,470422851
Cencosud SA,Chile,Consumer Staples,10642564
Cencosud Shopping SA,Chile,Real Estate,7950884
Cenergy Holdings SA,Greece,Industrials,3763695
Cenra Inc,Taiwan,Health Care,441483
Centene Corp,United States,Health Care,1534634853
Center Laboratories Inc,Taiwan,Health Care,8510300
CenterPoint Energy Inc,United States,Utilities,154032682
Centerspace,United States,Real Estate,4767629
Central Automotive Products Ltd,Japan,Consumer Discretionary,3154082
Central Bank of India Ltd,India,Financials,2666304
Central China Securities Co Ltd,China,Financials,1550
Central Depository Services India Ltd,India,Financials,19304123
Central Garden & Pet Co,United States,Consumer Discretionary,8244917
Central Glass Co Ltd,Japan,Basic Materials,9988413
Central Japan Railway Co,Japan,Industrials,275933843
Central Pattana PCL,Thailand,Real Estate,48269614
Central Plaza Hotel PCL,Thailand,Consumer Discretionary,1821381
Central Retail Corp PCL,Thailand,Consumer Discretionary,6678937
Central Security Patrols Co Ltd,Japan,Industrials,435386
Central Sports Co Ltd,Japan,Consumer Discretionary,179506
Centrica PLC,United Kingdom,Utilities,134577341
Centuria Capital Group,Australia,Financials,10279463
Centuria Industrial REIT,Australia,Real Estate,11146771
Centuria Office REIT,Australia,Real Estate,397718
Century Aluminum Co,United States,Basic Materials,2227468
Century Communities Inc,United States,Consumer Discretionary,5662878
Century Iron & Steel Industrial Co Ltd,Taiwan,Basic Materials,14857021
Century Pacific Food Inc,Philippines,Consumer Staples,935308
Century Plyboards India Ltd,India,Basic Materials,6268671
Cera Sanitaryware Ltd,India,Industrials,5111806
Ceribell Inc,United States,Health Care,422258
Certara Inc,United States,Health Care,2932179
Cettire Ltd,Australia,Consumer Discretionary,590353
Cewe Stiftung & Co KGAA,Germany,Consumer Discretionary,8993939
Ceylon Cold Stores PLC,Sri Lanka,Consumer Staples,366890
Chaarat Gold Holdings Ltd,Kyrgyzstan,Basic Materials,32214
Chabiotech Co Ltd,South Korea,Health Care,309505
Chacha Food Co Ltd,China,Consumer Staples,2154167
Chailease Holding Co Ltd,Taiwan,Financials,64533308
Chalet Hotels Ltd,India,Consumer Discretionary,15207459
Challenger Ltd,Australia,Financials,66636611
Chambal Fertilisers and Chemicals Ltd,India,Basic Materials,13133359
Champion Homes Inc,United States,Consumer Discretionary,69345801
Champion Iron Ltd,Australia,Basic Materials,20415387
Champion REIT,Hong Kong,Real Estate,845057
ChampionX Corp,United States,Energy,74032089
Chang Hwa Commercial Bank Ltd,Taiwan,Financials,48913979
Chang Wah Electromaterials Inc,Taiwan,Technology,6671400
Chang Wah Technology Co Ltd,Taiwan,Technology,2985008
Change Holdings Inc,Japan,Technology,2321630
Changzhou Xingyu Automotive Lighting Systems Co Ltd,China,Consumer Discretionary,57197130
Chaowei Power Holdings Ltd,China,Consumer Discretionary,114
Chaozhou Three-Circle Group Co Ltd,China,Technology,291744715
Charles River Laboratories International Inc,United States,Health Care,96945274
Charles Schwab Corp/The,United States,Financials,1266330195
Charm Care Corp KK,Japan,Health Care,9660380
Charoen Pokphand Enterprise,Taiwan,Consumer Staples,13279550
Charoen Pokphand Indonesia Tbk PT,Indonesia,Consumer Staples,13380650
Chart Industries Inc,United States,Industrials,97843668
Charter Communications Inc,United States,Telecommunications,1025594233
Charter Hall Group,Australia,Real Estate,48798098
Charter Hall Long Wale REIT,Australia,Real Estate,17876916
Charter Hall Retail REIT,Australia,Real Estate,11146992
Charter Hall Social Infrastructure REIT,Australia,Real Estate,6287414
Chartwell Retirement Residences,Canada,Real Estate,9946006
Check Point Software Technologies Ltd,United States,Technology,435684614
Cheesecake Factory Inc/The,United States,Consumer Discretionary,6512658
Cheil Worldwide Inc,South Korea,Consumer Discretionary,674407
Chemed Corp,United States,Health Care,95871548
Chemours Co/The,United States,Basic Materials,30702162
Chemplast Sanmar Ltd,India,Basic Materials,4555021
Chemring Group PLC,United Kingdom,Industrials,22565803
Chenbro Micom Co Ltd,Taiwan,Technology,21956001
Cheng Shin Rubber Industry Co Ltd,Taiwan,Consumer Discretionary,39442921
Cheng Uei Precision Industry Co Ltd,Taiwan,Technology,11438434
Cheniere Energy Inc,United States,Energy,618925944
Chennai Super Kings Cricket Ltd,India,Industrials,10721758
Chervon Holdings Ltd,China,Industrials,3050897
Cheryong Electric Co Ltd,South Korea,Technology,31831096
Chesapeake Utilities Corp,United States,Utilities,1731665
Chesnara PLC,United Kingdom,Financials,878359
Chevron Corp,United States,Energy,2966149827
Chewy Inc,United States,Consumer Discretionary,3007168
Chiba Bank Ltd/The,Japan,Financials,67835563
Chicony Electronics Co Ltd,Taiwan,Technology,36078837
Chicony Power Technology Co Ltd,Taiwan,Technology,30213531
Chief Telecom Inc,Taiwan,Telecommunications,5223276
Chimera Investment Corp,United States,Financials,3827040
China Airlines Ltd,Taiwan,Consumer Discretionary,14782184
China Aoyuan Group Ltd,China,Real Estate,28
China Banking Corp,Philippines,Financials,2481764
China Bohai Bank Co Ltd,China,Financials,347215
China CITIC Bank Corp Ltd,China,Financials,62225969
China CITIC Financial Asset Management Co Ltd,China,Financials,335
China CSSC Holdings Ltd,China,Industrials,39516986
China Conch Venture Holdings Ltd,China,Utilities,11657999
China Construction Bank Corp,China,Financials,1131008851
China Datang Corp Renewable Power Co Ltd,China,Utilities,4513211
China Dili Group,China,Consumer Staples,10230
China Dongxiang Group Co Ltd,China,Consumer Discretionary,1496656
China East Education Holdings Ltd,China,Consumer Discretionary,35496
China Eastern Airlines Corp Ltd,China,Consumer Discretionary,9002
China Education Group Holdings Ltd,China,Consumer Discretionary,14087758
China Electric Manufacturing Corp,Taiwan,Industrials,767613
China Everbright Bank Co Ltd,China,Financials,4235220
China Everbright Environment Group Ltd,China,Utilities,14440206
China Everbright Ltd,China,Financials,4830618
China Fangda Group Co Ltd,China,Industrials,170
China Feihe Ltd,China,Consumer Staples,27406773
China Galaxy Securities Co Ltd,China,Financials,35779608
China Gas Holdings Ltd,China,Utilities,7717396
China General Plastics Corp,Taiwan,Industrials,874411
China Gold International Resources Corp Ltd,China,Basic Materials,12752940
China HK Power Smart Energy Group Ltd,China,Utilities,24
China High Speed Transmission Equipment Group Co Ltd,China,Energy,3677
China ITS Holdings Co Ltd,China,Industrials,22571
China International Capital Corp Ltd,China,Financials,41541820
China International Marine Containers Group Co Ltd,China,Industrials,3448681
China Jinmao Holdings Group Ltd,China,Real Estate,16359
China Jushi Co Ltd,China,Basic Materials,49986385
China Kepei Education Group Ltd,China,Consumer Discretionary,10775
China Lesso Group Holdings Ltd,China,Industrials,8341812
China Life Insurance Co Ltd,China,Financials,305548931
China Lilang Ltd,China,Consumer Discretionary,900904
China Literature Ltd,China,Technology,33938221
China Longyuan Power Group Corp Ltd,China,Utilities,36552466
China Man-Made Fiber Corp,Taiwan,Basic Materials,803129
China Medical System Holdings Ltd,China,Health Care,13956996
China Mengniu Dairy Co Ltd,China,Consumer Staples,76227390
China Merchants Bank Co Ltd,China,Financials,661476391
China Merchants Port Holdings Co Ltd,China,Industrials,30571581
China Merchants Securities Co Ltd,China,Financials,747663
China Merchants Shekou Industrial Zone Holdings Co Ltd,China,Real Estate,262
China Metal Products,Taiwan,Basic Materials,1091688
China Minsheng Banking Corp Ltd,China,Financials,6850041
China Modern Dairy Holdings Ltd,China,Consumer Staples,60520
China Motor Corp,Taiwan,Consumer Discretionary,8783850
China National Accord Medicines Corp Ltd,China,Consumer Staples,1580778
China New Higher Education Group Ltd,China,Consumer Discretionary,156
China Nonferrous Mining Corp Ltd,China,Basic Materials,9163988
China Oilfield Services Ltd,China,Energy,17620233
China Oriental Group Co Ltd,China,Basic Materials,1247865
China Overseas Grand Oceans Group Ltd,China,Real Estate,967605
China Overseas Land & Investment Ltd,China,Real Estate,48456728
China Overseas Property Holdings Ltd,China,Real Estate,7706414
China Pacific Insurance Group Co Ltd,China,Financials,196040087
China Petrochemical Development Corp,Taiwan,Basic Materials,1772958
China Petroleum & Chemical Corp,China,Energy,180109879
China Railway Signal & Communication Corp Ltd,China,Industrials,4741798
China Reinsurance Group Corp,China,Financials,8943429
China Renaissance Holdings Ltd,China,Financials,150144
China Resources Beer Holdings Co Ltd,China,Consumer Staples,72056530
China Resources Beverage Holdings Co Ltd,China,Consumer Staples,28732656
China Resources Gas Group Ltd,China,Utilities,38111957
China Resources Land Ltd,China,Real Estate,131966636
China Resources Medical Holdings Co Ltd,China,Health Care,4897922
China Resources Microelectronics Ltd,China,Technology,1928353
China Resources Mixc Lifestyle Services Ltd,China,Real Estate,38790791
China Resources Pharmaceutical Group Ltd,China,Health Care,70902943
China Resources Sanjiu Medical & Pharmaceutical Co Ltd,China,Health Care,1669054
China Risun Group Ltd,China,Basic Materials,711
China Ruyi Holdings Ltd,China,Consumer Discretionary,2755385
China SCE Group Holdings Ltd,China,Real Estate,113547
China Shineway Pharmaceutical Group Ltd,China,Health Care,3475911
China South City Holdings Ltd,China,Real Estate,93
China Southern Airlines Co Ltd,China,Consumer Discretionary,413885
China Steel Chemical Corp,Taiwan,Basic Materials,4750876
China Steel Corp,Taiwan,Basic Materials,18438667
China Suntien Green Energy Corp Ltd,China,Utilities,30635439
China Taiping Insurance Holdings Co Ltd,China,Financials,5602771
China Tourism Group Duty Free Corp Ltd,China,Consumer Discretionary,19865575
China Travel International Investment Hong Kong Ltd,Hong Kong,Consumer Discretionary,1051990
China Vanke Co Ltd,China,Real Estate,18966748
China Water Affairs Group Ltd,China,Utilities,4427204
China Yangtze Power Co Ltd,China,Utilities,108841113
China Yuhua Education Corp Ltd,China,Consumer Discretionary,3932944
China Zheshang Bank Co Ltd,China,Financials,8779459
Chinasoft International Ltd,China,Technology,16349741
ChipMOS Technologies Inc,Taiwan,Technology,8841284
Chipbond Technology Corp,Taiwan,Technology,22241446
Chipotle Mexican Grill Inc,United States,Consumer Discretionary,1095809167
Chiyoda Co Ltd,Japan,Consumer Discretionary,1481796
Chiyoda Corp,Japan,Industrials,2405879
Chiyoda Integre Co Ltd,Japan,Industrials,439673
Chocoladefabriken Lindt & Spruengli AG,Switzerland,Consumer Staples,445854842
Chofu Seisakusho Co Ltd,Japan,Industrials,2113881
Choice Hotels International Inc,United States,Consumer Discretionary,15354427
Choice Properties Real Estate Investment Trust,Canada,Real Estate,28327313
Cholamandalam Financial Holdings Ltd,India,Financials,17525625
Cholamandalam Investment and Finance Co Ltd,India,Financials,190301877
Chong Hong Construction Co Ltd,Taiwan,Real Estate,11555363
Chong Kun Dang Pharmaceutical Corp,South Korea,Health Care,12720919
Chongkundang Holdings Corp,South Korea,Health Care,2420268
Chongqing Brewery Co Ltd,China,Consumer Staples,548523
Chongqing Changan Automobile Co Ltd,China,Consumer Discretionary,7909892
Chongqing Fuling Electric Power Industrial Co Ltd,China,Utilities,10843759
Chongqing Rural Commercial Bank Co Ltd,China,Financials,6926557
Chongqing Zhifei Biological Products Co Ltd,China,Health Care,1397
Chori Co Ltd,Japan,Basic Materials,517978
Chow Sang Sang Holdings International Ltd,Hong Kong,Consumer Discretionary,8031510
Chow Tai Fook Jewellery Group Ltd,Hong Kong,Consumer Discretionary,25422375
Christian Dior SE,France,Consumer Discretionary,210726984
Chroma ATE Inc,Taiwan,Industrials,102615518
Chuan Hup Holdings Ltd,Singapore,Real Estate,707946
Chubb Ltd,United States,Financials,1146566807
Chubu Electric Power Co Inc,Japan,Utilities,104221812
Chubu Shiryo Co Ltd,Japan,Consumer Staples,524744
Chudenko Corp,Japan,Industrials,4176437
Chugai Pharmaceutical Co Ltd,Japan,Health Care,396526117
Chugin Financial Group Inc,Japan,Financials,28885695
Chugoku Marine Paints Ltd,Japan,Industrials,5276025
Chun Yuan Steel Industry Co Ltd,Taiwan,Basic Materials,1133903
Chunbo Co Ltd,South Korea,Basic Materials,6025
Chung Hung Steel Corp,Taiwan,Basic Materials,4685400
Chung-Hsin Electric & Machinery Manufacturing Corp,Taiwan,Industrials,143574251
Chunghwa Precision Test Tech Co Ltd,Taiwan,Technology,23889826
Chunghwa Telecom Co Ltd,Taiwan,Telecommunications,154185802
Chuo Spring Co Ltd,Japan,Consumer Discretionary,368067
Church & Dwight Co Inc,United States,Consumer Staples,313289283
Churchill Downs Inc,United States,Consumer Discretionary,74967353
Cia Cervecerias Unidas SA,Chile,Consumer Staples,24091868
Cia Energetica de Minas Gerais,Brazil,Utilities,4452787
Cia Paranaense de Energia - Copel,Brazil,Utilities,52996620
Cia Sud Americana de Vapores SA,Chile,Industrials,12675936
Cia de Saneamento Basico do Estado de Sao Paulo SABESP,Brazil,Utilities,70137523
Cian PLC,Russia,Real Estate,106028
Cibus Nordic Real Estate AB publ,Sweden,Real Estate,4773590
Cie Financiere Richemont SA,Switzerland,Consumer Discretionary,1773204240
Cie Generale des Etablissements Michelin SCA,France,Consumer Discretionary,671834023
Cie de Saint-Gobain SA,France,Industrials,705365552
Ciena Corp,United States,Telecommunications,99878023
Cigna Group/The,United States,Health Care,851856830
Cimpress PLC,United States,Industrials,3543757
Cincinnati Financial Corp,United States,Financials,219444414
Cinda International Holdings Ltd,China,Financials,51308
Cinemark Holdings Inc,United States,Consumer Discretionary,25623093
Cint Group AB,Sweden,Technology,3733218
Cintas Corp,United States,Industrials,864120940
Cipla Ltd/India,India,Health Care,387354235
Ciputra Development Tbk PT,Indonesia,Real Estate,36322668
Cirrus Logic Inc,United States,Technology,58723322
Cisarua Mountain Dairy PT TBK,Indonesia,Consumer Staples,2753112
Cisco Systems Inc,United States,Telecommunications,3248935368
Citaglobal Bhd,Malaysia,Industrials,2382059
Citic Pacific Special Steel Group Co Ltd,China,Basic Materials,11627829
Citigroup Inc,United States,Financials,1907949810
Citizen Watch Co Ltd,Japan,Consumer Discretionary,6082274
Citizens Financial Group Inc,United States,Financials,239628797
City Bank PLC,Bangladesh,Financials,12478749
City Developments Ltd,Singapore,Real Estate,28000350
City Holding Co,United States,Financials,5202694
City Union Bank Ltd,India,Financials,7819677
Citycon Oyj,Finland,Real Estate,1940836
Civil Engineering PCL,Thailand,Industrials,527584
Clal Insurance Enterprises Holdings Ltd,Israel,Financials,2263836
Clariant AG,Switzerland,Basic Materials,46143983
Clarity Pharmaceuticals Ltd,Australia,Health Care,7733935
Clarivate PLC,United States,Technology,27764069
Clarkson PLC,United Kingdom,Industrials,11730862
Clas Ohlson AB,Sweden,Consumer Discretionary,4986841
Classys Inc,South Korea,Financials,981321
Clean Harbors Inc,United States,Utilities,136974495
Clean Science & Technology Ltd,India,Basic Materials,4705599
Cleanaway Co Ltd,Taiwan,Utilities,8482667
Cleanaway Waste Management Ltd,Australia,Utilities,58767492
Cleanup Corp,Japan,Industrials,929710
Clear Sale SA,Brazil,Technology,79639
Clear Secure Inc,United States,Technology,373
Clearwater Analytics Holdings Inc,United States,Financials,59402443
Clearway Energy Inc,United States,Utilities,30577400
Cleveland-Cliffs Inc,United States,Basic Materials,45381264
Clevo Co,Taiwan,Technology,8868850
Clinuvel Pharmaceuticals Ltd,Australia,Health Care,3674725
Clipan Finance Indonesia Tbk PT,Indonesia,Financials,1014229
Cloetta AB,Sweden,Consumer Staples,2512903
Clorox Co/The,United States,Consumer Staples,246931899
Cloudflare Inc,United States,Technology,254707133
Cnergenz Bhd,Malaysia,Technology,703497
Co-Tech Development Corp,Taiwan,Technology,1627354
CoStar Group Inc,United States,Real Estate,400733186
Coast Entertainment Holdings Ltd,Australia,Consumer Discretionary,528313
Coats Group PLC,United Kingdom,Industrials,37723308
Cobram Estate Olives Ltd,Australia,Consumer Staples,2333310
Coca-Cola Bottlers Japan Holdings Inc,Japan,Consumer Staples,36389341
Coca-Cola Co/The,United States,Consumer Staples,3352038180
Coca-Cola Consolidated Inc,United States,Consumer Staples,284417543
Coca-Cola Embonor SA,Chile,Consumer Staples,2664173
Coca-Cola Europacific Partners PLC,United States,Consumer Staples,187766423
Coca-Cola Femsa SAB de CV,Mexico,Consumer Staples,44699786
Coca-Cola HBC AG,United Kingdom,Consumer Staples,120706871
Coca-Cola Icecek AS,Türkiye,Consumer Staples,38669904
Cochin Shipyard Ltd,India,Industrials,13621178
Cochlear Ltd,Australia,Health Care,257320229
Codan Ltd,Australia,Industrials,15517776
Coeur Mining Inc,United States,Basic Materials,1387409
Coface SA,France,Financials,35204484
Cofinimmo SA,Belgium,Real Estate,49701216
Coforge Ltd,India,Technology,155370853
Cogeco Communications Inc,Canada,Telecommunications,1383059
Cogent Communications Holdings Inc,United States,Telecommunications,4993751
Cogna Educacao SA,Brazil,Consumer Discretionary,9861211
Cognex Corp,United States,Industrials,57991752
Cognizant Technology Solutions Corp,United States,Technology,644787121
Cohen & Steers Inc,United States,Financials,34166169
Coherent Corp,United States,Technology,144769891
Coinbase Global Inc,United States,Financials,530829645
Colbun SA,Chile,Utilities,24953659
Coles Group Ltd,Australia,Consumer Staples,248709752
Colgate-Palmolive Co,United States,Consumer Staples,897084243
Colgate-Palmolive India Ltd,India,Consumer Staples,45932730
Colliers International Group Inc,Canada,Real Estate,74663760
Collins Foods Ltd,Australia,Consumer Discretionary,10675676
Coloplast A/S,Denmark,Health Care,312970175
Colowide Co Ltd,Japan,Consumer Discretionary,2321656
Colruyt Group N.V,Belgium,Consumer Staples,37974249
Colt CZ Group SE,Czech Republic,Industrials,1448237
Columbia Banking System Inc,United States,Financials,65249408
Columbia Financial Inc,United States,Financials,1299013
Columbia Sportswear Co,United States,Consumer Discretionary,18995289
Com7 PCL,Thailand,Consumer Discretionary,77460097
Comba Telecom Systems Holdings Ltd,China,Telecommunications,265
Combined Motor Holdings Ltd,South Africa,Consumer Discretionary,3358550
Comcast Corp,United States,Telecommunications,3805431774
Comer Industries SpA,Italy,Industrials,9382719
Comerica Inc,United States,Financials,64150078
Comet Holding AG,Switzerland,Technology,49187782
Comforia Residential REIT Inc,Japan,Real Estate,15509422
Comfort Systems USA Inc,United States,Industrials,196154042
ComfortDelGro Corp Ltd,Singapore,Industrials,39838272
Commerce Bancshares Inc/MO,United States,Financials,86327140
Commercial Bank PSQC/The,Qatar,Financials,54101940
Commercial Bank of Ceylon PLC,Sri Lanka,Financials,10483704
Commercial International Bank - Egypt (CIB),Egypt,Financials,22914176
Commercial Metals Co,United States,Basic Materials,69260944
Commerzbank AG,Germany,Financials,642516084
Commonwealth Bank of Australia,Australia,Financials,1477340086
Community Financial System Inc,United States,Financials,34778700
Community Health Systems Inc,United States,Health Care,1058759
Community Healthcare Trust Inc,United States,Real Estate,678113
Commvault Systems Inc,United States,Technology,79619211
Compal Electronics Inc,Taiwan,Technology,59745607
Compass Group PLC,United Kingdom,Consumer Discretionary,1131393871
Compeq Manufacturing Co Ltd,Taiwan,Technology,86443349
CompuGroup Medical SE & Co KgaA,Germany,Health Care,7961581
Computacenter PLC,United Kingdom,Technology,28577083
Computer Age Management Services Ltd,India,Industrials,35605800
Computer Engineering & Consulting Ltd,Japan,Technology,10934080
Computershare Ltd,Australia,Financials,172241885
Comture Corp,Japan,Technology,12948
Conagra Brands Inc,United States,Consumer Staples,166147852
Concentra Group Holdings Parent Inc,United States,Health Care,46269514
Concentradora Fibra Danhos SA de CV,Mexico,Real Estate,12030679
Concentrix Corp,United States,Technology,15314897
Concord Biotech Ltd,India,Health Care,75316753
Concord New Energy Group Ltd,China,Utilities,345342
Concordia Financial Group Ltd,Japan,Financials,112829297
Confluent Inc,United States,Technology,81091773
Consolidated Edison Inc,United States,Utilities,393481636
Consorcio ARA SAB de CV,Mexico,Consumer Discretionary,69
Constellation Brands Inc,United States,Consumer Staples,438565218
Constellation Energy Corp,United States,Utilities,616173625
Constellation Software Inc/Canada,Canada,Technology,883406546
Constellium SE,United States,Basic Materials,4354839
Construcciones y Auxiliar de Ferrocarriles SA,Spain,Industrials,5506708
Construtora Tenda S/A,Brazil,Consumer Discretionary,12300634
Consun Pharmaceutical Group Ltd,China,Health Care,1492987
Contact Energy Ltd,New Zealand,Utilities,72688724
Container Corp Of India Ltd,India,Industrials,28427578
Contemporary Amperex Technology Co Ltd,China,Industrials,561356413
Continental AG,Germany,Consumer Discretionary,189476651
Continental Holdings Corp,Taiwan,Industrials,1079745
Contineum Therapeutics Inc,United States,Health Care,2486530
Controladora Vuela Cia de Aviacion SAB de CV,Mexico,Consumer Discretionary,26928815
ConvaTec Group PLC,United Kingdom,Health Care,100089232
Convoy Global Holdings Ltd,Hong Kong,Financials,486855
Cooper Cos Inc/The,United States,Health Care,214226501
Copa Holdings SA,Panama,Consumer Discretionary,47719
Copart Inc,United States,Consumer Discretionary,692888983
Copperwired PCL,Thailand,Consumer Discretionary,627107
CorMedix Inc,United States,Health Care,7618747
CorVel Corp,United States,Health Care,41393393
Corbion NV,Netherlands,Consumer Staples,30880946
Corcept Therapeutics Inc,United States,Health Care,42055040
Core & Main Inc,United States,Industrials,99267576
Core Laboratories Inc,United States,Energy,1909778
Corebridge Financial Inc,United States,Financials,283211877
Corem Property Group AB,Sweden,Real Estate,11079348
Coretronic Corp,Taiwan,Technology,20199962
Corning Inc,United States,Technology,483212490
Coromandel International Ltd,India,Basic Materials,30167780
Corona Corp,Japan,Consumer Discretionary,266882
Coronado Global Resources Inc,Australia,Energy,4846111
Coronation Fund Managers Ltd,South Africa,Financials,3754406
Corp ACCIONA Energias Renovables SA,Spain,Utilities,18575392
Corp Inmobiliaria Vesta SAB de CV,Mexico,Real Estate,97478714
Corpay Inc,United States,Industrials,237019215
Corporate Travel Management Ltd,Australia,Consumer Discretionary,2327080
Corporativo Fragua SAB de CV,Mexico,Consumer Staples,109006146
Corteva Inc,United States,Consumer Staples,243975572
Corticeira Amorim SGPS SA,Portugal,Industrials,8000260
Cosan SA,Brazil,Energy,98088787
Cosel Co Ltd,Japan,Industrials,5702299
Cosmax Inc,South Korea,Consumer Discretionary,55280450
Cosmecca Korea Co Ltd,South Korea,Consumer Discretionary,11227153
Cosmo Energy Holdings Co Ltd,Japan,Energy,50294195
CosmoAM&T Co Ltd,South Korea,Consumer Discretionary,194924
Cosmochemical Co Ltd,South Korea,Basic Materials,137052
Cosmopolitan International Holdings Ltd,China,Real Estate,229
Cosmos Pharmaceutical Corp,Japan,Consumer Staples,50242157
Costco Wholesale Corp,United States,Consumer Discretionary,5101553130
Coty Inc,United States,Consumer Discretionary,44400638
Country Garden Holdings Co Ltd,China,Real Estate,22926
Country Garden Services Holdings Co Ltd,China,Real Estate,4126966
Country Group Development PCL,Thailand,Real Estate,169463
Coupang Inc,United States,Consumer Discretionary,426457191
Coursera Inc,United States,Consumer Discretionary,17010022
Cousins Properties Inc,United States,Real Estate,57194401
Covenant Logistics Group Inc,United States,Industrials,49059
Cover Corp,Japan,Consumer Discretionary,16668302
Covestro AG,Germany,Basic Materials,305350483
Covivio SA/France,France,Real Estate,61114131
Coway Co Ltd,South Korea,Consumer Discretionary,15976463
Cowell e Holdings Inc,Hong Kong,Consumer Discretionary,35608391
Cracker Barrel Old Country Store Inc,United States,Consumer Discretionary,2470412
Craftsman Automation Ltd,India,Consumer Discretionary,8663272
Crane Co,United States,Industrials,144961312
Crane NXT Co,United States,Industrials,26754419
Cranswick PLC,United Kingdom,Consumer Staples,54962458
Create Restaurants Holdings Inc,Japan,Consumer Discretionary,6039838
Create SD Holdings Co Ltd,Japan,Consumer Staples,6462805
Creative & Innovative System,South Korea,Industrials,27023
Credicorp Ltd,United States,Financials,146313558
Credit Agricole SA,France,Financials,12946257
Credit Clear Ltd,Australia,Industrials,2655743
Credit Corp Group Ltd,Australia,Financials,12620429
Credit Saison Co Ltd,Japan,Industrials,44028388
CreditAccess Grameen Ltd,India,Financials,6029912
Credito Emiliano SpA,Italy,Financials,11024635
Credo Technology Group Holding Ltd,United States,Technology,117241931
Creek & River Co Ltd,Japan,Industrials,6072332
Creepy Jar SA,Poland,Consumer Discretionary,1258048
Creotech Instruments SA,Poland,Industrials,2789377
Crest Group Bhd,Malaysia,Industrials,972828
Crest Nicholson Holdings plc,United Kingdom,Consumer Discretionary,13979299
Crinetics Pharmaceuticals Inc,United States,Health Care,21229943
Crocs Inc,United States,Consumer Discretionary,62220926
Croda International PLC,United Kingdom,Basic Materials,560969314
Crompton Greaves Consumer Electricals Ltd,India,Consumer Discretionary,119108591
Cromwell European Real Estate Investment Trust,Singapore,Real Estate,9166590
Cromwell Property Group,Australia,Real Estate,3558469
Cross Country Healthcare Inc,United States,Industrials,2026656
Crowdstrike Holdings Inc,United States,Technology,1095180596
Crown Castle Inc,United States,Real Estate,553538251
Crown Holdings Inc,United States,Industrials,113567769
Cruzeiro do Sul Educacional SA,Brazil,Consumer Discretionary,225943
CryoPort Inc,United States,Industrials,2711330
CrystalGenomics Invites Co Ltd,South Korea,Health Care,77882
CubeSmart,United States,Real Estate,408063849
Cuckoo Holdings Co Ltd,South Korea,Consumer Discretionary,198198
Cuckoo Homesys Co Ltd,South Korea,Consumer Discretionary,6057909
Cullen/Frost Bankers Inc,United States,Financials,69591172
Cummins Inc,United States,Industrials,489647743
Cummins India Ltd,India,Industrials,58639011
Curbline Properties Corp,United States,Real Estate,12446268
Curro Holdings Ltd,South Africa,Consumer Discretionary,7857312
Currys PLC,United Kingdom,Consumer Discretionary,7053328
Curtiss-Wright Corp,United States,Industrials,201856444
Curves Holdings Co Ltd,Japan,Consumer Discretionary,2328132
Cury Construtora e Incorporadora SA,Brazil,Industrials,13266121
Cushman & Wakefield PLC,United States,Real Estate,38720332
Cyber Folks SA,Poland,Technology,13889424
CyberAgent Inc,Japan,Technology,82954164
CyberArk Software Ltd,United States,Technology,216331952
CyberTAN Technology Inc,Taiwan,Telecommunications,1470890
Cyberlink Corp,Taiwan,Technology,125
Cyberoo SpA,Italy,Technology,2588464
Cybozu Inc,Japan,Technology,3096818
Cyclopharm Ltd,Australia,Health Care,2120763
Cydsa SAB de CV,Mexico,Basic Materials,16626474
Cyfrowy Polsat SA,Poland,Telecommunications,12762
Cyient Ltd,India,Technology,41991125
Cypark Resources Bhd,Malaysia,Utilities,6
Cytokinetics Inc,United States,Health Care,46556476
D&L Industries Inc,Philippines,Consumer Staples,7027783
D&O Green Technologies Bhd,Malaysia,Technology,1021094
D'ieteren Group,Belgium,Consumer Discretionary,85839110
D-Link Corp,Taiwan,Telecommunications,1846508
D/S Norden A/S,Denmark,Industrials,13781284
D2L Inc,Canada,Consumer Discretionary,1056123
DB HiTek Co Ltd,South Korea,Technology,560925
DB Insurance Co Ltd,South Korea,Financials,6147257
DBS Group Holdings Ltd,Singapore,Financials,1203408384
DCB Bank Ltd,India,Financials,1994947
DCC PLC,United Kingdom,Industrials,111802042
DCM Holdings Co Ltd,Japan,Consumer Discretionary,10804693
DCM Shriram Ltd,India,Industrials,4684992
DENTSPLY SIRONA Inc,United States,Health Care,45672276
DEXON Technology PCL,Thailand,Industrials,166532
DFI Retail Group Holdings Ltd,Hong Kong,Consumer Staples,11134431
DGB Financial Group Inc,South Korea,Financials,1496131
DIC Corp,Japan,Basic Materials,18592061
DKK Co Ltd,Japan,Telecommunications,170405
DKS Co Ltd,Japan,Basic Materials,614126
DKSH Holding AG,Switzerland,Industrials,53725933
DL Holdings Co Ltd,South Korea,Industrials,15429608
DMG Mori Co Ltd,Japan,Industrials,46277550
DNOW Inc,United States,Energy,3856294
DO & CO AG,Austria,Consumer Discretionary,83369265
DPC Dash Ltd,China,Consumer Discretionary,6600120
DR Horton Inc,United States,Consumer Discretionary,584834062
DRB-Hicom Bhd,Malaysia,Consumer Discretionary,2551523
DS Smith PLC,United Kingdom,Industrials,435055359
DSM-Firmenich AG,Netherlands,Consumer Staples,1324259509
DSV A/S,Denmark,Industrials,1821165619
DT Midstream Inc,United States,Energy,119520030
DTS Corp,Japan,Technology,12699217
DUG Technology Ltd,Australia,Technology,3489146
DWS Group GmbH & Co KGaA,Germany,Financials,34074043
DXC Technology Co,United States,Technology,17399064
DXN Holdings Bhd,Malaysia,Consumer Staples,3465363
DXP Enterprises Inc/TX,United States,Industrials,669222
DY POWER Corp,South Korea,Industrials,1665465
DYPNF Co Ltd,South Korea,Industrials,1199612
DaVita Inc,United States,Health Care,5898701
Dabur India Ltd,India,Consumer Staples,34338527
Dadelo SA,Poland,Consumer Discretionary,847636
Daea TI Co Ltd,South Korea,Industrials,135354
Daeduck Co Ltd,South Korea,Technology,140487
Daeduck Electronics Co Ltd / New,South Korea,Technology,526230
Daehan Flour Mill Co Ltd,South Korea,Consumer Staples,207955
Daejoo Electronic Materials Co Ltd,South Korea,Basic Materials,7608900
Daesang Corp,South Korea,Consumer Staples,11658763
Daetwyler Holding AG,Switzerland,Industrials,22556915
Daewoo Industrial Development Co Ltd,South Korea,Consumer Discretionary,34
Daewoong Co Ltd,South Korea,Health Care,306492
Daewoong Pharmaceutical Co Ltd,South Korea,Health Care,14178273
Dagang NeXchange Bhd,Malaysia,Technology,4451574
Dah Sing Banking Group Ltd,Hong Kong,Financials,4218662
Dah Sing Financial Holdings Ltd,Hong Kong,Financials,1676674
Dai Nippon Printing Co Ltd,Japan,Industrials,112727464
Dai Nippon Toryo Co Ltd,Japan,Industrials,533398
Dai-Dan Co Ltd,Japan,Industrials,6528302
Dai-ichi Life Holdings Inc,Japan,Financials,458353612
Daicel Corp,Japan,Industrials,54587162
Daido Metal Co Ltd,Japan,Consumer Discretionary,143309
Daido Steel Co Ltd,Japan,Basic Materials,22870284
Daiei Kankyo Co Ltd,Japan,Utilities,4335764
Daifuku Co Ltd,Japan,Industrials,149984051
Daihen Corp,Japan,Industrials,45097682
Daiho Corp,Japan,Industrials,1505991
Daiichi Jitsugyo Co Ltd,Japan,Industrials,998740
Daiichi Sankyo Co Ltd,Japan,Health Care,837306308
Daiichikosho Co Ltd,Japan,Consumer Discretionary,474682
Daiki Aluminium Industry Co Ltd,Japan,Basic Materials,641957
Daikin Industries Ltd,Japan,Industrials,640601607
Daikokutenbussan Co Ltd,Japan,Consumer Staples,3978967
Daikyonishikawa Corp,Japan,Consumer Discretionary,513443
Daimler Truck Holding AG,Germany,Industrials,62357670
Dainichiseika Color & Chemicals Manufacturing Co Ltd,Japan,Basic Materials,519693
Daiseki Co Ltd,Japan,Utilities,7218785
Daishi Hokuetsu Financial Group Inc,Japan,Financials,11454411
Daishin Securities Co Ltd,South Korea,Financials,736740
Daisyo Corp,Japan,Consumer Discretionary,102793
Daito Pharmaceutical Co Ltd,Japan,Health Care,514481
Daito Trust Construction Co Ltd,Japan,Real Estate,123639048
Daiwa House Industry Co Ltd,Japan,Consumer Discretionary,324619397
Daiwa House Logistics Trust,Singapore,Real Estate,3009691
Daiwa House REIT Investment Corp,Japan,Real Estate,65526714
Daiwa Industries Ltd,Japan,Industrials,2482247
Daiwa Office Investment Corp,Japan,Real Estate,16542371
Daiwa Securities Group Inc,Japan,Financials,100424331
Daiwa Securities Living Investments Corp,Japan,Real Estate,24412356
Daiwabo Holdings Co Ltd,Japan,Technology,14242706
Dalata Hotel Group PLC,Ireland,Consumer Discretionary,6275292
Dalmia Bharat Ltd,India,Industrials,15801631
Dalrymple Bay Infrastructure Ltd,Australia,Industrials,6750100
Dana Gas PJSC,United Arab Emirates,Energy,17876669
Dana Inc,United States,Consumer Discretionary,5490630
Danaher Corp,United States,Health Care,2186933639
Danal Co Ltd,South Korea,Industrials,222171
Danaos Corp,Greece,Industrials,14012250
Danel Adir Yeoshua Ltd,Israel,Industrials,6476434
Danieli & C Officine Meccaniche SpA,Italy,Industrials,35766136
Danone SA,France,Consumer Staples,1114462972
Danske Bank A/S,Denmark,Financials,670969090
Daol Investment & Securities Co Ltd,South Korea,Financials,35214
Daou Data Corp,South Korea,Financials,1613259
Daou Technology Inc,South Korea,Financials,1531771
Darden Restaurants Inc,United States,Consumer Discretionary,70552018
Darfon Electronics Corp,Taiwan,Technology,1202176
Darling Ingredients Inc,United States,Consumer Staples,63955951
Darma Henwa Tbk PT,Indonesia,Energy,310244
Darwin Precisions Corp,Taiwan,Technology,820586
Dassault Aviation SA,France,Industrials,72024002
Dassault Systemes SE,France,Technology,243112671
Dat Xanh Group JSC,Vietnam,Real Estate,9281681
Dat Xanh Real Estate Services JSC,Vietnam,Real Estate,1741377
Data Patterns India Ltd,India,Industrials,9543191
Data#3 Ltd,Australia,Technology,13771051
DataTec Ltd,South Africa,Technology,19180826
Datadog Inc,United States,Technology,486966262
Datagroup SE,Germany,Technology,845630
Datalogic SpA,Italy,Industrials,959311
Dave & Buster's Entertainment Inc,United States,Consumer Discretionary,1255
Davide Campari-Milano NV,Italy,Consumer Staples,61554105
Dawonsys Co Ltd,South Korea,Industrials,327769
Daxin Materials Corp,Taiwan,Basic Materials,846132
Day One Biopharmaceuticals Inc,United States,Health Care,12840158
Daya Intiguna Yasa Tbk PT,Indonesia,Consumer Discretionary,2400839
Dayamitra Telekomunikasi PT,Indonesia,Telecommunications,2792485
Dayang Enterprise Holdings Bhd,Malaysia,Energy,20112189
Dayforce Inc,United States,Technology,10278052
De Grey Mining Ltd,Australia,Basic Materials,37653932
De La Rue PLC,United Kingdom,Industrials,6426825
De' Longhi SpA,Italy,Consumer Discretionary,45070290
DeNA Co Ltd,Japan,Consumer Discretionary,13650794
Dear Life Co Ltd,Japan,Real Estate,2930589
Deckers Outdoor Corp,United States,Consumer Discretionary,386236765
Deep Yellow Ltd,Australia,Energy,5323469
Deepak Fertilisers & Petrochemicals Corp Ltd,India,Basic Materials,10840695
Deepak Nitrite Ltd,India,Basic Materials,22081527
Deere & Co,United States,Industrials,1221877924
Definity Financial Corp,Canada,Financials,41369286
Delek Automotive Systems Ltd,Israel,Consumer Discretionary,2333118
Delek US Holdings Inc,United States,Energy,41872993
Delhivery Ltd,India,Industrials,23703540
Deliveroo PLC,United Kingdom,Technology,60195358
Delivery Hero SE,Germany,Consumer Discretionary,35925432
Dell Technologies Inc,United States,Technology,448574005
Delpha Construction Co Ltd,Taiwan,Real Estate,7056945
Delta Air Lines Inc,United States,Consumer Discretionary,150334756
Delta Electronics Inc,Taiwan,Industrials,254291610
Delta Electronics Thailand PCL,Thailand,Technology,28073512
Delta Sugar Co,Egypt,Consumer Staples,1
Deluxe Corp,United States,Industrials,3209949
Dely Inc,Japan,Technology,1026215
Demant A/S,Denmark,Health Care,80884946
Deme Group NV,Belgium,Industrials,27693073
Denali Therapeutics Inc,United States,Health Care,21717091
Denso Corp,Japan,Consumer Discretionary,408965553
Dentium Co Ltd,South Korea,Health Care,145893
Dentsu Group Inc,Japan,Consumer Discretionary,4373127
Dentsu Soken Inc,Japan,Technology,19199732
Depo Auto Parts Ind Co Ltd,Taiwan,Consumer Discretionary,15192210
Derichebourg SA,France,Utilities,2964001
Dermapharm Holding SE,Germany,Health Care,23049686
Derwent London PLC,United Kingdom,Real Estate,193334341
Descartes Systems Group Inc/The,Canada,Technology,127015380
Descente Ltd,Japan,Consumer Discretionary,21922212
Desktop SA,Brazil,Telecommunications,4154470
Deterra Royalties Ltd,Australia,Basic Materials,13802041
Deutsche Bank AG,Germany,Financials,766482217
Deutsche Beteiligungs AG,Germany,Financials,1602803
Deutsche Boerse AG,Germany,Financials,953833436
Deutsche EuroShop AG,Germany,Real Estate,6988995
Deutsche Lufthansa AG,Germany,Consumer Discretionary,36887061
Deutsche Pfandbriefbank AG,Germany,Financials,3188181
Deutsche Post AG,Germany,Industrials,554757710
Deutsche Telekom AG,Germany,Telecommunications,1424241990
Deutsche Wohnen SE,Germany,Real Estate,28985156
Deutz AG,Germany,Industrials,22147585
Devsisters Co Ltd,South Korea,Consumer Discretionary,5296931
Devyani International Ltd,India,Consumer Discretionary,78978
Dexco SA,Brazil,Industrials,250549
Dexcom Inc,United States,Health Care,378829880
Dexelance SpA,Italy,Consumer Discretionary,6203878
Dexerials Corp,Japan,Technology,50804452
Dexus,Australia,Real Estate,52102787
Dexus Industria REIT,Australia,Real Estate,7389433
Dfds A/S,Denmark,Industrials,13119096
Dhani Services Ltd,India,Financials,19
DiDi Global Inc,China,Consumer Discretionary,26273835
DiaSorin SpA,Italy,Health Care,82476020
Diageo PLC,United Kingdom,Consumer Staples,1707962808
Dialight PLC,United Kingdom,Industrials,1331434
Dialog Axiata PLC,Sri Lanka,Telecommunications,721316
Dialog Group Bhd,Malaysia,Energy,23300503
Diamond Trust Bank Kenya Ltd,Kenya,Financials,3787879
DiamondRock Hospitality Co,United States,Real Estate,5838961
Dick's Sporting Goods Inc,United States,Consumer Discretionary,221693327
Dicker Data Ltd,Australia,Technology,9927365
DigiCo Infrastructure REIT,Australia,Real Estate,50077695
Digital Arts Inc,Japan,Technology,8393586
Digital China Holdings Ltd,China,Technology,197755
Digital Core REIT Management Pte Ltd,Singapore,Real Estate,8913556
Digital Daesung Co Ltd,South Korea,Consumer Discretionary,1169472
Digital Domain Holdings Ltd,Hong Kong,Consumer Discretionary,9782890
Digital Garage Inc,Japan,Technology,10777348
Digital Holdings Inc,Japan,Consumer Discretionary,78614
Digital Mobility Solutions Lanka Ltd,Sri Lanka,Technology,727922
Digital Realty Trust Inc,United States,Real Estate,3853765706
DigitalBridge Group Inc,United States,Real Estate,7757312
DigitalOcean Holdings Inc,United States,Technology,14771934
Dilip Buildcon Ltd,India,Industrials,7097
Dillard's Inc,United States,Consumer Discretionary,4483620
Dimand SA,Greece,Real Estate,4711240
Dimerco Express Corp,Taiwan,Industrials,1336916
Dino Polska SA,Poland,Consumer Staples,134781471
Diodes Inc,United States,Technology,33933362
Dios Fastigheter AB,Sweden,Real Estate,4896957
Diploma PLC,United Kingdom,Industrials,218773828
Dipula Income Fund Ltd,South Africa,Real Estate,6263448
Direcional Engenharia SA,Brazil,Consumer Discretionary,20914088
Direct Line Insurance Group PLC,United Kingdom,Financials,196843215
Disco Corp,Japan,Technology,430207565
Discover Financial Services,United States,Financials,715797793
DiscoverIE Group PLC,United Kingdom,Industrials,5051745
Discovery Ltd,South Africa,Financials,18141117
Distribuidora Internacional de Alimentacion SA,Spain,Consumer Staples,1348342
Divi's Laboratories Ltd,India,Health Care,252821473
Dixon Technologies India Ltd,India,Consumer Discretionary,89261288
DocMorris AG,Switzerland,Consumer Staples,1692386
Docebo Inc,Canada,Technology,8284330
DocuSign Inc,United States,Technology,219433813
Doganlar Mobilya Grubu Imalat Sanayi ve Ticaret AS,Türkiye,Consumer Discretionary,32
Doha Bank QPSC,Qatar,Financials,19373378
Dolby Laboratories Inc,United States,Technology,55356499
Dole PLC,Ireland,Consumer Staples,4263773
Dollar General Corp,United States,Consumer Discretionary,137002797
Dollar Tree Inc,United States,Consumer Discretionary,167994572
Dollarama Inc,Canada,Consumer Discretionary,369158788
Dom Development SA,Poland,Real Estate,7070936
Domain Costa Lazaridi SA,Greece,Consumer Staples,288924
Domain Holdings Australia Ltd,Australia,Consumer Discretionary,647645
Dometic Group AB,Sweden,Consumer Discretionary,53777613
Dominion Energy Inc,United States,Utilities,464015911
Domino's Pizza Enterprises Ltd,Australia,Consumer Discretionary,29085843
Domino's Pizza Group PLC,United Kingdom,Consumer Discretionary,691656
Domino's Pizza Inc,United States,Consumer Discretionary,247575707
Domo Inc,United States,Technology,3015372
Doms Industries Ltd,India,Consumer Staples,869179
Donaldson Co Inc,United States,Industrials,65828092
Dong-A ST Co Ltd,South Korea,Health Care,2756
Dong-A Socio Holdings Co Ltd,South Korea,Health Care,6434799
DongKook Pharmaceutical Co Ltd,South Korea,Health Care,20503595
Dongfang Electric Corp Ltd,China,Energy,4371521
Dongfeng Motor Group Co Ltd,China,Consumer Discretionary,1105879
Dongjin Semichem Co Ltd,South Korea,Basic Materials,10390835
Dongsuh Cos Inc,South Korea,Consumer Staples,713442
Dongsung Pharmaceutical Co Ltd,South Korea,Health Care,28774
Dongwon F&B Co Ltd,South Korea,Consumer Staples,14159310
Dongwon Industries Co Ltd,South Korea,Consumer Staples,171780
Dongwoon Anatech Co Ltd,South Korea,Technology,3123475
Dongyue Group Ltd,China,Basic Materials,15955673
DoorDash Inc,United States,Technology,605544118
Doosan Bobcat Inc,South Korea,Industrials,19993046
Doosan Co Ltd,South Korea,Industrials,1254083
Doosan Enerbility Co Ltd,South Korea,Industrials,112073897
Doosan Fuel Cell Co Ltd,South Korea,Energy,299588
Doosan Robotics Inc,South Korea,Industrials,36
Doosan Tesna Inc,South Korea,Technology,7776122
Dorman Products Inc,United States,Consumer Discretionary,41046881
Doshisha Co Ltd,Japan,Industrials,592231
Dottikon Es Holding AG,Switzerland,Basic Materials,3333351
DoubleUGames Co Ltd,South Korea,Consumer Discretionary,3748961
DoubleVerify Holdings Inc,United States,Technology,29050246
Douglas AG,Germany,Consumer Discretionary,37771361
Douglas Dynamics Inc,United States,Industrials,616743
Douglas Emmett Inc,United States,Real Estate,23526285
Doutor Nichires Holdings Co Ltd,Japan,Consumer Discretionary,8885149
Douzone Bizon Co Ltd,South Korea,Technology,36663294
Dover Corp,United States,Industrials,310948501
Dow Inc,United States,Basic Materials,288210650
Dowa Holdings Co Ltd,Japan,Basic Materials,16607106
Downer EDI Ltd,Australia,Industrials,32934066
Doximity Inc,United States,Health Care,4367889
Dr Ing hc F Porsche AG,Germany,Consumer Discretionary,427338478
Dr Lal PathLabs Ltd,India,Health Care,13139150
Dr Martens PLC,United Kingdom,Consumer Discretionary,1217097
Dr Reddy's Laboratories Ltd,India,Health Care,114242690
Draegerwerk AG & Co KGaA,Germany,Health Care,3188229
DraftKings Inc,United States,Consumer Discretionary,276328370
Drax Group PLC,United Kingdom,Utilities,46091555
Dream Industrial Real Estate Investment Trust,Canada,Real Estate,7166712
Dreamtech Co Ltd,South Korea,Technology,4845961
Driven Brands Holdings Inc,United States,Consumer Discretionary,1741506
DroneShield Ltd,Australia,Industrials,292797
Dropbox Inc,United States,Technology,20481693
DuPont de Nemours Inc,United States,Industrials,140039911
Dubai Electricity & Water Authority PJSC,United Arab Emirates,Utilities,168340836
Dubai Financial Market PJSC,United Arab Emirates,Financials,4549924
Dubai Islamic Bank PJSC,United Arab Emirates,Financials,46074920
Dubai Taxi Co PJSC,United Arab Emirates,Consumer Discretionary,59831408
Dubber Corp Ltd,Australia,Technology,25621
Duc Giang Chemicals JSC,Vietnam,Basic Materials,40658475
Duerr AG,Germany,Industrials,25066175
Dufu Technology Corp Bhd,Malaysia,Technology,5553075
Duk San Neolux Co Ltd,South Korea,Basic Materials,10160605
Dun & Bradstreet Holdings Inc,United States,Technology,42015930
Dunelm Group PLC,United Kingdom,Consumer Discretionary,43830354
Duolingo Inc,United States,Consumer Discretionary,152296019
Duopharma Biotech Bhd,Malaysia,Health Care,2051325
Duskin Co Ltd,Japan,Consumer Discretionary,7417835
Dutch Bros Inc,United States,Consumer Discretionary,17266177
Dutch Lady Milk Industries BHD,Malaysia,Consumer Staples,3484722
DyDo Group Holdings Inc,Japan,Consumer Staples,2274052
Dyaco International Inc,Taiwan,Consumer Discretionary,528650
Dycom Industries Inc,United States,Industrials,55802418
Dynamic Holding Co Ltd,Taiwan,Technology,2504794
Dynapack International Technology Corp,Taiwan,Industrials,3702833
Dynasty Ceramic PCL,Thailand,Industrials,307823
Dynatrace Inc,United States,Technology,192283724
Dynavax Technologies Corp,United States,Health Care,7761606
Dynavox Group AB,Sweden,Technology,305939
Dyne Therapeutics Inc,United States,Health Care,22384450
E Ink Holdings Inc,Taiwan,Technology,134212104
E-Finance for Digital & Financial Investments,Egypt,Industrials,9715433
E-MART Inc,South Korea,Consumer Discretionary,7443525
E.ON SE,Germany,Utilities,843475532
E.Sun Financial Holding Co Ltd,Taiwan,Financials,153007959
E1 Corp,South Korea,Energy,75226
E2open Parent Holdings Inc,United States,Technology,6151029
E7 Group PJSC,United Arab Emirates,Industrials,14529267
EBOS Group Ltd,New Zealand,Health Care,47858007
ECOMATE HOLDINGS BHD,Malaysia,Consumer Discretionary,2271251
EDION Corp,Japan,Consumer Discretionary,15270679
EDP Renovaveis SA,Portugal,Utilities,40469084
EDP SA,Portugal,Utilities,752343256
EFG Holding S.A.E.,Egypt,Financials,1810324
EFG International AG,Switzerland,Financials,33497976
EG Industries Bhd,Malaysia,Technology,3202561
EHang Holdings Ltd,China,Industrials,3808873
EID Parry India Ltd,India,Consumer Staples,13602435
EIH Ltd,India,Consumer Discretionary,16005093
EM Systems Co Ltd,Japan,Technology,13435
EMCOR Group Inc,United States,Industrials,299854510
EML Payments Ltd,Australia,Industrials,2849341
EMS-Chemie Holding AG,Switzerland,Basic Materials,85471675
EMSTEEL Building Materials PJSC,United Arab Emirates,Industrials,4648376
EN+ Group International PJSC,Russia,Basic Materials,1990686
ENEOS Holdings Inc,Japan,Energy,242735230
ENF Technology Co Ltd,South Korea,Basic Materials,2867230
ENN Energy Holdings Ltd,China,Utilities,63210089
ENN Natural Gas Co Ltd,China,Utilities,289912
EPAM Systems Inc,United States,Technology,170381828
EPE Capital Partners Ltd,South Africa,Financials,2311347
EPL Ltd,India,Industrials,6036910
EPR Properties,United States,Real Estate,41147943
EQT AB,Sweden,Financials,854098941
EQT Holdings Ltd,Australia,Financials,10627150
ERG SpA,Italy,Utilities,12589187
ES-Con Japan Ltd,Japan,Real Estate,2165770
ESCO Technologies Inc,United States,Industrials,13066436
ESCON Japan Reit Investment Corp,Japan,Real Estate,824637
ESPEC Corp,Japan,Industrials,3399491
ESR Group Ltd,Hong Kong,Real Estate,92808428
ESR Kendall Square REIT Co Ltd,South Korea,Real Estate,456068
ESR-REIT,Singapore,Real Estate,22394727
ESSA Industries Indonesia Tbk PT,Indonesia,Energy,8652762
EURO CREATIONS PCL,Thailand,Consumer Discretionary,320744
EVERGREEN Steel Corp,Taiwan,Basic Materials,3996852
EVERTEC Inc,United States,Industrials,6568089
EVN AG,Austria,Utilities,19819926
EVT Ltd,Australia,Consumer Discretionary,13996656
EXEO Group Inc,Japan,Industrials,33380166
EXOR NV,Netherlands,Financials,518558885
EZCORP Inc,United States,Financials,3067220
EZconn Corp,Taiwan,Telecommunications,17605881
Ea Technique M Bhd,Malaysia,Industrials,2348205
Eagers Automotive Ltd,Australia,Consumer Discretionary,15352738
Eagle Industry Co Ltd,Japan,Industrials,2579343
Eagle Materials Inc,United States,Industrials,93671577
Earth Corp,Japan,Consumer Staples,4525324
East African Breweries PLC,Kenya,Consumer Staples,31118103
East Buy Holding Ltd,China,Consumer Discretionary,1904948
East Japan Railway Co,Japan,Industrials,316261000
East Money Information Co Ltd,China,Financials,18538359
East West Bancorp Inc,United States,Financials,166589650
EastGroup Properties Inc,United States,Real Estate,100578602
Eastern & Oriental Bhd,Malaysia,Real Estate,3104353
Eastern Bankshares Inc,United States,Financials,37196399
Eastern Communications Co Ltd,China,Telecommunications,1180256
Eastern Water Resources Development and Management PCL,Thailand,Utilities,100005
Eastman Chemical Co,United States,Basic Materials,135217433
Eastroc Beverage Group Co Ltd,China,Consumer Staples,68056973
Eaton Corp PLC,United States,Industrials,1468440123
Ebara Corp,Japan,Industrials,138058298
Ebase Co Ltd,Japan,Technology,420775
Echo Marketing Inc,South Korea,Consumer Discretionary,4943922
Eckert & Ziegler SE,Germany,Health Care,25133647
Eco World Development Group Bhd,Malaysia,Real Estate,16633998
Ecolab Inc,United States,Basic Materials,509326622
Econframe Bhd,Malaysia,Industrials,1157330
Econocom Group SA/NV,Belgium,Technology,1761473
Econpile Holdings Bhd,Malaysia,Industrials,3671165
Ecopetrol SA,Colombia,Energy,9708254
Ecopro BM Co Ltd,South Korea,Industrials,10849497
Ecopro Co Ltd,South Korea,Basic Materials,7266755
Ecopro HN Co Ltd,South Korea,Industrials,539904
Ecopro Materials Co Ltd,South Korea,Basic Materials,108702
Edelweiss Financial Services Ltd,India,Financials,9382703
Edenred SE,France,Industrials,179985624
Edgewell Personal Care Co,United States,Consumer Staples,4684310
Edgewise Therapeutics Inc,United States,Health Care,1275058
Edison International,United States,Utilities,317128951
Edwards Lifesciences Corp,United States,Health Care,601727463
Efor Cay Sanayi Ticaret AS,Türkiye,Consumer Staples,8469429
Egis Technology Inc,Taiwan,Technology,7262533
Egypt Aluminium,Egypt,Basic Materials,2
Eicher Motors Ltd,India,Consumer Discretionary,178598086
Eiffage SA,France,Industrials,183368760
Eiken Chemical Co Ltd,Japan,Health Care,3263359
Einhell Germany AG,Germany,Consumer Discretionary,9163575
EirGenix Inc,Taiwan,Health Care,2242279
Eisai Co Ltd,Japan,Health Care,96362144
Eizo Corp,Japan,Technology,6586042
Ekachai Medical Care PCL,Thailand,Health Care,7445694
Ekovest BHD,Malaysia,Industrials,10031488
Ekspress Grupp AS,Estonia,Consumer Discretionary,212625
El Puerto de Liverpool SAB de CV,Mexico,Consumer Discretionary,73371949
El.En. SpA,Italy,Health Care,32801631
Elan Corp,Japan,Health Care,1878
Elan Microelectronics Corp,Taiwan,Technology,26678393
Elanco Animal Health Inc,United States,Health Care,47424431
Elang Mahkota Teknologi Tbk PT,Indonesia,Consumer Discretionary,4500447
Elastic NV,United States,Technology,102485082
Elders Ltd,Australia,Consumer Staples,5546393
Elecom Co Ltd,Japan,Technology,5766658
Elecon Engineering Co Ltd,India,Industrials,11229535
Electrolux AB,Sweden,Consumer Discretionary,39174597
Electrolux Professional AB,Sweden,Industrials,31440745
Electronic Arts Inc,United States,Consumer Discretionary,88643316
Electronics Mart India Ltd,India,Consumer Discretionary,19076502
Electrosteel Castings Ltd,India,Basic Materials,6674780
Elekta AB,Sweden,Health Care,37554161
Element Fleet Management Corp,Canada,Industrials,94517519
Elementis PLC,United Kingdom,Basic Materials,17369809
Eletromidia SA,Brazil,Consumer Discretionary,11311579
Elevance Health Inc,United States,Health Care,1180967686
Elgi Equipments Ltd,India,Industrials,15805207
Eli Lilly & Co,United States,Health Care,8279768708
Elia Group SA/NV,Belgium,Utilities,35698658
Elior Group SA,France,Consumer Discretionary,2112846
Elis SA,France,Industrials,76389645
Elisa Oyj,Finland,Telecommunications,141139838
Elite Advanced Laser Corp,Taiwan,Technology,20725148
Elite Material Co Ltd,Taiwan,Technology,99031972
Elite Semiconductor Microelectronics Technology Inc,Taiwan,Technology,7600140
Elitegroup Computer Systems Co Ltd,Taiwan,Technology,640722
Ellaktor SA,Greece,Industrials,1455899
Elme Communities,United States,Real Estate,2750158
Elmos Semiconductor SE,Germany,Technology,8801750
ElringKlinger AG,Germany,Consumer Discretionary,4
Elsoft Research Bhd,Malaysia,Technology,455688
Emaar Development PJSC,United Arab Emirates,Real Estate,138083166
Emaar Properties PJSC,United Arab Emirates,Real Estate,445263844
Emami Ltd,India,Consumer Staples,42923618
Embark Early Education Ltd,Australia,Consumer Discretionary,858580
Embassy Office Parks REIT,India,Real Estate,59662119
Embotelladora Andina SA,Chile,Consumer Staples,19325462
Embracer Group AB,Sweden,Consumer Discretionary,57151227
Emeco Holdings Ltd,Australia,Industrials,1088637
Emerald Resources NL,Australia,Basic Materials,19279463
Emerson Electric Co,United States,Industrials,871134209
Emirates Central Cooling Systems Corp,United Arab Emirates,Industrials,122108390
Emirates Integrated Telecommunications Co PJSC,United Arab Emirates,Telecommunications,10525417
Emirates NBD Bank PJSC,United Arab Emirates,Financials,212591700
Emirates Telecommunications Group Co PJSC,United Arab Emirates,Telecommunications,44355739
Emmi AG,Switzerland,Consumer Staples,39856481
Emperor Capital Group Ltd,Hong Kong,Financials,32159
Empire State Realty Trust Inc,United States,Real Estate,4724795
Employers Holdings Inc,United States,Financials,8934768
Empresa Editora EL Comercio,Peru,Consumer Discretionary,241666
Empresa Nacional de Telecomunicaciones SA,Chile,Telecommunications,22008117
Empresas CMPC SA,Chile,Basic Materials,25882762
Empyrean Technology Co Ltd,China,Technology,10228170
Enact Holdings Inc,United States,Financials,2253648
Enagas SA,Spain,Energy,62768946
Enanta Pharmaceuticals Inc,United States,Health Care,234025
Enav SpA,Italy,Industrials,14859130
Enbridge Inc,Canada,Energy,890946058
Encavis AG,Germany,Utilities,17834199
Ence Energia y Celulosa SA,Spain,Basic Materials,2625262
Enchem Co Ltd,South Korea,Basic Materials,420325
Encompass Health Corp,United States,Health Care,100636843
Encore Capital Group Inc,United States,Financials,3361241
Endeavour Group Ltd/Australia,Australia,Consumer Staples,5701581
Endeavour Mining PLC,United Kingdom,Basic Materials,79171969
Endesa SA,Spain,Utilities,68413972
Endurance Technologies Ltd,India,Consumer Discretionary,7167281
Enefit Green AS,Estonia,Utilities,6881510
Enel Americas SA,Chile,Utilities,12161522
Enel Generacion Chile SA,Chile,Utilities,11091764
Enel SpA,Italy,Utilities,1046837036
EnerSys,United States,Industrials,49222487
Energiekontor AG,Germany,Utilities,7506987
Energisa S/A,Brazil,Utilities,100940081
Energix-Renewable Energies Ltd,Israel,Utilities,1331289
Energizer Holdings Inc,United States,Consumer Staples,7276693
Energy Absolute PCL,Thailand,Utilities,256694
EnergyO Solutions Invest AB,Russia,Financials,8967
Enero Group Ltd,Australia,Consumer Discretionary,1853895
Enerpac Tool Group Corp,United States,Industrials,6533146
Eneva SA,Brazil,Utilities,12969021
Enghouse Systems Ltd,Canada,Technology,2386602
Engie Brasil Energia SA,Brazil,Utilities,730940
Engie SA,France,Utilities,718873538
Engineers India Ltd,India,Industrials,6859506
Eni SpA,Italy,Energy,604427300
Enka Insaat ve Sanayi AS,Türkiye,Industrials,38483618
Enlight Renewable Energy Ltd,Israel,Utilities,10609649
Enliven Therapeutics Inc,United States,Health Care,11015032
Ennoconn Corp,Taiwan,Technology,13581164
Ennostar Inc,Taiwan,Technology,7663723
Enphase Energy Inc,United States,Energy,45963197
Enplas Corp,Japan,Technology,3778156
Ensign Group Inc/The,United States,Health Care,90746569
Enstar Group Ltd,United States,Financials,42515753
Entain PLC,United Kingdom,Consumer Discretionary,111074794
Entegris Inc,United States,Technology,445987932
Enter Air SA,Poland,Consumer Discretionary,2133400
Entergy Corp,United States,Utilities,253229171
Enviri Corp,United States,Utilities,2473756
EnviroSuite Ltd,Australia,Technology,1498515
Envista Holdings Corp,United States,Health Care,38051801
Enzychem Lifesciences Corp,South Korea,Health Care,1082533
Eo Technics Co Ltd,South Korea,Technology,35082463
Eoflow Co Ltd,South Korea,Health Care,972514
Eoptolink Technology Inc Ltd,China,Telecommunications,38118068
Epb Group Bhd,Malaysia,Industrials,1230012
Epiroc AB,Sweden,Industrials,328401282
Episil Technologies Inc,Taiwan,Technology,6473008
Equals Group PLC,United Kingdom,Industrials,9481590
Equasens,France,Technology,1435064
Equatorial Energia SA,Brazil,Utilities,239152869
Equatorial Para Distribuidora de Energia SA,Brazil,Utilities,4951716
Equifax Inc,United States,Industrials,323924544
Equinix Inc,United States,Real Estate,1048387133
Equinox Gold Corp,Canada,Basic Materials,5305664
Equinox India Developments Ltd,India,Real Estate,8531036
Equitable Holdings Inc,United States,Financials,665049217
Equitas Small Finance Bank Ltd,India,Financials,7529149
Equity Commonwealth,United States,Real Estate,264049
Equity Group Holdings PLC/Kenya,Kenya,Financials,40862063
Equity LifeStyle Properties Inc,United States,Real Estate,160456982
Equity Residential,United States,Real Estate,2487827347
Erajaya Swasembada Tbk PT,Indonesia,Consumer Discretionary,6974196
Eramet SA,France,Basic Materials,11864568
Erawan Group PCL/The,Thailand,Consumer Discretionary,7
Eregli Demir ve Celik Fabrikalari TAS,Türkiye,Basic Materials,41402129
Erie Indemnity Co,United States,Financials,4688292
Eris Lifesciences Ltd,India,Health Care,9660486
Ermenegildo Zegna NV,United States,Consumer Discretionary,4880570
Erste Group Bank AG,Austria,Financials,347853608
Esab Corp,United States,Industrials,81199380
Escorts Kubota Ltd,India,Industrials,14774916
Esprinet SpA,Italy,Technology,111938
Esprit Holdings Ltd,Hong Kong,Consumer Discretionary,170361
Essent Group Ltd,United States,Financials,69363746
Essential Properties Realty Trust Inc,United States,Real Estate,83121814
Essential Utilities Inc,United States,Utilities,102600477
Essentra PLC,United Kingdom,Industrials,5540859
Essex Property Trust Inc,United States,Real Estate,467494203
EssilorLuxottica SA,France,Health Care,1640066163
Essity AB,Sweden,Consumer Staples,1058383911
Estee Lauder Cos Inc/The,United States,Consumer Discretionary,247746067
Esthetics International Group Bhd,Malaysia,Consumer Staples,105975
Estithmar Holding QPSC,Qatar,Industrials,2815710
Eternal Hospitality Group Co Ltd,Japan,Consumer Discretionary,2632311
Eternal Materials Co Ltd,Taiwan,Basic Materials,13835595
Etron Technology Inc,Taiwan,Technology,1385868
Etsy Inc,United States,Consumer Discretionary,74235188
Eugene Investment & Securities Co Ltd,South Korea,Financials,33243
Eugene Technology Co Ltd,South Korea,Technology,87427
Eurazeo SE,France,Financials,81652905
Eurobank Ergasias Services and Holdings SA,Greece,Financials,138075685
Eurocash SA,Poland,Consumer Staples,46318
Eurocommercial Properties NV,Netherlands,Real Estate,5493696
Eurofins Scientific SE,France,Health Care,147300519
Eurogroup Laminations SpA,Italy,Industrials,10565168
Euronet Worldwide Inc,United States,Industrials,53071713
Euronext NV,France,Financials,262290412
Eurotech SpA,Italy,Technology,161349
Eusu Holdings Co Ltd,South Korea,Industrials,164369
Eutelsat Communications SACA,France,Telecommunications,7834798
Eva Airways Corp,Taiwan,Consumer Discretionary,39154248
Eve Energy Co Ltd,China,Industrials,5677183
Ever Sunshine Services Group Ltd,China,Real Estate,198315
EverChina International Holdings Co Ltd,Hong Kong,Consumer Staples,49708
Everbright Securities Co Ltd,China,Financials,412
Evercore Inc,United States,Financials,133257152
Everest Group Ltd,United States,Financials,485387947
Everest Medicines Ltd,Hong Kong,Health Care,822456
Evergrande Property Services Group Ltd,China,Real Estate,48
Evergreen Aviation Technologies Corp,Taiwan,Industrials,2552706
Evergreen International Storage & Transport Corp,Taiwan,Industrials,10994144
Everlight Chemical Industrial Corp,Taiwan,Basic Materials,1119581
Everlight Electronics Co Ltd,Taiwan,Technology,18316355
Eversource Energy,United States,Utilities,184609252
Everus Construction Group Inc,United States,Industrials,34671553
Evolent Health Inc,United States,Health Care,12519383
Evolution AB,Sweden,Consumer Discretionary,250181501
Evolution Mining Ltd,Australia,Basic Materials,79172472
Evonik Industries AG,Germany,Basic Materials,92056963
Evotec SE,Germany,Health Care,13365328
Evraz PLC,Russia,Basic Materials,1411284
Exact Sciences Corp,United States,Health Care,67092546
Excelerate Energy Inc,United States,Utilities,1128325
Exclusive Networks SA,France,Technology,30687961
Exedy Corp,Japan,Consumer Discretionary,6621278
Exelixis Inc,United States,Health Care,94867371
Exelon Corp,United States,Utilities,471843786
Exide Industries Ltd,India,Industrials,56617081
ExlService Holdings Inc,United States,Industrials,106452353
Exosens SAS,France,Technology,14045709
Exotic Food PCL,Thailand,Consumer Staples,4326507
Expedia Group Inc,United States,Consumer Discretionary,665825846
Expeditors International of Washington Inc,United States,Industrials,104653502
Experian PLC,United Kingdom,Industrials,794547009
Experience Co Ltd,Australia,Consumer Discretionary,1829021
Exponent Inc,United States,Industrials,52380732
Extra Space Storage Inc,United States,Real Estate,932114964
Extreme Networks Inc,United States,Telecommunications,9362749
Exxon Mobil Corp,United States,Energy,6886610101
Eyebright Medical Technology Beijing Co Ltd,China,Health Care,41360714
Ez Tec Empreendimentos e Participacoes S/A,Brazil,Real Estate,8653166
Ezaki Glico Co Ltd,Japan,Consumer Staples,24243392
F&F Co Ltd / New,South Korea,Consumer Discretionary,58581001
F&G Annuities & Life Inc,United States,Financials,14321001
F-Secure Oyj,Finland,Technology,1577173
F5 Inc,United States,Technology,168105683
FACC AG,Austria,Industrials,363114
FAN Communications Inc,Japan,Technology,315625
FANUC Corp,Japan,Industrials,404624195
FCC Co Ltd,Japan,Consumer Discretionary,10729963
FD Technologies PLC,United Kingdom,Technology,12274732
FDK Corp,Japan,Industrials,137431
FDM Group Holdings PLC,United Kingdom,Industrials,1706546
FFRI Security Inc,Japan,Technology,955714
FIBI Holdings Ltd,Israel,Financials,30462665
FIBRA Macquarie Mexico,Mexico,Real Estate,19436521
FICA Empreendimentos Imobiliarios SA,Brazil,Real Estate,82893
FIDEA Holdings Co Ltd,Japan,Financials,481649
FIH Mobile Ltd,China,Telecommunications,902122
FIT Hon Teng Ltd,Hong Kong,Industrials,6998854
FLEXium Interconnect Inc,Taiwan,Technology,10045749
FLSmidth & Co A/S,Denmark,Industrials,59421292
FMC Corp,United States,Basic Materials,49888443
FNB Corp/PA,United States,Financials,50204837
FP Corp,Japan,Industrials,28040303
FP Partner Inc,Japan,Financials,912717
FPT Corp,Vietnam,Technology,55584751
FPT DIGITAL RETAIL JSC,Vietnam,Consumer Discretionary,31993082
FSN E-Commerce Ventures Ltd,India,Consumer Discretionary,53304849
FSP Technology Inc,Taiwan,Industrials,894681
FTAI Aviation Ltd,United States,Industrials,183687730
FTI Consulting Inc,United States,Industrials,15259819
FUCHS SE,Germany,Basic Materials,139074878
FUJIFILM Holdings Corp,Japan,Technology,416058987
FULLCAST Holdings Co Ltd,Japan,Industrials,102855
Fabege AB,Sweden,Real Estate,39155076
Fabrinet,United States,Technology,95083808
Fabryki Mebli Forte SA,Poland,Consumer Discretionary,1707267
FactSet Research Systems Inc,United States,Financials,8372241
Faes Farma SA,Spain,Health Care,6173160
Fagerhult Group AB,Sweden,Industrials,1147806
Fagron,Belgium,Health Care,7824319
Fair Isaac Corp,United States,Industrials,439041875
Fairfax Financial Holdings Ltd,Canada,Financials,336636073
Fairvest Ltd,South Africa,Real Estate,6342171
Falabella SA,Chile,Consumer Discretionary,44145487
Famous Brands Ltd,South Africa,Consumer Discretionary,14879131
Far EasTone Telecommunications Co Ltd,Taiwan,Telecommunications,62073337
Far East Consortium International Ltd,Hong Kong,Real Estate,2438
Far East Horizon Ltd,China,Financials,22136500
Far East Hospitality Trust,Singapore,Real Estate,7777010
Far East Orchard Ltd,Singapore,Consumer Discretionary,656435
Far Eastern Department Stores Ltd,Taiwan,Consumer Discretionary,12633860
Far Eastern International Bank,Taiwan,Financials,10955359
Far Eastern New Century Corp,Taiwan,Industrials,37511369
Faraday Technology Corp,Taiwan,Technology,34254448
Farglory Land Development Co Ltd,Taiwan,Real Estate,11510942
Farm Fresh Bhd,Malaysia,Consumer Staples,6289142
Farm Price Holdings Bhd,Malaysia,Consumer Staples,561520
Fast Accounting Co Ltd,Japan,Technology,581407
Fast Retailing Co Ltd,Japan,Consumer Discretionary,1110984698
Fastenal Co,United States,Basic Materials,513895035
Fastighets AB Balder,Sweden,Real Estate,107485080
Fastighetsbolaget Emilshus AB,Sweden,Real Estate,169410
Fastly Inc,United States,Technology,79947
Fattal Holdings 1998 Ltd,Israel,Consumer Discretionary,6868838
Fawry for Banking & Payment Technology Services SAE,Egypt,Industrials,23560994
FedEx Corp,United States,Industrials,794201905
Federal Bank Ltd,India,Financials,46283286
Federal Corp,Taiwan,Consumer Discretionary,810090
Federal Grid Co - Rosseti PJSC,Russia,Utilities,0
Federal Realty Investment Trust,United States,Real Estate,810544196
Federal Signal Corp,United States,Industrials,78192152
Federated Hermes Inc,United States,Financials,10639268
Feed One Co Ltd,Japan,Consumer Staples,393897
Fenbi Ltd,China,Consumer Discretionary,3031945
Feng Hsin Steel Co Ltd,Taiwan,Basic Materials,8542000
Feng TAY Enterprise Co Ltd,Taiwan,Consumer Discretionary,28067724
Ferguson Enterprises Inc,United States,Industrials,497737790
Ferrari NV,Italy,Consumer Discretionary,735807853
Ferrexpo PLC,United Kingdom,Basic Materials,4773421
Ferro SA,Poland,Industrials,5010477
Ferronordic AB,Sweden,Industrials,840901
Ferrotec Holdings Corp,Japan,Technology,5817124
Ferrovial SE,Spain,Industrials,436541010
Fertiglobe plc,United Arab Emirates,Basic Materials,32597098
Feytech Holdings Bhd,Malaysia,Consumer Discretionary,4246268
Fibergate Inc/Japan,Japan,Telecommunications,115993
Fibra MTY SAPI de CV,Mexico,Real Estate,12158163
Fibra Uno Administracion SA de CV,Mexico,Real Estate,1696371
Fidelity National Financial Inc,United States,Financials,155395520
Fidelity National Information Services Inc,United States,Industrials,625997466
Fielmann Group AG,Germany,Consumer Discretionary,27724092
Fiera Milano SpA,Italy,Industrials,8331633
Fifth Third Bancorp,United States,Financials,366182852
Fila Holdings Corp,South Korea,Consumer Discretionary,1606223
FinVolution Group,China,Financials,6359867
Financial Partners Group Co Ltd,Japan,Financials,16683644
Financiere de Tubize SA,Belgium,Health Care,7732145
Fincantieri SpA,Italy,Industrials,40786639
Fine Foods & Pharmaceuticals NTM,Italy,Health Care,4689370
Fine Organic Industries Ltd,India,Basic Materials,3608032
FinecoBank Banca Fineco SpA,Italy,Financials,223866940
Fineos Corp Ltd,Australia,Technology,634627
Finnair Oyj,Finland,Consumer Discretionary,1557334
Finning International Inc,Canada,Industrials,45337535
Finolex Cables Ltd,India,Industrials,15304924
Finolex Industries Ltd,India,Industrials,8794162
Fire Rock Holdings Ltd,Hong Kong,Consumer Discretionary,134
Firefinch Ltd,Australia,Basic Materials,15672
Firich Enterprises Co Ltd,Taiwan,Technology,153306
First Abu Dhabi Bank PJSC,United Arab Emirates,Financials,147161387
First Advantage Corp,United States,Industrials,2921992
First American Financial Corp,United States,Financials,75779931
First BanCorp/Puerto Rico,United States,Financials,35274934
First Bank of Toyama Ltd/The,Japan,Financials,1239521
First Capital Real Estate Investment Trust,Canada,Real Estate,8491734
First Citizens BancShares Inc/NC,United States,Financials,293496365
First Commonwealth Financial Corp,United States,Financials,4536066
First Financial Bancorp,United States,Financials,7826569
First Financial Bankshares Inc,United States,Financials,47756697
First Financial Holding Co Ltd,Taiwan,Financials,118445884
First Hawaiian Inc,United States,Financials,36266241
First Horizon Corp,United States,Financials,132418486
First Industrial Realty Trust Inc,United States,Real Estate,90489362
First International Bank Of Israel Ltd/The,Israel,Financials,48750085
First Interstate BancSystem Inc,United States,Financials,24136510
First Merchants Corp,United States,Financials,7250566
First National Financial Corp,Canada,Financials,2483791
First Quantum Minerals Ltd,Canada,Basic Materials,71154363
First Real Estate Investment Trust,Singapore,Real Estate,966319
First Solar Inc,United States,Energy,313530784
First Steamship Co Ltd,Taiwan,Industrials,620488
First Tractor Co Ltd,China,Industrials,5776942
FirstRand Ltd,South Africa,Financials,435998269
FirstService Corp,Canada,Real Estate,98689464
Firstgroup PLC,United Kingdom,Industrials,5356344
Firstsource Solutions Ltd,India,Industrials,11415103
Fiserv Inc,United States,Industrials,1428803946
Fisher & Paykel Healthcare Corp Ltd,New Zealand,Health Care,216295987
Fitipower Integrated Technology Inc,Taiwan,Technology,15721927
Fittech Co Ltd,Taiwan,Technology,1013490
Five Below Inc,United States,Consumer Discretionary,66933412
Five-Star Business Finance Ltd,India,Financials,30328422
Five9 Inc,United States,Technology,81280000
Fiverr International Ltd,United States,Technology,3154660
Fixstars Corp,Japan,Technology,549415
Flagstar Financial Inc,United States,Financials,10906164
Flat Glass Group Co Ltd,China,Industrials,7013418
FleetPartners Group Ltd,Australia,Consumer Discretionary,5881861
Fleetwood Ltd,Australia,Consumer Discretionary,3372875
Fletcher Building Ltd,New Zealand,Industrials,25308829
Fleury SA,Brazil,Health Care,82052
Flex Ltd,United States,Technology,226518890
Flight Centre Travel Group Ltd,Australia,Consumer Discretionary,22133173
Floor & Decor Holdings Inc,United States,Consumer Discretionary,51115093
Flow Traders Ltd,Netherlands,Financials,6937366
Flowers Foods Inc,United States,Consumer Staples,21702462
Flowserve Corp,United States,Industrials,94628625
Fluence Energy Inc,United States,Energy,1321311
Flughafen Zurich AG,Switzerland,Industrials,146439458
Fluidra SA,Spain,Industrials,65417169
Flutter Entertainment PLC,United Kingdom,Consumer Discretionary,937874076
Flytech Technology Co Ltd,Taiwan,Technology,1428961
Flywire Corp,United States,Industrials,11417315
Fnac Darty SA,France,Consumer Discretionary,2050171
FocalTech Systems Co Ltd,Taiwan,Technology,2517768
Focus Media Information Technology Co Ltd,China,Consumer Discretionary,38176385
Fomento Economico Mexicano SAB de CV,Mexico,Consumer Staples,189223734
Fomento de Construcciones y Contratas SA,Spain,Industrials,1039358
Food & Life Cos Ltd,Japan,Consumer Discretionary,59271654
Food Moments PCL,Thailand,Consumer Staples,2616439
Foosung Co Ltd,South Korea,Basic Materials,109104
Foot Locker Inc,United States,Consumer Discretionary,4419195
ForFarmers NV,Netherlands,Consumer Staples,1275413
Forbo Holding AG,Switzerland,Consumer Discretionary,17186091
Ford Motor Co,United States,Consumer Discretionary,380019430
Ford Otomotiv Sanayi AS,Türkiye,Consumer Discretionary,36466512
Foresight Group Holdings Ltd,United Kingdom,Financials,7965463
Forest Water Environment Engineering Co Ltd,Taiwan,Utilities,1656
FormFactor Inc,United States,Technology,9062416
Formosa International Hotels Corp,Taiwan,Consumer Discretionary,9274341
Formosa Petrochemical Corp,Taiwan,Energy,4439810
Formosa Sumco Technology Corp,Taiwan,Technology,2938401
Formosan Rubber Group Inc,Taiwan,Industrials,1026493
Formula Systems 1985 Ltd,Israel,Technology,1151473
Formycon AG,Germany,Health Care,8825101
Fortescue Ltd,Australia,Basic Materials,251615146
Forth Corp PCL,Thailand,Telecommunications,6010802
Forth Smart Service PCL,Thailand,Industrials,3197405
Fortinet Inc,United States,Technology,711536438
Fortis Healthcare Ltd,India,Health Care,72478764
Fortis Inc/Canada,Canada,Utilities,178062763
Fortive Corp,United States,Industrials,407028675
Fortnox AB,Sweden,Technology,26
Fortrea Holdings Inc,United States,Health Care,80829
Fortress Real Estate Investments Ltd,South Africa,Real Estate,10260104
Fortum Oyj,Finland,Utilities,54110337
Fortune Brands Innovations Inc,United States,Industrials,101121704
Fortune Electric Co Ltd,Taiwan,Industrials,43539789
Fortune Real Estate Investment Trust,Hong Kong,Real Estate,4148667
Forum Engineering Inc,Japan,Industrials,1766047
Forus SA,Chile,Consumer Discretionary,12881890
Forvia SE,France,Consumer Discretionary,533006
Foschini Group Ltd,South Africa,Consumer Discretionary,103098368
Foshan Haitian Flavouring & Food Co Ltd,China,Consumer Staples,18447311
Fositek Corp,Taiwan,Technology,18307737
Fossal SAA,Peru,Basic Materials,1740
Foster Electric Co Ltd,Japan,Consumer Discretionary,5168883
Fosun International Ltd,China,Industrials,25
Four Corners Property Trust Inc,United States,Real Estate,7254223
Fourlis Holdings SA,Greece,Consumer Discretionary,2129768
Fox Corp,United States,Consumer Discretionary,267070050
Fox Wizel Ltd,Israel,Consumer Discretionary,815026
Foxconn Industrial Internet Co Ltd,China,Telecommunications,30707834
Foxconn Technology Co Ltd,Taiwan,Technology,8131237
Foxsemicon Integrated Technology Inc,Taiwan,Technology,14159374
Fractyl Health Inc,United States,Health Care,206000
France Bed Holdings Co Ltd,Japan,Health Care,507733
Franchi Umberto Marmi SpA,Italy,Industrials,804951
Franchise Brands plc,United Kingdom,Industrials,4425146
Franco-Nevada Corp,Canada,Basic Materials,233224351
Franklin Electric Co Inc,United States,Industrials,56968101
Franklin Resources Inc,United States,Financials,52489215
Fraport AG Frankfurt Airport Services Worldwide,Germany,Industrials,4731286
Fraser & Neave Holdings Bhd,Malaysia,Consumer Staples,20287835
Frasers Centrepoint Trust,Singapore,Real Estate,30090193
Frasers Group PLC,United Kingdom,Consumer Discretionary,27264919
Frasers Logistics & Commercial Trust,Singapore,Real Estate,32812829
Frasers Property Ltd,Singapore,Real Estate,2559375
Freee KK,Japan,Technology,11318487
Freenet AG,Germany,Telecommunications,99923121
Freetrailer Group A/S,Denmark,Consumer Discretionary,989780
Freightways Group Ltd,New Zealand,Industrials,17067618
Fresenius Medical Care AG,Germany,Health Care,94723106
Fresenius SE & Co KGaA,Germany,Health Care,434497839
Freshpet Inc,United States,Consumer Staples,75253358
Freshworks Inc,United States,Technology,59869215
Fresnillo PLC,United Kingdom,Basic Materials,30746391
Friedrich Vorwerk Group SE,Germany,Industrials,1390159
FrontView REIT Inc,United States,Real Estate,906500
Frontage Holdings Corp,Hong Kong,Health Care,229
Frontdoor Inc,United States,Consumer Discretionary,14358365
Frontier Communications Parent Inc,United States,Telecommunications,191246690
Frontier Real Estate Investment Corp,Japan,Real Estate,21798122
Frontken Corp Bhd,Malaysia,Industrials,31447064
Fu Shou Yuan International Group Ltd,China,Consumer Discretionary,7196800
Fubon Financial Holding Co Ltd,Taiwan,Financials,346929036
Fudo Tetra Corp,Japan,Industrials,588514
Fugro NV,Netherlands,Industrials,53187897
Fuji Co Ltd/Ehime,Japan,Consumer Staples,3361470
Fuji Corp/Aichi,Japan,Industrials,15055763
Fuji Electric Co Ltd,Japan,Industrials,160115351
Fuji Kyuko Co Ltd,Japan,Consumer Discretionary,3068815
Fuji Media Holdings Inc,Japan,Consumer Discretionary,18708705
Fuji Oil Holdings Inc,Japan,Consumer Staples,43120256
Fuji Pharma Co Ltd,Japan,Health Care,306248
Fuji Seal International Inc,Japan,Industrials,7666760
Fuji Soft Inc,Japan,Technology,51972548
Fujibo Holdings Inc,Japan,Basic Materials,659333
Fujicco Co Ltd,Japan,Consumer Staples,512163
Fujikura Ltd,Japan,Industrials,279685755
Fujimi Inc,Japan,Basic Materials,6886481
Fujio Food Group Inc,Japan,Consumer Discretionary,839088
Fujita Kanko Inc,Japan,Consumer Discretionary,3039853
Fujitec Co Ltd,Japan,Industrials,28346999
Fujitsu General Ltd,Japan,Industrials,27902604
Fujitsu Ltd,Japan,Technology,587655934
Fujiya Co Ltd,Japan,Consumer Staples,1562821
Fukuda Corp,Japan,Industrials,2351743
Fukuda Denshi Co Ltd,Japan,Health Care,4847900
Fukui Bank Ltd/The,Japan,Financials,638540
Fukui Computer Holdings Inc,Japan,Technology,1249740
Fukuoka Financial Group Inc,Japan,Financials,80772241
Fukuoka REIT Corp,Japan,Real Estate,9604543
Fukushima Galilei Co Ltd,Japan,Industrials,2977040
Fukuyama Transporting Co Ltd,Japan,Industrials,2590589
Fulgent Sun International Holding Co Ltd,Taiwan,Consumer Discretionary,26322828
Full Truck Alliance Co Ltd,China,Industrials,474313245
Fulton Financial Corp,United States,Financials,38010134
Funai Soken Holdings Inc,Japan,Industrials,3912598
Funding Circle Holdings PLC,United Kingdom,Financials,12422291
Furukawa Battery Co Ltd/The,Japan,Consumer Discretionary,285792
Furukawa Co Ltd,Japan,Basic Materials,7240080
Furukawa Electric Co Ltd,Japan,Industrials,25367396
Furuno Electric Co Ltd,Japan,Industrials,2727489
Furuya Metal Co Ltd,Japan,Technology,2887821
Fusheng Precision Co Ltd,Taiwan,Consumer Discretionary,23030853
Fushun Special Steel Co Ltd,China,Basic Materials,8826839
Fuso Chemical Co Ltd,Japan,Basic Materials,14962293
Fuso Pharmaceutical Industries Ltd,Japan,Health Care,433479
Futaba Corp,Japan,Industrials,227236
Futaba Industrial Co Ltd,Japan,Consumer Discretionary,2317236
Futu Holdings Ltd,China,Financials,39163104
Future Corp,Japan,Technology,13398070
Future PLC,United Kingdom,Consumer Discretionary,12518965
Fuyao Glass Industry Group Co Ltd,China,Industrials,97012412
Fuyo General Lease Co Ltd,Japan,Consumer Discretionary,27249326
G R Infraprojects Ltd,India,Industrials,4606994
G-7 Holdings Inc,Japan,Consumer Staples,1510351
G-III Apparel Group Ltd,United States,Consumer Discretionary,3078773
G-SMATT GLOBAL Co Ltd,South Korea,Technology,295
G-Tekt Corp,Japan,Consumer Discretionary,4074997
G8 Education Ltd,Australia,Consumer Discretionary,13634430
GAMSUNG Corp Co Ltd,South Korea,Consumer Discretionary,277594
GATX Corp,United States,Industrials,55495670
GB Corp/EG,Egypt,Consumer Discretionary,0
GC Cell Corp,South Korea,Health Care,595691
GCC SAB de CV,Mexico,Industrials,113389084
GDEX Bhd,Malaysia,Industrials,3913675
GDI Property Group Partnership,Australia,Real Estate,652154
GDS Holdings Ltd,China,Technology,77428884
GE HealthCare Technologies Inc,United States,Health Care,481194616
GE Vernova Inc,United States,Industrials,1091515720
GE Vernova T&D India Ltd,India,Industrials,39650231
GEA Group AG,Germany,Industrials,171101070
GEK TERNA SA,Greece,Industrials,40721493
GEM Co Ltd,China,Utilities,1867874
GEN Ilac VE Saglik Urunleri Sanayi VE Ticaret AS,Türkiye,Health Care,27240880
GENDA INC,Japan,Consumer Discretionary,11272878
GF Securities Co Ltd,China,Financials,14774413
GFL Environmental Inc,Canada,Utilities,126446161
GFPT PCL,Thailand,Consumer Staples,0
GFT Technologies SE,Germany,Technology,10938815
GHCL Ltd,India,Basic Materials,7875275
GL Events SACA,France,Consumer Discretionary,1862031
GLOBALFOUNDRIES Inc,United States,Technology,3429281
GLP J-Reit,Japan,Real Estate,66383639
GMM Pfaudler Ltd,India,Industrials,5922735
GMO Financial Gate Inc,Japan,Technology,3017543
GMO Financial Holdings Inc,Japan,Financials,1285174
GMO Payment Gateway Inc,Japan,Industrials,38288796
GMO internet group Inc,Japan,Technology,21669921
GMR Airports Ltd,India,Industrials,35764616
GMexico Transportes SAB de CV,Mexico,Industrials,54902147
GN Store Nord AS,Denmark,Health Care,5641510
GOLFZON Co Ltd,South Korea,Consumer Discretionary,9027695
GOME Retail Holdings Ltd,China,Consumer Discretionary,2
GPI SpA,Italy,Health Care,10646357
GPS Participacoes e Empreendimentos SA,Brazil,Industrials,21160212
GPT Group/The,Australia,Real Estate,61442289
GQG Partners Inc,Australia,Financials,27678832
GRAIL Inc,United States,Health Care,1072321
GRENKE AG,Germany,Consumer Discretionary,8971577
GS Holdings Corp,South Korea,Industrials,24875844
GS P&L Co Ltd,South Korea,Consumer Staples,97914
GS Retail Co Ltd,South Korea,Consumer Staples,306844
GS Yuasa Corp,Japan,Consumer Discretionary,40245050
GSK PLC,United Kingdom,Health Care,1240416764
GT Capital Holdings Inc,Philippines,Consumer Discretionary,4205763
GTPL Hathway Ltd,India,Telecommunications,4505006
GWA Group Ltd,Australia,Industrials,1237673
GXO Logistics Inc,United States,Industrials,55266010
Gadang Holdings BHD,Malaysia,Industrials,774812
Gakken Holdings Co Ltd,Japan,Consumer Discretionary,680439
Galapagos NV,Netherlands,Health Care,25423199
Galaxy Cosmos Mezz PLC,Greece,Financials,33594
Galaxy Entertainment Group Ltd,Hong Kong,Consumer Discretionary,316524204
Galaxy Surfactants Ltd,India,Basic Materials,2465390
Galderma Group AG,Switzerland,Health Care,208969951
Galenica AG,Switzerland,Consumer Staples,72499803
Gallant Micro Machining Co Ltd,Taiwan,Technology,18408699
Gallant Precision Machining Co Ltd,Taiwan,Industrials,1544053
Gallant Venture Ltd,Singapore,Utilities,900628
Galliford Try Holdings PLC,United Kingdom,Industrials,13210803
Galp Energia SGPS SA,Portugal,Energy,172682748
Gamania Digital Entertainment Co Ltd,Taiwan,Consumer Discretionary,1283350
Gambol Pet Group Co Ltd,China,Consumer Staples,6606148
GameStop Corp,United States,Consumer Discretionary,2011652
Gamecard-Joyco Holdings Inc,Japan,Consumer Discretionary,1929196
Games Workshop Group PLC,United Kingdom,Consumer Discretionary,113259370
Gaming and Leisure Properties Inc,United States,Real Estate,176123480
Gamuda Bhd,Malaysia,Industrials,108965236
Ganfeng Lithium Group Co Ltd,China,Basic Materials,12459566
Gannett Co Inc,United States,Consumer Discretionary,1363670
Ganyuan Foods Co Ltd,China,Consumer Staples,2908604
Gaon Cable Co Ltd,South Korea,Industrials,6336442
Gaotu Techedu Inc,China,Consumer Discretionary,3583055
Gap Inc/The,United States,Consumer Discretionary,69626575
Garden Reach Shipbuilders & Engineers Ltd,India,Industrials,6728997
Garmin Ltd,United States,Consumer Discretionary,394430173
Garofalo Health Care SpA,Italy,Health Care,13572019
Gartner Inc,United States,Technology,452979934
Gas Malaysia Bhd,Malaysia,Utilities,19376812
Gates Industrial Corp PLC,United States,Industrials,56520066
Gateway Distriparks Ltd,India,Industrials,3210851
Gav-Yam Lands Corp Ltd,Israel,Real Estate,2870433
Gazprom Neft PJSC,Russia,Energy,2997728
Gazprom PJSC,Russia,Energy,13657679
Gaztransport Et Technigaz SA,France,Energy,103964813
Geberit AG,Switzerland,Industrials,377177241
Gecina SA,France,Real Estate,670388544
Gecoss Corp,Japan,Industrials,219369
Geely Automobile Holdings Ltd,China,Consumer Discretionary,101089814
GemVax & Kael Co Ltd,South Korea,Technology,37760
Gemadept Corp,Vietnam,Industrials,3685598
Gemdale Corp,China,Real Estate,553056
Gemtek Technology Corp,Taiwan,Telecommunications,1747861
Gen Digital Inc,United States,Technology,31602735
GeneDx Holdings Corp,United States,Health Care,5226480
Genenta Science S.P.A.,Italy,Health Care,1273846
Generac Holdings Inc,United States,Industrials,90912637
General Electric Co,United States,Industrials,2338123098
General Insurance Corp of India,India,Financials,15403384
General Interface Solution Holding Ltd,Taiwan,Industrials,6321817
General Mills Inc,United States,Consumer Staples,489092178
General Motors Co,United States,Consumer Discretionary,580205493
Generalfinance SpA,Italy,Financials,3677107
Generali,Italy,Financials,529820910
Genertec Universal Medical Group Co Ltd,China,Health Care,1698305
Genesis Energy Ltd,New Zealand,Utilities,8114911
Genesis Minerals Ltd,Australia,Basic Materials,40745424
Genesys Logic Inc,Taiwan,Technology,1701292
Genetec Technology Bhd,Malaysia,Industrials,9848105
Genetic Signatures Ltd,Australia,Health Care,2657183
Genexine Inc,South Korea,Health Care,1690
Genius Electronic Optical Co Ltd,Taiwan,Technology,29920524
Genki Global Dining Concepts Corp,Japan,Consumer Discretionary,3759681
Genky DrugStores Co Ltd,Japan,Consumer Staples,2662494
Genmab A/S,Denmark,Health Care,276159751
Genomma Lab Internacional SAB de CV,Mexico,Health Care,28004724
Genpact Ltd,United States,Industrials,90516309
Genscript Biotech Corp,China,Health Care,11593996
Gentera SAB de CV,Mexico,Financials,26794206
Gentex Corp,United States,Consumer Discretionary,51958952
Gentherm Inc,United States,Consumer Discretionary,2630379
Genting Malaysia Bhd,Malaysia,Consumer Discretionary,22457341
Genting Singapore Ltd,Singapore,Consumer Discretionary,40245137
Gentrack Group Ltd,New Zealand,Technology,9542615
Genuine Parts Co,United States,Consumer Discretionary,203231055
Genuit Group PLC,United Kingdom,Industrials,11573824
Genus PLC,United Kingdom,Health Care,27541874
Genus Power Infrastructures Ltd,India,Industrials,8014012
Genworth Financial Inc,United States,Financials,15033729
Geo Holdings Corp,Japan,Consumer Discretionary,2000354
Georg Fischer AG,Switzerland,Industrials,91469980
George Weston Ltd,Canada,Consumer Staples,110186631
Georgia Capital PLC,United Kingdom,Financials,13554550
Gerdau SA,Brazil,Basic Materials,132848397
Geron Corp,United States,Health Care,12864714
Gerresheimer AG,Germany,Health Care,56286780
Gestamp Automocion SA,Spain,Consumer Discretionary,8937955
Getac Holdings Corp,Taiwan,Technology,27851088
Getinge AB,Sweden,Health Care,91588055
Getlink SE,France,Industrials,60028271
Getty Realty Corp,United States,Real Estate,5217431
Giant Biogene Holding Co ltd,China,Consumer Staples,81347544
Giant Manufacturing Co Ltd,Taiwan,Consumer Discretionary,26264635
Gibraltar Industries Inc,United States,Industrials,1571393
Gibson Energy Inc,Canada,Energy,35216391
Gift Holdings Inc,Japan,Consumer Discretionary,3931980
Gigabyte Technology Co Ltd,Taiwan,Technology,83468992
Gigasolar Materials Corp,Taiwan,Energy,460347
Gigastorage Corp,Taiwan,Technology,72135
Giken Ltd,Japan,Industrials,357335
Gilat Satellite Networks Ltd,Israel,Telecommunications,6116
Gildan Activewear Inc,Canada,Consumer Discretionary,97349818
Gilead Sciences Inc,United States,Health Care,1765047434
Gillette India Ltd,India,Consumer Staples,5945323
Gimv NV,Belgium,Financials,21501974
Ginebra San Miguel Inc,Philippines,Consumer Staples,191114
Giordano International Ltd,Hong Kong,Consumer Discretionary,413042
Gitlab Inc,United States,Technology,279089378
Givaudan SA,Switzerland,Basic Materials,837369753
Glacier Bancorp Inc,United States,Financials,56922813
Glanbia PLC,Ireland,Consumer Staples,76833650
Gland Pharma Ltd,India,Health Care,29554080
Glaukos Corp,United States,Health Care,97752183
GlaxoSmithKline Pharmaceuticals Ltd,India,Health Care,11868315
Glenmark Life Sciences Ltd,India,Health Care,2260963
Glenmark Pharmaceuticals Ltd,India,Health Care,172329068
Global Brands Manufacture Ltd,Taiwan,Technology,8382528
Global Data Centre Group,Australia,Financials,1681319
Global Dominion Access SA,Spain,Industrials,1966651
Global Health Ltd/India,India,Health Care,111847239
Global Link Management KK,Japan,Real Estate,1599023
Global Mixed Mode Technology Inc,Taiwan,Technology,2069844
Global Net Lease Inc,United States,Real Estate,3218979
Global One Real Estate Investment Corp,Japan,Real Estate,6146239
Global Payments Inc,United States,Industrials,339969309
Global Ports Investments PLC,Russia,Industrials,189525
Global Power Synergy PCL,Thailand,Utilities,1255268
Global Security Experts Inc,Japan,Industrials,5141308
Global Tax Free Co Ltd,South Korea,Consumer Discretionary,3101665
Global Unichip Corp,Taiwan,Technology,124013939
Global-e Online Ltd,United States,Technology,49564389
GlobalData PLC,United Kingdom,Industrials,6562681
Globaltrans Investment PLC,Russia,Industrials,322445
Globalwafers Co Ltd,Taiwan,Technology,34618875
Globalworth Real Estate Investments Ltd,Romania,Real Estate,1736183
Globant SA,United States,Technology,19444034
Globe Life Inc,United States,Financials,112453868
Globe Telecom Inc,Philippines,Telecommunications,99392896
Globe Union Industrial Corp,Taiwan,Industrials,14867
Globus Medical Inc,United States,Health Care,117101893
Gloria Material Technology Corp,Taiwan,Basic Materials,2783022
Glory Ltd,Japan,Industrials,5249839
Glory Sun Land Group Ltd,China,Real Estate,8452
Go Digit General Insurance Ltd,India,Financials,7830478
GoDaddy Inc,United States,Technology,350114840
GoTo Gojek Tokopedia Tbk PT,Indonesia,Technology,43042415
Godawari Power and Ispat Ltd,India,Basic Materials,6975441
Godo Steel Ltd,Japan,Basic Materials,227348
Godrej Agrovet Ltd,India,Consumer Staples,4275375
Godrej Consumer Products Ltd,India,Consumer Staples,121349578
Godrej Industries Ltd,India,Industrials,9460095
Godrej Properties Ltd,India,Real Estate,112051578
GoerTek Inc,China,Industrials,3654146
Gol Linhas Aereas Inteligentes SA,Brazil,Consumer Discretionary,174204
Golar LNG Ltd,United States,Energy,42
Gold Circuit Electronics Ltd,Taiwan,Technology,90738721
Gold Fields Ltd,South Africa,Basic Materials,169704075
Gold Road Resources Ltd,Australia,Basic Materials,24217212
Goldcrest Co Ltd,Japan,Real Estate,2615140
Goldcup Electric Apparatus Co Ltd,China,Industrials,18341434
Golden Solar New Energy Technology Holdings Ltd,China,Consumer Discretionary,2897
Goldman Sachs Group Inc/The,United States,Financials,1565974835
Goldsun Building Materials Co Ltd,Taiwan,Industrials,29976015
Goldwin Inc,Japan,Consumer Discretionary,23854710
Goneo Group Co Ltd,China,Industrials,15147051
Goodman Group,Australia,Real Estate,712990566
Goodman Property Trust,New Zealand,Real Estate,13079909
Goodyear Tire & Rubber Co/The,United States,Consumer Discretionary,39626397
Grab Holdings Ltd,United States,Consumer Discretionary,151194032
Graco Inc,United States,Industrials,177434159
Grafton Group PLC,United Kingdom,Industrials,53423272
Graham Holdings Co,United States,Consumer Discretionary,8156812
GrainCorp Ltd,Australia,Consumer Staples,17473314
Grainger PLC,United Kingdom,Real Estate,190749636
GrameenPhone Ltd,Bangladesh,Telecommunications,31338092
Grand Baoxin Auto Group Ltd,China,Consumer Discretionary,1
Grand Canyon Education Inc,United States,Consumer Discretionary,57837616
Grand City Properties SA,Germany,Real Estate,19948695
Grand Pacific Petrochemical,Taiwan,Basic Materials,1399636
Grand Process Technology Corp,Taiwan,Technology,51365432
Granges AB,Sweden,Basic Materials,20587943
Granite Construction Inc,United States,Industrials,31854518
Granite Real Estate Investment Trust,Canada,Real Estate,38737463
Granules India Ltd,India,Health Care,10609101
Grape King Bio Ltd,Taiwan,Consumer Staples,20949016
Graphic Packaging Holding Co,United States,Industrials,98267732
Graphisoft Park SE,Hungary,Real Estate,293784
Graphite India Ltd,India,Industrials,5237581
Grasim Industries Ltd,India,Industrials,261600202
Gray Television Inc,United States,Consumer Discretionary,2170035
Great Eastern Shipping Co Ltd/The,India,Industrials,12427808
Great Lakes Dredge & Dock Corp,United States,Industrials,946102
Great Portland Estates PLC,United Kingdom,Real Estate,138338937
Great Taipei Gas Co Ltd,Taiwan,Utilities,107598
Great Tree Pharmacy Co Ltd,Taiwan,Consumer Staples,5233569
Great Wall Enterprise Co Ltd,Taiwan,Consumer Staples,14705070
Great Wall Motor Co Ltd,China,Consumer Discretionary,33879146
Great-West Lifeco Inc,Canada,Financials,113189435
Greatech Technology Bhd,Malaysia,Industrials,19698362
Greatek Electronics Inc,Taiwan,Technology,10626500
Greater Than AB,Sweden,Technology,685984
Gree Electric Appliances Inc of Zhuhai,China,Consumer Discretionary,14772856
Gree Inc,Japan,Consumer Discretionary,1821177
Green Cross Corp/South Korea,South Korea,Health Care,16238085
Green Cross Holdings Corp,South Korea,Health Care,10470502
Greenbrier Cos Inc/The,United States,Industrials,14257205
Greencore Group PLC,United Kingdom,Consumer Staples,6084764
Greentown China Holdings Ltd,China,Real Estate,10158886
Greentown Service Group Co Ltd,China,Real Estate,5700662
Greggs PLC,United Kingdom,Consumer Staples,58228589
Greif Inc,United States,Industrials,4218502
Grendene SA,Brazil,Consumer Discretionary,488922
Griffon Corp,United States,Industrials,21451201
Grifols SA,Spain,Health Care,57418399
Grindr Inc,United States,Technology,6035094
Grindwell Norton Ltd,India,Basic Materials,11607699
Group 1 Automotive Inc,United States,Consumer Discretionary,65720955
Group Lease PCL,Thailand,Financials,3600
Groupe Bruxelles Lambert NV,Belgium,Financials,317681009
Groupe LDLC,France,Technology,1706525
Growthpoint Properties Australia Ltd,Australia,Real Estate,4740253
Growthpoint Properties Ltd,South Africa,Real Estate,10529633
Gruma SAB de CV,Mexico,Consumer Staples,16
Grupa Kety SA,Poland,Basic Materials,9913814
Grupo Aeroportuario del Centro Norte SAB de CV,Mexico,Industrials,71013045
Grupo Aeroportuario del Pacifico SAB de CV,Mexico,Industrials,8003336
Grupo Aeroportuario del Sureste SAB de CV,Mexico,Industrials,181540533
Grupo Argos SA/Colombia,Colombia,Industrials,16219794
Grupo Bimbo SAB de CV,Mexico,Consumer Staples,563148
Grupo Casas Bahia SA,Brazil,Consumer Discretionary,7
Grupo Comercial Chedraui SA de CV,Mexico,Consumer Discretionary,28149891
Grupo Financiero Banorte SAB de CV,Mexico,Financials,227698602
Grupo Industrial Saltillo SAB de CV,Mexico,Industrials,4773244
Grupo Mateus SA,Brazil,Consumer Discretionary,42167153
Grupo Mexico SAB de CV,Mexico,Basic Materials,220236748
Grupo Pochteca SAB de CV,Mexico,Basic Materials,783968
Grupo Rotoplas SAB de CV,Mexico,Utilities,11187304
Grupo SBF SA,Brazil,Consumer Discretionary,12251
Grupo Televisa SAB,Mexico,Consumer Discretionary,2505566
Grupo Traxion SAB de CV,Mexico,Industrials,12693396
Guan Chong Bhd,Malaysia,Consumer Staples,34411156
Guangdong Haid Group Co Ltd,China,Consumer Staples,352424413
Guangdong Investment Ltd,China,Utilities,9436387
Guangdong Provincial Expressway Development Co Ltd,China,Industrials,7279975
Guangshen Railway Co Ltd,China,Industrials,6038473
Guangxi Liugong Machinery Co Ltd,China,Industrials,77033266
Guangzhou Automobile Group Co Ltd,China,Consumer Discretionary,496973
Guangzhou Baiyunshan Pharmaceutical Holdings Co Ltd,China,Health Care,2621773
Guangzhou Tinci Materials Technology Co Ltd,China,Basic Materials,5005278
Guardant Health Inc,United States,Health Care,36438268
Gudeng Precision Industrial Co Ltd,Taiwan,Technology,45715626
Guess? Inc,United States,Consumer Discretionary,765230
Guidewire Software Inc,United States,Technology,32539817
Gujarat Gas Ltd,India,Utilities,13468329
Gujarat Narmada Valley Fertilizers & Chemicals Ltd,India,Basic Materials,5898964
Gujarat Pipavav Port Ltd,India,Industrials,38929744
Gujarat State Fertilizers & Chemicals Ltd,India,Basic Materials,5277470
Gujarat State Petronet Ltd,India,Utilities,62284804
Gulf Bank KSCP,Kuwait,Financials,95820231
Gulf Energy Development PCL,Thailand,Utilities,147574741
Gulf International Services QSC,Qatar,Energy,14414326
GungHo Online Entertainment Inc,Japan,Consumer Discretionary,3320487
Gunkul Engineering PCL,Thailand,Utilities,862351
Gunma Bank Ltd/The,Japan,Financials,64874292
Gunosy Inc,Japan,Technology,119685
Gunze Ltd,Japan,Consumer Discretionary,4184112
Guotai Junan International Holdings Ltd,Hong Kong,Financials,5337480
Guotai Junan Securities Co Ltd,China,Financials,363582
Gurunavi Inc,Japan,Technology,214981
Guzman y Gomez Ltd,Australia,Consumer Discretionary,13189842
Gwangju Shinsegae Co Ltd,South Korea,Consumer Discretionary,991166
H & M Hennes & Mauritz AB,Sweden,Consumer Discretionary,82688525
H Lundbeck A/S,Denmark,Health Care,43296831
H World Group Ltd,China,Consumer Discretionary,219932218
H&E Equipment Services Inc,United States,Industrials,5110983
H&R Block Inc,United States,Consumer Discretionary,57252616
H&R Real Estate Investment Trust,Canada,Real Estate,4990900
H.U. Group Holdings Inc,Japan,Health Care,920253
H2O Retailing Corp,Japan,Consumer Discretionary,27823759
HA Sustainable Infrastructure Capital Inc,United States,Real Estate,30556553
HAESUNG DS Co Ltd,South Korea,Technology,7820
HAP Seng Consolidated Bhd,Malaysia,Industrials,4679660
HB Fuller Co,United States,Industrials,44874267
HBL Engineering Ltd,India,Industrials,9321625
HCA Healthcare Inc,United States,Health Care,828544865
HCL Technologies Ltd,India,Technology,269748596
HD HYUNDAI MIPO,South Korea,Industrials,40912127
HD Hyundai Co Ltd,South Korea,Energy,62546306
HD Hyundai Construction Equipment Co Ltd,South Korea,Industrials,14838601
HD Hyundai Electric Co Ltd,South Korea,Industrials,220811767
HD Hyundai Heavy Industries Co Ltd,South Korea,Industrials,111411037
HD Hyundai Marine Solution Co Ltd,South Korea,Industrials,18064751
HD Korea Shipbuilding & Offshore Engineering Co Ltd,South Korea,Industrials,119873733
HD Renewable Energy Co Ltd,Taiwan,Energy,5297488
HDC Holdings Co Ltd,South Korea,Industrials,11657530
HDFC Asset Management Co Ltd,India,Financials,131133561
HDFC Bank Ltd,India,Financials,2041648205
HDFC Life Insurance Co Ltd,India,Financials,149687211
HEG Ltd,India,Industrials,4661323
HEICO Corp,United States,Industrials,290007271
HELLENiQ ENERGY Holdings S.A.,Greece,Energy,4199534
HF Sinclair Corp,United States,Energy,41316625
HFCL Ltd,India,Telecommunications,13080598
HI-LEX CORP,Japan,Consumer Discretionary,511850
HIS Co Ltd,Japan,Consumer Discretionary,2613956
HK inno N Corp,South Korea,Health Care,7774586
HL Holdings Corp,South Korea,Consumer Discretionary,8892222
HL Mando Co Ltd,South Korea,Consumer Discretionary,4041499
HLB Global Co Ltd,South Korea,Consumer Staples,17718
HLB Inc,South Korea,Health Care,546
HLB Life Science CO LTD,South Korea,Health Care,857610
HLB Therapeutics Co Ltd,South Korea,Health Care,79870
HMC Capital Ltd,Australia,Real Estate,20683121
HMM Co Ltd,South Korea,Industrials,45374841
HMS Networks AB,Sweden,Telecommunications,26523233
HNI Corp,United States,Consumer Discretionary,7075978
HOCHTIEF AG,Germany,Industrials,68773766
HP Inc,United States,Technology,222749478
HPSP Co Ltd,South Korea,Technology,261588
HS Hyosung Advanced Materials Corp,South Korea,Basic Materials,119
HS Hyosung Corp,South Korea,Industrials,3123
HS Industries Co Ltd,South Korea,Consumer Discretionary,4309891
HSBC Holdings PLC,United Kingdom,Financials,3776698753
HSS Engineers Bhd,Malaysia,Industrials,3639495
HTC Corp,Taiwan,Telecommunications,2184
HUA ENG Wire & Cable Co Ltd,Taiwan,Industrials,790
HUB24 Ltd,Australia,Financials,42942748
HUGO BOSS AG,Germany,Consumer Discretionary,71998542
HUTCHMED China Ltd,Hong Kong,Health Care,37167374
HUYA Inc,China,Technology,281992
HYBE Co Ltd,South Korea,Consumer Discretionary,45240845
HYUNDAI Corp,South Korea,Industrials,198389
Ha Do Group JSC,Vietnam,Real Estate,6458334
Haad Thip PCL,Thailand,Consumer Staples,3526671
Hachijuni Bank Ltd/The,Japan,Financials,39909668
Haci Omer Sabanci Holding AS,Türkiye,Financials,16609000
Hackett Group Inc/The,United States,Technology,565248
Haemonetics Corp,United States,Health Care,32802657
Haichang Ocean Park Holdings Ltd,China,Consumer Discretionary,1442
Haidilao International Holding Ltd,China,Consumer Discretionary,16387258
Haier Smart Home Co Ltd,China,Consumer Discretionary,198475106
Hainan Drinda New Energy Technology Co Ltd,China,Energy,1321925
Hainan Jinpan Smart Technology Co Ltd,China,Industrials,13822133
Hainan Meilan International Airport Co Ltd,China,Industrials,731931
Haitian International Holdings Ltd,China,Industrials,33235001
Haitong Securities Co Ltd,China,Financials,61422837
Hakuhodo DY Holdings Inc,Japan,Consumer Discretionary,21119009
Hakuto Co Ltd,Japan,Technology,2085368
Haleon PLC,United Kingdom,Health Care,696248564
Halfords Group PLC,United Kingdom,Consumer Discretionary,4431312
Halliburton Co,United States,Energy,295052910
Halma PLC,United Kingdom,Industrials,226977565
Halows Co Ltd,Japan,Consumer Staples,3922833
Halozyme Therapeutics Inc,United States,Health Care,60054332
Hamakyorex Co Ltd,Japan,Industrials,4457846
Hamamatsu Photonics KK,Japan,Technology,56756352
Hamilton Lane Inc,United States,Financials,68909132
Hammerson PLC,United Kingdom,Real Estate,28917513
Hana Financial Group Inc,South Korea,Financials,124938237
Hana Materials Inc,South Korea,Technology,5765409
Hana Microelectronics PCL,Thailand,Technology,1236082
Hana Micron Inc,South Korea,Technology,538997
Hana Tour Service Inc,South Korea,Consumer Discretionary,737807
Hanall Biopharma Co Ltd,South Korea,Health Care,9965243
Hancock & Gore Ltd,Australia,Financials,2567918
Hancock Whitney Corp,United States,Financials,54605416
Hancom Inc,South Korea,Technology,246231
Handsome Co Ltd,South Korea,Consumer Discretionary,5477784
Hanesbrands Inc,United States,Consumer Discretionary,300895
Hang Lung Group Ltd,Hong Kong,Real Estate,18652978
Hang Lung Properties Ltd,Hong Kong,Real Estate,24723398
Hang Seng Bank Ltd,Hong Kong,Financials,54245823
Hangcha Group Co Ltd,China,Industrials,24206073
Hangzhou GreatStar Industrial Co Ltd,China,Industrials,59291449
Hangzhou Honghua Digital Technology Stock Co Ltd,China,Industrials,11960426
Hangzhou Oxygen Plant Group Co Ltd,China,Basic Materials,64906708
Hangzhou Robam Appliances Co Ltd,China,Consumer Discretionary,28913161
Hangzhou Silan Microelectronics Co Ltd,China,Technology,1324286
Hangzhou Steam Turbine Power Group Co Ltd,China,Industrials,5186152
Hangzhou Tigermed Consulting Co Ltd,China,Health Care,9915697
Hanil Cement Co Ltd/New,South Korea,Industrials,1864741
Hanil Holdings Co Ltd,South Korea,Industrials,3231595
Hanjin Kal Corp,South Korea,Consumer Discretionary,779224
Hankook & Co Co Ltd,South Korea,Consumer Discretionary,487389
Hankook Shell Oil Co Ltd,South Korea,Energy,259836
Hankyu Hanshin Holdings Inc,Japan,Industrials,92669565
Hankyu Hanshin REIT Inc,Japan,Real Estate,5825973
Hanmi Pharm Co Ltd,South Korea,Health Care,29216453
Hanmi Science Co ltd,South Korea,Health Care,91622
Hanmi Semiconductor Co Ltd,South Korea,Technology,2862154
HannStar Display Corp,Taiwan,Technology,11
Hannover Rueck SE,Germany,Financials,179556235
HannsTouch Holdings Co,Taiwan,Technology,623788
Hannstar Board Corp,Taiwan,Technology,4710101
Hanon Systems,South Korea,Consumer Discretionary,489486
Hanover Insurance Group Inc/The,United States,Financials,67927909
Hansa Biopharma AB,Sweden,Health Care,1013710
Hansen Technologies Ltd,Australia,Technology,22146948
Hansoh Pharmaceutical Group Co Ltd,China,Health Care,22806241
Hansol Chemical Co Ltd,South Korea,Basic Materials,46837433
Hansol Technics Co Ltd,South Korea,Technology,120557
Hanssem Co Ltd,South Korea,Consumer Discretionary,215374
Hanwa Co Ltd,Japan,Basic Materials,24383399
Hanwha Aerospace Co Ltd,South Korea,Industrials,96444244
Hanwha Engine,South Korea,Industrials,12814
Hanwha Galleria Corp,South Korea,Consumer Discretionary,10672
Hanwha General Insurance Co Ltd,South Korea,Financials,67613
Hanwha Industrial Solutions Co Ltd/ New,South Korea,Industrials,31842644
Hanwha Investment & Securities Co Ltd,South Korea,Financials,2303
Hanwha Life Insurance Co Ltd,South Korea,Financials,1189412
Hanwha Solutions Corp,South Korea,Energy,19930493
Hanwha Systems Co Ltd,South Korea,Industrials,24249862
Hanyang Eng Co Ltd,South Korea,Industrials,623304
Hanza AB,Sweden,Industrials,867706
Happiest Minds Technologies Ltd,India,Technology,7077681
Hapvida Participacoes e Investimentos S/A,Brazil,Health Care,70380568
Harel Insurance Investments & Financial Services Ltd,Israel,Financials,30184753
Hargreaves Lansdown PLC,United Kingdom,Financials,129396344
Harim Holdings Co Ltd,South Korea,Consumer Staples,2437690
Harley-Davidson Inc,United States,Consumer Discretionary,11010074
Harmonic Drive Systems Inc,Japan,Industrials,30774595
Harmony Biosciences Holdings Inc,United States,Health Care,16117988
Harmony Gold Mining Co Ltd,South Africa,Basic Materials,19632965
Harrow Inc,United States,Health Care,9455195
Hartalega Holdings Bhd,Malaysia,Health Care,26365947
Hartford Financial Services Group Inc/The,United States,Financials,409695780
Harvey Norman Holdings Ltd,Australia,Consumer Discretionary,5746018
Hasbro Inc,United States,Consumer Discretionary,96358816
Haseko Corp,Japan,Consumer Discretionary,56757126
HashiCorp Inc,United States,Technology,161190370
Hathway Cable & Datacom Ltd,India,Telecommunications,3582777
Hatton National Bank PLC,Sri Lanka,Financials,18325124
Havas NV,Netherlands,Consumer Discretionary,22684406
Havells India Ltd,India,Industrials,179536495
Hayleys Fabric PLC,Sri Lanka,Consumer Discretionary,2236616
Hays PLC,United Kingdom,Industrials,26449016
Hayward Holdings Inc,United States,Industrials,6538035
Hazama Ando Corp,Japan,Industrials,19947265
HeadHunter Group PLC,Russia,Industrials,878964
Healius Ltd,Australia,Health Care,5914080
Health & Happiness H&H International Holdings Ltd,China,Consumer Staples,1140436
Health Care & Medical Investment Corp,Japan,Real Estate,1116773
HealthEquity Inc,United States,Health Care,85820558
HealthStream Inc,United States,Health Care,3648668
Healthcare Realty Trust Inc,United States,Real Estate,76825146
Healthpeak Properties Inc,United States,Real Estate,164148001
Heartland Express Inc,United States,Industrials,101
Heartland Financial USA Inc,United States,Financials,53131817
Heartland Group Holdings Ltd,New Zealand,Financials,2505
Hecla Mining Co,United States,Basic Materials,7854679
Heidelberg Materials AG,Germany,Industrials,260204434
Heilongjiang Agriculture Co Ltd,China,Consumer Staples,1765086
Heineken Holding NV,Netherlands,Consumer Staples,388192707
Heineken Malaysia Bhd,Malaysia,Consumer Staples,3337369
Heineken NV,Netherlands,Consumer Staples,409507162
Heiwa Corp,Japan,Consumer Discretionary,19807988
Heiwa Real Estate Co Ltd,Japan,Real Estate,6047849
Heiwa Real Estate REIT Inc,Japan,Real Estate,7503704
Heiwado Co Ltd,Japan,Consumer Staples,9735925
Hela Apparel Holdings PLC,Sri Lanka,Consumer Discretionary,703439
Helen of Troy Ltd,United States,Consumer Discretionary,179
Helia Group Ltd,Australia,Financials,17008873
Helical PLC,United Kingdom,Real Estate,5858937
Helios Technologies Inc,United States,Industrials,3852298
Hella GmbH & Co KGaA,Germany,Consumer Discretionary,39598565
Hellenic Exchanges - Athens Stock Exchange SA,Greece,Financials,7985880
Hellenic Telecommunications Organization SA,Greece,Telecommunications,45230704
Hello Group Inc,China,Technology,16325501
HelloFresh SE,Germany,Consumer Staples,64441422
Helmerich & Payne Inc,United States,Energy,21571618
Helvetia Holding AG,Switzerland,Financials,74445134
Hemas Holdings PLC,Sri Lanka,Health Care,2395938
Hemisphere Properties India Ltd,India,Real Estate,394661
Hemnet Group AB,Sweden,Real Estate,54690069
Henan Pinggao Electric Co Ltd,China,Industrials,32440188
Henderson Land Development Co Ltd,Hong Kong,Real Estate,39612685
Hengan International Group Co Ltd,China,Consumer Staples,11804892
Henkel AG & Co KGaA,Germany,Consumer Discretionary,415332473
Hennge KK,Japan,Technology,2589081
Henry Schein Inc,United States,Health Care,103301276
Hensoldt AG,Germany,Industrials,58313045
Hera SpA,Italy,Utilities,71362527
Herc Holdings Inc,United States,Industrials,183785660
Hermes International SCA,France,Consumer Discretionary,1532949794
Hero MotoCorp Ltd,India,Consumer Discretionary,222164553
Hershey Co/The,United States,Consumer Staples,477736
Hess Midstream LP,United States,Energy,7069027
Hewlett Packard Enterprise Co,United States,Technology,113381353
Hexagon AB,Sweden,Technology,357897877
Hexcel Corp,United States,Basic Materials,60241408
Hexpol AB,Sweden,Basic Materials,50510734
Hey Song Corp,Taiwan,Consumer Staples,1573947
HiProMine SA,Poland,Consumer Staples,1859943
Hiap Teck Venture Bhd,Malaysia,Basic Materials,1099332
Hibino Corp,Japan,Consumer Discretionary,298874
Hibiya Engineering Ltd,Japan,Industrials,1520024
Hiday Hidaka Corp,Japan,Consumer Discretionary,1504557
Hidrovias do Brasil SA,Brazil,Industrials,10615654
Highfield Resources Ltd,Australia,Basic Materials,237888
Hightech Payment Systems SA,Morocco,Industrials,9174433
Highwealth Construction Corp,Taiwan,Real Estate,34586000
Highwoods Properties Inc,United States,Real Estate,32726563
Hikal Ltd,India,Health Care,11147532
Hikari Tsushin Inc,Japan,Telecommunications,106132623
Hikma Pharmaceuticals PLC,United Kingdom,Health Care,58607409
Hilan Ltd,Israel,Technology,9279295
Hill & Smith PLC,United Kingdom,Basic Materials,38681249
Hillenbrand Inc,United States,Industrials,3262526
Hilltop Holdings Inc,United States,Financials,789415
Hilton Food Group PLC,United Kingdom,Consumer Staples,9100546
Hilton Grand Vacations Inc,United States,Consumer Discretionary,33047400
Hilton Worldwide Holdings Inc,United States,Consumer Discretionary,685824758
Himadri Speciality Chemical Ltd,India,Basic Materials,15942836
Hindustan Aeronautics Ltd,India,Industrials,103622052
Hindustan Construction Co Ltd,India,Industrials,7197392
Hindustan Copper Ltd,India,Basic Materials,6421835
Hindustan Petroleum Corp Ltd,India,Energy,47674742
Hindustan Unilever Ltd,India,Consumer Staples,250751522
Hino Motors Ltd,Japan,Industrials,7016261
Hioki EE Corp,Japan,Industrials,3302832
Hipages Group Holdings Ltd,Australia,Technology,1340328
Hirata Corp,Japan,Industrials,758755
Hirogin Holdings Inc,Japan,Financials,34844092
Hirose Electric Co Ltd,Japan,Technology,89589742
Hisaka Works Ltd,Japan,Industrials,443029
Hisamitsu Pharmaceutical Co Inc,Japan,Health Care,26509014
Hiscox Ltd,United Kingdom,Financials,149373707
Hisense Home Appliances Group Co Ltd,China,Consumer Discretionary,47252870
Hitachi Construction Machinery Co Ltd,Japan,Industrials,12872743
Hitachi Energy India Ltd,India,Industrials,20993317
Hitachi Ltd,Japan,Industrials,2368668833
Hitit Bilgisayar Hizmetleri AS,Türkiye,Technology,7203451
Hito Communications Holdings Inc,Japan,Industrials,206064
Hiwin Mikrosystem Corp,Taiwan,Industrials,11307752
Hiwin Technologies Corp,Taiwan,Industrials,90104475
Ho Tung Chemical Corp,Taiwan,Basic Materials,1181802
Hoa Phat Group JSC,Vietnam,Industrials,33860835
Hoa Sen Group,Vietnam,Basic Materials,1572292
Hoang Huy Investment Financial Services JSC,Vietnam,Real Estate,3061518
Hochiki Corp,Japan,Industrials,3976713
Hochschild Mining PLC,United Kingdom,Basic Materials,3673989
Hodogaya Chemical Co Ltd,Japan,Basic Materials,478939
Hogy Medical Co Ltd,Japan,Health Care,4548708
Hokkaido Gas Co Ltd,Japan,Utilities,532578
Hokkan Holdings Ltd,Japan,Industrials,475772
Hokkoku Financial Holdings Inc,Japan,Financials,3129880
Hokuetsu Corp,Japan,Basic Materials,9679321
Hokuhoku Financial Group Inc,Japan,Financials,9094037
Hokuto Corp,Japan,Consumer Staples,3990176
Holcim AG,Switzerland,Industrials,1452874063
Holding Co ADMIE IPTO SA,Greece,Utilities,15771830
Hollywood Bowl Group PLC,United Kingdom,Consumer Discretionary,4251859
Holmen AB,Sweden,Basic Materials,455463826
Hologic Inc,United States,Health Care,129994634
Holtek Semiconductor Inc,Taiwan,Technology,1091244
Holy Stone Enterprise Co Ltd,Taiwan,Technology,1758105
Home BancShares Inc/AR,United States,Financials,60168573
Home Depot Inc/The,United States,Consumer Discretionary,4952991776
Home First Finance Co India Ltd,India,Financials,69049918
Home Product Center PCL,Thailand,Consumer Discretionary,18264803
Home Reit PLC,United Kingdom,Real Estate,0
HomeCo Daily Needs REIT,Australia,Real Estate,14416354
Hon Hai Precision Industry Co Ltd,Taiwan,Technology,1037155950
Hon Precision Inc,Taiwan,Technology,43187539
Honasa Consumer Ltd,India,Consumer Discretionary,10473621
Honda Motor Co Ltd,Japan,Consumer Discretionary,913677296
Honeywell Automation India Ltd,India,Industrials,12000639
Hong Kong & China Gas Co Ltd,Hong Kong,Utilities,112747887
Hong Kong Exchanges & Clearing Ltd,Hong Kong,Financials,885499622
Hong Kong Technology Venture Co Ltd,Hong Kong,Technology,823574
Hong Leong Bank Bhd,Malaysia,Financials,63244473
Hong Leong Capital Bhd,Malaysia,Financials,2662955
Hong Leong Financial Group Bhd,Malaysia,Financials,22990376
Hong Leong Industries Bhd,Malaysia,Consumer Discretionary,17643862
Hong Pu Real Estate Development Co Ltd,Taiwan,Real Estate,950767
Hongfa Technology Co Ltd,China,Technology,182838465
Hongkong Land Holdings Ltd,Hong Kong,Real Estate,23051708
Honma Golf Ltd,Japan,Consumer Discretionary,7868971
Hoosiers Holdings Co Ltd,Japan,Real Estate,343773
Hope Bancorp Inc,United States,Financials,4000641
Hopson Development Holdings Ltd,China,Real Estate,394
Horace Mann Educators Corp,United States,Financials,4209379
Horiba Ltd,Japan,Industrials,20697169
Horizon Construction Development Ltd,China,Industrials,1286923
Horizon Robotics Inc,China,Technology,10768092
Hormel Foods Corp,United States,Consumer Staples,96787775
Hornbach Baumarkt AG,Germany,Consumer Discretionary,8475775
Hornbach Holding AG & Co KGaA,Germany,Consumer Discretionary,5642432
Hoshino Resorts REIT Inc,Japan,Real Estate,1765480
Hoshizaki Corp,Japan,Industrials,137446728
Hosiden Corp,Japan,Technology,12448993
Hosokawa Micron Corp,Japan,Industrials,723491
Hospital Mater Dei SA,Brazil,Health Care,2854572
Host Hotels & Resorts Inc,United States,Real Estate,805421276
Hotai Finance Co Ltd,Taiwan,Financials,4469690
Hotai Motor Co Ltd,Taiwan,Consumer Discretionary,65874613
Hotel Property Investments Ltd,Australia,Real Estate,1332497
Hotel Shilla Co Ltd,South Korea,Consumer Discretionary,589963
Houlihan Lokey Inc,United States,Financials,114046516
House Foods Group Inc,Japan,Consumer Staples,25740162
Housing & Urban Development Corp Ltd,India,Financials,14940659
Howard Hughes Holdings Inc,United States,Real Estate,29286752
Howden Joinery Group PLC,United Kingdom,Consumer Discretionary,181201025
Howmet Aerospace Inc,United States,Industrials,992390022
Hoya Corp,Japan,Health Care,814556981
Hsin Kuang Steel Co Ltd,Taiwan,Basic Materials,1592916
Hsing TA Cement Co,Taiwan,Industrials,101
Hu Lane Associate Inc,Taiwan,Technology,2123037
Hua Hong Semiconductor Ltd,China,Technology,16104660
Hua Nan Financial Holdings Co Ltd,Taiwan,Financials,95932505
Huadong Medicine Co Ltd,China,Health Care,43063867
Huafon Chemical Co Ltd,China,Basic Materials,34906941
Huaku Development Co Ltd,Taiwan,Real Estate,15573966
Hualan Biological Engineering Inc,China,Health Care,385334
Huaming Power Equipment Co Ltd,China,Industrials,9901635
Huang Hsiang Construction Corp,Taiwan,Real Estate,1407219
Huangshan Tourism Development Co Ltd,China,Consumer Discretionary,1634537
Huatai Securities Co Ltd,China,Financials,41766231
Hub Group Inc,United States,Industrials,41486875
HubSpot Inc,United States,Technology,413296790
Hubbell Inc,United States,Industrials,190615476
Hubei Xingfa Chemicals Group Co Ltd,China,Basic Materials,14785942
Hubei Zhenhua Chemical Co Ltd,China,Basic Materials,2428112
Huber + Suhner AG,Switzerland,Telecommunications,30812343
Hudaco Industries Ltd,South Africa,Industrials,3257800
Hudbay Minerals Inc,Canada,Basic Materials,50268463
Hufvudstaden AB,Sweden,Real Estate,21217415
Hugel Inc,South Korea,Health Care,5620857
Huhtamaki Oyj,Finland,Industrials,41163362
Hulic Co Ltd,Japan,Real Estate,78282570
Hulic Reit Inc,Japan,Real Estate,15943783
Human Technologies Inc/Tokyo,Japan,Technology,583053
Humana AB,Sweden,Health Care,4697708
Humana Inc,United States,Health Care,489902086
Humansoft Holding Co KSC,Kuwait,Consumer Discretionary,39396690
Humanwell Healthcare Group Co Ltd,China,Health Care,39951839
Humedix Co Ltd,South Korea,Health Care,150357
Humm Group Ltd,Australia,Financials,692586
Hunan Valin Steel Co Ltd,China,Basic Materials,1565756
Hundsun Technologies Inc,China,Technology,1386209
Hung Sheng Construction Ltd,Taiwan,Real Estate,1255999
Hunting PLC,United Kingdom,Energy,14414581
Huntington Bancshares Inc/OH,United States,Financials,297964452
Huntsman Corp,United States,Basic Materials,37463924
Huons Co Ltd,South Korea,Health Care,224817
Huons Global Co Ltd,South Korea,Health Care,52441
Huron Consulting Group Inc,United States,Industrials,7427393
Husqvarna AB,Sweden,Consumer Discretionary,8264193
Hutchison Port Holdings Trust,Singapore,Industrials,14662715
Hwaseung Enterprise Co Ltd,South Korea,Consumer Discretionary,8092121
Hwatsing Technology Co Ltd,China,Technology,6419473
Hy-Lok Corp,South Korea,Industrials,5936261
Hyakugo Bank Ltd/The,Japan,Financials,9377366
Hyatt Hotels Corp,United States,Consumer Discretionary,61571951
Hydro One Ltd,Canada,Utilities,125049822
Hygeia Healthcare Holdings Co Ltd,China,Health Care,6090225
Hygon Information Technology Co Ltd,China,Technology,42076106
Hyosung Corp,South Korea,Industrials,264614
Hyosung Heavy Industries Corp,South Korea,Technology,83504205
Hyosung TNC Corp,South Korea,Basic Materials,33910168
Hypera SA,Brazil,Health Care,7748072
Hypoport SE,Germany,Financials,17841924
Hyprop Investments Ltd,South Africa,Real Estate,21893593
Hysan Development Co Ltd,Hong Kong,Real Estate,3170272
Hyundai Autoever Corp,South Korea,Technology,427343
Hyundai Bioscience Co Ltd,South Korea,Consumer Staples,6700
Hyundai Department Store Co Ltd,South Korea,Consumer Discretionary,617365
Hyundai Elevator Co Ltd,South Korea,Industrials,5555539
Hyundai Engineering & Construction Co Ltd,South Korea,Industrials,25562617
Hyundai Ezwel Co Ltd,South Korea,Technology,737299
Hyundai GF Holdings,South Korea,Consumer Discretionary,7119493
Hyundai Glovis Co Ltd,South Korea,Industrials,59303948
Hyundai Green Food,South Korea,Consumer Discretionary,12787418
Hyundai HT Co Ltd,South Korea,Industrials,263483
Hyundai Home Shopping Network Corp,South Korea,Consumer Discretionary,10086803
Hyundai Marine & Fire Insurance Co Ltd,South Korea,Financials,1574480
Hyundai Mobis Co Ltd,South Korea,Consumer Discretionary,249949891
Hyundai Motor Co,South Korea,Consumer Discretionary,551526830
Hyundai Motor India Ltd,India,Consumer Discretionary,26723581
Hyundai Rotem Co Ltd,South Korea,Industrials,63817913
Hyundai Wia Corp,South Korea,Consumer Discretionary,11743759
I'll Inc,Japan,Technology,636358
I-TAIL Corp PCL,Thailand,Consumer Staples,25767014
IAC Inc,United States,Technology,38816639
IBF Financial Holdings Co Ltd,Taiwan,Financials,21744569
ICADE,France,Real Estate,17554511
ICF International Inc,United States,Industrials,3731273
ICICI Bank Ltd,India,Financials,1446178321
ICICI Lombard General Insurance Co Ltd,India,Financials,291005088
ICICI Prudential Life Insurance Co Ltd,India,Financials,178233103
ICICI Securities Ltd,India,Financials,60058052
ICL Group Ltd,Israel,Basic Materials,100897646
ICON PLC,United States,Health Care,208612378
ICOP SpA,Italy,Industrials,4033273
ICU Medical Inc,United States,Health Care,40151479
ID Logistics Group SACA,France,Industrials,25235106
IDBI Bank Ltd,India,Financials,5774198
IDEX Corp,United States,Industrials,214296217
IDEXX Laboratories Inc,United States,Health Care,405100915
IDFC First Bank Ltd,India,Financials,47350497
IDGC of Centre and Volga Region PJSC,Russia,Utilities,489680
IDGC of the North-West PJSC,Russia,Utilities,52464
IDI Insurance Co Ltd,Israel,Financials,13187800
IDICO Corp JSC,Vietnam,Industrials,14589899
IDOM Inc,Japan,Consumer Discretionary,2856290
IDP Education Ltd,Australia,Consumer Discretionary,24600903
IDT Corp,United States,Telecommunications,2171664
IEI Integration Corp,Taiwan,Technology,1146526
IES Holdings Inc,United States,Industrials,1556636
IFCI Ltd,India,Financials,5328364
IG Group Holdings PLC,United Kingdom,Financials,76480112
IGG Inc,Hong Kong,Consumer Discretionary,1878507
IGM Financial Inc,Canada,Financials,32740802
IGO Ltd,Australia,Basic Materials,75452706
IHH Healthcare Bhd,Malaysia,Health Care,26342690
IHI Corp,Japan,Industrials,73098043
IIFL Finance Ltd,India,Financials,21984804
IJM Corp Bhd,Malaysia,Industrials,42264328
IMAGICA GROUP Inc,Japan,Consumer Discretionary,3843981
IMAX China Holding Inc,Hong Kong,Consumer Discretionary,737289
IMAX Corp,United States,Consumer Discretionary,3711283
IMCD NV,Netherlands,Basic Materials,208564958
IMI PLC,United Kingdom,Industrials,101864549
IMMOFINANZ AG,Austria,Real Estate,4332085
INESA Intelligent Tech Inc,China,Technology,1109604
INFRONEER Holdings Inc,Japan,Industrials,46947752
ING Groep NV,Netherlands,Financials,895690610
INVISIO AB,Sweden,Industrials,3203647
IOI Properties Group Bhd,Malaysia,Real Estate,22472968
ION Exchange India Ltd,India,Utilities,8094405
IONOS Group SE,Germany,Technology,38983405
IP Group PLC,United Kingdom,Financials,9108168
IPG Photonics Corp,United States,Technology,5629764
IPH Ltd,Australia,Industrials,33623091
IPSOS SA,France,Consumer Discretionary,76464081
IQVIA Holdings Inc,United States,Health Care,328713085
IRB Infrastructure Developers Ltd,India,Industrials,14909060
IRB-Brasil Resseguros SA,Brazil,Financials,163187
IRCON International Ltd,India,Industrials,7105805
IRESS Ltd,Australia,Technology,50200658
IRPC PCL,Thailand,Energy,482651
IS Dongseo Co Ltd,South Korea,Industrials,312
ISC Co Ltd,South Korea,Technology,39266816
ISS A/S,Denmark,Industrials,98125090
ISU Abxis Co Ltd,South Korea,Health Care,1468355
ISU Specialty Chemical,South Korea,Basic Materials,668714
ITD Cementation India Ltd,India,Industrials,6383948
ITE Technology Inc,Taiwan,Technology,9602837
ITEQ Corp,Taiwan,Technology,9033774
ITM Power PLC,United Kingdom,Energy,3666276
ITM Semiconductor Co Ltd,South Korea,Technology,39987
ITOCHU Corp,Japan,Industrials,1353647941
ITT Inc,United States,Industrials,134433077
ITV PLC,United Kingdom,Consumer Discretionary,12236873
IVE Group Ltd,Australia,Consumer Discretionary,5979924
Iberdrola SA,Spain,Utilities,2392104663
Ibiden Co Ltd,Japan,Technology,27920776
Ibotta Inc,United States,Technology,1009781
Ibstock PLC,United Kingdom,Industrials,3445286
Ichia Technologies Inc,Taiwan,Technology,1450766
Ichibanya Co Ltd,Japan,Consumer Discretionary,55383
Ichigo Hotel REIT Investment Corp,Japan,Real Estate,3209150
Ichigo Inc,Japan,Real Estate,11264305
Ichigo Office REIT Investment Corp,Japan,Real Estate,10233565
Ichikoh Industries Ltd,Japan,Consumer Discretionary,477903
Ichitan Group PCL,Thailand,Consumer Staples,8057514
Ichiyoshi Securities Co Ltd,Japan,Financials,404608
Icom Inc,Japan,Telecommunications,572305
Icon Offshore Bhd,Malaysia,Energy,3166840
Ideal Holdings SA,Greece,Technology,237313
Ideaya Biosciences Inc,United States,Health Care,13384817
Idec Corp/Japan,Japan,Industrials,3181055
Idemitsu Kosan Co Ltd,Japan,Energy,139368407
Iguatemi SA,Brazil,Real Estate,62089400
Iida Group Holdings Co Ltd,Japan,Consumer Discretionary,29336617
Iino Kaiun Kaisha Ltd,Japan,Industrials,2706415
Iljin Electric Co Ltd,South Korea,Industrials,11419911
Illimity Bank SpA,Italy,Financials,6223379
Illinois Tool Works Inc,United States,Industrials,790978392
Illumina Inc,United States,Health Care,289321244
Iluka Resources Ltd,Australia,Basic Materials,50347414
Ilyang Pharmaceutical Co Ltd,South Korea,Health Care,86450
Imdex Ltd,Australia,Basic Materials,19833211
Imerys SA,France,Basic Materials,789919
Immobiliare Grande Distribuzione SIIQ SpA,Italy,Real Estate,1878011
Immunovant Inc,United States,Health Care,15801947
Immutep Ltd,Australia,Health Care,3226931
Impack Pratama Industri Tbk PT,Indonesia,Industrials,5778270
Impala Platinum Holdings Ltd,South Africa,Basic Materials,56174899
Imperial Hotel Ltd,Japan,Consumer Discretionary,979359
Impinj Inc,United States,Technology,51705878
Implenia AG,Switzerland,Industrials,3434674
InPost SA,Netherlands,Industrials,268348824
InRetail Peru Corp,Peru,Consumer Staples,5715000
Inaba Denki Sangyo Co Ltd,Japan,Industrials,10699720
Inaba Seisakusho Co Ltd,Japan,Industrials,234793
Inabata & Co Ltd,Japan,Industrials,13278873
Inari Amertron Bhd,Malaysia,Technology,40613418
Inari Medical Inc,United States,Health Care,14447150
Incap Oyj,Finland,Industrials,601432
Inchcape PLC,United Kingdom,Consumer Discretionary,77790294
Incitec Pivot Ltd,Australia,Basic Materials,6097607
Incyte Corp,United States,Health Care,119627099
Indegene Ltd,India,Industrials,139414
Independence Realty Trust Inc,United States,Real Estate,5710567
Independent Bank Corp,United States,Financials,28810334
Index Livingmall PCL,Thailand,Consumer Discretionary,3651351
India Cements Ltd/The,India,Industrials,6647823
IndiaMart InterMesh Ltd,India,Technology,8065933
Indian Bank,India,Financials,18608632
Indian Energy Exchange Ltd,India,Financials,10834420
Indian Hotels Co Ltd/The,India,Consumer Discretionary,100569208
Indian Oil Corp Ltd,India,Energy,76425492
Indian Railway Catering & Tourism Corp Ltd,India,Consumer Discretionary,32363454
Indian Railway Finance Corp Ltd,India,Industrials,28004870
Indian Renewable Energy Development Agency Ltd,India,Financials,19123512
Indigo Paints Ltd,India,Industrials,1737411
Indo Tech Transformers Ltd,India,Industrials,1226295
Indofood CBP Sukses Makmur Tbk PT,Indonesia,Consumer Staples,81702034
Indorama Ventures PCL,Thailand,Basic Materials,57095476
Indosat Tbk PT,Indonesia,Telecommunications,20853460
Indra Sistemas SA,Spain,Technology,42007251
Indraprastha Gas Ltd,India,Utilities,20001817
Indus Holding AG,Germany,Industrials,1984497
Indus Towers Ltd,India,Telecommunications,110786486
IndusInd Bank Ltd,India,Financials,162619975
Industria de Diseno Textil SA,Spain,Consumer Discretionary,1326902048
Industrial & Commercial Bank of China Ltd,China,Financials,691136571
Industrial & Infrastructure Fund Investment Corp,Japan,Real Estate,39139548
Industrial Bank Co Ltd,China,Financials,8719673
Industrial Bank of Korea,South Korea,Financials,38683636
Industrie De Nora SpA,Italy,Industrials,23040166
Industries Qatar QSC,Qatar,Basic Materials,155463273
Industrivarden AB,Sweden,Financials,153552168
Indutrade AB,Sweden,Industrials,121750491
Ines Corp,Japan,Technology,808664
Infibeam Avenues Ltd,India,Industrials,6378804
Inficon Holding AG,Switzerland,Industrials,53921156
Infineon Technologies AG,Germany,Technology,1545640044
Info Edge India Ltd,India,Technology,262335289
Infomart Corp,Japan,Technology,1578139
Infomedia Ltd,Australia,Technology,14377563
Infomina Bhd,Malaysia,Technology,4064542
Inforich Inc,Japan,Consumer Discretionary,7034022
Informa PLC,United Kingdom,Consumer Discretionary,584871150
Informatica Inc,United States,Technology,25264792
Infortrend Technology Inc,Taiwan,Technology,1157066
Infosys Ltd,India,Technology,1023317788
Infrastrutture Wireless Italiane SpA,Italy,Telecommunications,67067587
Infratil Ltd,New Zealand,Utilities,109601355
Ingenia Communities Group,Australia,Real Estate,19113309
Ingersoll Rand Inc,United States,Industrials,422348513
Inghams Group Ltd,Australia,Consumer Staples,8667705
Ingram Micro Holding Corp,United States,Technology,26190073
Ingredion Inc,United States,Consumer Staples,96012203
Inmobiliaria Colonial Socimi SA,Spain,Real Estate,42196774
Inmocemento SA,Spain,Industrials,354831
Inmode Ltd,United States,Health Care,2943208
Inner Mongolia BaoTou Steel Union Co Ltd,China,Basic Materials,2
Inner Mongolia ERDOS Resources Co Ltd,China,Basic Materials,4505047
Inner Mongolia Yili Industrial Group Co Ltd,China,Consumer Staples,98677451
InnoCare Pharma Ltd,China,Health Care,6659009
Innocean Worldwide Inc,South Korea,Consumer Discretionary,11734963
Innodisk Corp,Taiwan,Technology,15791859
Innolux Corp,Taiwan,Technology,43148520
Innospec Inc,United States,Basic Materials,11311857
Innovative Industrial Properties Inc,United States,Real Estate,22635009
Innovent Biologics Inc,China,Health Care,117892426
Innoviva Inc,United States,Health Care,1479643
Innox Advanced Materials Co Ltd,South Korea,Technology,13197806
Inox Wind Energy Ltd,India,Energy,283101
Inox Wind Ltd,India,Energy,16408087
Inscobee Inc,South Korea,Telecommunications,81149
Insight Enterprises Inc,United States,Technology,47585093
Insignia Financial Ltd,Australia,Financials,16947803
Insmed Inc,United States,Health Care,155025868
Insource Co Ltd,Japan,Industrials,16941113
Insperity Inc,United States,Industrials,31587108
Inspire Medical Systems Inc,United States,Health Care,10681039
Instalco AB,Sweden,Industrials,3101046
Installed Building Products Inc,United States,Industrials,28509144
Instituto de Diagnostico SA,Chile,Health Care,3144064
Instone Real Estate Group SE,Germany,Consumer Discretionary,10680831
Insulet Corp,United States,Health Care,244446890
Insurance Australia Group Ltd,Australia,Financials,184713568
Insyde Software Corp,Taiwan,Technology,762946
Intact Financial Corp,Canada,Financials,407929008
Intage Holdings Inc,Japan,Industrials,744847
Intea Fastigheter AB,Sweden,Real Estate,1614589
Integra Indocabinet Tbk PT,Indonesia,Consumer Discretionary,1297407
Integra LifeSciences Holdings Corp,United States,Health Care,8967332
IntegraFin Holdings PLC,United Kingdom,Financials,23036717
Integral Diagnostics Ltd,Australia,Health Care,6910473
Integrated Design & Engineering Holdings Co Ltd,Japan,Industrials,5318860
Integrated Diagnostics Holdings PLC,Egypt,Health Care,7423799
Integrated Service Technology Inc,Taiwan,Technology,10047446
Intel Corp,United States,Technology,1228669935
Intelbras SA Industria de Telecomunicacao Eletronica Brasileira,Brazil,Industrials,21164461
Intellect Design Arena Ltd,India,Technology,10404939
Intellia Therapeutics Inc,United States,Health Care,349917
Intellian Technologies Inc,South Korea,Telecommunications,5687494
Inter & Co Inc,Brazil,Financials,15789012
Inter RAO UES PJSC,Russia,Utilities,2304648
InterContinental Hotels Group PLC,United Kingdom,Consumer Discretionary,231099811
InterDigital Inc,United States,Telecommunications,17386564
InterGlobe Aviation Ltd,India,Consumer Discretionary,230577141
Interactive Brokers Group Inc,United States,Financials,235140880
Interconexion Electrica SA ESP,Colombia,Utilities,9368488
Intercontinental Exchange Inc,United States,Financials,1178713803
Intercos SpA,Italy,Consumer Discretionary,15262448
Interflex Co Ltd,South Korea,Technology,22305
Interlink Communication PCL,Thailand,Telecommunications,2478309
Interlink Telecom PCL,Thailand,Telecommunications,2139636
Intermediate Capital Group PLC,United Kingdom,Financials,95983348
International Bancshares Corp,United States,Financials,39912572
International Business Machines Corp,United States,Technology,1194363649
International CSRC Investment Holdings Co,Taiwan,Basic Materials,10783
International Consolidated Airlines Group SA,United Kingdom,Consumer Discretionary,223167295
International Container Terminal Services Inc,Philippines,Industrials,108859585
International Distribution Services PLC,United Kingdom,Industrials,83699598
International Flavors & Fragrances Inc,United States,Basic Materials,447912756
International Game Technology PLC,United States,Consumer Discretionary,25616377
International Games System Co Ltd,Taiwan,Consumer Discretionary,64914518
International Gemmological Institute India Ltd,India,Industrials,18230094
International Meal Co Alimentacao SA,Brazil,Consumer Discretionary,185183
International Paper Co,United States,Basic Materials,105529879
International Personal Finance PLC,United Kingdom,Financials,10105975
International Workplace Group PLC,United Kingdom,Industrials,50081840
Internet Initiative Japan Inc,Japan,Telecommunications,34672547
Interojo Co Ltd,South Korea,Health Care,2323550
Interparfums Inc,United States,Consumer Discretionary,32095279
Interparfums SA,France,Consumer Discretionary,19954680
Interpublic Group of Cos Inc/The,United States,Consumer Discretionary,15711038
Interpump Group SpA,Italy,Industrials,41866846
Interroll Holding AG,Switzerland,Industrials,23800384
Intershop Holding AG,Switzerland,Real Estate,17885103
Intertek Group PLC,United Kingdom,Industrials,178839489
Intesa Sanpaolo SpA,Italy,Financials,945238248
Intouch Holdings PCL,Thailand,Telecommunications,8346270
Intra-Cellular Therapies Inc,United States,Health Care,290992032
Intracom Holdings SA,Greece,Technology,925737
Intred SpA,Italy,Telecommunications,3439588
Intrum AB,Sweden,Financials,4854816
Intuit Inc,United States,Technology,2261689932
Intuitive Surgical Inc,United States,Health Care,2395631461
Inui Global Logistics Co Ltd,Japan,Industrials,74418
InvenTrust Properties Corp,United States,Real Estate,3775289
Inventec Corp,Taiwan,Technology,56928072
Inventurus Knowledge Solutions Ltd,India,Health Care,90753440
Invesco Ltd,United States,Financials,57459102
Investec Ltd,South Africa,Financials,16056
Investec PLC,United Kingdom,Financials,103769015
Investment & Industrial Development Corp,Vietnam,Real Estate,9360169
Investment AB Latour,Sweden,Industrials,62808067
Investment AB Oresund,Sweden,Financials,1835020
Investor AB,Sweden,Financials,1238458580
Invicta Holdings Ltd,South Africa,Industrials,4896661
Invincible Investment Corp,Japan,Real Estate,54510113
Invinity Energy Systems PLC,United Kingdom,Industrials,2448931
Invitation Homes Inc,United States,Real Estate,1642753130
Iochpe Maxion SA,Brazil,Consumer Discretionary,8153710
IonQ Inc,United States,Technology,6097459
Ionis Pharmaceuticals Inc,United States,Health Care,59948080
Iovance Biotherapeutics Inc,United States,Health Care,3080154
Ipca Laboratories Ltd,India,Health Care,30405795
Ipsen SA,France,Health Care,87792710
Iren SpA,Italy,Utilities,39641661
Iridium Communications Inc,United States,Telecommunications,28239623
Irish Continental Group PLC,Ireland,Industrials,1014730
Iriso Electronics Co Ltd,Japan,Technology,6440761
Iron Force Industrial Co Ltd,Taiwan,Consumer Discretionary,521582
Iron Mountain Inc,United States,Real Estate,341858923
Ironwood Pharmaceuticals Inc,United States,Health Care,1117649
Is Finansal Kiralama AS,Türkiye,Consumer Discretionary,1859419
Is Yatirim Menkul Degerler AS,Türkiye,Financials,62308492
Ise Chemicals Corp,Japan,Basic Materials,2291900
Iseki & Co Ltd,Japan,Industrials,274566
Isetan Mitsukoshi Holdings Ltd,Japan,Consumer Discretionary,26860063
Ishihara Sangyo Kaisha Ltd,Japan,Basic Materials,4045126
Isik Plastik Sanayi Ve Dis Ticaret Pazarlama AS,Türkiye,Industrials,3077247
Iskandar Waterfront City Bhd,Malaysia,Real Estate,6044987
Isracard Ltd,Israel,Industrials,591729
Israel Canada T.R Ltd,Israel,Real Estate,825596
Israel Corp Ltd,Israel,Basic Materials,23127101
Israel Discount Bank Ltd,Israel,Financials,10892413
Istyle Inc,Japan,Consumer Discretionary,1566116
IsuPetasys Co Ltd,South Korea,Technology,9435303
Isuzu Motors Ltd,Japan,Industrials,112802965
Italgas SpA,Italy,Utilities,4798328
Italian Wine Brands SpA,Italy,Consumer Staples,6772238
Italmobiliare SpA,Italy,Financials,2709611
Italtile Ltd,South Africa,Consumer Discretionary,3593673
Itau Unibanco Holding SA,Brazil,Financials,331942620
Itausa SA,Brazil,Financials,194627362
Ito En Ltd,Japan,Consumer Staples,24524396
Itochu Enex Co Ltd,Japan,Consumer Discretionary,5216517
Itochu-Shokuhin Co Ltd,Japan,Consumer Staples,2070661
Itoham Yonekyu Holdings Inc,Japan,Consumer Staples,11017347
Itoki Corp,Japan,Consumer Discretionary,3459371
Itron Inc,United States,Industrials,64615307
Ivanhoe Mines Ltd,Canada,Basic Materials,201867485
Iveco Group NV,Italy,Industrials,231953911
IwaiCosmo Holdings Inc,Japan,Financials,2329978
Iwatani Corp,Japan,Utilities,115332289
Iyogin Holdings Inc,Japan,Financials,44809477
Izostal SA,Poland,Basic Materials,574273
Izumi Co Ltd,Japan,Consumer Discretionary,11615951
J & J Snack Foods Corp,United States,Consumer Staples,28646616
J D Wetherspoon PLC,United Kingdom,Consumer Discretionary,2766674
J Front Retailing Co Ltd,Japan,Consumer Discretionary,80708449
J M Smucker Co/The,United States,Consumer Staples,110609704
J Sainsbury PLC,United Kingdom,Consumer Staples,156635255
J Trust Co Ltd,Japan,Financials,2064299
J&T Global Express Ltd,China,Industrials,44125236
J-Lease Co Ltd,Japan,Consumer Discretionary,221941
J-Oil Mills Inc,Japan,Consumer Staples,492945
JA Solar Technology Co Ltd,China,Energy,4966873
JAC Recruitment Co Ltd,Japan,Industrials,968608
JAFCO Group Co ltd,Japan,Financials,16725057
JASMINE INTERNATIONAL PCL,Thailand,Telecommunications,434369
JB Chemicals & Pharmaceuticals Ltd,India,Health Care,54132445
JB Financial Group Co Ltd,South Korea,Financials,43535699
JB Hi-Fi Ltd,Australia,Consumer Discretionary,59112914
JB Hunt Transport Services Inc,United States,Industrials,143618923
JBCC Holdings Inc,Japan,Technology,3485798
JBG SMITH Properties,United States,Real Estate,3836567
JBM Auto Ltd,India,Consumer Discretionary,6134425
JCDecaux SE,France,Consumer Discretionary,25060637
JCET Group Co Ltd,China,Technology,8350578
JCHX Mining Management Co Ltd,China,Basic Materials,46936239
JCR Pharmaceuticals Co Ltd,Japan,Health Care,7203444
JCU Corp,Japan,Industrials,4011879
JCY International Bhd,Malaysia,Technology,7581349
JD Health International Inc,China,Consumer Staples,44145474
JD Logistics Inc,China,Industrials,56562259
JD Sports Fashion PLC,United Kingdom,Consumer Discretionary,177037615
JD.com Inc,China,Consumer Discretionary,705878713
JDC Corp,Japan,Industrials,330
JDC Group AG,Germany,Financials,3246505
JDE Peet's NV,Netherlands,Consumer Staples,43683310
JELD-WEN Holding Inc,United States,Industrials,1694265
JET2 PLC,United Kingdom,Consumer Discretionary,6453693
JFE Holdings Inc,Japan,Basic Materials,68963006
JFrog Ltd,United States,Technology,34554221
JG Summit Holdings Inc,Philippines,Industrials,639468
JGC Holdings Corp,Japan,Industrials,32988045
JHM Consolidation Bhd,Malaysia,Technology,23765
JINS Holdings Inc,Japan,Consumer Discretionary,11924408
JINUSHI Co Ltd,Japan,Real Estate,175923
JK Cement Ltd,India,Industrials,25079929
JK Lakshmi Cement Ltd,India,Industrials,5495869
JK Paper Ltd,India,Basic Materials,4321798
JK Tyre & Industries Ltd,India,Consumer Discretionary,6586984
JM AB,Sweden,Consumer Discretionary,5857651
JM Financial Ltd,India,Financials,7305288
JM Holdings Co Ltd,Japan,Consumer Staples,504472
JMDC Inc,Japan,Industrials,16757195
JNBY Design Ltd,China,Consumer Discretionary,6722054
JOST Werke SE,Germany,Consumer Discretionary,24264354
JOYY Inc,China,Technology,3858947
JP-Holdings Inc,Japan,Consumer Discretionary,1622756
JPC connectivity Inc,Taiwan,Technology,1845888
JPMorgan Chase & Co,United States,Financials,8171466040
JR Global Reit,South Korea,Real Estate,359313
JS Global Lifestyle Co Ltd,China,Consumer Discretionary,2429026
JSE Ltd,South Africa,Financials,1044653
JSL Construction & Development Co Ltd,Taiwan,Real Estate,2758130
JSL SA,Brazil,Industrials,5535883
JSP Corp,Japan,Industrials,592844
JSW Infrastructure Ltd,India,Industrials,8569388
JSW Steel Ltd,India,Basic Materials,119146289
JTC PLC,United Kingdom,Financials,57471048
JTEKT Corp,Japan,Consumer Discretionary,40188707
JUMBO SA,Greece,Consumer Discretionary,55524699
JVCKenwood Corp,Japan,Consumer Discretionary,56644652
JVM Co Ltd,South Korea,Health Care,3274566
JW Cayman Therapeutics Co Ltd,China,Health Care,77858
JW Pharmaceutical Corp,South Korea,Health Care,8005
JYP Entertainment Corp,South Korea,Consumer Discretionary,27921427
Jabil Inc,United States,Technology,218430415
Jaccs Co Ltd,Japan,Financials,5193083
Jack Henry & Associates Inc,United States,Industrials,45992935
Jack in the Box Inc,United States,Consumer Discretionary,977749
Jackson Financial Inc,United States,Financials,98766833
Jacobio Pharmaceuticals Group Co Ltd,Hong Kong,Health Care,65
Jacquet Metals SACA,France,Basic Materials,2359272
Jade Bird Fire Co Ltd,China,Industrials,4530295
Jahwa Electronics Co Ltd,South Korea,Technology,5136165
Jai Balaji Industries Ltd,India,Basic Materials,7330484
Jalles Machado SA,Brazil,Consumer Staples,5880107
Jamco Corp,Japan,Industrials,356625
James Fisher & Sons PLC,United Kingdom,Industrials,5917590
James Hardie Industries PLC,Australia,Industrials,230519646
Jamf Holding Corp,United States,Technology,14
Jammu & Kashmir Bank Ltd/The,India,Financials,4457388
Janus Henderson Group PLC,United States,Financials,83525050
Janux Therapeutics Inc,United States,Health Care,18914451
Japan Airlines Co Ltd,Japan,Consumer Discretionary,37417410
Japan Airport Terminal Co Ltd,Japan,Industrials,51623535
Japan Aviation Electronics Industry Ltd,Japan,Technology,6298758
Japan Display Inc,Japan,Technology,368739
Japan Electronic Materials Corp,Japan,Technology,1744474
Japan Elevator Service Holdings Co Ltd,Japan,Industrials,14095731
Japan Excellent Inc,Japan,Real Estate,5686524
Japan Exchange Group Inc,Japan,Financials,169228168
Japan Eyewear Holdings Co Ltd,Japan,Consumer Discretionary,6311759
Japan Hotel REIT Investment Corp,Japan,Real Estate,33694923
Japan Investment Adviser Co Ltd,Japan,Industrials,1623299
Japan Lifeline Co Ltd,Japan,Health Care,6637846
Japan Logistics Fund Inc,Japan,Real Estate,26072140
Japan Material Co Ltd,Japan,Technology,31706522
Japan Medical Dynamic Marketing Inc,Japan,Health Care,220377
Japan Metropolitan Fund Invest,Japan,Real Estate,88206139
Japan Post Bank Co Ltd,Japan,Financials,232606709
Japan Post Holdings Co Ltd,Japan,Financials,344063574
Japan Post Insurance Co Ltd,Japan,Financials,63944380
Japan Prime Realty Investment Corp,Japan,Real Estate,25764360
Japan Pulp & Paper Co Ltd,Japan,Basic Materials,2953834
Japan Real Estate Investment Corp,Japan,Real Estate,46150661
Japan Securities Finance Co Ltd,Japan,Financials,20227711
Japan Steel Works Ltd/The,Japan,Industrials,42315099
Japan Transcity Corp,Japan,Industrials,895027
Japan Wool Textile Co Ltd/The,Japan,Basic Materials,3913776
Jasa Marga Persero Tbk PT,Indonesia,Industrials,39110965
Jason Furniture Hangzhou Co Ltd,China,Consumer Discretionary,17811
Jayamas Medica Industri Tbk PT,Indonesia,Health Care,223554
Jaymart Group Holdings PCL,Thailand,Consumer Discretionary,1101026
Jazeera Airways Co KSCP,Kuwait,Consumer Discretionary,33655534
Jefferies Financial Group Inc,United States,Financials,35519826
Jeil Pharmaceutical Co Ltd,South Korea,Health Care,143043
Jeju Air Co Ltd,South Korea,Consumer Discretionary,290223
Jenoptik AG,Germany,Technology,40534518
Jentech Precision Industrial Co Ltd,Taiwan,Technology,174506852
Jeol Ltd,Japan,Industrials,33716627
Jeronimo Martins SGPS SA,Portugal,Consumer Staples,58063133
JetBlue Airways Corp,United States,Consumer Discretionary,14624151
Jiangsu Eastern Shenghong Co Ltd,China,Basic Materials,1077200
Jiangsu Expressway Co Ltd,China,Industrials,17291550
Jiangsu Financial Leasing Co Ltd,China,Financials,4169743
Jiangsu Hengli Hydraulic Co Ltd,China,Industrials,14008672
Jiangsu Hengrui Pharmaceuticals Co Ltd,China,Health Care,93843552
Jiangsu Jiejie Microelectronics Co Ltd,China,Technology,1628550
Jiangsu Yanghe Distillery Co Ltd,China,Consumer Staples,30496010
Jiangsu Yangnong Chemical Co Ltd,China,Basic Materials,57935607
Jiangsu Yuyue Medical Equipment & Supply Co Ltd,China,Health Care,13768741
Jiangsu Zhongtian Technology Co Ltd,China,Telecommunications,124620668
Jiangxi Copper Co Ltd,China,Basic Materials,25889153
Jinan Acetate Chemical Co Ltd,Taiwan,Basic Materials,37270214
Jinke Smart Services Group Co Ltd,China,Real Estate,397449
Jinmao Property Services Co Ltd,Hong Kong,Real Estate,299
Jinsung T.E.C.,South Korea,Industrials,4017773
Jinxin Fertility Group Ltd,China,Health Care,3260278
Jio Financial Services Ltd,India,Financials,118241669
Jishan Bhd,Malaysia,Industrials,805099
Joby Aviation Inc,United States,Industrials,2786492
John B Sanfilippo & Son Inc,United States,Consumer Staples,2813653
John Bean Technologies Corp,United States,Industrials,47300519
John Keells Holdings PLC,Sri Lanka,Industrials,31462637
John Wiley & Sons Inc,United States,Consumer Discretionary,3201146
John Wood Group PLC,United Kingdom,Energy,2005379
Johns Lyng Group Ltd,Australia,Industrials,19506370
Johnson & Johnson,United States,Health Care,4317773129
Johnson Controls International plc,United States,Industrials,549526446
Johnson Electric Holdings Ltd,Hong Kong,Industrials,13616409
Johnson Health Tech Co Ltd,Taiwan,Consumer Discretionary,9202292
Johnson Matthey PLC,United Kingdom,Basic Materials,244969
Joinn Laboratories China Co Ltd,China,Health Care,1346699
Jollibee Foods Corp,Philippines,Consumer Discretionary,97876237
Jones Lang LaSalle Inc,United States,Real Estate,149468285
Joshin Denki Co Ltd,Japan,Consumer Discretionary,616467
Joy City Property Ltd,China,Real Estate,949360
Joyful Honda Co Ltd,Japan,Consumer Discretionary,4953617
Ju Teng International Holdings Ltd,Hong Kong,Technology,597146
Jubilant Foodworks Ltd,India,Consumer Discretionary,93674677
Jubilant Ingrevia Ltd,India,Basic Materials,8586743
Jubilant Pharmova Ltd,India,Health Care,71036382
Judo Capital Holdings Ltd,Australia,Financials,20758650
Julius Baer Group Ltd,Switzerland,Financials,109884080
Jumbo Interactive Ltd,Australia,Consumer Discretionary,11654097
Jungheinrich AG,Germany,Industrials,13138076
Juniper Hotels Ltd,India,Consumer Discretionary,24019419
Juniper Networks Inc,United States,Telecommunications,260147811
Jupiter Fund Management PLC,United Kingdom,Financials,3402696
Jupiter Life Line Hospitals Ltd,India,Health Care,4935775
Jupiter Wagons Ltd,India,Industrials,7852335
Juroku Financial Group Inc,Japan,Financials,9882780
Just Dial Ltd,India,Technology,2754280
Just Eat Takeaway.com NV,Netherlands,Technology,55481689
Just Group PLC,United Kingdom,Financials,56383117
Justsystems Corp,Japan,Technology,10567813
Jusung Engineering Co Ltd,South Korea,Technology,10291840
Juventus Football Club SpA,Italy,Consumer Discretionary,3
Jyothy Labs Ltd,India,Consumer Staples,6547099
Jyoti CNC Automation Ltd,India,Industrials,986632
Jyske Bank A/S,Denmark,Financials,104820169
K Car Co Ltd,South Korea,Consumer Discretionary,3226249
K Wah International Holdings Ltd,Hong Kong,Real Estate,5406746
K's Holdings Corp,Japan,Consumer Discretionary,11507846
K+S AG,Germany,Basic Materials,12976247
KAP Ltd,South Africa,Industrials,18708758
KAWADA TECHNOLOGIES Inc,Japan,Industrials,647665
KB Components AB,Sweden,Industrials,1134919
KB Financial Group Inc,South Korea,Financials,381801857
KB Home,United States,Consumer Discretionary,49638119
KBC Ancora,Belgium,Financials,44036091
KBC Corp Ltd,China,Industrials,789064
KBC Group NV,Belgium,Financials,640645
KBR Inc,United States,Technology,104032548
KC Co Ltd,South Korea,Industrials,209134
KC Tech Co Ltd,South Korea,Technology,10432539
KCB Group PLC,Kenya,Financials,19741782
KCC Corp,South Korea,Industrials,604527
KCC Glass Corp,South Korea,Industrials,12370741
KCE Electronics PCL,Thailand,Technology,841526
KCG Corp PCL,Thailand,Consumer Staples,2627367
KDDI Corp,Japan,Telecommunications,894111959
KDX Realty Investment Corp,Japan,Real Estate,79076328
KE Holdings Inc,China,Real Estate,307365902
KEC International Ltd,India,Industrials,64167589
KEE TAI Properties Co Ltd,Taiwan,Real Estate,835389
KEI Industries Ltd,India,Industrials,90549970
KEPCO Engineering & Construction Co Inc,South Korea,Industrials,415172
KEPCO Plant Service & Engineering Co Ltd,South Korea,Industrials,6851215
KGHM Polska Miedz SA,Poland,Basic Materials,26727
KGI Financial Holding Co Ltd,Taiwan,Financials,110406895
KH Neochem Co Ltd,Japan,Basic Materials,16731759
KH Vatec Co Ltd,South Korea,Technology,88292
KION Group AG,Germany,Industrials,74591927
KISCO Corp,South Korea,Basic Materials,98626
KISWIRE Ltd,South Korea,Basic Materials,155286
KIWOOM Securities Co Ltd,South Korea,Financials,3488958
KKR & Co Inc,United States,Financials,1414814320
KLA Corp,United States,Technology,1181565107
KMC Kuei Meng International Inc,Taiwan,Consumer Discretionary,3419024
KMD Brands Ltd,New Zealand,Consumer Discretionary,5379362
KNT-CT Holdings Co Ltd,Japan,Consumer Discretionary,283087
KOC Holding AS,Türkiye,Energy,115554454
KOMEDA Holdings Co Ltd,Japan,Consumer Discretionary,9137835
KPI Green Energy Ltd,India,Utilities,7487797
KPIT Technologies Ltd,India,Technology,31684208
KPJ Healthcare Bhd,Malaysia,Health Care,3362690
KPR Mill Ltd,India,Basic Materials,8632009
KRBL Ltd,India,Consumer Staples,3855396
KRUK SA,Poland,Financials,69307416
KSB Ltd,India,Industrials,4792381
KSB SE & Co KGaA,Germany,Industrials,2631827
KUMHOE&C Co Ltd,South Korea,Industrials,91713
KUO SAB De CV,Mexico,Basic Materials,2958680
KWS Saat SE & Co KGaA,Germany,Consumer Staples,20519297
KYB Corp,Japan,Consumer Discretionary,5708534
Kadant Inc,United States,Industrials,46529146
Kadokawa Corp,Japan,Consumer Discretionary,30939952
Kaga Electronics Co Ltd,Japan,Technology,7540189
Kagome Co Ltd,Japan,Consumer Staples,38082735
Kaimei Electronic Corp,Taiwan,Technology,887322
Kainos Group PLC,United Kingdom,Technology,21745858
Kaisa Group Holdings Ltd,China,Real Estate,46
Kaiser Aluminum Corp,United States,Basic Materials,3311966
Kajaria Ceramics Ltd,India,Industrials,39826388
Kajima Corp,Japan,Industrials,165648092
Kakaku.com Inc,Japan,Technology,27331894
Kakao Corp,South Korea,Technology,102907956
Kakao Games Corp,South Korea,Consumer Discretionary,532952
KakaoBank Corp,South Korea,Financials,42232752
Kakaopay Corp,South Korea,Industrials,240559
Kaken Pharmaceutical Co Ltd,Japan,Health Care,13579949
Kalbe Farma Tbk PT,Indonesia,Health Care,43860341
Kalmar Oyj,Finland,Industrials,63015199
Kalyan Jewellers India Ltd,India,Consumer Discretionary,40054037
Kameda Seika Co Ltd,Japan,Consumer Staples,10344681
Kamei Corp,Japan,Energy,589850
Kamigumi Co Ltd,Japan,Industrials,40807604
Kanaden Corp,Japan,Industrials,559995
Kanadevia Corp,Japan,Industrials,16437453
Kanagawa Chuo Kotsu Co Ltd,Japan,Consumer Discretionary,4842
Kanamic Network Co Ltd,Japan,Health Care,288623
Kanamoto Co Ltd,Japan,Industrials,21231967
Kandenko Co Ltd,Japan,Industrials,36224575
Kaneka Corp,Japan,Basic Materials,18207951
Kanematsu Corp,Japan,Industrials,27073860
Kangji Medical Holdings Ltd,China,Health Care,12915
Kangwon Land Inc,South Korea,Consumer Discretionary,1308050
Kansai Electric Power Co Inc/The,Japan,Utilities,149082742
Kansai Nerolac Paints Ltd,India,Industrials,5451744
Kansai Paint Co Ltd,Japan,Industrials,29171259
Kanto Denka Kogyo Co Ltd,Japan,Basic Materials,2438770
Kanzhun Ltd,China,Industrials,66406083
Kao Corp,Japan,Consumer Staples,216940799
Kaori Heat Treatment Co Ltd,Taiwan,Industrials,35012186
Kappa Create Co Ltd,Japan,Consumer Discretionary,2031
Kardemir Karabuk Demir Celik Sanayi ve Ticaret AS,Türkiye,Basic Materials,1532784
Kardex Holding AG,Switzerland,Industrials,40859006
Karnataka Bank Ltd/The,India,Financials,4586195
Karur Vysya Bank Ltd/The,India,Financials,10065265
Kasikornbank PCL,Thailand,Financials,170114108
Kasumigaseki Capital Co Ltd,Japan,Real Estate,8218274
Katakura Industries Co Ltd,Japan,Industrials,1982639
Katitas Co Ltd,Japan,Consumer Discretionary,10777803
Kato Sangyo Co Ltd,Japan,Consumer Staples,5671042
Kato Works Co Ltd,Japan,Industrials,3027335
Kaveri Seed Co Ltd,India,Consumer Staples,4815099
Kawai Musical Instruments Manufacturing Co Ltd,Japan,Consumer Discretionary,746847
Kawasaki Heavy Industries Ltd,Japan,Industrials,87296305
Kawasaki Kisen Kaisha Ltd,Japan,Industrials,58772214
Kaynes Technology India Ltd,India,Technology,26281614
KeePer Technical Laboratory Co Ltd,Japan,Industrials,2822805
Keihan Holdings Co Ltd,Japan,Industrials,50438135
Keihanshin Building Co Ltd,Japan,Real Estate,3228026
Keikyu Corp,Japan,Industrials,24357800
Keio Corp,Japan,Consumer Discretionary,32161074
Keisei Electric Railway Co Ltd,Japan,Industrials,139988292
Keiyo Bank Ltd/The,Japan,Financials,3820160
Kelington Group Bhd,Malaysia,Industrials,10706327
Kellanova,United States,Consumer Staples,280769305
Keller Group PLC,United Kingdom,Industrials,22518188
Kelsian Group Ltd,Australia,Consumer Discretionary,4671542
Kemira Oyj,Finland,Basic Materials,78346161
Kemper Corp,United States,Financials,14016448
Kempower Oyj,Finland,Industrials,3322787
Kenda Rubber Industrial Co Ltd,Taiwan,Consumer Discretionary,4716468
Kenko Mayonnaise Co Ltd,Japan,Consumer Staples,327412
Kennametal Inc,United States,Industrials,5542567
Kennedy-Wilson Holdings Inc,United States,Real Estate,1681317
Kenon Holdings Ltd/Singapore,Israel,Utilities,457955
Kenvue Inc,United States,Consumer Staples,512924804
Keppel DC REIT,Singapore,Real Estate,44091459
Keppel Infrastructure Trust,Singapore,Basic Materials,25356454
Keppel Ltd,Singapore,Utilities,123847656
Keppel REIT,Singapore,Real Estate,31915234
Kering SA,France,Consumer Discretionary,328675826
Kerjaya Prospek Group Bhd,Malaysia,Industrials,3080293
Kernel Holding SA,Ukraine,Consumer Staples,1067303
Keros Therapeutics Inc,United States,Health Care,1027367
Kerry Group PLC,Ireland,Consumer Staples,45963
Kerry Logistics Network Ltd,Hong Kong,Industrials,2262517
Kerry Properties Ltd,Hong Kong,Real Estate,2176543
Keshun Waterproof Technologies Co Ltd,China,Industrials,239870
Kesko Oyj,Finland,Consumer Staples,117628219
Kesm Industries Bhd,Malaysia,Technology,515189
Keurig Dr Pepper Inc,United States,Consumer Staples,190294458
Kewpie Corp,Japan,Consumer Staples,38977167
Key Coffee Inc,Japan,Consumer Staples,59798
KeyCorp,United States,Financials,150035916
Keyence Corp,Japan,Industrials,1630491980
Keyera Corp,Canada,Energy,89962603
Keyfield International Bhd,Malaysia,Industrials,4305055
Keymed Biosciences Inc,China,Health Care,7466487
Keysight Technologies Inc,United States,Industrials,314962340
Kfin Technologies Ltd,India,Financials,17534332
Khang Dien House Trading and Investment JSC,Vietnam,Real Estate,38446415
Ki-Star Real Estate Co Ltd,Japan,Real Estate,3286495
Kia Corp,South Korea,Consumer Discretionary,297628216
Kiatnakin Phatra Bank PCL,Thailand,Financials,1372661
Kier Group PLC,United Kingdom,Industrials,6360637
Kikkoman Corp,Japan,Consumer Staples,114920302
Kilroy Realty Corp,United States,Real Estate,366356014
Kim Teck Cheong Consolidated Bhd,Malaysia,Consumer Staples,848149
Kimberly-Clark Corp,United States,Consumer Staples,573512285
Kimberly-Clark de Mexico SAB de CV,Mexico,Consumer Staples,972477
Kimco Realty Corp,United States,Real Estate,360280790
Kinaxis Inc,Canada,Technology,42451082
Kinden Corp,Japan,Industrials,44065368
Kinder Morgan Inc,United States,Energy,906555962
KinderCare Learning Cos Inc,United States,Consumer Discretionary,1956629
Kindom Development Co Ltd,Taiwan,Real Estate,9122084
Kinepolis Group NV,Belgium,Consumer Discretionary,23293447
Kinergy Advancement Bhd,Malaysia,Industrials,4397853
King Slide Works Co Ltd,Taiwan,Basic Materials,77228764
King Yuan Electronics Co Ltd,Taiwan,Technology,80719403
King's Town Bank Co Ltd,Taiwan,Financials,26262026
Kingboard Holdings Ltd,China,Basic Materials,20191507
Kingboard Laminates Holdings Ltd,China,Technology,18689224
Kingdee International Software Group Co Ltd,China,Technology,33413701
Kingfisher PLC,United Kingdom,Consumer Discretionary,147915837
Kingsoft Cloud Holdings Ltd,China,Technology,6174870
Kingsoft Corp Ltd,China,Technology,118296886
Kingspan Group PLC,Ireland,Industrials,245174585
Kinh Bac City Development Holding Corp,Vietnam,Real Estate,7593827
Kinik Co,Taiwan,Industrials,72825068
Kinnevik AB,Sweden,Financials,41040250
Kino Polska TV SA,Poland,Consumer Discretionary,2975641
Kinpo Electronics,Taiwan,Technology,14590298
Kinross Gold Corp,Canada,Basic Materials,324905294
Kinsale Capital Group Inc,United States,Financials,89199841
Kinsus Interconnect Technology Corp,Taiwan,Technology,14345611
Kintetsu Department Store Co Ltd,Japan,Consumer Discretionary,1069598
Kintetsu Group Holdings Co Ltd,Japan,Industrials,61049090
Kirby Corp,United States,Industrials,74292866
Kirin Holdings Co Ltd,Japan,Consumer Staples,99187425
Kirloskar Oil Engines Ltd,India,Industrials,10755148
Kirloskar Pneumatic Co Ltd,India,Industrials,7908354
Kissei Pharmaceutical Co Ltd,Japan,Health Care,6940392
Kite Realty Group Trust,United States,Real Estate,91335256
Kitwave Group Plc,United Kingdom,Consumer Staples,9082080
Kitz Corp,Japan,Industrials,4561304
Kiwi Property Group Ltd,New Zealand,Real Estate,8882809
Kiyo Bank Ltd/The,Japan,Financials,19452080
Klabin SA,Brazil,Basic Materials,35262363
Klaviyo Inc,United States,Technology,24761445
Klepierre SA,France,Real Estate,410104597
Klinique Medical Clinic PCL/The,Thailand,Health Care,5359188
Knife River Corp,United States,Industrials,66630813
Knight-Swift Transportation Holdings Inc,United States,Industrials,65838817
Knights Group Holdings PLC,United Kingdom,Industrials,3383678
Knorr-Bremse AG,Germany,Industrials,279249313
Knowles Corp,United States,Consumer Discretionary,7983161
KoMiCo Ltd,South Korea,Technology,8237388
Koa Corp,Japan,Industrials,8197
Koatsu Gas Kogyo Co Ltd,Japan,Basic Materials,282280
Kobayashi Pharmaceutical Co Ltd,Japan,Consumer Staples,32643796
Kobe Bussan Co Ltd,Japan,Consumer Staples,37747936
Kobe Steel Ltd,Japan,Basic Materials,43664674
Kocaer Celik Sanayi Ve Ticaret AS,Türkiye,Basic Materials,13788303
Kodiak Gas Services Inc,United States,Energy,531
Koei Tecmo Holdings Co Ltd,Japan,Consumer Discretionary,29450756
Koenig & Bauer AG,Germany,Industrials,1687083
Kogan.com Ltd,Australia,Consumer Discretionary,897435
Koh Young Technology Inc,South Korea,Technology,186511
Kohl's Corp,United States,Consumer Discretionary,8185208
Kohnan Shoji Co Ltd,Japan,Consumer Discretionary,5850343
Koike Sanso Kogyo Co Ltd,Japan,Industrials,1221927
Koito Manufacturing Co Ltd,Japan,Consumer Discretionary,52568074
Kojamo Oyj,Finland,Real Estate,133687758
Kojima Co Ltd,Japan,Consumer Discretionary,298246
Kokusai Electric Corp,Japan,Technology,23362156
Kokuyo Co Ltd,Japan,Industrials,21652011
Kolmar Korea Co Ltd,South Korea,Consumer Discretionary,11310923
Kolon Corp,South Korea,Industrials,61337
Kolon Industries Inc,South Korea,Basic Materials,312802
Komatsu Ltd,Japan,Industrials,640545870
Komatsu Matere Co Ltd,Japan,Basic Materials,595856
Komax Holding AG,Switzerland,Industrials,3967167
Komercni Banka AS,Czech Republic,Financials,2617540
Komeri Co Ltd,Japan,Consumer Discretionary,20737066
Konami Group Corp,Japan,Consumer Discretionary,88894169
Kone Oyj,Finland,Industrials,257405458
Konecranes Oyj,Finland,Industrials,117730258
Konica Minolta Inc,Japan,Technology,38508811
Koninklijke Ahold Delhaize NV,Netherlands,Consumer Staples,798032090
Koninklijke BAM Groep NV,Netherlands,Industrials,8704908
Koninklijke KPN NV,Netherlands,Telecommunications,321704772
Koninklijke Philips NV,Netherlands,Health Care,426773330
Koninklijke Vopak NV,Netherlands,Industrials,56118066
Konishi Co Ltd,Japan,Basic Materials,3910018
Konoike Transport Co Ltd,Japan,Industrials,8132563
Kontoor Brands Inc,United States,Consumer Discretionary,17630418
Kontron AG,Germany,Technology,9176809
Korea Aerospace Industries Ltd,South Korea,Industrials,56500666
Korea Asset In Trust Co Ltd,South Korea,Real Estate,62966
Korea District Heating Corp,South Korea,Utilities,6145723
Korea Electric Terminal Co Ltd,South Korea,Technology,7868896
Korea Investment Holdings Co Ltd,South Korea,Financials,42793234
Korea Petrochemical Ind Co Ltd,South Korea,Basic Materials,2956
Korea United Pharm Inc,South Korea,Health Care,64792
Korea Zinc Co Ltd,South Korea,Basic Materials,11876690
Korean Air Lines Co Ltd,South Korea,Consumer Discretionary,44895578
Korean Reinsurance Co,South Korea,Financials,26718766
Korn Ferry,United States,Industrials,42360354
Kosaido Holdings Co Ltd,Japan,Consumer Discretionary,2695947
Kose Corp,Japan,Consumer Discretionary,14022392
Koshidaka Holdings Co Ltd,Japan,Consumer Discretionary,14106555
Kossan Rubber Industries Bhd,Malaysia,Health Care,16904748
Kotak Mahindra Bank Ltd,India,Financials,459241422
Kotobuki Spirits Co Ltd,Japan,Consumer Staples,19648227
Kourakuen Corp,Japan,Consumer Discretionary,174975
Kraft Heinz Co/The,United States,Consumer Staples,319258949
Krafton Inc,South Korea,Consumer Discretionary,87221016
Kratos Defense & Security Solutions Inc,United States,Industrials,5182668
Krishna Institute of Medical Sciences Ltd,India,Health Care,15607556
Krispy Kreme Inc,United States,Consumer Discretionary,11846
Krka dd Novo mesto,Slovenia,Health Care,18568414
Kroger Co/The,United States,Consumer Staples,589969452
Krones AG,Germany,Industrials,59072334
Krosaki Harima Corp,Japan,Industrials,2304377
Krung Thai Bank PCL,Thailand,Financials,14103526
Krungthai Card PCL,Thailand,Financials,820286
Krystal Biotech Inc,United States,Health Care,34391256
Kuaishou Technology,China,Technology,242379828
Kubota Corp,Japan,Industrials,123401004
Kuehne + Nagel International AG,Switzerland,Industrials,196960006
Kuk-il Paper Manufacturing Co Ltd,South Korea,Basic Materials,4399
Kulicke & Soffa Industries Inc,United States,Technology,6875118
Kum Yang Co Ltd,South Korea,Basic Materials,315145
Kumagai Gumi Co Ltd,Japan,Industrials,9810715
Kumba Iron Ore Ltd,South Africa,Basic Materials,46097655
Kumho Petrochemical Co Ltd,South Korea,Basic Materials,20579169
Kumiai Chemical Industry Co Ltd,Japan,Basic Materials,3835540
Kung Long Batteries Industrial Co Ltd,Taiwan,Industrials,1427809
Kunlun Energy Co Ltd,China,Energy,42572637
Kuo Toong International Co Ltd,Taiwan,Industrials,1554510
Kuo Yang Construction Co Ltd,Taiwan,Real Estate,1070567
Kura Sushi Inc,Japan,Consumer Discretionary,5824704
Kurabo Industries Ltd,Japan,Basic Materials,1086595
Kuraray Co Ltd,Japan,Basic Materials,66048392
Kureha Corp,Japan,Basic Materials,2990980
Kurimoto Ltd,Japan,Basic Materials,2994712
Kurita Water Industries Ltd,Japan,Industrials,56911155
Kusuri no Aoki Holdings Co Ltd,Japan,Consumer Staples,18702939
Kuwait Finance House KSCP,Kuwait,Financials,59348963
Kwang Dong Pharmaceutical Co Ltd,South Korea,Health Care,77054
Kweichow Moutai Co Ltd,China,Consumer Staples,273534698
Kymera Therapeutics Inc,United States,Health Care,3670223
Kyndryl Holdings Inc,United States,Technology,14322601
Kyocera Corp,Japan,Technology,207195848
Kyodo Printing Co Ltd,Japan,Industrials,300019
Kyoei Steel Ltd,Japan,Basic Materials,12750129
Kyokuto Kaihatsu Kogyo Co Ltd,Japan,Industrials,7411988
Kyokuto Securities Co Ltd,Japan,Financials,404829
Kyokuyo Co Ltd,Japan,Consumer Staples,789081
Kyorin Pharmaceutical Co Ltd,Japan,Health Care,2886945
Kyoritsu Maintenance Co Ltd,Japan,Consumer Discretionary,18570670
Kyosan Electric Manufacturing Co Ltd,Japan,Industrials,1636569
Kyoto Financial Group Inc,Japan,Financials,70170875
Kyowa Kirin Co Ltd,Japan,Health Care,55838457
Kyudenko Corp,Japan,Industrials,57787745
Kyung Dong Navien Co Ltd,South Korea,Industrials,25827551
Kyushu Electric Power Co Inc,Japan,Utilities,38147223
Kyushu Financial Group Inc,Japan,Financials,16438624
Kyushu Railway Co,Japan,Consumer Discretionary,43602901
Kyverna Therapeutics Inc,United States,Health Care,149600
L E Lundbergforetagen AB,Sweden,Financials,69271556
L&C Bio Co Ltd,South Korea,Health Care,10286535
L&F Co Ltd,South Korea,Basic Materials,8132127
L&K Engineering Co Ltd,Taiwan,Industrials,21704102
L&P Global Bhd,Malaysia,Industrials,906743
L&T Finance Ltd,India,Financials,15801150
L&T Technology Services Ltd,India,Industrials,16965357
L'Oreal SA,France,Consumer Discretionary,1669074671
LAMDA Development SA,Greece,Real Estate,16274436
LANXESS AG,Germany,Basic Materials,36674030
LBS Bina Group Bhd,Malaysia,Real Estate,616642
LCI Industries,United States,Consumer Discretionary,26401774
LEC Inc,Japan,Consumer Staples,407438
LEENO Industrial Inc,South Korea,Technology,39019921
LEG Immobilien SE,Germany,Real Estate,176720627
LEM Holding SA,Switzerland,Industrials,9266486
LG Chem Ltd,South Korea,Industrials,155437708
LG Corp,South Korea,Industrials,64238984
LG Display Co Ltd,South Korea,Technology,1619324
LG Electronics Inc,South Korea,Consumer Discretionary,102525608
LG Energy Solution Ltd,South Korea,Industrials,18894084
LG H&H Co Ltd,South Korea,Consumer Staples,23039110
LG Innotek Co Ltd,South Korea,Technology,12654292
LG Uplus Corp,South Korea,Telecommunications,79667998
LGI Homes Inc,United States,Consumer Discretionary,3485170
LGMS Bhd,Malaysia,Technology,3326624
LHV Group AS,Estonia,Financials,7975429
LIC Housing Finance Ltd,India,Financials,90061523
LIFENET INSURANCE CO,Japan,Financials,6200086
LIFULL Co Ltd,Japan,Real Estate,157050
LIG Nex1 Co Ltd,South Korea,Industrials,30022371
LISI SA,France,Industrials,2145105
LITALICO Inc,Japan,Industrials,2040459
LKQ Corp,United States,Consumer Discretionary,117209274
LMW Ltd,India,Industrials,12152536
LONGi Green Energy Technology Co Ltd,China,Energy,8229913
LOTTE Fine Chemical Co Ltd,South Korea,Basic Materials,1951047
LOTTE Himart Co Ltd,South Korea,Consumer Discretionary,63328
LOTTE Reit Co Ltd,South Korea,Real Estate,519831
LPI Capital Bhd,Malaysia,Financials,4994226
LPKF Laser & Electronics SE,Germany,Technology,3143985
LPL Financial Holdings Inc,United States,Financials,300704935
LPN Development PCL,Thailand,Real Estate,0
LPP SA,Poland,Consumer Discretionary,153997930
LS Corp,South Korea,Industrials,57956911
LS Electric Co Ltd,South Korea,Technology,68010990
LS Materials Ltd,South Korea,Industrials,6169
LSR Group PJSC,Russia,Real Estate,273702
LT Foods Ltd,India,Consumer Staples,7435769
LTC Properties Inc,United States,Real Estate,4999523
LTIMindtree Ltd,India,Technology,96300780
LU-VE SpA,Italy,Industrials,16206179
LUKOIL PJSC,Russia,Energy,24448250
LVGEM China Real Estate Investment Co Ltd,China,Real Estate,433
LVMH Moet Hennessy Louis Vuitton SE,France,Consumer Discretionary,3632222119
LX Hausys Ltd,South Korea,Industrials,145225
LX Holdings Corp,South Korea,Industrials,59492
LX INTERNATIONAL CORP,South Korea,Industrials,354517
LX Semicon Co Ltd,South Korea,Technology,10317286
LXP Industrial Trust,United States,Real Estate,40114237
LY Corp,Japan,Technology,123426425
La Comer SAB de CV,Mexico,Consumer Staples,2
La Francaise des Jeux SACA,France,Consumer Discretionary,83484139
La-Z-Boy Inc,United States,Consumer Discretionary,5786009
LaSalle Logiport REIT,Japan,Real Estate,34715763
Labcorp Holdings Inc,United States,Health Care,232781815
Laboratorios Farmaceuticos Rovi SA,Spain,Health Care,30304574
Ladder Capital Corp,United States,Financials,5764215
Lagardere SA,France,Consumer Discretionary,10323620
Lagercrantz Group AB,Sweden,Technology,80116399
Lai Yih Footwear Co Ltd,Taiwan,Consumer Discretionary,68626836
Lake Materials Co Ltd,South Korea,Basic Materials,3024605
Lam Research Corp,United States,Technology,1670616627
Lamar Advertising Co,United States,Real Estate,57255296
Lamb Weston Holdings Inc,United States,Consumer Staples,94762935
Lancashire Holdings Ltd,United Kingdom,Financials,34105755
Land & Houses PCL,Thailand,Real Estate,3919845
Land Securities Group PLC,United Kingdom,Real Estate,118720208
LandMark Optoelectronics Corp,Taiwan,Technology,34487615
Landis+Gyr Group AG,Switzerland,Industrials,41501834
Landstar System Inc,United States,Industrials,54088123
Lantheus Holdings Inc,United States,Health Care,26189057
Lao Feng Xiang Co Ltd,China,Consumer Discretionary,13041549
Laobaixing Pharmacy Chain JSC,China,Consumer Staples,32219812
Laopu Gold Co Ltd,China,Consumer Discretionary,931520
Lar Espana Real Estate Socimi SA,Spain,Real Estate,613788
Largan Precision Co Ltd,Taiwan,Technology,136713148
Lark Distilling Co Ltd,Australia,Consumer Staples,2251360
Las Vegas Sands Corp,United States,Consumer Discretionary,212797166
Lasertec Corp,Japan,Technology,92132154
Latam Airlines Group SA,Chile,Consumer Discretionary,40440785
Latin Resources Ltd,Australia,Basic Materials,1409003
Lattice Semiconductor Corp,United States,Technology,100617198
Laurus Labs Ltd,India,Health Care,30014623
Lazard Inc,United States,Financials,59962154
Lealea Enterprise Co Ltd,Taiwan,Basic Materials,713895
Lear Corp,United States,Consumer Discretionary,31881228
Lee & Man Paper Manufacturing Ltd,China,Basic Materials,3447675
Lee Swee Kiat Group Bhd,Malaysia,Consumer Discretionary,826488
Legal & General Group PLC,United Kingdom,Financials,322967427
Legalzoom.com Inc,United States,Industrials,5769325
Legend Holdings Corp,China,Technology,6281862
Legrand SA,France,Industrials,587018734
Leidos Holdings Inc,United States,Technology,262433670
Lemon Tree Hotels Ltd,India,Consumer Discretionary,10355880
Lemonade Inc,United States,Financials,941062
Lendlease Corp Ltd,Australia,Industrials,31099599
Lendlease Global Commercial REIT,Singapore,Real Estate,13068184
Lennar Corp,United States,Consumer Discretionary,444608487
Lennox International Inc,United States,Industrials,374007838
Lenovo Group Ltd,Hong Kong,Technology,224220454
Lens Technology Co Ltd,China,Technology,941731
Lenta International Co PJSC,Russia,Consumer Staples,1430892
Lenzing AG,Austria,Basic Materials,14218309
Leo Lithium Ltd,Australia,Basic Materials,45893
Leonardo DRS Inc,United States,Industrials,24919637
Leonardo SpA,Italy,Industrials,206177372
Leonteq AG,Switzerland,Financials,1623069
Leopalace21 Corp,Japan,Real Estate,6706144
Lepidico Ltd,Australia,Basic Materials,238373
Lepu Medical Technology Beijing Co Ltd,China,Health Care,3896054
Li Auto Inc,China,Consumer Discretionary,210388935
Li Cheng Enterprise Co Ltd,Taiwan,Basic Materials,200668
Li Peng Enterprise Co Ltd,Taiwan,Basic Materials,699189
Li-S Energy Ltd,Australia,Industrials,4226
Lian HWA Food Corp,Taiwan,Consumer Staples,3527505
Liberty Broadband Corp,United States,Telecommunications,127408659
Liberty Energy Inc,United States,Energy,8139664
Liberty Financial Group Ltd,Australia,Financials,5496190
Liberty Global Ltd,United States,Telecommunications,50644018
Liberty Latin America Ltd,United States,Telecommunications,3144674
Liberty Media Corp-Liberty Formula One,United States,Consumer Discretionary,283385848
Liberty Media Corp-Liberty Live,United States,Consumer Discretionary,57632037
Libstar Holdings Ltd,South Africa,Consumer Staples,2863612
Liechtensteinische Landesbank AG,Liechtenstein,Financials,789222
Lien Hwa Industrial Holdings Corp,Taiwan,Consumer Staples,23438914
Lifco AB,Sweden,Industrials,181508593
Life Corp,Japan,Consumer Staples,8023665
Life Healthcare Group Holdings Ltd,South Africa,Health Care,16091252
Life Time Group Holdings Inc,United States,Consumer Discretionary,19197882
Life360 Inc,Australia,Technology,46215794
Lifedrink Co Inc,Japan,Consumer Staples,3796752
Lifestyle Communities Ltd,Australia,Real Estate,21967565
Lifetech Scientific Corp,China,Health Care,3945278
LigaChem Biosciences Inc,South Korea,Health Care,11606273
Ligand Pharmaceuticals Inc,United States,Health Care,4959973
Light & Wonder Inc,United States,Consumer Discretionary,101257386
Light S/A,Brazil,Utilities,394
Lightspeed Commerce Inc,Canada,Technology,964712
Linamar Corp,Canada,Consumer Discretionary,22996554
Lincoln Electric Holdings Inc,United States,Industrials,307343567
Lincoln National Corp,United States,Financials,76950657
Lindab International AB,Sweden,Industrials,54164591
Lindblad Expeditions Holdings Inc,United States,Consumer Discretionary,1164652
Linde India Ltd,India,Basic Materials,16652544
Linde PLC,United States,Basic Materials,2900238038
Lindsay Corp,United States,Industrials,1021489
Linea Directa Aseguradora SA Cia de Seguros y Reaseguros,Spain,Financials,4501561
Lineage Inc,United States,Real Estate,680636054
Lingsen Precision Industries Ltd,Taiwan,Technology,1018400
Link And Motivation Inc,Japan,Industrials,1692669
Link REIT,Hong Kong,Real Estate,242688654
Linklogis Inc,China,Technology,4183
Lintec Corp,Japan,Basic Materials,12789685
Lion Corp,Japan,Consumer Staples,25640472
Lions Gate Entertainment Corp,United States,Consumer Discretionary,3037154
Liontown Resources Ltd,Australia,Basic Materials,6978823
Liontrust Asset Management PLC,United Kingdom,Financials,2043749
Lite-On Technology Corp,Taiwan,Technology,80718296
Lithia Motors Inc,United States,Consumer Discretionary,152752000
Lithium Americas Argentina Corp,Canada,Basic Materials,13993
Lithium Americas Corp,Canada,Basic Materials,7325
Littelfuse Inc,United States,Industrials,131578948
Litu Holdings Ltd,China,Industrials,45703
LivaNova PLC,United States,Health Care,3924772
Live Nation Entertainment Inc,United States,Consumer Discretionary,251606586
Live Oak Bancshares Inc,United States,Financials,4055932
LiveRamp Holdings Inc,United States,Technology,5057030
Livzon Pharmaceutical Group Inc,China,Health Care,9655551
Lixil Corp,Japan,Industrials,38060339
Lloyds Banking Group PLC,United Kingdom,Financials,1467935578
Lloyds Metals & Energy Ltd,India,Basic Materials,21392474
Loar Holdings Inc,United States,Industrials,30304283
Loblaw Cos Ltd,Canada,Consumer Staples,241782725
Localiza Rent a Car SA,Brazil,Consumer Discretionary,261975913
Loews Corp,United States,Financials,620335025
Log-in Logistica Intermodal SA,Brazil,Industrials,6926994
Logan Group Co Ltd,China,Real Estate,138
Logista Integral SA,Spain,Industrials,43676829
Logitech International SA,Switzerland,Technology,154503986
Logo Yazilim Sanayi Ve Ticaret AS,Türkiye,Technology,4364643
Lojas Quero-Quero SA,Brazil,Consumer Discretionary,3246720
Lojas Renner SA,Brazil,Consumer Discretionary,64898002
London Stock Exchange Group PLC,United Kingdom,Financials,1632252666
LondonMetric Property PLC,United Kingdom,Real Estate,262532823
Longfor Group Holdings Ltd,China,Real Estate,49991821
Longshine Technology Group Co Ltd,China,Technology,651420
Lonking Holdings Ltd,China,Industrials,1234172
Lonza Group AG,Switzerland,Health Care,1167415525
Loomis AB,Sweden,Industrials,49325190
Lotes Co Ltd,Taiwan,Technology,160883600
Lotte Chemical Corp,South Korea,Industrials,2526860
Lotte Chemical Titan Holding Bhd,Malaysia,Industrials,16974
Lotte Chilsung Beverage Co Ltd,South Korea,Consumer Staples,23386276
Lotte Corp,South Korea,Consumer Discretionary,517401
Lotte Energy Materials Corp,South Korea,Technology,329276
Lotte Rental Co Ltd,South Korea,Consumer Discretionary,12469824
Lotte Shopping Co Ltd,South Korea,Consumer Discretionary,505592
Lotte Tour Development Co Ltd,South Korea,Consumer Discretionary,153977
Lotte Wellfood Co Ltd,South Korea,Consumer Staples,16667707
Lottery Corp Ltd/The,Australia,Consumer Discretionary,111248307
Lottomatica Group Spa,Italy,Consumer Discretionary,78597921
Lotus Bakeries NV,Belgium,Consumer Staples,98086557
Lotus Pharmaceutical Co Ltd,Taiwan,Health Care,26395538
Lotus Resources Ltd,Australia,Basic Materials,1330457
Louis Hachette Group,France,Consumer Discretionary,10546320
Louisiana-Pacific Corp,United States,Industrials,78181389
Lovisa Holdings Ltd,Australia,Consumer Discretionary,6717553
Lowe's Cos Inc,United States,Consumer Discretionary,1813531811
Lucid Group Inc,United States,Consumer Discretionary,9446488
Lufax Holding Ltd,China,Financials,39150263
Luk Fook Holdings International Ltd,Hong Kong,Consumer Discretionary,10790144
Luka Koper,Slovenia,Industrials,9873824
Lulu Retail Holdings PLC,United Arab Emirates,Consumer Staples,18475147
Lululemon Athletica Inc,United States,Consumer Discretionary,159092885
Lumen Technologies Inc,United States,Telecommunications,63638184
Lumentum Holdings Inc,United States,Telecommunications,68962155
Lumosa Therapeutics Co Ltd,Taiwan,Health Care,12238108
Lundin Gold Inc,Canada,Basic Materials,30981501
Lundin Mining Corp,Canada,Basic Materials,28882729
Lung Kee Group Holdings Ltd,China,Basic Materials,1788763
Lung Yen Life Service Corp,Taiwan,Consumer Discretionary,1571535
Lunit Inc,South Korea,Health Care,562223
Lupin Ltd,India,Health Care,120563630
Luxshare Precision Industry Co Ltd,China,Consumer Discretionary,282799392
Luye Pharma Group Ltd,China,Health Care,3406291
Luzhou Laojiao Co Ltd,China,Consumer Staples,3514673
Lyft Inc,United States,Consumer Discretionary,49598810
Lynas Rare Earths Ltd,Australia,Basic Materials,55999080
LyondellBasell Industries NV,United States,Basic Materials,77035221
M&A Capital Partners Co Ltd,Japan,Financials,3808998
M&A Research Institute Holdings Inc,Japan,Financials,2517087
M&G PLC,United Kingdom,Financials,244029975
M&T Bank Corp,United States,Financials,311394571
M.I.Tech Co Ltd,South Korea,Health Care,5171342
M.Video PJSC,Russia,Consumer Discretionary,214642
M3 Inc,Japan,Health Care,48469863
M31 Technology Corp,Taiwan,Industrials,26041450
MA Financial Group Ltd,Australia,Financials,9476989
MAC Copper Ltd,Australia,Basic Materials,5028460
MACOM Technology Solutions Holdings Inc,United States,Technology,84521525
MARA Holdings Inc,United States,Financials,46412501
MARR SpA,Italy,Consumer Staples,155226
MARUKA FURUSATO Corp,Japan,Industrials,541379
MAS P.L.C.,South Africa,Real Estate,5599944
MBK PCL,Thailand,Real Estate,48287181
MBM Resources BHD,Malaysia,Consumer Discretionary,9072791
MBX Biosciences Inc,United States,Health Care,460750
MCJ Co Ltd,Japan,Technology,18137465
MCS Steel PCL,Thailand,Basic Materials,2440317
MD Entertainment Tbk PT,Indonesia,Consumer Discretionary,1947125
MDU Resources Group Inc,United States,Utilities,40857287
ME GROUP INTERNATIONAL PLC,United Kingdom,Consumer Discretionary,27214652
MEB Corp PCL,Thailand,Consumer Discretionary,4153835
MEIJI Holdings Co Ltd,Japan,Consumer Staples,71941108
MEITEC Group Holdings Inc,Japan,Industrials,19679253
MEKO AB,Sweden,Consumer Discretionary,3168805
METAWATER Co Ltd,Japan,Utilities,3191564
METRO AG,Germany,Consumer Staples,11280163
MFA Financial Inc,United States,Financials,3564034
MFE-MediaForEurope NV,Italy,Consumer Discretionary,14252382
MFEC PCL,Thailand,Technology,1956133
MFO SA,Poland,Basic Materials,1043913
MGB Bhd,Malaysia,Industrials,1105310
MGIC Investment Corp,United States,Financials,85908253
MGM China Holdings Ltd,Hong Kong,Consumer Discretionary,34553751
MGM Resorts International,United States,Consumer Discretionary,86440454
MGP Ingredients Inc,United States,Consumer Staples,571022
MIMAKI ENGINEERING CO LTD,Japan,Industrials,2531189
MINEBEA MITSUMI Inc,Japan,Industrials,26006181
MINISO Group Holding Ltd,China,Consumer Discretionary,248399771
MIRAIT ONE corp,Japan,Industrials,28187020
MISC Bhd,Malaysia,Industrials,37692873
MISUMI Group Inc,Japan,Industrials,92234657
MIXI Inc,Japan,Consumer Discretionary,10828063
MJL Bangladesh PLC,Bangladesh,Energy,3343119
MKS Instruments Inc,United States,Industrials,85451149
MLP Group SA,Poland,Real Estate,13041790
MLP Saglik Hizmetleri AS,Türkiye,Health Care,63971293
MM Group for Industry & International Trade SAE,Egypt,Consumer Discretionary,0
MN Holdings Bhd,Malaysia,Industrials,4414682
MNRB Holdings Bhd,Malaysia,Financials,2226099
MOG Digitech Holdings Ltd,China,Technology,273
MOL Hungarian Oil & Gas PLC,Hungary,Energy,25061329
MONY Group PLC,United Kingdom,Technology,21835750
MOS Food Services Inc,Japan,Consumer Discretionary,6295368
MP Evans Group PLC,United Kingdom,Consumer Staples,14399666
MPI Corp,Taiwan,Technology,122442314
MR DIY Group M Bhd,Malaysia,Consumer Discretionary,8000118
MRC Global Inc,United States,Energy,4554792
MRF Ltd,India,Consumer Discretionary,45666025
MRV Engenharia e Participacoes SA,Brazil,Consumer Discretionary,15593881
MS&AD Insurance Group Holdings Inc,Japan,Financials,374263871
MSA Safety Inc,United States,Industrials,72693460
MSC Industrial Direct Co Inc,United States,Industrials,34735481
MSCI Inc,United States,Financials,605048284
MSM Malaysia Holdings Bhd,Malaysia,Consumer Staples,1529131
MTAR Technologies Ltd,India,Industrials,3986579
MTI Ltd,Japan,Technology,614619
MTN Group Ltd,South Africa,Telecommunications,234028716
MTR Corp Ltd,Hong Kong,Industrials,78924866
MTU Aero Engines AG,Germany,Industrials,396848910
Maas Group Holdings Ltd,Australia,Industrials,8817947
Mabanee Co KPSC,Kuwait,Real Estate,32659347
Mabuchi Motor Co Ltd,Japan,Industrials,19345572
Macerich Co/The,United States,Real Estate,4876217
Mach7 Technologies Ltd,Australia,Health Care,1485960
Machvision Inc,Taiwan,Technology,1971865
Macnica Holdings Inc,Japan,Technology,40970663
Macquarie Group Ltd,Australia,Financials,398571539
Macquarie Technology Group Ltd,Australia,Technology,21911042
Macromill Inc,Japan,Consumer Discretionary,8319181
Macronix International Co Ltd,Taiwan,Technology,7156563
Macrotech Developers Ltd,India,Real Estate,53016440
Macy's Inc,United States,Consumer Discretionary,96688618
Madara Cosmetics AS,Latvia,Consumer Discretionary,157500
Made.com Group PLC,United Kingdom,Consumer Discretionary,13625
Madison Square Garden Entertainment Corp,United States,Consumer Discretionary,13454450
Madison Square Garden Sports Corp,United States,Consumer Discretionary,54051940
Madrigal Pharmaceuticals Inc,United States,Health Care,35513938
Maeda Kosen Co Ltd,Japan,Industrials,39009130
Maeil Dairies Co Ltd,South Korea,Consumer Staples,4987554
Maezawa Kyuso Industries Co Ltd,Japan,Industrials,589239
Magazine Luiza SA,Brazil,Consumer Discretionary,23491528
Magellan Financial Group Ltd,Australia,Financials,14416358
Magna International Inc,Canada,Consumer Discretionary,139972804
Magnera Corp,United States,Basic Materials,1762835
Magnite Inc,United States,Technology,6346333
Magnitogorsk Iron & Steel Works PJSC,Russia,Basic Materials,1849978
Magyar Telekom Telecommunications PLC,Hungary,Telecommunications,21922737
Mah Sing Group Bhd,Malaysia,Real Estate,11083918
Mahanagar Gas Ltd,India,Utilities,10792898
Maharashtra Seamless Ltd,India,Basic Materials,3394411
Mahindra & Mahindra Financial Services Ltd,India,Financials,39430482
Mahindra & Mahindra Ltd,India,Consumer Discretionary,527230271
Mahindra Holidays & Resorts India Ltd,India,Consumer Discretionary,21928720
Mahindra Lifespace Developers Ltd,India,Real Estate,1111869
Mainfreight Ltd,New Zealand,Industrials,61403505
Major Cineplex Group PCL,Thailand,Consumer Discretionary,7970442
Makalot Industrial Co Ltd,Taiwan,Consumer Discretionary,81529262
MakeMyTrip Ltd,United States,Consumer Discretionary,97832708
Makino Milling Machine Co Ltd,Japan,Industrials,18639375
Makita Corp,Japan,Industrials,94562377
Malayan Banking Bhd,Malaysia,Financials,131440663
Malaysia Airports Holdings Bhd,Malaysia,Industrials,25721633
Malaysia Smelting Corp Bhd,Malaysia,Basic Materials,2083194
Malaysian Pacific Industries Bhd,Malaysia,Technology,39298030
Malaysian Resources Corp Bhd,Malaysia,Industrials,8092843
Malee Group PCL,Thailand,Consumer Staples,2932628
Man Group PLC/Jersey,United Kingdom,Financials,73395955
Man Wah Holdings Ltd,Hong Kong,Consumer Discretionary,28380916
Management Solutions Co Ltd,Japan,Industrials,4715788
Manappuram Finance Ltd,India,Financials,12666796
Mandatum Oyj,Finland,Financials,20401306
Mandom Corp,Japan,Consumer Staples,2512691
Mangalore Refinery & Petrochemicals Ltd,India,Energy,3891372
Mangata Holding SA,Poland,Industrials,808240
Manhattan Associates Inc,United States,Technology,206901419
Mani Inc,Japan,Health Care,9880957
Manila Water Co Inc,Philippines,Utilities,16602944
Manitou BF SA,France,Industrials,1371029
Mankind Pharma Ltd,India,Health Care,213373681
ManpowerGroup Inc,United States,Industrials,27706293
Manulife Financial Corp,Canada,Financials,643744902
Maoyan Entertainment,China,Technology,3120728
Maoye International Holdings Ltd,China,Consumer Discretionary,482766
Map Aktif Adiperkasa PT,Indonesia,Consumer Discretionary,731722
Mapeley Ltd,United Kingdom,Real Estate,7
Mapfre SA,Spain,Financials,4567174
Maple Leaf Foods Inc,Canada,Consumer Staples,3071210
Maplebear Inc,United States,Technology,94391085
Mapletree Industrial Trust,Singapore,Real Estate,57251782
Mapletree Logistics Trust,Singapore,Real Estate,55550883
Mapletree Pan Asia Commercial Trust,Singapore,Real Estate,36208164
Marathon Petroleum Corp,United States,Energy,443756475
Maravai LifeSciences Holdings Inc,United States,Health Care,5
Marcopolo SA,Brazil,Industrials,12150247
Marcus & Millichap Inc,United States,Real Estate,2727326
Marex Group PLC,United Kingdom,Financials,1558500
Marfrig Global Foods SA,Brazil,Consumer Staples,767116
Marico Ltd,India,Consumer Staples,99918381
Marine & General Bhd,Malaysia,Industrials,1207648
Markel Group Inc,United States,Financials,250244658
MarketAxess Holdings Inc,United States,Financials,119094599
Marketech International Corp,Taiwan,Technology,2964892
Marks & Spencer Group PLC,United Kingdom,Consumer Staples,251894643
Marksans Pharma Ltd,India,Health Care,10871235
Marley Spoon Group SE,Australia,Consumer Discretionary,27164
Marqeta Inc,United States,Industrials,9184766
Marriott International Inc/MD,United States,Consumer Discretionary,567738019
Marriott Vacations Worldwide Corp,United States,Consumer Discretionary,31676860
Mars Group Holdings Corp,Japan,Consumer Discretionary,2963438
Marseille-Kliniken AG,Germany,Health Care,0
Marsh & McLennan Cos Inc,United States,Financials,1214558681
Marshalls PLC,United Kingdom,Industrials,11835211
Marten Transport Ltd,United States,Industrials,2121399
Martin Marietta Materials Inc,United States,Industrials,300310145
Marubeni Corp,Japan,Industrials,471749974
Marudai Food Co Ltd,Japan,Consumer Staples,523767
Maruha Nichiro Corp,Japan,Consumer Staples,12362364
Marui Group Co Ltd,Japan,Financials,31239318
Maruichi Steel Tube Ltd,Japan,Basic Materials,27707872
Marumae Co Ltd,Japan,Industrials,327742
Marusan Securities Co Ltd,Japan,Financials,276704
Maruti Suzuki India Ltd,India,Consumer Discretionary,189851202
Maruwa Co Ltd/Aichi,Japan,Industrials,49659350
Maruzen Showa Unyu Co Ltd,Japan,Industrials,5096811
Marvell Technology Inc,United States,Technology,1126579949
Marvelous Inc,Japan,Consumer Discretionary,414667
MasTec Inc,United States,Industrials,7663457
Masan Consumer Corp,Vietnam,Consumer Staples,7745584
Masan Group Corp,Vietnam,Consumer Staples,10418542
Masco Corp,United States,Industrials,126028328
Masimo Corp,United States,Health Care,5520028
Masraf Al Rayan QSC,Qatar,Financials,1
Mastek Ltd,India,Technology,5534990
Master Drilling Group Ltd,South Africa,Basic Materials,3064732
Masterbrand Inc,United States,Industrials,3433350
Mastercard Inc,United States,Industrials,5951922338
Mastersystem Infotama PT,Indonesia,Technology,8048955
Matas A/S,Denmark,Consumer Discretionary,940069
Match Group Inc,United States,Technology,112175576
Materion Corp,United States,Basic Materials,5037244
Matrix Concepts Holdings Bhd,Malaysia,Real Estate,12405284
Matson Inc,United States,Industrials,35015656
Matsuda Sangyo Co Ltd,Japan,Basic Materials,2147510
Matsui Securities Co Ltd,Japan,Financials,9389597
MatsukiyoCocokara & Co,Japan,Consumer Staples,20271152
Matsuya Co Ltd,Japan,Consumer Discretionary,647732
Matsuyafoods Holdings Co Ltd,Japan,Consumer Discretionary,1873069
Mattel Inc,United States,Consumer Discretionary,54928622
Matterport Inc,United States,Technology,3612572
Mavi Giyim Sanayi Ve Ticaret AS,Türkiye,Consumer Discretionary,25655221
Max Co Ltd,Japan,Industrials,8855994
Max Financial Services Ltd,India,Financials,31696385
Max Healthcare Institute Ltd,India,Health Care,142961584
Maxell Ltd,Japan,Industrials,4584708
Maximus Inc,United States,Industrials,71443409
Maxis Bhd,Malaysia,Telecommunications,19916732
Maxscend Microelectronics Co Ltd,China,Technology,7421818
Maxvalu Tokai Co Ltd,Japan,Consumer Staples,1158246
Mayne Pharma Group Ltd,Australia,Health Care,738814
Mayora Indah Tbk PT,Indonesia,Consumer Staples,60401613
Mayr Melnhof Karton AG,Austria,Industrials,8842393
Mazagon Dock Shipbuilders Ltd,India,Industrials,17420523
Mazda Motor Corp,Japan,Consumer Discretionary,54329244
McCormick & Co Inc/MD,United States,Consumer Staples,219261056
McDonald's Corp,United States,Consumer Discretionary,2682039089
McDonald's Holdings Co Japan Ltd,Japan,Consumer Discretionary,54530763
McEwen Mining Inc,United States,Basic Materials,420898
McGrath RentCorp,United States,Industrials,9723979
McKesson Corp,United States,Consumer Staples,1185013863
McMillan Shakespeare Ltd,Australia,Financials,7002354
Mcnex Co Ltd,South Korea,Technology,46981
Mebuki Financial Group Inc,Japan,Financials,57022617
MedAdvisor Ltd,Australia,Health Care,2304716
MedPacto Inc,South Korea,Health Care,108872
Medacta Group SA,Switzerland,Health Care,16778046
Medartis Holding AG,Switzerland,Health Care,2086315
Media Do Co Ltd,Japan,Consumer Discretionary,172277
MediaAlpha Inc,United States,Technology,3182651
MediaTek Inc,Taiwan,Technology,1179853117
Medibank Pvt Ltd,Australia,Financials,78636178
Medical Properties Trust Inc,United States,Real Estate,41266
Medicalgorithmics SA,Poland,Health Care,585506
Medicover AB,Sweden,Health Care,5522017
Medigen Biotechnology Corp,Taiwan,Health Care,385
Medigen Vaccine Biologics Corp,Taiwan,Health Care,707
Medikaloka Hermina Tbk PT,Indonesia,Health Care,6052919
Medinice SA,Poland,Health Care,245485
Mediobanca Banca di Credito Finanziario SpA,Italy,Financials,176485594
Medios AG,Germany,Health Care,9883682
Medipal Holdings Corp,Japan,Consumer Staples,51582871
Medipost Co Ltd,South Korea,Health Care,66507
Medley Inc,Japan,Industrials,11822712
Medlive Technology Co Ltd,China,Health Care,194749
Medmix AG,Switzerland,Health Care,1749581
Medpace Holdings Inc,United States,Health Care,69858667
Medplus Health Services Ltd,India,Consumer Staples,6774940
Medtronic PLC,United States,Health Care,1142377859
Medytox Inc,South Korea,Health Care,4353988
Meeza QSTP LLC,Qatar,Technology,15264137
Mega Financial Holding Co Ltd,Taiwan,Financials,173799391
Mega First Corp BHD,Malaysia,Utilities,5866865
Mega Lifesciences PCL,Thailand,Health Care,23327077
Mega Or Holdings Ltd,Israel,Industrials,426029
MegaStudyEdu Co Ltd,South Korea,Consumer Discretionary,2667807
Megacable Holdings SAB de CV,Mexico,Telecommunications,12759826
Megachips Corp,Japan,Technology,8768256
Megaport Ltd,Australia,Technology,8052889
Megmilk Snow Brand Co Ltd,Japan,Consumer Staples,8570618
Meidensha Corp,Japan,Industrials,16880857
Meiko Electronics Co Ltd,Japan,Technology,10994400
Meisei Industrial Co Ltd,Japan,Industrials,749748
Meitu Inc,China,Technology,31340048
Meituan,China,Technology,2073346374
Melco Holdings Inc,Japan,Technology,5645
Melco International Development Ltd,Hong Kong,Consumer Discretionary,1451461
Melexis NV,Belgium,Technology,22360722
Melia Hotels International SA,Spain,Consumer Discretionary,18474079
Melisron Ltd,Israel,Real Estate,18943816
Meliuz SA,Brazil,Technology,23187
Melrose Industries PLC,United Kingdom,Industrials,487189616
Menicon Co Ltd,Japan,Health Care,341181
Menora Mivtachim Holdings Ltd,Israel,Financials,8724319
Mensch und Maschine Software SE,Germany,Technology,6475521
MercadoLibre Inc,United States,Consumer Discretionary,526946142
Mercari Inc,Japan,Technology,16886098
Mercedes-Benz Group AG,Germany,Consumer Discretionary,416657963
Mercialys SA,France,Real Estate,5577016
Merck & Co Inc,United States,Health Care,3427517743
Merck KGaA,Germany,Health Care,374885834
Mercor SA,Poland,Industrials,2107340
Mercuries & Associates Holding Ltd,Taiwan,Financials,1073823
Mercuries Life Insurance Co Ltd,Taiwan,Financials,337
Mercury General Corp,United States,Financials,5650866
Mercury NZ Ltd,New Zealand,Utilities,37645390
Mercury Systems Inc,United States,Industrials,42
Merdeka Battery Materials Tbk PT,Indonesia,Basic Materials,6126254
Merida Industry Co Ltd,Taiwan,Consumer Discretionary,18858919
Meridian Energy Ltd,New Zealand,Utilities,69111316
Merit Medical Systems Inc,United States,Health Care,66638436
Meritage Homes Corp,United States,Consumer Discretionary,101694555
Meritz Financial Group Inc,South Korea,Financials,423420634
Merlin Properties Socimi SA,Spain,Real Estate,105515098
Merry Electronics Co Ltd,Taiwan,Consumer Discretionary,16200982
Mersen SA,France,Industrials,17837148
Merus NV,United States,Health Care,11042877
Meshulam Levinstein Contracting & Engineering Ltd,Israel,Industrials,7971189
Mesoblast Ltd,Australia,Health Care,5288559
MetLife Inc,United States,Financials,720696624
Meta Platforms Inc,United States,Technology,19750530468
Metagenomi Inc,United States,Health Care,1300329
Metair Investments Ltd,South Africa,Consumer Discretionary,3091232
Metalurgica Gerdau SA,Brazil,Basic Materials,31933789
Metaplanet Inc,Japan,Consumer Discretionary,4428608
Metcash Ltd,Australia,Consumer Staples,22914934
Meteoric Resources NL,Australia,Basic Materials,437240
Methanex Corp,Canada,Basic Materials,34145121
Methode Electronics Inc,United States,Technology,2741175
Metlen Energy & Metals SA,Greece,Utilities,78377033
Metro Bank Holdings PLC,United Kingdom,Financials,17508273
Metro Brands Ltd,India,Consumer Discretionary,3116284
Metro Inc/CN,Canada,Consumer Staples,160677801
Metropole Television SA,France,Consumer Discretionary,16994389
Metropolis Healthcare Ltd,India,Health Care,6991244
Metropolitan Bank & Trust Co,Philippines,Financials,3885511
Metsa Board Oyj,Finland,Basic Materials,15079097
Metso Oyj,Finland,Industrials,49205180
Mettler-Toledo International Inc,United States,Industrials,367517604
Mezzion Pharma Co Ltd,South Korea,Health Care,255765
Mi Technovation Bhd,Malaysia,Technology,18638240
MiCo Ltd,South Korea,Technology,5383707
MiMedx Group Inc,United States,Health Care,4020198
Micreed Co Ltd,Japan,Consumer Staples,343074
Micro-Star International Co Ltd,Taiwan,Technology,60556943
Micro-X Ltd,Australia,Health Care,906369
MicroStrategy Inc,United States,Technology,514056095
MicroTech Medical Hangzhou Co Ltd,China,Health Care,309708
Microba Life Sciences Ltd,Australia,Health Care,1622132
Microbio Co Ltd,Taiwan,Consumer Staples,1067
Microchip Technology Inc,United States,Technology,472966023
Micron Technology Inc,United States,Technology,1441607358
Micronics Japan Co Ltd,Japan,Technology,2205046
Microport Cardioflow Medtech Corp,China,Health Care,179759
Microport Scientific Corp,China,Health Care,8262434
Microsoft Corp,United States,Technology,43758827987
Mid-America Apartment Communities Inc,United States,Real Estate,822855095
Middleby Corp/The,United States,Industrials,20189229
Midea Group Co Ltd,China,Consumer Discretionary,350395768
Midea Real Estate Holding Ltd,China,Real Estate,205344
Midi Utama Indonesia Tbk PT,Indonesia,Consumer Staples,15492501
Mie Kotsu Group Holdings Inc,Japan,Industrials,432059
Mieco Chipboard BHD,Malaysia,Industrials,3800031
Migdal Insurance & Financial Holdings Ltd,Israel,Financials,312547
Migros Ticaret AS,Türkiye,Consumer Staples,61063781
Milbon Co Ltd,Japan,Consumer Staples,1974116
Military Commercial Joint Stock Bank,Vietnam,Financials,19818483
Millennium Group Corp Asia Co Ltd,Thailand,Consumer Discretionary,2891776
Miller Industries Inc/TN,United States,Industrials,1849688
MillerKnoll Inc,United States,Consumer Discretionary,365145
Minda Corp Ltd,India,Consumer Discretionary,3680889
Mindspace Business Parks REIT,India,Real Estate,20138894
Mineral Resources Ltd,Australia,Basic Materials,176385949
Minerals Technologies Inc,United States,Basic Materials,16360458
Ming Yang Smart Energy Group Ltd,China,Energy,2642854
Mingfa Group International Co Ltd,China,Real Estate,38217
Ministop Co Ltd,Japan,Consumer Staples,337975
Minkabu The Infonoid Inc,Japan,Industrials,2454759
Minor Hotels Europe & Americas SA,Spain,Consumer Discretionary,367692
Minor International PCL,Thailand,Consumer Discretionary,96367326
Minth Group Ltd,China,Consumer Discretionary,18267328
Mirae Asset Securities Co Ltd,South Korea,Financials,1839914
Mirai Corp,Japan,Real Estate,5210593
Mirarth Holdings Inc,Japan,Real Estate,5649208
Miroku Jyoho Service Co Ltd,Japan,Technology,528875
Mirum Pharmaceuticals Inc,United States,Health Care,19417216
Mirvac Group,Australia,Real Estate,53831861
Misitano & Stracuzzi SpA,Italy,Consumer Staples,673638
Mitac Holdings Corp,Taiwan,Technology,67244264
Mitani Sekisan Co Ltd,Japan,Industrials,3217135
Mitchells & Butlers PLC,United Kingdom,Consumer Discretionary,13415378
Mitie Group PLC,United Kingdom,Industrials,48114116
Mitra Adiperkasa Tbk PT,Indonesia,Consumer Discretionary,6400247
Mitra Keluarga Karyasehat Tbk PT,Indonesia,Health Care,50888372
Mitra Pinasthika Mustika Tbk PT,Indonesia,Consumer Discretionary,3671950
Mitsuba Corp,Japan,Consumer Discretionary,470043
Mitsubishi Chemical Group Corp,Japan,Basic Materials,57761654
Mitsubishi Corp,Japan,Industrials,1107366828
Mitsubishi Electric Corp,Japan,Industrials,545048088
Mitsubishi Estate Co Ltd,Japan,Real Estate,285942982
Mitsubishi Estate Logistics REIT Investment Corp,Japan,Real Estate,10298431
Mitsubishi Gas Chemical Co Inc,Japan,Basic Materials,56243459
Mitsubishi HC Capital Inc,Japan,Financials,98483829
Mitsubishi Heavy Industries Ltd,Japan,Industrials,842448517
Mitsubishi Logisnext Co Ltd,Japan,Industrials,23599466
Mitsubishi Logistics Corp,Japan,Industrials,45356522
Mitsubishi Materials Corp,Japan,Industrials,17574262
Mitsubishi Motors Corp,Japan,Consumer Discretionary,20387762
Mitsubishi Pencil Co Ltd,Japan,Consumer Staples,4789730
Mitsubishi Research Institute Inc,Japan,Technology,8037619
Mitsubishi Shokuhin Co Ltd,Japan,Consumer Staples,9542695
Mitsubishi UFJ Financial Group Inc,Japan,Financials,2058498403
Mitsuboshi Belting Ltd,Japan,Industrials,1494019
Mitsui & Co Ltd,Japan,Industrials,1033129264
Mitsui Chemicals Inc,Japan,Basic Materials,67125179
Mitsui DM Sugar Holdings Co Ltd,Japan,Consumer Staples,4411033
Mitsui E&S Co Ltd,Japan,Industrials,7881629
Mitsui Fudosan Co Ltd,Japan,Real Estate,426236005
Mitsui Fudosan Logistics Park Inc,Japan,Real Estate,35953836
Mitsui High-Tec Inc,Japan,Technology,10203315
Mitsui Mining & Smelting Co Ltd,Japan,Basic Materials,35869648
Mitsui OSK Lines Ltd,Japan,Industrials,225457546
Mitsui-Soko Holdings Co Ltd,Japan,Industrials,26023775
Mitsuuroko Group Holdings Co Ltd,Japan,Utilities,3205008
Miura Co Ltd,Japan,Industrials,44506863
Miyaji Engineering Group Inc,Japan,Industrials,847111
Miyakoshi Holdings Inc,Japan,Real Estate,1938638
Miyazaki Bank Ltd/The,Japan,Financials,856110
Mizrahi Tefahot Bank Ltd,Israel,Financials,70237527
Mizuho Financial Group Inc,Japan,Financials,1199292778
Mizuho Leasing Co Ltd,Japan,Consumer Discretionary,12327839
Mizuno Corp,Japan,Consumer Discretionary,16744413
Mobico Group PLC,United Kingdom,Consumer Discretionary,444140
Mobile TeleSystems PJSC,Russia,Telecommunications,82717
Mobile Telecommunications Co KSCP,Kuwait,Telecommunications,22393754
Mobile World Investment Corp,Vietnam,Consumer Discretionary,63150124
Mobileye Global Inc,United States,Technology,95937409
Mobimo Holding AG,Switzerland,Real Estate,52936249
Mobvista Inc,China,Technology,1074
Mochida Pharmaceutical Co Ltd,Japan,Health Care,4113490
Modec Inc,Japan,Energy,7775060
Modern Times Group MTG AB,Sweden,Consumer Discretionary,4224230
Moderna Inc,United States,Health Care,161040878
Modine Manufacturing Co,United States,Industrials,31589882
Moelis & Co,United States,Financials,47775389
Mohawk Industries Inc,United States,Industrials,61171230
Molecure SA,Poland,Health Care,1219321
Molina Healthcare Inc,United States,Health Care,131110749
Molson Coors Beverage Co,United States,Consumer Staples,140342345
Molson Coors Canada Inc,Canada,Consumer Staples,1593516
Molten Ventures PLC,United Kingdom,Financials,5139728
Moltiply Group SpA,Italy,Financials,16385479
Momentum Group Ltd,South Africa,Financials,100226637
Monadelphous Group Ltd,Australia,Industrials,9528643
Monarch Casino & Resort Inc,United States,Consumer Discretionary,3653070
Monash IVF Group Ltd,Australia,Health Care,5534098
Moncler SpA,Italy,Consumer Discretionary,227712507
Monday.com Ltd,United States,Technology,129994194
Monde Nissin Corp,Philippines,Consumer Staples,10924356
Mondelez International Inc,United States,Consumer Staples,1102214056
Mondi PLC,United Kingdom,Industrials,155225764
Monex Group Inc,Japan,Financials,18185957
Money Forward Inc,Japan,Technology,23656622
MongoDB Inc,United States,Technology,186146960
Mongolian Mining Corp,Hong Kong,Energy,4186780
Monogatari Corp/The,Japan,Consumer Discretionary,6237132
Monolithic Power Systems Inc,United States,Technology,487780321
MonotaRO Co Ltd,Japan,Consumer Discretionary,25351458
Monster Beverage Corp,United States,Consumer Staples,434890480
Montana Aerospace AG,Switzerland,Industrials,2010694
Monte Rosa Therapeutics Inc,United States,Health Care,3094324
Montea NV,Belgium,Real Estate,31048112
Moody's Corp,United States,Financials,973294164
Moog Inc,United States,Industrials,78717891
Moonpig Group PLC,United Kingdom,Consumer Discretionary,9374794
Morgan Advanced Materials PLC,United Kingdom,Industrials,3273871
Morgan Sindall Group PLC,United Kingdom,Industrials,6202502
Morgan Stanley,United States,Financials,1880038127
Mori Hills REIT Investment Corp,Japan,Real Estate,27640989
Mori Trust Reit Inc,Japan,Real Estate,9702117
Morimatsu International Holdings Co Ltd,Hong Kong,Industrials,5638553
Morinaga & Co Ltd/Japan,Japan,Consumer Staples,25442971
Morinaga Milk Industry Co Ltd,Japan,Consumer Staples,21124904
Moriroku Holdings Co Ltd,Japan,Industrials,448325
Morita Holdings Corp,Japan,Industrials,5410897
Moriya Transportation Engineering & Manufacturing Co Ltd,Japan,Industrials,1521862
Morningstar Inc,United States,Financials,111694199
Mosaic Co/The,United States,Basic Materials,97259004
Mosenergo PJSC,Russia,Utilities,178934
Motech Industries Inc,Taiwan,Energy,819661
Motherson Sumi Wiring India Ltd,India,Consumer Discretionary,13141878
Motilal Oswal Financial Services Ltd,India,Financials,18627128
Motor Oil Hellas Corinth Refineries SA,Greece,Energy,48601565
Motorola Solutions Inc,United States,Telecommunications,1057897019
Motus Holdings Ltd,South Africa,Consumer Discretionary,22522538
Mount Gibson Iron Ltd,Australia,Basic Materials,794774
Moura Dubeux Engenharia S/A,Brazil,Real Estate,3182738
Mpact Ltd,South Africa,Industrials,3211670
Mphasis Ltd,India,Technology,109311725
Mr Cooper Group Inc,United States,Financials,72984402
Mr Price Group Ltd,South Africa,Consumer Discretionary,126513545
Mrs Bectors Food Specialities Ltd,India,Consumer Staples,7062954
Muangthai Capital PCL,Thailand,Financials,49225798
Mueller Industries Inc,United States,Basic Materials,117351219
Mueller Water Products Inc,United States,Industrials,20996258
Muenchener Rueckversicherungs-Gesellschaft AG in Muenchen,Germany,Financials,1022701790
Muhibbah Engineering M Bhd,Malaysia,Industrials,3133046
Multi Bintang Indonesia Tbk PT,Indonesia,Consumer Staples,6212953
Multi Commodity Exchange of India Ltd,India,Financials,112363107
MultiChoice Group,South Africa,Telecommunications,22977890
Multiplan Empreendimentos Imobiliarios SA,Brazil,Real Estate,75975540
Munters Group AB,Sweden,Industrials,45052965
Murapol SA,Poland,Consumer Discretionary,9191533
Murata Manufacturing Co Ltd,Japan,Technology,532066846
Murphy USA Inc,United States,Consumer Discretionary,112741218
Musashi Seimitsu Industry Co Ltd,Japan,Consumer Discretionary,41514990
Musashino Bank Ltd/The,Japan,Financials,4848753
Muthoot Finance Ltd,India,Financials,135669871
Muyuan Foods Co Ltd,China,Consumer Staples,33860187
My EG Services Bhd,Malaysia,Technology,20215442
MyState Ltd,Australia,Financials,1212049
Mycronic AB,Sweden,Technology,59686809
Myer Holdings Ltd,Australia,Consumer Discretionary,3237176
Myers Industries Inc,United States,Industrials,3179940
Mynews Holdings Bhd,Malaysia,Consumer Staples,381345
Myoung Shin Industrial Co Ltd,South Korea,Consumer Discretionary,7704
N-able Inc/US,United States,Technology,3450233
NARI Technology Co Ltd,China,Industrials,8334860
NAURA Technology Group Co Ltd,China,Technology,150284284
NAVER Corp,South Korea,Technology,278920814
NBCC India Ltd,India,Industrials,10479284
NBT Bancorp Inc,United States,Financials,6735641
NCC AB,Sweden,Industrials,7259663
NCC Group PLC,United Kingdom,Technology,1322459
NCC Ltd/India,India,Industrials,13757108
NCR Voyix Corp,United States,Technology,97
NCSoft Corp,South Korea,Consumer Discretionary,16740739
NEC Capital Solutions Ltd,Japan,Financials,408754
NEC Corp,Japan,Technology,388021599
NEC Networks & System Integration Corp,Japan,Technology,42557725
NEPES Corp,South Korea,Technology,25032
NEPI Rockcastle NV,South Africa,Real Estate,58198946
NET Lease Office Properties,United States,Real Estate,186449
NET One Systems Co Ltd,Japan,Technology,39216273
NETLINK NBN TRUST,Singapore,Telecommunications,33339010
NETSTREIT Corp,United States,Real Estate,3040835
NEXTDC Ltd,Australia,Technology,85008817
NEXTIN Inc,South Korea,Technology,2985329
NEXTracker Inc,United States,Energy,106136783
NGK Insulators Ltd,Japan,Industrials,39387836
NH Foods Ltd,Japan,Consumer Staples,58493938
NH Investment & Securities Co Ltd,South Korea,Financials,2000464
NHK Spring Co Ltd,Japan,Consumer Discretionary,22395329
NHN Corp,South Korea,Consumer Discretionary,4628
NICE Holdings Co Ltd,South Korea,Industrials,183147
NICE Information Service Co Ltd,South Korea,Industrials,1725122
NIDEC CORP,Japan,Industrials,306606719
NIIT Learning Systems Ltd,India,Industrials,487524
NIKE Inc,United States,Consumer Discretionary,1137206822
NIO Inc,China,Consumer Discretionary,57673430
NIPPON EXPRESS HOLDINGS INC,Japan,Industrials,49192456
NIPPON REIT Investment Corp,Japan,Real Estate,8315024
NKMax Co Ltd,South Korea,Health Care,26064
NKT A/S,Denmark,Industrials,177514002
NMC Health PLC,United Kingdom,Health Care,942
NMDC Steel Ltd,India,Basic Materials,3200475
NMI Holdings Inc,United States,Financials,13174122
NN Group NV,Netherlands,Financials,770810256
NNIT A/S,Denmark,Technology,239136
NNN REIT Inc,United States,Real Estate,93982574
NOCIL Ltd,India,Basic Materials,1803640
NOF Corp,Japan,Basic Materials,63622998
NOK Corp,Japan,Consumer Discretionary,28160466
NOS SGPS SA,Portugal,Telecommunications,22169626
NOV Inc,United States,Energy,7988682
NP3 Fastigheter AB,Sweden,Real Estate,3264181
NPR-RIKEN CORP,Japan,Consumer Discretionary,688711
NRW Holdings Ltd,Australia,Basic Materials,14482713
NS Solutions Corp,Japan,Technology,31303409
NS United Kaiun Kaisha Ltd,Japan,Industrials,4044782
NSD Co Ltd,Japan,Technology,11081984
NSI NV,Netherlands,Real Estate,2082770
NSK Ltd,Japan,Consumer Discretionary,32708314
NTG Nordic Transport Group A/S,Denmark,Industrials,3609008
NTN Corp,Japan,Consumer Discretionary,1328030
NTT Data Group Corp,Japan,Technology,130274187
NTT UD REIT Investment Corp,Japan,Real Estate,10426569
NU Holdings Ltd/Cayman Islands,United States,Financials,449478504
NVIDIA Corp,United States,Technology,42973911250
NVR Inc,United States,Consumer Discretionary,290800789
NWS Holdings Ltd,Hong Kong,Industrials,19345669
NX Filtration NV,Netherlands,Industrials,466753
NXP Semiconductors NV,United States,Technology,660922885
Nabtesco Corp,Japan,Industrials,28575276
Nachi-Fujikoshi Corp,Japan,Industrials,2781740
Nagaileben Co Ltd,Japan,Health Care,3072649
Nagarro SE,Germany,Technology,4016031
Nagase & Co Ltd,Japan,Basic Materials,31099723
Nagawa Co Ltd,Japan,Consumer Discretionary,4046157
Nagoya Railroad Co Ltd,Japan,Industrials,26227674
Naim Holdings Bhd,Malaysia,Industrials,2699133
Nakanishi Inc,Japan,Health Care,30877054
Nam Long Investment Corp,Vietnam,Real Estate,7324655
Namchow Holdings Co Ltd,Taiwan,Consumer Staples,912009
Namura Shipbuilding Co Ltd,Japan,Industrials,5409075
Namyang Dairy Products Co Ltd,South Korea,Consumer Staples,37641
Nan Kang Rubber Tire Co Ltd,Taiwan,Consumer Discretionary,13712209
Nan Liu Enterprise Co Ltd,Taiwan,Consumer Staples,754356
Nan Pao Resins Chemical Co Ltd,Taiwan,Basic Materials,8313431
Nan Ya Plastics Corp,Taiwan,Basic Materials,51133953
Nan Ya Printed Circuit Board Corp,Taiwan,Technology,2043020
Nanjing Sample Technology Co Ltd,China,Technology,142686
Nankai Electric Railway Co Ltd,Japan,Industrials,23349100
Nanoform Finland Plc,Finland,Health Care,1931468
Nanosonics Ltd,Australia,Health Care,7801429
Nantex Industry Co Ltd,Taiwan,Basic Materials,4612912
Nanto Bank Ltd/The,Japan,Financials,5033122
Nanya Technology Corp,Taiwan,Technology,5265170
Narayana Hrudayalaya Ltd,India,Health Care,15683729
Nasdaq Inc,United States,Financials,417689695
Nasmedia Co Ltd,South Korea,Consumer Discretionary,2498533
Naspers Ltd,South Africa,Technology,594269841
NatWest Group PLC,United Kingdom,Financials,1306997255
Natco Pharma Ltd,India,Health Care,17095888
Natera Inc,United States,Health Care,238490664
Nation Media Group PLC,Kenya,Consumer Discretionary,18568
National Agricultural Holdings Ltd,China,Financials,7630
National Aluminium Co Ltd,India,Basic Materials,25147777
National Australia Bank Ltd,Australia,Financials,913656539
National Bank of Canada,Canada,Financials,383827112
National Bank of Greece SA,Greece,Financials,74544112
National Bank of Kuwait SAKP,Kuwait,Financials,386714141
National Beverage Corp,United States,Consumer Staples,9718263
National Central Cooling Co PJSC,United Arab Emirates,Industrials,48933276
National Fuel Gas Co,United States,Utilities,67393028
National Grid PLC,United Kingdom,Utilities,971200817
National Health Investors Inc,United States,Real Estate,42321510
National Presto Industries Inc,United States,Industrials,1938874
National Storage Affiliates Trust,United States,Real Estate,26736520
National Storage REIT,Australia,Real Estate,23530975
National Vision Holdings Inc,United States,Consumer Discretionary,175723
Nationgate Holdings Bhd,Malaysia,Technology,5471341
Natura & Co Holding SA,Brazil,Consumer Discretionary,51846607
Nature Holdings Co Ltd/The,South Korea,Consumer Discretionary,2483304
Naturgy Energy Group SA,Spain,Utilities,13185802
Navigator Global Investments Ltd,Australia,Financials,29455177
Navin Fluorine International Ltd,India,Basic Materials,56234044
Navios Maritime Partners LP,Greece,Industrials,14415570
Navitas Semiconductor Corp,United States,Technology,13101072
Nebius Group NV,Russia,Technology,95664997
Nedbank Group Ltd,South Africa,Financials,76536158
Neinor Homes SA,Spain,Real Estate,4303903
Nemak SAB de CV,Mexico,Consumer Discretionary,2490539
Nemetschek SE,Germany,Technology,35056783
NeoGenomics Inc,United States,Health Care,6273343
NeoPharm Co Ltd,South Korea,Consumer Discretionary,3240594
Neoen SA,France,Utilities,139766730
Neoenergia SA,Brazil,Utilities,18582422
Neogen Corp,United States,Health Care,212170865
Neowiz,South Korea,Consumer Discretionary,5902520
NerdWallet Inc,United States,Technology,3785180
Neste Oyj,Finland,Energy,21992155
Nestle India Ltd,India,Consumer Staples,96937444
Nestle Malaysia Bhd,Malaysia,Consumer Staples,15652
Nestle SA,Switzerland,Consumer Staples,5965855226
Net Protections Holdings Inc,Japan,Industrials,3702316
NetApp Inc,United States,Technology,301483672
NetDragon Websoft Holdings Ltd,China,Consumer Discretionary,726903
NetEase Cloud Music Inc,China,Consumer Discretionary,9556
NetEase Inc,China,Consumer Discretionary,429328406
NetScout Systems Inc,United States,Technology,4479894
Netcare Ltd,South Africa,Health Care,33125340
Netcompany Group A/S,Denmark,Technology,44129453
Netflix Inc,United States,Consumer Discretionary,4946141466
Netjoy Holdings Ltd,China,Technology,989546
Netmarble Corp,South Korea,Consumer Discretionary,1060619
Neturen Co Ltd,Japan,Basic Materials,543264
Netwealth Group Ltd,Australia,Financials,25456371
Network18 Media & Investments Ltd,India,Consumer Discretionary,47702328
Neuca SA,Poland,Health Care,8221916
Neuland Laboratories Ltd,India,Health Care,14616705
Neumora Therapeutics Inc,United States,Health Care,1166000
Neuren Pharmaceuticals Ltd,Australia,Health Care,23385822
Neurocrine Biosciences Inc,United States,Health Care,43392667
New China Life Insurance Co Ltd,China,Financials,5850517
New Fortress Energy Inc,United States,Energy,10135299
New Horizon Health Ltd,China,Health Care,4621969
New India Assurance Co Ltd/The,India,Financials,6070752
New Jersey Resources Corp,United States,Utilities,73124388
New Oriental Education & Technology Group Inc,China,Consumer Discretionary,459437518
New Wave Group AB,Sweden,Consumer Discretionary,1626604
New World Development Co Ltd,Hong Kong,Real Estate,3664632
New York Times Co/The,United States,Consumer Discretionary,13823283
NewMarket Corp,United States,Basic Materials,41267833
Newborn Town Inc,China,Technology,3612752
Newell Brands Inc,United States,Consumer Discretionary,37173947
Newgen Software Technologies Ltd,India,Technology,14759014
Newland Digital Technology Co Ltd,China,Technology,2000027
Newmark Group Inc,United States,Real Estate,3306761
Newmax Technology Co Ltd,Taiwan,Technology,582386
Newmont Corp,United States,Basic Materials,664382996
News Corp,United States,Consumer Discretionary,203573490
NexGen Energy Ltd,Canada,Basic Materials,1589597
NexPoint Residential Trust Inc,United States,Real Estate,1127250
NexTone Inc,Japan,Consumer Discretionary,2310361
Nexans SA,France,Industrials,77376818
Nexen Corp,South Korea,Consumer Discretionary,96295
Nexen Tire Corp,South Korea,Consumer Discretionary,8779355
Nexi SpA,Italy,Industrials,107299406
Nexon Co Ltd,Japan,Consumer Discretionary,56322005
Nexon Games Co Ltd,South Korea,Consumer Discretionary,9
Nexstar Media Group Inc,United States,Consumer Discretionary,30458670
Next PLC,United Kingdom,Consumer Discretionary,303156475
Next Vision Stabilized Systems Ltd,Israel,Industrials,16181113
NextEra Energy Inc,United States,Utilities,3453630622
NextEra Energy Partners LP,United States,Utilities,14012943
Nextage Co Ltd,Japan,Consumer Discretionary,2511872
Nextbiomedical Co Ltd,South Korea,Health Care,3793364
Nexteer Automotive Group Ltd,Hong Kong,Consumer Discretionary,5716865
Nexus AG,Germany,Technology,38854595
Nexus Select Trust,India,Real Estate,35604238
Nexxen International Ltd,Israel,Consumer Discretionary,6762960
Ngern Tid Lor PCL,Thailand,Financials,65730133
NiSource Inc,United States,Utilities,192345671
Nibe Industrier AB,Sweden,Industrials,42691797
Nice Information & Telecommunication Inc,South Korea,Industrials,3537510
Nice Ltd,Israel,Telecommunications,70234948
Nichias Corp,Japan,Industrials,5697201
Nichiban Co Ltd,Japan,Industrials,464068
Nichicon Corp,Japan,Technology,3245769
Nichiden Corp,Japan,Industrials,3268341
Nichidenbo Corp,Taiwan,Industrials,1658284
Nichiha Corp,Japan,Industrials,22581469
Nichirei Corp,Japan,Consumer Staples,79605429
Nichireki Group Co Ltd,Japan,Industrials,1153204
Nick Scali Ltd,Australia,Consumer Discretionary,9918769
Nickel Asia Corp,Philippines,Basic Materials,26597619
Nickel Industries Ltd,Australia,Basic Materials,11991894
Nidec Chaun-Choung Technology Corp,Taiwan,Technology,1127042
Nien Made Enterprise Co Ltd,Taiwan,Consumer Discretionary,31941289
Nifco Inc/Japan,Japan,Consumer Discretionary,65464764
Nihon Chouzai Co Ltd,Japan,Consumer Staples,269211
Nihon Kohden Corp,Japan,Health Care,43508617
Nihon M&A Center Holdings Inc,Japan,Financials,10786349
Nihon Nohyaku Co Ltd,Japan,Basic Materials,10751
Nihon Parkerizing Co Ltd,Japan,Industrials,10398147
Nihon Tokushu Toryo Co Ltd,Japan,Consumer Discretionary,371273
Nihon Trim Co Ltd,Japan,Consumer Discretionary,218936
Nikkiso Co Ltd,Japan,Industrials,2035121
Nikkon Holdings Co Ltd,Japan,Industrials,15965852
Nikola Corp,United States,Industrials,4219375
Nikon Corp,Japan,Consumer Discretionary,13694091
Nine Entertainment Co Holdings Ltd,Australia,Consumer Discretionary,8871752
Ninety One Ltd,South Africa,Financials,10209115
Ninety One PLC,United Kingdom,Financials,24617358
Ningbo Deye Technology Co Ltd,China,Industrials,1990984
Ningbo Orient Wires & Cables Co Ltd,China,Industrials,35993275
Ningbo Sanxing Medical Electric Co Ltd,China,Industrials,27653577
Ningbo Shanshan Co Ltd,China,Basic Materials,456651
Ningbo Tuopu Group Co Ltd,China,Consumer Discretionary,6340566
Ningxia Baofeng Energy Group Co Ltd,China,Basic Materials,73483851
Nintendo Co Ltd,Japan,Consumer Discretionary,1256964492
Nippn Corp,Japan,Consumer Staples,11235339
Nippon Accommodations Fund Inc,Japan,Real Estate,26795227
Nippon Beet Sugar Manufacturing Co Ltd,Japan,Consumer Staples,369693
Nippon Building Fund Inc,Japan,Real Estate,50143033
Nippon Carbon Co Ltd,Japan,Industrials,567692
Nippon Ceramic Co Ltd,Japan,Technology,1567601
Nippon Chemi-Con Corp,Japan,Technology,388577
Nippon Chemical Industrial Co Ltd,Japan,Basic Materials,667000
Nippon Denko Co Ltd,Japan,Basic Materials,617594
Nippon Densetsu Kogyo Co Ltd,Japan,Industrials,3349143
Nippon Dry-Chemical Co Ltd,Japan,Industrials,1398117
Nippon Electric Glass Co Ltd,Japan,Technology,21768818
Nippon Fine Chemical Co Ltd,Japan,Basic Materials,45622
Nippon Gas Co Ltd,Japan,Utilities,30798806
Nippon Indosari Corpindo Tbk PT,Indonesia,Consumer Staples,2759364
Nippon Kanzai Holdings Co Ltd,Japan,Real Estate,4368710
Nippon Kayaku Co Ltd,Japan,Basic Materials,30529926
Nippon Life India Asset Management Ltd,India,Financials,72469425
Nippon Light Metal Holdings Co Ltd,Japan,Basic Materials,8056982
Nippon Paint Holdings Co Ltd,Japan,Industrials,247395600
Nippon Paper Industries Co Ltd,Japan,Basic Materials,6297364
Nippon Parking Development Co Ltd,Japan,Industrials,5024697
Nippon Prologis REIT Inc,Japan,Real Estate,59687728
Nippon Rietec Co Ltd,Japan,Industrials,424693
Nippon Road Co Ltd/The,Japan,Industrials,1700038
Nippon Sanso Holdings Corp,Japan,Basic Materials,62730945
Nippon Seiki Co Ltd,Japan,Consumer Discretionary,1753296
Nippon Sharyo Ltd,Japan,Industrials,268062
Nippon Sheet Glass Co Ltd,Japan,Industrials,307157
Nippon Shinyaku Co Ltd,Japan,Health Care,30394067
Nippon Shokubai Co Ltd,Japan,Basic Materials,30493730
Nippon Signal Co Ltd,Japan,Industrials,12097545
Nippon Soda Co Ltd,Japan,Basic Materials,8870547
Nippon Steel Corp,Japan,Basic Materials,93577726
Nippon Telegraph & Telephone Corp,Japan,Telecommunications,561132145
Nippon Television Holdings Inc,Japan,Consumer Discretionary,17195476
Nippon Thompson Co Ltd,Japan,Industrials,334432
Nippon Yakin Kogyo Co Ltd,Japan,Basic Materials,641215
Nippon Yusen KK,Japan,Industrials,249939455
Nipro Corp,Japan,Health Care,40178866
Nirvana Development PCL,Thailand,Real Estate,1073466
Nishi-Nippon Financial Holdings Inc,Japan,Financials,27085909
Nishi-Nippon Railroad Co Ltd,Japan,Industrials,14742865
Nishimatsu Construction Co Ltd,Japan,Industrials,7161389
Nishimatsuya Chain Co Ltd,Japan,Consumer Discretionary,5224557
Nishio Holdings Co Ltd,Japan,Industrials,3755106
Nissan Chemical Corp,Japan,Basic Materials,159446787
Nissan Motor Co Ltd,Japan,Consumer Discretionary,82565349
Nissan Shatai Co Ltd,Japan,Consumer Discretionary,3165564
Nissei ASB Machine Co Ltd,Japan,Industrials,26893356
Nissha Co Ltd,Japan,Technology,3138834
Nisshin Oillio Group Ltd/The,Japan,Consumer Staples,20931986
Nisshin Seifun Group Inc,Japan,Consumer Staples,58173197
Nisshinbo Holdings Inc,Japan,Industrials,2313448
Nissin Corp,Japan,Industrials,3113613
Nissin Foods Holdings Co Ltd,Japan,Consumer Staples,41783204
Nisso Holdings Co Ltd,Japan,Industrials,384642
Nissui Corp,Japan,Consumer Staples,23859051
Niterra Co Ltd,Japan,Consumer Discretionary,95838354
Nitori Holdings Co Ltd,Japan,Consumer Discretionary,116878655
Nitta Corp,Japan,Industrials,4832829
Nittetsu Mining Co Ltd,Japan,Basic Materials,684921
Nitto Boseki Co Ltd,Japan,Basic Materials,20008373
Nitto Denko Corp,Japan,Basic Materials,142696951
Nitto Kogyo Corp,Japan,Industrials,3888613
Nittoku Co Ltd,Japan,Industrials,2376931
Niva Bupa Health Insurance Co Ltd,India,Financials,2904571
Nobia AB,Sweden,Consumer Discretionary,1339673
Noevir Holdings Co Ltd,Japan,Consumer Discretionary,8029594
Nohmi Bosai Ltd,Japan,Industrials,3537731
Nojima Corp,Japan,Consumer Discretionary,18740105
Nokia Oyj,Finland,Telecommunications,342984301
Nokian Renkaat Oyj,Finland,Consumer Discretionary,8237309
Nolato AB,Sweden,Industrials,735797
Nomad Foods Ltd,United States,Consumer Staples,27386252
Nomura Co Ltd,Japan,Industrials,4201782
Nomura Holdings Inc,Japan,Financials,282091136
Nomura Micro Science Co Ltd,Japan,Industrials,2958598
Nomura Real Estate Holdings Inc,Japan,Real Estate,45812238
Nomura Real Estate Master Fund Inc,Japan,Real Estate,81754335
Nomura Research Institute Ltd,Japan,Technology,147071636
NongShim Co Ltd,South Korea,Consumer Staples,25243428
Nongfu Spring Co Ltd,China,Consumer Staples,69457147
Nordea Bank Abp,Finland,Financials,1806483854
Nordex SE,Germany,Energy,23
Nordic American Tankers Ltd,United States,Industrials,1201923
Nordic Waterproofing Holding AB,Sweden,Industrials,1178172
Nordnet AB publ,Sweden,Financials,209275870
Nordson Corp,United States,Industrials,142669876
Nordstrom Inc,United States,Consumer Discretionary,33479604
Norfolk Southern Corp,United States,Industrials,536524904
Norion Bank AB,Sweden,Financials,93731
Noritake Co Ltd,Japan,Industrials,5279524
Noritsu Koki Co Ltd,Japan,Consumer Discretionary,31795288
Noritz Corp,Japan,Consumer Discretionary,2405873
Norma Group SE,Germany,Industrials,5704792
Norte Grande SA,Chile,Financials,8072736
North Pacific Bank Ltd,Japan,Financials,6304203
North West Co Inc/The,Canada,Consumer Discretionary,5679982
NorthWest Healthcare Properties Real Estate Investment Trust,Canada,Real Estate,34
Northam Platinum Holdings Ltd,South Africa,Basic Materials,64572407
Northeast Group Sdn Bhd,Malaysia,Industrials,4477558
Northern Star Resources Ltd,Australia,Basic Materials,215171998
Northern Trust Corp,United States,Financials,79295230
Northland Power Inc,Canada,Utilities,42903358
Northwest Bancshares Inc,United States,Financials,2569781
Northwest Natural Holding Co,United States,Utilities,4392030
Northwestern Energy Group Inc,United States,Utilities,40235653
Norva24 Group AB,Sweden,Industrials,657058
Norwegian Cruise Line Holdings Ltd,United States,Consumer Discretionary,112897425
Notion VTEC Bhd,Malaysia,Technology,6156905
Nova Ljubljanska Banka dd,Slovenia,Financials,21413957
Nova Ltd,Israel,Technology,52820758
Novanta Inc,United States,Technology,48442145
Novartis AG,Switzerland,Health Care,4907196715
Novatek Microelectronics Corp,Taiwan,Technology,118275868
Novatek PJSC,Russia,Energy,3632160
Noventiq Holdings plc,Russia,Technology,6287046
Novo Nordisk A/S,Denmark,Health Care,6782991606
Novocure Ltd,United States,Health Care,30
Novolipetsk Steel PJSC,Russia,Basic Materials,1183210
Novonesis (Novozymes) B,Denmark,Health Care,683430221
Nucor Corp,United States,Basic Materials,392399444
Nufarm Ltd,Australia,Basic Materials,1582872
Nuix Ltd,Australia,Technology,10466297
Nurix Therapeutics Inc,United States,Health Care,6006192
Nusantara Sejahtera Raya Tbk PT,Indonesia,Consumer Discretionary,3447731
Nutanix Inc,United States,Technology,195758380
Nutrien Ltd,Canada,Basic Materials,239863977
Nuvalent Inc,United States,Health Care,47264212
Nuvama Wealth Management Ltd,India,Financials,63112429
Nuvoton Technology Corp,Taiwan,Technology,5771447
Nxera Pharma Co Ltd,Japan,Health Care,5560748
Nyfosa AB,Sweden,Real Estate,35202162
O'Reilly Automotive Inc,United States,Consumer Discretionary,852685064
O-Bank Co Ltd,Taiwan,Financials,5212202
OBI Pharma Inc,Taiwan,Health Care,5130260
OBIC Business Consultants Co Ltd,Japan,Technology,30712409
OC Oerlikon Corp AG Pfaffikon,Switzerland,Industrials,16872412
OCI International Holdings Ltd,Hong Kong,Financials,228
OCI NV,Netherlands,Basic Materials,31489360
OCK Group Bhd,Malaysia,Telecommunications,3308174
ODP Corp/The,United States,Consumer Discretionary,2589404
OFX Group Ltd,Australia,Industrials,6216522
OGE Energy Corp,United States,Utilities,68876032
OKUMA Corp,Japan,Industrials,17880715
OMV AG,Austria,Energy,68830166
OMV Petrom SA,Romania,Energy,18270754
ON Semiconductor Corp,United States,Technology,382676300
ON24 Inc,United States,Technology,427652
ONE Gas Inc,United States,Utilities,43344475
ONEOK Inc,United States,Energy,527419272
OPAP SA,Greece,Consumer Discretionary,1056728
OPC Energy Ltd,Israel,Utilities,8930779
OPEN Group Inc,Japan,Technology,136279
OPENLANE Inc,United States,Consumer Discretionary,7006595
OPKO Health Inc,United States,Health Care,1657378
OR PJSC,Russia,Consumer Discretionary,2
ORIC Pharmaceuticals Inc,United States,Health Care,10710464
ORIX Corp,Japan,Financials,482392326
ORLEN SA,Poland,Energy,5165135
OSAKA Titanium Technologies Co Ltd,Japan,Basic Materials,1948174
OSB Group PLC,United Kingdom,Financials,78948917
OSG Corp,Japan,Industrials,13617170
OSI Systems Inc,United States,Industrials,9084752
OSRAM Licht AG,Germany,Industrials,113319284
OTP Bank Nyrt,Hungary,Financials,110718456
OUE Real Estate Investment Trust,Singapore,Real Estate,7852523
OUTsurance Group Ltd,South Africa,Financials,11126158
OVH Groupe SAS,France,Technology,5821786
OVS SpA,Italy,Consumer Discretionary,18296871
Obara Group Inc,Japan,Industrials,542800
Obayashi Corp,Japan,Industrials,201367663
Oberoi Realty Ltd,India,Real Estate,38641208
Obic Co Ltd,Japan,Technology,14415686
Ocado Group PLC,United Kingdom,Consumer Staples,38238247
Oceana Group Ltd,South Africa,Consumer Staples,5426647
OceanaGold Corp,Canada,Basic Materials,6575355
Oceaneering International Inc,United States,Energy,6217524
Oceanpact Servicos Maritimos SA,Brazil,Industrials,599399
Ocumension Therapeutics,China,Health Care,632599
Odakyu Electric Railway Co Ltd,Japan,Consumer Discretionary,42836401
Oddity Tech Ltd,Israel,Consumer Discretionary,9470215
Odigma Consultancy Solutions Ltd,India,Industrials,105793
Odine Solutions Teknoloji Ticaret VE Sanayi AS,Türkiye,Telecommunications,3783883
Odontoprev SA,Brazil,Health Care,940877
Oesterreichische Post AG,Austria,Industrials,23075112
Ogaki Kyoritsu Bank Ltd/The,Japan,Financials,3801513
Ohara Inc,Japan,Technology,128786
Ohsho Food Service Corp,Japan,Consumer Discretionary,8525483
Oiles Corp,Japan,Industrials,813109
Oita Bank Ltd/The,Japan,Financials,2427820
Okabe Co Ltd,Japan,Industrials,593167
Okamoto Industries Inc,Japan,Industrials,3861352
Okamura Corp,Japan,Consumer Discretionary,25715013
Okasan Securities Group Inc,Japan,Financials,6225955
Oki Electric Industry Co Ltd,Japan,Technology,11926317
Okinawa Cellular Telephone Co,Japan,Telecommunications,4713699
Okinawa Financial Group Inc,Japan,Financials,632680
Okta Inc,United States,Technology,238919551
Okumura Corp,Japan,Industrials,5768605
Okura Industrial Co Ltd,Japan,Industrials,317318
Okuwa Co Ltd,Japan,Consumer Staples,544025
Ola Electric Mobility Ltd,India,Consumer Discretionary,20362558
Olaplex Holdings Inc,United States,Consumer Staples,129977
Old Dominion Freight Line Inc,United States,Industrials,487608584
Old Mutual Ltd,South Africa,Financials,26310677
Old National Bancorp/IN,United States,Financials,76684286
Old Republic International Corp,United States,Financials,105580525
Olectra Greentech Ltd,India,Industrials,8118505
OliX Pharmaceuticals Inc,South Korea,Health Care,31778
Olin Corp,United States,Basic Materials,47887130
Ollie's Bargain Outlet Holdings Inc,United States,Consumer Discretionary,80741090
Olo Inc,United States,Technology,5180652
Olympic Industries Ltd,Bangladesh,Consumer Staples,1996471
Olympic Steel Inc,United States,Basic Materials,3034925
Olympus Corp,Japan,Health Care,401734549
Omega Healthcare Investors Inc,United States,Real Estate,110160116
Omni Bridgeway Ltd,Australia,Financials,7331293
Omnia Holdings Ltd,South Africa,Basic Materials,19222521
Omnicell Inc,United States,Health Care,134361
Omnicom Group Inc,United States,Consumer Discretionary,19734737
Omron Corp,Japan,Industrials,41970162
On Holding AG,United States,Consumer Discretionary,178340157
On the Beach Group PLC,United Kingdom,Consumer Discretionary,8588959
Oncoclinicas do Brasil Servicos Medicos SA,Brazil,Health Care,266127
One 97 Communications Ltd,India,Industrials,135153214
One Mobikwik Systems Ltd,India,Industrials,4908067
One REIT Inc,Japan,Real Estate,3706986
One Software Technologies Ltd,Israel,Technology,4714886
One United Properties SA,Romania,Real Estate,4327798
OneMain Holdings Inc,United States,Financials,72935813
Oneness Biotech Co Ltd,Taiwan,Health Care,309
Onesource Speciality Pharma Ltd,India,Health Care,6597840
Onestream Inc,United States,Technology,119085260
Onewo Inc,China,Real Estate,1053
Onex Corp,Canada,Financials,38377401
Ono Pharmaceutical Co Ltd,Japan,Health Care,77516889
Ontex Group NV,Belgium,Consumer Staples,3176919
Onto Innovation Inc,United States,Technology,87986760
Onward Holdings Co Ltd,Japan,Consumer Discretionary,17214965
Ooma Inc,United States,Telecommunications,1067154
Ooredoo QPSC,Qatar,Telecommunications,126206710
Open House Group Co Ltd,Japan,Real Estate,50089445
Open Text Corp,Canada,Technology,93287624
Open Up Group Inc,Japan,Industrials,3850588
Opendoor Technologies Inc,United States,Real Estate,3
Opmobility,France,Consumer Discretionary,13242451
Oponeo.pl SA,Poland,Consumer Discretionary,10889525
Oppein Home Group Inc,China,Industrials,376
Oppenheimer Holdings Inc,United States,Financials,326859
Opple Lighting Co Ltd,China,Industrials,251
Oppstar Bhd,Malaysia,Technology,1469673
Optex Group Co Ltd,Japan,Industrials,8273350
Opthea Ltd,Australia,Health Care,9976457
Optim Corp,Japan,Technology,225319
Option Care Health Inc,United States,Health Care,60218848
Optorun Co Ltd,Japan,Industrials,8868170
Oracle Corp,United States,Technology,2162227655
Oracle Corp Japan,Japan,Technology,37994922
Oracle Financial Services Software Ltd,India,Technology,43981172
Orange Belgium SA,Belgium,Telecommunications,13282557
Orange Polska SA,Poland,Telecommunications,69035582
Orange SA,France,Telecommunications,393551507
Orbia Advance Corp SAB de CV,Mexico,Industrials,69767624
Organo Corp,Japan,Industrials,28638901
Organogenesis Holdings Inc,United States,Health Care,1543040
Organon & Co,United States,Health Care,25258307
Orica Ltd,Australia,Basic Materials,24469150
Orient Corp,Japan,Financials,8088774
Orient Electric Ltd,India,Consumer Discretionary,4032541
Orient Overseas International Ltd,Hong Kong,Industrials,33710366
Orient Securities Co Ltd/China,China,Financials,5067849
Orient Semiconductor Electronics Ltd,Taiwan,Technology,6926273
Oriental Food Industries Holdings BHD,Malaysia,Consumer Staples,3535453
Oriental Land Co Ltd/Japan,Japan,Consumer Discretionary,254717116
Oriental Shiraishi Corp,Japan,Industrials,813547
Oriental Union Chemical Corp,Taiwan,Basic Materials,1108627
Origin Energy Ltd,Australia,Utilities,164235035
Origin Enterprises PLC,Ireland,Consumer Staples,1235819
Origin Property PCL,Thailand,Real Estate,3549617
Oriola Oyj,Finland,Health Care,1818073
Orion Corp/Republic of Korea,South Korea,Consumer Staples,64026965
Orion Minerals Ltd,Australia,Basic Materials,1893458
Orion Office REIT Inc,United States,Real Estate,276395
Orion Oyj,Finland,Health Care,114726870
Orix JREIT Inc,Japan,Real Estate,50968523
Orizon Valorizacao de Residuos SA,Brazil,Utilities,9288510
Ormat Technologies Inc,United States,Utilities,64476280
Oro Co Ltd,Japan,Technology,415373
Orora Ltd,Australia,Industrials,28842616
Orsted AS,Denmark,Utilities,705934649
Orzel Bialy SA,Poland,Utilities,1983505
Osaka Gas Co Ltd,Japan,Utilities,140578634
Osaka Organic Chemical Industry Ltd,Japan,Basic Materials,553697
Osaka Soda Co Ltd,Japan,Basic Materials,20348633
Osaka Steel Co Ltd,Japan,Basic Materials,1837639
Osaki Electric Co Ltd,Japan,Industrials,400980
Oscar Health Inc,United States,Financials,1085119
Oscotec Inc,South Korea,Health Care,440521
Oshkosh Corp,United States,Industrials,72691948
Osisko Gold Royalties Ltd,Canada,Basic Materials,11692179
Osotspa PCL,Thailand,Consumer Staples,10234968
Otis Worldwide Corp,United States,Industrials,642155054
Otsuka Corp,Japan,Technology,93330722
Otsuka Holdings Co Ltd,Japan,Health Care,319174906
Ottogi Corp,South Korea,Consumer Staples,466384
Oulmes,Morocco,Consumer Staples,3574437
Ouro Fino Saude Animal Participacoes SA,Brazil,Health Care,2024533
Outfront Media Inc,United States,Real Estate,311177
Oversea-Chinese Banking Corp Ltd,Singapore,Financials,579956947
Owens & Minor Inc,United States,Health Care,2465237
Owens Corning,United States,Industrials,208519199
Oxford Biomedica PLC,United Kingdom,Health Care,7825963
Oxford Industries Inc,United States,Consumer Discretionary,2271306
Oxford Instruments PLC,United Kingdom,Industrials,43981444
Oxford Nanopore Technologies PLC,United Kingdom,Health Care,18252082
Oyo Corp,Japan,Industrials,802795
Ozon Holdings PLC,Russia,Consumer Discretionary,1519282
P&H Tech Co Ltd,South Korea,Basic Materials,1398913
PA Resources Bhd,Malaysia,Basic Materials,2308607
PACCAR Inc,United States,Industrials,516028969
PACS Group Inc,United States,Health Care,5704109
PAL GROUP Holdings Co Ltd,Japan,Consumer Discretionary,10382257
PALTAC Corp,Japan,Consumer Staples,29949004
PARAGON REIT,Singapore,Real Estate,12899334
PATRIZIA SE,Germany,Real Estate,5548734
PAX Global Technology Ltd,China,Industrials,1401729
PAZ Corp SA,Chile,Real Estate,5649032
PB Fintech Ltd,India,Financials,91573900
PBF Energy Inc,United States,Energy,20896204
PCC Exol SA,Poland,Basic Materials,639132
PCC Rokita SA,Poland,Basic Materials,6626796
PCCW Ltd,Hong Kong,Telecommunications,19790608
PChome Online Inc,Taiwan,Technology,723950
PDD Holdings Inc,China,Consumer Discretionary,1360790262
PESTECH International Bhd,Malaysia,Industrials,1314995
PEXA Group Ltd,Australia,Technology,24153024
PG Electroplast Ltd,India,Industrials,12139917
PG&E Corp,United States,Utilities,582559650
PGF Capital Bhd,Malaysia,Industrials,1545790
PHA Co Ltd,South Korea,Consumer Discretionary,334064
PHC Holdings Corp,Japan,Health Care,1881642
PI Advanced Materials Co Ltd,South Korea,Industrials,5522785
PI Industries Ltd,India,Basic Materials,39003239
PIA Corp,Japan,Consumer Discretionary,196112
PICC Property & Casualty Co Ltd,China,Financials,297505632
PIE Industrial BHD,Malaysia,Industrials,9493127
PIK-Spetsializirovannyy Zastroyshchik PAO,Russia,Real Estate,226219
PILLAR Corp /Japan,Japan,Industrials,13423688
PJT Partners Inc,United States,Financials,20268801
PKSHA Technology Inc,Japan,Technology,2493872
PLDT Inc,Philippines,Telecommunications,4819898
PLS Plantations Bhd,Malaysia,Consumer Staples,1312647
PLYTEC Holding Bhd,Malaysia,Industrials,1174103
PNB Housing Finance Ltd,India,Financials,14124722
PNC Financial Services Group Inc/The,United States,Financials,1336593595
PNC Infratech Ltd,India,Industrials,6052138
POSCO Future M Co Ltd,South Korea,Basic Materials,27672103
PPB Group Bhd,Malaysia,Consumer Staples,12479
PPC Ltd,South Africa,Industrials,9575430
PPG Industries Inc,United States,Industrials,464688093
PPHE Hotel Group Ltd,United Kingdom,Consumer Discretionary,3477732
PPK Group Ltd,Australia,Basic Materials,1610
PPK Mining Equipment Pty Ltd,Australia,Industrials,42944
PPL Corp,United States,Utilities,223516833
PRADA SpA,Hong Kong,Consumer Discretionary,95851128
PROG Holdings Inc,United States,Consumer Discretionary,6093047
PROS Holdings Inc,United States,Technology,2793597
PRTR Group PCL,Thailand,Industrials,1836413
PSK Inc,South Korea,Technology,10689424
PSP Swiss Property AG,Switzerland,Real Estate,150719908
PT Tower Bersama Infrastructure Tbk,Indonesia,Telecommunications,78
PTC Inc,United States,Technology,127142979
PTC India Ltd,India,Utilities,1224872
PTC Industries Ltd,India,Basic Materials,4903583
PTG Energy PCL,Thailand,Energy,2237
PTT Global Chemical PCL,Thailand,Basic Materials,9707230
PVR Inox Ltd,India,Consumer Discretionary,13622263
PWR Holdings Ltd,Australia,Consumer Discretionary,4795570
PZ Cussons PLC,United Kingdom,Consumer Staples,3865453
Pacific Basin Shipping Ltd,Hong Kong,Industrials,17758055
Pacific Current Group Ltd,Australia,Financials,4186671
Pacific Edge Ltd,New Zealand,Health Care,1059744
Pacific Electric Wire & Cable Co Ltd,Taiwan,Technology,8901
Pacific Industrial Co Ltd,Japan,Consumer Discretionary,91397
Pacific Premier Bancorp Inc,United States,Financials,1154419
Pacira BioSciences Inc,United States,Health Care,2131840
Pack Corp/The,Japan,Industrials,829168
Packaging Corp of America,United States,Industrials,254819469
Padini Holdings Bhd,Malaysia,Consumer Discretionary,4885117
Pagegroup PLC,United Kingdom,Industrials,22852885
PagerDuty Inc,United States,Technology,4914168
Pagseguro Digital Ltd,United States,Industrials,3009032
Pakuwon Jati Tbk PT,Indonesia,Real Estate,11600696
Paladin Energy Ltd,Australia,Basic Materials,21731841
Palantir Technologies Inc,United States,Technology,1728970094
Palfinger AG,Austria,Industrials,2092336
Palm Hills Developments SAE,Egypt,Real Estate,0
Palo Alto Networks Inc,United States,Technology,957698786
Palomar Holdings Inc,United States,Financials,20636932
Pan African Resources PLC,South Africa,Basic Materials,3772860
Pan American Silver Corp,Canada,Basic Materials,111246866
Pan Jit International Inc,Taiwan,Technology,10486265
Pan Ocean Co Ltd,South Korea,Industrials,5093960
Pan Pacific International Holdings Corp,Japan,Consumer Discretionary,368211116
Pan-International Industrial Corp,Taiwan,Technology,4170721
Panasonic Holdings Corp,Japan,Consumer Discretionary,432811090
Pandora A/S,Denmark,Consumer Discretionary,176376247
Pandox AB,Sweden,Real Estate,39033411
Panin Financial Tbk PT,Indonesia,Financials,5130607
Pantai Indah Kapuk Dua Tbk PT,Indonesia,Industrials,13376286
Pantech Group Holdings Bhd,Malaysia,Basic Materials,3127561
Papa John's International Inc,United States,Consumer Discretionary,324124
Papoutsanis SA,Greece,Consumer Staples,1311490
Par Pacific Holdings Inc,United States,Energy,2573230
Parade Technologies Ltd,Taiwan,Technology,34461133
Paradise Co Ltd,South Korea,Consumer Discretionary,487339
Paradox Interactive AB,Sweden,Consumer Discretionary,836527
Paragon Banking Group PLC,United Kingdom,Financials,49240482
Paramount Bed Holdings Co Ltd,Japan,Health Care,20635897
Paramount Global,United States,Consumer Discretionary,44907102
Paramount Group Inc,United States,Real Estate,2700772
Park Hotels & Resorts Inc,United States,Real Estate,41087017
Park Systems Corp,South Korea,Industrials,48955363
Park24 Co Ltd,Japan,Industrials,74240937
Parker-Hannifin Corp,United States,Industrials,1089357202
Parkin Co PJSC,United Arab Emirates,Industrials,67849854
Parkland Corp,Canada,Energy,40060064
Parkway Life Real Estate Investment Trust,Singapore,Real Estate,19726396
Parque Arauco SA,Chile,Real Estate,15819631
Parsons Corp,United States,Technology,59446638
Partners Group Holding AG,Switzerland,Financials,419188072
Pasona Group Inc,Japan,Industrials,1750104
Patanjali Foods Ltd,India,Consumer Staples,22312550
Patrick Industries Inc,United States,Industrials,7478280
Patterson Cos Inc,United States,Health Care,2169119
Patterson-UTI Energy Inc,United States,Energy,52816819
PayPal Holdings Inc,United States,Industrials,1073859105
PayPoint PLC,United Kingdom,Industrials,13654727
Paychex Inc,United States,Industrials,68879850
Paycom Software Inc,United States,Technology,21510167
Paycor HCM Inc,United States,Technology,18484968
Paylocity Holding Corp,United States,Industrials,12130569
Paymentus Holdings Inc,United States,Industrials,3090582
Payoneer Global Inc,United States,Industrials,18129830
Paz Retail And Energy Ltd,Israel,Energy,6415609
Peab AB,Sweden,Industrials,28535167
Pearl Abyss Corp,South Korea,Consumer Discretionary,593720
Pearson PLC,United Kingdom,Consumer Discretionary,36073778
Pebblebrook Hotel Trust,United States,Real Estate,843189
Pecca Group Bhd,Malaysia,Consumer Discretionary,7117969
Pegasus Hava Tasimaciligi AS,Türkiye,Consumer Discretionary,25600599
Pegasystems Inc,United States,Technology,44343348
Pegatron Corp,Taiwan,Technology,32740003
Pegavision Corp,Taiwan,Health Care,19714727
Peijia Medical Ltd,China,Health Care,1075960
Pekat Group Bhd,Malaysia,Energy,720664
Peloton Interactive Inc,United States,Consumer Discretionary,2427
Pembangunan Jaya Ancol Tbk PT,Indonesia,Consumer Discretionary,320145
Pembina Pipeline Corp,Canada,Energy,167571577
Penn Entertainment Inc,United States,Consumer Discretionary,27901010
Pennon Group PLC,United Kingdom,Utilities,32929048
PennyMac Financial Services Inc,United States,Financials,38003638
PennyMac Mortgage Investment Trust,United States,Financials,5212449
Pensionbee Group PLC,United Kingdom,Financials,16034672
Penske Automotive Group Inc,United States,Consumer Discretionary,22049379
Penta-Ocean Construction Co Ltd,Japan,Industrials,28232908
Pentair PLC,United States,Industrials,33157961
Pentamaster Corp Bhd,Malaysia,Industrials,10746690
Pentamaster International Ltd,Malaysia,Industrials,490
Pentixapharm Holding AG,Germany,Health Care,1028040
Penumbra Inc,United States,Health Care,62779500
People & Technology Inc,South Korea,Industrials,322309
People's Insurance Co Group of China Ltd/The,China,Financials,39804063
People's Leasing & Finance PLC,Sri Lanka,Financials,523670
PeopleIN Ltd,Australia,Industrials,1918748
Pepco Group NV,Poland,Consumer Discretionary,10641182
Pepkor Holdings Ltd,South Africa,Consumer Discretionary,125489652
PepsiCo Inc,United States,Consumer Staples,2686385477
PeptiDream Inc,Japan,Health Care,42526456
Peptron Inc,South Korea,Health Care,162711
Perenti Ltd,Australia,Basic Materials,14949403
Perfect World Co Ltd/China,China,Consumer Discretionary,1315891
Performance Food Group Co,United States,Consumer Staples,164471141
Perion Network Ltd,Israel,Technology,4182009
Pernod Ricard SA,France,Consumer Staples,491883362
Perpetual Ltd,Australia,Financials,68617158
Perrigo Co PLC,United States,Health Care,82891971
Persimmon PLC,United Kingdom,Consumer Discretionary,160474550
Persistent Systems Ltd,India,Technology,81636203
Persol Holdings Co Ltd,Japan,Industrials,49534906
Pertamina Geothermal Energy PT,Indonesia,Utilities,7377076
Perusahaan Gas Negara Tbk PT,Indonesia,Utilities,1828328
Petco Health & Wellness Co Inc,United States,Consumer Discretionary,8863835
Petershill Partners PLC,United Kingdom,Financials,14084377
Petra Energy Bhd,Malaysia,Energy,1946450
PetroChina Co Ltd,China,Energy,258602065
PetroVietNam Ca Mau Fertilizer JSC,Vietnam,Basic Materials,6719113
PetroVietnam Drilling & Well Services JSC,Vietnam,Energy,8378488
PetroVietnam Technical Services Corp,Vietnam,Energy,13799617
Petrofac Ltd,United Kingdom,Energy,0
Petroleo Brasileiro SA,Brazil,Energy,1011106904
Petronas Chemicals Group Bhd,Malaysia,Basic Materials,4279717
Petronas Dagangan Bhd,Malaysia,Energy,320514
Petronas Gas Bhd,Malaysia,Utilities,5967046
Petronet LNG Ltd,India,Energy,67849424
Petrovietnam Fertilizer & Chemicals JSC,Vietnam,Basic Materials,2856592
Pets at Home Group Plc,United Kingdom,Consumer Discretionary,25586585
Peugeot Invest SA,France,Financials,8597974
Pfeiffer Vacuum Technology AG,Germany,Industrials,13003998
Pfizer Inc,United States,Health Care,2297790308
Pfizer Ltd,India,Health Care,6014514
Pharma Foods International Co Ltd,Japan,Health Care,524418
Pharma Mar SA,Spain,Health Care,9478489
PharmaEngine Inc,Taiwan,Health Care,1153478
PharmaEssentia Corp,Taiwan,Health Care,63911453
PharmaResearch Co Ltd,South Korea,Health Care,867481
Pharmaniaga Bhd,Malaysia,Health Care,1905401
Pharmanutra SpA,Italy,Health Care,15420610
Pharmaron Beijing Co Ltd,China,Health Care,770
Pharming Group NV,Netherlands,Health Care,6452903
Phihong Technology Co Ltd,Taiwan,Industrials,4658851
Philippine Seven Corp,Philippines,Consumer Staples,127266
Phillips 66,United States,Energy,487784801
Phillips Edison & Co Inc,United States,Real Estate,55977340
Phison Electronics Corp,Taiwan,Technology,82621884
Phoenix Financial Ltd,Israel,Financials,36949493
Phoenix Group Holdings PLC,United Kingdom,Financials,63778060
Phoenix Mills Ltd/The,India,Real Estate,40956330
Phoenix Vega Mezz PLC,Greece,Financials,2377088
PhosAgro PJSC,Russia,Basic Materials,2183595
Photronics Inc,United States,Technology,7786580
Phreesia Inc,United States,Health Care,2803780
Phu Nhuan Jewelry JSC,Vietnam,Consumer Discretionary,12519113
Phu Tai Corp,Vietnam,Consumer Discretionary,7125348
Piaggio & C SpA,Italy,Consumer Discretionary,901604
Pick n Pay Stores Ltd,South Africa,Consumer Staples,26396278
Picton Property Income Ltd,United Kingdom,Real Estate,2154385
Pidilite Industries Ltd,India,Basic Materials,139763102
Piedmont Office Realty Trust Inc,United States,Real Estate,5105563
Pieno Zvaigzdes,Lithuania,Consumer Staples,1284270
Pierce Group AB,Sweden,Consumer Discretionary,727725
Pigeon Corp,Japan,Consumer Staples,4725682
Pilbara Minerals Ltd,Australia,Basic Materials,63957184
Pilgrim's Pride Corp,United States,Consumer Staples,7834904
Pilot Corp,Japan,Consumer Staples,17630163
Ping An Healthcare and Technology Co Ltd,China,Health Care,4257241
Ping An Insurance Group Co of China Ltd,China,Financials,459800029
Pinnacle Financial Partners Inc,United States,Financials,101798406
Pinnacle Investment Management Group Ltd,Australia,Financials,23991108
Pinnacle West Capital Corp,United States,Utilities,194655401
Pinterest Inc,United States,Technology,354582333
Piolax Inc,Japan,Consumer Discretionary,2965048
Pioneer Motor PCL,Thailand,Industrials,665386
Piovan SpA,Italy,Industrials,14764556
Piper Sandler Cos,United States,Financials,68695749
Piraeus Financial Holdings SA,Greece,Financials,134217322
Piraeus Port Authority SA,Greece,Industrials,52810
Piramal Enterprises Ltd,India,Financials,71798392
Piramal Pharma Ltd,India,Health Care,15108147
Pitney Bowes Inc,United States,Industrials,2396440
Pixart Imaging Inc,Taiwan,Technology,15867010
Plan B Media Pcl,Thailand,Consumer Discretionary,1814534
Planet Fitness Inc,United States,Consumer Discretionary,105762425
Planisware SA,France,Technology,3197680
Platinum Group PCL/The,Thailand,Real Estate,5951565
Platzer Fastigheter Holding AB,Sweden,Real Estate,1393546
PlayWay SA,Poland,Consumer Discretionary,6187687
Playtech Plc,United Kingdom,Consumer Discretionary,46791448
Playtika Holding Corp,United States,Consumer Discretionary,375
Plaza SA,Chile,Real Estate,34905361
Plexus Corp,United States,Technology,14246252
Plug Power Inc,United States,Energy,146465203
Plus Alpha Consulting Co Ltd,Japan,Technology,9264407
Plus500 Ltd,United Kingdom,Financials,40928985
Pluxee NV,France,Industrials,37185460
Pod Point Group Holdings PLC,United Kingdom,Energy,360557
Poh Kong Holdings Bhd,Malaysia,Consumer Discretionary,2082464
Pola Orbis Holdings Inc,Japan,Consumer Discretionary,3591849
Polaris Group,Taiwan,Health Care,1303995
Polaris Inc,United States,Consumer Discretionary,24658652
Pole To Win Holdings Inc,Japan,Technology,109726
Poltreg SA,Poland,Health Care,575945
Poly Developments and Holdings Group Co Ltd,China,Real Estate,28854489
Poly Medicure Ltd,India,Health Care,13737785
Poly Property Group Co Ltd,China,Real Estate,1131345
Poly Property Services Co Ltd,China,Real Estate,6085518
PolyNovo Ltd,Australia,Health Care,9377344
PolyPeptide Group AG,Switzerland,Health Care,2741568
Polycab India Ltd,India,Industrials,96898691
Pony AI Inc,United States,Industrials,21123
Pool Corp,United States,Consumer Discretionary,43986715
Poonawalla Fincorp Ltd,India,Financials,618575
Poongsan Holdings Corp,South Korea,Basic Materials,9913424
Pop Mart International Group Ltd,China,Consumer Discretionary,200289637
Popular Inc,United States,Financials,79842079
Porr Ag,Austria,Industrials,2080285
Porsche Automobil Holding SE,Germany,Consumer Discretionary,84343912
Portland General Electric Co,United States,Utilities,62003867
Posco DX Co Ltd,South Korea,Technology,121052
Posiflex Technology Inc,Taiwan,Technology,3111708
Post Holdings Inc,United States,Consumer Staples,108990987
PostNL NV,Netherlands,Industrials,2473362
Postal Savings Bank of China Co Ltd,China,Financials,68478752
Poste Italiane SpA,Italy,Financials,162990852
PotlatchDeltic Corp,United States,Real Estate,217145130
Pou Chen Corp,Taiwan,Consumer Discretionary,36564722
Power Assets Holdings Ltd,Hong Kong,Utilities,162727811
Power Corp of Canada,Canada,Financials,218319076
Power Finance Corp Ltd,India,Financials,94313174
Power Grid Corp of India Ltd,India,Utilities,171916290
Power Integrations Inc,United States,Technology,19663111
PowerCell Sweden AB,Sweden,Industrials,12837071
Powerchip Semiconductor Manufacturing Corp,Taiwan,Technology,485
Powertech Technology Inc,Taiwan,Technology,33218630
Powerwell Holdings Bhd,Malaysia,Industrials,1729845
Powszechna Kasa Oszczednosci Bank Polski SA,Poland,Financials,90168532
Powszechny Zaklad Ubezpieczen SA,Poland,Financials,80318325
Poya International Co Ltd,Taiwan,Consumer Discretionary,37262753
Pozavarovalnica Sava dd,Slovenia,Financials,5174766
Poznanska Korporacja Budowlana Pekabex SA,Poland,Industrials,1822407
Praemium Ltd,Australia,Financials,42681
Praj Industries Ltd,India,Industrials,13001656
Praram 9 Hospital PCL,Thailand,Health Care,2824775
Praxis Precision Medicines Inc,United States,Health Care,12377554
Precinct Properties Group,New Zealand,Real Estate,9576271
Precious Shipping PCL,Thailand,Industrials,6269294
Premier Energies Ltd,India,Energy,35694070
Premier Foods PLC,United Kingdom,Consumer Staples,8510307
Premier Investments Ltd,Australia,Consumer Discretionary,51200791
Premium Brands Holdings Corp,Canada,Consumer Staples,25800853
Premium Group Co Ltd,Japan,Financials,26448347
President Chain Store Corp,Taiwan,Consumer Staples,60854821
President Securities Corp,Taiwan,Financials,10436093
Press Kogyo Co Ltd,Japan,Consumer Discretionary,333402
Press Metal Aluminium Holdings Bhd,Malaysia,Basic Materials,43798180
Pressance Corp,Japan,Real Estate,1871042
Prestige Consumer Healthcare Inc,United States,Health Care,40008553
Prestige Estates Projects Ltd,India,Real Estate,34980032
Prestige International Inc,Japan,Industrials,9295700
PriceSmart Inc,United States,Consumer Discretionary,3566518
Prima Meat Packers Ltd,Japan,Consumer Staples,3258547
Primaris Real Estate Investment Trust,Canada,Real Estate,2930394
Primary Health Properties PLC,United Kingdom,Real Estate,25623651
Primax Electronics Ltd,Taiwan,Technology,14317010
Prime Bank PLC,Bangladesh,Financials,8263431
Prime US REIT,Singapore,Real Estate,1334076
Primerica Inc,United States,Financials,1905640
Primo Brands Corp,United States,Consumer Staples,18499909
Primoris Services Corp,United States,Industrials,22636403
Prince Pipes & Fittings Ltd,India,Industrials,11117846
Principal Financial Group Inc,United States,Financials,213314944
Priortech Ltd,Israel,Technology,10442374
Privia Health Group Inc,United States,Health Care,619051
Pro Medicus Ltd,Australia,Health Care,88504911
ProSiebenSat.1 Media SE,Germany,Consumer Discretionary,16256224
Procore Technologies Inc,United States,Technology,143964058
Procrea Holdings Inc,Japan,Financials,2413352
Procter & Gamble Co/The,United States,Consumer Staples,5162466903
Procter & Gamble Health Ltd,India,Consumer Staples,5226991
Profile Systems & Software SA,Greece,Technology,6555899
Profoto Holding AB,Sweden,Industrials,725153
Progress Software Corp,United States,Technology,9699337
Progressive Corp/The,United States,Financials,1876280961
Progyny Inc,United States,Health Care,17
Prologis Inc,United States,Real Estate,931116691
Prologis Property Mexico SA de CV,Mexico,Real Estate,61671215
Promotora de Informaciones SA,Spain,Consumer Discretionary,693331
Promotora y Operadora de Infraestructura SAB de CV,Mexico,Industrials,174844719
Pronexus Inc,Japan,Industrials,376591
Propel Funeral Partners Ltd,Australia,Consumer Discretionary,20790460
Prosegur Cash SA,Spain,Industrials,406799
Prosperity Bancshares Inc,United States,Financials,68986165
Prosperity REIT,Hong Kong,Real Estate,833589
Prosus NV,Netherlands,Technology,2409307049
Prothena Corp PLC,United States,Health Care,795738
Proto Corp,Japan,Consumer Discretionary,79104
Proto Labs Inc,United States,Industrials,1946682
Provident Financial Services Inc,United States,Financials,7225191
Proximus SADP,Belgium,Telecommunications,27682224
Proya Cosmetics Co Ltd,China,Consumer Discretionary,621852
Prudential Financial Inc,United States,Financials,107038635
Prudential PLC,United Kingdom,Financials,1046098122
Pruksa Holding PCL,Thailand,Real Estate,294374
Prysmian SpA,Italy,Industrials,317096708
Public Bank Bhd,Malaysia,Financials,212556096
Public Financial Holdings Ltd,Hong Kong,Financials,1068796
Public Power Corp SA,Greece,Utilities,6538896
Public Service Enterprise Group Inc,United States,Utilities,436297995
Public Storage,United States,Real Estate,921473300
Publicis Groupe SA,France,Consumer Discretionary,130109304
Puig Brands SA,Spain,Consumer Discretionary,190299342
Pulmonx Corp,United States,Health Care,1026648
Pulse Biosciences Inc,United States,Health Care,348200
PulteGroup Inc,United States,Consumer Discretionary,422975550
Puma SE,Germany,Consumer Discretionary,102866576
Pumtech Korea Co Ltd,South Korea,Industrials,9227378
Punjab National Bank,India,Financials,31479805
Puradelta Lestari Tbk PT,Indonesia,Real Estate,4971490
Purcari Wineries PLC,Moldova,Consumer Staples,2910191
Pure Biologics SA,Poland,Health Care,254007
Pure Health Holding PJSC,United Arab Emirates,Health Care,15345495
Pure Storage Inc,United States,Technology,219470531
PureTech Health PLC,United Kingdom,Health Care,1753090
Puregold Price Club Inc,Philippines,Consumer Staples,5018771
Puuilo Oyj,Finland,Consumer Discretionary,1624483
Pylon Technologies Co Ltd,China,Industrials,2594126
Q Technology Group Co Ltd,China,Consumer Discretionary,835865
Q2 Holdings Inc,United States,Technology,21643373
QB Net Holdings Co Ltd,Japan,Consumer Discretionary,1800202
QBE Insurance Group Ltd,Australia,Financials,261291254
QES Group Bhd,Malaysia,Industrials,4544461
QIAGEN NV,Germany,Health Care,179583334
QL Resources Bhd,Malaysia,Consumer Staples,8646454
QLM Life & Medical Insurance Co WLL,Qatar,Financials,9130561
QNA Technology SA,Poland,Health Care,302341
QRT Inc,South Korea,Industrials,1055014
QT Group Oyj,Finland,Technology,19423429
QUALCOMM Inc,United States,Technology,2686085180
QXO Inc,United States,Technology,18208521
Qantas Airways Ltd,Australia,Consumer Discretionary,93704616
Qatar Electricity & Water Co QSC,Qatar,Utilities,9961152
Qatar Fuel QSC,Qatar,Energy,22622109
Qatar Gas Transport Co Ltd,Qatar,Industrials,100049752
Qatar Islamic Bank QPSC,Qatar,Financials,25719241
Qatar National Bank QPSC,Qatar,Financials,509735503
Qatar Navigation QSC,Qatar,Industrials,26769234
Qifu Technology Inc,China,Financials,48336885
QinetiQ Group PLC,United Kingdom,Industrials,57716494
Qingdao Haier Biomedical Co Ltd,China,Health Care,899478
Qingdao Port International Co Ltd,China,Industrials,5469860
Qisda Corp,Taiwan,Technology,24092812
Qol Holdings Co Ltd,Japan,Consumer Staples,499977
Qoria Ltd,Australia,Technology,15668703
Qorvo Inc,United States,Technology,71959089
Quadient SA,France,Technology,4186260
Quaker Chemical Corp,United States,Basic Materials,13399226
Qualitas Controladora SAB de CV,Mexico,Financials,8
Quality Houses PCL,Thailand,Real Estate,748931
Qualys Inc,United States,Technology,14110479
Quanta Computer Inc,Taiwan,Technology,230321632
Quanta Services Inc,United States,Industrials,535438636
Quanta Storage Inc,Taiwan,Technology,6309017
QuantumScape Corp,United States,Consumer Discretionary,17761509
Qube Holdings Ltd,Australia,Industrials,55629323
Quebecor Inc,Canada,Telecommunications,15072932
Quess Corp Ltd,India,Industrials,4756816
Quest Diagnostics Inc,United States,Health Care,189445462
Quest Holdings SA,Greece,Technology,15025238
QuidelOrtho Corp,United States,Health Care,34171187
Quilter PLC,United Kingdom,Financials,35227715
Quinenco SA,Chile,Financials,41748111
Qurate Retail Inc,United States,Consumer Discretionary,41124
R Bio Co Ltd,South Korea,Health Care,0
R&B Food Supply PCL,Thailand,Consumer Staples,8694563
RAI Way SpA,Italy,Telecommunications,21617876
RB Global Inc,Canada,Consumer Discretionary,210020136
RBC Bearings Inc,United States,Basic Materials,88183780
RBL Bank Ltd,India,Financials,9178436
RDC Semiconductor Co Ltd,Taiwan,Technology,15292288
RE/MAX Holdings Inc,United States,Real Estate,1058464
REA Group Ltd,Australia,Real Estate,134348759
REC Ltd,India,Financials,81868775
REGENXBIO Inc,United States,Health Care,3473862
RELX PLC,United Kingdom,Consumer Discretionary,1768955965
REN - Redes Energeticas Nacionais SGPS SA,Portugal,Utilities,21749716
RENK Group AG,Germany,Industrials,44296000
RENOVA Inc,Japan,Utilities,2173017
REVOLUTION Medicines Inc,United States,Health Care,92464217
RFHIC Corp,South Korea,Telecommunications,44270
RGT BHD,Malaysia,Industrials,1284737
RH,United States,Consumer Discretionary,54314239
RHB Bank Bhd,Malaysia,Financials,63652374
RHI Magnesita NV,United Kingdom,Basic Materials,13302739
RHT Health Trust,Singapore,Financials,170519
RITES Ltd,India,Industrials,4995871
RLH Properties SAB de CV,Mexico,Consumer Discretionary,15481830
RLI Corp,United States,Financials,80475775
RLJ Lodging Trust,United States,Real Estate,5425768
RM PLC,United Kingdom,Consumer Discretionary,3298070
ROBLOX Corp,United States,Consumer Discretionary,161026579
ROCKWOOL A/S,Denmark,Industrials,60111762
RPM International Inc,United States,Industrials,190053126
RPMGlobal Holdings Ltd,Australia,Technology,26384463
RR Kabel Ltd,India,Industrials,75542714
RS GROUP PLC,United Kingdom,Industrials,69790316
RS Technologies Co Ltd,Japan,Technology,8601565
RTL Group SA,Germany,Consumer Discretionary,21171756
RTX Corp,United States,Industrials,1713829054
RXO Inc,United States,Industrials,28341898
RYODEN CORP,Japan,Industrials,667417
Racing Force SpA,Italy,Consumer Discretionary,2120281
RadNet Inc,United States,Health Care,56381064
Radian Group Inc,United States,Financials,73693046
Radiant Opto-Electronics Corp,Taiwan,Technology,48751486
Radico Khaitan Ltd,India,Consumer Staples,26328268
Radium Development Bhd,Malaysia,Real Estate,6642066
Radium Life Tech Co Ltd,Taiwan,Real Estate,895715
Rafako SA,Poland,Industrials,113685
Raffles Medical Group Ltd,Singapore,Health Care,9969089
Raia Drogasil SA,Brazil,Consumer Staples,8331988
Raiffeisen Bank International AG,Austria,Financials,53135684
Rail Vikas Nigam Ltd,India,Industrials,23090332
Railtel Corp of India Ltd,India,Telecommunications,4515232
Rain Industries Ltd,India,Basic Materials,3925939
Rainbow Children's Medicare Ltd,India,Health Care,8899591
Rainbow Robotics,South Korea,Industrials,857735
Raito Kogyo Co Ltd,Japan,Industrials,17956630
Raizen SA,Brazil,Energy,24181679
Raiznext Corp,Japan,Industrials,2091534
Rajesh Exports Ltd,India,Consumer Discretionary,4083920
Rajthanee Hospital PCL,Thailand,Health Care,3408602
Raksul Inc,Japan,Industrials,7731995
Rakus Co Ltd,Japan,Technology,25816529
Rakuten Bank Ltd,Japan,Financials,98249094
Rakuten Group Inc,Japan,Technology,94847517
Rallis India Ltd,India,Basic Materials,3105119
Ralph Lauren Corp,United States,Consumer Discretionary,12618899
Rambus Inc,United States,Technology,94367892
Ramco Cements Ltd/The,India,Industrials,15995803
Ramelius Resources Ltd,Australia,Basic Materials,25314229
Rami Levy Chain Stores Hashikma Marketing 2006 Ltd,Israel,Consumer Staples,3728506
Ramkrishna Forgings Ltd,India,Basic Materials,8162714
Ramsay Health Care Ltd,Australia,Health Care,84240610
Randstad NV,Netherlands,Industrials,58591519
Rank Group PLC,United Kingdom,Consumer Discretionary,612578
Rapport Therapeutics Inc,United States,Health Care,859538
Ratchthani Leasing PCL,Thailand,Financials,2305444
Rategain Travel Technologies Ltd,India,Technology,5322144
Rathbones Group PLC,United Kingdom,Financials,26389750
Rational AG,Germany,Industrials,89094014
Ratnamani Metals & Tubes Ltd,India,Basic Materials,10342688
Ratos AB,Sweden,Financials,3487341
Raubex Group Ltd,South Africa,Industrials,11479651
Raven Property Group Ltd,United Kingdom,Real Estate,32166
Ray Co Ltd/KR,South Korea,Health Care,1571077
RaySearch Laboratories AB,Sweden,Health Care,1661651
Raydium Semiconductor Corp,Taiwan,Technology,14241181
Raymond James Financial Inc,United States,Financials,288619450
Raymond Lifestyle Ltd,India,Basic Materials,4607359
Raymond Ltd,India,Basic Materials,20138580
Rayonier Inc,United States,Real Estate,343007218
Raysum Co Ltd,Japan,Real Estate,3298040
ReNew Energy Global PLC,India,Utilities,4107466
Reach PLC,United Kingdom,Consumer Discretionary,2399473
ReadyTech Holdings Ltd,Australia,Technology,6891378
RealReal Inc/The,United States,Consumer Discretionary,11989248
Realord Group Holdings Ltd,Hong Kong,Utilities,953
Realtek Semiconductor Corp,Taiwan,Technology,165146480
Realty Income Corp,United States,Real Estate,615019461
Rechi Precision Co Ltd,Taiwan,Industrials,1121492
Reckitt Benckiser Group PLC,United Kingdom,Consumer Staples,847695478
Record PLC,United Kingdom,Financials,2864990
Recordati Industria Chimica e Farmaceutica SpA,Italy,Health Care,70962510
Recruit Holdings Co Ltd,Japan,Industrials,1735956884
Recticel SA,Belgium,Industrials,1939509
Recursion Pharmaceuticals Inc,United States,Health Care,23429315
Red Rock Resorts Inc,United States,Consumer Discretionary,5351679
Red Star Macalline Group Corp Ltd,China,Consumer Discretionary,396
Redcare Pharmacy NV,Germany,Consumer Staples,69154713
Redco Properties Group Ltd,China,Real Estate,26
Reddit Inc,United States,Technology,72017221
Rede D'Or Sao Luiz SA,Brazil,Health Care,61838293
Redefine Properties Ltd,South Africa,Real Estate,5512257
Redeia Corp SA,Spain,Utilities,51273721
Redington Ltd,India,Technology,17567341
Reece Ltd,Australia,Industrials,31510203
Regal Rexnord Corp,United States,Industrials,235188249
Regency Centers Corp,United States,Real Estate,1259691200
Regeneron Pharmaceuticals Inc,United States,Health Care,786680868
Region RE Ltd,Australia,Real Estate,17304209
Regional SAB de CV,Mexico,Financials,13500350
Regions Financial Corp,United States,Financials,274799260
Regis Healthcare Ltd,Australia,Health Care,5172500
Regis Resources Ltd,Australia,Basic Materials,30560937
Reinet Investments SCA,South Africa,Financials,45269535
Reinsurance Group of America Inc,United States,Financials,174081746
Reit 1 Ltd,Israel,Real Estate,482772
Relaxo Footwears Ltd,India,Consumer Discretionary,2917095
Relay Therapeutics Inc,United States,Health Care,23821337
Reliance Inc,United States,Basic Materials,186254951
Reliance Industries Ltd,India,Energy,1546290655
Reliance Worldwide Corp Ltd,Australia,Industrials,35963536
Relo Group Inc,Japan,Real Estate,50347519
Remed Co Ltd,South Korea,Health Care,2050677
Remegen Co Ltd,China,Health Care,5324831
Remgro Ltd,South Africa,Financials,60407529
Remitly Global Inc,United States,Industrials,66169485
Remy Cointreau SA,France,Consumer Staples,39587087
RenaissanceRe Holdings Ltd,United States,Financials,170890172
Renasant Corp,United States,Financials,890390
Renata PLC,Bangladesh,Health Care,4416985
Renault SA,France,Consumer Discretionary,197133146
Renesas Electronics Corp,Japan,Technology,312544686
Rengo Co Ltd,Japan,Industrials,25579612
Renishaw PLC,United Kingdom,Industrials,24112966
Rentokil Initial PLC,United Kingdom,Industrials,282877449
Repligen Corp,United States,Health Care,34305940
Reply SpA,Italy,Technology,111701567
Repsol SA,Spain,Energy,685976449
Republic Bancorp Inc/KY,United States,Financials,1802786
Republic Services Inc,United States,Utilities,544442369
ResMed Inc,United States,Health Care,161563394
Resideo Technologies Inc,United States,Industrials,40596098
Resilient REIT Ltd,South Africa,Real Estate,3228253
Resona Holdings Inc,Japan,Financials,357906726
Resonac Holdings Corp,Japan,Basic Materials,77844349
Resorttrust Inc,Japan,Consumer Discretionary,28772330
Restar Corp,Japan,Technology,2171934
Restaurant Brands Asia Ltd,India,Consumer Discretionary,1369817
Restaurant Brands International Inc,Canada,Consumer Discretionary,261631542
Retail Estates NV,Belgium,Real Estate,3816944
Retail Opportunity Investments Corp,United States,Real Estate,19213701
Retail Partners Co Ltd,Japan,Consumer Staples,697605
Retailors Ltd,Israel,Consumer Discretionary,13811570
Reunert Ltd,South Africa,Industrials,4083593
Revance Therapeutics Inc,United States,Health Care,489440
Revelyst Inc,United States,Consumer Discretionary,3892056
Revenio Group Oyj,Finland,Health Care,3222682
Revvity Inc,United States,Health Care,125193383
Reway Group SpA,Italy,Industrials,2917004
Rexel SA,France,Industrials,384554973
Rexford Industrial Realty Inc,United States,Real Estate,104685404
Rexon Industrial Corp Ltd,Taiwan,Consumer Discretionary,686483
Reynolds Consumer Products Inc,United States,Consumer Staples,17963626
Rheinmetall AG,Germany,Industrials,643312620
Rheon Automatic Machinery Co Ltd,Japan,Industrials,412106
Rhi Magnesita India Ltd,India,Industrials,4164059
Rhythm Pharmaceuticals Inc,United States,Health Care,11512231
Rich Development Co Ltd,Taiwan,Real Estate,1083517
RichWave Technology Corp,Taiwan,Technology,2295348
Richter Gedeon Nyrt,Hungary,Health Care,73275449
Ricoh Co Ltd,Japan,Technology,17107863
Ricoh Leasing Co Ltd,Japan,Financials,3713245
Rieter Holding AG,Switzerland,Industrials,2104302
Rigaku Holdings Corp,Japan,Industrials,18164087
Rigel Pharmaceuticals Inc,United States,Health Care,2178291
Rightmove PLC,United Kingdom,Real Estate,139496034
Riken Keiki Co Ltd,Japan,Industrials,13696455
Riken Technos Corp,Japan,Industrials,806585
Riken Vitamin Co Ltd,Japan,Consumer Staples,2742378
RingCentral Inc,United States,Technology,11553685
Ringer Hut Co Ltd,Japan,Consumer Discretionary,1396
Ringkjoebing Landbobank A/S,Denmark,Financials,101041808
Rinnai Corp,Japan,Consumer Discretionary,43787161
Rio Tinto Ltd,Australia,Basic Materials,34942208
Rio Tinto PLC,United Kingdom,Basic Materials,1981804637
RioCan Real Estate Investment Trust,Canada,Real Estate,48253226
Rion Co Ltd,Japan,Health Care,1374634
Riso Kagaku Corp,Japan,Technology,3971059
Riso Kyoiku Co Ltd,Japan,Consumer Discretionary,485868
Ritek Corp,Taiwan,Technology,997
Rithm Capital Corp,United States,Financials,76082071
Riverstone Holdings Ltd,Singapore,Health Care,7710619
Rivian Automotive Inc,United States,Consumer Discretionary,124456732
Rizzoli Corriere Della Sera Mediagroup SpA,Italy,Consumer Discretionary,628920
Robert Half Inc,United States,Industrials,60257462
Robert Walters PLC,United Kingdom,Industrials,491511
Robertet SA,France,Basic Materials,13408648
Robinhood Markets Inc,United States,Financials,329597824
Robinsons Land Corp,Philippines,Real Estate,1922033
Robinsons Retail Holdings Inc,Philippines,Consumer Staples,612096
Roche Holding AG,Switzerland,Health Care,5272273510
Rock Field Co Ltd,Japan,Consumer Staples,455828
Rocket Internet SE,Germany,Financials,9596053
Rocket Pharmaceuticals Inc,United States,Health Care,17020
Rockwell Automation Inc,United States,Industrials,277632696
Rogers Corp,United States,Technology,113724859
Rohm Co Ltd,Japan,Technology,54005240
Rohto Pharmaceutical Co Ltd,Japan,Health Care,59807470
Roivant Sciences Ltd,United States,Health Care,52442556
Rojukiss International PCL,Thailand,Consumer Discretionary,9267
Rokko Butter Co Ltd,Japan,Consumer Staples,378547
Roku Inc,United States,Telecommunications,4350525
Roland Corp,Japan,Consumer Discretionary,1566404
Rollins Inc,United States,Consumer Discretionary,174134447
Rolls-Royce Holdings PLC,United Kingdom,Industrials,1340089624
Roper Technologies Inc,United States,Technology,931805652
Rorze Corp,Japan,Technology,18828628
Ros Agro PLC,Russia,Consumer Staples,240561
Rosebank Industries PLC,United Kingdom,Financials,17533600
Ross Stores Inc,United States,Consumer Discretionary,638996549
Rosseti Centre PJSC,Russia,Utilities,469881
Rosseti Moscow Region PJSC,Russia,Utilities,56653
Rosseti South PJSC,Russia,Utilities,78201
Rosseti Volga PJSC,Russia,Utilities,30049
Rostelecom PJSC,Russia,Telecommunications,433117
Rotork PLC,United Kingdom,Industrials,80081267
Round One Corp,Japan,Consumer Discretionary,56795636
Route Mobile Ltd,India,Technology,4794897
Royal Bank of Canada,Canada,Financials,2392252095
Royal Caribbean Cruises Ltd,United States,Consumer Discretionary,696304776
Royal Gold Inc,United States,Basic Materials,44009025
Royal Holdings Co Ltd,Japan,Consumer Discretionary,5004002
Royal Unibrew A/S,Denmark,Consumer Staples,80721856
Royalty Pharma PLC,United States,Health Care,122442235
Rubis SCA,France,Consumer Discretionary,33661625
Rubrik Inc,United States,Technology,276986268
Ruentex Development Co Ltd,Taiwan,Real Estate,29677897
Ruentex Industries Ltd,Taiwan,Basic Materials,21726323
Ruisen Life Service Co Ltd,China,Real Estate,1108456
Rukun Raharja Tbk PT,Indonesia,Utilities,8448904
Rumo SA,Brazil,Industrials,171942361
Run Long Construction Co Ltd,Taiwan,Industrials,16544091
Rural Funds Trust,Australia,Real Estate,4667259
RusHydro PJSC,Russia,Utilities,0
Rush Enterprises Inc,United States,Consumer Discretionary,10126726
Rush Street Interactive Inc,United States,Consumer Discretionary,10428572
Russel Metals Inc,Canada,Basic Materials,5761922
Rvrc Holding AB,Sweden,Consumer Discretionary,6928160
Ryan Specialty Holdings Inc,United States,Financials,78357774
Ryanair Holdings PLC,Ireland,Consumer Discretionary,271205884
Ryder System Inc,United States,Industrials,97843935
Ryman Healthcare Ltd,New Zealand,Health Care,29408885
Ryman Hospitality Properties Inc,United States,Real Estate,29447983
Ryobi Ltd,Japan,Consumer Discretionary,13636103
Ryohin Keikaku Co Ltd,Japan,Consumer Discretionary,114201790
Ryoyo Ryosan Holdings Inc,Japan,Technology,2453641
Ryvu Therapeutics SA,Poland,Health Care,4437399
S Foods Inc,Japan,Consumer Staples,2817807
S&P Global Inc,United States,Financials,1692901086
S&S Tech Corp,South Korea,Technology,9182
S&T Bancorp Inc,United States,Financials,4181000
S-1 Corp,South Korea,Industrials,10240872
S-Oil Corp,South Korea,Energy,20208965
S4 Capital PLC,United Kingdom,Consumer Discretionary,1096828
SAF-Holland SE,Germany,Consumer Discretionary,8917875
SAMART Aviation Solutions PCL,Thailand,Industrials,6226555
SAMG Entertainment Co Ltd,South Korea,Consumer Discretionary,1524815
SAMT Co Ltd,South Korea,Technology,2665511
SAMTY HOLDINGS Co Ltd /Japan,Japan,Real Estate,5647792
SAP SE,Germany,Technology,7156324287
SATS Ltd,Singapore,Consumer Discretionary,39049881
SBA Communications Corp,United States,Real Estate,264084448
SBFC Finance Ltd,India,Financials,1024277
SBI ARUHI Corp,Japan,Financials,178387
SBI Cards & Payment Services Ltd,India,Financials,81508996
SBI Holdings Inc,Japan,Financials,143272615
SBI Life Insurance Co Ltd,India,Financials,151986893
SBI Shinsei Bank Ltd,Japan,Financials,1
SBI Sumishin Net Bank Ltd,Japan,Financials,29900871
SBM Offshore NV,Netherlands,Energy,59775349
SBS Holdings Inc,Japan,Industrials,8570341
SCB X PCL,Thailand,Financials,76668538
SCG Packaging PCL,Thailand,Industrials,4867639
SCGJWD Logistics PCL,Thailand,Industrials,2655025
SCOR SE,France,Financials,184548570
SCREEN Holdings Co Ltd,Japan,Technology,57409668
SCSK Corp,Japan,Technology,74674125
SD Biosensor Inc,South Korea,Health Care,83328
SD Guthrie Bhd,Malaysia,Consumer Staples,24126974
SDI Corp,Taiwan,Technology,6128823
SDIC Capital Co Ltd,China,Financials,10243
SDS Optic SA,Poland,Health Care,392253
SEB SA,France,Consumer Discretionary,51009416
SEEK Ltd,Australia,Industrials,7218088
SEI Investments Co,United States,Financials,48009051
SENG FONG HOLDINGS BHD,Malaysia,Basic Materials,4383317
SES SA,France,Telecommunications,25062526
SF Holding Co Ltd,China,Industrials,274192010
SFA Engineering Corp,South Korea,Industrials,4848260
SFA Semicon Co Ltd,South Korea,Technology,3678
SFL Corp Ltd,United States,Industrials,41
SFP Tech Holdings Bhd,Malaysia,Industrials,2661468
SFS Group AG,Switzerland,Industrials,57521404
SG Fleet Group Ltd,Australia,Consumer Discretionary,2612037
SG Holdings Co Ltd,Japan,Industrials,37176705
SG Micro Corp,China,Technology,2764925
SGH Ltd,Australia,Industrials,114659348
SGL Carbon SE,Germany,Basic Materials,4555608
SGS SA,Switzerland,Industrials,223260446
SHIFT Inc,Japan,Technology,19756135
SHIFT UP Corp,South Korea,Consumer Discretionary,6544345
SHO-BOND Holdings Co Ltd,Japan,Industrials,22231440
SIA Engineering Co Ltd,Singapore,Industrials,6813446
SICC Co Ltd,China,Technology,393511
SIF Holding NV,Netherlands,Energy,830614
SIG Group AG,Switzerland,Industrials,199473443
SIG PLC,United Kingdom,Industrials,571981
SIGMAXYZ Holdings Inc,Japan,Industrials,4945942
SIMMTECH Co Ltd,South Korea,Technology,80536
SIMPAR SA,Brazil,Industrials,522649
SISB PCL,Thailand,Consumer Discretionary,10558733
SITC International Holdings Co Ltd,Hong Kong,Industrials,59091845
SITE Centers Corp,United States,Real Estate,3613042
SJM Holdings Ltd,Hong Kong,Consumer Discretionary,12111484
SJVN Ltd,India,Utilities,9198164
SJW Group,United States,Utilities,10255479
SK Biopharmaceuticals Co Ltd,South Korea,Health Care,16099698
SK Bioscience Co Ltd,South Korea,Health Care,515212
SK Chemicals Co Ltd,South Korea,Basic Materials,4431081
SK Gas Ltd,South Korea,Utilities,36070270
SK Hynix Inc,South Korea,Technology,1750989919
SK IE Technology Co Ltd,South Korea,Industrials,363244
SK Inc,South Korea,Energy,42546608
SK Innovation Co Ltd,South Korea,Energy,64333143
SK Networks Co Ltd,South Korea,Telecommunications,93594
SK REITs Co Ltd,South Korea,Real Estate,784086
SK Securities Co Ltd,South Korea,Financials,93841
SK Square Co Ltd,South Korea,Financials,386545280
SK Telecom Co Ltd,South Korea,Telecommunications,130564463
SK oceanplant Co Ltd,South Korea,Industrials,209072
SKAN Group AG,Switzerland,Industrials,21172627
SKC Co Ltd,South Korea,Basic Materials,1081734
SKF AB,Sweden,Basic Materials,73020062
SKF India Ltd,India,Industrials,13049532
SKP Resources Bhd,Malaysia,Industrials,19966744
SKY Network Television Ltd,New Zealand,Telecommunications,572162
SKY Perfect JSAT Holdings Inc,Japan,Telecommunications,8212002
SKYCITY Entertainment Group Ltd,New Zealand,Consumer Discretionary,6723639
SL Green Realty Corp,United States,Real Estate,48049868
SLM Corp,United States,Financials,68603319
SLP Resources Bhd,Malaysia,Industrials,1541353
SM Entertainment Co Ltd,South Korea,Consumer Discretionary,33533790
SM Investments Corp,Philippines,Consumer Discretionary,67845475
SM Prime Holdings Inc,Philippines,Real Estate,22877869
SMA Solar Technology AG,Germany,Energy,2047163
SMC Corp,Japan,Industrials,191621299
SMRT Holdings Bhd,Malaysia,Consumer Discretionary,2053095
SMS Co Ltd,Japan,Industrials,5371030
SMU SA,Chile,Consumer Staples,10649
SNS Network Technology Bhd,Malaysia,Technology,4613565
SNT Dynamics Co Ltd,South Korea,Consumer Discretionary,11829862
SNT Motiv Co Ltd,South Korea,Consumer Discretionary,10402794
SOHO China Ltd,China,Real Estate,436627
SOITEC,France,Technology,60916658
SOL SpA,Italy,Basic Materials,46095577
SOLUM Co Ltd,South Korea,Technology,19280791
SOOP Co Ltd,South Korea,Technology,587393
SOSiLA Logistics REIT Inc,Japan,Real Estate,4525169
SP Setia Bhd Group,Malaysia,Real Estate,10893511
SPAR Group Ltd/The,South Africa,Consumer Staples,10697574
SPCG PCL,Thailand,Utilities,711937
SPIE SA,France,Industrials,115082058
SPS Commerce Inc,United States,Technology,81542712
SPX Technologies Inc,United States,Industrials,93038212
SRA Holdings,Japan,Technology,510167
SRE Holdings Corp,Japan,Real Estate,3718096
SRF Ltd,India,Basic Materials,158507906
SRG Global Ltd,Australia,Industrials,12789750
SRS Holdings Co Ltd,Japan,Consumer Discretionary,1626533
SS&C Technologies Holdings Inc,United States,Technology,202019401
SSAB AB,Sweden,Basic Materials,90962732
SSE PLC,United Kingdom,Utilities,668214169
SSI Securities Corp,Vietnam,Financials,23890546
SSP Group Plc,United Kingdom,Consumer Discretionary,48392504
SSR Mining Inc,Canada,Basic Materials,6824002
SSY Group Ltd,China,Health Care,8472892
ST Corp,Japan,Consumer Staples,339703
ST Pharm Co Ltd,South Korea,Health Care,13303801
STAAR Surgical Co,United States,Health Care,23707
STAG Industrial Inc,United States,Real Estate,75470987
STARK Corp PCL,Thailand,Industrials,14311
STERIS PLC,United States,Health Care,234678191
STI Foods Holdings Inc,Japan,Consumer Staples,88997
STMicroelectronics NV,France,Technology,259322757
STRATEC SE,Germany,Health Care,1425635
SUMCO Corp,Japan,Technology,50418915
SUNeVision Holdings Ltd,Hong Kong,Technology,550
SUPCON Technology Co Ltd,China,Industrials,29084408
SUSS MicroTec SE,Germany,Technology,17368655
SWCC Corp,Japan,Industrials,21490455
Saab AB,Sweden,Industrials,208772861
Sabaf SpA,Italy,Technology,1326468
Sabra Health Care REIT Inc,United States,Real Estate,48949663
Sabre Corp,United States,Consumer Discretionary,5955435
Sacyr SA,Spain,Industrials,76130631
Safari Industries India Ltd,India,Consumer Discretionary,6948596
Safaricom PLC,Kenya,Telecommunications,50175747
Safe Fertility Group PCL,Thailand,Health Care,3760983
Safehold Inc,United States,Financials,2552273
Safestore Holdings PLC,United Kingdom,Real Estate,28901650
Safety Insurance Group Inc,United States,Financials,4022521
Saga PLC,United Kingdom,Consumer Discretionary,6482003
Sagami Holdings Corp,Japan,Consumer Discretionary,2461523
Sagax AB,Sweden,Real Estate,89906572
Sage Group PLC/The,United Kingdom,Technology,194351878
Sagility India Ltd,India,Health Care,8780249
Saia Inc,United States,Industrials,64409688
Saibu Gas Holdings Co Ltd,Japan,Utilities,2032202
Saigon Beer Alcohol Beverage Corp,Vietnam,Consumer Staples,892881
Saigon Thuong Tin Commercial JSB,Vietnam,Financials,35578184
Sailun Group Co Ltd,China,Consumer Discretionary,41085163
Saipem SpA,Italy,Energy,138020585
Saizeriya Co Ltd,Japan,Consumer Discretionary,41516898
Sakai Chemical Industry Co Ltd,Japan,Basic Materials,3355079
Sakai Moving Service Co Ltd,Japan,Industrials,2522875
Sakata INX Corp,Japan,Basic Materials,6699241
Sakata Seed Corp,Japan,Consumer Staples,7561663
Sakura Development Co Ltd,Taiwan,Real Estate,1875
Sakura Internet Inc,Japan,Technology,5388362
Sala Corp,Japan,Utilities,710241
Salesforce Inc,United States,Technology,3535232501
Salfacorp SA,Chile,Industrials,13676712
Salik Co PJSC,United Arab Emirates,Industrials,242519977
Sally Beauty Holdings Inc,United States,Consumer Discretionary,1294933
Salvatore Ferragamo SpA,Italy,Consumer Discretionary,6147461
Salzgitter AG,Germany,Basic Materials,2949252
Sam Chun Dang Pharm Co Ltd,South Korea,Health Care,1170326
Sam Engineering & Equipment M Bhd,Malaysia,Industrials,19715434
Sam-A Aluminum Co Ltd,South Korea,Basic Materials,147504
Samart Corp PCL,Thailand,Technology,124292
Samart Telcoms PCL,Thailand,Telecommunications,310616
Sambu Engineering & Construction Co Ltd,South Korea,Industrials,109814
Sampath Bank PLC,Sri Lanka,Financials,2604637
Sampo Corp,Taiwan,Consumer Discretionary,1335922
Sampo Oyj,Finland,Financials,300464371
Samsara Inc,United States,Technology,106274440
Samsonite International SA,Hong Kong,Consumer Discretionary,188896613
Samsung Biologics Co Ltd,South Korea,Health Care,92126076
Samsung C&T Corp,South Korea,Industrials,95057677
Samsung Card Co Ltd,South Korea,Financials,957395
Samsung E&A Co Ltd,South Korea,Industrials,21819421
Samsung Electro-Mechanics Co Ltd,South Korea,Technology,35912447
Samsung Electronics Co Ltd,South Korea,Telecommunications,3887080727
Samsung Fire & Marine Insurance Co Ltd,South Korea,Financials,117090211
Samsung Heavy Industries Co Ltd,South Korea,Industrials,16839304
Samsung Life Insurance Co Ltd,South Korea,Financials,66857543
Samsung Pharmaceutical Co Ltd,South Korea,Health Care,24493
Samsung SDI Co Ltd,South Korea,Industrials,231486362
Samsung SDS Co Ltd,South Korea,Technology,48159774
Samsung Securities Co Ltd,South Korea,Financials,29807358
Samty Residential Investment Corp,Japan,Real Estate,3794916
Samvardhana Motherson International Ltd,India,Consumer Discretionary,85484895
Samwha Capacitor Co Ltd,South Korea,Industrials,341345
Samyang Corp,South Korea,Consumer Staples,53674
Samyang Foods Co Ltd,South Korea,Consumer Staples,22862425
Samyang Holdings Corp,South Korea,Industrials,178460
Samyang Packaging Corp,South Korea,Industrials,4288472
San Miguel Food and Beverage Inc,Philippines,Consumer Staples,4547379
San ju San Financial Group Inc,Japan,Financials,846289
San-A Co Ltd,Japan,Consumer Staples,26929869
San-Ai Obbli Co Ltd,Japan,Energy,4862901
San-In Godo Bank Ltd/The,Japan,Financials,9723299
Sancy Bhd,Malaysia,Health Care,1573298
Sandfire Resources Ltd,Australia,Basic Materials,25953111
Sandoz Group AG,Switzerland,Health Care,337471977
Sands China Ltd,Hong Kong,Consumer Discretionary,198716781
Sandvik AB,Sweden,Industrials,425911826
Sandy Spring Bancorp Inc,United States,Financials,3920945
Sanergy Group Ltd,Hong Kong,Basic Materials,52
Sangetsu Corp,Japan,Consumer Discretionary,11117958
Sangsangin Co Ltd,South Korea,Financials,130313
Sanken Electric Co Ltd,Japan,Technology,2564789
Sanki Engineering Co Ltd,Japan,Industrials,14831356
Sankyo Co Ltd,Japan,Consumer Discretionary,40446690
Sankyo Seiko Co Ltd,Japan,Consumer Discretionary,307012
Sankyo Tateyama Inc,Japan,Industrials,167562
Sankyu Inc,Japan,Industrials,34598735
Sanlam Ltd,South Africa,Financials,194750119
Sanlorenzo SpA/Ameglia,Italy,Consumer Discretionary,1661143
Sanmina Corp,United States,Technology,48823268
Sanofi India Ltd,India,Health Care,6491326
Sanofi SA,France,Health Care,2212815127
Sanoh Industrial Co Ltd,Japan,Consumer Discretionary,74581
Sanoma Oyj,Finland,Consumer Discretionary,13285688
Sanrio Co Ltd,Japan,Consumer Discretionary,120134382
Sansan Inc,Japan,Technology,26806522
Sansera Engineering Ltd,India,Consumer Discretionary,7813095
Sanshin Electronics Co Ltd,Japan,Technology,366208
Sansiri PCL,Thailand,Real Estate,1270288
Santam Ltd,South Africa,Financials,9960322
Santander Bank Polska SA,Poland,Financials,1901589
Santec Holdings Corp,Japan,Industrials,3668223
Santen Pharmaceutical Co Ltd,Japan,Health Care,80320254
Santos Brasil Participacoes SA,Brazil,Industrials,10571426
Sanwa Holdings Corp,Japan,Industrials,34575138
Sanwayuka Industry Corp,Japan,Utilities,42708
Sanxun Holdings Group Ltd,China,Real Estate,83573
Sany Heavy Equipment International Holdings Co Ltd,China,Industrials,5895899
Sany Heavy Industry Co Ltd,China,Industrials,17519548
Sanyang Motor Co Ltd,Taiwan,Consumer Discretionary,23068303
Sanyo Chemical Industries Ltd,Japan,Basic Materials,2639726
Sanyo Denki Co Ltd,Japan,Industrials,16959984
Sanyo Electric Railway Co Ltd,Japan,Industrials,426044
Sanyo Shokai Ltd,Japan,Consumer Discretionary,2365648
Sanyo Special Steel Co Ltd,Japan,Basic Materials,2189782
Sao Carlos Empreendimentos e Participacoes SA,Brazil,Real Estate,3522385
Sapiens International Corp NV,Israel,Technology,1238063
Sapphire Foods India Ltd,India,Consumer Discretionary,63850
Sappi Ltd,South Africa,Basic Materials,40992389
Sapporo Holdings Ltd,Japan,Consumer Staples,47205601
Sapura Energy Bhd,Malaysia,Energy,89085
Saputo Inc,Canada,Consumer Staples,54047782
Saramin Co Ltd,South Korea,Industrials,3721315
Sarana Menara Nusantara Tbk PT,Indonesia,Telecommunications,5257413
Sarantis SA,Greece,Consumer Staples,2365910
Saratovskiy Neftepererabatyvayuschiy Zavod PJSC,Russia,Energy,15301
Saregama India Ltd,India,Consumer Discretionary,3304769
Sarepta Therapeutics Inc,United States,Health Care,126315109
Sarimelati Kencana PT,Indonesia,Consumer Discretionary,100024
Sartorius AG,Germany,Health Care,225711156
Sartorius Stedim Biotech,France,Health Care,300523
Satellite Chemical Co Ltd,China,Basic Materials,113909786
Sato Holdings Corp,Japan,Technology,2010330
Saul Centers Inc,United States,Real Estate,2398306
Savills PLC,United Kingdom,Real Estate,29555482
Savior Lifetec Corp,Taiwan,Health Care,1055097
Sawai Group Holdings Co Ltd,Japan,Health Care,12915115
Sberbank of Russia PJSC,Russia,Financials,30768884
Scales Corp Ltd,New Zealand,Consumer Staples,6183279
ScanSource Inc,United States,Technology,4136881
Scandic Hotels Group AB,Sweden,Consumer Discretionary,49692983
Scanway SA,Poland,Industrials,314482
Scentre Group,Australia,Real Estate,190280696
Schaeffler AG,Germany,Consumer Discretionary,41969760
Schaeffler India Ltd,India,Consumer Discretionary,18120998
Schindler Holding AG,Switzerland,Industrials,325749790
Schlumberger NV,United States,Energy,724076933
Schneider Electric Infrastructure Ltd,India,Industrials,3593113
Schneider Electric SE,France,Industrials,3275749626
Schneider National Inc,United States,Industrials,114280
Schoeller-Bleckmann Oilfield Equipment AG,Austria,Energy,2213283
Scholar Rock Holding Corp,United States,Health Care,86043197
Scholastic Corp,United States,Consumer Discretionary,1295414
Schott Pharma AG & Co KGaA,Germany,Health Care,19044119
Schouw & Co A/S,Denmark,Industrials,21791928
Schroders PLC,United Kingdom,Financials,14486565
Schrodinger Inc/United States,United States,Technology,1545939
SciDev Ltd,Australia,Utilities,2046012
Science Applications International Corp,United States,Technology,63571857
Scientech Corp,Taiwan,Technology,21557703
Scientex BHD,Malaysia,Industrials,5069131
Scilex Holding Co,United States,Health Care,203657
ScinoPharm Taiwan Ltd,Taiwan,Health Care,5540571
Scope Fluidics SA,Poland,Health Care,3176294
Scope Metals Group Ltd,Israel,Industrials,8180077
Scorpio Tankers Inc,United States,Industrials,30373509
Scotts Miracle-Gro Co/The,United States,Basic Materials,9684446
Scout24 SE,Germany,Technology,154076131
Sdiptech AB,Sweden,Industrials,3345503
SeAH Holdings Corp,South Korea,Basic Materials,1754132
SeAH Steel Holdings Corp,South Korea,Basic Materials,17830762
Sea Harvest Group Ltd,South Africa,Consumer Staples,7296253
Sea Ltd,Singapore,Technology,1690518355
Seadrill Ltd,United States,Energy,33104048
Seagate Technology Holdings PLC,United States,Technology,22281444
Sealed Air Corp,United States,Industrials,50562183
Seaport Entertainment Group Inc,United States,Real Estate,372070
Seatrium Ltd,Singapore,Industrials,53900903
Seazen Group Ltd,China,Real Estate,90438
Sebang Global Battery Co Ltd,South Korea,Consumer Discretionary,612943
Secom Co Ltd,Japan,Industrials,242414033
Sectra AB,Sweden,Health Care,83245329
Secure Trust Bank PLC,United Kingdom,Financials,668792
Securitas AB,Sweden,Industrials,116132930
Security Bank Corp,Philippines,Financials,876
Seegene Inc,South Korea,Health Care,511368
Sega Sammy Holdings Inc,Japan,Consumer Discretionary,48565373
Segezha Group PJSC,Russia,Basic Materials,309886
Segro PLC,United Kingdom,Real Estate,998956570
Seibu Holdings Inc,Japan,Consumer Discretionary,158625757
Seika Corp,Japan,Industrials,2894693
Seikagaku Corp,Japan,Health Care,487025
Seiko Epson Corp,Japan,Technology,53330808
Seiko Group Corp,Japan,Consumer Discretionary,4366722
Seino Holdings Co Ltd,Japan,Industrials,38823850
Seiren Co Ltd,Japan,Consumer Discretionary,25709102
Sekisui Chemical Co Ltd,Japan,Consumer Discretionary,107978066
Sekisui House Ltd,Japan,Consumer Discretionary,243742771
Sekisui House Reit Inc,Japan,Real Estate,37175908
Sekisui Jushi Corp,Japan,Industrials,2903469
Sekisui Kasei Co Ltd,Japan,Industrials,113487
Select Harvests Ltd,Australia,Consumer Staples,1328311
Select Medical Holdings Corp,United States,Health Care,29556121
Selective Insurance Group Inc,United States,Financials,93409085
Sella Capital Real Estate Ltd,Israel,Real Estate,399683
Selvita SA,Poland,Health Care,4428312
Sembcorp Industries Ltd,Singapore,Utilities,63073486
Semen Indonesia Persero Tbk PT,Indonesia,Industrials,11765341
Sempra,United States,Utilities,1523512539
Semtech Corp,United States,Technology,433
Senao International Co Ltd,Taiwan,Consumer Discretionary,721894
Sendas Distribuidora S/A,Brazil,Consumer Staples,37919946
Senior PLC,United Kingdom,Industrials,10520198
Senko Group Holdings Co Ltd,Japan,Industrials,23986383
Sensata Technologies Holding PLC,United States,Industrials,48580200
SenseTime Group Inc,China,Technology,27297213
Senshu Electric Co Ltd,Japan,Industrials,4647296
Senshu Ikeda Holdings Inc,Japan,Financials,4434754
Sensient Technologies Corp,United States,Basic Materials,45757257
Sensirion Holding AG,Switzerland,Industrials,10900030
Sensortek Technology Corp,Taiwan,Technology,823560
SentinelOne Inc,United States,Technology,73528198
Sentul City Tbk PT,Indonesia,Real Estate,7984472
Seojin System Co Ltd,South Korea,Telecommunications,3104870
Septeni Holdings Co Ltd,Japan,Consumer Discretionary,2193421
Ser Educacional SA,Brazil,Consumer Discretionary,163254
Serba Dinamik Holdings Bhd,Malaysia,Energy,73
Serco Group PLC,United Kingdom,Industrials,30792543
Sercomm Corp,Taiwan,Telecommunications,18963596
Serena Energia SA,Brazil,Utilities,7531158
Seres Group Co Ltd,China,Consumer Discretionary,50160908
Seri Industrial SpA,Italy,Industrials,754173
Seria Co Ltd,Japan,Consumer Discretionary,14954333
Serko Ltd,New Zealand,Technology,4869221
Sermsang Power Corp Co Ltd,Thailand,Utilities,3252124
Sern Kou Resource Bhd,Malaysia,Consumer Discretionary,5659091
Service Corp International/US,United States,Consumer Discretionary,96497990
Service Stream Ltd,Australia,Telecommunications,4334729
ServiceNow Inc,United States,Technology,2578932722
ServiceTitan Inc,United States,Technology,14234533
ServisFirst Bancshares Inc,United States,Financials,47455502
Sesa SpA,Italy,Technology,31751452
Seven & i Holdings Co Ltd,Japan,Consumer Staples,791399412
Seven Bank Ltd,Japan,Financials,13452502
Seven West Media Ltd,Australia,Consumer Discretionary,4350169
Severn Trent PLC,United Kingdom,Utilities,180853195
Shaftesbury Capital PLC,United Kingdom,Real Estate,722460413
Shake Shack Inc,United States,Consumer Discretionary,15408688
Shakey's Pizza Asia Ventures Inc,Philippines,Consumer Discretionary,813083
Shandong Chenming Paper Holdings Ltd,China,Basic Materials,300724
Shandong Gold Mining Co Ltd,China,Basic Materials,53219866
Shandong Hi-Speed New Energy Group Ltd,China,Utilities,367304
Shandong Hualu Hengsheng Chemical Co Ltd,China,Basic Materials,28245899
Shandong Nanshan Aluminum Co Ltd,China,Basic Materials,4053479
Shandong Sinocera Functional Material Co Ltd,China,Basic Materials,11208945
Shandong Weigao Group Medical Polymer Co Ltd,China,Health Care,87220195
Shanghai Bailian Group Co Ltd,China,Consumer Staples,2530689
Shanghai Baolong Automotive Corp,China,Consumer Discretionary,10918648
Shanghai Baosight Software Co Ltd,China,Technology,11560025
Shanghai Chlor-Alkali Chemical Co Ltd,China,Basic Materials,769984
Shanghai Commercial & Savings Bank Ltd/The,Taiwan,Financials,59494294
Shanghai Electric Group Co Ltd,China,Industrials,729
Shanghai Flyco Electrical Appliance Co Ltd,China,Consumer Discretionary,1066654
Shanghai Fosun Pharmaceutical Group Co Ltd,China,Health Care,4378037
Shanghai Fudan Microelectronics Group Co Ltd,China,Technology,29975476
Shanghai Haohai Biological Technology Co Ltd,China,Health Care,735830
Shanghai Huace Navigation Technology Ltd,China,Telecommunications,5276428
Shanghai Huafon Aluminium Corp,China,Basic Materials,7905361
Shanghai Jin Jiang Online Network Service Co Ltd,China,Industrials,39379
Shanghai Jinjiang International Hotels Co Ltd,China,Consumer Discretionary,6520108
Shanghai Jinqiao Export Processing Zone Development Co Ltd,China,Real Estate,1711436
Shanghai Junshi Biosciences Co Ltd,China,Health Care,2988253
Shanghai Lujiazui Finance & Trade Zone Development Co Ltd,China,Real Estate,7202730
Shanghai M&G Stationery Inc,China,Consumer Staples,456360
Shanghai Mechanical and Electrical Industry Co Ltd,China,Industrials,2410552
Shanghai MicroPort MedBot Group Co Ltd,China,Health Care,17752
Shanghai Pharmaceuticals Holding Co Ltd,China,Health Care,15329316
Shanghai Putailai New Energy Technology Co Ltd,China,Basic Materials,16418918
Shanghai Shibei Hi-Tech Co Ltd,China,Real Estate,49196
Shanghai United Imaging Healthcare Co Ltd,China,Health Care,737619
Shanghai Waigaoqiao Free Trade Zone Group Co Ltd,China,Real Estate,144860
Shanghai Zhenhua Heavy Industries Co Ltd,China,Industrials,226141
Shangri-La Asia Ltd,Hong Kong,Consumer Discretionary,46313
Shanxi Xinghuacun Fen Wine Factory Co Ltd,China,Consumer Staples,15102636
Sharingtechnology Inc,Japan,Technology,433133
SharkNinja Inc,United States,Consumer Discretionary,100844806
Sharp Corp/Japan,Japan,Technology,6702452
Sheela Foam Ltd,India,Consumer Discretionary,5026119
Shell PLC,United Kingdom,Energy,5270991163
Sheng Siong Group Ltd,Singapore,Consumer Staples,14763005
Sheng Yu Steel Co Ltd,Taiwan,Basic Materials,624027
Shengyi Technology Co Ltd,China,Technology,132964589
Shennan Circuits Co Ltd,China,Technology,1143976
Shenwan Hongyuan Group Co Ltd,China,Financials,2122787
Shenzhen Expressway Corp Ltd,China,Industrials,9249946
Shenzhen Fastprint Circuit Tech Co Ltd,China,Technology,666161
Shenzhen Inovance Technology Co Ltd,China,Industrials,42386801
Shenzhen International Holdings Ltd,China,Industrials,7829280
Shenzhen Mindray Bio-Medical Electronics Co Ltd,China,Health Care,67309232
Shenzhen Senior Technology Material Co Ltd,China,Basic Materials,961694
Shenzhen Sunlord Electronics Co Ltd,China,Technology,69024035
Shenzhen Sunway Communication Co Ltd,China,Telecommunications,40531144
Shenzhen Transsion Holdings Co Ltd,China,Telecommunications,9255561
Shenzhou International Group Holdings Ltd,Hong Kong,Consumer Discretionary,291374594
Sherwin-Williams Co/The,United States,Industrials,1343256850
Shibaura Machine Co Ltd,Japan,Industrials,9852112
Shibaura Mechatronics Corp,Japan,Technology,3609061
Shibusawa Warehouse Co Ltd/The,Japan,Industrials,629002
Shibuya Corp,Japan,Industrials,4086943
Shiga Bank Ltd/The,Japan,Financials,10092943
Shihlin Electric & Engineering Corp,Taiwan,Industrials,25118212
Shikoku Bank Ltd/The,Japan,Financials,507690
Shikoku Kasei Holdings Corp,Japan,Basic Materials,14662572
Shima Seiki Manufacturing Ltd,Japan,Industrials,1955164
Shimadaya Corp,Japan,Technology,72577
Shimadzu Corp,Japan,Industrials,121653817
Shimamura Co Ltd,Japan,Consumer Discretionary,49131824
Shimano Inc,Japan,Consumer Discretionary,169404277
Shimao Services Holdings Ltd,China,Real Estate,33
Shimizu Bank Ltd/The,Japan,Financials,105443
Shimizu Corp,Japan,Industrials,80536242
Shimojima Co Ltd,Japan,Industrials,74976
Shin Foong Specialty & Applied Materials Co Ltd,Taiwan,Basic Materials,515125
Shin Kong Financial Holding Co Ltd,Taiwan,Financials,99917100
Shin Nippon Air Technologies Co Ltd,Japan,Industrials,688299
Shin Nippon Biomedical Laboratories Ltd,Japan,Health Care,1791296
Shin Poong Pharmaceutical Co Ltd,South Korea,Health Care,2402
Shin Zu Shing Co Ltd,Taiwan,Industrials,27914778
Shin-Etsu Chemical Co Ltd,Japan,Basic Materials,1374176801
Shin-Etsu Polymer Co Ltd,Japan,Basic Materials,12512227
Shinagawa Refractories Co Ltd,Japan,Industrials,2145586
Shindengen Electric Manufacturing Co Ltd,Japan,Industrials,412102
Shinfox Energy Co Ltd,Taiwan,Energy,5709649
Shinhan Alpha REIT Co Ltd,South Korea,Real Estate,91016
Shinhan Financial Group Co Ltd,South Korea,Financials,367690977
Shining Building Business Co Ltd,Taiwan,Real Estate,1007440
Shinko Electric Industries Co Ltd,Japan,Technology,56803808
Shinko Shoji Co Ltd,Japan,Technology,357318
Shinkong Insurance Co Ltd,Taiwan,Financials,2023807
Shinkong Synthetic Fibers Corp,Taiwan,Basic Materials,11965298
Shinkong Textile Co Ltd,Taiwan,Basic Materials,1980676
Shinmaywa Industries Ltd,Japan,Industrials,7045732
Shinnihon Corp,Japan,Industrials,6802942
Shinsegae Inc,South Korea,Consumer Discretionary,8267921
Shinsegae International Inc,South Korea,Consumer Discretionary,6943
Shinsho Corp,Japan,Basic Materials,7890
Shinsung Delta Tech Co Ltd,South Korea,Consumer Discretionary,1395775
Shinsung E&G Co Ltd,South Korea,Industrials,166516
Shinwa Co Ltd/Nagoya,Japan,Industrials,681061
Shiny Chemical Industrial Co Ltd,Taiwan,Basic Materials,11020475
Shionogi & Co Ltd,Japan,Health Care,159501860
Ship Healthcare Holdings Inc,Japan,Health Care,33958627
Shiseido Co Ltd,Japan,Consumer Discretionary,443707472
Shizuoka Financial Group Inc,Japan,Financials,62284215
Shizuoka Gas Co Ltd,Japan,Utilities,2188339
Shoals Technologies Group Inc,United States,Energy,12472003
Shochiku Co Ltd,Japan,Consumer Discretionary,377621
Shoe Zone PLC,United Kingdom,Consumer Discretionary,1434499
Shoei Co Ltd,Japan,Consumer Discretionary,17271662
Shoei Foods Corp,Japan,Consumer Staples,2564880
Shofu Inc,Japan,Health Care,5428326
Shopify Inc,Canada,Technology,1565949481
Shoprite Holdings Ltd,South Africa,Consumer Staples,118266736
Shoucheng Holdings Ltd,China,Industrials,1363245
Showa Sangyo Co Ltd,Japan,Consumer Staples,5612311
Shree Cement Ltd,India,Industrials,45350481
Shree Renuka Sugars Ltd,India,Consumer Staples,2265454
Shriram Finance Ltd,India,Financials,143296437
Shufersal Ltd,Israel,Consumer Staples,26602464
Shui On Land Ltd,China,Real Estate,405184
Shun Tak Holdings Ltd,Hong Kong,Real Estate,703628
ShunSin Technology Holding Ltd,Taiwan,Technology,8974973
Shurgard Self Storage Ltd,Belgium,Real Estate,26997243
Shutterstock Inc,United States,Technology,48014
Shyam Metalics & Energy Ltd,India,Basic Materials,7006321
Shyft Group Inc/The,United States,Industrials,463730
SiS Distribution Thailand PCL,Thailand,Consumer Discretionary,6909380
SiTime Corp,United States,Technology,30097057
Siam Cement PCL/The,Thailand,Industrials,27516572
Siam Global House PCL,Thailand,Consumer Discretionary,38265912
Siam Wellness Group Pcl,Thailand,Consumer Discretionary,6988561
Siauliu Bankas AB,Lithuania,Financials,7755538
Sibanye Stillwater Ltd,South Africa,Basic Materials,3717490
Sichuan Expressway Co Ltd,China,Industrials,7309983
Sichuan Kelun Pharmaceutical Co Ltd,China,Health Care,2580629
Sichuan Kelun-Biotech Biopharmaceutical Co Ltd,China,Health Care,64025448
Siegfried Holding AG,Switzerland,Health Care,114515264
Siemens AG,Germany,Industrials,3517824528
Siemens Energy AG,Germany,Energy,1335622690
Siemens Healthineers AG,Germany,Health Care,432657866
Siemens Ltd,India,Industrials,84728490
Sieyuan Electric Co Ltd,China,Technology,50597269
Sigdo Koppers SA,Chile,Basic Materials,1707007
Sigma Healthcare Ltd,Australia,Consumer Staples,30233472
Sigma Lithium Corp,United States,Basic Materials,28050000
SignatureGlobal India Ltd,India,Real Estate,3690211
Signet Jewelers Ltd,United States,Consumer Discretionary,40989138
Signify NV,Netherlands,Industrials,59838539
Sigurd Microelectronics Corp,Taiwan,Technology,12945223
Sihuan Pharmaceutical Holdings Group Ltd,China,Health Care,927812
Siix Corp,Japan,Technology,11658419
Sika AG,Switzerland,Industrials,1101512018
Silergy Corp,Taiwan,Technology,61205921
Silex Systems Ltd,Australia,Energy,7025046
Silgan Holdings Inc,United States,Industrials,38680177
Silicon Integrated Systems Corp,Taiwan,Technology,9029729
Silicon Laboratories Inc,United States,Technology,34621729
Silicon2 Co Ltd,South Korea,Consumer Discretionary,4104029
Siltronic AG,Germany,Technology,13265339
Silvair Inc,United States,Technology,235680
Silvano Fashion Group AS,Estonia,Consumer Discretionary,924563
Silver Grant International Holdings Group Ltd,China,Real Estate,6661
Simcere Pharmaceutical Group Ltd,China,Health Care,6967514
Sime Darby Bhd,Malaysia,Consumer Discretionary,18475603
Sime Darby Property Bhd,Malaysia,Real Estate,22060897
Simmons First National Corp,United States,Financials,27094578
Simon Property Group Inc,United States,Real Estate,2047973500
Simplex Holdings Inc,Japan,Technology,5703909
Simplo Technology Co Ltd,Taiwan,Industrials,57121961
Simply Good Foods Co/The,United States,Consumer Staples,44006003
Simpson Manufacturing Co Inc,United States,Industrials,73757536
Sims Ltd,Australia,Utilities,11357940
Sinanen Holdings Co Ltd,Japan,Energy,921068
Sinar Eka Selaras Tbk PT,Indonesia,Consumer Discretionary,390251
Sinbon Electronics Co Ltd,Taiwan,Industrials,50283118
Sincere Navigation Corp,Taiwan,Industrials,973495
Sinch AB,Sweden,Technology,15441765
Sinclair Inc,United States,Consumer Discretionary,506731
Sindoh Co Ltd,South Korea,Technology,9674212
Sinfonia Technology Co Ltd,Japan,Industrials,12790122
Singamas Container Holdings Ltd,Hong Kong,Industrials,545040
Singapore Airlines Ltd,Singapore,Consumer Discretionary,111702650
Singapore Exchange Ltd,Singapore,Financials,113174196
Singapore Post Ltd,Singapore,Industrials,10300773
Singapore Technologies Engineering Ltd,Singapore,Industrials,94585839
Singapore Telecommunications Ltd,Singapore,Telecommunications,350926594
Singer Bangladesh Ltd,Bangladesh,Consumer Discretionary,1083412
Sinko Industries Ltd,Japan,Industrials,3141309
Sino Biopharmaceutical Ltd,China,Health Care,49113052
Sino Land Co Ltd,Hong Kong,Real Estate,66971796
Sino-American Silicon Products Inc,Taiwan,Technology,35426179
Sino-Ocean Group Holding Ltd,China,Real Estate,184061
SinoPac Financial Holdings Co Ltd,Taiwan,Financials,131704627
Sinon Corp,Taiwan,Basic Materials,2211094
Sinopec Engineering Group Co Ltd,China,Industrials,6499586
Sinopec Kantons Holdings Ltd,China,Energy,6034205
Sinopec Oilfield Service Corp,China,Energy,3432577
Sinopec Shanghai Petrochemical Co Ltd,China,Energy,8689551
Sinopharm Group Co Ltd,China,Consumer Staples,29665774
Sinotruk Hong Kong Ltd,China,Industrials,26646644
Sintokogio Ltd,Japan,Industrials,726207
Sinyi Realty Inc,Taiwan,Real Estate,4837437
Sirius Real Estate Ltd,United Kingdom,Real Estate,6366185
Sirius XM Holdings Inc,United States,Consumer Discretionary,27375071
SiriusPoint Ltd,United States,Financials,922314
Sistema AFK PAO,Russia,Financials,1852461
SiteMinder Ltd,Australia,Technology,15378804
SiteOne Landscape Supply Inc,United States,Consumer Discretionary,132
Sitios Latinoamerica SAB de CV,Mexico,Telecommunications,2245
Sitronix Technology Corp,Taiwan,Technology,13112951
Six Flags Entertainment Corp,United States,Consumer Discretionary,8139580
Sixt SE,Germany,Consumer Discretionary,69031110
Skandinaviska Enskilda Banken AB,Sweden,Financials,80139294
Skanska AB,Sweden,Industrials,7210315
Skechers USA Inc,United States,Consumer Discretionary,105740817
SkiStar AB,Sweden,Consumer Discretionary,3838864
Skshu Paint Co Ltd,China,Industrials,27301410
SkyWest Inc,United States,Consumer Discretionary,23850966
SkyWorld Development Bhd,Malaysia,Real Estate,2611383
Skylark Holdings Co Ltd,Japan,Consumer Discretionary,4065167
Skyward Specialty Insurance Group Inc,United States,Financials,6292230
Skyworks Solutions Inc,United States,Technology,225713745
Skyworth Group Ltd,China,Consumer Discretionary,2545085
Sligro Food Group NV,Netherlands,Consumer Staples,2059220
SmarTone Telecommunications Holdings Ltd,Hong Kong,Telecommunications,1065617
Smaregi Inc,Japan,Technology,659175
SmartCentres Real Estate Investment Trust,Canada,Real Estate,26552740
SmartGroup Corp Ltd,Australia,Industrials,16211876
SmartRent Inc,United States,Technology,437500
Smartfit Escola de Ginastica e Danca SA,Brazil,Consumer Discretionary,24679705
Smartpay Holdings Ltd,New Zealand,Industrials,2861834
Smartsheet Inc,United States,Technology,25662020
Smith & Nephew PLC,United Kingdom,Health Care,365877368
Smiths Group PLC,United Kingdom,Industrials,132389793
Smoore International Holdings Ltd,China,Consumer Staples,30774768
Smurfit WestRock PLC,United Kingdom,Industrials,1318638882
Snam SpA,Italy,Energy,70379408
Snap Inc,United States,Technology,30161536
Snap-on Inc,United States,Industrials,141737992
Snowflake Inc,United States,Technology,1022445425
SoFi Technologies Inc,United States,Financials,103678344
Sobha Ltd,India,Real Estate,11079689
Sociedad Matriz SAAM SA,Chile,Industrials,11627580
Sociedad Quimica y Minera de Chile SA,Chile,Basic Materials,89940392
Sociedad de Inversiones Oro Blanco SA,Chile,Financials,2762080
Societe BIC SA,France,Consumer Staples,32849516
Societe Generale SA,France,Financials,213078884
Socionext Inc,Japan,Technology,20414047
Sodexo SA,France,Consumer Discretionary,151606180
Sofina SA,Belgium,Financials,87094990
Soft-World International Corp,Taiwan,Consumer Discretionary,1487303
SoftBank Corp,Japan,Telecommunications,718895771
SoftBank Group Corp,Japan,Telecommunications,1127191341
Softcat PLC,United Kingdom,Technology,41911468
Software Service Inc,Japan,Health Care,867384
Softwareone Holding AG,Switzerland,Technology,20263591
Sohgo Security Services Co Ltd,Japan,Industrials,42484451
Sojitz Corp,Japan,Industrials,82191464
Sok Marketler Ticaret AS,Türkiye,Consumer Staples,1165142
Soken Chemical & Engineering Co Ltd,Japan,Basic Materials,1139323
SolGold PLC,United Kingdom,Basic Materials,7182451
Solar Applied Materials Technology Corp,Taiwan,Basic Materials,44880945
Solar Industries India Ltd,India,Basic Materials,30460143
SolarEdge Technologies Inc,United States,Energy,6078275
SolarWinds Corp,United States,Technology,7105976
Solaria Energia y Medio Ambiente SA,Spain,Utilities,44022752
Solasto Corp,Japan,Health Care,4226671
Sollers PJSC,Russia,Consumer Discretionary,27956
Solus Advanced Materials Co Ltd,South Korea,Industrials,5336
Solvar Ltd,Australia,Financials,592733
Solvay SA,Belgium,Basic Materials,9186569
Solventum Corp,United States,Health Care,203740006
Somboon Advance Technology PCL,Thailand,Consumer Discretionary,2218843
Somec SpA,Italy,Industrials,2632630
Sompo Holdings Inc,Japan,Financials,1227590392
Sona Blw Precision Forgings Ltd,India,Consumer Discretionary,31986971
Sonae SGPS SA,Portugal,Consumer Staples,22667006
Sonata Software Ltd,India,Technology,14592884
Songwon Industrial Co Ltd,South Korea,Basic Materials,164815
Sonic Healthcare Ltd,Australia,Health Care,138799510
Sonix Technology Co Ltd,Taiwan,Technology,836891
Sonoco Products Co,United States,Industrials,60984389
Sonos Inc,United States,Consumer Discretionary,4322285
Sonoscape Medical Corp,China,Health Care,1798212
Sonova Holding AG,Switzerland,Health Care,312136888
Sony Group Corp,Japan,Consumer Discretionary,2861984207
Sopra Steria Group,France,Technology,63705716
Sorento Capital Bhd,Malaysia,Industrials,2723706
Sotera Health Co,United States,Health Care,12764384
Sotetsu Holdings Inc,Japan,Consumer Discretionary,18736129
Soulbrain Co Ltd,South Korea,Basic Materials,393908
Soulbrain Holdings Co Ltd,South Korea,Basic Materials,81192
Sourcenext Corp,Japan,Technology,287064
South Bow Corp,Canada,Energy,19496170
South Indian Bank Ltd/The,India,Financials,5046737
South32 Ltd,Australia,Basic Materials,251514409
SouthState Corp,United States,Financials,67260418
Southern Co/The,United States,Utilities,829317775
Southern Copper Corp,United States,Basic Materials,77205154
Southern Cross Electrical Engineering Ltd,Australia,Industrials,1834864
Southern Cross Media Group Ltd,Australia,Consumer Discretionary,286755
Southern Score Builders Bhd,Malaysia,Industrials,8453539
Southwest Airlines Co,United States,Consumer Discretionary,56803343
Southwest Gas Holdings Inc,United States,Utilities,51011113
Space42 PLC,United Arab Emirates,Industrials,16662140
Spar Nord Bank A/S,Denmark,Financials,46769374
Spark New Zealand Ltd,New Zealand,Telecommunications,39151451
Spartan Resources Ltd/Australia,Australia,Basic Materials,11626218
Sparx Group Co Ltd,Japan,Financials,1698630
Spectris PLC,United Kingdom,Industrials,71131364
Spectrum Brands Holdings Inc,United States,Consumer Staples,7062097
Speed Tech Corp,Taiwan,Technology,865104
Speedy Hire PLC,United Kingdom,Industrials,4769139
Sphera Franchise Group SA,Romania,Consumer Discretionary,6549964
Sphere Entertainment Co,United States,Consumer Discretionary,14432181
Spigen Korea Co Ltd,South Korea,Consumer Discretionary,1891842
Spinneys 1961 Holding PLC,United Arab Emirates,Consumer Staples,44183678
Spirax Group PLC,United Kingdom,Industrials,163871331
Spire Healthcare Group PLC,United Kingdom,Health Care,9117602
Spire Inc,United States,Utilities,42431735
Spirent Communications PLC,United Kingdom,Telecommunications,20445479
Spirit AeroSystems Holdings Inc,United States,Industrials,105878585
Sporton International Inc,Taiwan,Industrials,16011443
Sports Toto Bhd,Malaysia,Consumer Discretionary,1307304
Spotify Technology SA,United States,Consumer Discretionary,418146401
SpringWorks Therapeutics Inc,United States,Health Care,6738353
Springer Nature AG & Co KGaA,Germany,Consumer Discretionary,24674953
Sprinklr Inc,United States,Technology,16476604
Spritzer BHD,Malaysia,Consumer Staples,2059712
Sprott Inc,Canada,Financials,20935507
Sprout Social Inc,United States,Technology,13422051
Sprouts Farmers Market Inc,United States,Consumer Staples,143113350
Spur Corp Ltd,South Africa,Consumer Discretionary,2749481
Square Enix Holdings Co Ltd,Japan,Consumer Discretionary,124092735
Square Pharmaceuticals PLC,Bangladesh,Health Care,36137562
Sri Trang Agro-Industry PCL,Thailand,Basic Materials,12279776
Sri Trang Gloves Thailand PCL,Thailand,Health Care,58
Srinanaporn Marketing PCL,Thailand,Consumer Staples,7722286
Srisawad Corp PCL,Thailand,Financials,86175795
St Galler Kantonalbank AG,Switzerland,Financials,32103448
St James's Place PLC,United Kingdom,Financials,272341790
St Joe Co/The,United States,Real Estate,4980670
St Marc Holdings Co Ltd,Japan,Consumer Discretionary,650562
St Shine Optical Co Ltd,Taiwan,Health Care,1352683
Stabilus SE,Germany,Industrials,6891253
Stadio Holdings Ltd,South Africa,Consumer Discretionary,5663989
Stadler Rail AG,Switzerland,Industrials,9903228
Stalprofil SA,Poland,Basic Materials,305149
Stanbic Holdings Plc,Kenya,Financials,5677612
Standard Bank Group Ltd,South Africa,Financials,204265121
Standard Chartered Bank Kenya Ltd,Kenya,Financials,5421687
Standard Chartered PLC,United Kingdom,Financials,890675836
Standard Foods Corp,Taiwan,Consumer Staples,8105714
Standardaero Inc,United States,Industrials,123802550
Standex International Corp,United States,Industrials,7122075
Stanley Black & Decker Inc,United States,Industrials,114787241
Stanley Electric Co Ltd,Japan,Consumer Discretionary,38026435
Stanmore Resources Ltd,Australia,Energy,19853926
Stantec Inc,Canada,Industrials,110305615
Star Asia Investment Corp,Japan,Real Estate,14107589
Star Bulk Carriers Corp,United States,Industrials,3530263
Star Health & Allied Insurance Co Ltd,India,Financials,41864001
Star Holdings,United States,Real Estate,189064
Star Mica Holdings Co Ltd,Japan,Real Estate,4806795
Star Micronics Co Ltd,Japan,Industrials,2128745
Star Petroleum Refining PCL,Thailand,Energy,9619072
Star7 S.P.A.,Italy,Industrials,1730861
StarHub Ltd,Singapore,Telecommunications,8636023
StarPower Semiconductor Ltd,China,Technology,2870716
Starbreeze AB,Sweden,Consumer Discretionary,666235
Starbucks Corp,United States,Consumer Discretionary,1223410924
Starflex PCL,Thailand,Industrials,1828437
Starhill Global REIT,Singapore,Real Estate,9359576
Starpharma Holdings Ltd,Australia,Health Care,168352
Starts Corp Inc,Japan,Real Estate,9432298
Starts Proceed Investment Corp,Japan,Real Estate,2702769
Starwood Property Trust Inc,United States,Financials,63044452
Starzen Co Ltd,Japan,Consumer Staples,724716
State Bank of India,India,Financials,289811127
State Street Corp,United States,Financials,154897778
Steadfast Group Ltd,Australia,Financials,97869582
Stecon Group PCL,Thailand,Industrials,8077381
Steel Dynamics Inc,United States,Basic Materials,332946718
Steelcase Inc,United States,Consumer Discretionary,3279093
Steico SE,Germany,Industrials,4633863
Stella Chemifa Corp,Japan,Basic Materials,545610
Stella International Holdings Ltd,Hong Kong,Consumer Discretionary,11545718
Stella-Jones Inc,Canada,Basic Materials,8855834
Stellantis NV,Italy,Consumer Discretionary,613888714
Step One Clothing Ltd,Australia,Consumer Discretionary,1092181
StepStone Group Inc,United States,Financials,11542661
Stepan Co,United States,Basic Materials,7545443
Sterling and Wilson Renewable,India,Industrials,10774544
Sterlite Technologies Ltd,India,Telecommunications,2324085
Steven Madden Ltd,United States,Consumer Discretionary,9399386
Stifel Financial Corp,United States,Financials,137447750
Stillfront Group AB,Sweden,Consumer Discretionary,2183112
Stitch Fix Inc,United States,Consumer Discretionary,3183370
Stock Yards Bancorp Inc,United States,Financials,5761239
Stockland,Australia,Real Estate,122539507
Stoke Therapeutics Inc,United States,Health Care,3472244
StoneCo Ltd,United States,Industrials,36247029
StoneX Group Inc,United States,Financials,10551369
Stora Enso Oyj,Finland,Basic Materials,18369222
Strabag SE,Austria,Industrials,19715294
Strandline Resources Ltd,Australia,Basic Materials,160145
Strategic Education Inc,United States,Consumer Discretionary,15714645
Straumann Holding AG,Switzerland,Health Care,298229753
Strauss Group Ltd,Israel,Consumer Staples,3288198
Stride Inc,United States,Consumer Discretionary,45305685
Strides Pharma Science Ltd,India,Health Care,5195692
Strike Co Ltd,Japan,Industrials,4254112
Strix Group PLC,United Kingdom,Industrials,336476
Stroeer SE & Co KGaA,Germany,Consumer Discretionary,41315477
Stryker Corp,United States,Health Care,1683793988
Studio Dragon Corp,South Korea,Consumer Discretionary,7736859
Sturm Ruger & Co Inc,United States,Consumer Discretionary,3493283
Subaru Corp,Japan,Consumer Discretionary,368568289
Suedzucker AG,Germany,Consumer Staples,559631
Sugi Holdings Co Ltd,Japan,Consumer Staples,30665642
Suheung Co Ltd,South Korea,Health Care,4351267
Sulzer AG,Switzerland,Industrials,61341247
Sumber Alfaria Trijaya Tbk PT,Indonesia,Consumer Staples,6501634
Sumida Corp,Japan,Technology,364598
Sumiseki Holdings Inc,Japan,Energy,7387
Sumitomo Bakelite Co Ltd,Japan,Industrials,39669946
Sumitomo Chemical Co Ltd,Japan,Basic Materials,41130002
Sumitomo Chemical India Ltd,India,Basic Materials,7956264
Sumitomo Corp,Japan,Industrials,457901065
Sumitomo Densetsu Co Ltd,Japan,Industrials,3464832
Sumitomo Electric Industries Ltd,Japan,Consumer Discretionary,321359960
Sumitomo Heavy Industries Ltd,Japan,Industrials,29299132
Sumitomo Metal Mining Co Ltd,Japan,Basic Materials,116003022
Sumitomo Mitsui Construction Co Ltd,Japan,Industrials,5564594
Sumitomo Mitsui Financial Group Inc,Japan,Financials,1601352468
Sumitomo Mitsui Trust Group Inc,Japan,Financials,272380746
Sumitomo Osaka Cement Co Ltd,Japan,Industrials,7317830
Sumitomo Pharma Co Ltd,Japan,Health Care,11153629
Sumitomo Realty & Development Co Ltd,Japan,Real Estate,230214493
Sumitomo Riko Co Ltd,Japan,Consumer Discretionary,3196747
Sumitomo Rubber Industries Ltd,Japan,Consumer Discretionary,30669322
Sumitomo Seika Chemicals Co Ltd,Japan,Industrials,695772
Sumitomo Warehouse Co Ltd/The,Japan,Industrials,7132833
Summarecon Agung Tbk PT,Indonesia,Real Estate,15334170
Summerset Group Holdings Ltd,New Zealand,Health Care,36156320
Summit Materials Inc,United States,Industrials,71314679
Summit Real Estate Holdings Ltd,Israel,Real Estate,881654
Summit Therapeutics Inc,United States,Health Care,4461250
Sun Art Retail Group Ltd,China,Consumer Discretionary,2413451
Sun Communities Inc,United States,Real Estate,885669536
Sun Country Airlines Holdings Inc,United States,Consumer Discretionary,2510676
Sun Frontier Fudousan Co Ltd,Japan,Real Estate,5740427
Sun Hung Kai & Co Ltd,Hong Kong,Financials,350
Sun Hung Kai Properties Ltd,Hong Kong,Real Estate,308829825
Sun International Ltd/South Africa,South Africa,Consumer Discretionary,3538076
Sun Life Financial Inc,Canada,Financials,375344399
Sun Pharma Advanced Research Co Ltd,India,Health Care,1445321
Sun Pharmaceutical Industries Ltd,India,Health Care,533522594
Sun TV Network Ltd,India,Consumer Discretionary,7540187
SunCoke Energy Inc,United States,Energy,11840620
SunPower Corp,United States,Energy,11
Sunac China Holdings Ltd,China,Real Estate,3166
Sunac Services Holdings Ltd,China,Real Estate,1
Suncorp Group Ltd,Australia,Financials,314298973
Sundaram Finance Ltd,India,Financials,35251657
Sundram Fasteners Ltd,India,Consumer Discretionary,15889073
Sundrug Co Ltd,Japan,Consumer Staples,39827767
Sung Kwang Bend Co Ltd,South Korea,Basic Materials,9477052
Sungrow Power Supply Co Ltd,China,Energy,29173032
Sungwoo Hitech Co Ltd,South Korea,Consumer Discretionary,25531
Sunny Optical Technology Group Co Ltd,China,Technology,60969159
Sunonwealth Electric Machine Industry Co Ltd,Taiwan,Industrials,10821455
Sunplus Technology Co Ltd,Taiwan,Technology,1696831
Sunrex Technology Corp,Taiwan,Technology,2033821
Sunrise Communications AG/old,Switzerland,Telecommunications,114968670
Sunrisemezz PLC,Greece,Financials,1059961
Sunrun Inc,United States,Utilities,31021679
Sunshine 100 China Holdings Ltd,China,Real Estate,7131
Sunshine Holdings PLC,Sri Lanka,Consumer Discretionary,4781331
Sunstone Hotel Investors Inc,United States,Real Estate,8658509
Suntec Real Estate Investment Trust,Singapore,Real Estate,37470532
Suntory Beverage & Food Ltd,Japan,Consumer Staples,58824536
Sunway Bhd,Malaysia,Real Estate,27756323
Sunway Real Estate Investment Trust,Malaysia,Real Estate,11809011
Sunwoda Electronic Co Ltd,China,Consumer Staples,1747361
Suofeiya Home Collection Co Ltd,China,Consumer Discretionary,24699376
Supalai PCL,Thailand,Real Estate,6477469
Super Group Ltd/South Africa,South Africa,Industrials,12438335
Super Hi International Holding Ltd,Hong Kong,Consumer Discretionary,4382469
Super Micro Computer Inc,United States,Technology,8282026
Super Retail Group Ltd,Australia,Consumer Discretionary,16245695
Supercomnet Technologies Bhd,Malaysia,Industrials,3924428
Superior Plus Corp,Canada,Utilities,3229771
Superloop Ltd,Australia,Telecommunications,19777083
Supermarket Income Reit PLC,United Kingdom,Real Estate,17740319
Supermax Corp Bhd,Malaysia,Health Care,3610
Supernus Pharmaceuticals Inc,United States,Health Care,4539924
Supply Network Ltd,Australia,Industrials,6459602
Suprajit Engineering Ltd,India,Consumer Discretionary,2166979
Supreme Electronics Co Ltd,Taiwan,Technology,10961614
Supreme Industries Ltd,India,Industrials,136931216
Supreme Petrochem Ltd,India,Basic Materials,4820865
Surgery Partners Inc,United States,Health Care,15796398
Surgutneftegas PJSC,Russia,Energy,3291305
Surmodics Inc,United States,Health Care,1251360
Suruga Bank Ltd,Japan,Financials,391111
Surya Citra Media Tbk PT,Indonesia,Consumer Discretionary,11654684
Surya Semesta Internusa Tbk PT,Indonesia,Industrials,5454511
Suven Pharmaceuticals Ltd,India,Health Care,13107368
Suzano SA,Brazil,Basic Materials,177158248
Suzhou Maxwell Technologies Co Ltd,China,Industrials,10742530
Suzhou TFC Optical Communication Co Ltd,China,Telecommunications,41517735
Suzlon Energy Ltd,India,Energy,94322011
Suzuken Co Ltd/Aichi Japan,Japan,Consumer Staples,47581832
Suzuki Motor Corp,Japan,Consumer Discretionary,352600606
Suzumo Machinery Co Ltd,Japan,Industrials,1207212
Sveafastigheter AB,Sweden,Real Estate,475834
Svenska Cellulosa AB SCA,Sweden,Basic Materials,639924901
Svenska Handelsbanken AB,Sweden,Financials,27104477
Svitzer Group A/S,Denmark,Industrials,6674975
Swan Energy Ltd,India,Industrials,13303449
Swancor Holding Co Ltd,Taiwan,Industrials,765670
Swatch Group AG/The,Switzerland,Consumer Discretionary,124931790
Sweco AB,Sweden,Industrials,52296888
Swedbank AB,Sweden,Financials,591935046
Swedish Logistic Property AB,Sweden,Real Estate,35732260
Swedish Orphan Biovitrum AB,Sweden,Health Care,85646969
Swiggy Ltd,India,Consumer Discretionary,47453685
Swire Pacific Ltd,Hong Kong,Consumer Staples,90019189
Swire Properties Ltd,Hong Kong,Real Estate,35317915
Swiss Life Holding AG,Switzerland,Financials,53295432
Swiss Prime Site AG,Switzerland,Real Estate,195050006
Swiss Re AG,Switzerland,Financials,963818147
Swisscom AG,Switzerland,Telecommunications,266990029
Swissquote Group Holding SA,Switzerland,Financials,85439232
Syarikat Takaful Malaysia Keluarga Bhd,Malaysia,Financials,14796963
Sydbank AS,Denmark,Financials,60023178
Syensqo SA,Belgium,Basic Materials,182142343
Sylvamo Corp,United States,Basic Materials,6505480
Symphony Communication PCL,Thailand,Telecommunications,2133095
Symphony Ltd,India,Consumer Discretionary,1798370
Symrise AG,Germany,Basic Materials,803714162
Synaptics Inc,United States,Technology,43481336
Synchrony Financial,United States,Industrials,342905810
Syncmold Enterprise Corp,Taiwan,Technology,1749844
Syndax Pharmaceuticals Inc,United States,Health Care,5485401
Synektik SA,Poland,Health Care,5506767
Syngene International Ltd,India,Health Care,78284181
Synlab AG,Germany,Health Care,14655423
Synnex Technology International Corp,Taiwan,Technology,37131414
Synnex Thailand PCL,Thailand,Technology,3031851
Synopsys Inc,United States,Technology,568330351
Synovus Financial Corp,United States,Financials,77208528
Synsam AB,Sweden,Consumer Discretionary,12641935
Synthomer PLC,United Kingdom,Basic Materials,385557
Syrma SGS Technology Ltd,India,Technology,4727197
Sysco Corp,United States,Consumer Staples,442424474
Sysmex Corp,Japan,Health Care,160626159
Systemair AB,Sweden,Industrials,2916333
Systems Technology Inc/South Korea,South Korea,Technology,674779
Systena Corp,Japan,Technology,7750602
Systex Corp,Taiwan,Technology,10832486
Syuppin Co Ltd,Japan,Consumer Discretionary,1566251
T Hasegawa Co Ltd,Japan,Basic Materials,3331019
T Rowe Price Group Inc,United States,Financials,112612873
T&D Holdings Inc,Japan,Financials,216646875
T&L Co Ltd,South Korea,Health Care,6386159
T&R Biofab Co Ltd,South Korea,Health Care,987999
T-Gaia Corp,Japan,Consumer Discretionary,1996258
T-Mobile US Inc,United States,Telecommunications,1791789019
T3EX Global Holdings Corp,Taiwan,Industrials,1088032
TA Chen Stainless Pipe,Taiwan,Basic Materials,29675688
TA-I Technology Co Ltd,Taiwan,Technology,613580
TAB Gida Sanayi Ve Ticaret AS,Türkiye,Consumer Discretionary,12285460
TAC Consumer PCL,Thailand,Consumer Staples,2399463
TAG Immobilien AG,Germany,Real Estate,66263799
TAL Education Group,China,Consumer Discretionary,72628237
TAV Havalimanlari Holding AS,Türkiye,Industrials,54628752
TBC Bank Group PLC,United Kingdom,Financials,53794583
TBS Holdings Inc,Japan,Consumer Discretionary,9842569
TC Energy Corp,Canada,Energy,419048301
TCC Group Holdings Co Ltd,Taiwan,Industrials,79899614
TCC Steel,South Korea,Basic Materials,48112
TCI Co Ltd,Taiwan,Consumer Staples,8779351
TCL Electronics Holdings Ltd,China,Consumer Discretionary,13333148
TCL Technology Group Corp,China,Technology,26990919
TCL Zhonghuan Renewable Energy Technology Co Ltd,China,Energy,21178925
TD SYNNEX Corp,United States,Technology,121199498
TDK Corp,Japan,Industrials,514787571
TE Connectivity PLC,United States,Technology,499018485
TECOM Group PJSC,United Arab Emirates,Real Estate,31498625
TEGNA Inc,United States,Consumer Discretionary,12169636
TELUS Corp,Canada,Telecommunications,68814580
TES Co Ltd/Korea,South Korea,Technology,88274
TETRA Technologies Inc,United States,Energy,812302
TFF Group,France,Industrials,1362173
TFI International Inc,Canada,Industrials,155244517
TFS Financial Corp,United States,Financials,4688987
TG Therapeutics Inc,United States,Health Care,12084999
THG PLC,United Kingdom,Consumer Staples,8986991
THK Co Ltd,Japan,Industrials,33160415
TI Fluid Systems PLC,United Kingdom,Consumer Discretionary,4019189
TIM SA/Brazil,Brazil,Telecommunications,2721957
TIME dotCom Bhd,Malaysia,Telecommunications,6481540
TIS Inc,Japan,Technology,49074565
TJX Cos Inc/The,United States,Consumer Discretionary,1645981402
TK Corp,South Korea,Industrials,13485075
TKC Corp,Japan,Industrials,7303128
TKG Huchems Co Ltd,South Korea,Basic Materials,178011
TKH Group NV,Netherlands,Industrials,32169052
TKO Group Holdings Inc,United States,Consumer Discretionary,104613424
TLG Immobilien AG,Germany,Real Estate,487720
TMBThanachart Bank PCL,Thailand,Financials,498220
TMK CHEMICAL BHD,Malaysia,Basic Materials,3241082
TMX Group Ltd,Canada,Financials,107071207
TOA Paint Thailand PCL,Thailand,Industrials,240713
TOBISHIMA HOLDINGS Inc,Japan,Industrials,2003204
TOC Co Ltd,Japan,Real Estate,1870238
TOKAI Holdings Corp,Japan,Utilities,5730741
TOPPAN Holdings Inc,Japan,Industrials,99391210
TORM PLC,Denmark,Industrials,21284323
TOTO Ltd,Japan,Industrials,65483090
TOTVS SA,Brazil,Technology,1778550
TP ICAP Group PLC,United Kingdom,Financials,56268356
TPG Inc,United States,Financials,100674959
TPG Telecom Ltd,Australia,Telecommunications,16366180
TPI Polene Power PCL,Thailand,Utilities,749797
TPK Holding Co Ltd,Taiwan,Technology,1862541
TPR Co Ltd,Japan,Consumer Discretionary,816082
TQM Alpha PCL,Thailand,Financials,10510962
TRE Holdings Corp,Japan,Utilities,20803268
TRYT Inc,Japan,Industrials,832522
TS Tech Co Ltd,Japan,Consumer Discretionary,13586719
TSE Co Ltd,South Korea,Technology,5459040
TSEC Corp,Taiwan,Energy,1367144
TSRC Corp,Taiwan,Basic Materials,8063089
TT Vision Holdings Bhd,Malaysia,Technology,2159651
TTK Prestige Ltd,India,Consumer Discretionary,3776716
TTM Technologies Inc,United States,Technology,11682965
TTW PCL,Thailand,Utilities,807427
TTY Biopharm Co Ltd,Taiwan,Health Care,7891694
TUI AG,Germany,Consumer Discretionary,119482970
TV Asahi Holdings Corp,Japan,Consumer Discretionary,6946407
TVC Holdings PLC,Ireland,Financials,20279
TVS Holdings Ltd,India,Consumer Discretionary,6024526
TVS Motor Co Ltd,India,Consumer Discretionary,74194347
TVS Supply Chain Solutions Ltd/India,India,Industrials,5499719
TWFG Inc,United States,Financials,296635
TWL Holdings Bhd,Malaysia,Real Estate,768758
TX Group AG,Switzerland,Consumer Discretionary,2389429
TXC Corp,Taiwan,Technology,12694222
TYC Brother Industrial Co Ltd,Taiwan,Consumer Discretionary,1431922
Ta Win Holdings BHD,Malaysia,Industrials,336800
Ta Ya Electric Wire & Cable,Taiwan,Industrials,15634863
Taaleem Holdings PJSC,United Arab Emirates,Consumer Discretionary,53770023
Taaleem Management Services Co SAE,Egypt,Consumer Discretionary,4507930
Tabcorp Holdings Ltd,Australia,Consumer Discretionary,18492169
Tachi-S Co Ltd,Japan,Consumer Discretionary,596451
Tachibana Eletech Co Ltd,Japan,Industrials,685073
Tactile Systems Technology Inc,United States,Health Care,2533527
Tadano Ltd,Japan,Industrials,21109694
Tadiran Group Ltd,Israel,Consumer Discretionary,2457229
TaiMed Biologics Inc,Taiwan,Health Care,6526370
Taichung Commercial Bank Co Ltd,Taiwan,Financials,35040135
Taiflex Scientific Co Ltd,Taiwan,Technology,1315190
Taigen Biopharmaceuticals Holdings Ltd,Taiwan,Health Care,701483
Taihan Electric Wire Co Ltd,South Korea,Industrials,8272126
Taihei Dengyo Kaisha Ltd,Japan,Industrials,5386542
Taiheiyo Cement Corp,Japan,Industrials,44244420
Taiho Kogyo Co Ltd,Japan,Consumer Discretionary,157357
Taikisha Ltd,Japan,Industrials,8036396
Taisei Corp,Japan,Industrials,136955267
Taisei Lamick Co Ltd,Japan,Industrials,239374
Taishin Financial Holding Co Ltd,Taiwan,Financials,35711439
Taiwan Business Bank,Taiwan,Financials,35878803
Taiwan Cogeneration Corp,Taiwan,Energy,5560661
Taiwan Cooperative Financial Holding Co Ltd,Taiwan,Financials,87500198
Taiwan Fertilizer Co Ltd,Taiwan,Basic Materials,15189175
Taiwan Glass Industry Corp,Taiwan,Industrials,138282
Taiwan High Speed Rail Corp,Taiwan,Industrials,22072443
Taiwan Hon Chuan Enterprise Co Ltd,Taiwan,Industrials,23120120
Taiwan Land Development Corp,Taiwan,Real Estate,165216
Taiwan Mobile Co Ltd,Taiwan,Telecommunications,65410340
Taiwan PCB Techvest Co Ltd,Taiwan,Technology,1154830
Taiwan Paiho Ltd,Taiwan,Basic Materials,17361472
Taiwan Secom Co Ltd,Taiwan,Industrials,11397847
Taiwan Semiconductor Co Ltd,Taiwan,Technology,4712373
Taiwan Semiconductor Manufacturing Co Ltd,Taiwan,Technology,15368120434
Taiwan Styrene Monomer,Taiwan,Industrials,849468
Taiwan Surface Mounting Technology Corp,Taiwan,Technology,14879483
Taiwan TEA Corp,Taiwan,Consumer Staples,328461
Taiwan Union Technology Corp,Taiwan,Technology,33710138
Taiwan-Asia Semiconductor Corp,Taiwan,Technology,73
Taiyen Biotech Co Ltd,Taiwan,Consumer Staples,712733
Taiyo Holdings Co Ltd,Japan,Basic Materials,11392657
Taiyo Yuden Co Ltd,Japan,Technology,28227812
Taka-Q Co Ltd,Japan,Consumer Discretionary,297664
Takamatsu Construction Group Co Ltd,Japan,Industrials,2289752
Takaoka Toko Co Ltd,Japan,Industrials,285737
Takara Bio Inc,Japan,Health Care,2762610
Takara Holdings Inc,Japan,Consumer Staples,48431635
Takara Leben Real Estate Investment Corp,Japan,Real Estate,4745943
Takara Standard Co Ltd,Japan,Consumer Discretionary,4193069
Takasago International Corp,Japan,Basic Materials,6250668
Takasago Thermal Engineering Co Ltd,Japan,Industrials,55601542
Takashimaya Co Ltd,Japan,Consumer Discretionary,38287296
Take-Two Interactive Software Inc,United States,Consumer Discretionary,488989376
Takeda Pharmaceutical Co Ltd,Japan,Health Care,767181902
Takeuchi Manufacturing Co Ltd,Japan,Industrials,5405879
Taki Chemical Co Ltd,Japan,Basic Materials,463190
Takkt AG,Germany,Industrials,1664947
Takuma Co Ltd,Japan,Utilities,9071930
Talaat Moustafa Group,Egypt,Real Estate,22799743
Talabat Holding PLC,United Arab Emirates,Consumer Discretionary,108122938
Talanx AG,Germany,Financials,116251470
Talen Energy Corp,United States,Utilities,2818968
Taliworks Corp Bhd,Malaysia,Utilities,2402030
Tallink Grupp AS,Estonia,Consumer Discretionary,3972078
Tama Home Co Ltd,Japan,Consumer Discretionary,2364364
Tamburi Investment Partners SpA,Italy,Financials,18277245
Tamilnad Mercantile Bank Ltd,India,Financials,2877243
Tamron Co Ltd,Japan,Consumer Discretionary,1866129
Tamura Corp,Japan,Technology,1792263
Tanger Inc,United States,Real Estate,22239483
Tanla Platforms Ltd,India,Technology,6374484
Tanseisha Co Ltd,Japan,Industrials,7339448
Tapdi Oksijen Ozel Saglik Hizmetleri Sanayi VE Ticaret AS,Türkiye,Health Care,3130236
Tapestry Inc,United States,Consumer Discretionary,114198277
Tapex Co Ltd,South Korea,Industrials,862677
Targa Resources Corp,United States,Energy,497032001
Target Corp,United States,Consumer Discretionary,744961840
Tata Chemicals Ltd,India,Basic Materials,19585191
Tata Communications Ltd,India,Telecommunications,81654683
Tata Consultancy Services Ltd,India,Technology,432077694
Tata Consumer Products Ltd,India,Consumer Staples,78639363
Tata Elxsi Ltd,India,Technology,29888664
Tata Motors Ltd,India,Consumer Discretionary,241740438
Tata Steel Ltd,India,Basic Materials,202988699
Tata Technologies Ltd,India,Technology,19255127
Tata Teleservices Maharashtra Ltd,India,Telecommunications,37599
Tate & Lyle PLC,United Kingdom,Consumer Staples,91958951
Tatung Co Ltd,Taiwan,Industrials,13288307
Tayca Corp,Japan,Basic Materials,443076
Taylor Morrison Home Corp,United States,Consumer Discretionary,93810018
Taylor Wimpey PLC,United Kingdom,Consumer Discretionary,115454729
Taysha Gene Therapies Inc,United States,Health Care,2527738
Tbo Tek Ltd,India,Consumer Discretionary,44121863
Team17 Group PLC,United Kingdom,Consumer Discretionary,2729896
TeamLease Services Ltd,India,Industrials,4594152
TeamViewer SE,Germany,Technology,60632336
Tecan Group AG,Switzerland,Health Care,72000631
Tech Mahindra Ltd,India,Technology,217332831
TechMatrix Corp,Japan,Technology,19439001
TechTarget Inc,United States,Technology,1363695
TechWing Inc,South Korea,Technology,3900081
Technip Energies NV,France,Energy,23439014
TechnipFMC PLC,United States,Energy,96808496
Techno Electric & Engineering Co Ltd,India,Industrials,10405005
Techno Ryowa Ltd,Japan,Industrials,1640947
TechnoPro Holdings Inc,Japan,Technology,50762772
Technogym SpA,Italy,Consumer Discretionary,20585769
Technology One Ltd,Australia,Technology,79830582
Technoprobe SpA,Italy,Technology,13407655
Techtronic Industries Co Ltd,Hong Kong,Industrials,327948538
Teck Resources Ltd,Canada,Basic Materials,470880160
Tecnicas Reunidas SA,Spain,Energy,3401690
Teco Electric and Machinery Co Ltd,Taiwan,Industrials,24663731
Teejay Lanka PLC,Sri Lanka,Basic Materials,3647037
Teijin Ltd,Japan,Basic Materials,28348512
Teikoku Sen-I Co Ltd,Japan,Consumer Discretionary,636815
Tejas Networks Ltd,India,Telecommunications,48299501
Tel Aviv Stock Exchange Ltd,Israel,Financials,11430472
Teladoc Health Inc,United States,Health Care,1618020
Telcon RF Pharmaceutical Inc,South Korea,Telecommunications,34846
Tele2 AB,Sweden,Telecommunications,116459398
Telecom Egypt Co,Egypt,Telecommunications,2354271
Telecom Italia SpA/Milano,Italy,Telecommunications,95411988
Telecom Plus PLC,United Kingdom,Utilities,38984357
Teledyne Technologies Inc,United States,Industrials,301572181
Teleflex Inc,United States,Health Care,98765018
Telefonaktiebolaget LM Ericsson,Sweden,Telecommunications,331796501
Telefonica Brasil SA,Brazil,Telecommunications,4711242
Telefonica SA,Spain,Telecommunications,371184816
Telekom Austria AG,Austria,Telecommunications,16763306
Telekom Malaysia Bhd,Malaysia,Telecommunications,74030127
Telekom Slovenije DD,Slovenia,Telecommunications,6745142
Teleperformance SE,France,Industrials,327501394
Telephone and Data Systems Inc,United States,Telecommunications,23775864
Television Broadcasts Ltd,Hong Kong,Consumer Discretionary,516055
Television Francaise 1 SA,France,Consumer Discretionary,16966956
Telia Co AB,Sweden,Telecommunications,156883491
Telix Pharmaceuticals Ltd,Australia,Health Care,72787061
Telkom Indonesia Persero Tbk PT,Indonesia,Telecommunications,106975280
Telkom SA SOC Ltd,South Africa,Telecommunications,4360690
Telstra Group Ltd,Australia,Telecommunications,315785389
Temenos AG,Switzerland,Technology,120075055
Temple & Webster Group Ltd,Australia,Consumer Discretionary,10418211
Tempur Sealy International Inc,United States,Consumer Discretionary,146551700
Tempus AI Inc,United States,Health Care,34571388
Tenable Holdings Inc,United States,Technology,57043269
Tenaris SA,Italy,Energy,160415226
Tencent Holdings Ltd,China,Technology,6672234732
Tencent Music Entertainment Group,China,Consumer Discretionary,128830615
Tenet Healthcare Corp,United States,Health Care,190818988
Tenma Corp,Japan,Industrials,800258
Tennant Co,United States,Industrials,10417496
Teradata Corp,United States,Technology,36315044
Teradyne Inc,United States,Technology,266868930
Terex Corp,United States,Industrials,35000511
Terna - Rete Elettrica Nazionale,Italy,Utilities,62618141
Terna Energy SA,Greece,Utilities,2064787
Ternium SA,Mexico,Basic Materials,6212768
Terns Pharmaceuticals Inc,United States,Health Care,4705615
TerraSky Co Ltd,Japan,Technology,332787
Terreno Realty Corp,United States,Real Estate,58522578
Terumo Corp,Japan,Health Care,490154917
Terveystalo Oyj,Finland,Health Care,5816574
Tesco PLC,United Kingdom,Consumer Staples,704848598
Tesla Inc,United States,Consumer Discretionary,14211259233
Tess Holdings Co Ltd,Japan,Utilities,176005
Tessenderlo Group SA,Belgium,Basic Materials,4537407
Test Research Inc,Taiwan,Technology,12257635
Tetra Tech Inc,United States,Industrials,121390050
Teva Pharmaceutical Industries Ltd,Israel,Health Care,819497481
Texas Capital Bancshares Inc,United States,Financials,42050408
Texas Instruments Inc,United States,Technology,2581225158
Texas Roadhouse Inc,United States,Consumer Discretionary,160021743
Texmaco Rail & Engineering Ltd,India,Industrials,5135248
Text SA,Poland,Technology,7636152
Thai Airways International PCL,Thailand,Consumer Discretionary,2098125
Thai Beverage PCL,Singapore,Consumer Staples,56063449
Thai Credit Bank PCL,Thailand,Financials,6490328
Thai Life Insurance PCL,Thailand,Financials,65261459
Thai Oil PCL,Thailand,Energy,12973651
Thai Optical Group PCL,Thailand,Health Care,3148503
Thai Vegetable Oil PCL,Thailand,Consumer Staples,749225
Thaicom PCL,Thailand,Telecommunications,670740
Thales SA,France,Industrials,259402005
Thanachart Capital PCL,Thailand,Financials,22861022
The Campbell's Company,United States,Consumer Staples,44187295
Theme International Holdings Ltd,Hong Kong,Basic Materials,515
Thermax Ltd,India,Industrials,20335930
Thermo Fisher Scientific Inc,United States,Health Care,3108425233
Thermon Group Holdings Inc,United States,Industrials,230160
Thinking Electronic Industrial Co Ltd,Taiwan,Technology,2740304
Thomas Cook India Ltd,India,Consumer Discretionary,4109420
Thomson Reuters Corp,Canada,Financials,143778937
Thonburi Healthcare Group PCL,Thailand,Health Care,231706
Thong Guan Industries Bhd,Malaysia,Industrials,3050822
Thor Industries Inc,United States,Consumer Discretionary,60163210
Three Squirrels Inc,China,Consumer Staples,3012979
Thule Group AB,Sweden,Consumer Discretionary,61180787
Thunder Software Technology Co Ltd,China,Technology,7237
Thyssenkrupp Nucera AG & Co KGaa,Germany,Energy,49903386
Tian Di Science & Technology Co Ltd,China,Industrials,3604460
Tian Lun Gas Holdings Ltd,China,Utilities,395618
Tiangong International Co Ltd,China,Basic Materials,16622908
Tianjin Capital Environmental Protection Group Co Ltd,China,Utilities,872745
Tianli International Holdings Ltd,China,Consumer Discretionary,50702558
Tianneng Power International Ltd,China,Consumer Discretionary,2543724
Tianqi Lithium Corp,China,Basic Materials,7086251
Tidewater Inc,United States,Energy,32388320
Tien Phong Commercial Joint Stock Bank,Vietnam,Financials,2715230
TietoEVRY Oyj,Finland,Technology,58303143
Tiger Brands Ltd,South Africa,Consumer Staples,10866432
Tigerair Taiwan Co Ltd,Taiwan,Consumer Discretionary,19916662
Timee Inc,Japan,Industrials,9818
Timken Co/The,United States,Basic Materials,42748489
Timken India Ltd,India,Industrials,13077329
Tinexta Spa,Italy,Financials,7660745
Tingyi Cayman Islands Holding Corp,China,Consumer Staples,61594098
Tipco Asphalt PCL,Thailand,Industrials,12677379
Tisco Financial Group PCL,Thailand,Financials,3
Titagarh Rail System Ltd,India,Industrials,11322329
Titan Cement International SA,Greece,Industrials,16026434
Titan Co Ltd,India,Consumer Discretionary,176802682
Toa Corp/Hyogo,Japan,Consumer Discretionary,435483
Toa Corp/Tokyo,Japan,Industrials,7449360
Toagosei Co Ltd,Japan,Basic Materials,6635403
Toast Inc,United States,Technology,223852572
Tobu Railway Co Ltd,Japan,Industrials,75119598
Tocalo Co Ltd,Japan,Industrials,23514206
Toda Corp,Japan,Industrials,19206743
Toei Animation Co Ltd,Japan,Consumer Discretionary,22711182
Toei Co Ltd,Japan,Consumer Discretionary,3180567
Toenec Corp,Japan,Industrials,1741738
Tofas Turk Otomobil Fabrikasi AS,Türkiye,Consumer Discretionary,15546441
Toho Bank Ltd/The,Japan,Financials,932903
Toho Co Ltd/Tokyo,Japan,Consumer Discretionary,69055741
Toho Gas Co Ltd,Japan,Utilities,31163757
Toho Holdings Co Ltd,Japan,Consumer Staples,13393063
Toho Titanium Co Ltd,Japan,Basic Materials,1324877
Tohoku Electric Power Co Inc,Japan,Utilities,42360137
Tokai Carbon Co Ltd,Japan,Basic Materials,12563526
Tokai Carbon Korea Co Ltd,South Korea,Technology,20965273
Tokai Corp/Gifu,Japan,Industrials,2440766
Tokai Rika Co Ltd,Japan,Consumer Discretionary,4373545
Tokai Tokyo Financial Holdings Inc,Japan,Financials,8766876
Token Corp,Japan,Consumer Discretionary,4641857
Tokio Marine Holdings Inc,Japan,Financials,1461950922
Tokmanni Group Corp,Finland,Consumer Discretionary,5199509
Tokushu Tokai Paper Co Ltd,Japan,Basic Materials,333520
Tokuyama Corp,Japan,Basic Materials,11706214
Tokyo Cement Co Lanka PLC,Sri Lanka,Industrials,2958718
Tokyo Century Corp,Japan,Consumer Discretionary,43405436
Tokyo Electric Power Co Holdings Inc,Japan,Utilities,51764070
Tokyo Electron Device Ltd,Japan,Technology,2070231
Tokyo Electron Ltd,Japan,Technology,1204871247
Tokyo Energy & Systems Inc,Japan,Industrials,406729
Tokyo Gas Co Ltd,Japan,Utilities,103555539
Tokyo Individualized Educational Institute Inc,Japan,Consumer Discretionary,178697
Tokyo Keiki Inc,Japan,Industrials,847315
Tokyo Kiraboshi Financial Group Inc,Japan,Financials,6116423
Tokyo Metro Co Ltd,Japan,Industrials,6314431
Tokyo Ohka Kogyo Co Ltd,Japan,Basic Materials,52847258
Tokyo Seimitsu Co Ltd,Japan,Technology,31518631
Tokyo Steel Manufacturing Co Ltd,Japan,Basic Materials,5953184
Tokyo Tatemono Co Ltd,Japan,Real Estate,47876452
Tokyo Tekko Co Ltd,Japan,Basic Materials,3990328
Tokyotokeiba Co Ltd,Japan,Consumer Discretionary,7395266
Tokyu Construction Co Ltd,Japan,Industrials,5006041
Tokyu Corp,Japan,Consumer Discretionary,89171874
Tokyu Fudosan Holdings Corp,Japan,Real Estate,60553424
Tokyu REIT Inc,Japan,Real Estate,12965233
Toll Brothers Inc,United States,Consumer Discretionary,149924457
TomTom NV,Netherlands,Technology,1719724
Tomen Devices Corp,Japan,Technology,2773587
Tomoku Co Ltd,Japan,Industrials,580148
Tomy Co Ltd,Japan,Consumer Discretionary,26405316
Ton Yi Industrial Corp,Taiwan,Industrials,5800415
Tonami Holdings Co Ltd,Japan,Industrials,759735
Tong Hsing Electronic Industries Ltd,Taiwan,Technology,11065451
Tong Yang Industry Co Ltd,Taiwan,Consumer Discretionary,30293506
Tong-Tai Machine & Tool Co Ltd,Taiwan,Industrials,979365
Tongcheng Travel Holdings Ltd,China,Consumer Discretionary,30336184
Tongwei Co Ltd,China,Energy,17883
Tongyang Inc,South Korea,Industrials,98063
Tongyang Life Insurance Co Ltd,South Korea,Financials,222440
Tonies SE,Germany,Consumer Discretionary,10988726
Top Glove Corp Bhd,Malaysia,Health Care,8792912
TopBuild Corp,United States,Industrials,108537483
Topco Scientific Co Ltd,Taiwan,Technology,22486252
Topcon Corp,Japan,Industrials,30469263
Topgolf Callaway Brands Corp,United States,Consumer Discretionary,129171
Topkey Corp,Taiwan,Consumer Discretionary,2008541
Topre Corp,Japan,Consumer Discretionary,19129406
Topsports International Holdings Ltd,China,Consumer Discretionary,16103428
Toptec Co Ltd,South Korea,Technology,109659
Topy Industries Ltd,Japan,Consumer Discretionary,437989
Toray Industries Inc,Japan,Basic Materials,74281749
Toridoll Holdings Corp,Japan,Consumer Discretionary,15266480
Torii Pharmaceutical Co Ltd,Japan,Health Care,729031
Torishima Pump Manufacturing Co Ltd,Japan,Industrials,711530
Toro Co/The,United States,Industrials,12378974
Toromont Industries Ltd,Canada,Industrials,79336871
Toronto-Dominion Bank/The,Canada,Financials,973496507
Torrent Pharmaceuticals Ltd,India,Health Care,46031766
Torrent Power Ltd,India,Utilities,35185254
Tosei Corp,Japan,Real Estate,25486290
Tosei Reit Investment Corp,Japan,Real Estate,2192869
Toshiba TEC Corp,Japan,Technology,18169445
Tosho Co Ltd,Japan,Consumer Discretionary,359275
Tosoh Corp,Japan,Basic Materials,64265463
TotalEnergies SE,France,Energy,2446491946
Totech Corp,Japan,Industrials,5289663
Totetsu Kogyo Co Ltd,Japan,Industrials,7202749
Tovis Co Ltd,South Korea,Technology,5962704
Towa Corp,Japan,Technology,5297283
Towa Pharmaceutical Co Ltd,Japan,Health Care,10209310
Tower Semiconductor Ltd,Israel,Technology,21699940
Towne Bank/Portsmouth VA,United States,Financials,6385364
Towngas Smart Energy Co Ltd,China,Utilities,1717493
Toya SA,Poland,Industrials,2339615
Toyo Construction Co Ltd,Japan,Industrials,8847669
Toyo Corp/Chuo-ku,Japan,Industrials,547769
Toyo Denki Seizo KK,Japan,Industrials,976820
Toyo Kanetsu KK,Japan,Industrials,571981
Toyo Seikan Group Holdings Ltd,Japan,Industrials,50731916
Toyo Suisan Kaisha Ltd,Japan,Consumer Staples,92961167
Toyo Tanso Co Ltd,Japan,Technology,3020129
Toyo Tire Corp,Japan,Consumer Discretionary,27014589
Toyobo Co Ltd,Japan,Basic Materials,18246328
Toyoda Gosei Co Ltd,Japan,Consumer Discretionary,21981566
Toyota Boshoku Corp,Japan,Consumer Discretionary,12639235
Toyota Industries Corp,Japan,Consumer Discretionary,355788786
Toyota Motor Corp,Japan,Consumer Discretionary,3802076822
Toyota Tsusho Corp,Japan,Industrials,227955166
Track & Field Co SA,Brazil,Consumer Discretionary,4294543
Tracsis PLC,United Kingdom,Technology,2504800
Tractor Supply Co,United States,Consumer Discretionary,283621724
Trade Desk Inc/The,United States,Consumer Discretionary,529276845
Traders Holdings Co Ltd,Japan,Financials,1894009
Tradeweb Markets Inc,United States,Financials,211341145
Trainline PLC,United Kingdom,Consumer Discretionary,41946150
Trancom Co Ltd,Japan,Industrials,2850121
Trane Technologies PLC,United States,Industrials,1120599405
TransDigm Group Inc,United States,Industrials,959097780
TransMedics Group Inc,United States,Health Care,22861313
TransUnion,United States,Industrials,176318567
Transcend Information Inc,Taiwan,Technology,8152070
Transcom Inc/Taiwan,Taiwan,Technology,5180658
Transcontinental Inc,Canada,Industrials,2956519
Transcosmos Inc,Japan,Industrials,19615372
Transmissora Alianca de Energia Eletrica S/A,Brazil,Utilities,829413
Transurban Group,Australia,Industrials,431361012
Traton SE,Germany,Industrials,18879129
Travel + Leisure Co,United States,Consumer Discretionary,45803605
TravelSky Technology Ltd,China,Technology,30991878
Travelers Cos Inc/The,United States,Financials,549519232
Travere Therapeutics Inc,United States,Health Care,1236820
Travis Perkins PLC,United Kingdom,Industrials,2160714
Treace Medical Concepts Inc,United States,Health Care,489552
Treasury Wine Estates Ltd,Australia,Consumer Staples,112164389
TreeHouse Foods Inc,United States,Consumer Staples,26910
Trelleborg AB,Sweden,Industrials,132642896
Trend Micro Inc/Japan,Japan,Technology,33352590
Trent Ltd,India,Consumer Discretionary,167295039
Trex Co Inc,United States,Industrials,54084453
Tri Chemical Laboratories Inc,Japan,Basic Materials,4809035
Tri Pointe Homes Inc,United States,Consumer Discretionary,14814676
TriMas Corp,United States,Industrials,3602263
TriNet Group Inc,United States,Industrials,13659614
Trial Holdings Inc,Japan,Consumer Discretionary,6867
Trident Ltd/India,India,Basic Materials,4004000
Trifast PLC,United Kingdom,Industrials,3075412
Trigano SA,France,Consumer Discretionary,68737542
Trimble Inc,United States,Industrials,186859663
Trimegah Bangun Persada Tbk PT,Indonesia,Basic Materials,12200458
Trinity Industries Inc,United States,Industrials,2440784
Trip.com Group Ltd,China,Consumer Discretionary,861229016
TripAdvisor Inc,United States,Consumer Discretionary,7533
Triple Flag Precious Metals Corp,Canada,Basic Materials,15707955
Tripod Technology Corp,Taiwan,Technology,51952678
Triputra Agro Persada PT,Indonesia,Consumer Staples,5182002
Tritax Big Box REIT PLC,United Kingdom,Real Estate,69100995
Triumph Financial Inc,United States,Financials,6151122
Triumph Group Inc,United States,Industrials,15944970
Triveni Turbine Ltd,India,Industrials,13631600
Troax Group AB,Sweden,Basic Materials,3785510
True Corp PCL,Thailand,Telecommunications,35289349
Truist Financial Corp,United States,Financials,390702100
Truly International Holdings Ltd,Hong Kong,Technology,147
Trusco Nakayama Corp,Japan,Industrials,40941081
Trustmark Corp,United States,Financials,5704367
Trustpilot Group PLC,United Kingdom,Technology,3741506
Truworths International Ltd,South Africa,Consumer Discretionary,54968718
Tryg A/S,Denmark,Financials,173194166
Tsingtao Brewery Co Ltd,China,Consumer Staples,136171872
Tsogo Sun Limited,South Africa,Consumer Discretionary,7811117
Tsubaki Nakashima Co Ltd,Japan,Industrials,514767
Tsubakimoto Chain Co,Japan,Industrials,10331279
Tsuburaya Fields Holdings Inc,Japan,Consumer Discretionary,3319344
Tsugami Corp,Japan,Industrials,7169417
Tsukishima Holdings Co Ltd,Japan,Industrials,12804573
Tsumura & Co,Japan,Health Care,39114833
Tsuruha Holdings Inc,Japan,Consumer Staples,42380704
Tsurumi Manufacturing Co Ltd,Japan,Industrials,3200016
Tsutsumi Jewelry Co Ltd,Japan,Consumer Discretionary,363295
Tuas Ltd,Australia,Telecommunications,8155097
Tube Investments of India Ltd,India,Basic Materials,49953649
Tuhu Car Inc,China,Consumer Discretionary,8637414
Tung Ho Steel Enterprise Corp,Taiwan,Basic Materials,21149109
Tung Thih Electronic Co Ltd,Taiwan,Consumer Discretionary,902841
Turk Hava Yollari AO,Türkiye,Consumer Discretionary,82960055
Turk Traktor ve Ziraat Makineleri AS,Türkiye,Industrials,58217438
Turk Tuborg Bira ve Malt Sanayii AS,Türkiye,Consumer Staples,4
Turkcell Iletisim Hizmetleri AS,Türkiye,Telecommunications,77419719
Turkiye Garanti Bankasi AS,Türkiye,Financials,61958450
Turkiye Is Bankasi AS,Türkiye,Financials,68429287
Turkiye Petrol Rafinerileri AS,Türkiye,Energy,67596299
Turkiye Sise ve Cam Fabrikalari AS,Türkiye,Industrials,515632
Turpaz Industries Ltd,Israel,Consumer Staples,2650499
Tv Tokyo Holdings Corp,Japan,Consumer Discretionary,3746294
Twilio Inc,United States,Technology,218270910
Twist Bioscience Corp,United States,Health Care,7584369
Two Harbors Investment Corp,United States,Financials,3897677
Tyler Technologies Inc,United States,Technology,527871825
Tyntek Corp,Taiwan,Technology,1014223
Tyro Payments Ltd,Australia,Industrials,8037390
Tyson Foods Inc,United States,Consumer Staples,171791782
U-Haul Holding Co,United States,Consumer Discretionary,90312480
U-Ming Marine Transport Corp,Taiwan,Industrials,9796834
U-Next Holdings Co Ltd,Japan,Consumer Discretionary,7191629
UACJ Corp,Japan,Basic Materials,9013825
UBCare Co Ltd,South Korea,Health Care,341665
UBE Corp,Japan,Basic Materials,25523246
UBS Group AG,Switzerland,Financials,5582607488
UCB SA,Belgium,Health Care,572167530
UDR Inc,United States,Real Estate,1270575538
UEM Sunrise Bhd,Malaysia,Real Estate,26404146
UFP Industries Inc,United States,Basic Materials,83149443
UGI Corp,United States,Utilities,103114592
UL Solutions Inc,United States,Industrials,173201865
ULS Group Inc,Japan,Technology,454410
UMB Financial Corp,United States,Financials,15835274
UMS Integration Ltd,Singapore,Technology,8101680
UNIQA Insurance Group AG,Austria,Financials,1688751
UNITE Group PLC/The,United Kingdom,Real Estate,438822969
UNO Minda Ltd,India,Consumer Discretionary,22947399
UOA Development Bhd,Malaysia,Real Estate,340
UOB-Kay Hian Holdings Ltd,Singapore,Financials,5766883
UOL Group Ltd,Singapore,Real Estate,32935718
UPC Technology Corp,Taiwan,Basic Materials,2067784
UPI Semiconductor Corp,Taiwan,Technology,5202153
UPL Ltd,India,Basic Materials,34282003
UPM-Kymmene Oyj,Finland,Basic Materials,319062616
US Bancorp,United States,Financials,762111932
US Foods Holding Corp,United States,Consumer Staples,211299764
USANA Health Sciences Inc,United States,Consumer Staples,952844
USI Corp,Taiwan,Industrials,1549483
USS Co Ltd,Japan,Consumer Discretionary,58212822
UT Group Co Ltd,Japan,Industrials,5427806
UTI Asset Management Co Ltd,India,Financials,17841819
UTI Inc/Korea,South Korea,Technology,6715345
UUE Holdings Bhd,Malaysia,Industrials,1959951
UWC BHD,Malaysia,Basic Materials,10213340
Uber Technologies Inc,United States,Consumer Discretionary,1485381448
Ubicom Holdings Inc,Japan,Technology,295526
Ubiquiti Inc,United States,Telecommunications,16166319
Ubisoft Entertainment SA,France,Consumer Discretionary,5848072
Uchi Technologies Bhd,Malaysia,Industrials,6059135
Uchida Yoko Co Ltd,Japan,Technology,4066885
Ufaorgsintez OAO,Russia,Basic Materials,15
UiPath Inc,United States,Technology,63762753
Ujjivan Small Finance Bank Ltd,India,Financials,1528689
Ulta Beauty Inc,United States,Consumer Discretionary,235161867
Ultra Chip Inc,Taiwan,Technology,700843
UltraTech Cement Ltd,India,Industrials,202241535
Ultragenyx Pharmaceutical Inc,United States,Health Care,40462674
Ultrajaya Milk Industry & Trading Co Tbk PT,Indonesia,Consumer Staples,7982041
Ultrapar Participacoes SA,Brazil,Energy,45878033
Ulvac Inc,Japan,Technology,54212070
Umedic Group Bhd,Malaysia,Health Care,649950
Umicore SA,Belgium,Basic Materials,204716462
Under Armour Inc,United States,Consumer Discretionary,29814156
Uni-Charm Indonesia Tbk PT,Indonesia,Consumer Staples,3181198
Uni-President China Holdings Ltd,China,Consumer Staples,11589910
Uni-President Enterprises Corp,Taiwan,Consumer Staples,159370899
UniCredit SpA,Italy,Financials,1721309465
UniFirst Corp/MA,United States,Industrials,31132905
UniTest Inc,South Korea,Technology,1491323
Unibail-Rodamco-Westfield,France,Real Estate,174176951
Unicaja Banco SA,Spain,Financials,197600560
Unicharm Corp,Japan,Consumer Staples,170348149
Unid Co Ltd,South Korea,Basic Materials,3348885
Unidata SpA,Italy,Telecommunications,1460995
Unifique Telecomunicacoes S/A,Brazil,Telecommunications,2044430
Unilever Indonesia Tbk PT,Indonesia,Consumer Staples,8162295
Unilever PLC,United Kingdom,Consumer Staples,2941429504
Unimicron Technology Corp,Taiwan,Technology,77833717
Union Bank of India Ltd,India,Financials,29896750
Union Bank of the Philippines,Philippines,Financials,3792591
Union Pacific Corp,United States,Industrials,1898609731
Union Tool Co,Japan,Industrials,2334958
Uniper SE,Germany,Utilities,334255
Unipol Gruppo SpA,Italy,Financials,186409439
Unipres Corp,Japan,Consumer Discretionary,497073
Unipro PJSC,Russia,Utilities,0
Unique Engineering & Construction PCL,Thailand,Industrials,282786
Unisem M Bhd,Malaysia,Technology,43647864
Unisplendour Corp Ltd,China,Technology,7012940
Unitech Printed Circuit Board Corp,Taiwan,Technology,2635764
United Airlines Holdings Inc,United States,Consumer Discretionary,168815730
United Arrows Ltd,Japan,Consumer Discretionary,7826001
United Bankshares Inc/WV,United States,Financials,54712453
United Breweries Ltd,India,Consumer Staples,12465223
United Community Banks Inc/GA,United States,Financials,42837115
United Integrated Services Co Ltd,Taiwan,Industrials,44694292
United Internet AG,Germany,Telecommunications,28488050
United Laboratories International Holdings Ltd/The,Hong Kong,Health Care,18089996
United Microelectronics Corp,Taiwan,Technology,171517208
United Natural Foods Inc,United States,Consumer Staples,1078745
United Overseas Bank Ltd,Singapore,Financials,684685428
United Paper PCL,Thailand,Industrials,2618440
United Parcel Service Inc,United States,Industrials,1056381439
United Parks & Resorts Inc,United States,Consumer Discretionary,11356111
United Plantations BHD,Malaysia,Consumer Staples,15171266
United Renewable Energy Co Ltd/Taiwan,Taiwan,Energy,29899
United Rentals Inc,United States,Industrials,717036092
United Spirits Ltd,India,Consumer Staples,57872009
United States Lime & Minerals Inc,United States,Industrials,2495512
United States Steel Corp,United States,Basic Materials,130731386
United Super Markets Holdings Inc,Japan,Consumer Staples,60882
United Therapeutics Corp,United States,Health Care,151764246
United U-Li Corp BHD,Malaysia,Basic Materials,1631040
United Urban Investment Corp,Japan,Real Estate,51030592
United Utilities Group PLC,United Kingdom,Utilities,197393553
UnitedHealth Group Inc,United States,Health Care,6354521253
Unity Software Inc,United States,Technology,269319578
Universal Display Corp,United States,Technology,95924305
Universal Entertainment Corp,Japan,Consumer Discretionary,1442991
Universal Health Services Inc,United States,Health Care,65952818
Universal Music Group NV,Netherlands,Consumer Discretionary,418668956
Universal Robina Corp,Philippines,Consumer Staples,10092989
Universal Technical Institute Inc,United States,Consumer Discretionary,5267979
Universal Vision Biotechnology Co Ltd,Taiwan,Health Care,4983709
Unum Group,United States,Financials,1003917557
Upbound Group Inc,United States,Consumer Discretionary,4328361
Upstart Holdings Inc,United States,Financials,25158241
Upstream Bio Inc,United States,Health Care,16440000
Upwork Inc,United States,Industrials,5951433
Uranium Energy Corp,United States,Basic Materials,100773163
Urban Edge Properties,United States,Real Estate,6697078
Urban Outfitters Inc,United States,Consumer Discretionary,31605118
Urteste SA,Poland,Health Care,921900
User Local inc,Japan,Technology,705615
Usha Martin Ltd,India,Basic Materials,8458349
Ushio Inc,Japan,Industrials,20150035
Uzma Bhd,Malaysia,Energy,2142706
V-Guard Industries Ltd,India,Industrials,8319776
V-Mart Retail Ltd,India,Consumer Discretionary,1263154
VA Tech Wabag Ltd,India,Utilities,26452559
VAT Group AG,Switzerland,Industrials,200023847
VBG Group AB,Sweden,Consumer Discretionary,189105
VF Corp,United States,Consumer Discretionary,145402552
VGI PCL,Thailand,Consumer Discretionary,194719
VGP NV,Belgium,Real Estate,23575780
VICI Properties Inc,United States,Real Estate,413582667
VIDENDUM PLC,United Kingdom,Consumer Discretionary,145576
VIGO PHOTONICS SA,Poland,Technology,2301518
VIP Industries Ltd,India,Consumer Discretionary,7654347
VK IPJSC,Russia,Technology,424084
VNV Global AB,Sweden,Financials,88172
VP Bank AG,Switzerland,Financials,1023260
VS Industry Bhd,Malaysia,Industrials,13687316
VS International Group Ltd,China,Industrials,147048
VSTECS Bhd,Malaysia,Technology,2887857
VSTECS Holdings Ltd,Hong Kong,Technology,4323097
VT Co Ltd,South Korea,Consumer Discretionary,4313715
VT Holdings Co Ltd,Japan,Consumer Discretionary,4195102
VTB Bank PJSC,Russia,Financials,1538504
VTEX,United States,Technology,1179914
VTech Holdings Ltd,Hong Kong,Telecommunications,16863075
VZ Holding AG,Switzerland,Financials,50010624
Vaibhav Global Ltd,India,Consumer Discretionary,1723427
Vail Resorts Inc,United States,Consumer Discretionary,80668733
Vaisala Oyj,Finland,Industrials,1503546
Valamar Riviera DD,Croatia,Consumer Discretionary,6694200
Valaris Ltd,United States,Energy,31948889
Vale Indonesia Tbk PT,Indonesia,Basic Materials,22019055
Valeo SE,France,Consumer Discretionary,92716753
Valero Energy Corp,United States,Energy,661332105
Valiant Holding AG,Switzerland,Financials,44027480
Valid Solucoes e Servicos de Seguranca em Meios de Pagamento e Identificacao SA,Brazil,Industrials,9555587
Valley National Bancorp,United States,Financials,31489996
Vallourec SACA,France,Energy,98460910
Valmet Oyj,Finland,Industrials,3333858
Valmont Industries Inc,United States,Industrials,67821604
Valneva SE,France,Health Care,1424752
Valor Holdings Co Ltd,Japan,Consumer Staples,5032283
Valqua Ltd,Japan,Basic Materials,709513
Value Added Technology Co Ltd,South Korea,Health Care,7671714
Value Partners Group Ltd,Hong Kong,Financials,131571
ValueCommerce Co Ltd,Japan,Consumer Discretionary,5984011
Valvoline Inc,United States,Consumer Discretionary,54114137
Van de Velde NV,Belgium,Consumer Discretionary,608
Vanda Pharmaceuticals Inc,United States,Health Care,550850
Vanguard International Semiconductor Corp,Taiwan,Technology,34707310
Vanquis Banking Group PLC,United Kingdom,Financials,6982172
Vantiva SA,France,Consumer Discretionary,3356
Vardhman Textiles Ltd,India,Basic Materials,6424494
Varonis Systems Inc,United States,Technology,56561300
Varroc Engineering Ltd,India,Consumer Discretionary,22013286
Varun Beverages Ltd,India,Consumer Staples,532685757
Vastned Retail NV,Netherlands,Real Estate,2028144
Vatti Corp Ltd,China,Consumer Discretionary,54
Vault Minerals Ltd,Australia,Basic Materials,32281022
Vaxcyte Inc,United States,Health Care,110941092
Vector Inc,Japan,Consumer Discretionary,10608
Vector Ltd,New Zealand,Utilities,5893188
Vedant Fashions Ltd,India,Consumer Discretionary,110402006
Veem Ltd,Australia,Industrials,3051438
Veeva Systems Inc,United States,Health Care,288267678
Ventas Inc,United States,Real Estate,335129799
Ventia Services Group Pty Ltd,Australia,Industrials,23389128
Ventive Hospitality Ltd,India,Consumer Discretionary,3922847
Venture Corp Ltd,Singapore,Technology,44598791
Venus MedTech Hangzhou Inc,China,Health Care,268665
Venustech Group Inc,China,Technology,14494516
Veolia Environnement SA,France,Utilities,381250799
Vera Therapeutics Inc,United States,Health Care,20159685
Veracyte Inc,United States,Health Care,8933839
Verallia SA,France,Industrials,38959271
Veralto Corp,United States,Industrials,283832830
Verbio SE,Germany,Energy,7138006
Verbund AG,Austria,Utilities,40398500
VeriSign Inc,United States,Technology,219144563
Veris Residential Inc,United States,Real Estate,4827606
Verisk Analytics Inc,United States,Industrials,518666915
Verizon Communications Inc,United States,Telecommunications,2254458524
Verona Pharma PLC,United Kingdom,Health Care,27453470
Verra Mobility Corp,United States,Industrials,46155920
Vertex Inc,United States,Technology,36918
Vertex Pharmaceuticals Inc,United States,Health Care,1353165426
Vertiv Holdings Co,United States,Technology,383396145
Vertu Motors PLC,United Kingdom,Consumer Discretionary,6809549
Verve Therapeutics Inc,United States,Health Care,440969
Vestas Wind Systems A/S,Denmark,Energy,192950268
Vestis Corp,United States,Industrials,59055
Vesuvius India Ltd,India,Industrials,5255355
Vesuvius PLC,United Kingdom,Industrials,3985206
Vesync Co Ltd,United States,Consumer Discretionary,7207739
Vetropack Holding AG,Switzerland,Industrials,2335533
ViTrox Corp Bhd,Malaysia,Technology,16409564
Via Technologies Inc,Taiwan,Technology,9178026
Viasat Inc,United States,Telecommunications,141777
Viatris Inc,United States,Health Care,139885175
Viavi Solutions Inc,United States,Telecommunications,10
Vibra Energia SA,Brazil,Energy,97885784
Vicat SACA,France,Industrials,3737422
Vicinity Ltd,Australia,Real Estate,84551513
Vicor Corp,United States,Industrials,2662722
Victoria PLC,United Kingdom,Consumer Discretionary,1747060
Victoria's Secret & Co,United States,Consumer Discretionary,189579
Victrex PLC,United Kingdom,Basic Materials,71905097
Vidente Co Ltd,South Korea,Technology,246126
Vidrala SA,Spain,Industrials,52930902
Vienna Insurance Group AG Wiener Versicherung Gruppe,Austria,Financials,8121098
Viet Dragon Securities Corp,Vietnam,Financials,4034858
Vietcap Securities JSC,Vietnam,Financials,6371891
Vietnam Construction and Import-Export JSC,Vietnam,Industrials,1801717
Vietnam Dairy Products JSC,Vietnam,Consumer Staples,6943550
Vietnam Joint Stock Commercial Bank for Industry and Trade,Vietnam,Financials,36974464
Vietnam Prosperity JSC Bank,Vietnam,Financials,38522644
Vietnam Technological & Commercial Joint Stock Bank,Vietnam,Financials,38650157
Vieworks Co Ltd,South Korea,Health Care,4138861
Viglacera Corp JSC,Vietnam,Industrials,3342380
Viking Holdings Ltd,United States,Consumer Discretionary,244083324
Viking Therapeutics Inc,United States,Health Care,51464063
Vimeo Inc,United States,Technology,3640320
Vina Concha y Toro SA,Chile,Consumer Staples,10350292
Vinati Organics Ltd,India,Basic Materials,5251048
Vinci SA,France,Industrials,984895648
Vincom Retail JSC,Vietnam,Consumer Discretionary,1170255
Vinh Hoan Corp,Vietnam,Consumer Staples,3007015
Vinhomes JSC,Vietnam,Real Estate,14554495
Viohalco SA,Greece,Basic Materials,1126624
Vipshop Holdings Ltd,China,Consumer Discretionary,172155477
Virbac SACA,France,Health Care,31351857
Viridian Therapeutics Inc,United States,Health Care,32416
Viridien,France,Energy,2422353
Virtu Financial Inc,United States,Financials,12018380
Virtus Investment Partners Inc,United States,Financials,9503028
VisEra Technologies Co Ltd,Taiwan,Technology,25418262
Visa Inc,United States,Industrials,5122782747
Viscofan SA,Spain,Consumer Staples,66874957
Vishal Mega Mart Ltd,India,Consumer Discretionary,9880004
Vishay Intertechnology Inc,United States,Technology,143719062
Vision Inc/Tokyo Japan,Japan,Telecommunications,7406668
Visional Inc,Japan,Industrials,6829396
Vista Group International Ltd,New Zealand,Technology,1439489
Vista Land & Lifescapes Inc,Philippines,Real Estate,716013
Visteon Corp,United States,Consumer Discretionary,29468348
Vistra Corp,United States,Utilities,399309434
Vistry Group PLC,United Kingdom,Consumer Discretionary,37455595
Visual Photonics Epitaxy Co Ltd,Taiwan,Technology,9806667
Vital Healthcare Property Trust,New Zealand,Real Estate,8693
Vital KSK Holdings Inc,Japan,Consumer Staples,753020
Vitasoy International Holdings Ltd,Hong Kong,Consumer Staples,2621
Vitec Software Group AB,Sweden,Technology,39452869
Vitrolife AB,Sweden,Health Care,30435267
Vitru Brasil Empreendimentos Participacoes e Comercio SA,Brazil,Consumer Discretionary,1936692
Vitzrocell Co Ltd,South Korea,Industrials,5093682
Viva Biotech Holdings,China,Health Care,169942
Viva Energy Group Ltd,Australia,Energy,27270460
Viva Leisure Ltd,Australia,Consumer Discretionary,2719769
Vivendi SE,France,Consumer Discretionary,35975700
Vnet Group Inc,China,Technology,33302823
Vodafone Group PLC,United Kingdom,Telecommunications,364228690
Vodafone Idea Ltd,India,Telecommunications,25417868
Vodafone Qatar QSC,Qatar,Telecommunications,10276186
Volati AB,Sweden,Industrials,1464044
Volcano Bhd,Malaysia,Industrials,980588
Volkswagen AG,Germany,Consumer Discretionary,314251312
Voltamp Transformers Ltd,India,Industrials,8437053
Voltas Ltd,India,Industrials,53132068
Voltronic Power Technology Corp,Taiwan,Industrials,49174646
Volution Group PLC,United Kingdom,Industrials,50697794
Volvo AB,Sweden,Industrials,405948980
Volvo Car AB,Sweden,Consumer Discretionary,22134003
Vonovia SE,Germany,Real Estate,3676107989
Vontier Corp,United States,Industrials,64869481
Vontobel Holding AG,Switzerland,Financials,45506721
Vornado Realty Trust,United States,Real Estate,729073361
Vossloh AG,Germany,Industrials,10642127
Voxel SA,Poland,Health Care,5923885
Voya Financial Inc,United States,Financials,96507920
Vukile Property Fund Ltd,South Africa,Real Estate,973552
Vulcan Energy Resources Ltd,Australia,Basic Materials,20305
Vulcan Materials Co,United States,Industrials,373213206
Vulcan Steel Ltd,Australia,Basic Materials,5498417
VusionGroup,France,Industrials,28350166
W R Berkley Corp,United States,Financials,269034464
W-Scope Chungju Plant Co Ltd,South Korea,Industrials,5988167
W-Scope Corp,Japan,Industrials,754966
WA1 Resources Ltd,Australia,Basic Materials,1826628
WAAREE Energies Ltd,India,Energy,123968
WAG Payment Solutions PLC,United Kingdom,Industrials,4781559
WATAMI Co Ltd,Japan,Consumer Discretionary,381766
WCT Holdings Bhd,Malaysia,Industrials,7331477
WD-40 Co,United States,Consumer Staples,54570724
WDB Holdings Co Ltd,Japan,Industrials,350039
WEB Travel Group Ltd,Australia,Consumer Discretionary,10650333
WEG SA,Brazil,Industrials,20913136
WESCO International Inc,United States,Industrials,96216251
WEX Inc,United States,Industrials,80535171
WH Group Ltd,Hong Kong,Consumer Staples,64515298
WH Smith PLC,United Kingdom,Consumer Discretionary,41916226
WHA Corp PCL,Thailand,Real Estate,40393973
WHA Utilities and Power PCL,Thailand,Utilities,11472830
WK Kellogg Co,United States,Consumer Staples,18
WONIK IPS Co Ltd,South Korea,Technology,12503437
WP Carey Inc,United States,Real Estate,136950625
WPG Holdings Ltd,Taiwan,Technology,28871508
WPP PLC,United Kingdom,Consumer Discretionary,121243097
WSFS Financial Corp,United States,Financials,32775206
WSP Global Inc,Canada,Industrials,272076403
WT Microelectronics Co Ltd,Taiwan,Technology,32645250
WUS Printed Circuit Co Ltd,Taiwan,Technology,921130
WUS Printed Circuit Kunshan Co Ltd,China,Technology,172399
WW Grainger Inc,United States,Industrials,526426300
WaFd Inc,United States,Financials,6538917
WaVe Life Sciences Ltd,United States,Health Care,1237000
Wabash National Corp,United States,Industrials,4340862
Wacker Chemie AG,Germany,Basic Materials,97280630
Wacker Neuson SE,Germany,Industrials,2162883
Wacoal Holdings Corp,Japan,Consumer Discretionary,39533261
Wacom Co Ltd,Japan,Technology,4630368
Wafer Works Corp,Taiwan,Technology,7938272
Waffer Technology Corp,Taiwan,Basic Materials,95284
Wah Lee Industrial Corp,Taiwan,Technology,11923307
Wakita & Co Ltd,Japan,Industrials,3500717
Wal-Mart de Mexico SAB de CV,Mexico,Consumer Discretionary,130837304
Walgreens Boots Alliance Inc,United States,Consumer Staples,56870287
Walker & Dunlop Inc,United States,Financials,40225692
Wallenstam AB,Sweden,Real Estate,21850063
Walmart Inc,United States,Consumer Discretionary,5656241494
Walsin Lihwa Corp,Taiwan,Industrials,9410935
Walsin Technology Corp,Taiwan,Technology,11368256
Walt Disney Co/The,United States,Consumer Discretionary,2373543726
Walton Hi-Tech Industries Ltd,Bangladesh,Consumer Discretionary,1156999
Wan Hai Lines Ltd,Taiwan,Industrials,3552393
Wanhua Chemical Group Co Ltd,China,Basic Materials,152413182
Want Want China Holdings Ltd,China,Consumer Staples,29756022
Warabeya Nichiyo Holdings Co Ltd,Japan,Consumer Staples,1020928
Warehouses De Pauw CVA,Belgium,Real Estate,207199242
Warner Bros Discovery Inc,United States,Consumer Discretionary,356928045
Warner Music Group Corp,United States,Consumer Discretionary,27088420
Warsaw Stock Exchange,Poland,Financials,1234
Wartsila OYJ Abp,Finland,Industrials,560384
Waste Connections Inc,Canada,Utilities,678930675
Waste Management Inc,United States,Utilities,992999509
Watches of Switzerland Group PLC,United Kingdom,Consumer Discretionary,26952599
Waters Corp,United States,Health Care,280049092
Watsco Inc,United States,Industrials,118311851
Watts Water Technologies Inc,United States,Industrials,60887130
Wawel SA,Poland,Consumer Staples,462438
Wayfair Inc,United States,Consumer Discretionary,31471543
Waypoint REIT Ltd,Australia,Real Estate,6985725
Waystar Holding Corp,United States,Health Care,118790560
We Buy Cars Holdings Ltd,South Africa,Consumer Discretionary,20458521
Weatherford International PLC,United States,Energy,65677547
Weathernews Inc,Japan,Industrials,1588286
Weave Communications Inc,United States,Technology,5218576
Webjet Group Ltd,Australia,Consumer Discretionary,2357107
Webster Financial Corp,United States,Financials,120496777
Webtoon Entertainment Inc,United States,Consumer Discretionary,11861763
Webuild SpA,Italy,Industrials,20038993
Wei Chuan Foods Corp,Taiwan,Consumer Staples,898699
Weibo Corp,China,Technology,11274272
Weifu High-Technology Group Co Ltd,China,Consumer Discretionary,3180230
Weimob Inc,China,Technology,421
Weir Group PLC/The,United Kingdom,Industrials,125175132
Weis Markets Inc,United States,Consumer Staples,3417558
Welcia Holdings Co Ltd,Japan,Consumer Staples,17852671
Well Chip Group Bhd,Malaysia,Financials,2088738
Wellneo Sugar Co Ltd,Japan,Consumer Staples,221974
Wells Fargo & Co,United States,Financials,3317308066
Welltower Inc,United States,Real Estate,3927936554
Welspun Corp Ltd,India,Basic Materials,12419663
Welspun Living Ltd,India,Basic Materials,8446338
Weltrend Semiconductor,Taiwan,Technology,1127207
Wemade Co Ltd,South Korea,Consumer Discretionary,568455
Wendel SE,France,Financials,54822111
Wendy's Co/The,United States,Consumer Discretionary,4318049
Wereldhave NV,Netherlands,Real Estate,2588322
Werner Enterprises Inc,United States,Industrials,538980
WesBanco Inc,United States,Financials,1771087
Wesfarmers Ltd,Australia,Consumer Discretionary,827240425
West African Resources Ltd,Australia,Basic Materials,14193305
West Fraser Timber Co Ltd,Canada,Basic Materials,81667977
West Holdings Corp,Japan,Utilities,2252787
West Japan Railway Co,Japan,Industrials,94791353
West Pharmaceutical Services Inc,United States,Health Care,285518984
Westamerica BanCorp,United States,Financials,3564447
Western Alliance Bancorp,United States,Financials,109298222
Western Digital Corp,United States,Technology,348755298
Western Mining Co Ltd,China,Basic Materials,3931311
Western Superconducting Technologies Co Ltd,China,Basic Materials,4724402
Western Union Co/The,United States,Industrials,22983641
Westgold Resources Ltd,Australia,Basic Materials,38453434
Westinghouse Air Brake Technologies Corp,United States,Industrials,354437936
Westlake Corp,United States,Basic Materials,45838102
Westlife Foodworld Ltd,India,Consumer Discretionary,3972351
Westpac Banking Corp,Australia,Financials,615299616
Westports Holdings Bhd,Malaysia,Industrials,7072591
Westshore Terminals Investment Corp,Canada,Industrials,1435030
Weyerhaeuser Co,United States,Real Estate,634259023
Wharf Holdings Ltd/The,Hong Kong,Real Estate,13995403
Wharf Real Estate Investment Co Ltd,Hong Kong,Real Estate,63766509
Wheaton Precious Metals Corp,Canada,Basic Materials,467504947
Whirlpool Corp,United States,Consumer Discretionary,73467654
Whirlpool of India Ltd,India,Consumer Discretionary,12056699
Whitbread PLC,United Kingdom,Consumer Discretionary,238407827
White Mountains Insurance Group Ltd,United States,Financials,59660825
Wickes Group PLC,United Kingdom,Consumer Discretionary,1368929
Widodo Makmur Perkasa Tbk PT,Indonesia,Consumer Staples,229786
Wienerberger AG,Austria,Industrials,71151737
Wihlborgs Fastigheter AB,Sweden,Real Estate,49866580
Wilcon Depot Inc,Philippines,Consumer Discretionary,5017398
Will Semiconductor Co Ltd Shanghai,China,Technology,37132997
WillScot Holdings Corp,United States,Industrials,97733842
Willfar Information Technology Co Ltd,China,Telecommunications,8387005
Williams Cos Inc/The,United States,Energy,561523305
Williams-Sonoma Inc,United States,Consumer Discretionary,290120950
Willis Towers Watson PLC,United States,Financials,477564451
Wilmington PLC,United Kingdom,Consumer Discretionary,7521209
Win Semiconductors Corp,Taiwan,Technology,17043989
WinWay Technology Co Ltd,Taiwan,Technology,53714713
Winbond Electronics Corp,Taiwan,Technology,15417415
WingArc1st Inc,Japan,Technology,16182641
Wingstop Inc,United States,Consumer Discretionary,106123406
Wingtech Technology Co Ltd,China,Telecommunications,4042512
Winnebago Industries Inc,United States,Consumer Discretionary,2890212
Winning Health Technology Group Co Ltd,China,Health Care,299739
Winpak Ltd,Canada,Industrials,4374454
Wintrust Financial Corp,United States,Financials,94906305
Wipro Ltd,India,Technology,213112693
Wirtualna Polska Holding SA,Poland,Technology,9866016
Wisdom Marine Lines Co Ltd,Taiwan,Industrials,13813037
WisdomTree Inc,United States,Financials,918393
Wise PLC,United Kingdom,Industrials,236871068
WiseTech Global Ltd,Australia,Technology,275891934
Wistron Corp,Taiwan,Technology,99827388
Wistron NeWeb Corp,Taiwan,Telecommunications,46918576
Wittchen SA,Poland,Consumer Discretionary,1847688
Wiwynn Corp,Taiwan,Technology,115478352
Wix.com Ltd,United States,Technology,66360744
Wizz Air Holdings Plc,Hungary,Consumer Discretionary,33693043
Wockhardt Ltd,India,Health Care,13380694
Wolters Kluwer NV,Netherlands,Consumer Discretionary,667410345
Wonik Holdings Co Ltd,South Korea,Technology,39445
Wonik Materials Co Ltd,South Korea,Basic Materials,4058679
Woodward Inc,United States,Industrials,120220477
Woolworths Group Ltd,Australia,Consumer Staples,378360490
Woolworths Holdings Ltd/South Africa,South Africa,Consumer Discretionary,64727306
Woongjin Thinkbig Co Ltd,South Korea,Consumer Discretionary,157670
Woori Financial Group Inc,South Korea,Financials,42941591
Woori Technology Investment Co Ltd,South Korea,Financials,7158316
Workday Inc,United States,Technology,636968730
Workiva Inc,United States,Technology,52226901
Workman Co Ltd,Japan,Consumer Discretionary,17696974
Workpoint Entertainment PCL,Thailand,Consumer Discretionary,112659
Workspace Group PLC,United Kingdom,Real Estate,27623180
World Acceptance Corp,United States,Financials,1877748
World Co Ltd,Japan,Consumer Discretionary,20535106
World Holdings Co Ltd,Japan,Industrials,518588
World Kinect Corp,United States,Energy,3314983
Worldex Industry & Trading Co Ltd,South Korea,Technology,3081958
Worldline SA/France,France,Industrials,115697286
Worley Ltd,Australia,Industrials,96316182
Worthington Enterprises Inc,United States,Consumer Discretionary,155226
Worthington Steel Inc,United States,Basic Materials,2233764
Wowow Inc,Japan,Consumer Discretionary,3181
Wowprime Corp,Taiwan,Consumer Discretionary,2293028
WuXi AppTec Co Ltd,China,Health Care,138802939
Wuestenrot & Wuerttembergische AG,Germany,Financials,1839297
Wuhan DR Laser Technology Corp Ltd,China,Technology,4116787
Wuliangye Yibin Co Ltd,China,Consumer Staples,65744025
Wuxi Autowell Technology Co Ltd,China,Technology,979609
Wuxi Biologics Cayman Inc,China,Health Care,176559765
Wuxi Lead Intelligent Equipment Co Ltd,China,Industrials,142
Wuxi NCE Power Co Ltd,China,Technology,2771368
Wyndham Hotels & Resorts Inc,United States,Consumer Discretionary,104774027
Wynn Macau Ltd,Hong Kong,Consumer Discretionary,31390710
Wynn Resorts Ltd,United States,Consumer Discretionary,115540129
X-Fab Silicon Foundries SE,France,Technology,1578442
X5 Retail Group NV,Russia,Consumer Staples,1026461
XD Inc,China,Consumer Discretionary,6662462
XJ International Holdings Co Ltd,China,Consumer Discretionary,154098
XL Axiata Tbk PT,Indonesia,Telecommunications,36249163
XP Inc,United States,Financials,88103776
XP Power Ltd,United Kingdom,Industrials,5187611
XPEC Entertainment Inc,Taiwan,Consumer Discretionary,10929
XPO Inc,United States,Industrials,188808261
XPS Pensions Group PLC,United Kingdom,Financials,8831454
XPeng Inc,China,Consumer Discretionary,70826430
XTB SA,Poland,Financials,50774752
Xaar PLC,United Kingdom,Industrials,3479258
Xebio Holdings Co Ltd,Japan,Consumer Discretionary,426189
Xencor Inc,United States,Health Care,3396973
Xenia Hotels & Resorts Inc,United States,Real Estate,5133729
Xenon Pharmaceuticals Inc,United States,Health Care,24826379
Xero Ltd,Australia,Technology,270163759
Xerox Holdings Corp,United States,Technology,1632368
Xi'an Triangle Defense Co Ltd,China,Industrials,2546823
Xiabuxiabu Catering Management China Holdings Co Ltd,China,Consumer Discretionary,239703
Xiamen Faratronic Co Ltd,China,Technology,23892577
Xiaomi Corp,China,Telecommunications,969772273
XinTec Inc,Taiwan,Technology,12628468
Xinfengming Group Co Ltd,China,Basic Materials,9025374
Xinhua Winshare Publishing and Media Co Ltd,China,Consumer Discretionary,8468772
Xinyi Energy Holdings Ltd,China,Utilities,344
Xinyi Glass Holdings Ltd,Hong Kong,Industrials,36457012
Xinyi Solar Holdings Ltd,China,Energy,17981894
Xior Student Housing NV,Belgium,Real Estate,6609374
Xtpl SA,Poland,Technology,1318210
Xuji Electric Co Ltd,China,Industrials,5790195
Xxentria Technology Materials Corp,Taiwan,Industrials,780121
Xylem Inc/NY,United States,Industrials,296908058
Y G-1 Co Ltd,South Korea,Industrials,1163202
YA-MAN Ltd,Japan,Consumer Staples,7723
YAKUODO Holdings Co Ltd,Japan,Consumer Staples,264021
YAMABIKO Corp,Japan,Industrials,3502620
YC INOX Co Ltd,Taiwan,Basic Materials,1086985
YDUQS Participacoes SA,Brazil,Consumer Discretionary,266049
YETI Holdings Inc,United States,Consumer Discretionary,36778205
YG Entertainment Inc,South Korea,Consumer Discretionary,1424508
YHI International Ltd,Singapore,Consumer Discretionary,149745
YIT Oyj,Finland,Industrials,3111187
YNH Property Bhd,Malaysia,Real Estate,1435760
YTL Corp Bhd,Malaysia,Utilities,64203424
YTL Power International Bhd,Malaysia,Utilities,58886955
YTO Express Group Co Ltd,China,Industrials,13001150
Yadea Group Holdings Ltd,China,Consumer Discretionary,81786890
Yageo Corp,Taiwan,Technology,119157163
Yahagi Construction Co Ltd,Japan,Industrials,635139
Yakult Honsha Co Ltd,Japan,Consumer Staples,39673084
Yamada Holdings Co Ltd,Japan,Consumer Discretionary,32256467
Yamae Group Holdings Co Ltd,Japan,Consumer Staples,8792
Yamagata Bank Ltd/The,Japan,Financials,381259
Yamaguchi Financial Group Inc,Japan,Financials,32676680
Yamaha Corp,Japan,Consumer Discretionary,37998647
Yamaha Motor Co Ltd,Japan,Consumer Discretionary,121079979
Yamaichi Electronics Co Ltd,Japan,Technology,4102074
Yamami Co,Japan,Consumer Staples,4598829
Yamashin-Filter Corp,Japan,Industrials,1296215
Yamato Holdings Co Ltd,Japan,Industrials,57517953
Yamato Kogyo Co Ltd,Japan,Basic Materials,29775596
Yamazaki Baking Co Ltd,Japan,Consumer Staples,35900716
Yamazen Corp,Japan,Industrials,6595380
YanTai Shuangta Food Co Ltd,China,Consumer Staples,696893
Yang Ming Marine Transport Corp,Taiwan,Industrials,51630245
Yangtze Optical Fibre & Cable Joint Stock Ltd Co,China,Telecommunications,2360
Yangzhou Yangjie Electronic Technology Co Ltd,China,Technology,2667302
Yangzijiang Financial Holding Ltd,China,Financials,2762144
Yangzijiang Shipbuilding Holdings Ltd,China,Industrials,76637983
Yankey Engineering Co Ltd,Taiwan,Industrials,15703
Yanlord Land Group Ltd,China,Real Estate,3127429
Yantai Changyu Pioneer Wine Co Ltd,China,Consumer Staples,2610689
Yaoko Co Ltd,Japan,Consumer Staples,22190312
Yapi ve Kredi Bankasi AS,Türkiye,Financials,46934335
Yaskawa Electric Corp,Japan,Industrials,84910242
Yeahka Ltd,China,Industrials,922189
Yellow Cake PLC,United Kingdom,Basic Materials,9676798
Yellow Hat Ltd,Japan,Consumer Discretionary,3932607
Yelp Inc,United States,Technology,7454858
Yeong Guan Energy Technology Group Co Ltd,Taiwan,Basic Materials,72870
Yes Bank Ltd,India,Financials,42810946
YiChang HEC ChangJiang Pharmaceutical Co Ltd,China,Health Care,3981062
Yidu Tech Inc,China,Health Care,372942
Yieh Phui Enterprise Co Ltd,Taiwan,Basic Materials,5739142
Yifeng Pharmacy Chain Co Ltd,China,Consumer Staples,48226672
Yihai International Holding Ltd,China,Consumer Staples,11527499
Yihai Kerry Arawana Holdings Co Ltd,China,Consumer Staples,24550
Yinson Holdings BHD,Malaysia,Energy,13396525
Yodogawa Steel Works Ltd,Japan,Basic Materials,11226389
Yokogawa Bridge Holdings Corp,Japan,Industrials,4284355
Yokogawa Electric Corp,Japan,Industrials,84443455
Yokohama Rubber Co Ltd/The,Japan,Consumer Discretionary,23221939
Yokorei Co Ltd,Japan,Consumer Staples,447776
Yokowo Co Ltd,Japan,Industrials,469342
Yondenko Corp,Japan,Industrials,2029261
Yondoshi Holdings Inc,Japan,Consumer Discretionary,528302
Yonex Co Ltd,Japan,Consumer Discretionary,13149643
Yong Tai Bhd,Malaysia,Real Estate,31526
Yonyou Network Technology Co Ltd,China,Technology,350598
Yorozu Corp,Japan,Consumer Discretionary,410094
Yoshimura Food Holdings KK,Japan,Consumer Staples,43395
Yoshinoya Holdings Co Ltd,Japan,Consumer Discretionary,6585557
YouGov PLC,United Kingdom,Consumer Discretionary,8390956
Youdao Inc,China,Consumer Discretionary,714840
Young Fast Optoelectronics Co Ltd,Taiwan,Industrials,3153762
Youngone Corp,South Korea,Consumer Discretionary,40396635
Youngone Holdings Co Ltd,South Korea,Consumer Discretionary,19578536
Ypsomed Holding AG,Switzerland,Health Care,30695197
Yu Group plc,United Kingdom,Utilities,3520023
Yuan Longping High-tech Agriculture Co Ltd,China,Consumer Staples,971129
Yuanta Financial Holding Co Ltd,Taiwan,Financials,164575711
Yuanta Securities Korea Co Ltd,South Korea,Financials,200542
Yuasa Trading Co Ltd,Japan,Industrials,3401247
Yue Yuen Industrial Holdings Ltd,Hong Kong,Consumer Discretionary,25979075
Yuexiu Property Co Ltd,China,Real Estate,10311467
Yuexiu Real Estate Investment Trust,China,Real Estate,104
Yuexiu Transport Infrastructure Ltd,China,Industrials,2679356
Yuhan Corp,South Korea,Health Care,5907581
Yukiguni Maitake Co Ltd,Japan,Consumer Staples,268255
Yulon Finance Corp,Taiwan,Financials,14295014
Yulon Motor Co Ltd,Taiwan,Consumer Discretionary,14734107
Yulon Nissan Motor Co Ltd,Taiwan,Consumer Discretionary,1178350
Yum China Holdings Inc,China,Consumer Discretionary,258860903
Yum! Brands Inc,United States,Consumer Discretionary,410576556
Yung Chi Paint & Varnish Manufacturing Co Ltd,Taiwan,Industrials,1779232
YungShin Global Holding Corp,Taiwan,Health Care,1506625
Yungjin Pharmaceutical Co Ltd,South Korea,Health Care,112169
Yungshin Construction & Development Co Ltd,Taiwan,Real Estate,8010722
Yunnan Energy Investment Co Ltd,China,Basic Materials,1493809
Yunnan Energy New Material Co Ltd,China,Industrials,41592
Yunnan Yuntianhua Co Ltd,China,Basic Materials,68153705
Yunsung F&C Co Ltd,South Korea,Industrials,2697
Yurtec Corp,Japan,Industrials,4857597
Yushin Precision Equipment Co Ltd,Japan,Industrials,536896
Yutong Bus Co Ltd,China,Industrials,93586865
ZEEKR Intelligent Technology Holding Ltd,China,Consumer Discretionary,2838
ZERIA Pharmaceutical Co Ltd,Japan,Health Care,4456386
ZF Commercial Vehicle Control Systems India Ltd,India,Consumer Discretionary,10723865
ZIGExN Co Ltd,Japan,Technology,536913
ZIM Integrated Shipping Services Ltd,United States,Industrials,74952
ZJLD Group Inc,China,Consumer Staples,13532886
ZOZO Inc,Japan,Consumer Discretionary,31489211
ZTO Express Cayman Inc,China,Industrials,80194923
Zabka Group SA,Luxembourg,Consumer Staples,110547923
Zacros Corp,Japan,Industrials,4038335
Zai Lab Ltd,China,Health Care,39014024
Zalando SE,Germany,Consumer Discretionary,224538563
Zamet Industry SA,Poland,Industrials,257269
Zavarovalnica Triglav DD,Slovenia,Financials,11224848
Zealand Pharma A/S,Denmark,Health Care,124467849
Zebra Technologies Corp,United States,Industrials,197353785
Zee Entertainment Enterprises Ltd,India,Consumer Discretionary,53805490
Zegona Communications plc,United Kingdom,Telecommunications,11628550
Zehnder Group AG,Switzerland,Industrials,2582971
Zen Technologies Ltd,India,Industrials,14046117
Zenas Biopharma Inc,United States,Health Care,542194
Zeng Hsing Industrial Co Ltd,Taiwan,Consumer Discretionary,852690
Zenkoku Hosho Co Ltd,Japan,Financials,31558150
Zenrin Co Ltd,Japan,Technology,557589
Zensar Technologies Ltd,India,Technology,10855954
Zensho Holdings Co Ltd,Japan,Consumer Discretionary,99625480
Zeon Corp,Japan,Basic Materials,35924894
Zeta Global Holdings Corp,United States,Technology,43235619
Zhejiang Cfmoto Power Co Ltd,China,Consumer Discretionary,4278962
Zhejiang Dingli Machinery Co Ltd,China,Industrials,4394197
Zhejiang Expressway Co Ltd,China,Industrials,11408848
Zhejiang JIULI Hi-tech Metals Co Ltd,China,Basic Materials,92381370
Zhejiang Jingsheng Mechanical & Electrical Co Ltd,China,Technology,50067253
Zhejiang Leapmotor Technology Co Ltd,China,Consumer Discretionary,29449810
Zhejiang NHU Co Ltd,China,Consumer Staples,6582474
Zhejiang Orient Gene Biotech Co Ltd,China,Health Care,3814322
Zhejiang Sanhua Intelligent Controls Co Ltd,China,Industrials,163
Zhejiang Shuanghuan Driveline Co Ltd,China,Consumer Discretionary,48504457
Zhejiang Wolwo Bio-Pharmaceutical Co Ltd,China,Health Care,1010257
Zhen Ding Technology Holding Ltd,Taiwan,Technology,52389026
ZhongAn Online P&C Insurance Co Ltd,China,Financials,7359363
Zhongji Innolight Co Ltd,China,Telecommunications,42845512
Zhongsheng Group Holdings Ltd,China,Consumer Discretionary,11967614
Zhongyu Energy Holdings Ltd,China,Utilities,85142
Zhou Hei Ya International Holdings Co Ltd,China,Consumer Staples,791087
Zhuzhou CRRC Times Electric Co Ltd,China,Industrials,115133892
Ziff Davis Inc,United States,Technology,219099
Zignago Vetro SpA,Italy,Industrials,3948466
Zigup PLC,United Kingdom,Industrials,17007639
Zillow Group Inc,United States,Real Estate,195367306
Zimmer Biomet Holdings Inc,United States,Health Care,211770510
Zinus Inc,South Korea,Consumer Discretionary,9883715
Zinwell Corp,Taiwan,Telecommunications,544445
Zions Bancorp NA,United States,Financials,73542385
Zip Co Ltd,Australia,Industrials,68812023
Zoetis Inc,United States,Health Care,808933112
Zojirushi Corp,Japan,Consumer Discretionary,4124630
Zomato Ltd,India,Technology,293325655
Zoom Communications Inc,United States,Technology,747473743
ZoomInfo Technologies Inc,United States,Technology,17042469
Zoomlion Heavy Industry Science and Technology Co Ltd,China,Industrials,56557365
Zotefoams PLC,United Kingdom,Basic Materials,5696813
Zscaler Inc,United States,Technology,28767818
Zuken Inc,Japan,Technology,13768198
Zurich Insurance Group AG,Switzerland,Financials,686250163
Zurn Elkay Water Solutions Corp,United States,Industrials,61411876
Zydus Lifesciences Ltd,India,Health Care,54420658
Zydus Wellness Ltd,India,Consumer Staples,5088945
Zyle Motors Corp,South Korea,Consumer Discretionary,252
Zymeworks Inc,United States,Health Care,2952888
Zyxel Group Corp,Taiwan,Telecommunications,1501630
a2 Milk Co Ltd/The,New Zealand,Consumer Staples,44165696
abrdn plc,United Kingdom,Financials,12487153
adidas AG,Germany,Consumer Discretionary,1733093825
ams-OSRAM AG,Switzerland,Technology,15486518
baudroie inc,Japan,Technology,62802
bpost SA,Belgium,Industrials,851310
dip Corp,Japan,Industrials,1419533
dormakaba Holding AG,Switzerland,Industrials,50481783
eBay Inc,United States,Consumer Discretionary,34596659
eClerx Services Ltd,India,Industrials,9387801
eGuarantee Inc,Japan,Financials,30002109
eMemory Technology Inc,Taiwan,Technology,197711115
ePlus Inc,United States,Technology,288132
eWeLL Co Ltd/JP,Japan,Technology,5313852
easyJet PLC,United Kingdom,Consumer Discretionary,28525940
elf Beauty Inc,United States,Consumer Discretionary,7402679
en Japan Inc,Japan,Industrials,6405107
euglena Co Ltd,Japan,Consumer Staples,1041743
f-code Inc,Japan,Technology,944107
flatexDEGIRO AG,Germany,Financials,26530517
giftee Inc,Japan,Technology,8
gremz Inc,Japan,Utilities,11351458
i-SENS Inc,South Korea,Health Care,247718
iA Financial Corp Inc,Canada,Financials,111286325
iFAST Corp Ltd,Singapore,Financials,15337103
iFamilySC Co Ltd,South Korea,Consumer Discretionary,5811512
iMarketKorea Inc,South Korea,Technology,245084
iQIYI Inc,China,Consumer Discretionary,7006591
iRay Technology Co Ltd,China,Health Care,1084498
ideaForge Technology Ltd,India,Industrials,3168052
iomart Group PLC,United Kingdom,Technology,2781035
m-up Holdings Inc,Japan,Technology,11370505
mBank SA,Poland,Financials,3974241
momo.com Inc,Taiwan,Consumer Discretionary,11285788
nCino Inc,United States,Technology,29268227
nVent Electric PLC,United States,Industrials,197434028
nib holdings Ltd/Australia,Australia,Financials,27856563
oOh!media Ltd,Australia,Consumer Discretionary,943265
thyssenkrupp AG,Germany,Industrials,46404681
u-blox Holding AG,Switzerland,Technology,9809508
voestalpine AG,Austria,Basic Materials,38919026
zooplus SE,Germany,Consumer Discretionary,23840317
