Name,Country,Industry,mvUsd
1&1 AG,Germany,Telecommunications,16886361
10X Genomics Inc,United States,Health Care,19275942
11 bit studios SA,Poland,Consumer Discretionary,13670566
1Spatial Plc,United Kingdom,Technology,2858409
1st Source Corp,United States,Financials,4374909
2G Energy AG,Germany,Utilities,3576537
360 ONE WAM Ltd,India,Financials,118514016
37 Interactive Entertainment Network Technology Group Co Ltd,China,Consumer Discretionary,11661390
3D Systems Corp,United States,Technology,423384
3M Co,United States,Industrials,436429578
3M India Ltd,India,Industrials,18563799
3SBio Inc,China,Health Care,12083434
3i Group PLC,United Kingdom,Financials,873895589
3peak Inc,China,Technology,6960247
4D Molecular Therapeutics Inc,United States,Health Care,56904
4imprint Group PLC,United Kingdom,Consumer Discretionary,69279748
7-Eleven Malaysia Holdings Bhd,Malaysia,Consumer Staples,11266688
77 Bank Ltd/The,Japan,Financials,16616672
91APP Inc,Taiwan,Technology,3917880
A O Smith Corp,United States,Industrials,115345374
A&D HOLON Holdings Co Ltd,Japan,Industrials,1017010
A-Living Smart City Services Co Ltd,China,Real Estate,1094
A2A SpA,Italy,Utilities,52591127
AAC Technologies Holdings Inc,Hong Kong,Technology,39166349
AAK AB,Sweden,Consumer Staples,62789640
AAON Inc,United States,Industrials,64273372
AAR Corp,United States,Industrials,12086012
AB Grigeo,Lithuania,Basic Materials,2544326
AB SA,Poland,Technology,11435690
ABB India Ltd,India,Industrials,60165719
ABB Ltd,Switzerland,Industrials,1884889537
ABC-Mart Inc,Japan,Consumer Discretionary,30935209
ABLBio Inc,South Korea,Health Care,23827024
ABM Industries Inc,United States,Industrials,38760489
ABN AMRO Bank NV,Netherlands,Financials,328495180
ABSA Bank Kenya PLC,Kenya,Financials,11995190
ACADIA Pharmaceuticals Inc,United States,Health Care,23586599
ACEA SpA,Italy,Utilities,17010360
ACEN Corp,Philippines,Utilities,2562482
ACI Worldwide Inc,United States,Industrials,51689852
ACL Cables PLC,Sri Lanka,Industrials,1690893
ACM Research Inc,United States,Technology,16250566
ACS Actividades de Construccion y Servicios SA,Spain,Industrials,175408882
ADATA Technology Co Ltd,Taiwan,Technology,20199175
ADEKA Corp,Japan,Basic Materials,24203477
ADNOC Logistics & Services,United Arab Emirates,Industrials,6418977
ADT Inc,United States,Industrials,138002860
AECC Aviation Power Co Ltd,China,Industrials,15412417
AECI Ltd,South Africa,Basic Materials,1460695
AECOM,United States,Industrials,159330502
AEM Holdings Ltd,Singapore,Technology,5717121
AEON Credit Service M Bhd,Malaysia,Financials,17735
AEON Financial Service Co Ltd,Japan,Financials,12523367
AEON REIT Investment Corp,Japan,Real Estate,22446759
AEON Thana Sinsap Thailand PCL,Thailand,Financials,40843927
AES Brasil Energia SA,Brazil,Utilities,5571925
AFFIN Bank Bhd,Malaysia,Financials,8182039
AFI Properties Ltd,Israel,Real Estate,354174
AFRY AB,Sweden,Industrials,41456463
AG Barr PLC,United Kingdom,Consumer Staples,5927388
AGC Inc,Japan,Industrials,95323785
AGCO Corp,United States,Industrials,66623001
AGMO HOLDINGS BHD,Malaysia,Technology,8113
AGNC Investment Corp,United States,Financials,73497744
AIA Engineering Ltd,India,Industrials,20014596
AIA Group Ltd,Hong Kong,Financials,1422916968
AIB Group PLC,Ireland,Financials,146250677
AIMS APAC REIT,Singapore,Real Estate,9972270
AIXTRON SE,Germany,Technology,64939029
AJ Bell PLC,United Kingdom,Financials,13618518
AK Medical Holdings Ltd,China,Health Care,641471
AKR Corporindo Tbk PT,Indonesia,Energy,47631769
AKWEL SADIR,France,Consumer Discretionary,7441460
AL Yah Satellite Communications Co-Pjsc-Yah Sat,United Arab Emirates,Telecommunications,12641622
ALI Corp,Taiwan,Technology,508637
ALK-Abello A/S,Denmark,Health Care,70938556
ALS Ltd,Australia,Industrials,58397532
ALSO Holding AG,Switzerland,Technology,28962314
AME Elite Consortium Bhd,Malaysia,Industrials,473222
AMERISAFE Inc,United States,Financials,1206975
AMETEK Inc,United States,Industrials,650873183
AMG Critical Materials NV,Netherlands,Industrials,4678620
AMI Organics Ltd,India,Health Care,16925263
AMMB Holdings Bhd,Malaysia,Financials,42167222
AMN Healthcare Services Inc,United States,Industrials,5172181
AMOREPACIFIC Group,South Korea,Consumer Discretionary,1771955
AMP Ltd,Australia,Financials,30611853
ANA Holdings Inc,Japan,Consumer Discretionary,8033729
ANDRITZ AG,Austria,Industrials,98847218
ANSYS Inc,United States,Technology,490953327
ANTA Sports Products Ltd,China,Consumer Discretionary,381332454
ANZ Group Holdings Ltd,Australia,Financials,1394008822
AO World PLC,United Kingdom,Consumer Discretionary,4112288
AOKI Holdings Inc,Japan,Consumer Discretionary,2933155
AP Memory Technology Corp,Taiwan,Technology,49561211
AP Moller - Maersk A/S,Denmark,Industrials,238416582
AP Thailand PCL,Thailand,Real Estate,3742326
APA Group,Australia,Energy,101301427
APAM Corp,South Korea,Consumer Discretionary,14315
APERAM SA,Netherlands,Basic Materials,1413804
APG SGA SA,Switzerland,Consumer Discretionary,2508185
API Group Corp,United States,Industrials,101078319
APL Apollo Tubes Ltd,India,Basic Materials,40790759
APM Human Services International ltd,Australia,Industrials,3031966
APR Corp/Korea,South Korea,Consumer Discretionary,1027824
APT Medical Inc,China,Health Care,16461544
ARB Corp Ltd,Australia,Consumer Discretionary,21306605
ARCLANDS CORP,Japan,Consumer Discretionary,6284090
ARE Holdings Inc,Japan,Basic Materials,8660365
ARGAN SA,France,Real Estate,21336513
ARM Holdings PLC,United Kingdom,Technology,57293016
ARMOUR Residential REIT Inc,United States,Financials,1436446
ARN Media Ltd,Australia,Consumer Discretionary,3839072
ASAHI YUKIZAI CORP,Japan,Basic Materials,3019694
ASE Technology Holding Co Ltd,Taiwan,Technology,195789653
ASGN Inc,United States,Industrials,41225118
ASIA Holdings Co Ltd,South Korea,Basic Materials,14225639
ASKA Pharmaceutical Holdings Co Ltd,Japan,Health Care,1502234
ASKUL Corp,Japan,Consumer Discretionary,8973089
ASM International NV,Netherlands,Technology,1618181221
ASML Holding NV,Netherlands,Technology,10494378424
ASMPT Ltd,Hong Kong,Technology,75811830
ASMedia Technology Inc,Taiwan,Technology,95009172
ASOS PLC,United Kingdom,Consumer Discretionary,5
ASPEED Technology Inc,Taiwan,Technology,129871309
ASR Nederland NV,Netherlands,Financials,452571233
ASROCK Inc,Taiwan,Technology,4729436
ASX Ltd,Australia,Financials,113839347
AT&S Austria Technologie & Systemtechnik AG,Austria,Technology,1865469
AT&T Inc,United States,Telecommunications,1338777212
ATA IMS Bhd,Malaysia,Industrials,10373
ATI Inc,United States,Industrials,86252309
ATS Corp,Canada,Industrials,30988224
AU Small Finance Bank Ltd,India,Financials,33346421
AUB Group Ltd,Australia,Financials,43806735
AUO Corp,Taiwan,Technology,44105297
AURAS Technology Co Ltd,Taiwan,Technology,90596737
AV Tech Corp/Taiwan,Taiwan,Industrials,716674
AVI Ltd,South Africa,Consumer Staples,10220191
AVZ Minerals Ltd,Australia,Basic Materials,1638888
AXA SA,France,Financials,2433276692
AZ-COM MARUWA Holdings Inc,Japan,Industrials,6184174
AZEK Co Inc/The,United States,Industrials,72001518
AZOOM Co Ltd,Japan,Industrials,3837623
AZZ Inc,United States,Industrials,10877109
Aadhar Housing Finance Ltd,India,Financials,7309
Aalberts NV,Netherlands,Industrials,82884514
Aarti Industries Ltd,India,Basic Materials,14337500
Aarti Pharmalabs Ltd,India,Health Care,2504794
Aavas Financiers Ltd,India,Financials,45629249
AbCellera Biologics Inc,Canada,Health Care,2729753
AbClon Inc,South Korea,Health Care,65071
Abacus Group,Australia,Real Estate,4654648
Abacus Storage King,Australia,Real Estate,5862278
AbbVie Inc,United States,Health Care,3779640105
Abbott Laboratories,United States,Health Care,2070501828
Abercrombie & Fitch Co,United States,Consumer Discretionary,111119056
Ability Enterprise Co Ltd,Taiwan,Consumer Discretionary,2765367
Abitare In SpA,Italy,Consumer Discretionary,3304258
Able C&C Co Ltd,South Korea,Consumer Discretionary,526551
About You Holding SE,Germany,Consumer Discretionary,1632021
Absa Group Ltd,South Africa,Financials,294886020
Absolute Clean Energy PCL,Thailand,Utilities,3772927
Abu Dhabi Commercial Bank PJSC,United Arab Emirates,Financials,143034580
Abu Dhabi Islamic Bank PJSC,United Arab Emirates,Financials,91427174
Abu Dhabi National Oil Co for Distribution PJSC,United Arab Emirates,Energy,28522315
Abu Dhabi Ports Co PJSC,United Arab Emirates,Industrials,143071153
Academy Sports & Outdoors Inc,United States,Consumer Discretionary,34188364
Acadia Realty Trust,United States,Real Estate,6187041
Accelleron Industries AG,Switzerland,Industrials,122901626
Accent Group Ltd,Australia,Consumer Discretionary,4600758
Accenture PLC,United States,Industrials,1679937479
Access Co Ltd,Japan,Technology,3343249
Acciona SA,Spain,Industrials,57087208
Accolade Inc,United States,Health Care,13020
Accor SA,France,Consumer Discretionary,161623848
Accton Technology Corp,Taiwan,Telecommunications,214324164
Ace Technologies Corp,South Korea,Telecommunications,220433
Acer Inc,Taiwan,Technology,56457811
Acerinox SA,Spain,Basic Materials,49365833
Achilles Corp,Japan,Basic Materials,856311
Ackermans & van Haaren NV,Belgium,Industrials,82388152
Aclara Resources Inc,Canada,Basic Materials,115454
Acom Co Ltd,Japan,Financials,16649832
Acrow Ltd,Australia,Basic Materials,6431131
Acter Group Corp Ltd,Taiwan,Industrials,6625508
Activia Properties Inc,Japan,Real Estate,26813410
Actron Technology Corp,Taiwan,Consumer Discretionary,3367771
Acuity Brands Inc,United States,Industrials,87511377
Acushnet Holdings Corp,United States,Consumer Discretionary,14265480
Adani Green Energy Ltd,India,Utilities,74541394
Adani Total Gas Ltd,India,Utilities,8104546
Adaro Minerals Indonesia Tbk PT,Indonesia,Energy,14655458
Adastria Co Ltd,Japan,Consumer Discretionary,5273304
AddTech AB,Sweden,Industrials,182843230
Addnode Group AB,Sweden,Technology,10045337
Adecco Group AG,Switzerland,Industrials,98734564
Adeia Inc,United States,Technology,6349165
Adesso SE,Germany,Technology,2035963
Adi Sarana Armada Tbk PT,Indonesia,Consumer Discretionary,3224427
Adicet Bio Inc,United States,Health Care,519756
Adicon Holdings Ltd,China,Health Care,3318390
Adient PLC,United States,Consumer Discretionary,8067321
Adimmune Corp,Taiwan,Health Care,7040
Aditya Birla Capital Ltd,India,Financials,20344452
Aditya Birla Fashion and Retail Ltd,India,Consumer Discretionary,13102865
Aditya Birla Sun Life Asset Management Co Ltd,India,Financials,33714709
Adlink Technology Inc,Taiwan,Technology,398878
Admiral Group PLC,United Kingdom,Financials,154012079
Adnoc Gas PLC,United Arab Emirates,Energy,81559097
Adobe Inc,United States,Technology,2925533083
Adris Grupa DD,Croatia,Consumer Staples,10442088
Adtalem Global Education Inc,United States,Consumer Discretionary,13789538
Advan Group Co Ltd,Japan,Industrials,770504
AdvanSix Inc,United States,Basic Materials,281916
Advance Auto Parts Inc,United States,Consumer Discretionary,30764891
Advance Logistics Investment Corp,Japan,Real Estate,5137437
Advance Residence Investment Corp,Japan,Real Estate,35270485
Advanced Ceramic X Corp,Taiwan,Technology,2641555
Advanced Drainage Systems Inc,United States,Industrials,111853259
Advanced Energy Industries Inc,United States,Technology,46774522
Advanced Energy Solution Holding Co Ltd,Taiwan,Industrials,4181835
Advanced Info Service PCL,Thailand,Telecommunications,37446102
Advanced International Multitech Co Ltd,Taiwan,Consumer Discretionary,2107551
Advanced Micro Devices Inc,United States,Technology,3614449029
Advanced Nano Products Co Ltd,South Korea,Basic Materials,1433987
Advanced Wireless Semiconductor Co,Taiwan,Technology,9029967
Advantech Co Ltd,Taiwan,Technology,86730538
Advantest Corp,Japan,Technology,518866337
Advtech Ltd,South Africa,Consumer Discretionary,24354679
Adyen NV,Netherlands,Industrials,1088501717
Aedifica SA,Belgium,Real Estate,70242950
Aegean Airlines SA,Greece,Consumer Discretionary,6484345
Aegis Logistics Ltd,India,Energy,14874641
Aegon Ltd,Netherlands,Financials,413610684
Aekyung Industrial Co Ltd,South Korea,Consumer Staples,424870
Aena SME SA,Spain,Industrials,312942238
Aeon Co Ltd,Japan,Consumer Staples,100472657
Aeon Delight Co Ltd,Japan,Industrials,3807625
Aeon Fantasy Co Ltd,Japan,Consumer Discretionary,7701004
Aeon Hokkaido Corp,Japan,Consumer Discretionary,2270847
Aeon Mall Co Ltd,Japan,Real Estate,12284068
AerCap Holdings NV,United States,Industrials,285727900
AerSale Corp,United States,Industrials,1312032
Aeris Industria E Comercio De Equipamentos Para Geracao De Energia SA,Brazil,Energy,54172
AeroVironment Inc,United States,Industrials,25046271
Aeroports de Paris SA,France,Industrials,80537911
Affiliated Managers Group Inc,United States,Financials,60210573
Affirm Holdings Inc,United States,Industrials,25961054
Affle India Ltd,India,Technology,10193009
Aflac Inc,United States,Financials,287996707
African Rainbow Minerals Ltd,South Africa,Basic Materials,19369017
Afrimat Ltd,South Africa,Basic Materials,25092531
AfroCentric Investment Corp Ltd,South Africa,Health Care,3089206
After You PCL,Thailand,Consumer Discretionary,379229
Ageas SA/NV,Belgium,Financials,82292209
Agile Group Holdings Ltd,China,Real Estate,1817
Agilent Technologies Inc,United States,Health Care,393139660
Agility Global PLC,United Arab Emirates,Industrials,10215449
Agility Public Warehousing Co KSC,Kuwait,Industrials,935122
Agios Pharmaceuticals Inc,United States,Health Care,10466690
Agnico Eagle Mines Ltd,Canada,Basic Materials,447186472
Agora SA,Poland,Consumer Discretionary,830389
Agrana Beteiligungs AG,Austria,Consumer Staples,435181
Agree Realty Corp,United States,Real Estate,73925824
Agricultural Bank of China Ltd,China,Financials,113419810
Agthia Group PJSC,United Arab Emirates,Consumer Staples,61511853
Ai Holdings Corp,Japan,Technology,4707393
Aica Kogyo Co Ltd,Japan,Basic Materials,31211486
Aichi Corp,Japan,Industrials,2715555
Aichi Financial Group Inc,Japan,Financials,5509055
Aichi Steel Corp,Japan,Basic Materials,1246018
Aida Engineering Ltd,Japan,Industrials,10769916
Aier Eye Hospital Group Co Ltd,China,Health Care,247
Aiful Corp,Japan,Financials,12722113
Ailleron SA,Poland,Technology,1580426
Ain Holdings Inc,Japan,Consumer Staples,18442490
Aiphone Co Ltd,Japan,Telecommunications,971988
Air Arabia PJSC,United Arab Emirates,Consumer Discretionary,31569828
Air Canada,Canada,Consumer Discretionary,27065085
Air China Ltd,China,Consumer Discretionary,266413
Air France-KLM,France,Consumer Discretionary,25009986
Air Lease Corp,United States,Industrials,50057170
Air Liquide SA,France,Basic Materials,2210572279
Air New Zealand Ltd,New Zealand,Consumer Discretionary,6882068
Air Products and Chemicals Inc,United States,Basic Materials,874359073
Air Transport Services Group Inc,United States,Industrials,1055202
Air Water Inc,Japan,Basic Materials,41203533
AirAsia X Bhd,Malaysia,Consumer Discretionary,5872258
Airbnb Inc,United States,Consumer Discretionary,556864056
Airport City Ltd,Israel,Real Estate,2638670
Airport Facilities Co Ltd,Japan,Real Estate,497889
Airports Corp of Vietnam JSC,Vietnam,Industrials,2856032
Airports of Thailand PCL,Thailand,Industrials,38502702
Airtac International Group,Taiwan,Industrials,57703111
Airtel Africa PLC,United Kingdom,Telecommunications,40844179
Aisan Industry Co Ltd,Japan,Consumer Discretionary,63534
Aisin Corp,Japan,Consumer Discretionary,90975961
Aitken Spence PLC,Sri Lanka,Industrials,4509772
Aizawa Securities Group Co Ltd,Japan,Financials,438866
Ajanta Pharma Ltd,India,Health Care,11199634
Ajinomoto Co Inc,Japan,Consumer Staples,158224865
Akamai Technologies Inc,United States,Technology,379511634
Akatsuki Inc,Japan,Consumer Discretionary,1138780
Akbank TAS,Türkiye,Financials,125735870
Akdital Holding,Morocco,Health Care,1684091
Akero Therapeutics Inc,United States,Health Care,4364
Akeso Inc,China,Health Care,161689496
Aksa Akrilik Kimya Sanayii AS,Türkiye,Basic Materials,30644684
Akzo Nobel India Ltd,India,Industrials,3201218
Akzo Nobel NV,Netherlands,Basic Materials,295631179
Al Ansari Financial Services PJSC,United Arab Emirates,Industrials,7137847
Al Faleh Educational Holding Co,Qatar,Consumer Discretionary,833431
Alamo Group Inc,United States,Industrials,6044620
Alamos Gold Inc,Canada,Basic Materials,78080117
Alar Pharmaceuticals Inc,Taiwan,Health Care,9979502
Alarm.com Holdings Inc,United States,Technology,36702102
Alaska Air Group Inc,United States,Consumer Discretionary,36733740
Albany International Corp,United States,Industrials,34531014
Albemarle Corp,United States,Basic Materials,205648659
Albertsons Cos Inc,United States,Consumer Staples,275395303
Alchip Technologies Ltd,Taiwan,Technology,92928503
Alcoa Corp,United States,Basic Materials,80492483
Alcon Inc,Switzerland,Health Care,1091238480
Alconix Corp,Japan,Basic Materials,1329099
Alcor Micro Corp/Taiwan,Taiwan,Technology,13539448
Aldar Properties PJSC,United Arab Emirates,Real Estate,126194225
Alef Education Holding PLC,United Arab Emirates,Consumer Discretionary,37236804
Alembic Pharmaceuticals Ltd,India,Health Care,4181767
Alerion Cleanpower SpA,Italy,Utilities,1891216
Alexander & Baldwin Inc,United States,Real Estate,6823330
Alexander Forbes Group Holdings Ltd,South Africa,Financials,14859608
Alexander's Inc,United States,Real Estate,2430961
Alexandria Real Estate Equities Inc,United States,Real Estate,1920014826
Alfa Laval AB,Sweden,Industrials,268233339
Alfa SAB de CV,Mexico,Industrials,73225022
Alfen N.V.,Netherlands,Industrials,9866272
Alfresa Holdings Corp,Japan,Health Care,36094963
Algonquin Power & Utilities Corp,Canada,Utilities,32813095
Ali Alghanim Sons Automotive Co KSCC,Kuwait,Consumer Discretionary,27519282
Alibaba Group Holding Ltd,China,Consumer Discretionary,3568422323
Alibaba Health Information Technology Ltd,China,Consumer Staples,20525639
Alibaba Pictures Group Ltd,China,Consumer Discretionary,10999302
Alicorp SAA,Peru,Consumer Staples,3031506
Alight Inc,United States,Industrials,38240090
Align Technology Inc,United States,Health Care,210908178
Alignment Healthcare Inc,United States,Health Care,3370224
Alimentation Couche-Tard Inc,Canada,Consumer Discretionary,491333891
Alior Bank SA,Poland,Financials,74937523
Alkane Resources Ltd,Australia,Basic Materials,1008003
Alkem Laboratories Ltd,India,Health Care,76823062
Alkermes PLC,United States,Health Care,51307526
Alkyl Amines Chemicals,India,Basic Materials,6039568
AllDay Marts Inc,Philippines,Consumer Staples,1373510
AllHome Corp,Philippines,Consumer Discretionary,1498904
Allcargo Logistics Ltd,India,Industrials,892365
Allegiant Travel Co,United States,Consumer Discretionary,860139
Allegion plc,United States,Industrials,91364332
Allegro MicroSystems Inc,United States,Technology,22243095
Allegro.eu SA,Poland,Consumer Discretionary,153554607
Alleima AB,Sweden,Basic Materials,29669384
Allfunds Group Plc,Netherlands,Financials,45105253
Alliance Aviation Services Ltd,Australia,Consumer Discretionary,9983230
Alliance Bank Malaysia Bhd,Malaysia,Financials,12147040
Alliance Global Group Inc,Philippines,Industrials,10077
Alliance International Education Leasing Holdings Ltd,China,Financials,7458
Allianz Malaysia Bhd,Malaysia,Financials,5920195
Allianz SE,Germany,Financials,2162715781
Allied Supreme Corp,Taiwan,Basic Materials,13464698
Allis Electric Co Ltd,Taiwan,Industrials,15643358
Allison Transmission Holdings Inc,United States,Industrials,76479041
Allos SA,Brazil,Real Estate,80445335
Allreal Holding AG,Switzerland,Real Estate,61535575
Allstate Corp/The,United States,Financials,235979077
Ally Financial Inc,United States,Financials,67632669
Alm Brand A/S,Denmark,Financials,13006077
Almawave SpA,Italy,Technology,3961306
Almendral SA,Chile,Utilities,5959790
Almirall SA,Spain,Health Care,21569649
Alnylam Pharmaceuticals Inc,United States,Health Care,550435824
Alok Industries Ltd,India,Basic Materials,4207500
Alony Hetz Properties & Investments Ltd,Israel,Real Estate,2472205
Alpargatas SA,Brazil,Consumer Discretionary,59017
Alpek SAB de CV,Mexico,Basic Materials,5939766
Alpen Co Ltd,Japan,Consumer Discretionary,3774696
Alpha Dhabi Holding PJSC,United Arab Emirates,Industrials,963790
Alpha HPA Ltd,Australia,Basic Materials,355785
Alpha IVF Group Bhd,Malaysia,Health Care,3867565
Alpha Metallurgical Resources Inc,United States,Energy,38449161
Alpha Networks Inc,Taiwan,Telecommunications,1999740
Alpha Services and Holdings SA,Greece,Financials,30591306
Alphabet Inc,United States,Technology,24258451759
Alphamab Oncology,China,Health Care,307
Alphatec Holdings Inc,United States,Health Care,12442042
Alphawave IP Group PLC,United Kingdom,Technology,7290882
Alps Alpine Co Ltd,Japan,Technology,17349174
Alps Logistics Co Ltd,Japan,Industrials,5916996
Alrosa PJSC,Russia,Basic Materials,934797
Alsea SAB de CV,Mexico,Consumer Discretionary,139172991
Alstom SA,France,Industrials,173837662
AltaGas Ltd,Canada,Utilities,74366227
Altaba Inc,United States,Financials,7906071
Altair Engineering Inc,United States,Technology,7003500
Altarea SCA,France,Real Estate,12012706
Altek Corp,Taiwan,Consumer Discretionary,1595188
Alten SA,France,Technology,76759976
Alteogen Inc,South Korea,Health Care,25777274
Alternergy Holdings Corp,Philippines,Utilities,1081063
Altice USA Inc,United States,Telecommunications,2455499
Altium Ltd,Australia,Technology,199721553
Alto Neuroscience Inc,United States,Health Care,819624
Altri SGPS SA,Portugal,Basic Materials,4061379
Altron Ltd,South Africa,Technology,4513269
Altus Power Inc,United States,Utilities,1301048
Altus SA,Poland,Financials,54444
Alumina Ltd,Australia,Basic Materials,118566363
Aluminium Bahrain BSC,Bahrain,Basic Materials,9200231
Alumis Inc,United States,Health Care,3325000
Alupar Investimento SA,Brazil,Utilities,23492221
AlzChem Group AG,Germany,Basic Materials,5809742
AmRest Holdings SE,Poland,Consumer Discretionary,12
AmTRAN Technology Co Ltd,Taiwan,Consumer Discretionary,2555342
Amada Co Ltd,Japan,Industrials,80710158
Amadeus Fire AG,Germany,Industrials,10016147
Amadeus IT Group SA,Spain,Technology,789258025
Amanat Holdings PJSC,United Arab Emirates,Financials,1683815
Amano Corp,Japan,Industrials,26636215
Amara Raja Energy & Mobility Ltd,India,Industrials,29193555
Amata Corp PCL,Thailand,Real Estate,17414612
Amazing Microelectronic Corp,Taiwan,Technology,1925614
Amazon.com Inc,United States,Consumer Discretionary,22661710929
Ambac Financial Group Inc,United States,Financials,4378030
Ambassador Hotel/The,Taiwan,Consumer Discretionary,5307631
Amber Enterprises India Ltd,India,Consumer Discretionary,10649341
Ambev SA,Brazil,Consumer Staples,6529578
Ambipar Participacoes e Empreendimentos S/A,Brazil,Utilities,182060
Ambra SA,Poland,Consumer Staples,3628470
Ambu A/S,Denmark,Health Care,86371456
Amcor PLC,Australia,Industrials,251640264
Amdocs Ltd,United States,Technology,652432
Amedisys Inc,United States,Health Care,35746277
Amer Sports Inc,United States,Consumer Discretionary,117446714
Ameresco Inc,United States,Energy,1124
America Movil SAB de CV,Mexico,Telecommunications,197599900
American Airlines Group Inc,United States,Consumer Discretionary,12924686
American Assets Trust Inc,United States,Real Estate,10761714
American Axle & Manufacturing Holdings Inc,United States,Consumer Discretionary,3697633
American Eagle Outfitters Inc,United States,Consumer Discretionary,22457535
American Express Co,United States,Industrials,1441461500
American Financial Group Inc/OH,United States,Financials,106774225
American Healthcare REIT Inc,United States,Real Estate,10804606
American Homes 4 Rent,United States,Real Estate,816307692
American International Group Inc,United States,Financials,840196278
American States Water Co,United States,Utilities,36906199
American Tower Corp,United States,Real Estate,1113954653
American Water Works Co Inc,United States,Utilities,299669282
American Well Corp,United States,Health Care,182343
American Woodmark Corp,United States,Industrials,5520785
Americana Restaurants International PLC,United Arab Emirates,Consumer Discretionary,34458991
Americanas SA,Brazil,Consumer Discretionary,48032
Americold Realty Trust Inc,United States,Real Estate,571276907
Ameriprise Financial Inc,United States,Financials,622594395
Ameris Bancorp,United States,Financials,35900960
Amgen Inc,United States,Health Care,1772721944
Amicogen Inc,South Korea,Health Care,11778
Amicus Therapeutics Inc,United States,Health Care,29012478
Amkor Technology Inc,United States,Technology,53242768
Amman Mineral Internasional PT,Indonesia,Basic Materials,5338107
Amneal Pharmaceuticals Inc,United States,Health Care,547370
Amorepacific Corp,South Korea,Consumer Discretionary,58492928
Amos Luzon Development and Energy Group Ltd,Israel,Industrials,3788069
Amot Investments Ltd,Israel,Real Estate,1814693
Amotiv Ltd,Australia,Consumer Discretionary,15620647
Amphastar Pharmaceuticals Inc,United States,Health Care,40
Amphenol Corp,United States,Technology,1426761725
Amplifon SpA,Italy,Health Care,97406897
Ampol Ltd,Australia,Energy,146374428
Amundi SA,France,Financials,48563434
Amuse Inc,Japan,Consumer Discretionary,802015
Amvis Holdings Inc,Japan,Health Care,9211150
Anadolu Efes Biracilik Ve Malt Sanayii AS,Türkiye,Consumer Staples,35425442
Analog Devices Inc,United States,Technology,1577920293
Anand Rathi Wealth Ltd,India,Financials,9301608
Ananti Inc,South Korea,Consumer Discretionary,331703
Ancom Nylex Bhd,Malaysia,Basic Materials,4966062
Andes Technology Corp,Taiwan,Technology,15411433
Andino Investment Holding SAA,Peru,Industrials,1581556
Aneka Tambang Tbk,Indonesia,Basic Materials,9197427
Anest Iwata Corp,Japan,Industrials,1373659
Angang Steel Co Ltd,China,Basic Materials,2786120
Angel One Ltd,India,Financials,32027994
Angel Yeast Co Ltd,China,Consumer Staples,3825391
Angelalign Technology Inc,China,Health Care,12357
Anglo American PLC,United Kingdom,Basic Materials,1170316960
Anglo American Platinum Ltd,South Africa,Basic Materials,43657653
Anglogold Ashanti Plc,South Africa,Basic Materials,302742809
Anheuser-Busch InBev SA/NV,Belgium,Consumer Staples,1372718982
Anhui Expressway Co Ltd,China,Industrials,8172298
Anhui Gujing Distillery Co Ltd,China,Consumer Staples,17939672
Anhui Yingjia Distillery Co Ltd,China,Consumer Staples,2947123
Anhui Zhongding Sealing Parts Co Ltd,China,Consumer Discretionary,28047970
Anicom Holdings Inc,Japan,Financials,9053662
Anima Holding SA,Brazil,Consumer Discretionary,469072
Anima Holding SpA,Italy,Financials,6625726
Anji Microelectronics Technology Shanghai Co Ltd,China,Technology,43590432
Anjoy Foods Group Co Ltd,China,Consumer Staples,24175593
Annaly Capital Management Inc,United States,Financials,117446386
Annehem Fastigheter AB,Sweden,Real Estate,609663
Anpec Electronics Corp,Taiwan,Technology,16948785
Anritsu Corp,Japan,Telecommunications,17581794
Ansell Ltd,Australia,Health Care,25197107
AntarChile SA,Chile,Financials,49947399
Antares Vision SpA,Italy,Industrials,4678550
Antengene Corp Ltd,China,Health Care,161547
Antero Midstream Corp,United States,Energy,50809650
Antin Infrastructure Partners SA,France,Financials,11950985
Antofagasta PLC,United Kingdom,Basic Materials,342352735
Anycolor Inc,Japan,Consumer Discretionary,6557265
Anywhere Real Estate Inc,United States,Real Estate,1304663
Aon PLC,United States,Financials,565289171
Aoyama Trading Co Ltd,Japan,Consumer Discretionary,1135871
Aozora Bank Ltd,Japan,Financials,26662331
Apar Industries Ltd,India,Industrials,29756124
Apartment Investment and Management Co,United States,Real Estate,5189971
Apellis Pharmaceuticals Inc,United States,Health Care,41413648
Apex International Co Ltd,Taiwan,Technology,1832320
Apogee Enterprises Inc,United States,Industrials,6762303
Apogee Therapeutics Inc,United States,Health Care,11437864
Apollo Commercial Real Estate Finance Inc,United States,Financials,6518456
Apollo Global Management Inc,United States,Financials,943335941
Apollo Hospitals Enterprise Ltd,India,Health Care,142850110
Apollo Tyres Ltd,India,Consumer Discretionary,32964974
AppLovin Corp,United States,Technology,197257032
Appen Ltd,Australia,Technology,71401
Appfolio Inc,United States,Technology,81594422
Appian Corp,United States,Technology,1243288
Appier Group Inc,Japan,Technology,6393704
Apple Hospitality REIT Inc,United States,Real Estate,15337272
Apple Inc,United States,Technology,36703941357
Applied Industrial Technologies Inc,United States,Industrials,91800412
Applied Materials Inc,United States,Technology,2483283124
AptarGroup Inc,United States,Industrials,106515020
Aptitude Software Group PLC,United Kingdom,Technology,7589405
Aptiv PLC,United States,Consumer Discretionary,156303880
Aptus Value Housing Finance India Ltd,India,Financials,8732209
Aquila Part Prod Com SA,Romania,Industrials,3562324
Aquis Exchange PLC,United Kingdom,Financials,4694891
Arakawa Chemical Industries Ltd,Japan,Basic Materials,587138
Aramark,United States,Consumer Discretionary,97516289
Aramex PJSC,United Arab Emirates,Industrials,1411690
Aramis Group SAS,France,Consumer Discretionary,2603290
Arata Corp,Japan,Consumer Staples,6164224
Arbonia AG,Switzerland,Industrials,7229720
Arbor Realty Trust Inc,United States,Financials,13288301
ArcBest Corp,United States,Industrials,10508403
Arca Continental SAB de CV,Mexico,Consumer Staples,100876153
Arcadis NV,Netherlands,Industrials,121861803
Arcadium Lithium PLC,United States,Basic Materials,38026686
Arcadyan Technology Corp,Taiwan,Telecommunications,13453283
Arcelik AS,Türkiye,Consumer Discretionary,23938871
ArcelorMittal SA,Netherlands,Basic Materials,172783026
Arch Capital Group Ltd,United States,Financials,478422801
Archean Chemical Industries Ltd,India,Basic Materials,4244166
Archer-Daniels-Midland Co,United States,Consumer Staples,356773361
Archicom SA,Poland,Real Estate,14336840
Archosaur Games Inc,China,Consumer Discretionary,72317
Archrock Inc,United States,Energy,15520771
Arcos Dorados Holdings Inc,United States,Consumer Discretionary,772965
Arcosa Inc,United States,Energy,49785594
Arcs Co Ltd,Japan,Consumer Staples,6369955
Arctic Paper SA,Poland,Basic Materials,7283492
Arcus Biosciences Inc,United States,Health Care,182364
Arcutis Biotherapeutics Inc,United States,Health Care,1625826
Ardagh Metal Packaging SA,United States,Industrials,1043093
Ardentec Corp,Taiwan,Technology,18538905
Arena REIT,Australia,Real Estate,10580049
Arent Inc,Japan,Technology,815740
Ares Management Corp,United States,Financials,303635564
Arezzo Industria e Comercio SA,Brazil,Consumer Discretionary,8703092
Argenx SE,Belgium,Health Care,708031155
Argo Graphics Inc,Japan,Technology,4083769
Argo Properties NV,Germany,Real Estate,3632918
Argosy Property Ltd,New Zealand,Real Estate,5655782
Arhaus Inc,United States,Consumer Discretionary,1875597
Ariake Japan Co Ltd,Japan,Consumer Staples,17488573
Arista Networks Inc,United States,Telecommunications,954207385
Aristocrat Leisure Ltd,Australia,Consumer Discretionary,369899123
Ariston Holding NV,Italy,Industrials,49980003
Aritzia Inc,Canada,Consumer Discretionary,2377
Arkema SA,France,Basic Materials,416798981
Armada Hoffler Properties Inc,United States,Real Estate,1889736
Armstrong World Industries Inc,United States,Industrials,56748074
Arnoldo Mondadori Editore SpA,Italy,Consumer Discretionary,28878903
Aroa Biosurgery Ltd,New Zealand,Health Care,1374613
Aroundtown SA,Germany,Real Estate,35237476
Array Technologies Inc,United States,Energy,2990698
Arrow Electronics Inc,United States,Technology,86487587
Arrowhead Pharmaceuticals Inc,United States,Health Care,41202467
Arthur J Gallagher & Co,United States,Financials,1490464870
Artience Co Ltd,Japan,Basic Materials,4791645
Artisan Partners Asset Management Inc,United States,Financials,5394567
Artnature Inc,Japan,Consumer Staples,716675
Arvida Group Ltd,New Zealand,Health Care,2565
Arvinas Inc,United States,Health Care,28702909
Arvind Fashions Ltd,India,Consumer Discretionary,2125149
Arvind Ltd,India,Basic Materials,7018771
Arwana Citramulia Tbk PT,Indonesia,Industrials,3661307
Aryzta AG,Switzerland,Consumer Staples,16065934
As One Corp,Japan,Health Care,17503494
Asahi Co Ltd,Japan,Consumer Discretionary,694352
Asahi Diamond Industrial Co Ltd,Japan,Industrials,147091
Asahi Group Holdings Ltd,Japan,Consumer Staples,575332161
Asahi India Glass Ltd,India,Consumer Discretionary,9110858
Asahi Intecc Co Ltd,Japan,Health Care,36475500
Asahi Kasei Corp,Japan,Basic Materials,36014496
Asana Inc,United States,Technology,1469370
Asanuma Corp,Japan,Industrials,871802
Asbury Automotive Group Inc,United States,Consumer Discretionary,59825218
Ascendis Pharma A/S,Denmark,Health Care,22269490
Ascentage Pharma Group International,China,Health Care,1501440
Ascential PLC,United Kingdom,Technology,12614652
Ascom Holding AG,Switzerland,Telecommunications,1871960
Aselsan Elektronik Sanayi Ve Ticaret AS,Türkiye,Industrials,67477541
Ashdod Refinery Ltd,Israel,Energy,215099
Ashmore Group PLC,United Kingdom,Financials,1432017
Ashok Leyland Ltd,India,Industrials,163692716
Ashtead Group PLC,United Kingdom,Industrials,770033498
Asia Aviation PCL,Thailand,Consumer Discretionary,4359444
Asia Cement Co Ltd,South Korea,Industrials,11252756
Asia Cement Corp,Taiwan,Industrials,16727804
Asia Commercial Bank JSC,Vietnam,Financials,24208808
Asia Optical Co Inc,Taiwan,Consumer Discretionary,10067248
Asia Poly Holdings Bhd,Malaysia,Basic Materials,648802
Asia Polymer Corp,Taiwan,Basic Materials,1380107
Asia Sermkij Leasing PCL,Thailand,Financials,2581757
Asia Vital Components Co Ltd,Taiwan,Technology,151157531
AsiaInfo Technologies Ltd,China,Technology,1840374
Asian Paints Ltd,India,Industrials,173597974
Asiana Airlines Inc,South Korea,Consumer Discretionary,919654
Asics Corp,Japan,Consumer Discretionary,311133381
Aspen Pharmacare Holdings Ltd,South Africa,Health Care,39899115
Aspen Technology Inc,United States,Technology,39475925
Aspirasi Hidup Indonesia Tbk PT,Indonesia,Consumer Discretionary,11318325
Assa Abloy AB,Sweden,Industrials,587516470
Asseco Poland SA,Poland,Technology,21964
Asset World Corp PCL,Thailand,Real Estate,11031325
Assetwise PCL,Thailand,Real Estate,2211544
Assicurazioni Generali SpA,Italy,Financials,514140000
Associated Banc-Corp,United States,Financials,22867147
Associated British Foods PLC,United Kingdom,Consumer Staples,183373750
Assura PLC,United Kingdom,Real Estate,28110186
Assurant Inc,United States,Financials,113088404
Assured Guaranty Ltd,United States,Financials,45100038
Astec Industries Inc,United States,Industrials,3888011
Astec Lifesciences Ltd,India,Basic Materials,1707680
Astellas Pharma Inc,Japan,Health Care,289010680
Aster DM Healthcare Ltd,India,Health Care,12970428
Aston Martin Lagonda Global Holdings PLC,United Kingdom,Consumer Discretionary,7759199
Astor Transformator Enerji Turizm Insaat Ve Petrol Sanayi Ticaret AS,Türkiye,Industrials,11621700
Astra Otoparts Tbk PT,Indonesia,Consumer Discretionary,996521
AstraZeneca PLC,United Kingdom,Health Care,5300649053
AstraZeneca Pharma India Ltd,India,Health Care,4041783
Astral Foods Ltd,South Africa,Consumer Staples,6476634
Astral Ltd,India,Industrials,37788702
Astramina Group Bhd,Malaysia,Consumer Staples,627451
Astro Malaysia Holdings Bhd,Malaysia,Consumer Discretionary,6884902
Astroscale Holdings Inc,Japan,Industrials,245182
Asustek Computer Inc,Taiwan,Technology,155014385
Asymchem Laboratories Tianjin Co Ltd,China,Health Care,9769442
Atal SA/Poland,Poland,Consumer Discretionary,4279235
Atco Ltd/Canada,Canada,Utilities,24216024
Athens International Airport SA,Greece,Industrials,24276481
Athens Water Supply & Sewage Co SA,Greece,Utilities,8370382
Atinum Investment Co Ltd,South Korea,Financials,2623182
AtkinsRealis Group Inc,Canada,Industrials,83253448
Atkore Inc,United States,Industrials,60689355
Atlanta Braves Holdings Inc,United States,Consumer Discretionary,106214
Atlantic Grupa dd,Croatia,Consumer Staples,1736235
Atlantic Union Bankshares Corp,United States,Financials,14052277
Atlas Arteria Ltd,Australia,Industrials,112755880
Atlas Copco AB,Sweden,Industrials,1978649222
Atlassian Corp,United States,Technology,219764202
Atmos Energy Corp,United States,Utilities,160810074
Atmus Filtration Technologies Inc,United States,Industrials,4751607
Atom Corp,Japan,Consumer Discretionary,48991
Atos SE,France,Technology,1026280
Atoss Software SE,Germany,Technology,38194255
Atour Lifestyle Holdings Ltd,China,Consumer Discretionary,67816517
Atrae Inc,Japan,Technology,3521279
Atresmedia Corp de Medios de Comunicacion SA,Spain,Consumer Discretionary,3980920
AtriCure Inc,United States,Health Care,4196784
Atrium Ljungberg AB,Sweden,Real Estate,20288987
Attijariwafa Bank,Morocco,Financials,3485406
Atul Ltd,India,Basic Materials,40594168
Auckland International Airport Ltd,New Zealand,Industrials,103825190
Auction Technology Group PLC,United Kingdom,Technology,10484971
Audinate Group Ltd,Australia,Technology,16066474
AudioCodes Ltd,Israel,Telecommunications,125049
Aurelius Technologies Bhd,Malaysia,Technology,2814406
Auren Energia SA,Brazil,Utilities,7033148
Aurinia Pharmaceuticals Inc,United States,Health Care,651197
Aurizon Holdings Ltd,Australia,Industrials,57366627
Aurobindo Pharma Ltd,India,Health Care,41997470
Aurora Design PCL,Thailand,Consumer Discretionary,996289
Aurubis AG,Germany,Basic Materials,46736320
Aussie Broadband Ltd,Australia,Telecommunications,19691922
Austal Ltd,Australia,Industrials,9474900
Australian Agricultural Co Ltd,Australia,Consumer Staples,3411802
Australian Ethical Investment Ltd,Australia,Financials,1759970
Australian Finance Group Ltd,Australia,Financials,1027406
Auto Partner SA,Poland,Consumer Discretionary,26148481
Auto Trader Group PLC,United Kingdom,Technology,209091235
Auto1 Group SE,Germany,Consumer Discretionary,17294021
AutoNation Inc,United States,Consumer Discretionary,10659494
AutoZone Inc,United States,Consumer Discretionary,748802798
Autobacs Seven Co Ltd,Japan,Consumer Discretionary,4972211
Autobio Diagnostics Co Ltd,China,Health Care,8113112
Autocount Dotcom Bhd,Malaysia,Technology,936195
Autodesk Inc,United States,Technology,649730455
Autohellas Tourist and Trading SA,Greece,Consumer Discretionary,17947227
Autohome Inc,China,Technology,20921045
Autoliv Inc,United States,Consumer Discretionary,71127615
Automatic Data Processing Inc,United States,Industrials,262066821
Autoneum Holding AG,Switzerland,Consumer Discretionary,18357256
Autopedia Sukses Lestari Tbk PT,Indonesia,Consumer Discretionary,1025294
AvalonBay Communities Inc,United States,Real Estate,1404178567
Avangrid Inc,United States,Utilities,42929407
Avanos Medical Inc,United States,Health Care,4968845
Avant Group Corp,Japan,Technology,96871
Avanti Feeds Ltd,India,Consumer Staples,3925410
Avantor Inc,United States,Health Care,168489862
Avanza Bank Holding AB,Sweden,Financials,6594696
Avenue Supermarts Ltd,India,Consumer Staples,99966532
Avery Dennison Corp,United States,Basic Materials,211039012
Avex Inc,Japan,Consumer Discretionary,4633157
Avia Avian Tbk PT,Indonesia,Industrials,7674984
Avient Corp,United States,Basic Materials,50726232
Avio SpA,Italy,Industrials,1339152
Avis Budget Group Inc,United States,Consumer Discretionary,4962401
Avista Corp,United States,Utilities,18941465
Aviva PLC,United Kingdom,Financials,491844845
Avnet Inc,United States,Technology,53179747
Avolta AG,Switzerland,Consumer Discretionary,126104854
Avon Protection PLC,United Kingdom,Industrials,10147276
Awa Bank Ltd/The,Japan,Financials,5700822
Axalta Coating Systems Ltd,United States,Industrials,88834756
Axcelis Technologies Inc,United States,Technology,66001612
Axfood AB,Sweden,Consumer Staples,47459337
Axial Retailing Inc,Japan,Consumer Staples,3109536
Axiata Group Bhd,Malaysia,Telecommunications,29172714
Axis Bank Ltd,India,Financials,765079899
Axis Capital Holdings Ltd,United States,Financials,70484184
Axogen Inc,United States,Health Care,1073692
Axon Enterprise Inc,United States,Industrials,244122689
Axonics Inc,United States,Health Care,85493433
Axsome Therapeutics Inc,United States,Health Care,56658476
Ayala Corp,Philippines,Real Estate,69601026
Ayala Land Inc,Philippines,Real Estate,78618969
AyalaLand Logistics Holdings Corp,Philippines,Real Estate,1590623
Ayvens SA,France,Consumer Discretionary,23122879
Azbil Corp,Japan,Industrials,55146805
Azelis Group NV,Belgium,Industrials,104633623
Azenta Inc,United States,Health Care,27816353
Azimut Holding SpA,Italy,Financials,66003071
Azorim-Investment Development & Construction Co Ltd,Israel,Consumer Discretionary,703975
Azrieli Group Ltd,Israel,Real Estate,10001083
Azul SA,Brazil,Consumer Discretionary,5218905
B Communications Ltd,Israel,Telecommunications,4311398
B Grimm Power PCL,Thailand,Utilities,2142726
B&M European Value Retail SA,United Kingdom,Consumer Discretionary,101047324
B&S Group Sarl,Netherlands,Consumer Discretionary,1655452
B2Gold Corp,Canada,Basic Materials,43640013
B3 SA - Brasil Bolsa Balcao,Brazil,Financials,152205701
BAIC Motor Corp Ltd,China,Consumer Discretionary,16348208
BASF India Ltd,India,Basic Materials,7147500
BASF SE,Germany,Basic Materials,568872587
BAWAG Group AG,Austria,Financials,127114352
BB Seguridade Participacoes SA,Brazil,Financials,12567409
BBB Foods Inc,Mexico,Consumer Staples,43357628
BBGI PCL,Thailand,Energy,35183
BBMG Corp,China,Industrials,72
BCE Inc,Canada,Telecommunications,100494665
BCPG PCL,Thailand,Utilities,416979
BDO Unibank Inc,Philippines,Financials,13884579
BE Semiconductor Industries NV,Netherlands,Technology,562987764
BEC World PCL,Thailand,Consumer Discretionary,0
BEML Ltd,India,Industrials,10368924
BES Engineering Corp,Taiwan,Industrials,4133156
BFF Bank SpA,Italy,Financials,24777159
BFI Finance Indonesia Tbk PT,Indonesia,Financials,19661459
BG Container Glass PCL,Thailand,Industrials,793668
BGC Group Inc,United States,Financials,21812309
BGF Co Ltd,South Korea,Consumer Staples,92705
BGF retail Co Ltd,South Korea,Consumer Staples,7510471
BHP Group Ltd,Australia,Basic Materials,2128075285
BILL Holdings Inc,United States,Industrials,57211411
BIM Birlesik Magazalar AS,Türkiye,Consumer Staples,133635092
BIPROGY Inc,Japan,Technology,32682578
BJ's Wholesale Club Holdings Inc,United States,Consumer Discretionary,125065977
BKW AG,Switzerland,Utilities,71083402
BLS International Services Ltd,India,Industrials,3629557
BML Inc,Japan,Health Care,3067012
BNK Financial Group Inc,South Korea,Financials,27670159
BNP Paribas SA,France,Financials,1801513671
BNPP Bank Polska SA,Poland,Financials,25
BOC Aviation Ltd,Hong Kong,Industrials,27941184
BOC Hong Kong Holdings Ltd,Hong Kong,Financials,345060768
BOC Kenya PLC,Kenya,Basic Materials,83358
BOE Technology Group Co Ltd,China,Technology,54418812
BOK Financial Corp,United States,Financials,16963939
BP PLC,United Kingdom,Energy,3880307652
BP Plastics Holding Bhd,Malaysia,Industrials,974743
BPER Banca SPA,Italy,Financials,319596823
BPPL Holdings Ltd,Sri Lanka,Consumer Discretionary,117886
BRAC Bank PLC,Bangladesh,Financials,25784581
BRF SA,Brazil,Consumer Staples,2545581
BRONCO BILLY Co Ltd,Japan,Consumer Discretionary,567817
BSE Ltd,India,Financials,22608566
BT Group PLC,United Kingdom,Telecommunications,235877077
BTG Hotels Group Co Ltd,China,Consumer Discretionary,3129430
BTS Group Holdings PCL,Thailand,Industrials,7159053
BWP Trust,Australia,Real Estate,14120499
BYD Co Ltd,China,Consumer Discretionary,499632752
BYD Electronic International Co Ltd,China,Telecommunications,77491482
Babcock International Group PLC,United Kingdom,Industrials,48513641
Baby Bunting Group Ltd,Australia,Consumer Discretionary,992880
Bachem Holding AG,Switzerland,Health Care,70209854
Backblaze Inc,United States,Technology,1042888
Badger Meter Inc,United States,Industrials,61970506
Bafang Electric Suzhou Co Ltd,China,Consumer Discretionary,7399693
Baidu Inc,China,Technology,298699456
Baiksan Co Ltd,South Korea,Basic Materials,3579668
Bajaj Auto Ltd,India,Consumer Discretionary,235040192
Bajaj Consumer Care Ltd,India,Consumer Staples,1709849
Bajaj Electricals Ltd,India,Consumer Discretionary,47809035
Bajaj Finance Ltd,India,Financials,243259091
Bajaj Finserv Ltd,India,Financials,136790529
Bajaj Holdings & Investment Ltd,India,Financials,37600037
Baker Hughes Co,United States,Energy,635773119
Bakkavor Group PLC,United Kingdom,Consumer Staples,2414797
Balaji Amines Ltd,India,Basic Materials,4724840
Balanced Commercial Property Trust Ltd,United Kingdom,Real Estate,4532147
Balchem Corp,United States,Basic Materials,59649775
Balfour Beatty PLC,United Kingdom,Industrials,57802608
Balkrishna Industries Ltd,India,Consumer Discretionary,131527781
Ball Corp,United States,Industrials,201271128
Ballard Power Systems Inc,Canada,Energy,173
Baloise Holding AG,Switzerland,Financials,199764031
Balrampur Chini Mills Ltd,India,Consumer Staples,7021830
BancFirst Corp,United States,Financials,17557628
Banca Generali SpA,Italy,Financials,56887281
Banca IFIS SpA,Italy,Financials,3077240
Banca Mediolanum SpA,Italy,Financials,73373881
Banca Monte dei Paschi di Siena SpA,Italy,Financials,184215988
Banca Popolare di Sondrio SPA,Italy,Financials,47962683
Banca Transilvania SA,Romania,Financials,4892879
Banco BMG SA,Brazil,Financials,959021
Banco BPM SpA,Italy,Financials,230705367
Banco BTG Pactual SA,Brazil,Financials,157903107
Banco Bilbao Vizcaya Argentaria SA,Spain,Financials,1371506880
Banco Bradesco SA,Brazil,Financials,219263011
Banco Comercial Portugues SA,Portugal,Financials,90599158
Banco Davivienda SA,Colombia,Financials,8234089
Banco Itau Chile SA,Chile,Financials,28095131
Banco Popular SA,Colombia,Financials,1109431
Banco Santander Brasil SA,Brazil,Financials,20763892
Banco Santander Chile,Chile,Financials,41401130
Banco Santander SA,Spain,Financials,1208160947
Banco de Chile,Chile,Financials,44208753
Banco de Credito e Inversiones SA,Chile,Financials,36188504
Banco de Sabadell SA,Spain,Financials,215578532
Banco del Bajio SA,Mexico,Financials,10686923
Banco do Brasil SA,Brazil,Financials,388475608
Bancolombia SA,Colombia,Financials,95346061
Bandai Namco Holdings Inc,Japan,Consumer Discretionary,104610238
Bandhan Bank Ltd,India,Financials,22345861
Bando Chemical Industries Ltd,Japan,Industrials,1522098
Bandwidth Inc,United States,Technology,1139400
Bangchak Corp PCL,Thailand,Energy,9681214
Bangkok Airways PCL,Thailand,Consumer Discretionary,12606461
Bangkok Aviation Fuel Services PCL,Thailand,Industrials,2278430
Bangkok Bank PCL,Thailand,Financials,92113854
Bangkok Chain Hospital PCL,Thailand,Health Care,22897300
Bangkok Commercial Asset Management PCL,Thailand,Financials,1195647
Bangkok Dusit Medical Services PCL,Thailand,Health Care,71900035
Bangkok Expressway & Metro PCL,Thailand,Industrials,13998539
Bangkok Land PCL,Thailand,Real Estate,277916
Bangkok Life Assurance PCL,Thailand,Financials,1137527
Bangkok Ranch PCL,Thailand,Consumer Staples,118737
Bangladesh Submarine Cables PLC,Bangladesh,Telecommunications,4423673
Bank BTPN Syariah Tbk PT,Indonesia,Financials,15683878
Bank CIMB Niaga Tbk PT,Indonesia,Financials,26264663
Bank Central Asia Tbk PT,Indonesia,Financials,720304063
Bank Handlowy w Warszawie SA,Poland,Financials,12164
Bank Hapoalim BM,Israel,Financials,121026189
Bank Islam Malaysia Bhd,Malaysia,Financials,1923383
Bank Jago Tbk PT,Indonesia,Financials,1429251
Bank Leumi Le-Israel BM,Israel,Financials,62859619
Bank Mandiri Persero Tbk PT,Indonesia,Financials,188219671
Bank Millennium SA,Poland,Financials,3499508
Bank Negara Indonesia Persero Tbk PT,Indonesia,Financials,96004764
Bank Neo Commerce Tbk PT,Indonesia,Financials,0
Bank OZK,United States,Financials,40097631
Bank Pembangunan Daerah Jawa Timur Tbk PT,Indonesia,Financials,2781458
Bank Polska Kasa Opieki SA,Poland,Financials,105976216
Bank Rakyat Indonesia Persero Tbk PT,Indonesia,Financials,359978043
Bank St Petersburg PJSC,Russia,Financials,2313581
Bank Syariah Indonesia Tbk PT,Indonesia,Financials,28900287
Bank Tabungan Negara Persero Tbk PT,Indonesia,Financials,1023784
Bank for Foreign Trade of Vietnam JSC,Vietnam,Financials,33381689
Bank for Investment and Development of Vietnam JSC,Vietnam,Financials,12973898
Bank of America Corp,United States,Financials,4821001008
Bank of Baroda,India,Financials,88133949
Bank of China Ltd,China,Financials,362773756
Bank of Chongqing Co Ltd,China,Financials,1311417
Bank of Communications Co Ltd,China,Financials,22929091
Bank of Cyprus Holdings PLC,United Kingdom,Financials,296431
Bank of East Asia Ltd/The,Hong Kong,Financials,18822063
Bank of Georgia Group PLC,United Kingdom,Financials,50374261
Bank of Hawaii Corp,United States,Financials,19659301
Bank of India,India,Financials,16196428
Bank of Ireland Group PLC,Ireland,Financials,566548856
Bank of Jiangsu Co Ltd,China,Financials,26758116
Bank of Kaohsiung Co Ltd,Taiwan,Financials,1530787
Bank of Maharashtra,India,Financials,8715641
Bank of Montreal,Canada,Financials,709665894
Bank of NT Butterfield & Son Ltd/The,United States,Financials,8706705
Bank of Nagoya Ltd/The,Japan,Financials,5733246
Bank of New York Mellon Corp/The,United States,Financials,1008253899
Bank of Ningbo Co Ltd,China,Financials,34394915
Bank of Nova Scotia/The,Canada,Financials,696865927
Bank of Queensland Ltd,Australia,Financials,10687980
Bank of Saga Ltd/The,Japan,Financials,912052
Bank of the Philippine Islands,Philippines,Financials,149068456
Bank of the Ryukyus Ltd,Japan,Financials,1356126
BankUnited Inc,United States,Financials,348723
Bankinter SA,Spain,Financials,77536075
Banner Corp,United States,Financials,8039595
Banque Cantonale Vaudoise,Switzerland,Financials,63870387
Baoshan Iron & Steel Co Ltd,China,Basic Materials,7592587
Baozun Inc,China,Technology,72306
Bapcor Ltd,Australia,Consumer Discretionary,38394882
Barclays PLC,United Kingdom,Financials,548876983
Barco NV,Belgium,Technology,21259291
Barnes Group Inc,United States,Industrials,9328969
Barratt Developments PLC,United Kingdom,Consumer Discretionary,126745145
Barry Callebaut AG,Switzerland,Consumer Staples,150220476
Base Co Ltd,Japan,Technology,1272546
Bashneft PJSC,Russia,Energy,1521695
Basic-Fit NV,Netherlands,Consumer Discretionary,13340069
Basilea Pharmaceutica AG,Switzerland,Health Care,5070242
Basler AG,Germany,Industrials,7959138
Basso Industry Corp,Taiwan,Industrials,1527123
Bata India Ltd,India,Consumer Discretionary,28201232
Bath & Body Works Inc,United States,Consumer Discretionary,101613255
Baticim Bati Anadolu Cimento Sanayii AS,Türkiye,Industrials,14998398
Bausch Health Cos Inc,Canada,Health Care,26156834
Bavarian Nordic A/S,Denmark,Health Care,38513152
Baxter International Inc,United States,Health Care,208565165
BayCurrent Consulting Inc,Japan,Industrials,49515041
BayWa AG,Germany,Industrials,1141553
Bayer AG,Germany,Health Care,472109996
Bayerische Motoren Werke AG,Germany,Consumer Discretionary,153202484
Beacon Roofing Supply Inc,United States,Industrials,11753507
Beam Therapeutics Inc,United States,Health Care,9625021
Beauty Community PCL,Thailand,Consumer Discretionary,121364
Beazley PLC,United Kingdom,Financials,151184030
Bechtle AG,Germany,Technology,129860650
Becle SAB de CV,Mexico,Consumer Staples,7671647
Becton Dickinson & Co,United States,Health Care,730704365
Beenos Inc,Japan,Consumer Discretionary,5289437
Befesa SA,Germany,Utilities,34848423
Bega Cheese Ltd,Australia,Consumer Staples,11772861
BeiGene Ltd,China,Health Care,155765097
Beiersdorf AG,Germany,Consumer Staples,273771320
Beijer Alma AB,Sweden,Basic Materials,7017285
Beijer Ref AB,Sweden,Industrials,580632280
Beijing Bei Mo Gao Ke Friction Material Co Ltd,China,Industrials,2902039
Beijing Capital International Airport Co Ltd,China,Industrials,694
Beijing Chunlizhengda Medical Instruments Co Ltd,China,Health Care,28948
Beijing Dabeinong Technology Group Co Ltd,China,Consumer Staples,2267544
Beijing Enterprises Holdings Ltd,China,Utilities,25168
Beijing Enterprises Water Group Ltd,China,Utilities,134027
Beijing Gas Blue Sky Holdings Ltd,China,Utilities,22
Beijing Huafeng Test & Control Technology Co Ltd,China,Technology,17012252
Beijing Jingneng Clean Energy Co Ltd,China,Utilities,9733827
Beijing Kingsoft Office Software Inc,China,Technology,30541248
Beijing New Building Materials PLC,China,Industrials,194871329
Beijing Originwater Technology Co Ltd,China,Utilities,177972
Beijing Roborock Technology Co Ltd,China,Consumer Discretionary,69357030
Bekaert SA,Belgium,Basic Materials,85007997
Belc Co Ltd,Japan,Consumer Staples,5807609
Belden Inc,United States,Industrials,42610807
Belimo Holding AG,Switzerland,Industrials,99740255
Bell Food Group AG,Switzerland,Consumer Staples,14114722
Bell System24 Holdings Inc,Japan,Industrials,2781668
BellRing Brands Inc,United States,Consumer Staples,91586049
Bellevue Gold Ltd,Australia,Basic Materials,21866761
Belluna Co Ltd,Japan,Consumer Discretionary,2254920
Bellway PLC,United Kingdom,Consumer Discretionary,68907728
Benchmark Electronics Inc,United States,Technology,7328985
Bendigo & Adelaide Bank Ltd,Australia,Financials,51019733
Benefit Systems SA,Poland,Industrials,53091703
Beneteau SACA,France,Consumer Discretionary,3789266
Bentley Systems Inc,United States,Technology,559940
Berger Paints India Ltd,India,Industrials,17573846
Berjaya Corp Bhd,Malaysia,Consumer Discretionary,314156
Berjaya Food Bhd,Malaysia,Consumer Discretionary,6052281
Berkeley Group Holdings PLC,United Kingdom,Consumer Discretionary,141643181
Berkshire Hathaway Inc,United States,Financials,8555904305
Berkshire Hills Bancorp Inc,United States,Financials,4656262
Berli Jucker PCL,Thailand,Consumer Discretionary,19577299
Bermaz Auto Bhd,Malaysia,Consumer Discretionary,9354386
Berry Global Group Inc,United States,Industrials,72156632
Bertrandt AG,Germany,Industrials,9359197
Besalco SA,Chile,Industrials,5702713
Beshom Holdings Bhd,Malaysia,Consumer Discretionary,377858
Best Buy Co Inc,United States,Consumer Discretionary,205568054
Bet Shemesh Engines Holdings 1997 Ltd,Israel,Industrials,7900063
Betagro PCL,Thailand,Consumer Staples,3638630
Bethel Automotive Safety Systems Co Ltd,China,Consumer Discretionary,114419457
Betmakers Technology Group Ltd,Australia,Consumer Discretionary,1561681
Bewith Inc,Japan,Industrials,4161684
Beximco Pharmaceuticals Ltd,Bangladesh,Health Care,14401698
Beyond Inc,United States,Consumer Discretionary,1857870
Beyond Meat Inc,United States,Consumer Staples,7
Beyout Investment Group Holding Co KSC,Kuwait,Industrials,2024939
Bezeq The Israeli Telecommunication Corp Ltd,Israel,Telecommunications,23678280
Bharat Dynamics Ltd,India,Industrials,13026418
Bharat Forge Ltd,India,Basic Materials,61782426
Bharat Petroleum Corp Ltd,India,Energy,82293171
Bharti Airtel Ltd,India,Telecommunications,1121344562
Bic Camera Inc,Japan,Consumer Discretionary,10702029
Bid Corp Ltd,South Africa,Consumer Staples,139724922
Bidvest Group Ltd/The,South Africa,Industrials,45663415
Biesse SpA,Italy,Industrials,12403953
Big Shopping Centers Ltd,Israel,Real Estate,10068104
Big Technologies plc,United Kingdom,Technology,6647557
Big Yellow Group PLC,United Kingdom,Real Estate,51045189
BigCommerce Holdings Inc,United States,Technology,4985916
Bilfinger SE,Germany,Industrials,31892229
Bilia AB,Sweden,Consumer Discretionary,9818939
Bilibili Inc,China,Technology,62491196
Billerud Aktiebolag,Sweden,Basic Materials,46910395
Binex Co Ltd,South Korea,Health Care,47069
Bio-Rad Laboratories Inc,United States,Health Care,60471743
Bio-Techne Corp,United States,Health Care,133599306
BioArctic AB,Sweden,Health Care,17190420
BioAtla Inc,United States,Health Care,668822
BioCryst Pharmaceuticals Inc,United States,Health Care,4027104
BioMarin Pharmaceutical Inc,United States,Health Care,294276236
BioMerieux,France,Health Care,93247226
Bioceltix SA,Poland,Health Care,1634101
Biocon Ltd,India,Health Care,26809092
Biogen Inc,United States,Health Care,473522487
Biohaven Ltd,United States,Health Care,38178327
Bioneer Corp,South Korea,Health Care,4053058
Biotage AB,Sweden,Health Care,42929389
Bioteque Corp,Taiwan,Health Care,984665
Birkenstock Holding Plc,United States,Consumer Discretionary,172289755
Birlasoft Ltd,India,Technology,13891216
Bizlink Holding Inc,Taiwan,Technology,34884690
BlackBerry Ltd,Canada,Technology,15
BlackLine Inc,United States,Technology,4300616
BlackRock Inc,United States,Financials,1881720782
Blackbaud Inc,United States,Technology,48761063
Blackstone Inc,United States,Financials,711103362
Blackstone Mortgage Trust Inc,United States,Financials,32794979
Blau Farmaceutica SA,Brazil,Health Care,377715
Block Inc,United States,Industrials,507807415
Bloom Energy Corp,United States,Industrials,51321573
Bloomage Biotechnology Corp Ltd,China,Health Care,406792
Bloomberry Resorts Corp,Philippines,Consumer Discretionary,12217303
Bloomin' Brands Inc,United States,Consumer Discretionary,116745
Blue Bird Corp,United States,Industrials,1728585
Blue Dart Express Ltd,India,Industrials,7107125
Blue Jet Healthcare Ltd,India,Health Care,15881571
Blue Moon Group Holdings Ltd,China,Consumer Staples,2808687
Blue Owl Capital Inc,United States,Financials,26853052
Blue Star Ltd,India,Industrials,83865316
BlueLinx Holdings Inc,United States,Industrials,1396350
BlueScope Steel Ltd,Australia,Basic Materials,147614343
Bluebik Group PCL,Thailand,Technology,2970229
Blueprint Medicines Corp,United States,Health Care,81688079
Boardwalk Real Estate Investment Trust,Canada,Real Estate,11456509
Bodycote PLC,United Kingdom,Industrials,36072269
Boer Power Holdings Ltd,China,Technology,15960
Boiron SA,France,Health Care,1608872
Boise Cascade Co,United States,Basic Materials,56513857
Boliden AB,Sweden,Basic Materials,88811558
Bollore SE,France,Industrials,85076041
Bolsa Mexicana de Valores SAB de CV,Mexico,Financials,847119
Bombardier Inc,Canada,Industrials,66195294
Bombay Burmah Trading Co,India,Consumer Discretionary,6629843
Bonduelle SCA,France,Consumer Staples,1134758
BoneSupport Holding AB,Sweden,Health Care,35786248
Booking Holdings Inc,United States,Consumer Discretionary,1324472064
Boot Barn Holdings Inc,United States,Consumer Discretionary,10204809
Booz Allen Hamilton Holding Corp,United States,Industrials,236825167
Boozt AB,Sweden,Consumer Discretionary,28535842
Bora Pharmaceuticals Co Ltd,Taiwan,Health Care,26616033
Boralex Inc,Canada,Utilities,25737326
BorgWarner Inc,United States,Consumer Discretionary,64147992
Borosil Renewables Ltd,India,Industrials,3473280
Borouge PLC,United Arab Emirates,Basic Materials,10576903
Boryszew SA,Poland,Industrials,349924
Bosch Ltd,India,Consumer Discretionary,58359685
Boss Energy Ltd,Australia,Basic Materials,23780194
Bossard Holding AG,Switzerland,Industrials,15338104
Boston Beer Co Inc/The,United States,Consumer Staples,32099496
Boston Properties Inc,United States,Real Estate,779227773
Boston Scientific Corp,United States,Health Care,1348553530
Boubyan Bank KSCP,Kuwait,Financials,10017
Boubyan Petrochemicals Co KSCP,Kuwait,Basic Materials,2608427
Bound And Beyond PCL,Thailand,Consumer Discretionary,1350835
Boundless Bio Inc,United States,Health Care,608407
Boursa Kuwait Securities Co KPSC,Kuwait,Financials,22011011
Bouygues SA,France,Industrials,56596117
Bowhead Specialty Holdings Inc,United States,Financials,506800
Box Inc,United States,Technology,15229096
Boyd Gaming Corp,United States,Consumer Discretionary,45405265
Boyd Group Services Inc,Canada,Consumer Discretionary,50399811
Brack Capital Properties NV,Germany,Real Estate,12275
BrainPad Inc,Japan,Technology,296910
Brainscan SA,Poland,Health Care,299499
Brait PLC,South Africa,Financials,1896049
Brambles Ltd,Australia,Industrials,245718934
Brandywine Realty Trust,United States,Real Estate,4303569
Braskem SA,Brazil,Basic Materials,72428022
Bravida Holding AB,Sweden,Industrials,35682501
Bravura Solutions Ltd,Australia,Technology,3502712
Braze Inc,United States,Technology,34376857
Bread Financial Holdings Inc,United States,Industrials,11859911
Brembo NV,Italy,Consumer Discretionary,57432542
Brenntag SE,Germany,Basic Materials,43250436
Breville Group Ltd,Australia,Consumer Discretionary,43478511
Brickworks Ltd,Australia,Industrials,15305404
Bridge Investment Group Holdings Inc,United States,Real Estate,654444
Bridgebio Pharma Inc,United States,Health Care,22638156
Bridgepoint Group PLC,United Kingdom,Financials,39428060
Bridgestone Corp,Japan,Consumer Discretionary,173318976
Brigade Enterprises Ltd,India,Real Estate,21463213
Bright Horizons Family Solutions Inc,United States,Consumer Discretionary,31134367
BrightSpire Capital Inc,United States,Financials,5225344
BrightSpring Health Services Inc,United States,Health Care,78242540
Brighthouse Financial Inc,United States,Financials,31833447
Brighton-Best International Taiwan Inc,Taiwan,Basic Materials,6071263
Brightsphere Investment Group Inc,United States,Financials,2777103
Brii Biosciences Ltd,China,Health Care,39
Brilliance China Automotive Holdings Ltd,China,Consumer Discretionary,111095894
Brimstone Investment Corp Ltd,South Africa,Consumer Staples,1633078
Brink's Co/The,United States,Industrials,26682368
Brinker International Inc,United States,Consumer Discretionary,8582124
Bristol-Myers Squibb Co,United States,Health Care,1332523855
Britannia Industries Ltd,India,Consumer Staples,79767869
British Land Co PLC/The,United Kingdom,Real Estate,293785997
Britvic PLC,United Kingdom,Consumer Staples,86734701
Brixmor Property Group Inc,United States,Real Estate,82172877
Broadcom Inc,United States,Technology,9113978892
Broadleaf Co Ltd,Japan,Technology,9134810
Broadridge Financial Solutions Inc,United States,Financials,83329030
Broadstone Net Lease Inc,United States,Real Estate,36192471
Brogent Technologies Inc,Taiwan,Consumer Discretionary,752037
Brookfield Asset Management Ltd,Canada,Financials,264406042
Brookfield Corp,Canada,Financials,653399805
Brookfield India Real Estate Trust,India,Real Estate,966799
Brookfield Infrastructure Corp,Canada,Utilities,49541453
Brookfield Reinsurance Ltd,Canada,Financials,756081
Brookfield Renewable Corp,Canada,Utilities,47670661
Brookline Bancorp Inc,United States,Financials,3614590
Brother Industries Ltd,Japan,Technology,60728912
Brown & Brown Inc,United States,Financials,293811632
Brown-Forman Corp,United States,Consumer Staples,87550015
Bruker Corp,United States,Health Care,67052186
Brunel International NV,Netherlands,Industrials,1691586
Brunello Cucinelli SpA,Italy,Consumer Discretionary,50723702
Brunswick Corp/DE,United States,Industrials,34207067
Bubs Australia Ltd,Australia,Consumer Staples,69725
Bucher Industries AG,Switzerland,Industrials,64380085
Buckle Inc/The,United States,Consumer Discretionary,6100087
Budimex SA,Poland,Industrials,24273
Budweiser Brewing Co APAC Ltd,Hong Kong,Consumer Staples,95010144
Bufab AB,Sweden,Industrials,9141142
Builders FirstSource Inc,United States,Industrials,172073250
Bukalapak.com PT Tbk,Indonesia,Technology,11154727
Bukwang Pharmaceutical Co Ltd,South Korea,Health Care,527962
Bumi Armada Bhd,Malaysia,Energy,21362216
Bumi Serpong Damai Tbk PT,Indonesia,Real Estate,28107146
Bumrungrad Hospital PCL,Thailand,Health Care,82710771
Bunge Global SA,United States,Consumer Staples,189451620
Bunka Shutter Co Ltd,Japan,Industrials,5749393
Bunzl PLC,United Kingdom,Industrials,371336292
Burberry Group PLC,United Kingdom,Consumer Discretionary,63141592
Burckhardt Compression Holding AG,Switzerland,Industrials,50084342
Bure Equity AB,Sweden,Financials,43619115
Bureau Veritas SA,France,Industrials,210925754
Burgan Bank SAK,Kuwait,Financials,2727051
Burjeel Holdings PLC,United Arab Emirates,Health Care,26144122
Burlington Stores Inc,United States,Consumer Discretionary,184857840
Bursa Malaysia Bhd,Malaysia,Financials,8246130
Buzzi SpA,Italy,Industrials,61755670
Byggmax Group AB,Sweden,Consumer Discretionary,5800988
Bystronic AG,Switzerland,Industrials,7325277
Bytes Technology Group PLC,United Kingdom,Technology,29213690
C Uyemura & Co Ltd,Japan,Basic Materials,27281177
C&A MODAS SA,Brazil,Consumer Discretionary,403755
C&C Group PLC,United Kingdom,Consumer Staples,5706295
C&C International Corp,South Korea,Consumer Discretionary,2017574
C&D International Investment Group Ltd,China,Real Estate,137711108
C&D Property Management Group Co Ltd,China,Real Estate,1562472
C-Mer Medical Holdings Ltd,Hong Kong,Health Care,1067505
C3.ai Inc,United States,Technology,10446104
CA Immobilien Anlagen AG,Austria,Real Estate,11010577
CAC Holdings Corp,Japan,Technology,875136
CACI International Inc,United States,Technology,114666636
CAE Inc,Canada,Industrials,70849212
CANCOM SE,Germany,Technology,9757106
CAPITAL A BHD,Malaysia,Consumer Discretionary,2069469
CAR Group Ltd,Australia,Technology,132162680
CARsgen Therapeutics Holdings Ltd,China,Health Care,423906
CBIZ Inc,United States,Industrials,21690552
CBRE Group Inc,United States,Real Estate,338221193
CCC Intelligent Solutions Holdings Inc,United States,Technology,59143330
CCC SA,Poland,Consumer Discretionary,38223151
CCL Industries Inc,Canada,Industrials,5047
CCL Products India Ltd,India,Consumer Staples,9365946
CCR SA,Brazil,Industrials,27246523
CD Projekt SA,Poland,Consumer Discretionary,79858618
CDL Hospitality Trusts,Singapore,Real Estate,10598565
CDW Corp/DE,United States,Technology,123926778
CECONOMY AG,Germany,Consumer Discretionary,7097512
CELCOMDIGI BHD,Malaysia,Telecommunications,7806983
CEVA Inc,United States,Technology,1722597
CF Industries Holdings Inc,United States,Basic Materials,169626585
CG Power & Industrial Solutions Ltd,India,Industrials,74969278
CGI Inc,Canada,Technology,253749487
CGN Mining Co Ltd,Hong Kong,Energy,11722167
CGN Power Co Ltd,China,Utilities,53960365
CH Karnchang PCL,Thailand,Industrials,46645015
CH Robinson Worldwide Inc,United States,Industrials,45989740
CHC Healthcare Group,Taiwan,Health Care,1552659
CHIMNEY Co Ltd,Japan,Consumer Discretionary,305155
CI Financial Corp,Canada,Financials,8785542
CI Takiron Corp,Japan,Industrials,747063
CI&T Inc,Brazil,Technology,5059860
CIC Holdings PLC,Sri Lanka,Basic Materials,2474735
CIE Automotive India Ltd,India,Consumer Discretionary,11430297
CIE Automotive SA,Spain,Consumer Discretionary,29023372
CIFI Holdings Group Co Ltd,China,Real Estate,1870419
CIMB Group Holdings Bhd,Malaysia,Financials,156432474
CIMC Enric Holdings Ltd,China,Energy,23940428
CIR SpA-Compagnie Industriali,Italy,Industrials,684292
CITIC Ltd,China,Industrials,39688758
CITIC Securities Co Ltd,China,Financials,46845273
CITIC Telecom International Holdings Ltd,Hong Kong,Telecommunications,8709325
CJ CGV Co Ltd,South Korea,Consumer Discretionary,606552
CJ CheilJedang Corp,South Korea,Consumer Staples,58717561
CJ Corp,South Korea,Industrials,31408394
CJ ENM Co Ltd,South Korea,Consumer Discretionary,34737816
CJ Freshway Corp,South Korea,Consumer Staples,1555760
CJ Logistics Corp,South Korea,Industrials,2574713
CK Asset Holdings Ltd,Hong Kong,Real Estate,117509891
CK Hutchison Holdings Ltd,Hong Kong,Industrials,216097482
CK Infrastructure Holdings Ltd,Hong Kong,Utilities,54755538
CK Power PCL,Thailand,Utilities,492394
CKD Corp,Japan,Industrials,9437598
CLS Holdings PLC,United Kingdom,Real Estate,1664183
CMC Magnetics Corp,Taiwan,Technology,3167371
CMC Markets PLC,United Kingdom,Financials,21289167
CME Group Inc,United States,Financials,928801115
CMG Pharmaceutical Co Ltd,South Korea,Health Care,266260
CMGE Technology Group Ltd,China,Consumer Discretionary,177865
CMK Corp,Japan,Technology,810548
CMS Energy Corp,United States,Utilities,123806982
CMS Info Systems Ltd,India,Industrials,17460391
CNA Financial Corp,United States,Financials,13122118
CNGR Advanced Material Co Ltd,China,Basic Materials,22550822
CNH Industrial NV,United States,Industrials,33851168
CNO Financial Group Inc,United States,Financials,28968758
COFCO Joycome Foods Ltd,China,Consumer Staples,5926749
COLOPL Inc,Japan,Consumer Discretionary,1910448
COMSYS Holdings Corp,Japan,Industrials,35198375
CONMED Corp,United States,Health Care,24024163
COPT Defense Properties,United States,Real Estate,38106873
COSCO SHIPPING Development Co Ltd,China,Industrials,145
COSCO SHIPPING Energy Transportation Co Ltd,China,Industrials,21611497
COSCO SHIPPING Holdings Co Ltd,China,Industrials,15629725
COSCO SHIPPING International Singapore Co Ltd,Singapore,Industrials,1088180
COSMO Pharmaceuticals NV,Switzerland,Health Care,4930559
COSON Co Ltd,South Korea,Consumer Discretionary,583
CP ALL PCL,Thailand,Consumer Staples,277080105
CP Axtra PCL,Thailand,Consumer Discretionary,23481742
CPE Technology Bhd,Malaysia,Industrials,8920106
CPFL Energia SA,Brazil,Utilities,3082994
CPMC Holdings Ltd,China,Industrials,1629669
CRE Logistics REIT Inc,Japan,Real Estate,5163327
CRH PLC,United Kingdom,Industrials,1214557026
CRISIL Ltd,India,Financials,9726583
CRISPR Therapeutics AG,United States,Health Care,35117734
CS Bearing Co Ltd,South Korea,Industrials,3214188
CS Disco Inc,United States,Industrials,10574566
CS Wind Corp,South Korea,Energy,38890037
CSBC Corp Taiwan,Taiwan,Industrials,369443
CSC Financial Co Ltd,China,Financials,9859998
CSG Holding Co Ltd,China,Industrials,5149690
CSG Systems International Inc,United States,Technology,7865487
CSL Ltd,Australia,Health Care,1620026109
CSPC Pharmaceutical Group Ltd,China,Health Care,185710310
CSX Corp,United States,Industrials,735934353
CTBC Financial Holding Co Ltd,Taiwan,Financials,347477068
CTCI Corp,Taiwan,Industrials,18645133
CTI Logistics Ltd,Australia,Industrials,1758202
CTOS Digital Bhd,Malaysia,Industrials,2760784
CTP NV,Netherlands,Real Estate,92381781
CTS Co Ltd,Japan,Technology,4887393
CTS Corp,United States,Technology,8010577
CTS Eventim AG & Co KGaA,Germany,Consumer Discretionary,133395403
CTS Global Equity Group,Philippines,Financials,93672
CTT-Correios de Portugal SA,Portugal,Industrials,4310895
CUC Inc,Japan,Health Care,1094822
CVB Financial Corp,United States,Financials,18803840
CVC Brasil Operadora e Agencia de Viagens SA,Brazil,Consumer Discretionary,1752532
CVC Capital Partners PLC,Netherlands,Financials,79885298
CVR Energy Inc,United States,Energy,14244504
CVRx Inc,United States,Health Care,1788908
CVS Group PLC,United Kingdom,Consumer Discretionary,11484735
CVS Health Corp,United States,Consumer Staples,861468355
Cable One Inc,United States,Telecommunications,24594504
Cabot Corp,United States,Basic Materials,33912648
Cactus Inc,United States,Energy,16267231
Cadence Bank,United States,Financials,54949482
Cadence Design Systems Inc,United States,Technology,1294805808
Cadre Holdings Inc,United States,Industrials,2537136
Caesars Entertainment Inc,United States,Consumer Discretionary,127604425
Cafe de Coral Holdings Ltd,Hong Kong,Consumer Discretionary,4167943
Cafe24 Corp,South Korea,Technology,505257
Cahya Mata Sarawak Bhd,Malaysia,Industrials,7104082
Cairn Homes PLC,Ireland,Consumer Discretionary,1246455
Cairo Communication SpA,Italy,Consumer Discretionary,3085384
Cairo For Investment And Real Estate Developments - CIRA Education,Egypt,Consumer Discretionary,5031170
CaixaBank SA,Spain,Financials,391273870
Cal-Maine Foods Inc,United States,Consumer Staples,5779784
Calbee Inc,Japan,Consumer Staples,17236164
California Water Service Group,United States,Utilities,29130077
Calix Ltd,Australia,Utilities,720215
Camden Property Trust,United States,Real Estate,416583835
Cameco Corp,Canada,Energy,169980230
Camil Alimentos SA,Brazil,Consumer Staples,399093
Campbell Soup Co,United States,Consumer Staples,105654898
Camping World Holdings Inc,United States,Consumer Discretionary,1376417
Camplify Holdings Ltd,Australia,Technology,2034212
Campus Activewear Ltd,India,Consumer Discretionary,1052616
Camtek Ltd/Israel,Israel,Technology,4641489
Camurus AB,Sweden,Health Care,39678967
Can Fin Homes Ltd,India,Financials,9963467
CanSino Biologics Inc,China,Health Care,501
Canaan Inc,China,Technology,7
Canadian Apartment Properties REIT,Canada,Real Estate,64629426
Canadian Imperial Bank of Commerce,Canada,Financials,397264705
Canadian National Railway Co,Canada,Industrials,685004329
Canadian Pacific Kansas City Ltd,Canada,Industrials,1015795679
Canadian Tire Corp Ltd,Canada,Consumer Discretionary,63790509
Canadian Utilities Ltd,Canada,Utilities,275470
Canadian Western Bank,Canada,Financials,15368982
Canara Bank,India,Financials,30614615
Canfor Corp,Canada,Basic Materials,2005229
Cannae Holdings Inc,United States,Financials,18
Canon Electronics Inc,Japan,Technology,2369052
Canon Inc,Japan,Technology,76835706
Canon Marketing Japan Inc,Japan,Technology,28016180
Canvest Environmental Protection Group Co Ltd,China,Utilities,2430463
Capcom Co Ltd,Japan,Consumer Discretionary,66265905
Cape Ems Manufacturing M Sdn Bhd,Malaysia,Industrials,3990126
Capgemini SE,France,Technology,381274409
Capita PLC,United Kingdom,Industrials,2248973
CapitaLand Ascendas REIT,Singapore,Real Estate,119148439
CapitaLand Ascott Trust,Singapore,Real Estate,28431034
CapitaLand China Trust,Singapore,Real Estate,9216884
CapitaLand Integrated Commercial Trust,Singapore,Real Estate,129504583
CapitaLand Investment Ltd/Singapore,Singapore,Real Estate,86384317
Capital Appreciation Ltd,South Africa,Technology,1913631
Capital One Financial Corp,United States,Industrials,535878755
Capital Securities Corp,Taiwan,Financials,27032273
Capitaland India Trust,Singapore,Real Estate,14997746
Capitec Bank Holdings Ltd,South Africa,Financials,106356440
Capitol Federal Financial Inc,United States,Financials,1398665
Capri Global Capital Ltd,India,Financials,3198642
Capri Holdings Ltd,United States,Consumer Discretionary,113839660
Capricorn Metals Ltd,Australia,Basic Materials,19056148
Capstone Copper Corp,Canada,Basic Materials,137456303
Captor Therapeutics SA,Poland,Health Care,2052095
CarMax Inc,United States,Consumer Discretionary,386495126
Carabao Group PCL,Thailand,Consumer Staples,15909806
Carbacid Investments Ltd,Kenya,Industrials,1055802
Carborundum Universal Ltd,India,Basic Materials,22616149
Card Factory PLC,United Kingdom,Consumer Discretionary,2060357
Cardinal Health Inc,United States,Health Care,200562378
Care Ratings Ltd,India,Financials,2717200
CareTrust REIT Inc,United States,Real Estate,25749613
Career Technology MFG. Co Ltd,Taiwan,Technology,2011627
Caregen Co Ltd,South Korea,Health Care,897207
Carel Industries SpA,Italy,Industrials,51311069
Cargojet Inc,Canada,Industrials,4457982
Cargotec Oyj,Finland,Industrials,112663242
Cargurus Inc,United States,Technology,11060278
Carl Zeiss Meditec AG,Germany,Health Care,46592508
Carlisle Cos Inc,United States,Industrials,229790944
Carlsberg AS,Denmark,Consumer Staples,278530091
Carlsberg Brewery Malaysia Bhd,Malaysia,Consumer Staples,12740846
Carlyle Group Inc/The,United States,Financials,43079625
Carmila SA,France,Real Estate,23327560
Carnival Corp,United States,Consumer Discretionary,69767886
Carnival PLC,United Kingdom,Consumer Discretionary,187665431
Carpenter Technology Corp,United States,Basic Materials,30277940
Carrefour SA,France,Consumer Staples,129852284
Carrier Global Corp,United States,Industrials,493638659
Cars Motorcycles and Marine Engine Trade and Import Co SA,Greece,Consumer Discretionary,1586629
Carta Holdings Inc,Japan,Consumer Discretionary,629156
Carter's Inc,United States,Consumer Discretionary,11114505
Carvana Co,United States,Consumer Discretionary,28562711
Cascades Inc,Canada,Basic Materials,2557397
Casella Waste Systems Inc,United States,Utilities,34052602
Casey's General Stores Inc,United States,Consumer Staples,170782822
Cashbuild Ltd,South Africa,Consumer Discretionary,1097602
Casio Computer Co Ltd,Japan,Consumer Discretionary,26385937
Cassava Sciences Inc,United States,Health Care,1823342
Castellum AB,Sweden,Real Estate,122197651
Castrol India Ltd,India,Energy,11260623
Catalent Inc,United States,Health Care,255471502
Catalyst Pharmaceuticals Inc,United States,Health Care,142152
Catapult Group International Ltd,Australia,Industrials,6116195
Catcher Technology Co Ltd,Taiwan,Technology,281019
Catena AB,Sweden,Real Estate,41276406
Caterpillar Inc,United States,Industrials,1929713588
Cathay Financial Holding Co Ltd,Taiwan,Financials,252615703
Cathay General Bancorp,United States,Financials,26170325
Cathay Pacific Airways Ltd,Hong Kong,Consumer Discretionary,65993841
Cathay Real Estate Development Co Ltd,Taiwan,Real Estate,8969004
Cavatina Holding SA,Poland,Real Estate,2717210
Cavco Industries Inc,United States,Consumer Discretionary,14077349
Cawachi Ltd,Japan,Consumer Staples,1151436
Cboe Global Markets Inc,United States,Financials,243797506
Ceat Ltd,India,Consumer Discretionary,6608281
Cebu Air Inc,Philippines,Consumer Discretionary,3464989
Cedar Woods Properties Ltd,Australia,Real Estate,1390394
Celanese Corp,United States,Basic Materials,34754004
Celestica Inc,Canada,Technology,84342201
Cellivery Therapeutics Inc,South Korea,Health Care,223665
Cellnex Telecom SA,Spain,Telecommunications,745626224
Cello World Ltd,India,Consumer Discretionary,4949895
Celltrion Inc,South Korea,Health Care,79147416
Celltrion Pharm Inc,South Korea,Health Care,386166
Celsius Holdings Inc,United States,Consumer Staples,33061162
Cembra Money Bank AG,Switzerland,Financials,62107539
Cementir Holding NV,Italy,Industrials,15415796
Cementos Argos SA,Colombia,Industrials,7560232
Cemex SAB de CV,Mexico,Industrials,135376765
Cencora Inc,United States,Consumer Staples,350395572
Cencosud Shopping SA,Chile,Real Estate,7656602
Cenergy Holdings SA,Greece,Industrials,32468
Centamin PLC,United Kingdom,Basic Materials,58008662
Centene Corp,United States,Health Care,1403169156
Center Laboratories Inc,Taiwan,Health Care,10669445
CenterPoint Energy Inc,United States,Utilities,143907738
Centerspace,United States,Real Estate,2925065
Central Automotive Products Ltd,Japan,Consumer Discretionary,3383023
Central China Securities Co Ltd,China,Financials,1263503
Central Depository Services India Ltd,India,Financials,16940764
Central Garden & Pet Co,United States,Consumer Discretionary,14645007
Central Glass Co Ltd,Japan,Industrials,9324110
Central Japan Railway Co,Japan,Industrials,406441839
Central Pattana PCL,Thailand,Real Estate,51467377
Central Plaza Hotel PCL,Thailand,Consumer Discretionary,1346704
Central Retail Corp PCL,Thailand,Consumer Discretionary,11984518
Central Security Patrols Co Ltd,Japan,Industrials,970860
Central Sports Co Ltd,Japan,Consumer Discretionary,181795
Centrica PLC,United Kingdom,Utilities,130876191
Centuri Holdings Inc,United States,Industrials,1294446
Centuria Capital Group,Australia,Financials,9771533
Centuria Industrial REIT,Australia,Real Estate,11787009
Centuria Office REIT,Australia,Real Estate,3809237
Century Aluminum Co,United States,Basic Materials,2827249
Century Communities Inc,United States,Consumer Discretionary,10507192
Century Iron & Steel Industrial Co Ltd,Taiwan,Basic Materials,31222601
Century Pacific Food Inc,Philippines,Consumer Staples,707466
Century Plyboards India Ltd,India,Basic Materials,7806949
Century Textiles & Industries Ltd,India,Basic Materials,14858476
Century Wind Power Co Ltd,Taiwan,Energy,3826025
Cera Sanitaryware Ltd,India,Industrials,5280395
Cerence Inc,United States,Technology,183574
Cerevel Therapeutics Holdings Inc,United States,Health Care,95508654
Certara Inc,United States,Health Care,5533643
Cettire Ltd,Australia,Consumer Discretionary,2219297
Cewe Stiftung & Co KGAA,Germany,Consumer Discretionary,9506851
Ceylon Cold Stores PLC,Sri Lanka,Consumer Staples,124489
Chaarat Gold Holdings Ltd,Kyrgyzstan,Basic Materials,650309
Chabiotech Co Ltd,South Korea,Health Care,1112093
Chacha Food Co Ltd,China,Consumer Staples,16627658
Chailease Holding Co Ltd,Taiwan,Financials,99111268
Chalet Hotels Ltd,India,Consumer Discretionary,12931866
Chalice Mining Ltd,Australia,Basic Materials,273124
Challenger Ltd,Australia,Financials,69060004
Chambal Fertilisers and Chemicals Ltd,India,Basic Materials,8887505
Champion Building Materials Co Ltd,Taiwan,Industrials,293641
Champion Iron Ltd,Australia,Basic Materials,31852662
Champion REIT,Hong Kong,Real Estate,17380
ChampionX Corp,United States,Energy,15310640
Chang Hwa Commercial Bank Ltd,Taiwan,Financials,52344244
Chang Wah Electromaterials Inc,Taiwan,Technology,6719709
Chang Wah Technology Co Ltd,Taiwan,Technology,2027218
Change Holdings Inc,Japan,Technology,2801087
Changzhou Xingyu Automotive Lighting Systems Co Ltd,China,Consumer Discretionary,79158462
Chaowei Power Holdings Ltd,China,Consumer Discretionary,110
Chaozhou Three-Circle Group Co Ltd,China,Technology,161984171
ChargePoint Holdings Inc,United States,Energy,749
Charles River Laboratories International Inc,United States,Health Care,103618669
Charles Schwab Corp/The,United States,Financials,1064646297
Charm Care Corp KK,Japan,Health Care,8818187
Charoen Pokphand Enterprise,Taiwan,Consumer Staples,15678904
Charoen Pokphand Indonesia Tbk PT,Indonesia,Consumer Staples,14022186
Chart Industries Inc,United States,Industrials,72967912
Charter Communications Inc,United States,Telecommunications,197868470
Charter Hall Group,Australia,Real Estate,37830275
Charter Hall Long Wale REIT,Australia,Real Estate,15945210
Charter Hall Retail REIT,Australia,Real Estate,11835592
Charter Hall Social Infrastructure REIT,Australia,Real Estate,6790554
Chartwell Retirement Residences,Canada,Real Estate,12129842
Check Point Software Technologies Ltd,United States,Technology,21662520
Cheesecake Factory Inc/The,United States,Consumer Discretionary,1471607
Chegg Inc,United States,Consumer Discretionary,872166
Cheil Worldwide Inc,South Korea,Consumer Discretionary,2608804
Chemed Corp,United States,Health Care,94788726
Chemometec A/S,Denmark,Health Care,17320552
Chemours Co/The,United States,Basic Materials,38013139
Chemplast Sanmar Ltd,India,Basic Materials,5022325
Chemring Group PLC,United Kingdom,Industrials,28173669
Chenbro Micom Co Ltd,Taiwan,Technology,29727479
Cheng Shin Rubber Industry Co Ltd,Taiwan,Consumer Discretionary,42172666
Cheng Uei Precision Industry Co Ltd,Taiwan,Technology,18846461
Chengdu Hongqi Chain Co Ltd,China,Consumer Staples,9207287
Cheniere Energy Inc,United States,Energy,327488409
Chennai Super Kings Cricket Ltd,India,Industrials,9772411
Cherrypick Games SA,Poland,Consumer Discretionary,4594
Chervon Holdings Ltd,China,Industrials,3167761
Cheryong Electric Co Ltd,South Korea,Technology,25270824
Chesapeake Utilities Corp,United States,Utilities,646439
Chesnara PLC,United Kingdom,Financials,827907
Chevron Corp,United States,Energy,3113985897
Chiba Bank Ltd/The,Japan,Financials,101848488
Chicony Electronics Co Ltd,Taiwan,Technology,44175175
Chicony Power Technology Co Ltd,Taiwan,Technology,11175316
Chief Telecom Inc,Taiwan,Telecommunications,3978161
Chilled & Frozen Logistics Holdings Co Ltd,Japan,Industrials,2308243
Chimera Investment Corp,United States,Financials,5742195
China Airlines Ltd,Taiwan,Consumer Discretionary,30904877
China Aoyuan Group Ltd,China,Real Estate,19
China Bohai Bank Co Ltd,China,Financials,791
China CITIC Bank Corp Ltd,China,Financials,53505128
China CITIC Financial Asset Management Co Ltd,China,Financials,359
China CSSC Holdings Ltd,China,Industrials,74513756
China Chemical & Pharmaceutical Co Ltd,Taiwan,Health Care,1599581
China Conch Venture Holdings Ltd,China,Utilities,6369277
China Construction Bank Corp,China,Financials,817344431
China Datang Corp Renewable Power Co Ltd,China,Utilities,4360876
China Development Financial Holding Corp,Taiwan,Financials,107479938
China Dili Group,China,Consumer Staples,30534
China Dongxiang Group Co Ltd,China,Consumer Discretionary,1340184
China East Education Holdings Ltd,China,Consumer Discretionary,29236
China Eastern Airlines Corp Ltd,China,Consumer Discretionary,251
China Education Group Holdings Ltd,China,Consumer Discretionary,18785482
China Electric Manufacturing Corp,Taiwan,Industrials,1492036
China Everbright Bank Co Ltd,China,Financials,1639224
China Everbright Environment Group Ltd,China,Utilities,125373
China Everbright Ltd,China,Financials,1726234
China Evergrande Group,China,Real Estate,33
China Fangda Group Co Ltd,China,Industrials,161
China Feihe Ltd,China,Consumer Staples,11462076
China Foods Ltd,China,Consumer Staples,199457
China Galaxy Securities Co Ltd,China,Financials,24932425
China Gas Holdings Ltd,China,Utilities,3586
China General Plastics Corp,Taiwan,Industrials,1476101
China HK Power Smart Energy Group Ltd,China,Utilities,27
China High Precision Automation Group Ltd,Hong Kong,Industrials,58578
China High Speed Transmission Equipment Group Co Ltd,China,Energy,4834
China ITS Holdings Co Ltd,China,Industrials,21863
China International Capital Corp Ltd,China,Financials,890
China International Marine Containers Group Co Ltd,China,Industrials,893
China Jinmao Holdings Group Ltd,China,Real Estate,450
China Jushi Co Ltd,China,Basic Materials,25364911
China Kepei Education Group Ltd,China,Consumer Discretionary,12071
China Lesso Group Holdings Ltd,China,Industrials,6133781
China Life Insurance Co Ltd,China,Financials,200996044
China Lilang Ltd,China,Consumer Discretionary,1097689
China Literature Ltd,China,Technology,50260455
China Longyuan Power Group Corp Ltd,China,Utilities,80412251
China Man-Made Fiber Corp,Taiwan,Basic Materials,1966465
China Medical System Holdings Ltd,China,Health Care,11207636
China Meidong Auto Holdings Ltd,China,Consumer Discretionary,1853968
China Mengniu Dairy Co Ltd,China,Consumer Staples,21425553
China Merchants Bank Co Ltd,China,Financials,535946125
China Merchants Port Holdings Co Ltd,China,Industrials,30464439
China Merchants Securities Co Ltd,China,Financials,1776215
China Merchants Shekou Industrial Zone Holdings Co Ltd,China,Real Estate,120
China Metal Products,Taiwan,Basic Materials,3140783
China Minsheng Banking Corp Ltd,China,Financials,69
China Modern Dairy Holdings Ltd,China,Consumer Staples,391091
China Motor Corp,Taiwan,Consumer Discretionary,21251326
China National Accord Medicines Corp Ltd,China,Consumer Staples,1603522
China New Higher Education Group Ltd,China,Consumer Discretionary,259
China Nonferrous Mining Corp Ltd,China,Basic Materials,15415264
China Oilfield Services Ltd,China,Energy,18146438
China Oriental Group Co Ltd,China,Basic Materials,1724249
China Overseas Grand Oceans Group Ltd,China,Real Estate,1715006
China Overseas Land & Investment Ltd,China,Real Estate,44443853
China Overseas Property Holdings Ltd,China,Real Estate,6894659
China Pacific Insurance Group Co Ltd,China,Financials,135741574
China Petrochemical Development Corp,Taiwan,Basic Materials,5398799
China Petroleum & Chemical Corp,China,Energy,237539514
China Railway Signal & Communication Corp Ltd,China,Industrials,419602
China Reinsurance Group Corp,China,Financials,5829881
China Renaissance Holdings Ltd,China,Financials,265811
China Resources Beer Holdings Co Ltd,China,Consumer Staples,126762522
China Resources Double Crane Pharmaceutical Co Ltd,China,Health Care,21664448
China Resources Gas Group Ltd,China,Utilities,45257079
China Resources Land Ltd,China,Real Estate,158463563
China Resources Medical Holdings Co Ltd,China,Health Care,14538858
China Resources Mixc Lifestyle Services Ltd,China,Real Estate,38543127
China Resources Pharmaceutical Group Ltd,China,Health Care,80296375
China Resources Sanjiu Medical & Pharmaceutical Co Ltd,China,Health Care,33338825
China Risun Group Ltd,China,Basic Materials,382
China Ruyi Holdings Ltd,China,Consumer Discretionary,81822
China SCE Group Holdings Ltd,China,Real Estate,148721
China Shineway Pharmaceutical Group Ltd,China,Health Care,2489001
China South City Holdings Ltd,China,Real Estate,95
China Southern Airlines Co Ltd,China,Consumer Discretionary,2244
China State Construction Engineering Corp Ltd,China,Industrials,2276270
China Steel Chemical Corp,Taiwan,Basic Materials,5656027
China Steel Corp,Taiwan,Basic Materials,42580278
China Suntien Green Energy Corp Ltd,China,Utilities,37277596
China Taiping Insurance Holdings Co Ltd,China,Financials,7865977
China Tourism Group Duty Free Corp Ltd,China,Consumer Discretionary,13853751
China Travel International Investment Hong Kong Ltd,Hong Kong,Consumer Discretionary,1988525
China Vanke Co Ltd,China,Real Estate,22652792
China Water Affairs Group Ltd,China,Utilities,1286
China Yangtze Power Co Ltd,China,Utilities,80801145
China Yongda Automobiles Services Holdings Ltd,China,Consumer Discretionary,6589287
China Yuhua Education Corp Ltd,China,Consumer Discretionary,4388986
Chinasoft International Ltd,China,Technology,12882060
ChipMOS Technologies Inc,Taiwan,Technology,15412131
Chipbond Technology Corp,Taiwan,Technology,23418944
Chipotle Mexican Grill Inc,United States,Consumer Discretionary,1105612429
Chiyoda Co Ltd,Japan,Consumer Discretionary,934651
Chiyoda Corp,Japan,Industrials,2648085
Chiyoda Integre Co Ltd,Japan,Industrials,764536
Chocoladefabriken Lindt & Spruengli AG,Switzerland,Consumer Staples,512429312
Chofu Seisakusho Co Ltd,Japan,Industrials,2355420
Choice Hotels International Inc,United States,Consumer Discretionary,2064531
Choice Properties Real Estate Investment Trust,Canada,Real Estate,27076246
Cholamandalam Financial Holdings Ltd,India,Financials,16310854
Cholamandalam Investment and Finance Co Ltd,India,Financials,177432939
Chong Hong Construction Co Ltd,Taiwan,Real Estate,14885800
Chong Kun Dang Pharmaceutical Corp,South Korea,Health Care,5496270
Chongkundang Holdings Corp,South Korea,Health Care,2512528
Chongqing Brewery Co Ltd,China,Consumer Staples,531271
Chongqing Changan Automobile Co Ltd,China,Consumer Discretionary,10579835
Chongqing Rural Commercial Bank Co Ltd,China,Financials,3434
Chongqing Zhifei Biological Products Co Ltd,China,Health Care,2535421
Chori Co Ltd,Japan,Basic Materials,803419
Chow Sang Sang Holdings International Ltd,Hong Kong,Consumer Discretionary,8914379
Chow Tai Fook Jewellery Group Ltd,Hong Kong,Consumer Discretionary,31758337
Christian Dior SE,France,Consumer Discretionary,234088195
Chroma ATE Inc,Taiwan,Industrials,97918927
Chuan Hup Holdings Ltd,Singapore,Real Estate,878844
Chubb Ltd,United States,Financials,1051392060
Chubu Electric Power Co Inc,Japan,Utilities,102876768
Chubu Shiryo Co Ltd,Japan,Consumer Staples,1067163
Chudenko Corp,Japan,Industrials,4546253
Chugai Pharmaceutical Co Ltd,Japan,Health Care,300011835
Chugin Financial Group Inc,Japan,Financials,32259938
Chugoku Marine Paints Ltd,Japan,Industrials,4865175
Chularat Hospital PCL,Thailand,Health Care,1219248
Chun Yuan Steel Industry Co Ltd,Taiwan,Basic Materials,1887582
Chunbo Co Ltd,South Korea,Basic Materials,536896
Chung Hung Steel Corp,Taiwan,Basic Materials,5735277
Chung-Hsin Electric & Machinery Manufacturing Corp,Taiwan,Industrials,153087745
Chunghwa Precision Test Tech Co Ltd,Taiwan,Technology,1958078
Chunghwa Telecom Co Ltd,Taiwan,Telecommunications,179325949
Chuo Spring Co Ltd,Japan,Consumer Discretionary,342328
Church & Dwight Co Inc,United States,Consumer Staples,302743319
Churchill Downs Inc,United States,Consumer Discretionary,74454264
Chuy's Holdings Inc,United States,Consumer Discretionary,1806624
Cia Cervecerias Unidas SA,Chile,Consumer Staples,10038748
Cia Energetica de Minas Gerais,Brazil,Utilities,2269041
Cia Energetica do Ceara,Brazil,Utilities,155202
Cia Paranaense de Energia - Copel,Brazil,Utilities,43479313
Cia Sud Americana de Vapores SA,Chile,Industrials,8363043
Cia de Distribucion Integral Logista Holdings SA,Spain,Industrials,42767878
Cia de Saneamento Basico do Estado de Sao Paulo SABESP,Brazil,Utilities,68078286
Cian PLC,Russia,Real Estate,106028
Cibus Nordic Real Estate AB publ,Sweden,Real Estate,4460411
Cie Financiere Richemont SA,Switzerland,Consumer Discretionary,1850525321
Cie Generale des Etablissements Michelin SCA,France,Consumer Discretionary,838131026
Cie de Saint-Gobain SA,France,Industrials,630053420
Cielo SA,Brazil,Industrials,36180113
Ciena Corp,United States,Telecommunications,52264556
Cigna Group/The,United States,Health Care,1010908183
Cimpress PLC,United States,Industrials,7495298
Cincinnati Financial Corp,United States,Financials,205429517
Cinda International Holdings Ltd,China,Financials,45463
Cinemark Holdings Inc,United States,Consumer Discretionary,11770858
Cint Group AB,Sweden,Technology,1329408
Cintas Corp,United States,Industrials,821241819
Cipla Ltd/India,India,Health Care,291617570
Ciputra Development Tbk PT,Indonesia,Real Estate,35926367
Cirrus Logic Inc,United States,Technology,82687808
Cisarua Mountain Dairy PT TBK,Indonesia,Consumer Staples,7138046
Cisco Systems Inc,United States,Telecommunications,2378529238
Citaglobal Bhd,Malaysia,Industrials,2866700
Citic Pacific Special Steel Group Co Ltd,China,Basic Materials,13906064
Citigroup Inc,United States,Financials,1295162438
Citizen Watch Co Ltd,Japan,Consumer Discretionary,12607827
Citizens Financial Group Inc,United States,Financials,126938446
City Bank PLC,Bangladesh,Financials,6980254
City Developments Ltd,Singapore,Real Estate,28798005
City Holding Co,United States,Financials,8136837
City Union Bank Ltd,India,Financials,7906371
Citycon Oyj,Finland,Real Estate,13008604
Civil Engineering PCL,Thailand,Industrials,113216
Clal Insurance Enterprises Holdings Ltd,Israel,Financials,14065144
Clariant AG,Switzerland,Basic Materials,74928200
Clarity Pharmaceuticals Ltd,Australia,Health Care,1330909
Clarivate PLC,United States,Technology,31097944
Clarkson PLC,United Kingdom,Industrials,16921539
Clas Ohlson AB,Sweden,Consumer Discretionary,6438703
Classys Inc,South Korea,Financials,2245054
Clean Harbors Inc,United States,Utilities,134646544
Clean Science & Technology Ltd,India,Basic Materials,4894689
Cleanaway Co Ltd,Taiwan,Utilities,8643790
Cleanaway Waste Management Ltd,Australia,Utilities,45833219
Cleanup Corp,Japan,Industrials,1035101
Clear Sale SA,Brazil,Technology,65623
Clear Secure Inc,United States,Technology,262
Clearwater Analytics Holdings Inc,United States,Financials,2617154
Clearway Energy Inc,United States,Utilities,26224828
Cleveland-Cliffs Inc,United States,Basic Materials,85385290
Clinuvel Pharmaceuticals Ltd,Australia,Health Care,4485321
Clipan Finance Indonesia Tbk PT,Indonesia,Financials,1025954
Cloetta AB,Sweden,Consumer Staples,3737890
Clorox Co/The,United States,Consumer Staples,204540963
Close Brothers Group PLC,United Kingdom,Financials,678481
Cloud Music Inc,China,Consumer Discretionary,8673425
Cloudflare Inc,United States,Technology,171555177
Cnergenz Bhd,Malaysia,Technology,1316757
Co-Tech Development Corp,Taiwan,Technology,3230695
CoStar Group Inc,United States,Real Estate,384721505
Coast Entertainment Holdings Ltd,Australia,Consumer Discretionary,1562351
Coats Group PLC,United Kingdom,Industrials,24703551
Coca-Cola Bottlers Japan Holdings Inc,Japan,Consumer Staples,29929342
Coca-Cola Co/The,United States,Consumer Staples,3247461572
Coca-Cola Consolidated Inc,United States,Consumer Staples,332599155
Coca-Cola Embonor SA,Chile,Consumer Staples,3487965
Coca-Cola Europacific Partners PLC,United States,Consumer Staples,129874525
Coca-Cola Femsa SAB de CV,Mexico,Consumer Staples,14426781
Coca-Cola HBC AG,United Kingdom,Consumer Staples,143904453
Coca-Cola Icecek AS,Türkiye,Consumer Staples,55430323
Cochin Shipyard Ltd,India,Industrials,22071328
Cochlear Ltd,Australia,Health Care,255288887
Codan Ltd,Australia,Industrials,13458092
Coeur Mining Inc,United States,Basic Materials,107
Coface SA,France,Financials,35686827
Cofinimmo SA,Belgium,Real Estate,54110598
Coforge Ltd,India,Technology,72372737
Cogeco Communications Inc,Canada,Telecommunications,2067446
Cogent Communications Holdings Inc,United States,Telecommunications,7299047
Cogna Educacao SA,Brazil,Consumer Discretionary,17810385
Cognex Corp,United States,Industrials,71471444
Cognizant Technology Solutions Corp,United States,Technology,524693304
Cohen & Steers Inc,United States,Financials,26570166
Coherent Corp,United States,Technology,123913846
Coherus Biosciences Inc,United States,Health Care,850295
Coinbase Global Inc,United States,Financials,452865628
Colbun SA,Chile,Utilities,25388916
Coles Group Ltd,Australia,Consumer Staples,253918762
Colgate-Palmolive Co,United States,Consumer Staples,936348470
Colgate-Palmolive India Ltd,India,Consumer Staples,47042773
Colliers International Group Inc,Canada,Real Estate,56965767
Collins Foods Ltd,Australia,Consumer Discretionary,7141272
Coloplast A/S,Denmark,Health Care,360268224
Colowide Co Ltd,Japan,Consumer Discretionary,192811
Colruyt Group N.V,Belgium,Consumer Staples,58946866
Colt CZ Group SE,Czech Republic,Industrials,1448513
Columbia Banking System Inc,United States,Financials,45550546
Columbia Financial Inc,United States,Financials,1660203
Columbia Sportswear Co,United States,Consumer Discretionary,26966675
Com2uS Holdings Corp,South Korea,Consumer Discretionary,313876
Com7 PCL,Thailand,Consumer Discretionary,61630509
ComArch SA,Poland,Technology,11648181
Comba Telecom Systems Holdings Ltd,China,Telecommunications,126
Comcast Corp,United States,Telecommunications,2361125924
Comer Industries SpA,Italy,Industrials,11307391
Comerica Inc,United States,Financials,28215422
Comet Holding AG,Switzerland,Technology,75764997
Comforia Residential REIT Inc,Japan,Real Estate,9593771
Comfort Systems USA Inc,United States,Industrials,132444868
ComfortDelGro Corp Ltd,Singapore,Industrials,36074052
CommScope Holding Co Inc,United States,Telecommunications,450795
CommVault Systems Inc,United States,Technology,74805790
Commerce Bancshares Inc/MO,United States,Financials,68095053
Commercial Bank PSQC/The,Qatar,Financials,58521519
Commercial Bank of Ceylon PLC,Sri Lanka,Financials,4823380
Commercial International Bank - Egypt (CIB),Egypt,Financials,21231443
Commercial Metals Co,United States,Basic Materials,79768384
Commerzbank AG,Germany,Financials,678338355
Commonwealth Bank of Australia,Australia,Financials,1424655577
Community Financial System Inc,United States,Financials,23435469
Community Health Systems Inc,United States,Health Care,2134272
Community Healthcare Trust Inc,United States,Real Estate,2353034
Compal Electronics Inc,Taiwan,Technology,59706802
Compass Group PLC,United Kingdom,Consumer Discretionary,989689983
Compass Minerals International Inc,United States,Basic Materials,104643
Compeq Manufacturing Co Ltd,Taiwan,Technology,49173936
CompuGroup Medical SE & Co KgaA,Germany,Health Care,27704777
Computacenter PLC,United Kingdom,Technology,47469886
Computer Age Management Services Ltd,India,Consumer Discretionary,24266805
Computer Engineering & Consulting Ltd,Japan,Technology,6216966
Computershare Ltd,Australia,Financials,123767947
Comture Corp,Japan,Technology,2288341
Conagra Brands Inc,United States,Consumer Staples,172163699
Concentradora Fibra Danhos SA de CV,Mexico,Real Estate,13496157
Concentric AB,Sweden,Industrials,17
Concentrix Corp,United States,Technology,24858978
Concord Biotech Ltd,India,Health Care,52014269
Concord New Energy Group Ltd,China,Utilities,404232
Concordia Financial Group Ltd,Japan,Financials,120718219
Confluent Inc,United States,Technology,78980466
Consensus Cloud Solutions Inc,United States,Technology,1073750
Consolidated Edison Inc,United States,Utilities,281384084
Consorcio ARA SAB de CV,Mexico,Consumer Discretionary,76
Constellation Brands Inc,United States,Consumer Staples,482960870
Constellation Energy Corp,United States,Utilities,658354580
Constellation Software Inc/Canada,Canada,Technology,764085480
Constellium SE,United States,Basic Materials,16913992
Construcciones y Auxiliar de Ferrocarriles SA,Spain,Industrials,9336216
Construtora Tenda S/A,Brazil,Consumer Discretionary,11889117
Consun Pharmaceutical Group Ltd,China,Health Care,1814545
Contact Energy Ltd,New Zealand,Utilities,73991686
Container Corp Of India Ltd,India,Industrials,39915840
Contemporary Amperex Technology Co Ltd,China,Industrials,297731870
Continental AG,Germany,Consumer Discretionary,170883922
Continental Holdings Corp,Taiwan,Industrials,1330817
Contineum Therapeutics Inc,United States,Health Care,2926395
Controladora Vuela Cia de Aviacion SAB de CV,Mexico,Consumer Discretionary,12610188
ConvaTec Group PLC,United Kingdom,Health Care,113344353
Converge Information and Communications Technology Solutions Inc,Philippines,Telecommunications,4591916
Convoy Global Holdings Ltd,Hong Kong,Financials,484395
Cooper Cos Inc/The,United States,Health Care,195420352
Copa Holdings SA,Panama,Consumer Discretionary,223197
Copart Inc,United States,Consumer Discretionary,561361576
Copperwired PCL,Thailand,Consumer Discretionary,425352
CorVel Corp,United States,Health Care,24116238
Coraza Integrated Technology Bhd,Malaysia,Basic Materials,772645
Corbion NV,Netherlands,Consumer Staples,28435069
Corcept Therapeutics Inc,United States,Health Care,26710776
Core & Main Inc,United States,Industrials,85710188
Core Laboratories Inc,United States,Energy,4688573
Corebridge Financial Inc,United States,Financials,210808037
Corem Property Group AB,Sweden,Real Estate,15475523
Coretronic Corp,Taiwan,Technology,39310727
Corning Inc,United States,Technology,383138583
Coromandel International Ltd,India,Basic Materials,23986861
Corona Corp,Japan,Consumer Discretionary,263996
Coronado Global Resources Inc,Australia,Energy,8097171
Coronation Fund Managers Ltd,South Africa,Financials,3875197
Corp ACCIONA Energias Renovables SA,Spain,Utilities,19624874
Corp Financiera Colombiana SA,Colombia,Financials,430124
Corp Inmobiliaria Vesta SAB de CV,Mexico,Real Estate,102743141
Corpay Inc,United States,Industrials,178815458
Corporate Travel Management Ltd,Australia,Consumer Discretionary,5910634
Corporativo Fragua SAB de CV,Mexico,Consumer Staples,169369698
Corteva Inc,United States,Consumer Staples,239382969
Corticeira Amorim SGPS SA,Portugal,Industrials,8567324
Cosan SA,Brazil,Energy,208817310
Cosel Co Ltd,Japan,Industrials,5100123
Cosmax Inc,South Korea,Consumer Discretionary,42161836
Cosmecca Korea Co Ltd,South Korea,Consumer Discretionary,6115923
Cosmo Energy Holdings Co Ltd,Japan,Energy,60608859
CosmoAM&T Co Ltd,South Korea,Consumer Discretionary,61179
Cosmochemical Co Ltd,South Korea,Basic Materials,62570
Cosmopolitan International Holdings Ltd,China,Real Estate,600
Cosmos Pharmaceutical Corp,Japan,Consumer Staples,42283853
Costco Wholesale Corp,United States,Consumer Discretionary,4425432985
Coty Inc,United States,Consumer Discretionary,57449309
Country Garden Holdings Co Ltd,China,Real Estate,24266
Country Garden Services Holdings Co Ltd,China,Real Estate,29399
Country Group Development PCL,Thailand,Real Estate,380653
Coupang Inc,United States,Consumer Discretionary,421208235
Coursera Inc,United States,Consumer Discretionary,16962584
Cousins Properties Inc,United States,Real Estate,38328784
Covenant Logistics Group Inc,United States,Industrials,1626570
Cover Corp,Japan,Consumer Discretionary,10909962
Covestro AG,Germany,Basic Materials,327874884
Covivio SA/France,France,Real Estate,62386336
Coway Co Ltd,South Korea,Consumer Discretionary,17362828
Cowell e Holdings Inc,Hong Kong,Consumer Discretionary,16737922
Cracker Barrel Old Country Store Inc,United States,Consumer Discretionary,3980621
Craftsman Automation Ltd,India,Consumer Discretionary,9205269
Crane Co,United States,Industrials,79588366
Crane NXT Co,United States,Industrials,30909001
Cranswick PLC,United Kingdom,Consumer Staples,55630162
Create Restaurants Holdings Inc,Japan,Consumer Discretionary,10941
Create SD Holdings Co Ltd,Japan,Consumer Staples,4914836
Creative & Innovative System,South Korea,Industrials,1055473
Credicorp Ltd,United States,Financials,117746862
Credit Agricole SA,France,Financials,15814036
Credit Clear Ltd,Australia,Industrials,2175835
Credit Corp Group Ltd,Australia,Financials,8191847
Credit Saison Co Ltd,Japan,Industrials,39049010
CreditAccess Grameen Ltd,India,Financials,19422705
Credito Emiliano SpA,Italy,Financials,10023461
Creek & River Co Ltd,Japan,Industrials,6766360
Creepy Jar SA,Poland,Consumer Discretionary,2503215
Creotech Instruments SA,Poland,Industrials,3346526
Crest Nicholson Holdings plc,United Kingdom,Consumer Discretionary,22815535
Crinetics Pharmaceuticals Inc,United States,Health Care,14473978
Critical Holdings Bhd,Malaysia,Industrials,211266
Crocs Inc,United States,Consumer Discretionary,101780307
Croda International PLC,United Kingdom,Basic Materials,520985439
Crompton Greaves Consumer Electricals Ltd,India,Consumer Discretionary,122708763
Cromwell European Real Estate Investment Trust,Singapore,Real Estate,8406634
Cromwell Property Group,Australia,Real Estate,3939374
Crowdstrike Holdings Inc,United States,Technology,1041098108
Crown Castle Inc,United States,Real Estate,479121093
Crown Holdings Inc,United States,Industrials,90728053
Cruzeiro do Sul Educacional SA,Brazil,Consumer Discretionary,1029580
CryoPort Inc,United States,Industrials,2408135
CrystalGenomics Invites Co Ltd,South Korea,Health Care,258017
Cub Elecparts Inc,Taiwan,Consumer Discretionary,3683456
CubeSmart,United States,Real Estate,439723581
Cuckoo Holdings Co Ltd,South Korea,Consumer Discretionary,56448
Cuckoo Homesys Co Ltd,South Korea,Consumer Discretionary,1960601
Cullen/Frost Bankers Inc,United States,Financials,39612528
Cummins Inc,United States,Industrials,351575097
Cummins India Ltd,India,Industrials,72331699
CureVac NV,United States,Health Care,377176
Curro Holdings Ltd,South Africa,Consumer Discretionary,7012269
Currys PLC,United Kingdom,Consumer Discretionary,7028845
Curtiss-Wright Corp,United States,Industrials,134236717
Curves Holdings Co Ltd,Japan,Consumer Discretionary,2087221
Cury Construtora e Incorporadora SA,Brazil,Industrials,31368914
Cushman & Wakefield PLC,United States,Real Estate,31533039
Cy4gate SPA,Italy,Technology,3967168
Cyber Folks SA,Poland,Technology,16076728
CyberAgent Inc,Japan,Technology,51367990
CyberArk Software Ltd,United States,Technology,148844926
CyberTAN Technology Inc,Taiwan,Telecommunications,2687467
Cyberlink Corp,Taiwan,Technology,139
Cyberoo SpA,Italy,Technology,4415547
Cybozu Inc,Japan,Technology,2746357
Cyclopharm Ltd,Australia,Health Care,2439117
Cydsa SAB de CV,Mexico,Basic Materials,20049411
Cyfrowy Polsat SA,Poland,Telecommunications,11240
Cyient Ltd,India,Technology,41829538
Cypark Resources Bhd,Malaysia,Utilities,531462
Cytokinetics Inc,United States,Health Care,57231905
D&L Industries Inc,Philippines,Consumer Staples,3107846
D&O Green Technologies Bhd,Malaysia,Technology,2389338
D'ieteren Group,Belgium,Consumer Discretionary,112403106
D-Link Corp,Taiwan,Telecommunications,1878799
D/S Norden A/S,Denmark,Industrials,22955912
D2L Inc,Canada,Consumer Discretionary,646327
DB Financial Investment Co Ltd,South Korea,Financials,59290
DB HiTek Co Ltd,South Korea,Technology,2845011
DB Insurance Co Ltd,South Korea,Financials,18653066
DBS Group Holdings Ltd,Singapore,Financials,1079089560
DCB Bank Ltd,India,Financials,5721997
DCC PLC,United Kingdom,Industrials,131784529
DCM Holdings Co Ltd,Japan,Consumer Discretionary,9656186
DCM Shriram Ltd,India,Industrials,4030965
DENTSPLY SIRONA Inc,United States,Health Care,62376409
DEXON Technology PCL,Thailand,Industrials,352871
DFI Retail Group Holdings Ltd,Hong Kong,Consumer Staples,9158190
DGB Financial Group Inc,South Korea,Financials,4929927
DIC Corp,Japan,Basic Materials,18914721
DIO Corp,South Korea,Health Care,3582847
DKK Co Ltd,Japan,Telecommunications,556951
DKS Co Ltd,Japan,Basic Materials,1104333
DKSH Holding AG,Switzerland,Industrials,52514687
DL Holdings Co Ltd,South Korea,Industrials,17651348
DMG Mori Co Ltd,Japan,Industrials,65773600
DNOW Inc,United States,Energy,6778501
DO & CO AG,Austria,Consumer Discretionary,75138009
DR Horton Inc,United States,Consumer Discretionary,529109001
DRB-Hicom Bhd,Malaysia,Consumer Discretionary,2386595
DRDGOLD Ltd,South Africa,Basic Materials,1421346
DS Smith PLC,United Kingdom,Industrials,284057407
DSM-Firmenich AG,Netherlands,Consumer Staples,1400331001
DSV A/S,Denmark,Industrials,1109193130
DT Midstream Inc,United States,Energy,85985367
DTS Corp,Japan,Technology,8168993
DUG Technology Ltd,Australia,Technology,6531976
DWS Group GmbH & Co KGaA,Germany,Financials,39204116
DXC Technology Co,United States,Technology,10420849
DXN Holdings Bhd,Malaysia,Consumer Staples,6610064
DXP Enterprises Inc/TX,United States,Industrials,2470776
DY POWER Corp,South Korea,Industrials,1808918
DYPNF Co Ltd,South Korea,Industrials,1745036
DaVita Inc,United States,Health Care,39237481
Dabur India Ltd,India,Consumer Staples,82378521
Dada Nexus Ltd,China,Technology,246665
Dadelo SA,Poland,Consumer Discretionary,818605
Daea TI Co Ltd,South Korea,Industrials,508060
Daeduck Co Ltd,South Korea,Technology,377549
Daeduck Electronics Co Ltd / New,South Korea,Technology,1282737
Daehan Flour Mill Co Ltd,South Korea,Consumer Staples,248974
Daejoo Electronic Materials Co Ltd,South Korea,Basic Materials,7461246
Daesang Corp,South Korea,Consumer Staples,13130808
Daetwyler Holding AG,Switzerland,Industrials,33535898
Daewoo Industrial Development Co Ltd,South Korea,Consumer Discretionary,52
Daewoong Co Ltd,South Korea,Health Care,772137
Daewoong Pharmaceutical Co Ltd,South Korea,Health Care,9609385
Dah Sing Banking Group Ltd,Hong Kong,Financials,3332283
Dah Sing Financial Holdings Ltd,Hong Kong,Financials,1291224
Dai Nippon Printing Co Ltd,Japan,Industrials,78880256
Dai Nippon Toryo Co Ltd,Japan,Industrials,835647
Dai-Dan Co Ltd,Japan,Industrials,2190949
Dai-ichi Life Holdings Inc,Japan,Financials,475265166
Daicel Corp,Japan,Basic Materials,56372115
Daido Metal Co Ltd,Japan,Consumer Discretionary,166416
Daido Steel Co Ltd,Japan,Basic Materials,28558971
Daiei Kankyo Co Ltd,Japan,Utilities,5179635
Daifuku Co Ltd,Japan,Industrials,108856188
Daihen Corp,Japan,Industrials,38367404
Daiho Corp,Japan,Industrials,1477969
Daiichi Jitsugyo Co Ltd,Japan,Industrials,1918444
Daiichi Sankyo Co Ltd,Japan,Health Care,1092843285
Daiichikosho Co Ltd,Japan,Consumer Discretionary,14064701
Daiki Aluminium Industry Co Ltd,Japan,Basic Materials,1026393
Daikin Industries Ltd,Japan,Industrials,598297393
Daikokutenbussan Co Ltd,Japan,Consumer Staples,2254942
Daikyonishikawa Corp,Japan,Consumer Discretionary,1014796
Daimler Truck Holding AG,Germany,Industrials,79450768
Dainichiseika Color & Chemicals Manufacturing Co Ltd,Japan,Basic Materials,1052406
Daiseki Co Ltd,Japan,Utilities,7502855
Daishi Hokuetsu Financial Group Inc,Japan,Financials,12136121
Daishin Securities Co Ltd,South Korea,Financials,3143773
Daisyo Corp,Japan,Consumer Discretionary,116188
Daito Pharmaceutical Co Ltd,Japan,Health Care,784465
Daito Trust Construction Co Ltd,Japan,Real Estate,102608324
Daiwa House Industry Co Ltd,Japan,Consumer Discretionary,256407597
Daiwa House Logistics Trust,Singapore,Real Estate,3193935
Daiwa House REIT Investment Corp,Japan,Real Estate,83780733
Daiwa Industries Ltd,Japan,Industrials,2425152
Daiwa Office Investment Corp,Japan,Real Estate,16307040
Daiwa Securities Group Inc,Japan,Financials,116803882
Daiwa Securities Living Investments Corp,Japan,Real Estate,24919061
Daiwabo Holdings Co Ltd,Japan,Technology,11996398
Dalata Hotel Group PLC,Ireland,Consumer Discretionary,8986078
Dalekovod dd,Croatia,Industrials,1712
Dalmia Bharat Ltd,India,Industrials,18808425
Dalrymple Bay Infrastructure Ltd,Australia,Industrials,5248867
Dana Gas PJSC,United Arab Emirates,Energy,15718629
Dana Inc,United States,Consumer Discretionary,7579593
Danaher Corp,United States,Health Care,2327208087
Danal Co Ltd,South Korea,Industrials,321128
Danel Adir Yeoshua Ltd,Israel,Industrials,3704819
Danieli & C Officine Meccaniche SpA,Italy,Industrials,59688346
Danone SA,France,Consumer Staples,1012318795
Danske Bank A/S,Denmark,Financials,910348262
Daol Investment & Securities Co Ltd,South Korea,Financials,218915
Daou Data Corp,South Korea,Financials,2059137
Daou Technology Inc,South Korea,Financials,3474470
Darden Restaurants Inc,United States,Consumer Discretionary,90075954
Darfon Electronics Corp,Taiwan,Technology,3669966
Darktrace PLC,United Kingdom,Technology,56759064
Darling Ingredients Inc,United States,Consumer Staples,70731071
Darwin Precisions Corp,Taiwan,Technology,1304268
Dassault Aviation SA,France,Industrials,82483228
Dassault Systemes SE,France,Technology,232903179
Dat Xanh Group JSC,Vietnam,Real Estate,10506455
Dat Xanh Real Estate Services JSC,Vietnam,Real Estate,1714378
Data Patterns India Ltd,India,Industrials,9639033
Data#3 Ltd,Australia,Technology,23060670
DataTec Ltd,South Africa,Technology,13540008
Datadog Inc,United States,Technology,416277406
Datalogic SpA,Italy,Industrials,906228
Dave & Buster's Entertainment Inc,United States,Consumer Discretionary,4755026
Davide Campari-Milano NV,Italy,Consumer Staples,152589018
Dawonsys Co Ltd,South Korea,Industrials,435456
Day One Biopharmaceuticals Inc,United States,Health Care,2328820
Dayamitra Telekomunikasi PT,Indonesia,Telecommunications,2744734
Dayang Enterprise Holdings Bhd,Malaysia,Energy,10839112
Dayforce Inc,United States,Technology,1126218
Dazhong Transportation Group Co Ltd,China,Consumer Discretionary,476648
De Grey Mining Ltd,Australia,Basic Materials,16047238
De La Rue PLC,United Kingdom,Industrials,6004267
De' Longhi SpA,Italy,Consumer Discretionary,34954593
DeNA Co Ltd,Japan,Consumer Discretionary,6452234
Deckers Outdoor Corp,United States,Consumer Discretionary,303383601
Deep Yellow Ltd,Australia,Energy,14724177
Deepak Fertilisers & Petrochemicals Corp Ltd,India,Basic Materials,6344528
Deepak Nitrite Ltd,India,Basic Materials,22050974
Deere & Co,United States,Industrials,1083427614
Definity Financial Corp,Canada,Financials,32283862
Delek Automotive Systems Ltd,Israel,Consumer Discretionary,1617118
Delek US Holdings Inc,United States,Energy,52183904
Deleum Bhd,Malaysia,Energy,2140680
Delhivery Ltd,India,Industrials,31242507
Deliveroo PLC,United Kingdom,Technology,54098916
Delivery Hero SE,Germany,Consumer Discretionary,63847791
Dell Technologies Inc,United States,Technology,64179315
Delta Air Lines Inc,United States,Consumer Discretionary,77561222
Delta Electronics Inc,Taiwan,Industrials,147843325
Delta Electronics Thailand PCL,Thailand,Technology,9740460
Delta Galil Ltd,Israel,Consumer Discretionary,549131
Delta Sugar Co,Egypt,Consumer Staples,1
Deluxe Corp,United States,Industrials,4930868
Demant A/S,Denmark,Health Care,100981042
Deme Group NV,Belgium,Industrials,32086469
Denali Therapeutics Inc,United States,Health Care,19131910
Denso Corp,Japan,Consumer Discretionary,656471502
Dentium Co Ltd,South Korea,Health Care,1310797
Dentsu Group Inc,Japan,Consumer Discretionary,8070071
Dentsu Soken Inc,Japan,Technology,40327043
Depo Auto Parts Ind Co Ltd,Taiwan,Consumer Discretionary,7653114
Derichebourg SA,France,Utilities,4245534
Dermapharm Holding SE,Germany,Health Care,27279570
Derwent London PLC,United Kingdom,Real Estate,276780635
Descartes Systems Group Inc/The,Canada,Technology,108844633
Descente Ltd,Japan,Consumer Discretionary,17315601
Desktop SA,Brazil,Telecommunications,8681507
Deterra Royalties Ltd,Australia,Basic Materials,24157190
Deutsche Bank AG,Germany,Financials,426413462
Deutsche Beteiligungs AG,Germany,Financials,2859023
Deutsche Boerse AG,Germany,Financials,747840860
Deutsche EuroShop AG,Germany,Real Estate,7755045
Deutsche Lufthansa AG,Germany,Consumer Discretionary,41349820
Deutsche Pfandbriefbank AG,Germany,Financials,5668205
Deutsche Post AG,Germany,Industrials,775855607
Deutsche Telekom AG,Germany,Telecommunications,2187263318
Deutsche Wohnen SE,Germany,Real Estate,25128740
Deutz AG,Germany,Industrials,22884253
Devyani International Ltd,India,Consumer Discretionary,5632230
Dexco SA,Brazil,Industrials,306723
Dexcom Inc,United States,Health Care,615802155
Dexelance SpA,Italy,Consumer Discretionary,7033230
Dexerials Corp,Japan,Technology,20960694
Dexus,Australia,Real Estate,80667671
Dexus Industria REIT,Australia,Real Estate,4364897
Dfds A/S,Denmark,Industrials,22356336
Dhani Services Ltd,India,Financials,10
Dharma Polimetal TbK PT,Indonesia,Consumer Discretionary,739418
DiDi Global Inc,China,Consumer Discretionary,23801680
DiaSorin SpA,Italy,Health Care,88504768
Diageo PLC,United Kingdom,Consumer Staples,1825928203
Dialight PLC,United Kingdom,Industrials,2467838
Dialog Axiata PLC,Sri Lanka,Telecommunications,3086200
Dialog Group Bhd,Malaysia,Energy,44509802
Diamond Hill Investment Group Inc,United States,Financials,534850
Diamond Trust Bank Kenya Ltd,Kenya,Financials,2554676
DiamondRock Hospitality Co,United States,Real Estate,8042921
Dick's Sporting Goods Inc,United States,Consumer Discretionary,147086095
Dicker Data Ltd,Australia,Technology,11903503
Diebold Nixdorf Inc,United States,Technology,7013519
Digital Arts Inc,Japan,Technology,9473636
Digital Bros SpA,Italy,Consumer Discretionary,3099638
Digital China Holdings Ltd,China,Technology,199141
Digital Core REIT Management Pte Ltd,Singapore,Real Estate,8759874
Digital Daesung Co Ltd,South Korea,Consumer Discretionary,1311861
Digital Domain Holdings Ltd,Hong Kong,Consumer Discretionary,2285754
Digital Garage Inc,Japan,Technology,5022610
Digital Holdings Inc,Japan,Consumer Discretionary,522208
Digital Realty Trust Inc,United States,Real Estate,2800612599
Digital Value SpA,Italy,Technology,30852121
DigitalBridge Group Inc,United States,Real Estate,33193004
DigitalOcean Holdings Inc,United States,Technology,11600836
Dillard's Inc,United States,Consumer Discretionary,12972568
Dimand SA,Greece,Real Estate,4964185
Dimerco Express Corp,Taiwan,Industrials,2689148
Dino Polska SA,Poland,Consumer Staples,125013871
Diodes Inc,United States,Technology,38938227
Dios Fastigheter AB,Sweden,Real Estate,7444328
Diploma PLC,United Kingdom,Industrials,217166714
Dipula Income Fund Ltd,South Africa,Real Estate,5830393
Direcional Engenharia SA,Brazil,Consumer Discretionary,25778803
Direct Line Insurance Group PLC,United Kingdom,Financials,95583484
Disc Medicine Inc,United States,Health Care,5476816
Disco Corp,Japan,Technology,626003053
Discover Financial Services,United States,Financials,559463774
DiscoverIE Group PLC,United Kingdom,Industrials,2597977
Discovery Ltd,South Africa,Financials,15142645
Distribuidora Internacional de Alimentacion SA,Spain,Consumer Staples,2182835
Diversified Healthcare Trust,United States,Real Estate,813435
Divi's Laboratories Ltd,India,Health Care,238441413
Dixon Technologies India Ltd,India,Consumer Discretionary,57946187
Dlocal Ltd/Uruguay,United States,Industrials,1575681
DocMorris AG,Switzerland,Consumer Staples,5198061
Docebo Inc,Canada,Technology,7055692
DocuSign Inc,United States,Technology,151811653
Doganlar Mobilya Grubu Imalat Sanayi ve Ticaret AS,Türkiye,Consumer Discretionary,41
Dogus Otomotiv Servis ve Ticaret AS,Türkiye,Consumer Discretionary,790635
Doha Bank QPSC,Qatar,Financials,17874634
Dolby Laboratories Inc,United States,Technology,50226591
Dole PLC,Ireland,Consumer Staples,4560526
Dollar General Corp,United States,Consumer Discretionary,344109269
Dollar Tree Inc,United States,Consumer Discretionary,256998700
Dollarama Inc,Canada,Consumer Discretionary,336014244
Dom Development SA,Poland,Real Estate,6986253
Domain Holdings Australia Ltd,Australia,Consumer Discretionary,10268520
Dometic Group AB,Sweden,Consumer Discretionary,56188649
Dominion Energy Inc,United States,Utilities,397882499
Domino's Pizza Enterprises Ltd,Australia,Consumer Discretionary,1719330
Domino's Pizza Group PLC,United Kingdom,Consumer Discretionary,13191409
Domino's Pizza Inc,United States,Consumer Discretionary,311818916
Domo Inc,United States,Technology,3287948
Donaldson Co Inc,United States,Industrials,71407863
Dong-A ST Co Ltd,South Korea,Health Care,428990
Dong-A Socio Holdings Co Ltd,South Korea,Health Care,6929453
DongKook Pharmaceutical Co Ltd,South Korea,Health Care,20506700
Dongfang Electric Corp Ltd,China,Energy,24096159
Dongfeng Motor Group Co Ltd,China,Consumer Discretionary,5726025
Dongjin Semichem Co Ltd,South Korea,Basic Materials,19262324
Dongsuh Cos Inc,South Korea,Consumer Staples,1341113
Dongsung Pharmaceutical Co Ltd,South Korea,Health Care,32070
Dongwon F&B Co Ltd,South Korea,Consumer Staples,15585667
Dongwon Industries Co Ltd,South Korea,Consumer Staples,582605
Dongwoon Anatech Co Ltd,South Korea,Technology,2448716
Dongyue Group Ltd,China,Basic Materials,16598421
DoorDash Inc,United States,Technology,378830919
Doosan Bobcat Inc,South Korea,Industrials,8120645
Doosan Co Ltd,South Korea,Industrials,4473685
Doosan Enerbility Co Ltd,South Korea,Industrials,115495054
Doosan Fuel Cell Co Ltd,South Korea,Energy,615555
Doosan Robotics Inc,South Korea,Industrials,3070622
Doosan Tesna Inc,South Korea,Technology,12406741
Dorman Products Inc,United States,Consumer Discretionary,28374718
Doshisha Co Ltd,Japan,Industrials,1458839
DoubleUGames Co Ltd,South Korea,Consumer Discretionary,3910179
DoubleVerify Holdings Inc,United States,Technology,33944894
Douglas AG,Germany,Consumer Discretionary,26704763
Douglas Dynamics Inc,United States,Industrials,1188720
Douglas Emmett Inc,United States,Real Estate,13674654
Doutor Nichires Holdings Co Ltd,Japan,Consumer Discretionary,3169407
Douzone Bizon Co Ltd,South Korea,Technology,36583477
Dover Corp,United States,Industrials,264176274
Dow Inc,United States,Basic Materials,424546259
Dowa Holdings Co Ltd,Japan,Basic Materials,27747210
Dowlais Group PLC,United Kingdom,Consumer Discretionary,26227437
Downer EDI Ltd,Australia,Industrials,22385167
Doximity Inc,United States,Health Care,31814029
Dr Ing hc F Porsche AG,Germany,Consumer Discretionary,402370794
Dr Lal PathLabs Ltd,India,Health Care,12599226
Dr Martens PLC,United Kingdom,Consumer Discretionary,11478054
Dr Reddy's Laboratories Ltd,India,Health Care,111721669
Draegerwerk AG & Co KGaA,Germany,Health Care,5355980
DraftKings Inc,United States,Consumer Discretionary,215911239
Drax Group PLC,United Kingdom,Utilities,54856522
Dream Incubator Inc,Japan,Financials,95071
Dream Industrial Real Estate Investment Trust,Canada,Real Estate,12448971
Dreamtech Co Ltd,South Korea,Technology,5522995
Driven Brands Holdings Inc,United States,Consumer Discretionary,10037732
DroneShield Ltd,Australia,Industrials,477618
Dropbox Inc,United States,Technology,10520791
DuPont de Nemours Inc,United States,Industrials,173976881
Dubai Electricity & Water Authority PJSC,United Arab Emirates,Utilities,87810478
Dubai Financial Market PJSC,United Arab Emirates,Financials,7414836
Dubai Islamic Bank PJSC,United Arab Emirates,Financials,46402935
Dubai Taxi Co PJSC,United Arab Emirates,Consumer Discretionary,50850743
Dubber Corp Ltd,Australia,Technology,33682
Duc Giang Chemicals JSC,Vietnam,Basic Materials,29909356
Duerr AG,Germany,Industrials,23233089
Dufu Technology Corp Bhd,Malaysia,Technology,7082304
Duk San Neolux Co Ltd,South Korea,Basic Materials,11488687
Dun & Bradstreet Holdings Inc,United States,Technology,20817415
Dunelm Group PLC,United Kingdom,Consumer Discretionary,38456349
Duolingo Inc,United States,Consumer Discretionary,82973035
Duopharma Biotech Bhd,Malaysia,Health Care,3120179
Duskin Co Ltd,Japan,Consumer Discretionary,8050691
Dutch Bros Inc,United States,Consumer Discretionary,23124964
Dutch Lady Milk Industries BHD,Malaysia,Consumer Staples,2599898
Duty Free International Ltd,Singapore,Consumer Discretionary,299873
DyDo Group Holdings Inc,Japan,Consumer Staples,2493873
Dyaco International Inc,Taiwan,Consumer Discretionary,1155505
Dycom Industries Inc,United States,Industrials,54528044
Dynamic Holding Co Ltd,Taiwan,Technology,4454217
Dynapack International Technology Corp,Taiwan,Industrials,3333833
Dynasty Ceramic PCL,Thailand,Industrials,598139
Dynatrace Inc,United States,Technology,175877593
Dynavax Technologies Corp,United States,Health Care,2654772
Dyne Therapeutics Inc,United States,Health Care,3779171
E Ink Holdings Inc,Taiwan,Technology,130021771
E-Finance for Digital & Financial Investments,Egypt,Industrials,11330305
E-MART Inc,South Korea,Consumer Discretionary,1154012
E.ON SE,Germany,Utilities,861157371
E.Sun Financial Holding Co Ltd,Taiwan,Financials,177856991
E1 Corp,South Korea,Energy,654990
E2open Parent Holdings Inc,United States,Technology,11520810
E7 Group PJSC,United Arab Emirates,Industrials,14072452
EBOS Group Ltd,New Zealand,Health Care,44305645
EC Healthcare,Hong Kong,Health Care,451925
EDION Corp,Japan,Consumer Discretionary,6749114
EDP - Energias de Portugal SA,Portugal,Utilities,793496264
EDP Renovaveis SA,Portugal,Utilities,117148136
EFG Holding S.A.E.,Egypt,Financials,1823307
EFG International AG,Switzerland,Financials,36095984
EG Industries Bhd,Malaysia,Technology,3391463
EHang Holdings Ltd,China,Industrials,136
EID Parry India Ltd,India,Consumer Staples,12010166
EIH Ltd,India,Consumer Discretionary,13692274
EM Systems Co Ltd,Japan,Technology,1194452
EMCOR Group Inc,United States,Industrials,256140493
EML Payments Ltd,Australia,Industrials,1150812
EMS-Chemie Holding AG,Switzerland,Basic Materials,120928284
EMSTEEL Building Materials PJSC,United Arab Emirates,Industrials,4759117
EN+ Group International PJSC,Russia,Basic Materials,2533076
ENEOS Holdings Inc,Japan,Energy,259046449
ENF Technology Co Ltd,South Korea,Basic Materials,4779609
ENN Energy Holdings Ltd,China,Utilities,111922506
ENN Natural Gas Co Ltd,China,Utilities,2279680
EPAM Systems Inc,United States,Technology,137687867
EPE Capital Partners Ltd,South Africa,Financials,1865648
EPL Ltd,India,Industrials,4760121
EPR Properties,United States,Real Estate,38122248
EQT AB,Sweden,Financials,923088902
EQT Holdings Ltd,Australia,Financials,10315130
ERG SpA,Italy,Utilities,24791971
ES-Con Japan Ltd,Japan,Real Estate,2296082
ESCO Technologies Inc,United States,Industrials,16940956
ESCON Japan Reit Investment Corp,Japan,Real Estate,876568
ESPEC Corp,Japan,Industrials,1542406
ESR Group Ltd,Hong Kong,Real Estate,62903180
ESR Kendall Square REIT Co Ltd,South Korea,Real Estate,1291962
ESR-LOGOS REIT,Singapore,Real Estate,22289697
ESSA Industries Indonesia Tbk PT,Indonesia,Energy,8084812
EVERGREEN Steel Corp,Taiwan,Basic Materials,6316770
EVERTEC Inc,United States,Industrials,10105407
EVN AG,Austria,Utilities,28760975
EVT Ltd,Australia,Consumer Discretionary,14971738
EW Scripps Co/The,United States,Consumer Discretionary,1703136
EXEO Group Inc,Japan,Industrials,30744925
EXOR NV,Netherlands,Financials,547971697
Eagers Automotive Ltd,Australia,Consumer Discretionary,7528132
Eagle Industry Co Ltd,Japan,Industrials,2946055
Eagle Materials Inc,United States,Industrials,93394503
Earth Corp,Japan,Consumer Staples,2339034
East African Breweries PLC,Kenya,Consumer Staples,26040539
East Buy Holding Ltd,China,Consumer Discretionary,7591494
East Japan Railway Co,Japan,Industrials,273364424
East Money Information Co Ltd,China,Financials,20504396
East West Bancorp Inc,United States,Financials,117705948
EastGroup Properties Inc,United States,Real Estate,118260494
Eastern & Oriental Bhd,Malaysia,Real Estate,1253910
Eastern Bankshares Inc,United States,Financials,19198790
Eastern Communications Co Ltd,China,Telecommunications,918955
Eastern Water Resources Development and Management PCL,Thailand,Utilities,192275
Eastman Chemical Co,United States,Basic Materials,145300972
Eastroc Beverage Group Co Ltd,China,Consumer Staples,52487371
Eaton Corp PLC,United States,Industrials,1430882603
Ebara Corp,Japan,Industrials,115643791
Ebase Co Ltd,Japan,Technology,794644
Ebro Foods SA,Spain,Consumer Staples,2933394
Echo Marketing Inc,South Korea,Consumer Discretionary,3045734
Eckert & Ziegler SE,Germany,Basic Materials,27872486
Eco World Development Group Bhd,Malaysia,Real Estate,416948
Ecofibre Ltd,Australia,Health Care,227728
Ecolab Inc,United States,Basic Materials,478705584
Econframe Bhd,Malaysia,Industrials,1325914
Econocom Group SA/NV,Belgium,Technology,2
Econpile Holdings Bhd,Malaysia,Industrials,1277932
Ecopetrol SA,Colombia,Energy,23640958
Ecopro BM Co Ltd,South Korea,Industrials,59995964
Ecopro Co Ltd,South Korea,Basic Materials,231059
Ecopro HN Co Ltd,South Korea,Industrials,1050049
Ecopro Materials Co Ltd,South Korea,Basic Materials,957537
Edelweiss Financial Services Ltd,India,Financials,4663308
Edenred SE,France,Industrials,253346260
Edgewell Personal Care Co,United States,Consumer Staples,10505344
Edison International,United States,Utilities,256795935
Edwards Lifesciences Corp,United States,Health Care,774815725
Egis Technology Inc,Taiwan,Technology,16604365
Egypt Aluminium,Egypt,Basic Materials,2
Egypt Kuwait Holding Co SAE,Egypt,Financials,1464434
Eicher Motors Ltd,India,Consumer Discretionary,188386608
Eiffage SA,France,Industrials,138015235
Eiken Chemical Co Ltd,Japan,Health Care,3811314
Einhell Germany AG,Germany,Consumer Discretionary,8777287
EirGenix Inc,Taiwan,Health Care,468659
Eisai Co Ltd,Japan,Health Care,147192283
Eizo Corp,Japan,Technology,5510401
Ekachai Medical Care PCL,Thailand,Health Care,758817
Ekovest BHD,Malaysia,Industrials,12555553
Ekspress Grupp AS,Estonia,Consumer Discretionary,243438
El Puerto de Liverpool SAB de CV,Mexico,Consumer Discretionary,132121719
El.En. SpA,Italy,Health Care,27458821
Elan Corp,Japan,Health Care,1535520
Elan Microelectronics Corp,Taiwan,Technology,27496098
Elanco Animal Health Inc,United States,Health Care,55946726
Elang Mahkota Teknologi Tbk PT,Indonesia,Consumer Discretionary,3488443
Elastic NV,United States,Technology,105891647
Elders Ltd,Australia,Consumer Staples,7210952
Elecom Co Ltd,Japan,Technology,4098232
Elecon Engineering Co Ltd,India,Industrials,13108240
Electrolux AB,Sweden,Consumer Discretionary,43770926
Electrolux Professional AB,Sweden,Industrials,35809723
Electronic Arts Inc,United States,Consumer Discretionary,75983894
Electrosteel Castings Ltd,India,Basic Materials,10340058
Elekta AB,Sweden,Health Care,46755683
Elematec Corp,Japan,Technology,1827887
Element Fleet Management Corp,Canada,Industrials,81556673
Elementis PLC,United Kingdom,Basic Materials,19506500
Eletromidia SA,Brazil,Consumer Discretionary,1024332
Elevance Health Inc,United States,Health Care,1642352734
Elgi Equipments Ltd,India,Industrials,17689124
Eli Lilly & Co,United States,Health Care,9771341717
Elia Group SA/NV,Belgium,Utilities,32673498
Elica SpA,Italy,Consumer Discretionary,1493162
Elior Group SA,France,Consumer Discretionary,2976271
Elis SA,France,Industrials,89714146
Elisa Oyj,Finland,Telecommunications,185921476
Elite Advanced Laser Corp,Taiwan,Technology,3694432
Elite Material Co Ltd,Taiwan,Technology,122618452
Elite Semiconductor Microelectronics Technology Inc,Taiwan,Technology,15835822
Elitegroup Computer Systems Co Ltd,Taiwan,Technology,2099494
Ellaktor SA,Greece,Industrials,1669039
Elme Communities,United States,Real Estate,6061413
Elmos Semiconductor SE,Germany,Technology,16148915
ElringKlinger AG,Germany,Consumer Discretionary,1478386
Elsoft Research Bhd,Malaysia,Technology,690055
Emaar Development PJSC,United Arab Emirates,Real Estate,102259004
Emaar Properties PJSC,United Arab Emirates,Real Estate,295214004
Emami Ltd,India,Consumer Staples,14757504
Embark Early Education Ltd,Australia,Consumer Discretionary,560994
Embassy Office Parks REIT,India,Real Estate,40597990
Embecta Corp,United States,Health Care,2322512
Embotelladora Andina SA,Chile,Consumer Staples,20397293
Embracer Group AB,Sweden,Consumer Discretionary,48906785
Emeco Holdings Ltd,Australia,Industrials,1349307
Emerald Resources NL,Australia,Basic Materials,17469080
Emerson Electric Co,United States,Industrials,944464251
Emirates Central Cooling Systems Corp,United Arab Emirates,Industrials,95256978
Emirates NBD Bank PJSC,United Arab Emirates,Financials,189625825
Emirates Telecommunications Group Co PJSC,United Arab Emirates,Telecommunications,51501239
Emmi AG,Switzerland,Consumer Staples,50462631
Emperor Capital Group Ltd,Hong Kong,Financials,22688
Empire State Realty Trust Inc,United States,Real Estate,6914852
Employers Holdings Inc,United States,Financials,3981088
Empreendimentos Pague Menos S/A,Brazil,Consumer Staples,185381
Empresa Editora EL Comercio,Peru,Consumer Discretionary,242096
Empresa Nacional de Telecomunicaciones SA,Chile,Telecommunications,21848986
Empresas CMPC SA,Chile,Basic Materials,47047410
Empyrean Technology Co Ltd,China,Technology,11293022
Enact Holdings Inc,United States,Financials,3102792
Enagas SA,Spain,Energy,50082195
Enanta Pharmaceuticals Inc,United States,Health Care,527879
Enav SpA,Italy,Industrials,14966853
Enbridge Inc,Canada,Energy,719630882
Encavis AG,Germany,Utilities,84756828
Ence Energia y Celulosa SA,Spain,Basic Materials,4704977
Enchem Co Ltd,South Korea,Basic Materials,980422
Encompass Health Corp,United States,Health Care,97677577
Encore Capital Group Inc,United States,Financials,4106774
Encore Wire Corp,United States,Industrials,49833080
Endeavour Group Ltd/Australia,Australia,Consumer Staples,53751800
Endeavour Mining PLC,United Kingdom,Basic Materials,93534963
Endesa SA,Spain,Utilities,65729314
Endurance Technologies Ltd,India,Consumer Discretionary,9254524
Enefit Green AS,Estonia,Utilities,2551145
Enel Americas SA,Chile,Utilities,24422924
Enel Generacion Chile SA,Chile,Utilities,9927746
Enel SpA,Italy,Utilities,1160444806
EnerSys,United States,Industrials,50242086
Energiekontor AG,Germany,Utilities,23736185
Energisa S/A,Brazil,Utilities,104633671
Energix-Renewable Energies Ltd,Israel,Utilities,415857
Energizer Holdings Inc,United States,Consumer Staples,9996513
Energy Absolute PCL,Thailand,Utilities,674516
EnergyO Solutions Invest AB,Russia,Financials,9356
Enero Group Ltd,Australia,Consumer Discretionary,2245135
Enerpac Tool Group Corp,United States,Industrials,10408517
Enghouse Systems Ltd,Canada,Technology,5051036
Engie Brasil Energia SA,Brazil,Utilities,1014274
Engie SA,France,Utilities,662151934
Engineers India Ltd,India,Industrials,10729911
Eni SpA,Italy,Energy,809625171
Enka Insaat ve Sanayi AS,Türkiye,Industrials,14752238
Enlight Renewable Energy Ltd,Israel,Utilities,24274123
Enliven Therapeutics Inc,United States,Health Care,8766344
Ennakl Automobiles,Tunisia,Consumer Discretionary,1639708
Ennoconn Corp,Taiwan,Technology,15796418
Ennostar Inc,Taiwan,Technology,13164041
Enphase Energy Inc,United States,Energy,134697740
Enplas Corp,Japan,Technology,2860369
Enpro Inc,United States,Industrials,13351680
Ensign Group Inc/The,United States,Health Care,81942399
Enstar Group Ltd,United States,Financials,38471122
Entain PLC,United Kingdom,Consumer Discretionary,119059545
Entegris Inc,United States,Technology,346423879
Enter Air SA,Poland,Consumer Discretionary,6355354
Entergy Corp,United States,Utilities,194832234
Envestnet Inc,United States,Technology,37356529
Enviri Corp,United States,Utilities,1562030
EnviroSuite Ltd,Australia,Utilities,1448191
Envista Holdings Corp,United States,Health Care,32915160
Enzychem Lifesciences Corp,South Korea,Health Care,2820689
Eo Technics Co Ltd,South Korea,Technology,36184067
Eoflow Co Ltd,South Korea,Health Care,7652882
Epiroc AB,Sweden,Industrials,412486345
Episil Technologies Inc,Taiwan,Technology,7957772
Equals Group PLC,United Kingdom,Industrials,7898056
Equasens,France,Technology,2264178
Equatorial Energia SA,Brazil,Utilities,238753776
Equatorial Para Distribuidora de Energia SA,Brazil,Utilities,6536610
Equifax Inc,United States,Industrials,251107578
Equinix Inc,United States,Real Estate,1063827266
Equinox Gold Corp,Canada,Basic Materials,7945726
Equitable Holdings Inc,United States,Financials,627355165
Equitas Small Finance Bank Ltd,India,Financials,10967461
Equitrans Midstream Corp,United States,Energy,70852135
Equity Commonwealth,United States,Real Estate,2809624
Equity Group Holdings PLC/Kenya,Kenya,Financials,35771383
Equity LifeStyle Properties Inc,United States,Real Estate,242538584
Equity Residential,United States,Real Estate,2428611658
Erajaya Swasembada Tbk PT,Indonesia,Consumer Discretionary,4758993
Eramet SA,France,Basic Materials,22716297
Erawan Group PCL/The,Thailand,Consumer Discretionary,7
Erciyas Celik Boru Sanayi AS,Türkiye,Basic Materials,3495979
Eregli Demir ve Celik Fabrikalari TAS,Türkiye,Basic Materials,43855903
Ermenegildo Zegna NV,United States,Consumer Discretionary,6995877
Erste Group Bank AG,Austria,Financials,342900777
Escorts Kubota Ltd,India,Industrials,20020403
Esprit Holdings Ltd,Hong Kong,Consumer Discretionary,222532
Essent Group Ltd,United States,Financials,70935267
Essential Properties Realty Trust Inc,United States,Real Estate,81048619
Essential Utilities Inc,United States,Utilities,79266709
Essentra PLC,United Kingdom,Industrials,8328739
Essex Property Trust Inc,United States,Real Estate,740627347
EssilorLuxottica SA,France,Health Care,1540756809
Essity AB,Sweden,Consumer Staples,1061510687
Establishment Labs Holdings Inc,United States,Health Care,14982250
Estee Lauder Cos Inc/The,United States,Consumer Discretionary,313019437
Esthetics International Group Bhd,Malaysia,Consumer Staples,156426
Estithmar Holding QPSC,Qatar,Industrials,2981873
Eternal Hospitality Group Co Ltd,Japan,Consumer Discretionary,5196345
Eternal Materials Co Ltd,Taiwan,Basic Materials,15541007
Etron Technology Inc,Taiwan,Technology,2507531
Etsy Inc,United States,Consumer Discretionary,75369244
Eubiologics Co Ltd,South Korea,Health Care,380714
Eugene Investment & Securities Co Ltd,South Korea,Financials,84393
Eugene Technology Co Ltd,South Korea,Technology,645757
Eurazeo SE,France,Financials,91705833
Eurobank Ergasias Services and Holdings SA,Greece,Financials,107110346
Eurocash SA,Poland,Consumer Staples,86809
Eurocommercial Properties NV,Netherlands,Real Estate,9511023
Eurofins Scientific SE,France,Health Care,152320541
Eurogroup Laminations SpA,Italy,Industrials,19378234
Euronav NV,Belgium,Industrials,9894616
Euronet Worldwide Inc,United States,Industrials,48766819
Euronext NV,France,Financials,153630780
Eurotech SpA,Italy,Technology,998357
Eusu Holdings Co Ltd,South Korea,Industrials,226829
Eutelsat Communications SACA,France,Telecommunications,13897286
Eva Airways Corp,Taiwan,Consumer Discretionary,54978247
Eve Energy Co Ltd,China,Industrials,18445010
Ever Sunshine Services Group Ltd,China,Real Estate,158862
EverChina International Holdings Co Ltd,Hong Kong,Consumer Staples,43782
Everbridge Inc,United States,Technology,7548323
Everbright Securities Co Ltd,China,Financials,633
Evercore Inc,United States,Financials,88408294
Everest Group Ltd,United States,Financials,337883202
Everest Medicines Ltd,Hong Kong,Health Care,1254
Evergreen Aviation Technologies Corp,Taiwan,Industrials,2985759
Evergreen Fibreboard Bhd,Malaysia,Industrials,397812
Evergreen International Storage & Transport Corp,Taiwan,Industrials,11288150
Everlight Chemical Industrial Corp,Taiwan,Basic Materials,1710907
Everlight Electronics Co Ltd,Taiwan,Technology,7450347
Eversource Energy,United States,Utilities,180912896
Evolent Health Inc,United States,Health Care,23040613
Evolution AB,Sweden,Consumer Discretionary,506930337
Evolution Mining Ltd,Australia,Basic Materials,60652007
Evonik Industries AG,Germany,Basic Materials,85313062
Evotec SE,Germany,Health Care,15035237
Evraz PLC,Russia,Basic Materials,1424469
Exact Sciences Corp,United States,Health Care,50743010
Excelerate Energy Inc,United States,Utilities,1414348
Exclusive Networks SA,France,Technology,20992929
Exedy Corp,Japan,Consumer Discretionary,5472292
Exelixis Inc,United States,Health Care,62673459
Exelon Corp,United States,Utilities,342487062
Exide Industries Ltd,India,Industrials,83105568
ExlService Holdings Inc,United States,Industrials,67724303
Exosens SAS,France,Technology,13368696
Exotic Food PCL,Thailand,Consumer Staples,4798932
Expedia Group Inc,United States,Consumer Discretionary,455832072
Expeditors International of Washington Inc,United States,Industrials,59720501
Experian PLC,United Kingdom,Industrials,1011982467
Experience Co Ltd,Australia,Consumer Discretionary,2579847
Exponent Inc,United States,Industrials,54881672
Extra Space Storage Inc,United States,Real Estate,1049973427
Extreme Networks Inc,United States,Telecommunications,11365304
Exxon Mobil Corp,United States,Energy,7272331515
Eyebright Medical Technology Beijing Co Ltd,China,Health Care,15602085
Ez Tec Empreendimentos e Participacoes S/A,Brazil,Real Estate,11388793
Ezaki Glico Co Ltd,Japan,Consumer Staples,19592272
F&F Co Ltd / New,South Korea,Consumer Discretionary,70056247
F&G Annuities & Life Inc,United States,Financials,12327591
F-Secure Oyj,Finland,Technology,2455504
F5 Inc,United States,Technology,36923873
FACC AG,Austria,Industrials,509915
FAN Communications Inc,Japan,Technology,701740
FANUC Corp,Japan,Industrials,385424755
FARO Technologies Inc,United States,Industrials,604800
FCC Co Ltd,Japan,Consumer Discretionary,5067158
FD Technologies PLC,United Kingdom,Technology,9377760
FDK Corp,Japan,Industrials,180709
FDM Group Holdings PLC,United Kingdom,Industrials,2972868
FIBI Holdings Ltd,Israel,Financials,13862273
FIBRA Macquarie Mexico,Mexico,Real Estate,22682678
FICA Empreendimentos Imobiliarios SA,Brazil,Real Estate,126598
FIDEA Holdings Co Ltd,Japan,Financials,1217018
FIH Mobile Ltd,China,Telecommunications,1550150
FIT Hon Teng Ltd,Hong Kong,Industrials,6620085
FLEXium Interconnect Inc,Taiwan,Technology,17856797
FLSmidth & Co A/S,Denmark,Industrials,69138402
FMC Corp,United States,Basic Materials,20553925
FNB Corp/PA,United States,Financials,41023009
FOCI Fiber Optic Communications Inc,Taiwan,Telecommunications,3503784
FP Corp,Japan,Industrials,22340795
FP Partner Inc,Japan,Financials,2460229
FPT Corp,Vietnam,Technology,67355983
FPT DIGITAL RETAIL JSC,Vietnam,Consumer Discretionary,24114023
FSN E-Commerce Ventures Ltd,India,Consumer Discretionary,62460452
FSP Technology Inc,Taiwan,Industrials,2174931
FTAI Aviation Ltd,United States,Industrials,118733804
FTI Consulting Inc,United States,Industrials,15036235
FUCHS SE,Germany,Basic Materials,150486844
FUJIFILM Holdings Corp,Japan,Technology,502881660
FULLCAST Holdings Co Ltd,Japan,Industrials,1588469
Fabege AB,Sweden,Real Estate,46814594
Fabryki Mebli Forte SA,Poland,Consumer Discretionary,1393054
FactSet Research Systems Inc,United States,Financials,11223751
Faes Farma SA,Spain,Health Care,11185404
Fagerhult Group AB,Sweden,Industrials,3507447
Fagron,Belgium,Health Care,10837663
Fair Isaac Corp,United States,Industrials,182399555
Fairfax Financial Holdings Ltd,Canada,Financials,298107684
Fairvest Ltd,South Africa,Real Estate,5289949
Falabella SA,Chile,Consumer Discretionary,61716891
Falcon Metals Ltd/Australia,Australia,Basic Materials,102160
Famous Brands Ltd,South Africa,Consumer Discretionary,5861470
Fancl Corp,Japan,Consumer Discretionary,23794835
Far EasTone Telecommunications Co Ltd,Taiwan,Telecommunications,64281026
Far East Consortium International Ltd,Hong Kong,Real Estate,2572
Far East Horizon Ltd,China,Consumer Discretionary,37837587
Far East Hospitality Trust,Singapore,Real Estate,7483303
Far East Orchard Ltd,Singapore,Consumer Discretionary,732034
Far Eastern Department Stores Ltd,Taiwan,Consumer Discretionary,24556274
Far Eastern International Bank,Taiwan,Financials,21550199
Far Eastern New Century Corp,Taiwan,Industrials,47591223
Faraday Technology Corp,Taiwan,Technology,71348156
Farfetch Ltd,United States,Consumer Discretionary,2163
Farglory Land Development Co Ltd,Taiwan,Real Estate,13793144
Farm Price Holdings Bhd,Malaysia,Consumer Staples,698900
Fast Retailing Co Ltd,Japan,Consumer Discretionary,660137849
Fastenal Co,United States,Basic Materials,434655545
Fastighets AB Balder,Sweden,Real Estate,122133520
Fastighetsbolaget Emilshus AB,Sweden,Real Estate,148716
Fastly Inc,United States,Technology,2248609
Fattal Holdings 1998 Ltd,Israel,Consumer Discretionary,3495393
Fawry for Banking & Payment Technology Services SAE,Egypt,Industrials,11410120
FedEx Corp,United States,Industrials,818636961
Federal Bank Ltd,India,Financials,41782681
Federal Corp,Taiwan,Consumer Discretionary,1635903
Federal Grid Co - Rosseti PJSC,Russia,Utilities,0
Federal Realty Investment Trust,United States,Real Estate,727866074
Federal Signal Corp,United States,Industrials,70941534
Feed One Co Ltd,Japan,Consumer Staples,799911
Fenbi Ltd,China,Consumer Discretionary,4913800
Feng Hsin Steel Co Ltd,Taiwan,Basic Materials,9562520
Feng TAY Enterprise Co Ltd,Taiwan,Consumer Discretionary,48484922
Ferguson PLC,United Kingdom,Industrials,881602777
Ferrari NV,Italy,Consumer Discretionary,760470816
Ferretti SpA,Italy,Consumer Discretionary,13216607
Ferrexpo PLC,United Kingdom,Basic Materials,1558106
Ferro SA,Poland,Consumer Discretionary,5673939
Ferronordic AB,Sweden,Industrials,1140556
Ferrotec Holdings Corp,Japan,Technology,13412288
Ferrovial SE,Spain,Industrials,457149817
Fertiglobe plc,United Arab Emirates,Basic Materials,33981651
Feytech Holdings Bhd,Malaysia,Consumer Discretionary,5383545
Fibergate Inc/Japan,Japan,Telecommunications,140205
Fibra MTY SAPI de CV,Mexico,Real Estate,12461148
Fibra Uno Administracion SA de CV,Mexico,Real Estate,2092823
Fidelity National Financial Inc,United States,Financials,25207116
Fidelity National Information Services Inc,United States,Industrials,584452822
Fielmann Group AG,Germany,Consumer Discretionary,24723376
Fiera Milano SpA,Italy,Industrials,6659319
Fifth Third Bancorp,United States,Financials,317747658
Figs Inc,United States,Consumer Discretionary,2086130
Fila Holdings Corp,South Korea,Consumer Discretionary,3688065
Fila SpA,Italy,Consumer Staples,2066779
FinVolution Group,China,Financials,3893999
Financial Partners Group Co Ltd,Japan,Financials,7530955
Financiere de Tubize SA,Belgium,Health Care,2082652
Fincantieri SpA,Italy,Industrials,4315266
Fine Foods & Pharmaceuticals NTM,Italy,Health Care,6077864
Fine Organic Industries Ltd,India,Basic Materials,4099109
FinecoBank Banca Fineco SpA,Italy,Financials,122645321
Fineos Corp Ltd,Australia,Technology,899993
Finnair Oyj,Finland,Consumer Discretionary,2642146
Finning International Inc,Canada,Industrials,51477104
Finolex Cables Ltd,India,Industrials,22829728
Finolex Industries Ltd,India,Industrials,11775992
Fire Rock Holdings Ltd,Hong Kong,Consumer Discretionary,138
Firefinch Ltd,Australia,Basic Materials,16904
Firich Enterprises Co Ltd,Taiwan,Technology,182709
First Abu Dhabi Bank PJSC,United Arab Emirates,Financials,117831221
First American Financial Corp,United States,Financials,60618220
First BanCorp/Puerto Rico,United States,Financials,31768541
First Bank of Toyama Ltd/The,Japan,Financials,336859
First Capital Real Estate Investment Trust,Canada,Real Estate,12329716
First Citizens BancShares Inc/NC,United States,Financials,235525254
First Commonwealth Financial Corp,United States,Financials,7060860
First Financial Bancorp,United States,Financials,11684831
First Financial Bankshares Inc,United States,Financials,33889898
First Financial Holding Co Ltd,Taiwan,Financials,126300058
First Hawaiian Inc,United States,Financials,26482556
First Horizon Corp,United States,Financials,104468160
First Industrial Realty Trust Inc,United States,Real Estate,84572836
First International Bank Of Israel Ltd/The,Israel,Financials,48110394
First Interstate BancSystem Inc,United States,Financials,16187300
First Merchants Corp,United States,Financials,9925547
First National Financial Corp,Canada,Financials,2303187
First Quantum Minerals Ltd,Canada,Basic Materials,69039917
First Real Estate Investment Trust,Singapore,Real Estate,1758001
First Solar Inc,United States,Energy,300964525
First Steamship Co Ltd,Taiwan,Industrials,695849
First Tractor Co Ltd,China,Industrials,5915862
FirstRand Ltd,South Africa,Financials,428986887
FirstService Corp,Canada,Real Estate,84790160
Firstgroup PLC,United Kingdom,Industrials,9825892
Firstsource Solutions Ltd,India,Industrials,6607382
Firstwave Cloud Technology Ltd,Australia,Technology,411009
Fiserv Inc,United States,Industrials,1136531794
Fisher & Paykel Healthcare Corp Ltd,New Zealand,Health Care,182902429
Fitipower Integrated Technology Inc,Taiwan,Technology,18553263
Fittech Co Ltd,Taiwan,Technology,1572236
Five Below Inc,United States,Consumer Discretionary,58128303
Five-Star Business Finance Ltd,India,Financials,30441013
Five9 Inc,United States,Technology,40989186
Fiverr International Ltd,United States,Technology,3466703
Fixer Inc,Japan,Technology,2108948
Fixstars Corp,Japan,Technology,610944
Flat Glass Group Co Ltd,China,Industrials,8699311
FleetPartners Group Ltd,Australia,Consumer Discretionary,10814320
Fleetwood Ltd,Australia,Consumer Discretionary,2923350
Fletcher Building Ltd,New Zealand,Industrials,21767516
Fleury SA,Brazil,Health Care,113641
Flex Ltd,United States,Technology,166869991
Flight Centre Travel Group Ltd,Australia,Consumer Discretionary,25790345
Floor & Decor Holdings Inc,United States,Consumer Discretionary,50863226
Flow Traders Ltd,Netherlands,Financials,6272066
Flowers Foods Inc,United States,Consumer Staples,47490173
Flowserve Corp,United States,Industrials,77978566
Fluence Energy Inc,United States,Energy,8015831
Flughafen Zurich AG,Switzerland,Industrials,137393554
Fluidra SA,Spain,Industrials,73548598
Flutter Entertainment PLC,United Kingdom,Consumer Discretionary,691794414
Flytech Technology Co Ltd,Taiwan,Technology,2956641
Flywire Corp,United States,Industrials,9985853
Fnac Darty SA,France,Consumer Discretionary,3446242
FocalTech Systems Co Ltd,Taiwan,Technology,4156906
Focus Media Information Technology Co Ltd,China,Consumer Discretionary,4780514
Fomento Economico Mexicano SAB de CV,Mexico,Consumer Staples,246602084
Fomento de Construcciones y Contratas SA,Spain,Industrials,3407942
Food & Life Cos Ltd,Japan,Consumer Discretionary,47878538
Foosung Co Ltd,South Korea,Basic Materials,362
Foot Locker Inc,United States,Consumer Discretionary,18001386
ForFarmers NV,Netherlands,Consumer Staples,1055657
Forbo Holding AG,Switzerland,Consumer Discretionary,26844928
Ford Motor Co,United States,Consumer Discretionary,472017187
Ford Otomotiv Sanayi AS,Türkiye,Consumer Discretionary,64510746
Foresight Group Holdings Ltd,United Kingdom,Financials,9194020
Forest Water Environment Engineering Co Ltd,Taiwan,Utilities,1933
FormFactor Inc,United States,Technology,24923409
Formosa International Hotels Corp,Taiwan,Consumer Discretionary,10280195
Formosa Petrochemical Corp,Taiwan,Energy,18392314
Formosa Sumco Technology Corp,Taiwan,Technology,5272321
Formosan Rubber Group Inc,Taiwan,Industrials,1740688
Formula Systems 1985 Ltd,Israel,Technology,963759
Formycon AG,Germany,Health Care,8910422
Fortescue Ltd,Australia,Basic Materials,354652720
Forth Corp PCL,Thailand,Telecommunications,6216741
Forth Smart Service PCL,Thailand,Industrials,1918931
Fortinet Inc,United States,Technology,44792604
Fortis Healthcare Ltd,India,Health Care,37698567
Fortis Inc/Canada,Canada,Utilities,140705069
Fortive Corp,United States,Industrials,370832487
Fortnox AB,Sweden,Technology,24
Fortrea Holdings Inc,United States,Health Care,7769676
Fortress Real Estate Investments Ltd,South Africa,Real Estate,4298591
Fortum Oyj,Finland,Utilities,58635653
Fortune Brands Innovations Inc,United States,Industrials,84387192
Fortune Electric Co Ltd,Taiwan,Technology,59831698
Fortune Real Estate Investment Trust,Hong Kong,Real Estate,5604724
Forus SA,Chile,Consumer Discretionary,10054613
Forvia SE,France,Consumer Discretionary,3465171
Foschini Group Ltd/The,South Africa,Consumer Discretionary,84934523
Foshan Haitian Flavouring & Food Co Ltd,China,Consumer Staples,13930703
Fositek Corp,Taiwan,Technology,14816035
Fossal SAA,Peru,Basic Materials,1706
Foster Electric Co Ltd,Japan,Consumer Discretionary,5334530
Fosun International Ltd,China,Industrials,346
Four Corners Property Trust Inc,United States,Real Estate,8711643
Fourlis Holdings SA,Greece,Consumer Discretionary,2305332
Fox Corp,United States,Consumer Discretionary,192189249
Fox Factory Holding Corp,United States,Consumer Discretionary,23665868
Fox Wizel Ltd,Israel,Consumer Discretionary,673083
Foxconn Industrial Internet Co Ltd,China,Telecommunications,16520689
Foxconn Technology Co Ltd,Taiwan,Technology,17226473
Foxsemicon Integrated Technology Inc,Taiwan,Technology,15956815
Fractyl Health Inc,United States,Health Care,1338820
France Bed Holdings Co Ltd,Japan,Health Care,1067978
Franchi Umberto Marmi SpA,Italy,Industrials,1151745
Franchise Brands plc,United Kingdom,Industrials,4059165
Franco-Nevada Corp,Canada,Basic Materials,250471084
Franklin Electric Co Inc,United States,Industrials,51985734
Franklin Resources Inc,United States,Financials,44847756
Fraport AG Frankfurt Airport Services Worldwide,Germany,Industrials,19103723
Fraser & Neave Holdings Bhd,Malaysia,Consumer Staples,20189647
Frasers Centrepoint Trust,Singapore,Real Estate,30899297
Frasers Group PLC,United Kingdom,Consumer Discretionary,40157590
Frasers Logistics & Commercial Trust,Singapore,Real Estate,35656871
Frasers Property Ltd,Singapore,Real Estate,2188450
Freee KK,Japan,Technology,8338329
Freenet AG,Germany,Telecommunications,105312686
Freightways Group Ltd,New Zealand,Industrials,9287067
Fresenius Medical Care AG,Germany,Health Care,49029979
Fresenius SE & Co KGaA,Germany,Health Care,255419934
Freshpet Inc,United States,Consumer Staples,72340138
Freshworks Inc,United States,Technology,30173774
Fresnillo PLC,United Kingdom,Basic Materials,30629542
Frontage Holdings Corp,Hong Kong,Health Care,102
Frontdoor Inc,United States,Consumer Discretionary,12571468
Frontier Communications Parent Inc,United States,Telecommunications,51195226
Frontier Real Estate Investment Corp,Japan,Real Estate,22513242
Frontken Corp Bhd,Malaysia,Industrials,33845089
Fu Shou Yuan International Group Ltd,China,Consumer Discretionary,16276876
Fubon Financial Holding Co Ltd,Taiwan,Financials,306698522
Fudo Tetra Corp,Japan,Industrials,651014
Fugro NV,Netherlands,Industrials,73960068
Fuji Co Ltd/Ehime,Japan,Consumer Staples,3488784
Fuji Corp/Aichi,Japan,Industrials,8769219
Fuji Electric Co Ltd,Japan,Industrials,132966002
Fuji Kyuko Co Ltd,Japan,Consumer Discretionary,8043397
Fuji Media Holdings Inc,Japan,Consumer Discretionary,11888645
Fuji Oil Holdings Inc,Japan,Consumer Staples,30155342
Fuji Pharma Co Ltd,Japan,Health Care,963481
Fuji Seal International Inc,Japan,Industrials,5583350
Fuji Soft Inc,Japan,Technology,45018139
Fujibo Holdings Inc,Japan,Basic Materials,1398820
Fujicco Co Ltd,Japan,Consumer Staples,1192003
Fujikura Ltd,Japan,Industrials,84197765
Fujimi Inc,Japan,Basic Materials,10517881
Fujimori Kogyo Co Ltd,Japan,Industrials,3881369
Fujio Food Group Inc,Japan,Consumer Discretionary,1782
Fujita Kanko Inc,Japan,Consumer Discretionary,1910157
Fujitec Co Ltd,Japan,Industrials,16512600
Fujitsu General Ltd,Japan,Industrials,11335073
Fujitsu Ltd,Japan,Technology,441429177
Fujiya Co Ltd,Japan,Consumer Staples,1511265
Fukuda Corp,Japan,Industrials,2560239
Fukuda Denshi Co Ltd,Japan,Health Care,4430188
Fukui Bank Ltd/The,Japan,Financials,1580304
Fukui Computer Holdings Inc,Japan,Technology,1007520
Fukuoka Financial Group Inc,Japan,Financials,86454061
Fukuoka REIT Corp,Japan,Real Estate,7435201
Fukushima Galilei Co Ltd,Japan,Industrials,4100048
Fukuyama Transporting Co Ltd,Japan,Industrials,6131387
Fulgent Genetics Inc,United States,Health Care,1674724
Fulgent Sun International Holding Co Ltd,Taiwan,Consumer Discretionary,17786680
Full Truck Alliance Co Ltd,China,Industrials,79184151
Fulton Financial Corp,United States,Financials,27114275
Funai Soken Holdings Inc,Japan,Industrials,4432934
Funding Circle Holdings PLC,United Kingdom,Financials,8575981
Furukawa Battery Co Ltd/The,Japan,Industrials,715289
Furukawa Co Ltd,Japan,Basic Materials,8861221
Furukawa Electric Co Ltd,Japan,Industrials,15977673
Furuno Electric Co Ltd,Japan,Industrials,1307719
Fusheng Precision Co Ltd,Taiwan,Consumer Discretionary,18270056
Fushun Special Steel Co Ltd,China,Basic Materials,6919313
Fuso Chemical Co Ltd,Japan,Basic Materials,14520695
Fuso Pharmaceutical Industries Ltd,Japan,Health Care,407181
Futaba Corp,Japan,Industrials,682852
Futaba Industrial Co Ltd,Japan,Consumer Discretionary,3073429
Futu Holdings Ltd,China,Financials,51703300
Future Corp,Japan,Technology,7687068
Future PLC,United Kingdom,Consumer Discretionary,10036591
FutureChem Co Ltd,South Korea,Health Care,2645069
FutureFuel Corp,United States,Basic Materials,761292
Fuyao Glass Industry Group Co Ltd,China,Industrials,109589496
Fuyo General Lease Co Ltd,Japan,Consumer Discretionary,24778749
G-7 Holdings Inc,Japan,Consumer Staples,1646335
G-III Apparel Group Ltd,United States,Consumer Discretionary,4877121
G-SMATT GLOBAL Co Ltd,South Korea,Technology,315
G-Tekt Corp,Japan,Consumer Discretionary,2554830
G8 Education Ltd,Australia,Consumer Discretionary,15419751
GATX Corp,United States,Industrials,46679931
GB Corp/EG,Egypt,Consumer Discretionary,0
GC Cell Corp,South Korea,Health Care,1023436
GCC SAB de CV,Mexico,Industrials,144054517
GDI Property Group Partnership,Australia,Real Estate,884460
GDS Holdings Ltd,China,Technology,21605340
GE HealthCare Technologies Inc,United States,Health Care,335218541
GE Vernova Inc,United States,Industrials,457781800
GEA Group AG,Germany,Industrials,167944324
GEK TERNA SA,Greece,Industrials,31271325
GEM Co Ltd,China,Utilities,1832252
GEN Ilac VE Saglik Urunleri Sanayi VE Ticaret AS,Türkiye,Health Care,16412185
GF Securities Co Ltd,China,Financials,8293722
GFL Environmental Inc,Canada,Utilities,97522178
GFPT PCL,Thailand,Consumer Staples,1233538
GFT Technologies SE,Germany,Technology,22314666
GHCL Ltd,India,Basic Materials,6340798
GL Events SACA,France,Consumer Discretionary,2831508
GLOBALFOUNDRIES Inc,United States,Technology,11559128
GLP J-Reit,Japan,Real Estate,52441643
GMM Pfaudler Ltd,India,Industrials,6844114
GMO Financial Holdings Inc,Japan,Financials,2020192
GMO Payment Gateway Inc,Japan,Industrials,58701897
GMO internet group Inc,Japan,Technology,27733640
GMR Airports Infrastructure Ltd,India,Industrials,26151297
GMS Inc,United States,Industrials,354684
GMexico Transportes SAB de CV,Mexico,Industrials,88506525
GN Store Nord AS,Denmark,Health Care,99699732
GOLFZON Co Ltd,South Korea,Consumer Discretionary,12184928
GOME Retail Holdings Ltd,China,Consumer Discretionary,2
GPI SpA,Italy,Health Care,13445315
GPS Participacoes e Empreendimentos SA,Brazil,Industrials,28975525
GPT Group/The,Australia,Real Estate,88671799
GQG Partners Inc,Australia,Financials,30834346
GRAIL Inc,United States,Health Care,5311226
GRENKE AG,Germany,Consumer Discretionary,12312383
GS Holdings Corp,South Korea,Industrials,31259974
GS Retail Co Ltd,South Korea,Consumer Staples,1347139
GS Yuasa Corp,Japan,Consumer Discretionary,57535971
GSK PLC,United Kingdom,Health Care,1596447297
GT Capital Holdings Inc,Philippines,Consumer Discretionary,7849835
GTN Ltd,Australia,Consumer Discretionary,1786740
GTPL Hathway Ltd,India,Telecommunications,5929775
GWA Group Ltd,Australia,Industrials,11132713
GXO Logistics Inc,United States,Industrials,45474644
Gadang Holdings BHD,Malaysia,Industrials,1162160
Gadwa for Industrial Development Co,Egypt,Industrials,789101
Gakken Holdings Co Ltd,Japan,Consumer Discretionary,1177967
Galapagos NV,Netherlands,Health Care,17905017
Galata Wind Enerji AS,Türkiye,Utilities,3075
Galaxy Cosmos Mezz PLC,Greece,Financials,36654
Galaxy Entertainment Group Ltd,Hong Kong,Consumer Discretionary,323333115
Galaxy Surfactants Ltd,India,Basic Materials,1796864
Galderma Group AG,Switzerland,Health Care,10999842
Galenica AG,Switzerland,Consumer Staples,77474195
Gallant Venture Ltd,Singapore,Utilities,1657775
Galliford Try Holdings PLC,United Kingdom,Industrials,8213604
Galp Energia SGPS SA,Portugal,Energy,220229736
Gamania Digital Entertainment Co Ltd,Taiwan,Consumer Discretionary,2531276
GameStop Corp,United States,Consumer Discretionary,69799
Games Workshop Group PLC,United Kingdom,Consumer Discretionary,106415855
Gaming and Leisure Properties Inc,United States,Real Estate,148347392
Gamuda Bhd,Malaysia,Industrials,49680820
Ganfeng Lithium Group Co Ltd,China,Basic Materials,8927471
Gannett Co Inc,United States,Consumer Discretionary,1242395
Ganyuan Foods Co Ltd,China,Consumer Staples,5815076
Gaon Cable Co Ltd,South Korea,Industrials,6712130
Gaotu Techedu Inc,China,Consumer Discretionary,8292108
Gap Inc/The,United States,Consumer Discretionary,57518806
Garmin Ltd,United States,Consumer Discretionary,310200658
Garofalo Health Care SpA,Italy,Health Care,12966589
Gartner Inc,United States,Technology,405506569
Gas Malaysia Bhd,Malaysia,Utilities,13957393
Gates Industrial Corp PLC,United States,Industrials,41535368
Gateway Distriparks Ltd,India,Industrials,5160160
Gav-Yam Lands Corp Ltd,Israel,Real Estate,508922
Gazprom Neft PJSC,Russia,Energy,3814500
Gazprom PJSC,Russia,Energy,17123953
Gaztransport Et Technigaz SA,France,Energy,110994766
Geberit AG,Switzerland,Industrials,413871009
Gecina SA,France,Real Estate,659202352
Gecoss Corp,Japan,Industrials,471472
Geely Automobile Holdings Ltd,China,Consumer Discretionary,19283134
GemVax & Kael Co Ltd,South Korea,Technology,28433
Gemdale Corp,China,Real Estate,431703
Gemdale Properties & Investment Corp Ltd,China,Real Estate,1928671
Gemtek Technology Corp,Taiwan,Telecommunications,3031583
Gen Digital Inc,United States,Technology,22957294
Genenta Science S.P.A.,Italy,Health Care,952322
Generac Holdings Inc,United States,Industrials,62997145
General Dynamics Corp,United States,Industrials,781063843
General Electric Co,United States,Industrials,1968142551
General Insurance Corp of India,India,Financials,5541162
General Interface Solution Holding Ltd,Taiwan,Industrials,8585546
General Mills Inc,United States,Consumer Staples,442872126
General Motors Co,United States,Consumer Discretionary,619154254
Generalfinance SpA,Italy,Financials,3346643
Genertec Universal Medical Group Co Ltd,China,Health Care,114315
Genesis Energy Ltd,New Zealand,Utilities,8263352
Genesis Minerals Ltd,Australia,Basic Materials,31153677
Genesys Logic Inc,Taiwan,Technology,1852535
Genetec Technology Bhd,Malaysia,Industrials,16409478
Genetic Signatures Ltd,Australia,Health Care,3190310
Genexine Inc,South Korea,Health Care,371057
Genius Electronic Optical Co Ltd,Taiwan,Technology,31869460
Genky DrugStores Co Ltd,Japan,Consumer Staples,2734012
Genmab A/S,Denmark,Health Care,353829583
Genomma Lab Internacional SAB de CV,Mexico,Health Care,1063586
Genpact Ltd,United States,Industrials,65775726
Genscript Biotech Corp,China,Health Care,1279426
Gentera SAB de CV,Mexico,Financials,23900570
Gentex Corp,United States,Consumer Discretionary,80648040
Gentherm Inc,United States,Consumer Discretionary,7967350
Genting Malaysia Bhd,Malaysia,Consumer Discretionary,27412996
Genting Singapore Ltd,Singapore,Consumer Discretionary,46587304
Gentrack Group Ltd,New Zealand,Technology,7832214
Genuine Parts Co,United States,Consumer Discretionary,230913759
Genuit Group PLC,United Kingdom,Industrials,16645122
Genus PLC,United Kingdom,Health Care,31076918
Genworth Financial Inc,United States,Financials,15082865
Geo Holdings Corp,Japan,Consumer Discretionary,2308877
Georg Fischer AG,Switzerland,Industrials,104436194
George Weston Ltd,Canada,Consumer Staples,102091203
Georgia Capital PLC,United Kingdom,Financials,11172961
Gerdau SA,Brazil,Basic Materials,65044448
Gerresheimer AG,Germany,Health Care,65912784
Gestamp Automocion SA,Spain,Consumer Discretionary,11376280
Getac Holdings Corp,Taiwan,Technology,29208514
Getinge AB,Sweden,Health Care,95790112
Getlink SE,France,Industrials,95665510
Getty Realty Corp,United States,Real Estate,10774052
Giant Biogene Holding Co ltd,China,Consumer Staples,56337349
Giant Manufacturing Co Ltd,Taiwan,Consumer Discretionary,32656692
Gibraltar Industries Inc,United States,Industrials,5351356
Gibson Energy Inc,Canada,Energy,34117461
Gift Holdings Inc,Japan,Consumer Discretionary,3876228
Gigabyte Technology Co Ltd,Taiwan,Technology,40814590
Gigasolar Materials Corp,Taiwan,Energy,1215447
Gigastorage Corp,Taiwan,Technology,130671
Giken Ltd,Japan,Industrials,1163815
Gilat Satellite Networks Ltd,Israel,Telecommunications,4386
Gildan Activewear Inc,Canada,Consumer Discretionary,82244560
Gilead Sciences Inc,United States,Health Care,1171452629
Gimv NV,Belgium,Financials,23027247
Ginkgo Bioworks Holdings Inc,United States,Health Care,5224382
Giordano International Ltd,Hong Kong,Consumer Discretionary,3105010
Gitlab Inc,United States,Technology,237117514
Givaudan SA,Switzerland,Basic Materials,865781237
Glacier Bancorp Inc,United States,Financials,38622319
Glanbia PLC,Ireland,Consumer Staples,114962272
Gland Pharma Ltd,India,Health Care,31119012
Glaukos Corp,United States,Health Care,63668394
GlaxoSmithKline Pharmaceuticals Ltd,India,Health Care,14456696
Glenmark Pharmaceuticals Ltd,India,Health Care,135483407
Global Brands Manufacture Ltd,Taiwan,Technology,10946206
Global Data Centre Group,Australia,Financials,3794321
Global Digital Niaga Tbk PT,Indonesia,Consumer Discretionary,4476955
Global Dominion Access SA,Spain,Industrials,3669796
Global Health Ltd/India,India,Health Care,119312627
Global Mixed Mode Technology Inc,Taiwan,Technology,5949111
Global Net Lease Inc,United States,Real Estate,3314659
Global One Real Estate Investment Corp,Japan,Real Estate,6826274
Global Payments Inc,United States,Industrials,297693464
Global Ports Investments PLC,Russia,Industrials,189525
Global Power Synergy PCL,Thailand,Utilities,1211982
Global Security Experts Inc,Japan,Industrials,7403767
Global Tax Free Co Ltd,South Korea,Consumer Discretionary,3092069
Global Unichip Corp,Taiwan,Technology,148347340
Global-e Online Ltd,United States,Technology,28140478
GlobalData PLC,United Kingdom,Consumer Discretionary,7640369
Globaltrans Investment PLC,Russia,Industrials,322445
Globalwafers Co Ltd,Taiwan,Technology,52319129
Globalworth Real Estate Investments Ltd,Romania,Real Estate,1560993
Globant SA,United States,Technology,2067103
Globe Life Inc,United States,Financials,94181967
Globe Telecom Inc,Philippines,Telecommunications,81881547
Globe Union Industrial Corp,Taiwan,Industrials,21243
Globus Medical Inc,United States,Health Care,123598972
Gloria Material Technology Corp,Taiwan,Basic Materials,5357695
Glory Ltd,Japan,Industrials,6805537
Glory Sun Land Group Ltd,China,Real Estate,7898
Go Digit General Insurance Ltd,India,Financials,945654
GoDaddy Inc,United States,Technology,243070671
GoTo Gojek Tokopedia Tbk PT,Indonesia,Technology,184802
Godawari Power and Ispat Ltd,India,Basic Materials,7538836
Godo Steel Ltd,Japan,Basic Materials,287020
Godrej Agrovet Ltd,India,Consumer Staples,3106635
Godrej Consumer Products Ltd,India,Consumer Staples,155333960
Godrej Industries Ltd,India,Industrials,7183761
Godrej Properties Ltd,India,Real Estate,105151757
GoerTek Inc,China,Industrials,165148
Gol Linhas Aereas Inteligentes SA,Brazil,Consumer Discretionary,153514
Golar LNG Ltd,United States,Energy,93110
Gold Circuit Electronics Ltd,Taiwan,Technology,84187871
Gold Fields Ltd,South Africa,Basic Materials,134277940
Gold Road Resources Ltd,Australia,Basic Materials,19311926
Goldcrest Co Ltd,Japan,Real Estate,2777610
Golden Entertainment Inc,United States,Consumer Discretionary,740418
Golden Solar New Energy Technology Holdings Ltd,China,Consumer Discretionary,4701
Goldman Sachs BDC Inc,United States,Financials,2307105
Goldman Sachs Group Inc/The,United States,Financials,1303201316
Goldsun Building Materials Co Ltd,Taiwan,Industrials,18405012
Goldwin Inc,Japan,Consumer Discretionary,30840563
Goneo Group Co Ltd,China,Industrials,16723300
Good Drinks Australia Ltd,Australia,Consumer Staples,688304
Goodman Group,Australia,Real Estate,752072235
Goodman Property Trust,New Zealand,Real Estate,14226225
Goodyear Tire & Rubber Co/The,United States,Consumer Discretionary,61073828
Gorman-Rupp Co/The,United States,Industrials,1439032
Gourmet Master Co Ltd,Taiwan,Consumer Discretionary,3353031
Grab Holdings Ltd,United States,Consumer Discretionary,113115450
Graco Inc,United States,Industrials,148934060
Gradiant Corp,South Korea,Consumer Discretionary,565755
Grafton Group PLC,United Kingdom,Industrials,56899698
Graham Holdings Co,United States,Consumer Discretionary,12689837
GrainCorp Ltd,Australia,Consumer Staples,14711819
Grainger PLC,United Kingdom,Real Estate,208362010
GrameenPhone Ltd,Bangladesh,Telecommunications,23716508
Grand Baoxin Auto Group Ltd,China,Consumer Discretionary,1
Grand Canyon Education Inc,United States,Consumer Discretionary,50101211
Grand City Properties SA,Germany,Real Estate,24934453
Grand Pacific Petrochemical,Taiwan,Basic Materials,3595227
Granges AB,Sweden,Consumer Discretionary,23506097
Granite Construction Inc,United States,Industrials,13362653
Granite Real Estate Investment Trust,Canada,Real Estate,39809502
Granules India Ltd,India,Health Care,16482872
Grape King Bio Ltd,Taiwan,Consumer Staples,8819691
Graphic Packaging Holding Co,United States,Industrials,52000745
Graphisoft Park SE,Hungary,Real Estate,245388
Graphite India Ltd,India,Industrials,5378069
Grasim Industries Ltd,India,Industrials,295642000
Gray Television Inc,United States,Consumer Discretionary,4761099
Great China Metal Industry,Taiwan,Industrials,1035535
Great Eastern Shipping Co Ltd/The,India,Industrials,17316971
Great Lakes Dredge & Dock Corp,United States,Industrials,2153734
Great Portland Estates PLC,United Kingdom,Real Estate,207515630
Great Taipei Gas Co Ltd,Taiwan,Utilities,2724905
Great Tree Pharmacy Co Ltd,Taiwan,Consumer Staples,7633009
Great Wall Enterprise Co Ltd,Taiwan,Consumer Staples,19802439
Great Wall Motor Co Ltd,China,Consumer Discretionary,6708
Great-West Lifeco Inc,Canada,Financials,94364116
Greatech Technology Bhd,Malaysia,Industrials,18685437
Greatek Electronics Inc,Taiwan,Technology,11507221
Greater Than AB,Sweden,Technology,1813682
Gree Electric Appliances Inc of Zhuhai,China,Consumer Discretionary,13284078
Gree Inc,Japan,Consumer Discretionary,2079737
Green Cross Corp/South Korea,South Korea,Health Care,6536733
Green Cross Holdings Corp,South Korea,Health Care,7881215
GreenTree Hospitality Group Ltd,China,Consumer Discretionary,10799
Greenbrier Cos Inc/The,United States,Industrials,11012141
Greencore Group PLC,United Kingdom,Consumer Staples,7923432
Greentown China Holdings Ltd,China,Real Estate,9850471
Greentown Service Group Co Ltd,China,Real Estate,2776320
Greggs PLC,United Kingdom,Consumer Staples,64601560
Greif Inc,United States,Industrials,6670715
Grendene SA,Brazil,Consumer Discretionary,641857
Griffon Corp,United States,Industrials,13175851
Grifols SA,Spain,Health Care,75532796
Grindrod Ltd,South Africa,Industrials,25293
Grindwell Norton Ltd,India,Basic Materials,14742279
Grocery Outlet Holding Corp,United States,Consumer Staples,21028157
Group 1 Automotive Inc,United States,Consumer Discretionary,49118980
Group Lease PCL,Thailand,Financials,3345
Groupe Bruxelles Lambert NV,Belgium,Financials,326409224
Groupe LDLC,France,Technology,2339162
Growthpoint Properties Australia Ltd,Australia,Real Estate,4271630
Growthpoint Properties Ltd,South Africa,Real Estate,10963342
Gruma SAB de CV,Mexico,Consumer Staples,18
Grupa Kety SA,Poland,Basic Materials,36461446
Grupa Pracuj SA/Poland,Poland,Industrials,15497320
Grupo Aeroportuario del Centro Norte SAB de CV,Mexico,Industrials,51060016
Grupo Aeroportuario del Pacifico SAB de CV,Mexico,Industrials,40271554
Grupo Aeroportuario del Sureste SAB de CV,Mexico,Industrials,265059099
Grupo Argos SA/Colombia,Colombia,Industrials,9243934
Grupo Bimbo SAB de CV,Mexico,Consumer Staples,748986
Grupo Casas Bahia SA,Brazil,Consumer Discretionary,15
Grupo Comercial Chedraui SA de CV,Mexico,Consumer Discretionary,31819327
Grupo Financiero Banorte SAB de CV,Mexico,Financials,258782906
Grupo Industrial Saltillo SAB de CV,Mexico,Industrials,7234815
Grupo Mateus SA,Brazil,Consumer Discretionary,46923301
Grupo Mexico SAB de CV,Mexico,Basic Materials,275309228
Grupo Pochteca SAB de CV,Mexico,Basic Materials,919808
Grupo Rotoplas SAB de CV,Mexico,Utilities,21749786
Grupo SBF SA,Brazil,Consumer Discretionary,15253
Grupo Televisa SAB,Mexico,Consumer Discretionary,22703778
Grupo Traxion SAB de CV,Mexico,Industrials,26094423
Grupo de Inversiones Suramericana SA,Colombia,Financials,2678929
Guan Chong Bhd,Malaysia,Consumer Staples,26761381
Guangdong Haid Group Co Ltd,China,Consumer Staples,346244390
Guangdong Investment Ltd,China,Utilities,3547290
Guangdong Provincial Expressway Development Co Ltd,China,Industrials,6092466
Guangdong Xinbao Electrical Appliances Holdings Co Ltd,China,Consumer Discretionary,13490597
Guangshen Railway Co Ltd,China,Industrials,5896703
Guangxi Liugong Machinery Co Ltd,China,Industrials,45457197
Guangzhou Automobile Group Co Ltd,China,Consumer Discretionary,11718210
Guangzhou Baiyunshan Pharmaceutical Holdings Co Ltd,China,Health Care,93315656
Guangzhou Tinci Materials Technology Co Ltd,China,Basic Materials,2164679
Guardant Health Inc,United States,Health Care,39963220
Gudeng Precision Industrial Co Ltd,Taiwan,Technology,49995559
Guess? Inc,United States,Consumer Discretionary,2572562
Guidewire Software Inc,United States,Technology,35850159
Gujarat Gas Ltd,India,Utilities,14587855
Gujarat Narmada Valley Fertilizers & Chemicals Ltd,India,Basic Materials,7758826
Gujarat Pipavav Port Ltd,India,Industrials,40231746
Gujarat State Fertilizers & Chemicals Ltd,India,Basic Materials,6700103
Gujarat State Petronet Ltd,India,Utilities,51430643
Gulf Bank KSCP,Kuwait,Financials,83241274
Gulf Energy Development PCL,Thailand,Utilities,102405815
Gulf International Services QSC,Qatar,Energy,14206427
GungHo Online Entertainment Inc,Japan,Consumer Discretionary,1310120
Gunkul Engineering PCL,Thailand,Utilities,892560
Gunma Bank Ltd/The,Japan,Financials,34306079
Gunosy Inc,Japan,Technology,480040
Gunze Ltd,Japan,Consumer Discretionary,5226432
Guotai Junan International Holdings Ltd,Hong Kong,Financials,1072751
Guotai Junan Securities Co Ltd,China,Financials,11030728
Gurunavi Inc,Japan,Technology,553164
Gwangju Shinsegae Co Ltd,South Korea,Consumer Discretionary,1118830
H & M Hennes & Mauritz AB,Sweden,Consumer Discretionary,115543512
H Lundbeck A/S,Denmark,Health Care,41712845
H World Group Ltd,China,Consumer Discretionary,283451435
H&E Equipment Services Inc,United States,Industrials,10747135
H&R Block Inc,United States,Consumer Discretionary,90607538
H&R Real Estate Investment Trust,Canada,Real Estate,8555954
H.U. Group Holdings Inc,Japan,Health Care,6800754
H2O Retailing Corp,Japan,Consumer Discretionary,25256723
HAESUNG DS Co Ltd,South Korea,Technology,970108
HAL Trust,Netherlands,Financials,3519633
HAP Seng Consolidated Bhd,Malaysia,Industrials,5538205
HB Fuller Co,United States,Industrials,50169224
HBL Power Systems Ltd,India,Industrials,7754343
HCA Healthcare Inc,United States,Health Care,906440436
HCI Group Inc,United States,Financials,5124652
HCL Technologies Ltd,India,Technology,214125393
HD HYUNDAI MIPO,South Korea,Industrials,25155611
HD Hyundai Co Ltd,South Korea,Energy,34387131
HD Hyundai Construction Equipment Co Ltd,South Korea,Industrials,8666907
HD Hyundai Electric Co Ltd,South Korea,Industrials,169277836
HD Hyundai Heavy Industries Co Ltd,South Korea,Industrials,70929202
HD Hyundai Marine Solution Co Ltd,South Korea,Industrials,6285523
HD Korea Shipbuilding & Offshore Engineering Co Ltd,South Korea,Industrials,112687463
HDC Holdings Co Ltd,South Korea,Industrials,5449828
HDFC Asset Management Co Ltd,India,Financials,128474999
HDFC Bank Ltd,India,Financials,2090861297
HDFC Life Insurance Co Ltd,India,Financials,111009735
HEG Ltd,India,Industrials,2661371
HEICO Corp,United States,Industrials,268290354
HELLENiQ ENERGY Holdings S.A.,Greece,Energy,5422571
HF Sinclair Corp,United States,Energy,84584652
HFCL Ltd,India,Telecommunications,19119875
HI-LEX CORP,Japan,Consumer Discretionary,1665231
HIS Co Ltd,Japan,Consumer Discretionary,400975
HJ Shipbuilding & Construction Co Ltd,South Korea,Industrials,144288
HK inno N Corp,South Korea,Health Care,1000718
HKBN Ltd,Hong Kong,Telecommunications,5597497
HL Holdings Corp,South Korea,Consumer Discretionary,8969975
HL Mando Co Ltd,South Korea,Consumer Discretionary,2395349
HLA Group Corp Ltd,China,Consumer Discretionary,13079098
HLB Global Co Ltd,South Korea,Consumer Staples,187331
HLB Inc,South Korea,Health Care,329666
HLB Life Science CO LTD,South Korea,Health Care,1051844
HLB Therapeutics Co Ltd,South Korea,Health Care,51208
HMC Capital Ltd,Australia,Real Estate,14424197
HMM Co Ltd,South Korea,Industrials,57156029
HMS Networks AB,Sweden,Telecommunications,27265343
HNI Corp,United States,Consumer Discretionary,13881782
HOCHTIEF AG,Germany,Industrials,73667280
HP Inc,United States,Technology,290587450
HPSP Co Ltd,South Korea,Technology,28
HS Industries Co Ltd,South Korea,Consumer Discretionary,4497383
HSBC Holdings PLC,United Kingdom,Financials,3665006861
HSS Engineers Bhd,Malaysia,Industrials,971701
HTC Corp,Taiwan,Telecommunications,670673
HUA ENG Wire & Cable Co Ltd,Taiwan,Industrials,1182
HUB24 Ltd,Australia,Financials,23007792
HUGO BOSS AG,Germany,Consumer Discretionary,18210051
HUTCHMED China Ltd,Hong Kong,Health Care,49022640
HUUUGE Inc,United States,Consumer Discretionary,882452
HUYA Inc,China,Technology,3548095
HYBE Co Ltd,South Korea,Consumer Discretionary,54023013
HYUNDAI Corp,South Korea,Industrials,250923
Ha Do Group JSC,Vietnam,Real Estate,7215970
Haad Thip PCL,Thailand,Consumer Staples,2782945
Hachijuni Bank Ltd/The,Japan,Financials,52020055
Haci Omer Sabanci Holding AS,Türkiye,Financials,18007883
Hackett Group Inc/The,United States,Technology,399648
Haemonetics Corp,United States,Health Care,40100472
Haichang Ocean Park Holdings Ltd,China,Consumer Discretionary,9145
Haidilao International Holding Ltd,China,Consumer Discretionary,42049507
Haier Smart Home Co Ltd,China,Consumer Discretionary,233959965
Hain Celestial Group Inc/The,United States,Consumer Staples,2730376
Hainan Drinda New Energy Technology Co Ltd,China,Energy,998395
Hainan Jinpan Smart Technology Co Ltd,China,Industrials,3928652
Hainan Meilan International Airport Co Ltd,China,Industrials,1196730
Haitian International Holdings Ltd,China,Industrials,43520354
Haitong Securities Co Ltd,China,Financials,2577693
Hakuhodo DY Holdings Inc,Japan,Consumer Discretionary,14794862
Hakuto Co Ltd,Japan,Technology,1099224
Haleon PLC,United Kingdom,Health Care,623901116
Halfords Group PLC,United Kingdom,Consumer Discretionary,5498564
Halliburton Co,United States,Energy,411705911
Halma PLC,United Kingdom,Industrials,249728207
Halows Co Ltd,Japan,Consumer Staples,2364771
Halozyme Therapeutics Inc,United States,Health Care,63678190
Hamakyorex Co Ltd,Japan,Industrials,3930599
Hamamatsu Photonics KK,Japan,Technology,68696025
Hamburger Hafen und Logistik AG,Germany,Industrials,5982903
Hamilton Lane Inc,United States,Financials,47109437
Hammerson PLC,United Kingdom,Real Estate,29028405
Han Kuk Carbon Co Ltd,South Korea,Basic Materials,481459
Hana Financial Group Inc,South Korea,Financials,298422710
Hana Materials Inc,South Korea,Technology,18521437
Hana Microelectronics PCL,Thailand,Technology,7490234
Hana Micron Inc,South Korea,Technology,7890127
Hana Tour Service Inc,South Korea,Consumer Discretionary,939485
Hanall Biopharma Co Ltd,South Korea,Health Care,11194122
Hancock & Gore Ltd,Australia,Financials,2071223
Hancock Whitney Corp,United States,Financials,46055794
Hancom Inc,South Korea,Technology,282018
Handsome Co Ltd,South Korea,Consumer Discretionary,6659705
Hanesbrands Inc,United States,Consumer Discretionary,182237
Hang Lung Group Ltd,Hong Kong,Real Estate,26690106
Hang Lung Properties Ltd,Hong Kong,Real Estate,39078101
Hang Seng Bank Ltd,Hong Kong,Financials,155573255
Hang Zhou Great Star Industrial Co Ltd,China,Industrials,1332968
Hangcha Group Co Ltd,China,Industrials,26721871
Hangzhou Honghua Digital Technology Stock Co Ltd,China,Industrials,10631091
Hangzhou Oxygen Plant Group Co Ltd,China,Basic Materials,4262424
Hangzhou Robam Appliances Co Ltd,China,Consumer Discretionary,15640341
Hangzhou Silan Microelectronics Co Ltd,China,Technology,5736237
Hangzhou Steam Turbine Power Group Co Ltd,China,Industrials,3476809
Hangzhou Tigermed Consulting Co Ltd,China,Health Care,7711484
Hanil Cement Co Ltd/New,South Korea,Industrials,2566220
Hanil Holdings Co Ltd,South Korea,Industrials,2859884
Hanjin Kal Corp,South Korea,Consumer Discretionary,37263
Hankook & Co Co Ltd,South Korea,Consumer Discretionary,1060148
Hankook Shell Oil Co Ltd,South Korea,Energy,262187
Hankyu Hanshin Holdings Inc,Japan,Industrials,106866344
Hankyu Hanshin REIT Inc,Japan,Real Estate,5750433
Hanmi Pharm Co Ltd,South Korea,Health Care,17854773
Hanmi Science Co ltd,South Korea,Health Care,1273016
Hanmi Semiconductor Co Ltd,South Korea,Technology,18736707
HannStar Display Corp,Taiwan,Technology,11739274
Hannon Armstrong Sustainable Infrastructure Capital Inc,United States,Real Estate,34682912
Hannover Rueck SE,Germany,Financials,191129762
HannsTouch Holdings Co,Taiwan,Technology,1612939
Hannstar Board Corp,Taiwan,Technology,5436386
Hanon Systems,South Korea,Consumer Discretionary,2672906
Hanover Insurance Group Inc/The,United States,Financials,54255685
Hansa Biopharma AB,Sweden,Health Care,1248675
Hansae Co Ltd,South Korea,Consumer Discretionary,3755089
Hansen Technologies Ltd,Australia,Technology,24568758
Hansoh Pharmaceutical Group Co Ltd,China,Health Care,20021513
Hansol Chemical Co Ltd,South Korea,Basic Materials,69063140
Hansol Technics Co Ltd,South Korea,Technology,182201
Hanssem Co Ltd,South Korea,Consumer Discretionary,21030
Hanwa Co Ltd,Japan,Basic Materials,23573393
Hanwha Aerospace Co Ltd,South Korea,Industrials,37853682
Hanwha Corp,South Korea,Financials,5277602
Hanwha Galleria Corp,South Korea,Consumer Discretionary,50023
Hanwha General Insurance Co Ltd,South Korea,Financials,786935
Hanwha Investment & Securities Co Ltd,South Korea,Financials,500548
Hanwha Life Insurance Co Ltd,South Korea,Financials,3901819
Hanwha Solutions Corp,South Korea,Energy,57868021
Hanwha Systems Co Ltd,South Korea,Industrials,2001956
Hanyang Eng Co Ltd,South Korea,Industrials,33450
Happiest Minds Technologies Ltd,India,Technology,7150104
Happinet Corp,Japan,Consumer Discretionary,2691054
Hapvida Participacoes e Investimentos S/A,Brazil,Health Care,104196356
Harel Insurance Investments & Financial Services Ltd,Israel,Financials,8009112
Hargreaves Lansdown PLC,United Kingdom,Financials,35634096
Harim Holdings Co Ltd,South Korea,Consumer Staples,4707719
Harley-Davidson Inc,United States,Consumer Discretionary,36778019
Harmonic Drive Systems Inc,Japan,Industrials,26995649
Harmony Biosciences Holdings Inc,United States,Health Care,3861398
Harmony Gold Mining Co Ltd,South Africa,Basic Materials,25351852
Hartalega Holdings Bhd,Malaysia,Health Care,38768189
Hartford Financial Services Group Inc/The,United States,Financials,405024385
Harvey Norman Holdings Ltd,Australia,Consumer Discretionary,4777073
Hasbro Inc,United States,Consumer Discretionary,95907883
Haseko Corp,Japan,Consumer Discretionary,48700799
HashiCorp Inc,United States,Technology,28808252
Hathway Cable & Datacom Ltd,India,Telecommunications,11335917
Hatton National Bank PLC,Sri Lanka,Financials,11387917
Havells India Ltd,India,Industrials,222569567
Hayleys Fabric PLC,Sri Lanka,Consumer Discretionary,1785418
Hays PLC,United Kingdom,Industrials,35751499
Hayward Holdings Inc,United States,Industrials,5522798
Hazama Ando Corp,Japan,Industrials,12456470
HeadHunter Group PLC,Russia,Industrials,878964
Healius Ltd,Australia,Health Care,4852439
Health & Happiness H&H International Holdings Ltd,China,Consumer Staples,1146213
HealthEquity Inc,United States,Health Care,76427678
Healthcare Realty Trust Inc,United States,Real Estate,76206041
Healthpeak Properties Inc,United States,Real Estate,176220582
Heartland Express Inc,United States,Industrials,863926
Heartland Financial USA Inc,United States,Financials,26324401
Heartland Group Holdings Ltd,New Zealand,Financials,1805831
Hebei Yangyuan Zhihui Beverage Co Ltd,China,Consumer Staples,9867108
Hecla Mining Co,United States,Basic Materials,17542683
Heidelberg Materials AG,Germany,Industrials,159792002
Heidelberger Druckmaschinen AG,Germany,Industrials,555030
Heidrick & Struggles International Inc,United States,Industrials,1477944
Heilongjiang Agriculture Co Ltd,China,Consumer Staples,1502961
Heineken Holding NV,Netherlands,Consumer Staples,639885007
Heineken NV,Netherlands,Consumer Staples,284415554
Heiwa Corp,Japan,Consumer Discretionary,11104509
Heiwa Real Estate Co Ltd,Japan,Real Estate,6789208
Heiwa Real Estate REIT Inc,Japan,Real Estate,8543773
Heiwado Co Ltd,Japan,Consumer Staples,6046759
Hela Apparel Holdings PLC,Sri Lanka,Consumer Discretionary,514638
Helen of Troy Ltd,United States,Consumer Discretionary,26582066
Helia Group Ltd,Australia,Financials,8628807
Helical PLC,United Kingdom,Real Estate,9586736
Helios Technologies Inc,United States,Industrials,7227822
Helios Towers PLC,United Kingdom,Telecommunications,4338421
Helixmith Co Ltd,South Korea,Health Care,149222
Hella GmbH & Co KGaA,Germany,Consumer Discretionary,39461718
Hellenic Exchanges - Athens Stock Exchange SA,Greece,Financials,8934958
Hellenic Telecommunications Organization SA,Greece,Telecommunications,29753002
Hello Group Inc,China,Technology,3138360
HelloFresh SE,Germany,Consumer Staples,11574718
Helmerich & Payne Inc,United States,Energy,5823021
Helvetia Holding AG,Switzerland,Financials,7148570
Hemas Holdings PLC,Sri Lanka,Health Care,4563225
Hemisphere Properties India Ltd,India,Real Estate,1298326
Hemnet Group AB,Sweden,Real Estate,55789004
Henan Pinggao Electric Co Ltd,China,Industrials,6409923
Henderson Land Development Co Ltd,Hong Kong,Real Estate,1721456
Hengan International Group Co Ltd,China,Consumer Staples,16850354
Henkel AG & Co KGaA,Germany,Consumer Discretionary,427706740
Henry Schein Inc,United States,Health Care,90299978
Hensoldt AG,Germany,Industrials,55699935
Hera SpA,Italy,Utilities,69903490
Herc Holdings Inc,United States,Industrials,144547274
Hermes International SCA,France,Consumer Discretionary,1642453446
Hero MotoCorp Ltd,India,Consumer Discretionary,275065055
Hershey Co/The,United States,Consumer Staples,314219700
Hertz Global Holdings Inc,United States,Consumer Discretionary,1145376
Hess Midstream LP,United States,Energy,21381097
Hewlett Packard Enterprise Co,United States,Technology,111076894
Hexagon AB,Sweden,Technology,517092315
Hexatronic Group AB,Sweden,Telecommunications,4611275
Hexcel Corp,United States,Basic Materials,61015461
Hexpol AB,Sweden,Basic Materials,65008593
Hey Song Corp,Taiwan,Consumer Staples,3736030
HiProMine SA,Poland,Consumer Staples,2117695
Hibiya Engineering Ltd,Japan,Industrials,3687011
Hiday Hidaka Corp,Japan,Consumer Discretionary,2081606
Hidrovias do Brasil SA,Brazil,Industrials,10666483
Highfield Resources Ltd,Australia,Basic Materials,361613
Highlight Communications AG,Switzerland,Consumer Discretionary,132343
Hightech Payment Systems SA,Morocco,Industrials,7825943
Highwealth Construction Corp,Taiwan,Real Estate,41362883
Highwoods Properties Inc,United States,Real Estate,27389128
Hikal Ltd,India,Health Care,13392034
Hikari Tsushin Inc,Japan,Telecommunications,117645694
Hikma Pharmaceuticals PLC,United Kingdom,Health Care,78581532
Hilan Ltd,Israel,Technology,16620103
Hill & Smith PLC,United Kingdom,Basic Materials,44359771
Hillenbrand Inc,United States,Industrials,35439951
Hilltop Holdings Inc,United States,Financials,2798090
Hilton Food Group PLC,United Kingdom,Consumer Staples,11404375
Hilton Grand Vacations Inc,United States,Consumer Discretionary,31993876
Hilton Worldwide Holdings Inc,United States,Consumer Discretionary,590796793
Himadri Speciality Chemical Ltd,India,Basic Materials,10400120
Hindustan Aeronautics Ltd,India,Industrials,134817699
Hindustan Copper Ltd,India,Basic Materials,8553577
Hindustan Petroleum Corp Ltd,India,Energy,39208242
Hindustan Unilever Ltd,India,Consumer Staples,302740667
Hino Motors Ltd,Japan,Industrials,7218958
Hioki EE Corp,Japan,Industrials,3306527
Hipages Group Holdings Ltd,Australia,Technology,1875254
Hirata Corp,Japan,Industrials,2016300
Hirogin Holdings Inc,Japan,Financials,36345527
Hirose Electric Co Ltd,Japan,Technology,58717446
Hisaka Works Ltd,Japan,Industrials,898819
Hisamitsu Pharmaceutical Co Inc,Japan,Health Care,23339669
Hiscox Ltd,United Kingdom,Financials,243753509
Hisense Home Appliances Group Co Ltd,China,Consumer Discretionary,23496503
Hisense Visual Technology Co Ltd,China,Consumer Discretionary,22120942
Hitachi Construction Machinery Co Ltd,Japan,Industrials,45864240
Hitachi Energy India Ltd,India,Industrials,19410870
Hitachi Ltd,Japan,Industrials,2171442246
Hitachi Zosen Corp,Japan,Industrials,18648051
Hithink RoyalFlush Information Network Co Ltd,China,Technology,12466314
Hitit Bilgisayar Hizmetleri AS,Türkiye,Technology,4583251
Hito Communications Holdings Inc,Japan,Industrials,2207572
Hiwin Technologies Corp,Taiwan,Industrials,24849825
Ho Tung Chemical Corp,Taiwan,Basic Materials,2136254
Hoa Phat Group JSC,Vietnam,Industrials,43493130
Hoa Sen Group,Vietnam,Basic Materials,9879109
Hochiki Corp,Japan,Industrials,898573
Hochschild Mining PLC,United Kingdom,Basic Materials,6092465
Hodogaya Chemical Co Ltd,Japan,Basic Materials,1091552
Hogy Medical Co Ltd,Japan,Health Care,4102937
Hokkaido Gas Co Ltd,Japan,Utilities,1010842
Hokkan Holdings Ltd,Japan,Industrials,500862
Hokkoku Financial Holdings Inc,Japan,Financials,1447520
Hokuetsu Corp,Japan,Basic Materials,8441112
Hokuhoku Financial Group Inc,Japan,Financials,14769592
Hokuto Corp,Japan,Consumer Staples,2104812
Holcim AG,Switzerland,Industrials,1232453361
Holding Co ADMIE IPTO SA,Greece,Utilities,10925514
Hollysys Automation Technologies Ltd,China,Technology,112961276
Hollywood Bowl Group PLC,United Kingdom,Consumer Discretionary,2608457
Holmen AB,Sweden,Basic Materials,487925606
Hologic Inc,United States,Health Care,175744701
Holtek Semiconductor Inc,Taiwan,Technology,2187938
Holy Stone Enterprise Co Ltd,Taiwan,Technology,3132792
Home BancShares Inc/AR,United States,Financials,48559325
Home Depot Inc/The,United States,Consumer Discretionary,4053027370
Home First Finance Co India Ltd,India,Financials,39009754
Home Product Center PCL,Thailand,Consumer Discretionary,18813229
Home Reit PLC,United Kingdom,Real Estate,0
HomeCo Daily Needs REIT,Australia,Real Estate,15087701
Hon Hai Precision Industry Co Ltd,Taiwan,Technology,1377069559
Honasa Consumer Ltd,India,Consumer Discretionary,10534760
Honda Motor Co Ltd,Japan,Consumer Discretionary,976912818
Honeywell Automation India Ltd,India,Industrials,16779918
Hong Kong & China Gas Co Ltd,Hong Kong,Utilities,76665066
Hong Kong Exchanges & Clearing Ltd,Hong Kong,Financials,747309624
Hong Kong Resources Holdings Co Ltd,Hong Kong,Consumer Discretionary,24863
Hong Kong Technology Venture Co Ltd,Hong Kong,Technology,2791672
Hong Leong Bank Bhd,Malaysia,Financials,33699409
Hong Leong Capital Bhd,Malaysia,Financials,2679900
Hong Leong Financial Group Bhd,Malaysia,Financials,20103905
Hong Leong Industries Bhd,Malaysia,Consumer Discretionary,12257104
Hong Pu Real Estate Development Co Ltd,Taiwan,Real Estate,1820676
Hongfa Technology Co Ltd,China,Technology,167583899
Hongkong Land Holdings Ltd,Hong Kong,Real Estate,42244392
Honma Golf Ltd,Japan,Consumer Discretionary,7688985
Hoosiers Holdings Co Ltd,Japan,Real Estate,799758
Hope Bancorp Inc,United States,Financials,6278088
Hopson Development Holdings Ltd,China,Real Estate,497
Horace Mann Educators Corp,United States,Financials,4945192
Horiba Ltd,Japan,Industrials,38547519
Horizon Construction Development Ltd,China,Industrials,2068984
Hormel Foods Corp,United States,Consumer Staples,93709186
Hornbach Baumarkt AG,Germany,Consumer Discretionary,7383511
Hornbach Holding AG & Co KGaA,Germany,Consumer Discretionary,6799780
Hoshino Resorts REIT Inc,Japan,Real Estate,8576452
Hoshizaki Corp,Japan,Industrials,124211978
Hosiden Corp,Japan,Technology,10724281
Hosokawa Micron Corp,Japan,Industrials,1383539
Hospital Mater Dei SA,Brazil,Health Care,2372206
Host Hotels & Resorts Inc,United States,Real Estate,607712924
Hota Industrial Manufacturing Co Ltd,Taiwan,Consumer Discretionary,5148439
Hotai Finance Co Ltd,Taiwan,Financials,6030817
Hotai Motor Co Ltd,Taiwan,Consumer Discretionary,57268520
Hotel Property Investments Ltd,Australia,Real Estate,1782891
Hotel Shilla Co Ltd,South Korea,Consumer Discretionary,3202528
Houlihan Lokey Inc,United States,Financials,96774727
House Foods Group Inc,Japan,Consumer Staples,21370053
Housing & Urban Development Corp Ltd,India,Financials,20528512
Howard Hughes Holdings Inc,United States,Real Estate,23720360
Howden Joinery Group PLC,United Kingdom,Consumer Discretionary,209932915
Howmet Aerospace Inc,United States,Industrials,683490230
Hoya Corp,Japan,Health Care,749635981
Hsin Kuang Steel Co Ltd,Taiwan,Basic Materials,3983770
Hsing TA Cement Co,Taiwan,Industrials,114
Hu Lane Associate Inc,Taiwan,Technology,3300170
Hua Hong Semiconductor Ltd,China,Technology,17522455
Hua Nan Financial Holdings Co Ltd,Taiwan,Financials,117423858
Huadong Medicine Co Ltd,China,Health Care,32954735
Huafon Chemical Co Ltd,China,Basic Materials,17559847
Huaku Development Co Ltd,Taiwan,Real Estate,20405946
Hualan Biological Engineering Inc,China,Health Care,13143696
Huaming Power Equipment Co Ltd,China,Industrials,15421337
Huang Hsiang Construction Corp,Taiwan,Real Estate,2543401
Huangshan Tourism Development Co Ltd,China,Consumer Discretionary,1514414
Huatai Securities Co Ltd,China,Financials,17542862
Huaxin Cement Co Ltd,China,Industrials,19767094
Hub Group Inc,United States,Industrials,31999323
HubSpot Inc,United States,Technology,370448279
Hubbell Inc,United States,Industrials,184663521
Hubei Xingfa Chemicals Group Co Ltd,China,Basic Materials,15829721
Huber + Suhner AG,Switzerland,Telecommunications,34392054
Hudaco Industries Ltd,South Africa,Industrials,2641870
Hudbay Minerals Inc,Canada,Basic Materials,48176574
Hufvudstaden AB,Sweden,Real Estate,29846062
Hugel Inc,South Korea,Health Care,3665962
Huhtamaki Oyj,Finland,Industrials,87537121
Hulic Co Ltd,Japan,Real Estate,36555712
Hulic Reit Inc,Japan,Real Estate,11937946
Humana AB,Sweden,Health Care,2802129
Humana Inc,United States,Health Care,541029880
Humansoft Holding Co KSC,Kuwait,Consumer Discretionary,57416615
Humedix Co Ltd,South Korea,Health Care,774633
Humm Group Ltd,Australia,Financials,538920
Hunan Valin Steel Co Ltd,China,Basic Materials,1668641
Hundsun Technologies Inc,China,Technology,6745192
Hung Sheng Construction Ltd,Taiwan,Real Estate,1646897
Hunting PLC,United Kingdom,Energy,18742578
Huntington Bancshares Inc/OH,United States,Financials,229166182
Huntsman Corp,United States,Basic Materials,43009911
Huons Co Ltd,South Korea,Health Care,594627
Huons Global Co Ltd,South Korea,Health Care,286449
Huron Consulting Group Inc,United States,Industrials,9404091
Husqvarna AB,Sweden,Consumer Discretionary,12545378
Hutchison Port Holdings Trust,Singapore,Industrials,11064602
Hwaseung Enterprise Co Ltd,South Korea,Consumer Discretionary,6285433
Hwatsing Technology Co Ltd,China,Technology,3505523
Hy-Lok Corp,South Korea,Industrials,7042963
Hyakugo Bank Ltd/The,Japan,Financials,8488800
Hyakujushi Bank Ltd/The,Japan,Financials,2274255
Hyatt Hotels Corp,United States,Consumer Discretionary,53328022
Hydro One Ltd,Canada,Utilities,132019860
Hygeia Healthcare Holdings Co Ltd,China,Health Care,40937352
Hygon Information Technology Co Ltd,China,Technology,9669290
Hyosung Advanced Materials Corp,South Korea,Basic Materials,6006536
Hyosung Chemical Corp,South Korea,Basic Materials,148550
Hyosung Corp,South Korea,Industrials,1060714
Hyosung Heavy Industries Corp,South Korea,Technology,57995296
Hyosung TNC Corp,South Korea,Basic Materials,32011447
Hypera SA,Brazil,Health Care,29241639
Hypoport SE,Germany,Financials,42905325
Hyprop Investments Ltd,South Africa,Real Estate,4923630
Hysan Development Co Ltd,Hong Kong,Real Estate,425298
Hyundai Autoever Corp,South Korea,Technology,1877373
Hyundai Bioland Co Ltd,South Korea,Basic Materials,165446
Hyundai Bioscience Co Ltd,South Korea,Consumer Staples,975739
Hyundai Department Store Co Ltd,South Korea,Consumer Discretionary,1223462
Hyundai Elevator Co Ltd,South Korea,Industrials,6367919
Hyundai Engineering & Construction Co Ltd,South Korea,Industrials,29151654
Hyundai Ezwel Co Ltd,South Korea,Technology,2076003
Hyundai GF Holdings,South Korea,Consumer Discretionary,6529636
Hyundai Glovis Co Ltd,South Korea,Industrials,56640908
Hyundai Green Food/New,South Korea,Consumer Discretionary,11056840
Hyundai HT Co Ltd,South Korea,Industrials,292417
Hyundai Home Shopping Network Corp,South Korea,Consumer Discretionary,7192068
Hyundai Marine & Fire Insurance Co Ltd,South Korea,Financials,6831353
Hyundai Mobis Co Ltd,South Korea,Consumer Discretionary,284628645
Hyundai Motor Co,South Korea,Consumer Discretionary,798534203
Hyundai Rotem Co Ltd,South Korea,Industrials,75722152
Hyundai Wia Corp,South Korea,Consumer Discretionary,14448967
Hyzon Motors Inc,United States,Industrials,931283
I'll Inc,Japan,Technology,1191937
I-PEX Inc,Japan,Technology,364924
I-TAIL Corp PCL,Thailand,Consumer Staples,16488488
IAC Inc,United States,Technology,42090134
IBF Financial Holdings Co Ltd,Taiwan,Financials,23096641
ICADE,France,Real Estate,19230241
ICF International Inc,United States,Industrials,727454
ICICI Bank Ltd,India,Financials,1236537044
ICICI Lombard General Insurance Co Ltd,India,Financials,299078129
ICICI Prudential Life Insurance Co Ltd,India,Financials,174433990
ICICI Securities Ltd,India,Financials,60890375
ICL Group Ltd,Israel,Basic Materials,97205604
ICON PLC,United States,Health Care,299298648
ICU Medical Inc,United States,Health Care,24294825
ID Logistics Group SACA,France,Industrials,22541049
IDBI Bank Ltd,India,Financials,6604521
IDEX Corp,United States,Industrials,183366839
IDEXX Laboratories Inc,United States,Health Care,474374947
IDFC First Bank Ltd,India,Financials,1
IDFC Ltd,India,Financials,59532587
IDGC of Centre and Volga Region PJSC,Russia,Utilities,489680
IDGC of the North-West PJSC,Russia,Utilities,52464
IDI Insurance Co Ltd,Israel,Financials,8096987
IDICO Corp JSC,Vietnam,Industrials,10623935
IDOM Inc,Japan,Consumer Discretionary,4062074
IDP Education Ltd,Australia,Consumer Discretionary,50133046
IDT Corp,United States,Telecommunications,1641544
IEI Integration Corp,Taiwan,Technology,2269544
IFCI Ltd,India,Financials,2778235
IG Group Holdings PLC,United Kingdom,Financials,71119737
IGB Real Estate Investment Trust,Malaysia,Real Estate,5352908
IGG Inc,Hong Kong,Consumer Discretionary,2304323
IGM Financial Inc,Canada,Financials,27713936
IGO Ltd,Australia,Basic Materials,96635611
IHH Healthcare Bhd,Malaysia,Health Care,42716871
IHI Corp,Japan,Industrials,54368221
IIFL Finance Ltd,India,Financials,26447042
IJM Corp Bhd,Malaysia,Industrials,15075760
IMAGICA GROUP Inc,Japan,Consumer Discretionary,3748736
IMAX China Holding Inc,Hong Kong,Consumer Discretionary,1417325
IMAX Corp,United States,Consumer Discretionary,2431180
IMCD NV,Netherlands,Basic Materials,191313134
IMI PLC,United Kingdom,Industrials,109196205
IMMOFINANZ AG,Austria,Real Estate,8724469
INESA Intelligent Tech Inc,China,Technology,784032
INFRONEER Holdings Inc,Japan,Industrials,23802633
ING Groep NV,Netherlands,Financials,1538731918
INVISIO AB,Sweden,Industrials,4423396
IOI Properties Group Bhd,Malaysia,Real Estate,11480363
ION Exchange India Ltd,India,Utilities,8915888
IP Group PLC,United Kingdom,Financials,9544667
IPD Group Ltd/Australia,Australia,Industrials,2988795
IPG Photonics Corp,United States,Technology,26568926
IPH Ltd,Australia,Industrials,48380222
IPSOS SA,France,Consumer Discretionary,99528926
IQGEO Group PLC,United Kingdom,Technology,6395237
IQVIA Holdings Inc,United States,Health Care,333288432
IRB Infrastructure Developers Ltd,India,Industrials,5462101
IRB-Brasil Resseguros SA,Brazil,Financials,135117
IRCON International Ltd,India,Industrials,11289137
IRESS Ltd,Australia,Technology,42967708
IRPC PCL,Thailand,Energy,597896
IS Dongseo Co Ltd,South Korea,Industrials,825951
ISC Co Ltd,South Korea,Technology,37284951
ISS A/S,Denmark,Industrials,79216122
ISU Abxis Co Ltd,South Korea,Health Care,2283241
ISU Specialty Chemical,South Korea,Basic Materials,1940055
ITE Technology Inc,Taiwan,Technology,11030630
ITEQ Corp,Taiwan,Technology,17746929
ITM Power PLC,United Kingdom,Energy,4809648
ITM Semiconductor Co Ltd,South Korea,Technology,78320
ITOCHU Corp,Japan,Industrials,1320221703
ITT Inc,United States,Industrials,119178497
ITV PLC,United Kingdom,Consumer Discretionary,24441206
IVE Group Ltd,Australia,Consumer Discretionary,6066337
Iberdrola SA,Spain,Utilities,2623391151
Ibiden Co Ltd,Japan,Technology,60406340
Ibotta Inc,United States,Technology,9395000
Ibstock PLC,United Kingdom,Industrials,4445179
Ichia Technologies Inc,Taiwan,Technology,2233895
Ichibanya Co Ltd,Japan,Consumer Discretionary,58442
Ichigo Inc,Japan,Real Estate,15155387
Ichigo Office REIT Investment Corp,Japan,Real Estate,5134900
Ichikoh Industries Ltd,Japan,Consumer Discretionary,867099
Ichitan Group PCL,Thailand,Consumer Staples,2099095
Ichiyoshi Securities Co Ltd,Japan,Financials,766997
Icom Inc,Japan,Telecommunications,751399
Icon Offshore Bhd,Malaysia,Energy,3100262
Ideal Holdings SA,Greece,Technology,231561
Ideaya Biosciences Inc,United States,Health Care,15429967
Idec Corp/Japan,Japan,Industrials,3654994
Idemitsu Kosan Co Ltd,Japan,Energy,150121650
Iguatemi SA,Brazil,Real Estate,80471981
Iida Group Holdings Co Ltd,Japan,Consumer Discretionary,20240331
Iino Kaiun Kaisha Ltd,Japan,Industrials,5801617
Iljin Electric Co Ltd,South Korea,Industrials,8402770
Illimity Bank SpA,Italy,Financials,9340585
Illinois Tool Works Inc,United States,Industrials,735616728
Illumina Inc,United States,Health Care,213453551
Iluka Resources Ltd,Australia,Basic Materials,68041112
Ilyang Pharmaceutical Co Ltd,South Korea,Health Care,103558
Imdex Ltd,Australia,Basic Materials,20527727
Imerys SA,France,Basic Materials,7622871
Immersion Corp,United States,Technology,765033
Immunocore Holdings PLC,United Kingdom,Health Care,8632190
Immunovant Inc,United States,Health Care,32203169
Immutep Ltd,Australia,Health Care,2157551
Impack Pratama Industri Tbk PT,Indonesia,Industrials,5433864
Impala Platinum Holdings Ltd,South Africa,Basic Materials,73434561
Impinj Inc,United States,Technology,57691
Implenia AG,Switzerland,Industrials,5235699
InBody Co Ltd,South Korea,Health Care,649840
InPost SA,Netherlands,Industrials,258953689
Inaba Denki Sangyo Co Ltd,Japan,Industrials,11158573
Inaba Seisakusho Co Ltd,Japan,Industrials,600166
Inabata & Co Ltd,Japan,Industrials,8516679
Inageya Co Ltd,Japan,Consumer Staples,45767
Inari Amertron Bhd,Malaysia,Technology,57403806
Inari Medical Inc,United States,Health Care,21631725
Inchcape PLC,United Kingdom,Consumer Discretionary,76956267
Incitec Pivot Ltd,Australia,Basic Materials,9087115
Incyte Corp,United States,Health Care,125959025
Indegene Ltd,India,Industrials,131874
Independence Realty Trust Inc,United States,Real Estate,30390452
Independent Bank Corp,United States,Financials,19204621
Index Livingmall PCL,Thailand,Consumer Discretionary,3511358
India Cements Ltd/The,India,Industrials,5389148
IndiaMart InterMesh Ltd,India,Technology,9947959
Indiabulls Real Estate Ltd,India,Real Estate,2838100
Indian Bank,India,Financials,20895755
Indian Energy Exchange Ltd,India,Financials,9527300
Indian Hotels Co Ltd,India,Consumer Discretionary,71328766
Indian Oil Corp Ltd,India,Energy,88197107
Indian Railway Catering & Tourism Corp Ltd,India,Consumer Discretionary,39867471
Indian Railway Finance Corp Ltd,India,Industrials,38549443
Indian Renewable Energy Development Agency Ltd,India,Financials,13048422
Indigo Paints Ltd,India,Industrials,5199560
Indivior PLC,United Kingdom,Health Care,45688930
Indo Tech Transformers Ltd,India,Industrials,697018
Indofood CBP Sukses Makmur Tbk PT,Indonesia,Consumer Staples,38931043
Indorama Ventures PCL,Thailand,Basic Materials,25760633
Indosat Tbk PT,Indonesia,Telecommunications,14943081
Indra Sistemas SA,Spain,Technology,61022605
Indraprastha Gas Ltd,India,Utilities,21297930
Indus Holding AG,Germany,Industrials,3923843
Indus Towers Ltd,India,Telecommunications,177074783
IndusInd Bank Ltd,India,Financials,253645527
Industria de Diseno Textil SA,Spain,Consumer Discretionary,1488785343
Industrial & Commercial Bank of China Ltd,China,Financials,481653011
Industrial & Infrastructure Fund Investment Corp,Japan,Real Estate,35957360
Industrial Bank Co Ltd,China,Financials,8063470
Industrial Bank of Korea,South Korea,Financials,44821224
Industrial Logistics Properties Trust,United States,Real Estate,899024
Industrie De Nora SpA,Italy,Industrials,39857798
Industries Qatar QSC,Qatar,Basic Materials,151908255
Industrivarden AB,Sweden,Financials,163200143
Indutrade AB,Sweden,Industrials,138686907
Ines Corp,Japan,Technology,1328734
Infibeam Avenues Ltd,India,Industrials,4344428
Inficon Holding AG,Switzerland,Industrials,74973425
Infineon Technologies AG,Germany,Technology,1263984301
Info Edge India Ltd,India,Technology,238073937
Infocom Corp,Japan,Technology,6287542
Infomart Corp,Japan,Technology,1264854
Infomedia Ltd,Australia,Technology,14465450
Infomina Bhd,Malaysia,Technology,1488083
Inforich Inc,Japan,Consumer Discretionary,6888475
Informa PLC,United Kingdom,Consumer Discretionary,627376675
Informatica Inc,United States,Technology,15965022
Infortrend Technology Inc,Taiwan,Technology,2257813
Infosys Ltd,India,Technology,966302532
Infracommerce CXAAS SA,Brazil,Industrials,40288
Infrastrutture Wireless Italiane SpA,Italy,Telecommunications,79726118
Infratil Ltd,New Zealand,Utilities,111871835
Ingenia Communities Group,Australia,Real Estate,17599708
Ingersoll Rand Inc,United States,Industrials,448322652
Ingevity Corp,United States,Basic Materials,4095627
Inghams Group Ltd,Australia,Consumer Staples,17465554
Ingles Markets Inc,United States,Consumer Staples,795876
Ingredion Inc,United States,Consumer Staples,90531104
Inmobiliaria Colonial Socimi SA,Spain,Real Estate,45416236
Inmode Ltd,United States,Health Care,5880120
Inner Mongolia BaoTou Steel Union Co Ltd,China,Basic Materials,1
Inner Mongolia ERDOS Resources Co Ltd,China,Basic Materials,4255050
Inner Mongolia Yili Industrial Group Co Ltd,China,Consumer Staples,38317412
Innergex Renewable Energy Inc,Canada,Utilities,366818
InnoCare Pharma Ltd,China,Health Care,2746710
Innocean Worldwide Inc,South Korea,Consumer Discretionary,12680421
Innodisk Corp,Taiwan,Technology,23263351
Innolux Corp,Taiwan,Technology,52209938
Innospec Inc,United States,Basic Materials,19605329
Innovative Industrial Properties Inc,United States,Real Estate,36684814
Innovent Biologics Inc,China,Health Care,153022459
Innoviva Inc,United States,Health Care,4186526
Innox Advanced Materials Co Ltd,South Korea,Technology,24874194
Inox Wind Energy Ltd,India,Energy,1875844
Inox Wind Ltd,India,Energy,7207844
Inscobee Inc,South Korea,Telecommunications,56885
Insight Enterprises Inc,United States,Technology,63268906
Insignia Financial Ltd,Australia,Financials,42002776
Insmed Inc,United States,Health Care,136711490
Insource Co Ltd,Japan,Industrials,13179799
Insperity Inc,United States,Industrials,35880919
Inspire Medical Systems Inc,United States,Health Care,37201127
Instalco AB,Sweden,Industrials,9245950
Installed Building Products Inc,United States,Industrials,48173136
Instituto de Diagnostico SA,Chile,Health Care,3012558
Instone Real Estate Group SE,Germany,Consumer Discretionary,6213363
Instructure Holdings Inc,United States,Consumer Discretionary,2165425
Insulet Corp,United States,Health Care,188808520
Insurance Australia Group Ltd,Australia,Financials,175767071
Intact Financial Corp,Canada,Financials,365464029
Intage Holdings Inc,Japan,Industrials,683058
Integra Indocabinet Tbk PT,Indonesia,Consumer Discretionary,1525270
Integra LifeSciences Holdings Corp,United States,Health Care,20014343
IntegraFin Holdings PLC,United Kingdom,Financials,25374958
Integral Diagnostics Ltd,Australia,Health Care,11950234
Integrated Design & Engineering Holdings Co Ltd,Japan,Industrials,12710792
Integrated Diagnostics Holdings PLC,Egypt,Health Care,5206852
Integrated Service Technology Inc,Taiwan,Technology,6918638
Intel Corp,United States,Technology,1805766149
Intelbras SA Industria de Telecomunicacao Eletronica Brasileira,Brazil,Industrials,47058542
Intellect Design Arena Ltd,India,Technology,12033514
Intellia Therapeutics Inc,United States,Health Care,5380488
Intellian Technologies Inc,South Korea,Telecommunications,6048195
Inter & Co Inc,Brazil,Financials,28353391
Inter Cars SA,Poland,Consumer Discretionary,5265109
Inter Parfums Inc,United States,Consumer Discretionary,27489015
Inter RAO UES PJSC,Russia,Utilities,2304648
InterContinental Hotels Group PLC,United Kingdom,Consumer Discretionary,349028831
InterDigital Inc,United States,Telecommunications,15111188
InterGlobe Aviation Ltd,India,Consumer Discretionary,116128290
Interactive Brokers Group Inc,United States,Financials,206191622
Interconexion Electrica SA ESP,Colombia,Utilities,11073525
Intercontinental Exchange Inc,United States,Financials,965051776
Intercos SpA,Italy,Consumer Discretionary,26917817
Interface Inc,United States,Consumer Discretionary,2526428
Interflex Co Ltd,South Korea,Technology,309930
Interlink Communication PCL,Thailand,Telecommunications,2504531
Interlink Telecom PCL,Thailand,Telecommunications,2502531
Intermediate Capital Group PLC,United Kingdom,Financials,91764482
International Bancshares Corp,United States,Financials,33615909
International Business Machines Corp,United States,Technology,896154607
International CSRC Investment Holdings Co,Taiwan,Basic Materials,3238121
International Consolidated Airlines Group SA,United Kingdom,Consumer Discretionary,66454501
International Container Terminal Services Inc,Philippines,Industrials,109159020
International Distribution Services PLC,United Kingdom,Industrials,47701973
International Flavors & Fragrances Inc,United States,Basic Materials,231874624
International Game Technology PLC,United States,Consumer Discretionary,28782105
International Games System Co Ltd,Taiwan,Consumer Discretionary,117951391
International Meal Co Alimentacao SA,Brazil,Consumer Discretionary,494151
International Paper Co,United States,Basic Materials,155859353
International Personal Finance PLC,United Kingdom,Financials,8841208
International Workplace Group PLC,United Kingdom,Industrials,53467621
Internet Initiative Japan Inc,Japan,Telecommunications,26887050
Interojo Co Ltd,South Korea,Health Care,2704522
Interparfums SA,France,Consumer Discretionary,20178558
Interpublic Group of Cos Inc/The,United States,Consumer Discretionary,19116784
Interpump Group SpA,Italy,Industrials,48791202
Interroll Holding AG,Switzerland,Industrials,40301469
Intershop Holding AG,Switzerland,Real Estate,17707244
Intertek Group PLC,United Kingdom,Industrials,197975317
Intesa Sanpaolo SpA,Italy,Financials,863335408
Intouch Holdings PCL,Thailand,Telecommunications,43263313
Intra-Cellular Therapies Inc,United States,Health Care,153949562
Intrakat Technical And Energy Projects SA,Greece,Industrials,1093185
Intred SpA,Italy,Telecommunications,5550242
Intrepid Potash Inc,United States,Basic Materials,759132
Intuit Inc,United States,Technology,2016792814
Intuitive Surgical Inc,United States,Health Care,1955437821
Inui Global Logistics Co Ltd,Japan,Industrials,49800
Inventec Corp,Taiwan,Technology,67197126
Invesco Ltd,United States,Financials,31726166
Investec PLC,United Kingdom,Financials,115804985
Investment & Industrial Development Corp,Vietnam,Real Estate,501280
Investment AB Latour,Sweden,Industrials,71925755
Investment AB Oresund,Sweden,Financials,3747001
Investor AB,Sweden,Financials,1182578114
Invincible Investment Corp,Japan,Real Estate,54810398
Invinity Energy Systems PLC,United Kingdom,Industrials,3012518
Invitation Homes Inc,United States,Real Estate,1415948538
Iochpe Maxion SA,Brazil,Consumer Discretionary,9454744
IonQ Inc,United States,Technology,676652
Ionis Pharmaceuticals Inc,United States,Health Care,48581792
Ionos SE,Germany,Technology,24410616
Iovance Biotherapeutics Inc,United States,Health Care,7562724
Ipca Laboratories Ltd,India,Health Care,18613202
Ipsen SA,France,Health Care,99919153
Iren SpA,Italy,Utilities,42341776
Iridium Communications Inc,United States,Telecommunications,40099942
Irish Continental Group PLC,Ireland,Industrials,1115133
Iriso Electronics Co Ltd,Japan,Technology,4208678
Iron Force Industrial Co Ltd,Taiwan,Consumer Discretionary,1474819
Iron Mountain Inc,United States,Real Estate,283683955
Ironwood Pharmaceuticals Inc,United States,Health Care,9082862
Is Finansal Kiralama AS,Türkiye,Consumer Discretionary,2457029
Is Yatirim Menkul Degerler AS,Türkiye,Financials,49772414
Ise Chemicals Corp,Japan,Basic Materials,1677894
Iseki & Co Ltd,Japan,Industrials,572327
Isetan Mitsukoshi Holdings Ltd,Japan,Consumer Discretionary,89205614
Ishihara Sangyo Kaisha Ltd,Japan,Basic Materials,1549827
Iskandar Waterfront City Bhd,Malaysia,Real Estate,6225547
Isracard Ltd,Israel,Industrials,445061
Israel Canada T.R Ltd,Israel,Real Estate,675801
Israel Corp Ltd,Israel,Basic Materials,15371365
Israel Discount Bank Ltd,Israel,Financials,12526848
Istyle Inc,Japan,Consumer Discretionary,277620
IsuPetasys Co Ltd,South Korea,Technology,20855585
Isuzu Motors Ltd,Japan,Industrials,123286475
Italgas SpA,Italy,Utilities,5660096
Italian Wine Brands SpA,Italy,Consumer Staples,6583871
Italmobiliare SpA,Italy,Financials,11841268
Italtile Ltd,South Africa,Consumer Discretionary,2907421
Itau Unibanco Holding SA,Brazil,Financials,303015599
Itausa SA,Brazil,Financials,338729505
Ito En Ltd,Japan,Consumer Staples,13372560
Itochu Enex Co Ltd,Japan,Consumer Discretionary,5420797
Itochu-Shokuhin Co Ltd,Japan,Consumer Staples,2471571
Itoham Yonekyu Holdings Inc,Japan,Consumer Staples,14598194
Itoki Corp,Japan,Consumer Discretionary,3930122
Itron Inc,United States,Industrials,25099819
Ivanhoe Mines Ltd,Canada,Basic Materials,205384899
Iveco Group NV,Italy,Industrials,270986969
Iwatani Corp,Japan,Utilities,154325421
Iwatsuka Confectionery Co Ltd,Japan,Consumer Staples,113229
Iyogin Holdings Inc,Japan,Financials,43020032
Izostal SA,Poland,Basic Materials,658787
Izumi Co Ltd,Japan,Consumer Discretionary,11560662
J & J Snack Foods Corp,United States,Consumer Staples,26390321
J D Wetherspoon PLC,United Kingdom,Consumer Discretionary,6698826
J Front Retailing Co Ltd,Japan,Consumer Discretionary,59305800
J M Smucker Co/The,United States,Consumer Staples,123141598
J Sainsbury PLC,United Kingdom,Consumer Staples,110906818
J Trust Co Ltd,Japan,Financials,2174917
J&T Global Express Ltd,China,Industrials,42230597
J-Oil Mills Inc,Japan,Consumer Staples,1303392
JA Solar Technology Co Ltd,China,Energy,12993170
JAC Recruitment Co Ltd,Japan,Industrials,1181848
JAFCO Group Co ltd,Japan,Financials,21440957
JALCO Holdings Inc,Japan,Real Estate,3361462
JB Chemicals & Pharmaceuticals Ltd,India,Health Care,52022691
JB Financial Group Co Ltd,South Korea,Financials,43089716
JB Hi-Fi Ltd,Australia,Consumer Discretionary,51450556
JB Hunt Transport Services Inc,United States,Industrials,126410240
JBG SMITH Properties,United States,Real Estate,6355098
JBM Auto Ltd,India,Consumer Discretionary,8536065
JCDecaux SE,France,Consumer Discretionary,33615569
JCET Group Co Ltd,China,Technology,9296789
JCHX Mining Management Co Ltd,China,Basic Materials,56081458
JCR Pharmaceuticals Co Ltd,Japan,Health Care,8320734
JCU Corp,Japan,Industrials,4678491
JCY International Bhd,Malaysia,Technology,8518283
JD Health International Inc,China,Consumer Staples,27803366
JD Logistics Inc,China,Industrials,113989
JD Sports Fashion PLC,United Kingdom,Consumer Discretionary,212564052
JD.com Inc,China,Consumer Discretionary,348389377
JDC Corp,Japan,Industrials,292
JDC Group AG,Germany,Financials,3094881
JDE Peet's NV,Netherlands,Consumer Staples,53339972
JELD-WEN Holding Inc,United States,Industrials,2077788
JET2 PLC,United Kingdom,Consumer Discretionary,7576026
JFE Holdings Inc,Japan,Basic Materials,125294119
JFrog Ltd,United States,Technology,43403932
JG Summit Holdings Inc,Philippines,Industrials,524489
JGC Holdings Corp,Japan,Industrials,26738116
JHM Consolidation Bhd,Malaysia,Technology,31632
JINS Holdings Inc,Japan,Consumer Discretionary,2599291
JK Cement Ltd,India,Industrials,21897392
JK Lakshmi Cement Ltd,India,Industrials,6019054
JK Paper Ltd,India,Basic Materials,5840611
JK Tyre & Industries Ltd,India,Consumer Discretionary,7532059
JM AB,Sweden,Consumer Discretionary,11599144
JM Financial Ltd,India,Financials,5983108
JM Holdings Co Ltd,Japan,Consumer Staples,566420
JMDC Inc,Japan,Industrials,11573745
JNBY Design Ltd,China,Consumer Discretionary,632591
JOST Werke SE,Germany,Consumer Discretionary,19033208
JOYY Inc,China,Technology,127973
JP-Holdings Inc,Japan,Consumer Discretionary,873581
JPMorgan Chase & Co,United States,Financials,7350095027
JR Global Reit,South Korea,Real Estate,1072203
JS Global Lifestyle Co Ltd,Hong Kong,Consumer Discretionary,4101492
JSL SA,Brazil,Industrials,10698276
JSP Corp,Japan,Industrials,947164
JSW Infrastructure Ltd,India,Industrials,9166076
JSW Steel Ltd,India,Basic Materials,126454706
JTC PLC,United Kingdom,Financials,54027421
JTEKT Corp,Japan,Consumer Discretionary,27496580
JUMBO SA,Greece,Consumer Discretionary,61368943
JVCKenwood Corp,Japan,Consumer Discretionary,32971178
JVM Co Ltd,South Korea,Health Care,4797155
JW Cayman Therapeutics Co Ltd,China,Health Care,193806
JW Holdings Corp,South Korea,Health Care,327583
JW Pharmaceutical Corp,South Korea,Health Care,676840
JYP Entertainment Corp,South Korea,Consumer Discretionary,23358092
Jabil Inc,United States,Technology,163090897
Jaccs Co Ltd,Japan,Financials,6800479
Jack Henry & Associates Inc,United States,Industrials,54863799
Jack in the Box Inc,United States,Consumer Discretionary,4983817
Jackson Financial Inc,United States,Financials,83625523
Jacobio Pharmaceuticals Group Co Ltd,Hong Kong,Health Care,80
Jacquet Metals SACA,France,Basic Materials,2676974
Jade Bird Fire Co Ltd,China,Industrials,4155091
Jahwa Electronics Co Ltd,South Korea,Technology,11368187
Jai Balaji Industries Ltd,India,Basic Materials,7882030
Jalles Machado SA,Brazil,Consumer Staples,10124641
Jamco Corp,Japan,Industrials,339170
James Fisher & Sons PLC,United Kingdom,Industrials,6029757
James Hardie Industries PLC,Australia,Industrials,245270547
Jamf Holding Corp,United States,Technology,13910193
Jammu & Kashmir Bank Ltd/The,India,Financials,5275641
Janus Henderson Group PLC,United States,Financials,53691097
Japan Airlines Co Ltd,Japan,Consumer Discretionary,41517496
Japan Airport Terminal Co Ltd,Japan,Industrials,41892049
Japan Aviation Electronics Industry Ltd,Japan,Technology,9976105
Japan Display Inc,Japan,Technology,693944
Japan Elevator Service Holdings Co Ltd,Japan,Industrials,16576076
Japan Excellent Inc,Japan,Real Estate,9209839
Japan Exchange Group Inc,Japan,Financials,253178582
Japan Eyewear Holdings Co Ltd,Japan,Consumer Discretionary,4434987
Japan Hotel REIT Investment Corp,Japan,Real Estate,48599936
Japan Investment Adviser Co Ltd,Japan,Industrials,377424
Japan Lifeline Co Ltd,Japan,Health Care,3537846
Japan Logistics Fund Inc,Japan,Real Estate,22431245
Japan Material Co Ltd,Japan,Technology,36204943
Japan Medical Dynamic Marketing Inc,Japan,Health Care,572764
Japan Metropolitan Fund Invest,Japan,Real Estate,71821086
Japan Post Bank Co Ltd,Japan,Financials,229420042
Japan Post Holdings Co Ltd,Japan,Financials,300871108
Japan Post Insurance Co Ltd,Japan,Financials,63465768
Japan Prime Realty Investment Corp,Japan,Real Estate,30091758
Japan Pulp & Paper Co Ltd,Japan,Basic Materials,2861221
Japan Real Estate Investment Corp,Japan,Real Estate,54719112
Japan Securities Finance Co Ltd,Japan,Financials,7601784
Japan Steel Works Ltd/The,Japan,Industrials,48588035
Japan Transcity Corp,Japan,Industrials,1378228
Japan Wool Textile Co Ltd/The,Japan,Basic Materials,4072170
Jasa Marga Persero Tbk PT,Indonesia,Industrials,45140453
Jasmine International PCL,Thailand,Telecommunications,598443
Jason Furniture Hangzhou Co Ltd,China,Consumer Discretionary,45695154
Jaya Real Property Tbk PT,Indonesia,Real Estate,1587314
Jayamas Medica Industri Tbk PT,Indonesia,Health Care,1259532
Jaymart Group Holdings PCL,Thailand,Consumer Discretionary,2547926
Jazeera Airways Co KSCP,Kuwait,Consumer Discretionary,33252563
Jefferies Financial Group Inc,United States,Financials,114479647
Jeil Pharmaceutical Co Ltd,South Korea,Health Care,203843
Jeisys Medical Inc,South Korea,Health Care,10566764
Jeju Air Co Ltd,South Korea,Consumer Discretionary,914122
Jenoptik AG,Germany,Technology,62347441
Jentech Precision Industrial Co Ltd,Taiwan,Technology,134884788
Jeol Ltd,Japan,Industrials,38661867
Jeronimo Martins SGPS SA,Portugal,Consumer Staples,106417482
Jess-Link Products Co Ltd,Taiwan,Technology,4039974
JetBlue Airways Corp,United States,Consumer Discretionary,779569
Jiangsu Eastern Shenghong Co Ltd,China,Basic Materials,1051533
Jiangsu Expressway Co Ltd,China,Industrials,15484449
Jiangsu Financial Leasing Co Ltd,China,Financials,4056407
Jiangsu Hengli Hydraulic Co Ltd,China,Industrials,55490552
Jiangsu Hengrui Pharmaceuticals Co Ltd,China,Health Care,80948490
Jiangsu Yanghe Distillery Co Ltd,China,Consumer Staples,29326253
Jiangsu Yangnong Chemical Co Ltd,China,Basic Materials,53736409
Jiangsu Yoke Technology Co Ltd,China,Basic Materials,25565595
Jiangsu Yuyue Medical Equipment & Supply Co Ltd,China,Health Care,13325073
Jiangsu Zhongtian Technology Co Ltd,China,Telecommunications,44259669
Jiangxi Copper Co Ltd,China,Basic Materials,37157204
Jiayuan International Group Ltd,China,Real Estate,0
Jinan Acetate Chemical Co Ltd,Taiwan,Basic Materials,27589073
Jindalee Lithium Ltd,Australia,Basic Materials,286496
Jinke Smart Services Group Co Ltd,China,Real Estate,1893
Jinmao Property Services Co Ltd,Hong Kong,Real Estate,296
Jinsung T.E.C.,South Korea,Industrials,4326361
Jinxin Fertility Group Ltd,China,Health Care,191656
Jio Financial Services Ltd,India,Financials,160674570
Jishan Bhd,Malaysia,Industrials,763116
Jiumaojiu International Holdings Ltd,China,Consumer Discretionary,8062039
Joby Aviation Inc,United States,Industrials,332953
John B Sanfilippo & Son Inc,United States,Consumer Staples,2050287
John Bean Technologies Corp,United States,Industrials,12085407
John Keells Holdings PLC,Sri Lanka,Industrials,22035085
John Keells Hotels PLC,Sri Lanka,Consumer Discretionary,362416
John Wiley & Sons Inc,United States,Consumer Discretionary,6097389
John Wood Group PLC,United Kingdom,Energy,6362382
Johns Lyng Group Ltd,Australia,Industrials,21274364
Johnson & Johnson,United States,Health Care,4164090069
Johnson Controls International plc,United States,Industrials,469850174
Johnson Electric Holdings Ltd,Hong Kong,Industrials,15625697
Johnson Health Tech Co Ltd,Taiwan,Consumer Discretionary,4527942
Johnson Matthey PLC,United Kingdom,Basic Materials,24599417
Joinn Laboratories China Co Ltd,China,Health Care,2241
Jollibee Foods Corp,Philippines,Consumer Discretionary,76341334
Jones Lang LaSalle Inc,United States,Real Estate,117705499
Joshin Denki Co Ltd,Japan,Consumer Discretionary,1137921
Joy City Property Ltd,China,Real Estate,967379
Joyful Honda Co Ltd,Japan,Consumer Discretionary,2368534
Ju Teng International Holdings Ltd,Hong Kong,Technology,1021554
Jubilant Foodworks Ltd,India,Consumer Discretionary,71709702
Jubilant Ingrevia Ltd,India,Basic Materials,5597009
Jubilant Pharmova Ltd,India,Health Care,52959179
Judo Capital Holdings Ltd,Australia,Financials,13778954
Julius Baer Group Ltd,Switzerland,Financials,82671624
Jumbo Interactive Ltd,Australia,Consumer Discretionary,15683977
Jungheinrich AG,Germany,Industrials,611275
Juniper Hotels Ltd,India,Consumer Discretionary,23240829
Juniper Networks Inc,United States,Telecommunications,132265541
Jupiter Fund Management PLC,United Kingdom,Financials,3046273
Jupiter Wagons Ltd,India,Industrials,12098927
Juroku Financial Group Inc,Japan,Financials,9730601
Just Dial Ltd,India,Technology,2944985
Just Eat Takeaway.com NV,Netherlands,Technology,42889803
Just Group PLC,United Kingdom,Financials,37711714
Justsystems Corp,Japan,Technology,5798825
Jusung Engineering Co Ltd,South Korea,Technology,15526154
Juventus Football Club SpA,Italy,Consumer Discretionary,2
Jyothy Labs Ltd,India,Consumer Staples,7364557
Jyske Bank A/S,Denmark,Financials,134265899
K Car Co Ltd,South Korea,Consumer Discretionary,3049189
K Wah International Holdings Ltd,Hong Kong,Real Estate,5257857
K's Holdings Corp,Japan,Consumer Discretionary,7201422
K+S AG,Germany,Basic Materials,17216157
KAP Ltd,South Africa,Industrials,17815227
KAWADA TECHNOLOGIES Inc,Japan,Industrials,1153838
KB Financial Group Inc,South Korea,Financials,225648808
KB Home,United States,Consumer Discretionary,58978079
KBC Ancora,Belgium,Financials,40236642
KBC Corp Ltd,China,Industrials,715593
KBC Group NV,Belgium,Financials,54231818
KBR Inc,United States,Technology,100092330
KC Co Ltd,South Korea,Industrials,277730
KC Tech Co Ltd,South Korea,Technology,19753332
KCB Group PLC,Kenya,Financials,14841538
KCC Corp,South Korea,Industrials,5665509
KCC Glass Corp,South Korea,Industrials,14650390
KCE Electronics PCL,Thailand,Technology,1340309
KDDI Corp,Japan,Telecommunications,756813837
KDX Realty Investment Corp,Japan,Real Estate,80090721
KE Holdings Inc,China,Real Estate,178891509
KEC International Ltd,India,Industrials,33870831
KEE TAI Properties Co Ltd,Taiwan,Real Estate,1876724
KEI Industries Ltd,India,Industrials,51194724
KEPCO Engineering & Construction Co Inc,South Korea,Industrials,1959573
KEPCO Plant Service & Engineering Co Ltd,South Korea,Industrials,3641078
KFC Holdings Japan Ltd,Japan,Consumer Discretionary,5123937
KGHM Polska Miedz SA,Poland,Basic Materials,35904
KH Neochem Co Ltd,Japan,Basic Materials,17896069
KH Vatec Co Ltd,South Korea,Technology,160086
KION Group AG,Germany,Industrials,80166696
KISCO Corp,South Korea,Basic Materials,118947
KISWIRE Ltd,South Korea,Basic Materials,667980
KIWOOM Securities Co Ltd,South Korea,Financials,8656233
KKR & Co Inc,United States,Financials,862233109
KLA Corp,United States,Technology,1726532185
KMC Kuei Meng International Inc,Taiwan,Consumer Discretionary,4047902
KMD Brands Ltd,New Zealand,Consumer Discretionary,3980819
KNT-CT Holdings Co Ltd,Japan,Consumer Discretionary,792795
KOC Holding AS,Türkiye,Energy,155280242
KOMEDA Holdings Co Ltd,Japan,Consumer Discretionary,4176572
KPIT Technologies Ltd,India,Technology,35679826
KPJ Healthcare Bhd,Malaysia,Health Care,649578
KPR Mill Ltd,India,Basic Materials,7936033
KRBL Ltd,India,Consumer Staples,3756334
KRUK SA,Poland,Financials,57441662
KSB Ltd,India,Industrials,4920559
KSB SE & Co KGaA,Germany,Industrials,2932797
KUMHOE&C Co Ltd,South Korea,Industrials,391956
KUO SAB De CV,Mexico,Basic Materials,3287902
KWS Saat SE & Co KGaA,Germany,Consumer Staples,17954350
KYB Corp,Japan,Consumer Discretionary,1414436
Kadant Inc,United States,Industrials,39622402
Kadokawa Corp,Japan,Consumer Discretionary,20006183
Kaga Electronics Co Ltd,Japan,Technology,5856303
Kagome Co Ltd,Japan,Consumer Staples,17340940
Kaimei Electronic Corp,Taiwan,Technology,2224429
Kainos Group PLC,United Kingdom,Technology,30938178
Kaisa Group Holdings Ltd,China,Real Estate,30
Kaiser Aluminum Corp,United States,Basic Materials,5549391
Kajaria Ceramics Ltd,India,Industrials,50781041
Kajima Corp,Japan,Industrials,135581910
Kakaku.com Inc,Japan,Technology,34461275
Kakao Corp,South Korea,Technology,156279756
Kakao Games Corp,South Korea,Consumer Discretionary,1419929
KakaoBank Corp,South Korea,Financials,47526213
Kakaopay Corp,South Korea,Industrials,6604191
Kaken Pharmaceutical Co Ltd,Japan,Health Care,6986436
KalVista Pharmaceuticals Inc,United States,Health Care,12466998
Kalbe Farma Tbk PT,Indonesia,Health Care,42225652
Kalyan Jewellers India Ltd,India,Consumer Discretionary,32457012
Kameda Seika Co Ltd,Japan,Consumer Staples,6497231
Kamei Corp,Japan,Energy,1390824
Kamigumi Co Ltd,Japan,Industrials,29640085
Kanaden Corp,Japan,Industrials,1110750
Kanagawa Chuo Kotsu Co Ltd,Japan,Consumer Discretionary,3904
Kanamic Network Co Ltd,Japan,Health Care,311637
Kanamoto Co Ltd,Japan,Industrials,9433082
Kandenko Co Ltd,Japan,Industrials,16471510
Kaneka Corp,Japan,Basic Materials,25444818
Kanematsu Corp,Japan,Industrials,13146774
Kangji Medical Holdings Ltd,China,Health Care,11435
Kangwon Land Inc,South Korea,Consumer Discretionary,3103444
Kansai Electric Power Co Inc/The,Japan,Utilities,181709909
Kansai Food Market Ltd,Japan,Consumer Staples,40036
Kansai Nerolac Paints Ltd,India,Industrials,5405654
Kansai Paint Co Ltd,Japan,Industrials,53306649
Kanto Denka Kogyo Co Ltd,Japan,Basic Materials,512232
Kanzhun Ltd,China,Industrials,132581119
Kao Corp,Japan,Consumer Staples,228666897
Kaori Heat Treatment Co Ltd,Taiwan,Industrials,58657461
Kappa Create Co Ltd,Japan,Consumer Discretionary,2145
Kardemir Karabuk Demir Celik Sanayi ve Ticaret AS,Türkiye,Basic Materials,9608492
Kardex Holding AG,Switzerland,Industrials,37047843
Karnataka Bank Ltd/The,India,Financials,4994283
Karur Vysya Bank Ltd/The,India,Financials,10002110
Kasikornbank PCL,Thailand,Financials,142555470
Kasumigaseki Capital Co Ltd,Japan,Real Estate,4190029
Katakura Industries Co Ltd,Japan,Industrials,2512525
Katitas Co Ltd,Japan,Consumer Discretionary,11406541
Kato Sangyo Co Ltd,Japan,Consumer Staples,5958871
Kaveri Seed Co Ltd,India,Consumer Staples,7067129
Kawai Musical Instruments Manufacturing Co Ltd,Japan,Consumer Discretionary,787766
Kawasaki Heavy Industries Ltd,Japan,Industrials,94933473
Kawasaki Kisen Kaisha Ltd,Japan,Industrials,45686472
Kaynes Technology India Ltd,India,Technology,14119652
KeePer Technical Laboratory Co Ltd,Japan,Industrials,565834
Keihan Holdings Co Ltd,Japan,Industrials,36269689
Keihanshin Building Co Ltd,Japan,Real Estate,3087608
Keikyu Corp,Japan,Industrials,23811351
Keio Corp,Japan,Consumer Discretionary,35945941
Keisei Electric Railway Co Ltd,Japan,Industrials,105965845
Keiyo Bank Ltd/The,Japan,Financials,5236010
Kelington Group Bhd,Malaysia,Industrials,8390690
Kellanova,United States,Consumer Staples,248734098
Keller Group PLC,United Kingdom,Industrials,24759095
Kelsian Group Ltd,Australia,Consumer Discretionary,16486270
Kemira Oyj,Finland,Basic Materials,99848868
Kemper Corp,United States,Financials,14957983
Kempower Oyj,Finland,Industrials,7965372
Kenda Rubber Industrial Co Ltd,Taiwan,Consumer Discretionary,5916224
Kenko Mayonnaise Co Ltd,Japan,Consumer Staples,686789
Kennametal Inc,United States,Industrials,8667781
Kennedy-Wilson Holdings Inc,United States,Real Estate,3328925
Kenon Holdings Ltd/Singapore,Israel,Utilities,341974
Kenvue Inc,United States,Consumer Staples,23719010
Kepler Weber SA,Brazil,Industrials,868663
Keppel DC REIT,Singapore,Real Estate,27986316
Keppel Infrastructure Trust,Singapore,Basic Materials,23933707
Keppel Ltd,Singapore,Utilities,117321841
Keppel REIT,Singapore,Real Estate,26599951
Kering SA,France,Consumer Discretionary,410784145
Kerjaya Prospek Group Bhd,Malaysia,Industrials,2391221
Kernel Holding SA,Ukraine,Consumer Staples,1009987
Kerry Group PLC,Ireland,Consumer Staples,38593
Kerry Logistics Network Ltd,Hong Kong,Industrials,2460488
Kerry Properties Ltd,Hong Kong,Real Estate,1019
Keshun Waterproof Technologies Co Ltd,China,Industrials,204573
Kesko Oyj,Finland,Consumer Staples,88227677
Kesm Industries Bhd,Malaysia,Technology,1118813
Keurig Dr Pepper Inc,United States,Consumer Staples,114725827
Kewpie Corp,Japan,Consumer Staples,35658570
Key Coffee Inc,Japan,Consumer Staples,59509
KeyCorp,United States,Financials,107273279
Keyence Corp,Japan,Industrials,1839415658
Keyera Corp,Canada,Energy,79359883
Keyfield International Bhd,Malaysia,Industrials,11393323
Keymed Biosciences Inc,China,Health Care,11021035
Keysight Technologies Inc,United States,Industrials,253330879
Keywords Studios PLC,United Kingdom,Consumer Discretionary,7452628
Khang Dien House Trading and Investment JSC,Vietnam,Real Estate,22882199
Ki-Star Real Estate Co Ltd,Japan,Real Estate,1505555
Kia Corp,South Korea,Consumer Discretionary,412811752
Kiatnakin Phatra Bank PCL,Thailand,Financials,1129564
Kikkoman Corp,Japan,Consumer Staples,144717299
Kilroy Realty Corp,United States,Real Estate,282306971
Kim Teck Cheong Consolidated Bhd,Malaysia,Consumer Staples,901961
Kimberly-Clark Corp,United States,Consumer Staples,558856200
Kimberly-Clark de Mexico SAB de CV,Mexico,Consumer Staples,12252155
Kimco Realty Corp,United States,Real Estate,327699939
Kinaxis Inc,Canada,Technology,39180420
Kinden Corp,Japan,Industrials,33662066
Kinder Morgan Inc,United States,Energy,538270551
Kindom Development Co Ltd,Taiwan,Real Estate,4847966
Kinepolis Group NV,Belgium,Consumer Discretionary,27238112
Kinergy Advancement Bhd,Malaysia,Industrials,4470588
Kinetik Holdings Inc,United States,Energy,3427088
King Slide Works Co Ltd,Taiwan,Basic Materials,95307713
King Yuan Electronics Co Ltd,Taiwan,Technology,140354225
King's Town Bank Co Ltd,Taiwan,Financials,31879038
Kingboard Holdings Ltd,China,Basic Materials,18167182
Kingboard Laminates Holdings Ltd,China,Technology,15632861
Kingdee International Software Group Co Ltd,China,Technology,33729717
Kingfisher PLC,United Kingdom,Consumer Discretionary,135922366
Kingsoft Cloud Holdings Ltd,China,Technology,3080631
Kingsoft Corp Ltd,China,Technology,66275465
Kingspan Group PLC,Ireland,Industrials,313134532
Kinh Bac City Development Holding Corp,Vietnam,Real Estate,9028739
Kinik Co,Taiwan,Industrials,46876859
Kinnevik AB,Sweden,Financials,84253867
Kino Polska TV SA,Poland,Consumer Discretionary,2589819
Kinpo Electronics,Taiwan,Technology,10035270
Kinross Gold Corp,Canada,Basic Materials,306115458
Kinsale Capital Group Inc,United States,Financials,102178953
Kinsus Interconnect Technology Corp,Taiwan,Technology,13262863
Kintetsu Department Store Co Ltd,Japan,Consumer Discretionary,1136803
Kintetsu Group Holdings Co Ltd,Japan,Industrials,62064015
Kirby Corp,United States,Industrials,82339518
Kirin Holdings Co Ltd,Japan,Consumer Staples,100704787
Kirloskar Oil Engines Ltd,India,Industrials,13815208
Kissei Pharmaceutical Co Ltd,Japan,Health Care,6150752
Kitanotatsujin Corp,Japan,Consumer Discretionary,397584
Kite Realty Group Trust,United States,Real Estate,58369994
Kitwave Group Plc,United Kingdom,Consumer Staples,8972582
Kitz Corp,Japan,Industrials,5076982
Kiwi Property Group Ltd,New Zealand,Real Estate,7794577
Kiyo Bank Ltd/The,Japan,Financials,13346093
Klabin SA,Brazil,Basic Materials,55237024
Klaviyo Inc,United States,Technology,15934653
Klepierre SA,France,Real Estate,381180500
Klinique Medical Clinic PCL/The,Thailand,Health Care,1835113
Knife River Corp,United States,Industrials,46995624
Knight-Swift Transportation Holdings Inc,United States,Industrials,66168361
Knights Group Holdings PLC,United Kingdom,Industrials,4618771
Knorr-Bremse AG,Germany,Industrials,302202841
Knowles Corp,United States,Consumer Discretionary,7024544
KoMiCo Ltd,South Korea,Technology,22772421
Koa Corp,Japan,Industrials,2449804
Koatsu Gas Kogyo Co Ltd,Japan,Basic Materials,1105224
Kobayashi Pharmaceutical Co Ltd,Japan,Consumer Staples,30712092
Kobe Bussan Co Ltd,Japan,Consumer Staples,36692310
Kobe Steel Ltd,Japan,Basic Materials,46504377
Kocaer Celik Sanayi Ve Ticaret AS,Türkiye,Basic Materials,24842021
Kodiak Gas Services Inc,United States,Energy,24693934
Koei Tecmo Holdings Co Ltd,Japan,Consumer Discretionary,17866939
Koenig & Bauer AG,Germany,Industrials,1559550
Kogan.com Ltd,Australia,Consumer Discretionary,1318775
Koh Young Technology Inc,South Korea,Technology,527409
Kohl's Corp,United States,Consumer Discretionary,6139617
Kohnan Shoji Co Ltd,Japan,Consumer Discretionary,6683219
Koito Manufacturing Co Ltd,Japan,Consumer Discretionary,25240567
Kojamo Oyj,Finland,Real Estate,144452828
Kojima Co Ltd,Japan,Consumer Discretionary,580082
Kokusai Electric Corp,Japan,Technology,39404048
Kokuyo Co Ltd,Japan,Industrials,20330612
Kolmar Korea Co Ltd,South Korea,Consumer Discretionary,2017705
Kolon Corp,South Korea,Industrials,74576
Kolon Industries Inc,South Korea,Basic Materials,1176745
Komatsu Ltd,Japan,Industrials,596396441
Komatsu Matere Co Ltd,Japan,Basic Materials,708754
Komax Holding AG,Switzerland,Industrials,6574128
Komercni Banka AS,Czech Republic,Financials,2511361
Komeri Co Ltd,Japan,Consumer Discretionary,17350896
Komori Corp,Japan,Industrials,1688
Konami Group Corp,Japan,Consumer Discretionary,98570380
Kone Oyj,Finland,Industrials,304124372
Konecranes Oyj,Finland,Industrials,114196170
Konica Minolta Inc,Japan,Technology,22716000
Koninklijke Ahold Delhaize NV,Netherlands,Consumer Staples,783206013
Koninklijke BAM Groep NV,Netherlands,Industrials,11750257
Koninklijke KPN NV,Netherlands,Telecommunications,439278964
Koninklijke Philips NV,Netherlands,Health Care,375938400
Koninklijke Vopak NV,Netherlands,Industrials,68222543
Konishi Co Ltd,Japan,Basic Materials,3799638
Konoike Transport Co Ltd,Japan,Industrials,3901260
Kontoor Brands Inc,United States,Consumer Discretionary,18089313
Kontrolmatik Enerji Ve Muhendislik AS,Türkiye,Industrials,502997
Kontron AG,Germany,Technology,15716466
Korea Aerospace Industries Ltd,South Korea,Industrials,44663168
Korea Asset In Trust Co Ltd,South Korea,Real Estate,586171
Korea District Heating Corp,South Korea,Utilities,5580387
Korea Electric Terminal Co Ltd,South Korea,Technology,7162220
Korea Investment Holdings Co Ltd,South Korea,Financials,44277520
Korea Petrochemical Ind Co Ltd,South Korea,Basic Materials,921487
Korea Real Estate Investment & Trust Co Ltd,South Korea,Real Estate,207943
Korea United Pharm Inc,South Korea,Health Care,635651
Korea Zinc Co Ltd,South Korea,Basic Materials,70630033
Korean Air Lines Co Ltd,South Korea,Consumer Discretionary,58631668
Korean Reinsurance Co,South Korea,Financials,21959777
Korn Ferry,United States,Industrials,41780953
Kornit Digital Ltd,United States,Industrials,38005
Kosaido Holdings Co Ltd,Japan,Consumer Discretionary,9346569
Kose Corp,Japan,Consumer Discretionary,21656831
Koshidaka Holdings Co Ltd,Japan,Consumer Discretionary,13002921
Kossan Rubber Industries Bhd,Malaysia,Health Care,8479477
Kotak Mahindra Bank Ltd,India,Financials,309847942
Kotobuki Spirits Co Ltd,Japan,Consumer Staples,12191399
Kourakuen Holdings Corp,Japan,Consumer Discretionary,217122
Kraft Heinz Co/The,United States,Consumer Staples,294788126
Krafton Inc,South Korea,Consumer Discretionary,92474768
Kratos Defense & Security Solutions Inc,United States,Industrials,13700587
Krishna Institute of Medical Sciences Ltd,India,Health Care,11271775
Krispy Kreme Inc,United States,Consumer Discretionary,720113
Krka dd Novo mesto,Slovenia,Health Care,19538115
Kroger Co/The,United States,Consumer Staples,334954157
Krones AG,Germany,Industrials,77566634
Kronos Worldwide Inc,United States,Industrials,666405
Krosaki Harima Corp,Japan,Industrials,1382358
Krung Thai Bank PCL,Thailand,Financials,20072286
Krungthai Card PCL,Thailand,Financials,3952412
Krystal Biotech Inc,United States,Health Care,19636074
Ktima Kostas Lazaridis SA,Greece,Consumer Staples,289392
Kuaishou Technology,China,Technology,246018956
Kubota Corp,Japan,Industrials,191472782
Kuehne + Nagel International AG,Switzerland,Industrials,284794413
Kuk-il Paper Manufacturing Co Ltd,South Korea,Basic Materials,70575
Kulicke & Soffa Industries Inc,United States,Technology,10955449
Kum Yang Co Ltd,South Korea,Basic Materials,18243
Kumagai Gumi Co Ltd,Japan,Industrials,15341058
Kumba Iron Ore Ltd,South Africa,Basic Materials,21587470
Kumho Petrochemical Co Ltd,South Korea,Basic Materials,24561453
Kumho Tire Co Inc,South Korea,Consumer Discretionary,1589973
Kumiai Chemical Industry Co Ltd,Japan,Basic Materials,2480592
Kung Long Batteries Industrial Co Ltd,Taiwan,Industrials,2265678
Kunlun Energy Co Ltd,China,Energy,40674607
Kuo Toong International Co Ltd,Taiwan,Industrials,4186647
Kuo Yang Construction Co Ltd,Taiwan,Real Estate,2030298
Kura Sushi Inc,Japan,Consumer Discretionary,9145633
Kurabo Industries Ltd,Japan,Basic Materials,2133231
Kuraray Co Ltd,Japan,Basic Materials,57685707
Kureha Corp,Japan,Basic Materials,8363242
Kurimoto Ltd,Japan,Basic Materials,1587296
Kurita Water Industries Ltd,Japan,Industrials,75112606
Kusuri no Aoki Holdings Co Ltd,Japan,Consumer Staples,14917469
Kuwait Finance House KSCP,Kuwait,Financials,39888633
Kwang Dong Pharmaceutical Co Ltd,South Korea,Health Care,557691
Kweichow Moutai Co Ltd,China,Consumer Staples,260909352
Kymera Therapeutics Inc,United States,Health Care,3518808
Kyndryl Holdings Inc,United States,Technology,21767131
Kyocera Corp,Japan,Technology,202160602
Kyodo Printing Co Ltd,Japan,Industrials,647259
Kyoei Steel Ltd,Japan,Basic Materials,10675450
Kyokuto Kaihatsu Kogyo Co Ltd,Japan,Industrials,3986047
Kyokuto Securities Co Ltd,Japan,Financials,742037
Kyokuyo Co Ltd,Japan,Consumer Staples,1254501
Kyorin Pharmaceutical Co Ltd,Japan,Health Care,3573819
Kyoritsu Maintenance Co Ltd,Japan,Consumer Discretionary,19399628
Kyosan Electric Manufacturing Co Ltd,Japan,Industrials,957370
Kyoto Financial Group Inc,Japan,Financials,86462257
Kyowa Kirin Co Ltd,Japan,Health Care,75686915
Kyudenko Corp,Japan,Industrials,46356363
Kyung Dong Navien Co Ltd,South Korea,Industrials,16044830
Kyushu Electric Power Co Inc,Japan,Utilities,61052304
Kyushu Financial Group Inc,Japan,Financials,37531662
Kyushu Railway Co,Japan,Consumer Discretionary,33781905
Kyverna Therapeutics Inc,United States,Health Care,1354448
L E Lundbergforetagen AB,Sweden,Financials,83959444
L&C Bio Co Ltd,South Korea,Health Care,12586929
L&F Co Ltd,South Korea,Basic Materials,35070575
L&K Engineering Co Ltd,Taiwan,Industrials,23496772
L&P Global Bhd,Malaysia,Industrials,1870588
L&T Finance Ltd,India,Financials,21978228
L&T Technology Services Ltd,India,Industrials,18178393
L'Occitane International SA,Hong Kong,Consumer Staples,54991726
L'Oreal SA,France,Consumer Discretionary,2191878750
LAMDA Development SA,Greece,Real Estate,11666106
LANXESS AG,Germany,Basic Materials,58008174
LB Group Co Ltd,China,Basic Materials,7300963
LBS Bina Group Bhd,Malaysia,Real Estate,579648
LCI Industries,United States,Consumer Discretionary,30137131
LEC Inc,Japan,Consumer Discretionary,779828
LEENO Industrial Inc,South Korea,Technology,49758553
LEG Immobilien SE,Germany,Real Estate,158521732
LEM Holding SA,Switzerland,Industrials,18397763
LG Chem Ltd,South Korea,Industrials,318496772
LG Corp,South Korea,Industrials,85258470
LG Display Co Ltd,South Korea,Technology,5042285
LG Electronics Inc,South Korea,Consumer Discretionary,165966090
LG Energy Solution Ltd,South Korea,Industrials,61234718
LG H&H Co Ltd,South Korea,Consumer Staples,28552178
LG Innotek Co Ltd,South Korea,Technology,37131715
LG Uplus Corp,South Korea,Telecommunications,80072465
LGI Homes Inc,United States,Consumer Discretionary,8378412
LGMS Bhd,Malaysia,Technology,3455856
LHV Group AS,Estonia,Financials,6761135
LIC Housing Finance Ltd,India,Financials,131767062
LIFENET INSURANCE CO,Japan,Financials,8186632
LIFULL Co Ltd,Japan,Real Estate,337000
LIG Nex1 Co Ltd,South Korea,Industrials,47892406
LISI SA,France,Industrials,2824270
LITALICO Inc,Japan,Industrials,1762561
LK Technology Holdings Ltd,Hong Kong,Industrials,7418910
LKQ Corp,United States,Consumer Discretionary,136611172
LONGi Green Energy Technology Co Ltd,China,Energy,5081086
LOTTE Fine Chemical Co Ltd,South Korea,Basic Materials,1269438
LOTTE Himart Co Ltd,South Korea,Consumer Discretionary,429105
LOTTE Reit Co Ltd,South Korea,Real Estate,952424
LPL Financial Holdings Inc,United States,Financials,254206571
LPN Development PCL,Thailand,Real Estate,0
LPP SA,Poland,Consumer Discretionary,182826716
LS Corp,South Korea,Industrials,25811684
LS Electric Co Ltd,South Korea,Technology,56266200
LSR Group PJSC,Russia,Real Estate,273702
LTC Properties Inc,United States,Real Estate,10644527
LTIMindtree Ltd,India,Technology,92603419
LU-VE SpA,Italy,Industrials,18313727
LUKOIL PJSC,Russia,Energy,31109512
LVGEM China Real Estate Investment Co Ltd,China,Real Estate,646
LVMH Moet Hennessy Louis Vuitton SE,France,Consumer Discretionary,4540076284
LWSA SA,Brazil,Technology,189471
LX Hausys Ltd,South Korea,Industrials,769467
LX Holdings Corp,South Korea,Industrials,487996
LX INTERNATIONAL CORP,South Korea,Industrials,1299413
LX Semicon Co Ltd,South Korea,Technology,11816528
LXP Industrial Trust,United States,Real Estate,35682912
LY Corp,Japan,Technology,101823982
La Comer SAB de CV,Mexico,Consumer Staples,2
La Francaise des Jeux SAEM,France,Consumer Discretionary,77084615
La-Z-Boy Inc,United States,Consumer Discretionary,4112431
LaSalle Logiport REIT,Japan,Real Estate,32517696
Labcorp Holdings Inc,United States,Health Care,202661567
Label Vie,Morocco,Consumer Staples,8233081
Laboratorios Farmaceuticos Rovi SA,Spain,Health Care,47132045
Ladder Capital Corp,United States,Financials,7653739
Lagardere SA,France,Consumer Discretionary,9546879
Lagercrantz Group AB,Sweden,Technology,72641678
Lai Yih Footwear Co Ltd,Taiwan,Consumer Discretionary,15054791
Lake Materials Co Ltd,South Korea,Basic Materials,7497056
Lake Resources NL,Australia,Basic Materials,62864
Lakshmi Machine Works Ltd,India,Industrials,11543421
Lam Research Corp,United States,Technology,1930556012
Lamar Advertising Co,United States,Real Estate,71974989
Lamb Weston Holdings Inc,United States,Consumer Staples,128972330
Lancashire Holdings Ltd,United Kingdom,Financials,35842491
Land & Houses PCL,Thailand,Real Estate,3994488
Land Securities Group PLC,United Kingdom,Real Estate,261100118
LandMark Optoelectronics Corp,Taiwan,Technology,8418255
Landis+Gyr Group AG,Switzerland,Industrials,42886919
Landstar System Inc,United States,Industrials,60683036
Lantheus Holdings Inc,United States,Health Care,38185683
Lao Feng Xiang Co Ltd,China,Consumer Discretionary,13478224
Laobaixing Pharmacy Chain JSC,China,Consumer Staples,18575861
Lar Espana Real Estate Socimi SA,Spain,Real Estate,2760194
Largan Precision Co Ltd,Taiwan,Technology,147443093
Lark Distilling Co Ltd,Australia,Consumer Staples,1305092
Larsen & Toubro Ltd,India,Industrials,396932383
Las Vegas Sands Corp,United States,Consumer Discretionary,210073689
Lasertec Corp,Japan,Technology,237108795
Latam Airlines Group SA,Chile,Consumer Discretionary,18471835
Latin Resources Ltd,Australia,Basic Materials,454138
Lattice Semiconductor Corp,United States,Technology,103638278
Laurentian Bank of Canada,Canada,Financials,4959273
Laurus Labs Ltd,India,Health Care,18348090
Lawson Inc,Japan,Consumer Staples,4373200
Lazard Inc,United States,Financials,49271595
Lealea Enterprise Co Ltd,Taiwan,Basic Materials,791470
Lear Corp,United States,Consumer Discretionary,76390386
Lee & Man Paper Manufacturing Ltd,China,Basic Materials,717078
Lee Swee Kiat Group Bhd,Malaysia,Consumer Discretionary,912687
Legal & General Group PLC,United Kingdom,Financials,256017951
Legalzoom.com Inc,United States,Industrials,2631054
Legend Holdings Corp,China,Technology,4616923
Leggett & Platt Inc,United States,Consumer Discretionary,17934636
Legrand SA,France,Industrials,620075708
Leidos Holdings Inc,United States,Technology,248101909
Lemon Tree Hotels Ltd,India,Consumer Discretionary,11751568
Lemonade Inc,United States,Financials,423324
Lendlease Corp Ltd,Australia,Industrials,27691847
Lendlease Global Commercial REIT,Singapore,Real Estate,11433465
Lennar Corp,United States,Consumer Discretionary,469769873
Lennox International Inc,United States,Industrials,307147532
Lenovo Group Ltd,Hong Kong,Technology,191581784
Lens Technology Co Ltd,China,Technology,789146
Lenta International Co PJSC,Russia,Consumer Staples,1820759
Lenzing AG,Austria,Basic Materials,16337313
Leo Lithium Ltd,Australia,Basic Materials,49503
Leonardo DRS Inc,United States,Industrials,18803778
Leonardo SpA,Italy,Industrials,108830994
Leonteq AG,Switzerland,Financials,3164436
Leopalace21 Corp,Japan,Real Estate,6537316
Lepidico Ltd,Australia,Basic Materials,385683
Lepu Medical Technology Beijing Co Ltd,China,Health Care,62872987
Li Auto Inc,China,Consumer Discretionary,132746139
Li Cheng Enterprise Co Ltd,Taiwan,Basic Materials,312128
Li Peng Enterprise Co Ltd,Taiwan,Basic Materials,1252988
Liberty Broadband Corp,United States,Telecommunications,94370967
Liberty Energy Inc,United States,Energy,15981080
Liberty Financial Group Ltd,Australia,Financials,6714204
Liberty Global Ltd,United States,Telecommunications,66041437
Liberty Latin America Ltd,United States,Telecommunications,8999070
Liberty Media Corp-Liberty Formula One,United States,Consumer Discretionary,208936995
Liberty Media Corp-Liberty Live,United States,Consumer Discretionary,31866118
Liberty Media Corp-Liberty SiriusXM,United States,Consumer Discretionary,64645233
Libstar Holdings Ltd,South Africa,Consumer Staples,2653143
Liechtensteinische Landesbank AG,Liechtenstein,Financials,1721684
Lien Hwa Industrial Holdings Corp,Taiwan,Consumer Staples,38648428
Lifco AB,Sweden,Industrials,181260943
Life Corp,Japan,Consumer Staples,6744195
Life Healthcare Group Holdings Ltd,South Africa,Health Care,9418098
Life Insurance Corp of India,India,Financials,2687040
Life360 Inc,Australia,Technology,38885848
Lifestyle Communities Ltd,Australia,Real Estate,23895119
Lifetech Scientific Corp,China,Health Care,2118631
LigaChem Biosciences Inc,South Korea,Health Care,6870685
Ligand Pharmaceuticals Inc,United States,Health Care,6335943
Light & Wonder Inc,United States,Consumer Discretionary,143228499
Light S/A,Brazil,Utilities,538
Lightspeed Commerce Inc,Canada,Technology,886703
Lila Kagit Sanayi ve Ticaret AS,Türkiye,Basic Materials,914667
Linamar Corp,Canada,Consumer Discretionary,28298885
Lincoln Electric Holdings Inc,United States,Industrials,306929164
Lincoln National Corp,United States,Financials,58441876
Lindab International AB,Sweden,Industrials,40354968
Lindblad Expeditions Holdings Inc,United States,Consumer Discretionary,1439780
Linde India Ltd,India,Basic Materials,22785316
Linde PLC,United States,Basic Materials,3160688313
Lindsay Corp,United States,Industrials,5160714
Linea Directa Aseguradora SA Cia de Seguros y Reaseguros,Spain,Financials,8102491
Lingsen Precision Industries Ltd,Taiwan,Technology,2103907
Link And Motivation Inc,Japan,Industrials,1246611
Link REIT,Hong Kong,Real Estate,155948130
Linklogis Inc,China,Technology,5281
Lintec Corp,Japan,Basic Materials,9011983
Lion Corp,Japan,Consumer Staples,18167098
Lions Gate Entertainment Corp,United States,Consumer Discretionary,7819217
Liontown Resources Ltd,Australia,Basic Materials,8701402
Liontrust Asset Management PLC,United Kingdom,Financials,5900785
Liquidia Corp,United States,Health Care,1880400
Lite-On Technology Corp,Taiwan,Technology,112229566
Lithia Motors Inc,United States,Consumer Discretionary,87895769
Lithium Americas Argentina Corp,Canada,Basic Materials,16964
Lithium Americas Corp,Canada,Basic Materials,6517
Littelfuse Inc,United States,Industrials,140776672
Litu Holdings Ltd,China,Industrials,34633
LivaNova PLC,United States,Health Care,34192769
Live Nation Entertainment Inc,United States,Consumer Discretionary,172327679
Live Oak Bancshares Inc,United States,Financials,5499406
LiveRamp Holdings Inc,United States,Technology,9048094
Livzon Pharmaceutical Group Inc,China,Health Care,9134757
Lixil Corp,Japan,Industrials,42368748
Lloyds Banking Group PLC,United Kingdom,Financials,1441517770
Lloyds Metals & Energy Ltd,India,Basic Materials,10785263
Loar Holdings Inc,United States,Industrials,624897
Loblaw Cos Ltd,Canada,Consumer Staples,213633848
Localiza Rent a Car SA,Brazil,Consumer Discretionary,156471057
Loews Corp,United States,Financials,568503158
Log-in Logistica Intermodal SA,Brazil,Industrials,13293134
Logan Group Co Ltd,China,Real Estate,102
Logitech International SA,Switzerland,Technology,193890604
Logo Yazilim Sanayi Ve Ticaret AS,Türkiye,Technology,3111189
Lojas Quero-Quero SA,Brazil,Consumer Discretionary,6219141
Lojas Renner SA,Brazil,Consumer Discretionary,57312073
London Stock Exchange Group PLC,United Kingdom,Financials,1434277119
LondonMetric Property PLC,United Kingdom,Real Estate,198108424
Longboard Pharmaceuticals Inc,United States,Health Care,178398
Longfor Group Holdings Ltd,China,Real Estate,26722281
Longshine Technology Group Co Ltd,China,Technology,456922
Lonking Holdings Ltd,China,Industrials,1743420
Lonza Group AG,Switzerland,Health Care,1116970862
Loomis AB,Sweden,Industrials,41571096
Lotes Co Ltd,Taiwan,Technology,106081817
Lotte Chemical Corp,South Korea,Industrials,1618883
Lotte Chemical Titan Holding Bhd,Malaysia,Industrials,30669
Lotte Chilsung Beverage Co Ltd,South Korea,Consumer Staples,30114398
Lotte Corp,South Korea,Consumer Staples,1498929
Lotte Energy Materials Corp,South Korea,Technology,1948288
Lotte Rental Co Ltd,South Korea,Consumer Discretionary,10308734
Lotte Shopping Co Ltd,South Korea,Consumer Discretionary,1365862
Lotte Tour Development Co Ltd,South Korea,Consumer Discretionary,562073
Lotte Wellfood Co Ltd,South Korea,Consumer Staples,17141143
Lottery Corp Ltd/The,Australia,Consumer Discretionary,130045223
Lottomatica Group Spa,Italy,Consumer Discretionary,91026930
Lotus Bakeries NV,Belgium,Consumer Staples,91020480
Lotus Pharmaceutical Co Ltd,Taiwan,Health Care,22400506
Louisiana-Pacific Corp,United States,Industrials,59847488
Lovisa Holdings Ltd,Australia,Consumer Discretionary,16413682
Lowe's Cos Inc,United States,Consumer Discretionary,1551162071
Lucid Group Inc,United States,Consumer Discretionary,583272
Luckin Coffee Inc,China,Consumer Discretionary,131245819
Lufax Holding Ltd,China,Financials,23686095
Luk Fook Holdings International Ltd,Hong Kong,Consumer Discretionary,12442542
Luka Koper,Slovenia,Industrials,9912895
Lululemon Athletica Inc,United States,Consumer Discretionary,101726765
Lumen Technologies Inc,United States,Telecommunications,49676
Lumentum Holdings Inc,United States,Telecommunications,28054832
Luminar Technologies Inc,United States,Consumer Discretionary,510
Lundin Mining Corp,Canada,Basic Materials,34289900
Lung Kee Bermuda Holdings,China,Basic Materials,1995953
Lung Yen Life Service Corp,Taiwan,Consumer Discretionary,2656943
Lunit Inc,South Korea,Health Care,1736560
Lupin Ltd,India,Health Care,82477914
Luxshare Precision Industry Co Ltd,China,Consumer Discretionary,295094242
Luye Pharma Group Ltd,China,Health Care,346
Luzhou Laojiao Co Ltd,China,Consumer Staples,4050546
Lyft Inc,United States,Consumer Discretionary,65942330
Lygend Resources & Technology Co Ltd-H,China,Basic Materials,49868
Lynas Rare Earths Ltd,Australia,Basic Materials,51249565
LyondellBasell Industries NV,United States,Basic Materials,412428715
M&A Capital Partners Co Ltd,Japan,Financials,2120496
M&A Research Institute Holdings Inc,Japan,Financials,17751263
M&G PLC,United Kingdom,Financials,241485183
M&T Bank Corp,United States,Financials,235833108
M.I.Tech Co Ltd,South Korea,Health Care,5352718
M.Video PJSC,Russia,Consumer Discretionary,218655
M1 Kliniken AG,Germany,Health Care,1380414
M3 Inc,Japan,Health Care,66979547
M31 Technology Corp,Taiwan,Industrials,15282223
MA Financial Group Ltd,Australia,Financials,6738738
MACOM Technology Solutions Holdings Inc,United States,Technology,68305472
MARR SpA,Italy,Consumer Staples,978400
MARUKA FURUSATO Corp,Japan,Industrials,1906830
MAS P.L.C.,South Africa,Real Estate,3803638
MBK PCL,Thailand,Real Estate,37276121
MBM Resources BHD,Malaysia,Consumer Discretionary,12559195
MCJ Co Ltd,Japan,Technology,19227067
MCS Steel PCL,Thailand,Basic Materials,2334935
MD Pictures Tbk PT,Indonesia,Consumer Discretionary,2112154
MDU Resources Group Inc,United States,Industrials,59081886
ME GROUP INTERNATIONAL PLC,United Kingdom,Consumer Discretionary,24400669
MEB Corp PCL,Thailand,Consumer Discretionary,2225628
MED Life SA,Romania,Health Care,1920059
MEIJI Holdings Co Ltd,Japan,Consumer Staples,56559496
MEITEC Group Holdings Inc,Japan,Industrials,13010937
MEKO AB,Sweden,Consumer Discretionary,6253887
METAWATER Co Ltd,Japan,Utilities,5547550
METRO AG,Germany,Consumer Staples,11827465
MFA Financial Inc,United States,Financials,5305349
MFE-MediaForEurope NV,Italy,Consumer Discretionary,12660010
MFEC PCL,Thailand,Technology,1974561
MFO SA,Poland,Basic Materials,1352782
MGB Bhd,Malaysia,Industrials,1126606
MGIC Investment Corp,United States,Financials,78028434
MGM China Holdings Ltd,Hong Kong,Consumer Discretionary,49803139
MGM Resorts International,United States,Consumer Discretionary,121460519
MGP Ingredients Inc,United States,Consumer Staples,2190485
MIMAKI ENGINEERING CO LTD,Japan,Industrials,4703097
MINEBEA MITSUMI Inc,Japan,Industrials,131712601
MINISO Group Holding Ltd,China,Consumer Discretionary,195215257
MIPS AB,Sweden,Consumer Discretionary,2155961
MIRAIT ONE corp,Japan,Industrials,10137689
MISC Bhd,Malaysia,Industrials,39490539
MISUMI Group Inc,Japan,Industrials,75653645
MIXI Inc,Japan,Consumer Discretionary,8718304
MK Restaurants Group PCL,Thailand,Consumer Discretionary,2040376
MKS Instruments Inc,United States,Industrials,93176534
MLP Group SA,Poland,Real Estate,16029227
MLP SE,Germany,Financials,1411280
MLP Saglik Hizmetleri AS,Türkiye,Health Care,66739411
MM Group for Industry & International Trade SAE,Egypt,Consumer Discretionary,0
MNRB Holdings Bhd,Malaysia,Financials,2520181
MOG Digitech Holdings Ltd,China,Technology,256
MOL Hungarian Oil & Gas PLC,Hungary,Energy,21391450
MONY Group PLC,United Kingdom,Technology,27668680
MOS Food Services Inc,Japan,Consumer Discretionary,4908131
MP Evans Group PLC,United Kingdom,Consumer Staples,12574852
MP Materials Corp,United States,Basic Materials,8602005
MPI Corp,Taiwan,Technology,25681920
MR DIY Group M Bhd,Malaysia,Consumer Discretionary,22251193
MRC Global Inc,United States,Energy,1213540
MRF Ltd,India,Consumer Discretionary,45876394
MRV Engenharia e Participacoes SA,Brazil,Consumer Discretionary,17780563
MS&AD Insurance Group Holdings Inc,Japan,Financials,249381460
MSA Safety Inc,United States,Industrials,86652719
MSC Industrial Direct Co Inc,United States,Industrials,5081550
MSCI Inc,United States,Financials,459254684
MSM Malaysia Holdings Bhd,Malaysia,Consumer Staples,6494761
MST Golf Group Bhd,Malaysia,Consumer Discretionary,309218
MTAR Technologies Ltd,India,Industrials,4621340
MTI Ltd,Japan,Technology,745448
MTN Group Ltd,South Africa,Telecommunications,220655481
MTR Corp Ltd,Hong Kong,Industrials,62059253
MTU Aero Engines AG,Germany,Industrials,330142958
Maas Group Holdings Ltd,Australia,Industrials,6773948
Mabanee Co KPSC,Kuwait,Real Estate,41837923
Mabuchi Motor Co Ltd,Japan,Industrials,19656461
Macerich Co/The,United States,Real Estate,3090949
Mach7 Technologies Ltd,Australia,Health Care,2564544
Machvision Inc,Taiwan,Technology,1982649
Macnica Holdings Inc,Japan,Technology,26188457
Macquarie Group Ltd,Australia,Financials,420866481
Macquarie Technology Group Ltd,Australia,Telecommunications,22943426
Macromill Inc,Japan,Consumer Discretionary,9970565
Macronix International Co Ltd,Taiwan,Technology,6988942
Macrotech Developers Ltd,India,Real Estate,53338316
Macy's Inc,United States,Consumer Discretionary,49927891
Madara Cosmetics AS,Latvia,Consumer Discretionary,208718
Made.com Group PLC,United Kingdom,Consumer Discretionary,13752
Madison Square Garden Entertainment Corp,United States,Consumer Discretionary,14939239
Madison Square Garden Sports Corp,United States,Consumer Discretionary,40366302
Madrigal Pharmaceuticals Inc,United States,Health Care,32506124
Maeda Kosen Co Ltd,Japan,Industrials,32313596
Maeil Dairies Co Ltd,South Korea,Consumer Staples,6592835
Maezawa Kyuso Industries Co Ltd,Japan,Industrials,953689
Magazine Luiza SA,Brazil,Consumer Discretionary,48979807
Magellan Financial Group Ltd,Australia,Financials,8647630
Maggie Beer Holdings Ltd,Australia,Consumer Staples,480024
Magna International Inc,Canada,Consumer Discretionary,138239028
Magni-Tech Industries Bhd,Malaysia,Consumer Discretionary,2461236
Magnite Inc,United States,Technology,7607183
Magnitogorsk Iron & Steel Works PJSC,Russia,Basic Materials,2354030
Magnum Bhd,Malaysia,Consumer Discretionary,177055
Magyar Telekom Telecommunications PLC,Hungary,Telecommunications,19919484
Mah Sing Group Bhd,Malaysia,Real Estate,8804206
Mahanagar Gas Ltd,India,Utilities,13214624
Maharashtra Seamless Ltd,India,Basic Materials,4289701
Mahindra & Mahindra Financial Services Ltd,India,Financials,20678587
Mahindra & Mahindra Ltd,India,Consumer Discretionary,593967148
Mahindra Holidays & Resorts India Ltd,India,Consumer Discretionary,28640083
Mahindra Lifespace Developers Ltd,India,Real Estate,2151110
Mainfreight Ltd,New Zealand,Industrials,59471013
Maire SpA,Italy,Industrials,7425777
Major Cineplex Group PCL,Thailand,Consumer Discretionary,7882944
Makalot Industrial Co Ltd,Taiwan,Consumer Discretionary,96547851
MakeMyTrip Ltd,United States,Consumer Discretionary,60035037
Makino Milling Machine Co Ltd,Japan,Industrials,7867825
Makita Corp,Japan,Industrials,104914414
Malayan Banking Bhd,Malaysia,Financials,142011726
Malayan Cement Bhd,Malaysia,Industrials,20295387
Malayan Flour Mills Bhd,Malaysia,Consumer Staples,2318423
Malaysia Airports Holdings Bhd,Malaysia,Industrials,24448152
Malaysia Smelting Corp Bhd,Malaysia,Basic Materials,2269405
Malaysian Pacific Industries Bhd,Malaysia,Technology,80089240
Malaysian Resources Corp Bhd,Malaysia,Industrials,9051518
Malee Group PCL,Thailand,Consumer Staples,935499
Man Group PLC/Jersey,United Kingdom,Financials,90240572
Man Wah Holdings Ltd,Hong Kong,Consumer Discretionary,36686967
Management Solutions Co Ltd,Japan,Industrials,3930815
Manappuram Finance Ltd,India,Financials,14575932
Mandatum Oyj,Finland,Financials,22833290
Mandom Corp,Japan,Consumer Staples,2513978
Mangalore Refinery & Petrochemicals Ltd,India,Energy,6814006
Mangata Holding SA,Poland,Industrials,1345636
Manhattan Associates Inc,United States,Technology,182032326
Mani Inc,Japan,Health Care,8191241
Manila Water Co Inc,Philippines,Utilities,18815089
Manitou BF SA,France,Industrials,2964845
Mankind Pharma Ltd,India,Health Care,35695132
ManpowerGroup Inc,United States,Industrials,40532511
Manulife Financial Corp,Canada,Financials,557313666
Maoyan Entertainment,China,Technology,13023484
Maoye International Holdings Ltd,China,Consumer Discretionary,770949
Map Aktif Adiperkasa PT,Indonesia,Consumer Discretionary,13995691
Mapeley Ltd,United Kingdom,Real Estate,7
Mapfre SA,Spain,Financials,6336255
Maple Leaf Foods Inc,Canada,Consumer Staples,6346144
Maplebear Inc,United States,Technology,25037735
Mapletree Industrial Trust,Singapore,Real Estate,54670587
Mapletree Logistics Trust,Singapore,Real Estate,56736404
Mapletree Pan Asia Commercial Trust,Singapore,Real Estate,35897176
Marathon Digital Holdings Inc,United States,Financials,44650034
Marathon Petroleum Corp,United States,Energy,584267282
Maravai LifeSciences Holdings Inc,United States,Health Care,7
Marcopolo SA,Brazil,Industrials,11839857
Marcus & Millichap Inc,United States,Real Estate,5221225
Marel HF,Iceland,Industrials,32975422
Marex Group PLC,United Kingdom,Financials,1000000
Marfrig Global Foods SA,Brazil,Consumer Staples,1731864
Marico Ltd,India,Consumer Staples,113088494
Marine & General Bhd,Malaysia,Industrials,1441441
MarkLines Co Ltd,Japan,Technology,2994648
Markel Group Inc,United States,Financials,231365187
MarketAxess Holdings Inc,United States,Financials,98409496
Marketech International Corp,Taiwan,Technology,3443136
Marks & Spencer Group PLC,United Kingdom,Consumer Staples,186805801
Marley Spoon Group SE,Australia,Consumer Discretionary,48107
Marlowe PLC,United Kingdom,Industrials,5535238
Marqeta Inc,United States,Industrials,39345118
Marriott International Inc/MD,United States,Consumer Discretionary,415349739
Marriott Vacations Worldwide Corp,United States,Consumer Discretionary,34024151
Mars Group Holdings Corp,Japan,Consumer Discretionary,4237281
Marseille-Kliniken AG,Germany,Health Care,0
Marsh & McLennan Cos Inc,United States,Financials,1255788158
Marshalls PLC,United Kingdom,Industrials,12895567
Marten Transport Ltd,United States,Industrials,3365280
Martin Marietta Materials Inc,United States,Industrials,347092250
Marubeni Corp,Japan,Industrials,468573768
Marudai Food Co Ltd,Japan,Consumer Staples,962070
Maruha Nichiro Corp,Japan,Consumer Staples,7067885
Marui Group Co Ltd,Japan,Consumer Discretionary,32513081
Maruichi Steel Tube Ltd,Japan,Basic Materials,22199752
Marusan Securities Co Ltd,Japan,Financials,292193
Maruti Suzuki India Ltd,India,Consumer Discretionary,223997944
Maruwa Co Ltd/Aichi,Japan,Industrials,51948853
Maruzen Showa Unyu Co Ltd,Japan,Industrials,4789771
Marvell Technology Inc,United States,Technology,460529440
Marvelous Inc,Japan,Consumer Discretionary,790775
MasTec Inc,United States,Industrials,81614433
Masan Consumer Corp,Vietnam,Consumer Staples,2380924
Masan Group Corp,Vietnam,Consumer Staples,11494575
Masco Corp,United States,Industrials,82609530
Masimo Corp,United States,Health Care,6132648
Masraf Al Rayan QSC,Qatar,Financials,5551344
Mastek Ltd,India,Technology,5247123
Master Drilling Group Ltd,South Africa,Basic Materials,2793022
Masterbrand Inc,United States,Industrials,6839412
Mastercard Inc,United States,Industrials,4954852806
Mastersystem Infotama PT,Indonesia,Technology,6812882
Match Group Inc,United States,Technology,133807890
Materion Corp,United States,Basic Materials,9535985
Matrix Concepts Holdings Bhd,Malaysia,Real Estate,6264506
Matrix IT Ltd,Israel,Technology,832224
Matson Inc,United States,Industrials,12949659
Matsuda Sangyo Co Ltd,Japan,Basic Materials,2383100
Matsui Securities Co Ltd,Japan,Financials,7714977
MatsukiyoCocokara & Co,Japan,Consumer Staples,61257250
Matsuya Co Ltd,Japan,Consumer Discretionary,1272964
Matsuyafoods Holdings Co Ltd,Japan,Consumer Discretionary,1481394
Mattel Inc,United States,Consumer Discretionary,63053223
Matterport Inc,United States,Technology,3893477
Matthews International Corp,United States,Consumer Discretionary,4600984
Mavi Giyim Sanayi Ve Ticaret AS,Türkiye,Consumer Discretionary,58584811
Max Co Ltd,Japan,Industrials,9140421
Max Financial Services Ltd,India,Financials,26341818
Max Healthcare Institute Ltd,India,Health Care,92610426
MaxLinear Inc,United States,Technology,310639
Maxell Ltd,Japan,Industrials,3848365
Maximus Inc,United States,Industrials,61444415
Maxis Bhd,Malaysia,Telecommunications,9572762
Maxscend Microelectronics Co Ltd,China,Technology,18045240
Maxvalu Tokai Co Ltd,Japan,Consumer Staples,496873
Mayne Pharma Group Ltd,Australia,Health Care,1299915
Mayora Indah Tbk PT,Indonesia,Consumer Staples,44415556
Mayr Melnhof Karton AG,Austria,Industrials,25190373
Maytronics Ltd,Israel,Industrials,786623
Mazagon Dock Shipbuilders Ltd,India,Industrials,18120898
Mazda Motor Corp,Japan,Consumer Discretionary,86551879
McCormick & Co Inc/MD,United States,Consumer Staples,160882414
McDonald's Corp,United States,Consumer Discretionary,2284424241
McDonald's Holdings Co Japan Ltd,Japan,Consumer Discretionary,87079426
McEwen Mining Inc,United States,Basic Materials,1012554
McGrath RentCorp,United States,Industrials,11968016
McKesson Corp,United States,Consumer Staples,1314166509
McMillan Shakespeare Ltd,Australia,Financials,16465867
Mcnex Co Ltd,South Korea,Technology,481510
Mebuki Financial Group Inc,Japan,Financials,62207663
MedAdvisor Ltd,Australia,Health Care,5513003
MedPacto Inc,South Korea,Health Care,186405
MedPeer Inc,Japan,Technology,1242229
Medacta Group SA,Switzerland,Health Care,20413900
Medartis Holding AG,Switzerland,Health Care,3492600
Media Do Co Ltd,Japan,Consumer Discretionary,525778
Media Nusantara Citra Tbk PT,Indonesia,Consumer Discretionary,3561314
MediaTek Inc,Taiwan,Technology,1179385969
Medibank Pvt Ltd,Australia,Financials,115713853
Medical Properties Trust Inc,United States,Real Estate,45027
Medicalgorithmics SA,Poland,Health Care,1025224
Medicover AB,Sweden,Health Care,8089096
Medigen Biotechnology Corp,Taiwan,Health Care,331229
Medigen Vaccine Biologics Corp,Taiwan,Health Care,1090
Medikaloka Hermina Tbk PT,Indonesia,Health Care,4890131
Medinice SA,Poland,Health Care,257733
Mediobanca Banca di Credito Finanziario SpA,Italy,Financials,71892463
Medios AG,Germany,Health Care,11060370
Medipal Holdings Corp,Japan,Consumer Staples,51627570
Medipost Co Ltd,South Korea,Health Care,259582
Medley Inc,Japan,Industrials,5261470
Medlive Technology Co Ltd,China,Health Care,388412
Medmix AG,Switzerland,Health Care,3849687
Medpace Holdings Inc,United States,Health Care,130315106
Medplus Health Services Ltd,India,Consumer Staples,5760299
Medtronic PLC,United States,Health Care,1200042334
Medytox Inc,South Korea,Health Care,6892179
Meeza QSTP LLC,Qatar,Technology,12004208
Mega Financial Holding Co Ltd,Taiwan,Financials,195678800
Mega First Corp BHD,Malaysia,Utilities,7673781
Mega Lifesciences PCL,Thailand,Health Care,24931839
Mega Or Holdings Ltd,Israel,Industrials,320820
MegaStudyEdu Co Ltd,South Korea,Consumer Discretionary,4211519
Megacable Holdings SAB de CV,Mexico,Telecommunications,35980223
Megachips Corp,Japan,Technology,14391347
Megaport Ltd,Australia,Technology,12480443
Megmilk Snow Brand Co Ltd,Japan,Consumer Staples,7107638
Meidensha Corp,Japan,Industrials,7819137
Meiko Electronics Co Ltd,Japan,Technology,7662085
Meisei Industrial Co Ltd,Japan,Industrials,1499987
Meitu Inc,China,Technology,338
Meituan,China,Technology,1425399070
Melco Holdings Inc,Japan,Technology,1290252
Melco International Development Ltd,Hong Kong,Consumer Discretionary,6052
Melco Resorts & Entertainment Ltd,Hong Kong,Consumer Discretionary,2646808
Melexis NV,Belgium,Technology,18876805
Melia Hotels International SA,Spain,Consumer Discretionary,21172894
Melisron Ltd,Israel,Real Estate,20561844
Meliuz SA,Brazil,Technology,54862
Melrose Industries PLC,United Kingdom,Industrials,497448542
Menicon Co Ltd,Japan,Health Care,7927971
Menora Mivtachim Holdings Ltd,Israel,Financials,754567
Mensch und Maschine Software SE,Germany,Technology,6211863
MercadoLibre Inc,United States,Consumer Discretionary,418839587
Mercari Inc,Japan,Technology,14800574
Mercedes-Benz Group AG,Germany,Consumer Discretionary,498871785
Mercer International Inc,United States,Basic Materials,1784006
Mercialys SA,France,Real Estate,9173888
Merck & Co Inc,United States,Health Care,4106944047
Merck KGaA,Germany,Health Care,370399705
Mercor SA,Poland,Industrials,1781477
Mercuries & Associates Holding Ltd,Taiwan,Financials,1838997
Mercuries Life Insurance Co Ltd,Taiwan,Financials,378
Mercury General Corp,United States,Financials,1572997
Mercury NZ Ltd,New Zealand,Utilities,47021595
Mercury Systems Inc,United States,Industrials,27
Merdeka Battery Materials Tbk PT,Indonesia,Basic Materials,8501306
Merida Industry Co Ltd,Taiwan,Consumer Discretionary,28940327
Meridian Energy Ltd,New Zealand,Utilities,82922750
Merit Medical Systems Inc,United States,Health Care,67275901
Meritage Homes Corp,United States,Consumer Discretionary,105807981
Meritz Financial Group Inc,South Korea,Financials,373006564
Merlin Properties Socimi SA,Spain,Real Estate,90190637
Merry Electronics Co Ltd,Taiwan,Consumer Discretionary,14549564
Mersen SA,France,Industrials,27267569
Merus NV,Netherlands,Health Care,16665822
Mesaieed Petrochemical Holding Co,Qatar,Basic Materials,685118
Meshulam Levinstein Contracting & Engineering Ltd,Israel,Industrials,3222299
Mesoblast Ltd,Australia,Health Care,1821771
MetLife Inc,United States,Financials,591128809
Meta Platforms Inc,United States,Technology,15141457347
Metagenomi Inc,United States,Health Care,1469624
Metair Investments Ltd,South Africa,Consumer Discretionary,3567461
Metals Acquisition Ltd,United States,Basic Materials,10448374
Metalurgica Gerdau SA,Brazil,Basic Materials,34529549
Metcash Ltd,Australia,Consumer Staples,30251508
Methanex Corp,Canada,Basic Materials,33000286
Methode Electronics Inc,United States,Technology,1486084
Metlen Energy & Metals SA,Greece,Utilities,81611555
Metro Bank Holdings PLC,United Kingdom,Financials,9091710
Metro Brands Ltd,India,Consumer Discretionary,3267431
Metro Inc/CN,Canada,Consumer Staples,142689360
Metropole Television SA,France,Consumer Discretionary,19280015
Metropolis Healthcare Ltd,India,Health Care,6886615
Metropolitan Bank & Trust Co,Philippines,Financials,10043016
Metsa Board Oyj,Finland,Basic Materials,14363888
Metso Oyj,Finland,Industrials,67221748
Mettler-Toledo International Inc,United States,Industrials,390648766
Meyer Burger Technology AG,Switzerland,Industrials,8857456
Mezzion Pharma Co Ltd,South Korea,Health Care,1385355
Mi Technovation Bhd,Malaysia,Technology,15977788
MiCo Ltd,South Korea,Technology,11881773
MiMedx Group Inc,United States,Health Care,487872
Micro-Star International Co Ltd,Taiwan,Technology,72882429
Micro-Tech Nanjing Co Ltd,China,Health Care,10010337
Micro-X Ltd,Australia,Health Care,957430
MicroStrategy Inc,United States,Technology,217490317
MicroTech Medical Hangzhou Co Ltd,China,Health Care,192968
Microba Life Sciences Ltd,Australia,Health Care,1435670
Microbio Co Ltd,Taiwan,Consumer Staples,1290
Microchip Technology Inc,United States,Technology,643998228
Microlink Solutions Bhd,Malaysia,Technology,1209974
Micron Technology Inc,United States,Technology,1503817872
Micronics Japan Co Ltd,Japan,Technology,11540937
Microport Cardioflow Medtech Corp,China,Health Care,218303
Microport Scientific Corp,China,Health Care,1660
Microsoft Corp,United States,Technology,42620047140
Mid-America Apartment Communities Inc,United States,Real Estate,756131483
Middleby Corp/The,United States,Industrials,13729500
Midea Group Co Ltd,China,Consumer Discretionary,138200172
Midea Real Estate Holding Ltd,China,Real Estate,2404933
Midi Utama Indonesia Tbk PT,Indonesia,Consumer Staples,8054395
Mie Kotsu Group Holdings Inc,Japan,Industrials,910170
Migdal Insurance & Financial Holdings Ltd,Israel,Financials,185645
Migros Ticaret AS,Türkiye,Consumer Staples,63816843
Milbon Co Ltd,Japan,Consumer Staples,980116
Military Commercial Joint Stock Bank,Vietnam,Financials,21150102
Millennium Group Corp Asia Co Ltd,Thailand,Consumer Discretionary,1635693
Miller Industries Inc/TN,United States,Industrials,1557066
MillerKnoll Inc,United States,Consumer Discretionary,6952142
Mimasu Semiconductor Industry Co Ltd,Japan,Technology,2901809
Mindspace Business Parks REIT,India,Real Estate,8007258
Mineral Resources Ltd,Australia,Basic Materials,121757060
Minerals Technologies Inc,United States,Basic Materials,21108503
Ming Yang Smart Energy Group Ltd,China,Energy,1989489
Ming Yuan Cloud Group Holdings Ltd,China,Technology,126365
Mingfa Group International Co Ltd,China,Real Estate,81173
Ministop Co Ltd,Japan,Consumer Staples,598512
Minkabu The Infonoid Inc,Japan,Industrials,2556335
Minor Hotels Europe & Americas SA,Spain,Consumer Discretionary,243440
Minor International PCL,Thailand,Consumer Discretionary,86075555
Minth Group Ltd,China,Consumer Discretionary,19848591
Mirae Asset Life Insurance Co Ltd,South Korea,Financials,1085162
Mirae Asset Securities Co Ltd,South Korea,Financials,3658491
Mirai Corp,Japan,Real Estate,5444956
Mirarth Holdings Inc,Japan,Real Estate,3497772
Miroku Jyoho Service Co Ltd,Japan,Technology,1004470
Mirum Pharmaceuticals Inc,United States,Health Care,21041244
Mirvac Group,Australia,Real Estate,85429070
Mister Car Wash Inc,United States,Consumer Discretionary,3576825
Mitac Holdings Corp,Taiwan,Technology,18193117
Mitani Sekisan Co Ltd,Japan,Industrials,3426302
Mitchells & Butlers PLC,United Kingdom,Consumer Discretionary,7802277
Mitie Group PLC,United Kingdom,Industrials,56393057
Mitra Adiperkasa Tbk PT,Indonesia,Consumer Discretionary,1358090
Mitra Keluarga Karyasehat Tbk PT,Indonesia,Health Care,61656633
Mitra Pinasthika Mustika Tbk PT,Indonesia,Consumer Discretionary,3535878
Mitre Realty Empreendimentos E Participacoes LTDA,Brazil,Real Estate,157081
Mitsuba Corp,Japan,Consumer Discretionary,541912
Mitsubishi Chemical Group Corp,Japan,Basic Materials,53844360
Mitsubishi Corp,Japan,Industrials,1235415810
Mitsubishi Electric Corp,Japan,Industrials,426616331
Mitsubishi Estate Co Ltd,Japan,Real Estate,303002924
Mitsubishi Estate Logistics REIT Investment Corp,Japan,Real Estate,6847389
Mitsubishi Gas Chemical Co Inc,Japan,Basic Materials,60065972
Mitsubishi HC Capital Inc,Japan,Financials,94357026
Mitsubishi Heavy Industries Ltd,Japan,Industrials,566245342
Mitsubishi Logisnext Co Ltd,Japan,Industrials,18365817
Mitsubishi Logistics Corp,Japan,Industrials,33082487
Mitsubishi Materials Corp,Japan,Industrials,30643547
Mitsubishi Motors Corp,Japan,Consumer Discretionary,4656372
Mitsubishi Pencil Co Ltd,Japan,Consumer Staples,5862284
Mitsubishi Research Institute Inc,Japan,Technology,3959440
Mitsubishi Shokuhin Co Ltd,Japan,Consumer Staples,9247684
Mitsubishi UFJ Financial Group Inc,Japan,Financials,2079332131
Mitsuboshi Belting Ltd,Japan,Industrials,1561218
Mitsui & Co Ltd,Japan,Industrials,1127809461
Mitsui Chemicals Inc,Japan,Basic Materials,84457464
Mitsui DM Sugar Holdings Co Ltd,Japan,Consumer Staples,2963036
Mitsui E&S Co Ltd,Japan,Industrials,7537629
Mitsui Fudosan Co Ltd,Japan,Real Estate,442910496
Mitsui Fudosan Logistics Park Inc,Japan,Real Estate,24251316
Mitsui High-Tec Inc,Japan,Technology,13381901
Mitsui Matsushima Holdings Co Ltd,Japan,Energy,485379
Mitsui Mining & Smelting Co Ltd,Japan,Basic Materials,34228086
Mitsui OSK Lines Ltd,Japan,Industrials,154007378
Mitsui-Soko Holdings Co Ltd,Japan,Industrials,6352389
Mitsuuroko Group Holdings Co Ltd,Japan,Utilities,3072043
Miura Co Ltd,Japan,Industrials,36128728
Miyakoshi Holdings Inc,Japan,Real Estate,132441
Miyazaki Bank Ltd/The,Japan,Financials,2065338
Mizrahi Tefahot Bank Ltd,Israel,Financials,59263141
Mizuho Financial Group Inc,Japan,Financials,844890843
Mizuho Leasing Co Ltd,Japan,Consumer Discretionary,13042869
Mizuno Corp,Japan,Consumer Discretionary,11555539
Mobico Group PLC,United Kingdom,Consumer Discretionary,288590
Mobile TeleSystems PJSC,Russia,Telecommunications,105254
Mobile Telecommunications Co KSCP,Kuwait,Telecommunications,29728108
Mobile World Investment Corp,Vietnam,Consumer Discretionary,67195363
Mobileye Global Inc,United States,Technology,260756559
Mobimo Holding AG,Switzerland,Real Estate,49561227
Mobvista Inc,China,Technology,344074
Mochida Pharmaceutical Co Ltd,Japan,Health Care,3984435
Modec Inc,Japan,Energy,7383990
Modern Times Group MTG AB,Sweden,Consumer Discretionary,6820396
Moderna Inc,United States,Health Care,401250312
Modetour Network Inc,South Korea,Consumer Discretionary,298689
Modine Manufacturing Co,United States,Industrials,43351912
Moelis & Co,United States,Financials,37482624
Mohawk Industries Inc,United States,Industrials,58082543
Molecure SA,Poland,Health Care,1701894
Molina Healthcare Inc,United States,Health Care,186326829
Molson Coors Beverage Co,United States,Consumer Staples,120717184
Molson Coors Canada Inc,Canada,Consumer Staples,1386684
Molten Ventures PLC,United Kingdom,Financials,1048292
Moltiply Group SpA,Italy,Financials,17470371
Momentum Metropolitan Holdings,South Africa,Financials,78254744
Monadelphous Group Ltd,Australia,Industrials,8656127
Monash IVF Group Ltd,Australia,Health Care,5262617
Moncler SpA,Italy,Consumer Discretionary,268443797
Monday.com Ltd,United States,Technology,115878751
Monde Nissin Corp,Philippines,Consumer Staples,14419278
Mondelez International Inc,United States,Consumer Staples,1118769635
Mondi PLC,United Kingdom,Industrials,161818870
Monex Group Inc,Japan,Financials,16721543
Money Forward Inc,Japan,Technology,20870561
Moneylion Inc,United States,Industrials,4677144
MongoDB Inc,United States,Technology,132992968
Mongolian Mining Corp,Hong Kong,Energy,1590614
Monogatari Corp/The,Japan,Consumer Discretionary,5276201
Monolithic Power Systems Inc,United States,Technology,525719902
MonotaRO Co Ltd,Japan,Consumer Discretionary,6183497
Monro Inc,United States,Consumer Discretionary,2785011
Monster Beverage Corp,United States,Consumer Staples,426283040
Montana Aerospace AG,Switzerland,Industrials,5115856
Montea NV,Belgium,Real Estate,37064155
Moody's Corp,United States,Financials,804740709
Moog Inc,United States,Industrials,55873181
Moonpig Group PLC,United Kingdom,Consumer Discretionary,10856285
Morgan Advanced Materials PLC,United Kingdom,Industrials,7737395
Morgan Sindall Group PLC,United Kingdom,Industrials,8153834
Morgan Stanley,United States,Financials,1366045201
Mori Hills REIT Investment Corp,Japan,Real Estate,22129679
Mori Trust Reit Inc,Japan,Real Estate,10611047
Morimatsu International Holdings Co Ltd,Hong Kong,Industrials,6660348
Morinaga & Co Ltd/Japan,Japan,Consumer Staples,20320397
Morinaga Milk Industry Co Ltd,Japan,Consumer Staples,26481610
Moriroku Holdings Co Ltd,Japan,Industrials,1086062
Morita Holdings Corp,Japan,Industrials,7969721
Morningstar Inc,United States,Financials,95987053
MorphoSys AG,Germany,Health Care,8119433
Mosaic Co/The,United States,Basic Materials,105810241
Mosenergo PJSC,Russia,Utilities,227687
Mota-Engil SGPS SA,Portugal,Industrials,4271462
Motech Industries Inc,Taiwan,Energy,2259177
Motherson Sumi Wiring India Ltd,India,Consumer Discretionary,17574580
Motilal Oswal Financial Services Ltd,India,Financials,19752659
Motor Oil Hellas Corinth Refineries SA,Greece,Energy,43732793
Motorola Solutions Inc,United States,Telecommunications,751530484
Motus Holdings Ltd,South Africa,Consumer Discretionary,12059794
Mount Gibson Iron Ltd,Australia,Basic Materials,1275699
Moura Dubeux Engenharia S/A,Brazil,Real Estate,4189074
Movado Group Inc,United States,Consumer Discretionary,3087612
Mpact Ltd,South Africa,Industrials,1870690
Mphasis Ltd,India,Technology,92428172
Mr Cooper Group Inc,United States,Financials,58766575
Mr Price Group Ltd,South Africa,Consumer Discretionary,87236418
Muangthai Capital PCL,Thailand,Financials,44292062
Mueller Industries Inc,United States,Basic Materials,79354659
Mueller Water Products Inc,United States,Industrials,13457185
Muenchener Rueckversicherungs-Gesellschaft AG in Muenchen,Germany,Financials,1117101652
Muhibbah Engineering M Bhd,Malaysia,Industrials,3755641
Mullen Group Ltd,Canada,Industrials,4062890
Multi Bintang Indonesia Tbk PT,Indonesia,Consumer Staples,6845097
Multi Commodity Exchange of India Ltd,India,Financials,72810077
MultiChoice Group,South Africa,Telecommunications,17556670
Multilaser Industrial SA,Brazil,Consumer Discretionary,141868
Multiplan Empreendimentos Imobiliarios SA,Brazil,Real Estate,76684489
Munters Group AB,Sweden,Industrials,58221356
Murapol SA,Poland,Consumer Discretionary,10955000
Murata Manufacturing Co Ltd,Japan,Technology,679888604
Murphy USA Inc,United States,Consumer Discretionary,107732150
Musashi Seimitsu Industry Co Ltd,Japan,Consumer Discretionary,26999500
Musashino Bank Ltd/The,Japan,Financials,6160934
Musti Group Oyj,Finland,Consumer Discretionary,1461516
Muthoot Finance Ltd,India,Financials,65155213
Muyuan Foods Co Ltd,China,Consumer Staples,91744197
My EG Services Bhd,Malaysia,Technology,18519501
MyState Ltd,Australia,Financials,1713243
Mycronic AB,Sweden,Technology,67941952
Myer Holdings Ltd,Australia,Consumer Discretionary,1392342
Mynews Holdings Bhd,Malaysia,Consumer Staples,245852
Myoung Shin Industrial Co Ltd,South Korea,Consumer Discretionary,807224
N-able Inc/US,United States,Technology,8542735
NARI Technology Co Ltd,China,Industrials,17504372
NAURA Technology Group Co Ltd,China,Technology,120957709
NAVER Corp,South Korea,Technology,267195633
NBCC India Ltd,India,Industrials,10451278
NBT Bancorp Inc,United States,Financials,8013553
NCC AB,Sweden,Industrials,13330070
NCC Group PLC,United Kingdom,Technology,1352540
NCC Ltd/India,India,Industrials,16450113
NCR Atleos Corp,United States,Industrials,8116808
NCR Voyix Corp,United States,Technology,3881691
NCSoft Corp,South Korea,Consumer Discretionary,11175367
NEC Capital Solutions Ltd,Japan,Financials,805767
NEC Corp,Japan,Technology,380768155
NEC Networks & System Integration Corp,Japan,Technology,45832525
NEPES Corp,South Korea,Technology,63351
NEPI Rockcastle NV,South Africa,Real Estate,66421795
NET Lease Office Properties,United States,Real Estate,3903476
NET One Systems Co Ltd,Japan,Technology,23126333
NETLINK NBN TRUST,Singapore,Telecommunications,31857240
NETSTREIT Corp,United States,Real Estate,513590
NEXTDC Ltd,Australia,Technology,109023917
NEXTIN Inc,South Korea,Technology,4493897
NEXTracker Inc,United States,Energy,108455333
NGK Insulators Ltd,Japan,Industrials,60433686
NH Foods Ltd,Japan,Consumer Staples,60866686
NH Investment & Securities Co Ltd,South Korea,Financials,3116016
NHK Spring Co Ltd,Japan,Consumer Discretionary,25161224
NHN Corp,South Korea,Consumer Discretionary,836980
NICE Holdings Co Ltd,South Korea,Industrials,197315
NICE Information Service Co Ltd,South Korea,Industrials,793298
NIDEC CORP,Japan,Industrials,389119799
NIIT Learning Systems Ltd,India,Industrials,1416537
NIKE Inc,United States,Consumer Discretionary,1047159652
NIO Inc,China,Consumer Discretionary,48028727
NIPPON EXPRESS HOLDINGS INC,Japan,Industrials,42279376
NIPPON REIT Investment Corp,Japan,Real Estate,7992540
NKMax Co Ltd,South Korea,Health Care,185831
NKT A/S,Denmark,Industrials,187455718
NMC Health PLC,United Kingdom,Health Care,951
NMDC Steel Ltd,India,Basic Materials,4382529
NMI Holdings Inc,United States,Financials,20394283
NN Group NV,Netherlands,Financials,809056900
NNN REIT Inc,United States,Real Estate,101364314
NOCIL Ltd,India,Basic Materials,2107385
NOF Corp,Japan,Basic Materials,62747311
NOK Corp,Japan,Consumer Discretionary,22492801
NOS SGPS SA,Portugal,Telecommunications,18762449
NOV Inc,United States,Energy,8811800
NP3 Fastigheter AB,Sweden,Real Estate,6912272
NPR-RIKEN CORP,Japan,Consumer Discretionary,740026
NRW Holdings Ltd,Australia,Basic Materials,22950066
NS Solutions Corp,Japan,Technology,16939004
NS United Kaiun Kaisha Ltd,Japan,Industrials,2789008
NSD Co Ltd,Japan,Technology,11605323
NSI NV,Netherlands,Real Estate,3108518
NSK Ltd,Japan,Consumer Discretionary,33525888
NTG Nordic Transport Group A/S,Denmark,Industrials,9327306
NTN Corp,Japan,Consumer Discretionary,7795335
NTT Data Group Corp,Japan,Technology,71006251
NTT UD REIT Investment Corp,Japan,Real Estate,11011845
NU Holdings Ltd/Cayman Islands,United States,Financials,493851541
NV5 Global Inc,United States,Industrials,1255095
NVIDIA Corp,United States,Technology,35412074008
NVR Inc,United States,Consumer Discretionary,274288501
NWS Holdings Ltd,Hong Kong,Industrials,15342971
NX Filtration NV,Netherlands,Industrials,680689
NXP Semiconductors NV,United States,Technology,913912789
Nabtesco Corp,Japan,Industrials,37306410
Nachi-Fujikoshi Corp,Japan,Industrials,3495577
NagaCorp Ltd,Hong Kong,Consumer Discretionary,3253907
Nagaileben Co Ltd,Japan,Health Care,3601552
Nagarro SE,Germany,Technology,14984389
Nagase & Co Ltd,Japan,Basic Materials,31907851
Nagatanien Holdings Co Ltd,Japan,Consumer Staples,163543
Nagawa Co Ltd,Japan,Consumer Discretionary,4379299
Nagoya Railroad Co Ltd,Japan,Industrials,34005376
Naim Holdings Bhd,Malaysia,Industrials,1745027
Nakanishi Inc,Japan,Health Care,27109647
Nam Long Investment Corp,Vietnam,Real Estate,14555398
Namchow Holdings Co Ltd,Taiwan,Consumer Staples,1642945
Namsun Aluminum Co Ltd,South Korea,Basic Materials,172641
Namura Shipbuilding Co Ltd,Japan,Industrials,6623777
Namyang Dairy Products Co Ltd,South Korea,Consumer Staples,435685
Nan Kang Rubber Tire Co Ltd,Taiwan,Consumer Discretionary,15867240
Nan Liu Enterprise Co Ltd,Taiwan,Consumer Staples,1211556
Nan Pao Resins Chemical Co Ltd,Taiwan,Basic Materials,9150491
Nan Ya Plastics Corp,Taiwan,Basic Materials,102768311
Nan Ya Printed Circuit Board Corp,Taiwan,Technology,14604407
Nanjing Sample Technology Co Ltd,China,Industrials,281464
Nankai Electric Railway Co Ltd,Japan,Industrials,28951027
Nanoform Finland Plc,Finland,Health Care,2656401
Nanosonics Ltd,Australia,Health Care,5756983
Nantex Industry Co Ltd,Taiwan,Basic Materials,5059298
Nanto Bank Ltd/The,Japan,Financials,6091771
Nanya Technology Corp,Taiwan,Technology,39171998
Napco Security Technologies Inc,United States,Industrials,2093585
Narayana Hrudayalaya Ltd,India,Health Care,12452047
Nasdaq Inc,United States,Financials,285011662
Nasmedia Co Ltd,South Korea,Consumer Discretionary,3332905
Naspers Ltd,South Africa,Technology,582949585
NatWest Group PLC,United Kingdom,Financials,973387577
Natco Pharma Ltd,India,Health Care,13115583
Natera Inc,United States,Health Care,142628976
Nation Media Group PLC,Kenya,Consumer Discretionary,32439
National Agricultural Holdings Ltd,China,Financials,7592
National Aluminium Co Ltd,India,Basic Materials,23966994
National Australia Bank Ltd,Australia,Financials,806299399
National Bank of Canada,Canada,Financials,324447556
National Bank of Greece SA,Greece,Financials,100501763
National Bank of Kuwait SAKP,Kuwait,Financials,347123250
National Beverage Corp,United States,Consumer Staples,6532229
National Central Cooling Co PJSC,United Arab Emirates,Industrials,45283308
National Fuel Gas Co,United States,Utilities,52136253
National Grid PLC,United Kingdom,Utilities,939315652
National Health Investors Inc,United States,Real Estate,36885352
National Presto Industries Inc,United States,Industrials,1480061
National Storage Affiliates Trust,United States,Real Estate,25477958
National Storage REIT,Australia,Real Estate,22632781
National Vision Holdings Inc,United States,Consumer Discretionary,2423221
National Western Life Group Inc,United States,Financials,3279804
Nationgate Holdings Bhd,Malaysia,Technology,18951818
Natura & Co Holding SA,Brazil,Consumer Discretionary,56980446
Nature Holdings Co Ltd/The,South Korea,Consumer Discretionary,3564901
Naturgy Energy Group SA,Spain,Utilities,14444775
Navigator Global Investments Ltd,Australia,Financials,35300412
Navin Fluorine International Ltd,India,Basic Materials,47887212
Nayax Ltd,Israel,Industrials,9387367
Nedbank Group Ltd,South Africa,Financials,74894539
Neinor Homes SA,Spain,Real Estate,3294801
Nemak SAB de CV,Mexico,Consumer Discretionary,12553423
Nemetschek SE,Germany,Technology,35561536
NeoGenomics Inc,United States,Health Care,8409950
NeoPharm Co Ltd,South Korea,Consumer Discretionary,3329888
Neoen SA,France,Utilities,90068925
Neoenergia SA,Brazil,Utilities,20797888
Neogen Corp,United States,Health Care,284549495
Nera Telecommunications Ltd,Singapore,Telecommunications,104713
NerdWallet Inc,United States,Technology,547500
Neste Oyj,Finland,Energy,96252687
Nestle India Ltd,India,Consumer Staples,117509618
Nestle Malaysia Bhd,Malaysia,Consumer Staples,18029
Nestle Nigeria PLC,Nigeria,Consumer Staples,158248
Nestle SA,Switzerland,Consumer Staples,7696973268
Net Power Inc,United States,Utilities,2235716
Net Protections Holdings Inc,Japan,Industrials,153044
NetApp Inc,United States,Technology,326521138
NetDragon Websoft Holdings Ltd,China,Consumer Discretionary,1178882
NetEase Inc,China,Consumer Discretionary,578365926
NetScout Systems Inc,United States,Technology,5753595
Netcare Ltd,South Africa,Health Care,13834472
Netcompany Group A/S,Denmark,Technology,34756509
Netflix Inc,United States,Consumer Discretionary,3566849456
Netjoy Holdings Ltd,China,Technology,950596
Netmarble Corp,South Korea,Consumer Discretionary,2311851
Neturen Co Ltd,Japan,Basic Materials,1119296
Netwealth Group Ltd,Australia,Financials,13844377
Network International Holdings PLC,United Kingdom,Industrials,114799569
Network18 Media & Investments Ltd,India,Consumer Discretionary,24690190
Neuca SA,Poland,Health Care,8883481
Neuland Laboratories Ltd,India,Health Care,8244677
Neumora Therapeutics Inc,United States,Health Care,1081300
Neuren Pharmaceuticals Ltd,Australia,Health Care,35313355
Neurocrine Biosciences Inc,United States,Health Care,60872856
Nevro Corp,United States,Health Care,1353936
New China Life Insurance Co Ltd,China,Financials,8649458
New Fortress Energy Inc,United States,Energy,13863511
New Horizon Health Ltd,China,Health Care,7538713
New India Assurance Co Ltd/The,India,Financials,5285264
New Jersey Resources Corp,United States,Utilities,50364944
New Oriental Education & Technology Group Inc,China,Consumer Discretionary,556395689
New Work SE,Germany,Technology,1746971
New World Development Co Ltd,Hong Kong,Real Estate,53179
New York Community Bancorp Inc,United States,Financials,13134667
New York Times Co/The,United States,Consumer Discretionary,99974159
NewMarket Corp,United States,Basic Materials,41207448
Newborn Town Inc,China,Technology,17313134
Newell Brands Inc,United States,Consumer Discretionary,27893724
Newgen Software Technologies Ltd,India,Technology,5020540
Newland Digital Technology Co Ltd,China,Technology,1402270
Newlat Food SpA,Italy,Consumer Staples,919776
Newmark Group Inc,United States,Real Estate,2107738
Newmax Technology Co Ltd,Taiwan,Technology,1102193
Newmont Corp,United States,Basic Materials,705818106
News Corp,United States,Consumer Discretionary,184854071
NexPoint Residential Trust Inc,United States,Real Estate,3180555
NexTone Inc,Japan,Consumer Discretionary,2360138
Nexans SA,France,Industrials,71973271
Nexen Tire Corp,South Korea,Consumer Discretionary,7387916
Nexi SpA,Italy,Industrials,139153558
Nexon Co Ltd,Japan,Consumer Discretionary,34509021
Nexon Games Co Ltd,South Korea,Consumer Discretionary,460629
Nexstar Media Group Inc,United States,Consumer Discretionary,40839456
Next PLC,United Kingdom,Consumer Discretionary,51364282
Next Vision Stabilized Systems Ltd,Israel,Industrials,26505835
NextEra Energy Inc,United States,Utilities,3423359300
Nextage Co Ltd,Japan,Consumer Discretionary,4932678
Nexteer Automotive Group Ltd,Hong Kong,Consumer Discretionary,1667259
Nexus AG,Germany,Technology,5559167
Nexus Select Trust,India,Real Estate,8177931
Nexxen International Ltd,Israel,Consumer Discretionary,9713344
Ngern Tid Lor PCL,Thailand,Financials,64326231
NiSource Inc,United States,Utilities,109741640
Nibe Industrier AB,Sweden,Industrials,47021107
Nice Information & Telecommunication Inc,South Korea,Industrials,4671165
Nice Ltd,Israel,Telecommunications,127887374
Nichias Corp,Japan,Industrials,10837427
Nichiban Co Ltd,Japan,Industrials,412430
Nichicon Corp,Japan,Technology,4008952
Nichiden Corp,Japan,Industrials,3721046
Nichidenbo Corp,Taiwan,Industrials,2601344
Nichiha Corp,Japan,Industrials,26320464
Nichirei Corp,Japan,Consumer Staples,49162736
Nichireki Co Ltd,Japan,Industrials,1501229
Nick Scali Ltd,Australia,Consumer Discretionary,16924138
Nickel Asia Corp,Philippines,Basic Materials,27511642
Nickel Industries Ltd,Australia,Basic Materials,14090075
Nidec Chaun-Choung Technology Corp,Taiwan,Technology,3009879
Nien Made Enterprise Co Ltd,Taiwan,Consumer Discretionary,38291830
Nifco Inc/Japan,Japan,Consumer Discretionary,49115295
Nihon Chouzai Co Ltd,Japan,Consumer Staples,821572
Nihon Kohden Corp,Japan,Health Care,55995428
Nihon M&A Center Holdings Inc,Japan,Financials,21574210
Nihon Nohyaku Co Ltd,Japan,Basic Materials,1554848
Nihon Parkerizing Co Ltd,Japan,Industrials,9135838
Nihon Tokushu Toryo Co Ltd,Japan,Consumer Discretionary,353337
Nihon Trim Co Ltd,Japan,Consumer Discretionary,573471
Nikkiso Co Ltd,Japan,Industrials,2871707
Nikkon Holdings Co Ltd,Japan,Industrials,11525989
Nikola Corp,United States,Industrials,29039217
Nikon Corp,Japan,Consumer Discretionary,18470607
Nine Entertainment Co Holdings Ltd,Australia,Consumer Discretionary,10603015
Ninety One Ltd,South Africa,Financials,8398323
Ninety One PLC,United Kingdom,Financials,23387103
Ningbo Deye Technology Co Ltd,China,Industrials,11952205
Ningbo Orient Wires & Cables Co Ltd,China,Industrials,34104537
Ningbo Sanxing Medical Electric Co Ltd,China,Industrials,38971975
Ningbo Shanshan Co Ltd,China,Basic Materials,500490
Ningbo Tuopu Group Co Ltd,China,Consumer Discretionary,39200392
Ningxia Baofeng Energy Group Co Ltd,China,Basic Materials,11775907
Nintendo Co Ltd,Japan,Consumer Discretionary,1115088049
Nippn Corp,Japan,Consumer Staples,7283296
Nippon Accommodations Fund Inc,Japan,Real Estate,17701008
Nippon Aqua Co Ltd,Japan,Industrials,4439254
Nippon Beet Sugar Manufacturing Co Ltd,Japan,Consumer Staples,959508
Nippon Building Fund Inc,Japan,Real Estate,66544320
Nippon Carbon Co Ltd,Japan,Basic Materials,1629417
Nippon Ceramic Co Ltd,Japan,Technology,1982107
Nippon Chemi-Con Corp,Japan,Technology,910695
Nippon Denko Co Ltd,Japan,Basic Materials,618208
Nippon Densetsu Kogyo Co Ltd,Japan,Industrials,3628083
Nippon Electric Glass Co Ltd,Japan,Industrials,23283033
Nippon Fine Chemical Co Ltd,Japan,Basic Materials,51623
Nippon Gas Co Ltd,Japan,Utilities,19156952
Nippon Indosari Corpindo Tbk PT,Indonesia,Consumer Staples,2796061
Nippon Kanzai Holdings Co Ltd,Japan,Real Estate,2810923
Nippon Kayaku Co Ltd,Japan,Basic Materials,21056784
Nippon Life India Asset Management Ltd,India,Financials,46606491
Nippon Light Metal Holdings Co Ltd,Japan,Basic Materials,6571086
Nippon Paint Holdings Co Ltd,Japan,Industrials,225738113
Nippon Paper Industries Co Ltd,Japan,Basic Materials,8776863
Nippon Parking Development Co Ltd,Japan,Industrials,1792296
Nippon Pillar Packing Co Ltd,Japan,Industrials,10496337
Nippon Prologis REIT Inc,Japan,Real Estate,64940752
Nippon Rietec Co Ltd,Japan,Industrials,403675
Nippon Road Co Ltd/The,Japan,Industrials,1688928
Nippon Sanso Holdings Corp,Japan,Basic Materials,88070200
Nippon Seiki Co Ltd,Japan,Consumer Discretionary,2027744
Nippon Sharyo Ltd,Japan,Industrials,789119
Nippon Sheet Glass Co Ltd,Japan,Industrials,355571
Nippon Shinyaku Co Ltd,Japan,Health Care,20230455
Nippon Shokubai Co Ltd,Japan,Basic Materials,20138236
Nippon Signal Company Ltd,Japan,Industrials,13858674
Nippon Soda Co Ltd,Japan,Basic Materials,7419458
Nippon Steel Corp,Japan,Basic Materials,118667841
Nippon Telegraph & Telephone Corp,Japan,Telecommunications,543248039
Nippon Television Holdings Inc,Japan,Consumer Discretionary,6588017
Nippon Thompson Co Ltd,Japan,Industrials,959771
Nippon Yakin Kogyo Co Ltd,Japan,Basic Materials,712177
Nippon Yusen KK,Japan,Industrials,195969968
Nipro Corp,Japan,Health Care,15776279
Nirvana Development PCL,Thailand,Real Estate,1293917
Nishi-Nippon Financial Holdings Inc,Japan,Financials,31157780
Nishi-Nippon Railroad Co Ltd,Japan,Industrials,19205468
Nishimatsu Construction Co Ltd,Japan,Industrials,7083386
Nishimatsuya Chain Co Ltd,Japan,Consumer Discretionary,5118276
Nishimoto Co Ltd,Japan,Consumer Staples,8903303
Nishio Holdings Co Ltd,Japan,Industrials,3907659
Nissan Chemical Corp,Japan,Basic Materials,153137447
Nissan Motor Co Ltd,Japan,Consumer Discretionary,11279327
Nissan Shatai Co Ltd,Japan,Consumer Discretionary,3411924
Nissei ASB Machine Co Ltd,Japan,Industrials,26556230
Nissha Co Ltd,Japan,Technology,4371990
Nisshin Oillio Group Ltd/The,Japan,Consumer Staples,8274276
Nisshin Seifun Group Inc,Japan,Consumer Staples,50859010
Nisshinbo Holdings Inc,Japan,Industrials,5458876
Nissin Corp,Japan,Industrials,1729817
Nissin Foods Co Ltd,Hong Kong,Consumer Staples,301285
Nissin Foods Holdings Co Ltd,Japan,Consumer Staples,84764892
Nisso Holdings Co Ltd,Japan,Industrials,408116
Nissui Corp,Japan,Consumer Staples,16494359
Niterra Co Ltd,Japan,Consumer Discretionary,84337892
Nitori Holdings Co Ltd,Japan,Consumer Discretionary,109000370
Nitta Corp,Japan,Industrials,4524120
Nittetsu Mining Co Ltd,Japan,Basic Materials,1655152
Nitto Boseki Co Ltd,Japan,Basic Materials,7427633
Nitto Denko Corp,Japan,Basic Materials,60800435
Nitto Kogyo Corp,Japan,Industrials,2991732
Nitto Kohki Co Ltd,Japan,Industrials,521600
Nittoku Co Ltd,Japan,Industrials,5220025
Niu Technologies,United States,Consumer Discretionary,67743
Noah Holdings Ltd,United States,Financials,707345
Noevir Holdings Co Ltd,Japan,Consumer Discretionary,9056397
Nohmi Bosai Ltd,Japan,Industrials,3072105
Nojima Corp,Japan,Consumer Discretionary,13235104
Nokia Oyj,Finland,Telecommunications,226989639
Nokian Renkaat Oyj,Finland,Consumer Discretionary,17501768
Nomad Foods Ltd,United States,Consumer Staples,25924177
Nomura Co Ltd,Japan,Industrials,5382375
Nomura Holdings Inc,Japan,Financials,262526566
Nomura Micro Science Co Ltd,Japan,Industrials,8805968
Nomura Real Estate Holdings Inc,Japan,Real Estate,53281873
Nomura Real Estate Master Fund Inc,Japan,Real Estate,66815999
Nomura Research Institute Ltd,Japan,Technology,193481803
NongShim Co Ltd,South Korea,Consumer Staples,21264489
Nongfu Spring Co Ltd,China,Consumer Staples,62128931
Nordea Bank Abp,Finland,Financials,2068835061
Nordex SE,Germany,Energy,3151055
Nordic American Tankers Ltd,United States,Industrials,1913461
Nordic Paper Holding AB,Sweden,Basic Materials,8937449
Nordic Waterproofing Holding AB,Sweden,Industrials,1165685
Nordnet AB publ,Sweden,Financials,224337748
Nordson Corp,United States,Industrials,151998400
Nordstrom Inc,United States,Consumer Discretionary,18768878
Norfolk Southern Corp,United States,Industrials,505756612
Norion Bank AB,Sweden,Financials,1878856
Noritake Co Ltd/Nagoya Japan,Japan,Industrials,8115666
Noritsu Koki Co Ltd,Japan,Consumer Discretionary,19127938
Noritz Corp,Japan,Consumer Discretionary,2825170
Norma Group SE,Germany,Industrials,10925298
Norte Grande SA,Chile,Financials,12613717
North Pacific Bank Ltd,Japan,Financials,8293194
North West Co Inc/The,Canada,Consumer Discretionary,7689091
NorthWest Healthcare Properties Real Estate Investment Trust,Canada,Real Estate,2386372
Northam Platinum Holdings Ltd,South Africa,Basic Materials,79444472
Northern Star Resources Ltd,Australia,Basic Materials,182108794
Northern Trust Corp,United States,Financials,89357071
Northland Power Inc,Canada,Utilities,40861907
Northwest Bancshares Inc,United States,Financials,4970577
Northwest Natural Holding Co,United States,Utilities,4683864
Northwestern Energy Group Inc,United States,Utilities,36755916
Norwegian Cruise Line Holdings Ltd,United States,Consumer Discretionary,92722750
Nova Ljubljanska Banka dd,Slovenia,Financials,22252611
Nova Ltd,Israel,Technology,53610217
Novanta Inc,United States,Technology,51838805
Novartis AG,Switzerland,Health Care,5686167153
Novatek Microelectronics Corp,Taiwan,Technology,153908909
Novatek PJSC,Russia,Energy,3803545
Noventiq Holdings plc,Russia,Technology,6287046
Novo Nordisk A/S,Denmark,Health Care,11286961647
Novocure Ltd,United States,Health Care,17
Novolipetsk Steel PJSC,Russia,Basic Materials,1275096
Novonesis (Novozymes) B,Denmark,Health Care,632695854
Nu Skin Enterprises Inc,United States,Consumer Staples,5339364
Nucor Corp,United States,Basic Materials,432218384
Nufarm Ltd,Australia,Basic Materials,12937755
Nuix Ltd,Australia,Technology,1666726
Nurix Therapeutics Inc,United States,Health Care,10592276
Nusantara Sejahtera Raya Tbk PT,Indonesia,Consumer Discretionary,3858507
Nutanix Inc,United States,Technology,176241481
Nutrien Ltd,Canada,Basic Materials,272888894
Nuvalent Inc,United States,Health Care,41983807
Nuvama Wealth Management Ltd,India,Financials,9786520
Nuvei Corp,Canada,Industrials,8351335
Nuvoton Technology Corp,Taiwan,Technology,8388268
Nxera Pharma Co Ltd,Japan,Health Care,8849086
Nyfosa AB,Sweden,Real Estate,40720857
O'Reilly Automotive Inc,United States,Consumer Discretionary,721888822
O-Bank Co Ltd,Taiwan,Financials,5592189
O-I Glass Inc,United States,Industrials,20586170
OBI Pharma Inc,Taiwan,Health Care,4820269
OBIC Business Consultants Co Ltd,Japan,Technology,20436933
OC Oerlikon Corp AG,Switzerland,Industrials,23859400
OCI International Holdings Ltd,Hong Kong,Financials,630
OCI NV,Netherlands,Basic Materials,51378591
OCK Group Bhd,Malaysia,Telecommunications,6217575
ODP Corp/The,United States,Consumer Discretionary,12561099
OFX Group Ltd,Australia,Industrials,9072630
OGE Energy Corp,United States,Utilities,59007209
OKUMA Corp,Japan,Industrials,17015769
OMV AG,Austria,Energy,89316190
OMV Petrom SA,Romania,Energy,30549057
ON Semiconductor Corp,United States,Technology,377069489
ON24 Inc,United States,Technology,453755
ONE Gas Inc,United States,Utilities,42483811
ONEOK Inc,United States,Energy,375769026
OPAP SA,Greece,Consumer Discretionary,31093548
OPC Energy Ltd,Israel,Utilities,5723990
OPEN Group Inc,Japan,Technology,466371
OPENLANE Inc,United States,Consumer Discretionary,8232738
OPKO Health Inc,United States,Health Care,1663400
OPT Machine Vision Tech Co Ltd,China,Industrials,4674926
OR PJSC,Russia,Consumer Discretionary,2
ORIC Pharmaceuticals Inc,United States,Health Care,9383269
ORIX Corp,Japan,Financials,432560437
ORLEN SA,Poland,Energy,36656794
OSAKA Titanium Technologies Co Ltd,Japan,Basic Materials,2484644
OSB Group PLC,United Kingdom,Financials,90379210
OSG Corp,Japan,Industrials,16989130
OSI Systems Inc,United States,Industrials,12494792
OSRAM Licht AG,Germany,Industrials,113422196
OTP Bank Nyrt,Hungary,Financials,114858349
OUE Real Estate Investment Trust,Singapore,Real Estate,6892204
OUTsurance Group Ltd,South Africa,Financials,6705923
OVH Groupe SAS,France,Technology,4026269
OVS SpA,Italy,Consumer Discretionary,13577358
OX2 AB,Sweden,Energy,19841139
Obara Group Inc,Japan,Industrials,1375575
Obayashi Corp,Japan,Industrials,141635797
Oberoi Realty Ltd,India,Real Estate,30509660
Obic Co Ltd,Japan,Technology,6876072
Ocado Group PLC,United Kingdom,Consumer Staples,31373468
Oceana Group Ltd,South Africa,Consumer Staples,5252534
OceanaGold Corp,Canada,Basic Materials,8123730
Oceaneering International Inc,United States,Energy,11602675
Oceanpact Servicos Maritimos SA,Brazil,Industrials,814122
Ocumension Therapeutics,China,Health Care,958091
Odakyu Electric Railway Co Ltd,Japan,Consumer Discretionary,55316837
Oddity Tech Ltd,Israel,Consumer Discretionary,15344967
Odontoprev SA,Brazil,Health Care,1094656
Oesterreichische Post AG,Austria,Industrials,26134581
Ogaki Kyoritsu Bank Ltd/The,Japan,Financials,5348026
Ohara Inc,Japan,Technology,517604
Ohsho Food Service Corp,Japan,Consumer Discretionary,5124058
Oil Refineries Ltd,Israel,Energy,116110
Oiles Corp,Japan,Industrials,1706846
Oisix ra daichi Inc,Japan,Consumer Staples,573
Oita Bank Ltd/The,Japan,Financials,3020844
Okabe Co Ltd,Japan,Industrials,770887
Okamoto Industries Inc,Japan,Industrials,4975155
Okamura Corp,Japan,Consumer Discretionary,28752835
Okasan Securities Group Inc,Japan,Financials,8817885
Oki Electric Industry Co Ltd,Japan,Technology,8516564
Okinawa Cellular Telephone Co,Japan,Telecommunications,4728739
Okinawa Financial Group Inc,Japan,Financials,1714023
Okta Inc,United States,Technology,182363794
Okumura Corp,Japan,Industrials,9318488
Okura Industrial Co Ltd,Japan,Industrials,589425
Okuwa Co Ltd,Japan,Consumer Staples,550709
Olaplex Holdings Inc,United States,Consumer Staples,115702
Old Dominion Freight Line Inc,United States,Industrials,408901406
Old Mutual Ltd,South Africa,Financials,34050099
Old National Bancorp/IN,United States,Financials,47525863
Old Republic International Corp,United States,Financials,105659584
Olectra Greentech Ltd,India,Industrials,10322904
OliX Pharmaceuticals Inc,South Korea,Health Care,220044
Olin Corp,United States,Basic Materials,67967998
Ollamani SAB,Mexico,Consumer Discretionary,122177
Ollie's Bargain Outlet Holdings Inc,United States,Consumer Discretionary,72534868
Olo Inc,United States,Technology,143208
Olympic Industries Ltd,Bangladesh,Consumer Staples,3214103
Olympic Steel Inc,United States,Basic Materials,1891826
Olympus Corp,Japan,Health Care,322220507
Omega Healthcare Investors Inc,United States,Real Estate,76887208
Omni Bridgeway Ltd,Australia,Financials,6053668
Omnia Holdings Ltd,South Africa,Basic Materials,16673417
Omnicell Inc,United States,Health Care,81697
Omnicom Group Inc,United States,Consumer Discretionary,16440395
Omron Corp,Japan,Industrials,72813007
On Holding AG,United States,Consumer Discretionary,91199478
Oncoclinicas do Brasil Servicos Medicos SA,Brazil,Health Care,781733
One 97 Communications Ltd,India,Industrials,57086767
One Liberty Properties Inc,United States,Real Estate,826496
One REIT Inc,Japan,Real Estate,4034282
One Software Technologies Ltd,Israel,Technology,2346200
One United Properties SA,Romania,Real Estate,6253492
OneMain Holdings Inc,United States,Financials,63867343
OneSpan Inc,United States,Technology,1061496
Oneness Biotech Co Ltd,Taiwan,Health Care,561
Onewo Inc,China,Real Estate,6471760
Onex Corp,Canada,Financials,55455107
Ono Pharmaceutical Co Ltd,Japan,Health Care,89117371
Onoken Co Ltd,Japan,Basic Materials,70474
Ontex Group NV,Belgium,Consumer Staples,6268376
Onto Innovation Inc,United States,Technology,106375064
Onward Holdings Co Ltd,Japan,Consumer Discretionary,17325597
Ooma Inc,United States,Telecommunications,753687
Ooredoo QPSC,Qatar,Telecommunications,111833469
Open House Group Co Ltd,Japan,Real Estate,38331269
Open Lending Corp,United States,Financials,443599
Open Text Corp,Canada,Technology,99927239
Open Up Group Inc,Japan,Industrials,4637075
OpenWork Inc,Japan,Technology,1751386
Opendoor Technologies Inc,United States,Real Estate,4
Operadora De Sites Mexicanos SAB de CV,Mexico,Telecommunications,1
Opmobility,France,Consumer Discretionary,12401022
Oponeo.pl SA,Poland,Consumer Discretionary,11716411
Oppein Home Group Inc,China,Industrials,293
Oppenheimer Holdings Inc,United States,Financials,244341
Opple Lighting Co Ltd,China,Industrials,266
Oppstar Bhd,Malaysia,Technology,4233486
Optex Group Co Ltd,Japan,Industrials,5769121
Opthea Ltd,Australia,Health Care,4078954
Optim Corp,Japan,Technology,558238
Option Care Health Inc,United States,Health Care,57455949
Optorun Co Ltd,Japan,Industrials,10749223
Oracle Corp,United States,Technology,1512711606
Oracle Corp Japan,Japan,Technology,38519058
Oracle Financial Services Software Ltd,India,Technology,33831395
Orange Belgium SA,Belgium,Telecommunications,13840181
Orange Polska SA,Poland,Telecommunications,66344079
Orange SA,France,Telecommunications,382746267
Orascom Construction PLC,United Arab Emirates,Industrials,1298495
Orbia Advance Corp SAB de CV,Mexico,Industrials,92682354
Organo Corp,Japan,Industrials,21242517
Organogenesis Holdings Inc,United States,Health Care,1350160
Organon & Co,United States,Health Care,29027486
Orica Ltd,Australia,Basic Materials,29768435
Orient Corp,Japan,Financials,6134111
Orient Electric Ltd,India,Consumer Discretionary,4839217
Orient Overseas International Ltd,Hong Kong,Industrials,8268265
Orient Securities Co Ltd/China,China,Financials,2692286
Orient Semiconductor Electronics Ltd,Taiwan,Technology,11881002
Oriental Food Industries Holdings BHD,Malaysia,Consumer Staples,4127565
Oriental Land Co Ltd/Japan,Japan,Consumer Discretionary,417496112
Oriental Shiraishi Corp,Japan,Industrials,1263152
Oriental Union Chemical Corp,Taiwan,Basic Materials,3183582
Origin Energy Ltd,Australia,Utilities,149218314
Origin Enterprises PLC,Ireland,Consumer Staples,1509736
Origin Property PCL,Thailand,Real Estate,4190685
Orion Corp/Republic of Korea,South Korea,Consumer Staples,59721034
Orion Office REIT Inc,United States,Real Estate,936631
Orion Oyj,Finland,Health Care,112621891
Orix JREIT Inc,Japan,Real Estate,51837485
Orizon Valorizacao de Residuos SA,Brazil,Utilities,10535709
Ormat Technologies Inc,United States,Utilities,33416143
Oro Co Ltd,Japan,Technology,408038
Orora Ltd,Australia,Industrials,47861121
Orron Energy ab,Sweden,Basic Materials,415514
Orsted AS,Denmark,Utilities,646765972
Orzel Bialy SA,Poland,Utilities,2238104
Osaka Gas Co Ltd,Japan,Utilities,114028791
Osaka Organic Chemical Industry Ltd,Japan,Basic Materials,1517842
Osaka Soda Co Ltd,Japan,Basic Materials,27428404
Osaka Steel Co Ltd,Japan,Basic Materials,2225108
Osaki Electric Co Ltd,Japan,Industrials,731747
Oscotec Inc,South Korea,Health Care,11101463
Oshkosh Corp,United States,Industrials,83829573
Osisko Gold Royalties Ltd,Canada,Basic Materials,15135058
Osotspa PCL,Thailand,Consumer Staples,13773979
Otis Worldwide Corp,United States,Industrials,690377394
Otsuka Corp,Japan,Technology,81972108
Otsuka Holdings Co Ltd,Japan,Health Care,273743355
Ottogi Corp,South Korea,Consumer Staples,1106958
Oulmes,Morocco,Consumer Staples,3937285
Ouro Fino Saude Animal Participacoes SA,Brazil,Health Care,2280342
Outfront Media Inc,United States,Real Estate,16231930
Outokumpu Oyj,Finland,Basic Materials,17776837
Outset Medical Inc,United States,Health Care,1776390
Oversea-Chinese Banking Corp Ltd,Singapore,Financials,692272544
Ovostar Union NV,Ukraine,Consumer Staples,2510322
Owens & Minor Inc,United States,Health Care,4637250
Owens Corning,United States,Industrials,144809865
Oxford Biomedica PLC,United Kingdom,Health Care,5312889
Oxford Industries Inc,United States,Consumer Discretionary,6606295
Oxford Instruments PLC,United Kingdom,Industrials,54040580
Oxford Nanopore Technologies PLC,United Kingdom,Health Care,13559153
Oyak Cimento Fabrikalari AS,Türkiye,Industrials,3462969
Oyo Corp,Japan,Industrials,1378953
Ozon Holdings PLC,Russia,Consumer Discretionary,1519282
P&H Tech Co Ltd,South Korea,Basic Materials,7393104
PA Resources Bhd,Malaysia,Basic Materials,3079720
PACCAR Inc,United States,Industrials,571520512
PACS Group Inc,United States,Health Care,4145458
PAL GROUP Holdings Co Ltd,Japan,Consumer Discretionary,4205087
PALTAC Corp,Japan,Consumer Staples,23902487
PARAGON REIT,Singapore,Real Estate,10853406
PATRIZIA SE,Germany,Real Estate,3117542
PAX Global Technology Ltd,China,Industrials,2254461
PAZ Corp SA,Chile,Real Estate,7071265
PB Fintech Ltd,India,Financials,65562328
PBF Energy Inc,United States,Energy,43629031
PCC Exol SA,Poland,Basic Materials,814915
PCC Rokita SA,Poland,Basic Materials,8989895
PCCW Ltd,Hong Kong,Telecommunications,8532551
PChome Online Inc,Taiwan,Technology,942817
PDD Holdings Inc,China,Consumer Discretionary,2128346561
PESTECH International Bhd,Malaysia,Industrials,1216746
PEXA Group Ltd,Australia,Technology,25169167
PG&E Corp,United States,Utilities,455612589
PGF Capital Bhd,Malaysia,Industrials,1478749
PHC Holdings Corp,Japan,Health Care,2261005
PI Advanced Materials Co Ltd,South Korea,Industrials,8973976
PI Industries Ltd,India,Basic Materials,41578585
PIA Corp,Japan,Consumer Discretionary,782901
PICC Property & Casualty Co Ltd,China,Financials,286616661
PIE Industrial BHD,Malaysia,Industrials,6276454
PIERER Mobility AG,Switzerland,Consumer Discretionary,8891545
PIK-Spetsializirovannyy Zastroyshchik PAO,Russia,Real Estate,287855
PKSHA Technology Inc,Japan,Technology,1395874
PLDT Inc,Philippines,Telecommunications,7430675
PLS Plantations Bhd,Malaysia,Consumer Staples,1670779
PNB Housing Finance Ltd,India,Financials,9414805
PNC Financial Services Group Inc/The,United States,Financials,1218317025
PNC Infratech Ltd,India,Industrials,9863664
PNE AG,Germany,Utilities,13505126
POSCO Future M Co Ltd,South Korea,Basic Materials,72704905
PPB Group Bhd,Malaysia,Consumer Staples,13641
PPC Ltd,South Africa,Industrials,4734047
PPG Industries Inc,United States,Industrials,400587016
PPHE Hotel Group Ltd,United Kingdom,Consumer Discretionary,3236374
PPK Group Ltd,Australia,Basic Materials,55840
PPK Mining Equipment Pty Ltd,Australia,Industrials,46322
PPL Corp,United States,Utilities,179534021
PRADA SpA,Hong Kong,Consumer Discretionary,94329083
PROG Holdings Inc,United States,Consumer Discretionary,14245920
PROS Holdings Inc,United States,Technology,8319272
PRTR Group PCL,Thailand,Industrials,1881815
PSC Insurance Group Ltd,Australia,Financials,8565581
PSK Inc,South Korea,Technology,22032780
PSP Swiss Property AG,Switzerland,Real Estate,142092430
PT Tower Bersama Infrastructure Tbk,Indonesia,Telecommunications,4799147
PTC Inc,United States,Technology,115271795
PTC India Ltd,India,Utilities,4532625
PTC Therapeutics Inc,United States,Health Care,461758
PTG Energy PCL,Thailand,Energy,391661
PTT Global Chemical PCL,Thailand,Basic Materials,4102789
PVA TePla AG,Germany,Technology,8293295
PVR Inox Ltd,India,Consumer Discretionary,12833252
PWR Holdings Ltd,Australia,Consumer Discretionary,5854222
PZ Cussons PLC,United Kingdom,Consumer Staples,2663115
Pacific Basin Shipping Ltd,Hong Kong,Industrials,21891523
Pacific Biosciences of California Inc,United States,Health Care,1662683
Pacific Current Group Ltd,Australia,Financials,2391053
Pacific Edge Ltd,New Zealand,Health Care,1083306
Pacific Electric Wire & Cable Co Ltd,Taiwan,Technology,8995
Pacific Industrial Co Ltd,Japan,Consumer Discretionary,3980460
Pacific Premier Bancorp Inc,United States,Financials,20098382
Pacira BioSciences Inc,United States,Health Care,5594886
Pack Corp/The,Japan,Industrials,1145058
Packaging Corp of America,United States,Industrials,186892149
Pactiv Evergreen Inc,United States,Industrials,1208976
Padini Holdings Bhd,Malaysia,Consumer Discretionary,8323315
Pagegroup PLC,United Kingdom,Industrials,31833050
PagerDuty Inc,United States,Technology,15350259
Pagseguro Digital Ltd,United States,Industrials,20933458
Pakuwon Jati Tbk PT,Indonesia,Real Estate,9703267
Paladin Energy Ltd,Australia,Basic Materials,56438556
Palantir Technologies Inc,United States,Technology,468768961
Palfinger AG,Austria,Industrials,3458434
Palm Hills Developments SAE,Egypt,Real Estate,0
Palo Alto Networks Inc,United States,Technology,893398477
Palomar Holdings Inc,United States,Financials,15311707
Pan African Resources PLC,United Kingdom,Basic Materials,2128119
Pan American Silver Corp,Canada,Basic Materials,81799731
Pan Jit International Inc,Taiwan,Technology,13884642
Pan Ocean Co Ltd,South Korea,Industrials,6620095
Pan Pacific International Holdings Corp,Japan,Consumer Discretionary,311132236
Pan-International Industrial Corp,Taiwan,Technology,4117157
Panasonic Holdings Corp,Japan,Consumer Discretionary,240939443
Pandora A/S,Denmark,Consumer Discretionary,116082015
Pandox AB,Sweden,Real Estate,36791769
Panin Financial Tbk PT,Indonesia,Financials,2616183
Pantai Indah Kapuk Dua Tbk PT,Indonesia,Industrials,2662689
Pantech Group Holdings Bhd,Malaysia,Basic Materials,3198537
Papa John's International Inc,United States,Consumer Discretionary,1971892
Papoutsanis SA,Greece,Consumer Staples,1380311
Par Pacific Holdings Inc,United States,Energy,3964250
Parade Technologies Ltd,Taiwan,Technology,46211859
Paradise Co Ltd,South Korea,Consumer Discretionary,1358886
Paragon Banking Group PLC,United Kingdom,Financials,53366932
Paramount Bed Holdings Co Ltd,Japan,Health Care,10634559
Paramount Global,United States,Consumer Discretionary,36047211
Paramount Group Inc,United States,Real Estate,4017238
Park Hotels & Resorts Inc,United States,Real Estate,18656886
Park Systems Corp,South Korea,Industrials,43506550
Park24 Co Ltd,Japan,Industrials,47476848
Parker-Hannifin Corp,United States,Industrials,848165981
Parkin Co PJSC,United Arab Emirates,Industrials,47487860
Parkland Corp,Canada,Energy,48660176
Parkson Holdings Bhd,Malaysia,Consumer Discretionary,545077
Parkway Life Real Estate Investment Trust,Singapore,Real Estate,15894300
Parque Arauco SA,Chile,Real Estate,7088154
Parsons Corp,United States,Technology,57091599
Partner Communications Co Ltd,Israel,Telecommunications,595556
Partners Group Holding AG,Switzerland,Financials,391539383
Partron Co Ltd,South Korea,Technology,519810
Pasona Group Inc,Japan,Industrials,2251364
Patanjali Foods Ltd,India,Consumer Staples,20607577
Patrick Industries Inc,United States,Industrials,10794321
Patterson Cos Inc,United States,Health Care,24107048
Patterson-UTI Energy Inc,United States,Energy,49895822
PayPal Holdings Inc,United States,Industrials,612837479
PayPoint PLC,United Kingdom,Industrials,11639851
Paychex Inc,United States,Industrials,15573212
Paycom Software Inc,United States,Technology,6335957
Paycor HCM Inc,United States,Technology,10677182
Paylocity Holding Corp,United States,Industrials,6882043
Payoneer Global Inc,United States,Industrials,4860796
Paz Oil Co Ltd,Israel,Energy,5508549
Peab AB,Sweden,Industrials,29065736
Pearl Abyss Corp,South Korea,Consumer Discretionary,2872076
Pearson PLC,United Kingdom,Consumer Discretionary,17819095
Pebblebrook Hotel Trust,United States,Real Estate,2910009
Pecca Group Bhd,Malaysia,Consumer Discretionary,8386222
Pediatrix Medical Group Inc,United States,Health Care,4229963
Pegasus Hava Tasimaciligi AS,Türkiye,Consumer Discretionary,19812253
Pegasystems Inc,United States,Technology,31482319
Pegatron Corp,Taiwan,Technology,93294157
Pegavision Corp,Taiwan,Health Care,25313522
Peijia Medical Ltd,China,Health Care,142511
Peloton Interactive Inc,United States,Consumer Discretionary,357753
Pembangunan Jaya Ancol Tbk PT,Indonesia,Consumer Discretionary,370862
Pembina Pipeline Corp,Canada,Energy,128738912
Penn Entertainment Inc,United States,Consumer Discretionary,18148738
Pennon Group PLC,United Kingdom,Utilities,35486401
PennyMac Financial Services Inc,United States,Financials,34253525
PennyMac Mortgage Investment Trust,United States,Financials,8006749
Pensionbee Group PLC,United Kingdom,Financials,16739077
Penske Automotive Group Inc,United States,Consumer Discretionary,14914220
Penta-Ocean Construction Co Ltd,Japan,Industrials,22973076
Pentair PLC,United States,Industrials,24103438
Pentamaster Corp Bhd,Malaysia,Industrials,13522555
Pentamaster International Ltd,Malaysia,Industrials,354
Penumbra Inc,United States,Health Care,62055816
People & Technology Inc,South Korea,Industrials,2934149
People's Insurance Co Group of China Ltd/The,China,Financials,28012271
People's Leasing & Finance PLC,Sri Lanka,Financials,126933
PeopleIN Ltd,Australia,Industrials,1695309
Pepco Group NV,Poland,Consumer Discretionary,5214
Pepkor Holdings Ltd,South Africa,Consumer Discretionary,109508995
PepsiCo Inc,United States,Consumer Staples,2828201168
PeptiDream Inc,Japan,Health Care,43689363
Peptron Inc,South Korea,Health Care,1079211
Perdana Petroleum Bhd,Malaysia,Energy,1997398
Perenti Ltd,Australia,Basic Materials,11891036
Perfect World Co Ltd/China,China,Consumer Discretionary,973520
Perficient Inc,United States,Technology,30030578
Performance Food Group Co,United States,Consumer Staples,119753902
Performance Technologies IT Solutions,Greece,Technology,675203
Perion Network Ltd,Israel,Technology,6165355
Pernod Ricard SA,France,Consumer Staples,629903707
Perpetual Ltd,Australia,Financials,51940113
Perrigo Co PLC,United States,Health Care,55136244
Persimmon PLC,United Kingdom,Consumer Discretionary,156601119
Persistent Systems Ltd,India,Technology,53851599
Persol Holdings Co Ltd,Japan,Industrials,35217571
Pertamina Geothermal Energy PT,Indonesia,Utilities,10248287
Perusahaan Gas Negara Tbk PT,Indonesia,Utilities,1740553
Pet Center Comercio e Participacoes SA,Brazil,Consumer Discretionary,136718
PetIQ Inc,United States,Health Care,1314776
Petco Health & Wellness Co Inc,United States,Consumer Discretionary,288195
Petershill Partners PLC,United Kingdom,Financials,9662743
Petra Energy Bhd,Malaysia,Energy,2152442
PetroChina Co Ltd,China,Energy,257870433
PetroVietNam Ca Mau Fertilizer JSC,Vietnam,Basic Materials,10775748
PetroVietnam Drilling & Well Services JSC,Vietnam,Energy,9979089
PetroVietnam Gas JSC,Vietnam,Energy,258194
PetroVietnam Technical Services Corp,Vietnam,Energy,9543579
Petrofac Ltd,United Kingdom,Energy,0
Petroleo Brasileiro SA,Brazil,Energy,1158846583
Petronas Chemicals Group Bhd,Malaysia,Basic Materials,3940222
Petronas Dagangan Bhd,Malaysia,Energy,274238
Petronas Gas Bhd,Malaysia,Utilities,34537
Petronet LNG Ltd,India,Energy,32174985
Pets at Home Group Plc,United Kingdom,Consumer Discretionary,41110456
Peugeot Invest SA,France,Financials,10931971
Pfeiffer Vacuum Technology AG,Germany,Industrials,11168015
Pfizer Inc,United States,Health Care,2309671188
Pfizer Ltd,India,Health Care,9785306
Pharma Foods International Co Ltd,Japan,Health Care,497482
Pharma Mar SA,Spain,Health Care,4285360
PharmaEngine Inc,Taiwan,Health Care,1258618
PharmaEssentia Corp,Taiwan,Health Care,53131946
PharmaResearch Co Ltd,South Korea,Health Care,1616099
Pharmanutra SpA,Italy,Health Care,16808243
Pharmaron Beijing Co Ltd,China,Health Care,34010
Pharming Group NV,Netherlands,Health Care,4035426
Pharmosa Biopharm Inc,Taiwan,Health Care,2290261
Phihong Technology Co Ltd,Taiwan,Industrials,16986656
Phillips 66,United States,Energy,572863201
Phillips Edison & Co Inc,United States,Real Estate,48428594
Phinia Inc,United States,Consumer Discretionary,40945972
Phison Electronics Corp,Taiwan,Technology,108245858
Phoenix Group Holdings PLC,United Kingdom,Financials,53761981
Phoenix Holdings Ltd/The,Israel,Financials,11800263
Phoenix Mills Ltd/The,India,Real Estate,46503979
Phoenix Vega Mezz PLC,Greece,Financials,2996345
PhosAgro PJSC,Russia,Basic Materials,2600236
Photronics Inc,United States,Technology,964597
Phreesia Inc,United States,Health Care,4086152
Phu Nhuan Jewelry JSC,Vietnam,Consumer Discretionary,14477688
Phu Tai Corp,Vietnam,Consumer Discretionary,7620363
Piaggio & C SpA,Italy,Consumer Discretionary,2507078
Pick n Pay Stores Ltd,South Africa,Consumer Staples,13100297
Picton Property Income Ltd,United Kingdom,Real Estate,3160253
Pidilite Industries Ltd,India,Basic Materials,154609910
Piedmont Office Realty Trust Inc,United States,Real Estate,4051938
Pieno Zvaigzdes,Lithuania,Consumer Staples,1058460
Pierce Group AB,Sweden,Consumer Discretionary,949087
Pigeon Corp,Japan,Consumer Staples,9901812
Pilbara Minerals Ltd,Australia,Basic Materials,29439439
Pilgrim's Pride Corp,United States,Consumer Staples,1095887
Pilot Corp,Japan,Consumer Staples,16046740
Pinewood Technologies Group PLC,United Kingdom,Consumer Discretionary,5625245
Ping An Healthcare and Technology Co Ltd,China,Health Care,5093414
Ping An Insurance Group Co of China Ltd,China,Financials,290770142
Pinnacle Financial Partners Inc,United States,Financials,68938132
Pinnacle Investment Management Group Ltd,Australia,Financials,14284557
Pinnacle West Capital Corp,United States,Utilities,155062475
Pinterest Inc,United States,Technology,865744529
Piolax Inc,Japan,Consumer Discretionary,3143805
Pioneer Motor PCL,Thailand,Industrials,796097
Piovan SpA,Italy,Industrials,18900270
Piper Sandler Cos,United States,Financials,32765620
Piraeus Financial Holdings SA,Greece,Financials,88897851
Piramal Enterprises Ltd,India,Financials,12054685
Piramal Pharma Ltd,India,Health Care,8306036
Pirelli & C SpA,Italy,Consumer Discretionary,12451786
Pitney Bowes Inc,United States,Industrials,1681480
Pixart Imaging Inc,Taiwan,Technology,4448931
Plan B Media Pcl,Thailand,Consumer Discretionary,1272309
Planet Fitness Inc,United States,Consumer Discretionary,39169087
Planisware SA,France,Technology,1276133
Platinum Group PCL/The,Thailand,Real Estate,5685494
Platzer Fastigheter Holding AB,Sweden,Real Estate,3924975
PlayWay SA,Poland,Consumer Discretionary,8643188
Playtech Plc,United Kingdom,Consumer Discretionary,34348479
Playtika Holding Corp,United States,Consumer Discretionary,425
Plaza SA,Chile,Real Estate,26317620
Plexus Corp,United States,Technology,13907219
Plug Power Inc,United States,Energy,66874176
Plus Alpha Consulting Co Ltd,Japan,Technology,3173460
Plus500 Ltd,United Kingdom,Financials,38814050
Pluxee NV,France,Industrials,56776504
Plymouth Industrial REIT Inc,United States,Real Estate,1406804
Pod Point Group Holdings PLC,United Kingdom,Energy,447456
Poh Kong Holdings Bhd,Malaysia,Consumer Discretionary,2328387
PointsBet Holdings Ltd,Australia,Consumer Discretionary,23
Pola Orbis Holdings Inc,Japan,Consumer Discretionary,2748367
Polaris Group,Taiwan,Health Care,2085394
Polaris Inc,United States,Consumer Discretionary,6104499
Pole To Win Holdings Inc,Japan,Technology,358322
Polestar Automotive Holding UK PLC,United States,Consumer Discretionary,820929
Poltreg SA,Poland,Health Care,808448
Poly Developments and Holdings Group Co Ltd,China,Real Estate,23951356
Poly Medicure Ltd,India,Health Care,13447301
Poly Property Group Co Ltd,China,Real Estate,1821451
Poly Property Services Co Ltd,China,Real Estate,16549187
PolyNovo Ltd,Australia,Health Care,10432674
PolyPeptide Group AG,Switzerland,Health Care,4769319
Polycab India Ltd,India,Industrials,93544136
Pool Corp,United States,Consumer Discretionary,29581434
Poonawalla Fincorp Ltd,India,Financials,7530658
Poongsan Holdings Corp,South Korea,Basic Materials,10774929
Pop Mart International Group Ltd,China,Consumer Discretionary,40297865
Popular Inc,United States,Financials,77985533
Porr Ag,Austria,Industrials,2856842
Porsche Automobil Holding SE,Germany,Consumer Discretionary,122248362
Portland General Electric Co,United States,Utilities,35072050
Posco DX Co Ltd,South Korea,Technology,11082637
Posiflex Technology Inc,Taiwan,Technology,3036902
Post Holdings Inc,United States,Consumer Staples,62274139
PostNL NV,Netherlands,Industrials,4838228
Postal Savings Bank of China Co Ltd,China,Financials,58100310
Poste Italiane SpA,Italy,Financials,150607270
PotlatchDeltic Corp,United States,Real Estate,214340803
Pou Chen Corp,Taiwan,Consumer Discretionary,38620797
Power Assets Holdings Ltd,Hong Kong,Utilities,119511902
Power Corp of Canada,Canada,Financials,181248857
Power Finance Corp Ltd,India,Financials,104699310
Power Grid Corp of India Ltd,India,Utilities,192453709
Power Integrations Inc,United States,Technology,32742652
Power Root Bhd,Malaysia,Consumer Staples,3051141
PowerCell Sweden AB,Sweden,Industrials,5556080
PowerSchool Holdings Inc,United States,Consumer Discretionary,15772053
Powerchip Semiconductor Manufacturing Corp,Taiwan,Technology,283353
Powerlong Real Estate Holdings Ltd,Hong Kong,Real Estate,520
Powertech Technology Inc,Taiwan,Technology,59611847
Powerwell Holdings Bhd,Malaysia,Industrials,1729730
Powszechna Kasa Oszczednosci Bank Polski SA,Poland,Financials,314519410
Powszechny Zaklad Ubezpieczen SA,Poland,Financials,33501
Poya International Co Ltd,Taiwan,Consumer Discretionary,38134364
Pozavarovalnica Sava dd,Slovenia,Financials,4365075
Poznanska Korporacja Budowlana Pekabex SA,Poland,Industrials,2771756
Praemium Ltd,Australia,Financials,31631
Praj Industries Ltd,India,Industrials,10916656
Praram 9 Hospital PCL,Thailand,Health Care,2618169
Praxis Precision Medicines Inc,United States,Health Care,1323727
Precinct Properties Group,New Zealand,Real Estate,8990429
Precious Shipping PCL,Thailand,Industrials,7938835
Preformed Line Products Co,United States,Industrials,647608
Premier Foods PLC,United Kingdom,Consumer Staples,10208500
Premier Group Ltd,South Africa,Consumer Staples,416772
Premier Inc,United States,Health Care,26647710
Premier Investments Ltd,Australia,Consumer Discretionary,28173385
Premium Brands Holdings Corp,Canada,Consumer Staples,32313105
Premium Group Co Ltd,Japan,Financials,21996675
President Chain Store Corp,Taiwan,Consumer Staples,68253070
President Securities Corp,Taiwan,Financials,12061843
Press Kogyo Co Ltd,Japan,Consumer Discretionary,376828
Press Metal Aluminium Holdings Bhd,Malaysia,Basic Materials,71804916
Pressance Corp,Japan,Real Estate,2169064
Prestige Consumer Healthcare Inc,United States,Health Care,34754378
Prestige Estates Projects Ltd,India,Real Estate,34315302
Prestige International Inc,Japan,Industrials,13286330
PriceSmart Inc,United States,Consumer Discretionary,3142034
Prima Meat Packers Ltd,Japan,Consumer Staples,3839306
Primaris Real Estate Investment Trust,Canada,Real Estate,4776579
Primary Health Properties PLC,United Kingdom,Real Estate,28242307
Primax Electronics Ltd,Taiwan,Technology,17933178
Prime US REIT,Singapore,Real Estate,1001475
Primerica Inc,United States,Financials,1603303
Primo Water Corp,Canada,Consumer Staples,18641028
Primoris Services Corp,United States,Industrials,15143810
Prince Pipes & Fittings Ltd,India,Industrials,22237445
Principal Financial Group Inc,United States,Financials,250488104
Priortech Ltd,Israel,Technology,5589740
Privia Health Group Inc,United States,Health Care,21754911
Pro Medicus Ltd,Australia,Health Care,85050680
ProSiebenSat.1 Media SE,Germany,Consumer Discretionary,31944055
Procore Technologies Inc,United States,Technology,258131701
Procrea Holdings Inc,Japan,Financials,3004708
Procter & Gamble Co/The,United States,Consumer Staples,4924630437
Procter & Gamble Health Ltd,India,Consumer Staples,5214062
Prodways Group SA,France,Industrials,19728
Profile Systems & Software SA,Greece,Technology,4342953
Progress Software Corp,United States,Technology,11863515
Progressive Corp/The,United States,Financials,1587242344
Progyny Inc,United States,Health Care,5837413
Prolintas Infra Business Trust,Malaysia,Industrials,1365021
Prologis Inc,United States,Real Estate,960394594
Prologis Property Mexico SA de CV,Mexico,Real Estate,53029674
Promotora de Informaciones SA,Spain,Consumer Discretionary,882102
Promotora y Operadora de Infraestructura SAB de CV,Mexico,Industrials,159987899
Pronexus Inc,Japan,Industrials,845387
Propel Funeral Partners Ltd,Australia,Consumer Discretionary,18936106
Property & Building Corp Ltd,Israel,Real Estate,68889
Prosegur Cash SA,Spain,Industrials,1085188
Prosegur Cia de Seguridad SA,Spain,Industrials,2736089
Prosperity Bancshares Inc,United States,Financials,52517365
Prosperity REIT,Hong Kong,Real Estate,1454697
Prosus NV,Netherlands,Technology,2153670617
Prothena Corp PLC,United States,Health Care,1185851
Proto Corp,Japan,Consumer Discretionary,88266
Proto Labs Inc,United States,Industrials,4877562
Provident Financial Services Inc,United States,Financials,5494515
Proximus SADP,Belgium,Telecommunications,52892882
Proya Cosmetics Co Ltd,China,Consumer Discretionary,14364721
Prudential Financial Inc,United States,Financials,83755459
Prudential PLC,United Kingdom,Financials,842487653
Pruksa Holding PCL,Thailand,Real Estate,302925
Prysmian SpA,Italy,Industrials,269976427
Public Bank Bhd,Malaysia,Financials,96590464
Public Financial Holdings Ltd,Hong Kong,Financials,903158
Public Service Enterprise Group Inc,United States,Utilities,319536815
Public Storage,United States,Real Estate,853920667
Publicis Groupe SA,France,Consumer Discretionary,207964869
Puig Brands SA,Spain,Consumer Discretionary,279726750
Pulmonx Corp,United States,Health Care,958608
PulteGroup Inc,United States,Consumer Discretionary,402305510
Puma SE,Germany,Consumer Discretionary,102154005
Pumtech Korea Co Ltd,South Korea,Industrials,7990350
Punjab National Bank,India,Financials,38218313
Puradelta Lestari Tbk PT,Indonesia,Real Estate,5083249
Purcari Wineries PLC,Moldova,Consumer Staples,4089760
Pure Biologics SA,Poland,Health Care,133531
Pure Health Holding PJSC,United Arab Emirates,Health Care,13678441
Pure Storage Inc,United States,Technology,201746793
PureTech Health PLC,United Kingdom,Health Care,4299517
Puregold Price Club Inc,Philippines,Consumer Staples,536778
Pylon Technologies Co Ltd,China,Industrials,9597301
Q Technology Group Co Ltd,China,Consumer Discretionary,730871
Q2 Holdings Inc,United States,Technology,22243128
QB Net Holdings Co Ltd,Japan,Consumer Discretionary,1902681
QBE Insurance Group Ltd,Australia,Financials,259517289
QES Group Bhd,Malaysia,Industrials,4762757
QIAGEN NV,Germany,Health Care,176609703
QL Resources Bhd,Malaysia,Consumer Staples,6812173
QLM Life & Medical Insurance Co WLL,Qatar,Financials,9020021
QNA Technology SA,Poland,Health Care,433185
QRT Inc,South Korea,Industrials,1836181
QT Group Oyj,Finland,Technology,31423738
QUALCOMM Inc,United States,Technology,3583440210
Qantas Airways Ltd,Australia,Consumer Discretionary,90743526
Qatar Aluminum Manufacturing Co,Qatar,Basic Materials,6703395
Qatar Electricity & Water Co QSC,Qatar,Utilities,21791290
Qatar Fuel QSC,Qatar,Energy,29654729
Qatar Gas Transport Co Ltd,Qatar,Industrials,115136193
Qatar Islamic Bank QPSC,Qatar,Financials,28683994
Qatar National Bank QPSC,Qatar,Financials,439066725
Qatar Navigation QSC,Qatar,Industrials,37136570
Qifu Technology Inc,China,Financials,108902596
QinetiQ Group PLC,United Kingdom,Industrials,68298385
Qingdao Haier Biomedical Co Ltd,China,Health Care,955878
Qisda Corp,Taiwan,Technology,28880412
Qol Holdings Co Ltd,Japan,Consumer Staples,1171308
Qoria Ltd,Australia,Technology,10222556
Qorvo Inc,United States,Technology,142879124
Quadient SA,France,Technology,5833580
Quaker Chemical Corp,United States,Basic Materials,19461366
Qualicorp Consultoria e Corretora de Seguros SA,Brazil,Financials,86497
Qualitas Controladora SAB de CV,Mexico,Financials,10
Quality Houses PCL,Thailand,Real Estate,740319
Qualys Inc,United States,Technology,8345665
Quanta Computer Inc,Taiwan,Technology,316015549
Quanta Services Inc,United States,Industrials,434373207
Quanta Storage Inc,Taiwan,Technology,6347131
QuantumScape Corp,United States,Consumer Discretionary,12698279
Qube Holdings Ltd,Australia,Industrials,52604117
Quebecor Inc,Canada,Telecommunications,15221675
Quess Corp Ltd,India,Industrials,4480955
Quest Diagnostics Inc,United States,Health Care,173492252
Quest Holdings SA,Greece,Technology,13714411
QuidelOrtho Corp,United States,Health Care,20349077
Quilter PLC,United Kingdom,Financials,35618951
Quinenco SA,Chile,Financials,46607478
Qurate Retail Inc,United States,Consumer Discretionary,4063754
R Bio Co Ltd,South Korea,Health Care,0
R&B Food Supply PCL,Thailand,Consumer Staples,1553488
R1 RCM Inc,United States,Health Care,22934987
RAI Way SpA,Italy,Telecommunications,23732092
RAPT Therapeutics Inc,United States,Health Care,305915
RB Global Inc,Canada,Consumer Discretionary,174824610
RBC Bearings Inc,United States,Basic Materials,40812588
RBL Bank Ltd,India,Financials,13443348
RDC Semiconductor Co Ltd,Taiwan,Technology,3251152
RE/MAX Holdings Inc,United States,Real Estate,803520
REA Group Ltd,Australia,Real Estate,49815977
REC Ltd,India,Financials,89207118
REGENXBIO Inc,United States,Health Care,1726288
RELX PLC,United Kingdom,Consumer Discretionary,1875916040
REN - Redes Energeticas Nacionais SGPS SA,Portugal,Utilities,17829052
RENK Group AG,Germany,Industrials,28686702
RENOVA Inc,Japan,Utilities,952228
REVOLUTION Medicines Inc,United States,Health Care,82992585
RFHIC Corp,South Korea,Telecommunications,514093
RGT BHD,Malaysia,Industrials,1675697
RH,United States,Consumer Discretionary,25224741
RHB Bank Bhd,Malaysia,Financials,24379119
RHI Magnesita NV,United Kingdom,Basic Materials,14271351
RHT Health Trust,Singapore,Financials,171645
RLH Properties SAB de CV,Mexico,Consumer Discretionary,17924734
RLI Corp,United States,Financials,62780943
RLJ Lodging Trust,United States,Real Estate,9086752
RLX Technology Inc,China,Consumer Staples,38516450
RM PLC,United Kingdom,Consumer Discretionary,2647253
ROBLOX Corp,United States,Consumer Discretionary,164835760
ROCKWOOL A/S,Denmark,Industrials,71989854
RPM International Inc,United States,Industrials,164130271
RPMGlobal Holdings Ltd,Australia,Technology,22330476
RR Kabel Ltd,India,Industrials,82992956
RS GROUP PLC,United Kingdom,Industrials,78487884
RS Technologies Co Ltd,Japan,Technology,10842037
RTL Group SA,Germany,Consumer Discretionary,19199523
RTX Corp,United States,Industrials,971379965
RXO Inc,United States,Industrials,25941375
RYODEN CORP,Japan,Industrials,980367
Racing Force SpA,Italy,Consumer Discretionary,2438827
RadNet Inc,United States,Health Care,1826520
Radian Group Inc,United States,Financials,67305811
Radiant Opto-Electronics Corp,Taiwan,Technology,49065655
Radico Khaitan Ltd,India,Consumer Staples,18557163
Radium Life Tech Co Ltd,Taiwan,Real Estate,1477398
Rafako SA,Poland,Industrials,363077
Raffles Medical Group Ltd,Singapore,Health Care,11209930
Raia Drogasil SA,Brazil,Consumer Staples,11684979
Raiffeisen Bank International AG,Austria,Financials,52699118
Rail Vikas Nigam Ltd,India,Industrials,33445409
Rain Industries Ltd,India,Basic Materials,2892520
Rainbow Children's Medicare Ltd,India,Health Care,8031409
Rainbow Robotics,South Korea,Industrials,87485
Raito Kogyo Co Ltd,Japan,Industrials,16259792
Raizen SA,Brazil,Energy,1148197
Raiznext Corp,Japan,Industrials,2833378
Rajesh Exports Ltd,India,Consumer Discretionary,5166868
Rajthanee Hospital PCL,Thailand,Health Care,2908894
Raksul Inc,Japan,Industrials,2490859
Rakus Co Ltd,Japan,Technology,19674175
Rakuten Bank Ltd,Japan,Financials,58712725
Rakuten Group Inc,Japan,Technology,64500304
Rallis India Ltd,India,Basic Materials,3369532
Ralph Lauren Corp,United States,Consumer Discretionary,17493921
Rambus Inc,United States,Technology,75596620
Ramco Cements Ltd/The,India,Industrials,12328242
Ramelius Resources Ltd,Australia,Basic Materials,18919187
Rami Levy Chain Stores Hashikma Marketing 2006 Ltd,Israel,Consumer Staples,3460782
Ramkrishna Forgings Ltd,India,Basic Materials,8422850
Ramsay Health Care Ltd,Australia,Health Care,59242534
Randstad NV,Netherlands,Industrials,65242719
Ranhill Utilities Bhd,Malaysia,Utilities,931033
Rank Group PLC,United Kingdom,Consumer Discretionary,920202
Rapid7 Inc,United States,Technology,35914533
Rapport Therapeutics Inc,United States,Health Care,1628200
Ras Al Khaimah Ceramics,United Arab Emirates,Industrials,4194333
Ratchthani Leasing PCL,Thailand,Financials,2918403
Rathbones Group PLC,United Kingdom,Financials,29475919
Rational AG,Germany,Industrials,87613317
Ratnamani Metals & Tubes Ltd,India,Basic Materials,12157261
Ratos AB,Sweden,Financials,7432251
Raubex Group Ltd,South Africa,Industrials,6383025
Raven Property Group Ltd,United Kingdom,Real Estate,32466
Ray Co Ltd/KR,South Korea,Health Care,3673093
Raydium Semiconductor Corp,Taiwan,Technology,15012715
Raymond James Financial Inc,United States,Financials,275909510
Raymond Ltd,India,Basic Materials,33413522
Rayonier Inc,United States,Real Estate,382301915
Raysum Co Ltd,Japan,Real Estate,2117121
ReNew Energy Global PLC,India,Utilities,3752649
Reach PLC,United Kingdom,Consumer Discretionary,3727831
ReadyTech Holdings Ltd,Australia,Technology,4691287
RealReal Inc/The,United States,Consumer Discretionary,3339688
Realord Group Holdings Ltd,Hong Kong,Utilities,689
Realtek Semiconductor Corp,Taiwan,Technology,120540607
Realty Income Corp,United States,Real Estate,649880008
Rechi Precision Co Ltd,Taiwan,Industrials,2030512
Reckitt Benckiser Group PLC,United Kingdom,Consumer Staples,824866580
Record PLC,United Kingdom,Financials,3478803
Recordati Industria Chimica e Farmaceutica SpA,Italy,Health Care,77777694
Recruit Holdings Co Ltd,Japan,Industrials,1351263569
Recticel SA,Belgium,Industrials,2379006
Recursion Pharmaceuticals Inc,United States,Health Care,14604712
Red 5 Ltd,Australia,Basic Materials,23506329
Red Rock Resorts Inc,United States,Consumer Discretionary,8766828
Red Star Macalline Group Corp Ltd,China,Consumer Discretionary,303
Redcare Pharmacy NV,Germany,Consumer Staples,55051517
Redco Properties Group Ltd,China,Real Estate,9
Reddit Inc,United States,Technology,27660345
Rede D'Or Sao Luiz SA,Brazil,Health Care,73629239
Redefine Properties Ltd,South Africa,Real Estate,1703125
Redeia Corp SA,Spain,Utilities,55083004
Redington Ltd,India,Technology,21461428
Redox Ltd/Australia,Australia,Industrials,2772272
Redrow PLC,United Kingdom,Consumer Discretionary,56597661
Redwood Trust Inc,United States,Financials,6300752
Reece Ltd,Australia,Industrials,57581261
Regal Partners Ltd,Australia,Financials,2974008
Regal Rexnord Corp,United States,Industrials,227876530
Regency Centers Corp,United States,Real Estate,1057887399
Regeneron Pharmaceuticals Inc,United States,Health Care,1156995896
Region RE Ltd,Australia,Real Estate,18036716
Regional SAB de CV,Mexico,Financials,34514000
Regions Financial Corp,United States,Financials,223823213
Regis Healthcare Ltd,Australia,Health Care,2124381
Regis Resources Ltd,Australia,Basic Materials,16945468
Reinet Investments SCA,South Africa,Financials,36860934
Reinsurance Group of America Inc,United States,Financials,166617248
Reit 1 Ltd,Israel,Real Estate,1024895
Relatech SpA,Italy,Technology,901326
Relaxo Footwears Ltd,India,Consumer Discretionary,4055588
Relay Therapeutics Inc,United States,Health Care,21642110
Reliance Inc,United States,Basic Materials,204999396
Reliance Industries Ltd,India,Energy,2080846033
Reliance Worldwide Corp Ltd,Australia,Industrials,41686540
Relo Group Inc,Japan,Real Estate,41954857
Relpol SA,Poland,Industrials,15649
Remed Co Ltd,South Korea,Health Care,1780323
Remegen Co Ltd,China,Health Care,34132340
Remgro Ltd,South Africa,Financials,22377131
Remitly Global Inc,United States,Industrials,22680435
Remy Cointreau SA,France,Consumer Staples,42284504
RenaissanceRe Holdings Ltd,United States,Financials,153112843
Renasant Corp,United States,Financials,9009147
Renascor Resources Ltd,Australia,Basic Materials,10285
Renata PLC,Bangladesh,Health Care,6044731
Renault SA,France,Consumer Discretionary,222279603
Renesas Electronics Corp,Japan,Technology,547557621
Rengo Co Ltd,Japan,Industrials,27508454
Renishaw PLC,United Kingdom,Industrials,29803629
Rentokil Initial PLC,United Kingdom,Industrials,326765571
Repligen Corp,United States,Health Care,34747431
Replimune Group Inc,United States,Health Care,4139100
Reply SpA,Italy,Technology,109162809
Repsol SA,Spain,Energy,837357586
Republic Bancorp Inc/KY,United States,Financials,2059482
Republic Services Inc,United States,Utilities,467023896
ResMed Inc,United States,Health Care,104908415
Resideo Technologies Inc,United States,Industrials,33181623
Resilient REIT Ltd,South Africa,Real Estate,575924
Resona Holdings Inc,Japan,Financials,307748085
Resonac Holdings Corp,Japan,Basic Materials,72015947
Resorttrust Inc,Japan,Consumer Discretionary,20971555
Restar Corp,Japan,Technology,4582281
Restaurant Brands Asia Ltd,India,Consumer Discretionary,1199441
Restaurant Brands International Inc,Canada,Consumer Discretionary,227207359
Resurs Holding AB,Sweden,Financials,3786042
Retail Estates NV,Belgium,Real Estate,8287922
Retail Opportunity Investments Corp,United States,Real Estate,7905604
Retail Partners Co Ltd,Japan,Consumer Staples,935663
Retailors Ltd,Israel,Consumer Discretionary,11916176
Reunert Ltd,South Africa,Industrials,3952181
Revance Therapeutics Inc,United States,Health Care,413770
Revenio Group Oyj,Finland,Health Care,5901256
Revvity Inc,United States,Health Care,116484046
Reway Group SpA,Italy,Industrials,2440375
Rexel SA,France,Industrials,408415866
Rexford Industrial Realty Inc,United States,Real Estate,115474991
Rexon Industrial Corp Ltd,Taiwan,Consumer Discretionary,1257889
Reynolds Consumer Products Inc,United States,Consumer Staples,18085992
Rheinmetall AG,Germany,Industrials,514681502
Rheon Automatic Machinery Co Ltd,Japan,Industrials,921696
Rhi Magnesita India Ltd,India,Industrials,5455112
Rhythm Pharmaceuticals Inc,United States,Health Care,1775352
Rich Development Co Ltd,Taiwan,Real Estate,1880462
RichWave Technology Corp,Taiwan,Technology,4112239
Richter Gedeon Nyrt,Hungary,Health Care,86725782
Ricoh Co Ltd,Japan,Technology,34216688
Ricoh Leasing Co Ltd,Japan,Financials,4200174
Ridley Corp Ltd,Australia,Consumer Staples,1987049
Rieter Holding AG,Switzerland,Industrials,4039717
Rightmove PLC,United Kingdom,Real Estate,124909601
Riken Keiki Co Ltd,Japan,Industrials,14113888
Riken Technos Corp,Japan,Industrials,1455132
Riken Vitamin Co Ltd,Japan,Consumer Staples,3023360
RingCentral Inc,United States,Technology,29441477
Ringer Hut Co Ltd,Japan,Consumer Discretionary,1417
Ringkjoebing Landbobank A/S,Denmark,Financials,106957065
Rinnai Corp,Japan,Consumer Discretionary,41440980
Rio Tinto Ltd,Australia,Basic Materials,18355111
Rio Tinto PLC,United Kingdom,Basic Materials,2360837622
RioCan Real Estate Investment Trust,Canada,Real Estate,45697611
Riso Kagaku Corp,Japan,Technology,4510205
Riso Kyoiku Co Ltd,Japan,Consumer Discretionary,382261
Ritek Corp,Taiwan,Technology,823
Rithm Capital Corp,United States,Financials,67039277
Riverstone Holdings Ltd,Singapore,Health Care,6907058
Rivian Automotive Inc,United States,Consumer Discretionary,86443481
Rizzoli Corriere Della Sera Mediagroup SpA,Italy,Consumer Discretionary,539515
Robert Half Inc,United States,Industrials,62486835
Robert Walters PLC,United Kingdom,Industrials,688244
Robertet SA,France,Basic Materials,1637409
Robinhood Markets Inc,United States,Financials,200040422
Robinsons Land Corp,Philippines,Real Estate,6481522
Robinsons Retail Holdings Inc,Philippines,Consumer Staples,918109
Roche Holding AG,Switzerland,Health Care,5449746584
Rock Field Co Ltd,Japan,Consumer Staples,728057
Rocket Internet SE,Germany,Financials,9062936
Rocket Pharmaceuticals Inc,United States,Health Care,11888715
Rockwell Automation Inc,United States,Industrials,269507654
Rogers Corp,United States,Technology,157806727
Rohm Co Ltd,Japan,Technology,32462301
Rohto Pharmaceutical Co Ltd,Japan,Health Care,75494308
Roivant Sciences Ltd,United States,Health Care,44825013
Rojukiss International PCL,Thailand,Consumer Discretionary,9638
Rokko Butter Co Ltd,Japan,Consumer Staples,809479
Roku Inc,United States,Telecommunications,59081092
Roland Corp,Japan,Consumer Discretionary,1994085
Roland DG Corp,Japan,Technology,1262134
Rollins Inc,United States,Consumer Discretionary,164493289
Rolls-Royce Holdings PLC,United Kingdom,Industrials,1108220853
Roper Technologies Inc,United States,Technology,856790819
Rorze Corp,Japan,Technology,28459733
Ros Agro PLC,Russia,Consumer Staples,306106
Ross Stores Inc,United States,Consumer Discretionary,582705735
Rosseti Centre PJSC,Russia,Utilities,469881
Rosseti Moscow Region PJSC,Russia,Utilities,72089
Rosseti South PJSC,Russia,Utilities,78201
Rosseti Volga PJSC,Russia,Utilities,30049
Rostelecom PJSC,Russia,Telecommunications,435773
Rotork PLC,United Kingdom,Industrials,67891849
Round One Corp,Japan,Consumer Discretionary,44519450
Route Mobile Ltd,India,Technology,6489828
Royal Bank of Canada,Canada,Financials,2082192414
Royal Caribbean Cruises Ltd,United States,Consumer Discretionary,468453966
Royal Gold Inc,United States,Basic Materials,52542543
Royal Holdings Co Ltd,Japan,Consumer Discretionary,2777602
Royal Unibrew A/S,Denmark,Consumer Staples,102261685
Royalty Pharma PLC,United States,Health Care,124250192
Rubis SCA,France,Consumer Discretionary,41857817
Rubrik Inc,United States,Technology,101002809
Ruentex Development Co Ltd,Taiwan,Real Estate,24788048
Ruentex Industries Ltd,Taiwan,Basic Materials,20682340
Rukun Raharja Tbk PT,Indonesia,Utilities,3526330
Rumble Inc,United States,Technology,1910915
Rumo SA,Brazil,Industrials,106972494
Run Long Construction Co Ltd,Taiwan,Industrials,20456437
Rural Funds Group,Australia,Real Estate,4355230
RusHydro PJSC,Russia,Utilities,0
Rush Enterprises Inc,United States,Consumer Discretionary,12865939
Rush Street Interactive Inc,United States,Consumer Discretionary,5213124
Russel Metals Inc,Canada,Basic Materials,8953952
Rvrc Holding AB,Sweden,Consumer Discretionary,7538921
Ryan Specialty Holdings Inc,United States,Financials,47525810
Ryanair Holdings PLC,Ireland,Consumer Discretionary,262746646
Ryder System Inc,United States,Industrials,52551754
Ryman Healthcare Ltd,New Zealand,Health Care,27673469
Ryman Hospitality Properties Inc,United States,Real Estate,45938895
Ryobi Ltd,Japan,Consumer Discretionary,3497986
Ryohin Keikaku Co Ltd,Japan,Consumer Discretionary,119336172
Ryoyo Ryosan Holdings Inc,Japan,Technology,6741080
Ryvu Therapeutics SA,Poland,Health Care,5945017
S Foods Inc,Japan,Consumer Staples,8196272
S&P Global Inc,United States,Financials,1764989250
S&S Tech Corp,South Korea,Technology,1200392
S&T Bancorp Inc,United States,Financials,6330343
S-1 Corp,South Korea,Industrials,10638800
S-Oil Corp,South Korea,Energy,32706511
S4 Capital PLC,United Kingdom,Consumer Discretionary,2236415
SAES Getters SpA,Italy,Industrials,12458326
SAF-Holland SE,Germany,Consumer Discretionary,11495912
SAMART Aviation Solutions PCL,Thailand,Industrials,6683058
SAMG Entertainment Co Ltd,South Korea,Consumer Discretionary,1181125
SAMT Co Ltd,South Korea,Technology,3156281
SAMTY HOLDINGS Co Ltd /Japan,Japan,Real Estate,4169069
SAP SE,Germany,Technology,6536126712
SATS Ltd,Singapore,Consumer Discretionary,33084022
SBA Communications Corp,United States,Real Estate,256860513
SBI ARUHI Corp,Japan,Financials,539808
SBI Cards & Payment Services Ltd,India,Financials,73292457
SBI Holdings Inc,Japan,Financials,152206001
SBI Life Insurance Co Ltd,India,Financials,76897360
SBI Shinsei Bank Ltd,Japan,Financials,1
SBI Sumishin Net Bank Ltd,Japan,Financials,21080754
SBM Offshore NV,Netherlands,Energy,55827943
SBS Holdings Inc,Japan,Industrials,11087530
SCB X PCL,Thailand,Financials,80701439
SCG Decor PCL,Thailand,Industrials,75688
SCG Packaging PCL,Thailand,Industrials,11104926
SCOR SE,France,Financials,181759737
SCREEN Holdings Co Ltd,Japan,Technology,65887115
SCSK Corp,Japan,Technology,53955512
SD Biosensor Inc,South Korea,Health Care,693429
SDI Corp,Taiwan,Technology,9152652
SDIC Capital Co Ltd,China,Financials,1238212
SDS Optic SA,Poland,Health Care,681106
SEB SA,France,Consumer Discretionary,61212157
SEEK Ltd,Australia,Industrials,55674805
SEI Investments Co,United States,Financials,7686725
SENG FONG HOLDINGS BHD,Malaysia,Basic Materials,4154743
SES SA,France,Telecommunications,42765369
SF Holding Co Ltd,China,Industrials,303788913
SFA Engineering Corp,South Korea,Industrials,7734016
SFA Semicon Co Ltd,South Korea,Technology,829960
SFL Corp Ltd,United States,Industrials,3342304
SFP Tech Holdings Bhd,Malaysia,Industrials,1913786
SFS Group AG,Switzerland,Industrials,56251405
SG Fleet Group Ltd,Australia,Consumer Discretionary,2726603
SG Holdings Co Ltd,Japan,Industrials,57333372
SG Micro Corp,China,Technology,13650590
SGL Carbon SE,Germany,Basic Materials,14251497
SGS SA,Switzerland,Industrials,296277409
SH Kelkar & Co Ltd,India,Basic Materials,1080842
SHIFT Inc,Japan,Technology,14099348
SHO-BOND Holdings Co Ltd,Japan,Industrials,24568234
SIA Engineering Co Ltd,Singapore,Industrials,6713749
SICC Co Ltd,China,Technology,362624
SIG Group AG,Switzerland,Industrials,283970075
SIG PLC,United Kingdom,Industrials,872293
SIGMAXYZ Holdings Inc,Japan,Industrials,1713307
SIMMTECH Co Ltd,South Korea,Technology,1361880
SIMPAR SA,Brazil,Industrials,1553194
SISB PCL,Thailand,Consumer Discretionary,9846720
SITC International Holdings Co Ltd,Hong Kong,Industrials,60213387
SITE Centers Corp,United States,Real Estate,46893580
SJM Holdings Ltd,Hong Kong,Consumer Discretionary,848
SJVN Ltd,India,Utilities,13171579
SJW Group,United States,Utilities,6639076
SK Biopharmaceuticals Co Ltd,South Korea,Health Care,32979595
SK Bioscience Co Ltd,South Korea,Health Care,36684
SK Chemicals Co Ltd,South Korea,Basic Materials,7629287
SK Discovery Co Ltd,South Korea,Basic Materials,858417
SK Gas Ltd,South Korea,Utilities,28732607
SK Hynix Inc,South Korea,Technology,2365239441
SK IE Technology Co Ltd,South Korea,Industrials,137730
SK Inc,South Korea,Energy,66017845
SK Innovation Co Ltd,South Korea,Energy,82843297
SK Networks Co Ltd,South Korea,Telecommunications,920395
SK REITs Co Ltd,South Korea,Real Estate,909407
SK Securities Co Ltd,South Korea,Financials,332414
SK Square Co Ltd,South Korea,Financials,468971282
SK Telecom Co Ltd,South Korea,Telecommunications,134232336
SK oceanplant Co Ltd,South Korea,Industrials,774848
SKAN Group AG,Switzerland,Industrials,23338614
SKC Co Ltd,South Korea,Basic Materials,4954502
SKF AB,Sweden,Basic Materials,147933826
SKF India Ltd,India,Industrials,19499720
SKP Resources Bhd,Malaysia,Industrials,9205119
SKY Network Television Ltd,New Zealand,Telecommunications,1014680
SKY Perfect JSAT Holdings Inc,Japan,Telecommunications,7097354
SKYCITY Entertainment Group Ltd,New Zealand,Consumer Discretionary,7363692
SL Green Realty Corp,United States,Real Estate,12837796
SLM Corp,United States,Financials,65045403
SLP Resources Bhd,Malaysia,Industrials,1643599
SM Entertainment Co Ltd,South Korea,Consumer Discretionary,37311684
SM Investments Corp,Philippines,Consumer Discretionary,65964449
SM Prime Holdings Inc,Philippines,Real Estate,33063375
SMA Solar Technology AG,Germany,Energy,3060325
SMC Corp,Japan,Industrials,389351572
SMS Co Ltd,Japan,Industrials,11149694
SMU SA,Chile,Consumer Staples,11578
SNS Network Technology Bhd,Malaysia,Technology,5201410
SNT Dynamics Co Ltd,South Korea,Consumer Discretionary,12062495
SNT Motiv Co Ltd,South Korea,Consumer Discretionary,10935568
SOHO China Ltd,China,Real Estate,766938
SOITEC,France,Technology,66146237
SOL SpA,Italy,Basic Materials,37199397
SOLUM Co Ltd,South Korea,Technology,17005855
SOOP Co Ltd,South Korea,Technology,4709441
SOSiLA Logistics REIT Inc,Japan,Real Estate,5555739
SP Setia Bhd Group,Malaysia,Real Estate,18697601
SPAR Group Ltd/The,South Africa,Consumer Staples,15240455
SPCG PCL,Thailand,Utilities,677103
SPIE SA,France,Industrials,120724763
SPS Commerce Inc,United States,Technology,79675223
SPX Technologies Inc,United States,Industrials,78998285
SRA Holdings,Japan,Technology,810853
SRE Holdings Corp,Japan,Real Estate,859381
SRF Ltd,India,Basic Materials,155384535
SRG Global Ltd,Australia,Industrials,8721675
SS&C Technologies Holdings Inc,United States,Technology,171257682
SSAB AB,Sweden,Basic Materials,154063640
SSANGYONG C&E Co Ltd,South Korea,Industrials,543854
SSE PLC,United Kingdom,Utilities,649142263
SSI Securities Corp,Vietnam,Financials,18185479
SSP Group Plc,United Kingdom,Consumer Discretionary,37293499
SSR Mining Inc,Canada,Basic Materials,4421875
SSY Group Ltd,China,Health Care,11986485
ST Corp,Japan,Consumer Discretionary,801853
ST Pharm Co Ltd,South Korea,Health Care,12016837
STAAR Surgical Co,United States,Health Care,46467
STAG Industrial Inc,United States,Real Estate,73607223
STARK Corp PCL,Thailand,Industrials,13296
STERIS PLC,United States,Health Care,248402265
STMicroelectronics NV,France,Technology,696854807
STO Express Co Ltd,China,Industrials,5671288
STRATEC SE,Germany,Health Care,2957135
SUESS MicroTec SE,Germany,Technology,23234925
SUMCO Corp,Japan,Technology,72083176
SUNeVision Holdings Ltd,Hong Kong,Technology,325
SUPCON Technology Co Ltd,China,Industrials,46379548
SWCC Corp,Japan,Industrials,16128870
Sa Sa International Holdings Ltd,Hong Kong,Consumer Discretionary,2668843
Saab AB,Sweden,Industrials,76081172
Sabaf SpA,Italy,Technology,3526058
Sabana Industrial Real Estate Investment Trust,Singapore,Real Estate,124
Sabra Health Care REIT Inc,United States,Real Estate,42804931
Sabre Corp,United States,Consumer Discretionary,7317538
Sacyr SA,Spain,Industrials,68054769
Safari Industries India Ltd,India,Consumer Discretionary,5636964
Safaricom PLC,Kenya,Telecommunications,43217462
Safe Fertility Group PCL,Thailand,Health Care,1178022
Safehold Inc,United States,Financials,7058925
Safestore Holdings PLC,United Kingdom,Real Estate,38567737
Safety Insurance Group Inc,United States,Financials,2010879
Safilo Group SpA,Italy,Consumer Discretionary,11459794
Saga PLC,United Kingdom,Consumer Discretionary,5384144
Sagami Holdings Corp,Japan,Consumer Discretionary,259960
Sagax AB,Sweden,Real Estate,115344458
Sage Group PLC/The,United Kingdom,Technology,183159626
Sage Therapeutics Inc,United States,Health Care,11
Saia Inc,United States,Industrials,246627006
Saibu Gas Holdings Co Ltd,Japan,Utilities,2675412
Saigon Beer Alcohol Beverage Corp,Vietnam,Consumer Staples,1767838
Saigon Thuong Tin Commercial JSB,Vietnam,Financials,24865130
Saipem SpA,Italy,Energy,165423282
Saizeriya Co Ltd,Japan,Consumer Discretionary,24449399
Sakai Chemical Industry Co Ltd,Japan,Basic Materials,1115147
Sakai Moving Service Co Ltd,Japan,Industrials,2537546
Sakata INX Corp,Japan,Basic Materials,9683912
Sakata Seed Corp,Japan,Consumer Staples,5486172
Sakura Development Co Ltd,Taiwan,Real Estate,12697563
Sakura Internet Inc,Japan,Technology,4400103
Sala Corp,Japan,Industrials,1041547
Salcef Group SpA,Italy,Industrials,20672162
Salesforce Inc,United States,Technology,2572606875
Salfacorp SA,Chile,Industrials,13840409
Salik Co PJSC,United Arab Emirates,Industrials,130001876
Sally Beauty Holdings Inc,United States,Consumer Discretionary,3232981
Salvatore Ferragamo SpA,Italy,Consumer Discretionary,8342170
Salzgitter AG,Germany,Basic Materials,17415357
Sam Chun Dang Pharm Co Ltd,South Korea,Health Care,3943587
Sam Engineering & Equipment M Bhd,Malaysia,Industrials,30293362
Sam-A Aluminum Co Ltd,South Korea,Basic Materials,199999
Samart Corp PCL,Thailand,Telecommunications,595512
Samart Telcoms PCL,Thailand,Telecommunications,199033
Sambu Engineering & Construction Co Ltd,South Korea,Industrials,189882
Sampath Bank PLC,Sri Lanka,Financials,2484981
Sampo Corp,Taiwan,Consumer Discretionary,2302743
Sampo Oyj,Finland,Financials,449774488
Samsara Inc,United States,Technology,10738168
Samsonite International SA,Hong Kong,Consumer Discretionary,165133780
Samsung Biologics Co Ltd,South Korea,Health Care,76571368
Samsung C&T Corp,South Korea,Industrials,143824629
Samsung Card Co Ltd,South Korea,Financials,2146804
Samsung E&A Co Ltd,South Korea,Industrials,27857931
Samsung Electro-Mechanics Co Ltd,South Korea,Technology,95580555
Samsung Electronics Co Ltd,South Korea,Telecommunications,7385257856
Samsung Fire & Marine Insurance Co Ltd,South Korea,Financials,157241993
Samsung Heavy Industries Co Ltd,South Korea,Industrials,32304778
Samsung Life Insurance Co Ltd,South Korea,Financials,76454247
Samsung Pharmaceutical Co Ltd,South Korea,Health Care,428251
Samsung SDI Co Ltd,South Korea,Industrials,297974709
Samsung SDS Co Ltd,South Korea,Technology,103490233
Samsung Securities Co Ltd,South Korea,Financials,31411706
Samty Residential Investment Corp,Japan,Real Estate,2785375
Samvardhana Motherson International Ltd,India,Consumer Discretionary,98124331
Samwha Capacitor Co Ltd,South Korea,Industrials,547266
Samyang Corp,South Korea,Consumer Staples,419119
Samyang Foods Co Ltd,South Korea,Consumer Staples,17173840
Samyang Holdings Corp,South Korea,Industrials,564845
Samyang Packaging Corp,South Korea,Industrials,4932970
San Miguel Food and Beverage Inc,Philippines,Consumer Staples,3916069
San ju San Financial Group Inc,Japan,Financials,2795714
San-A Co Ltd,Japan,Consumer Staples,6278752
San-Ai Obbli Co Ltd,Japan,Energy,5827597
San-In Godo Bank Ltd/The,Japan,Financials,12426238
Sana Biotechnology Inc,United States,Health Care,1362931
Sancy Bhd,Malaysia,Health Care,1491256
Sandfire Resources Ltd,Australia,Basic Materials,43239055
Sandoz Group AG,Switzerland,Health Care,353124543
Sands China Ltd,Hong Kong,Consumer Discretionary,157172278
Sandvik AB,Sweden,Industrials,488060549
Sandy Spring Bancorp Inc,United States,Financials,4796776
Sangetsu Corp,Japan,Consumer Discretionary,8298470
Sangsangin Co Ltd,South Korea,Financials,338214
Sanken Electric Co Ltd,Japan,Technology,13902178
Sanki Engineering Co Ltd,Japan,Industrials,5436984
Sankyo Co Ltd,Japan,Consumer Discretionary,31762798
Sankyo Seiko Co Ltd,Japan,Consumer Discretionary,982045
Sankyo Tateyama Inc,Japan,Industrials,790688
Sankyu Inc,Japan,Industrials,30380922
Sanlam Ltd,South Africa,Financials,174964945
Sanlorenzo SpA/Ameglia,Italy,Consumer Discretionary,5958787
Sanmina Corp,United States,Technology,43695254
Sanofi Consumer Healthcare India Ltd,India,Health Care,2889627
Sanofi India Ltd,India,Health Care,6659679
Sanofi SA,France,Health Care,2341345306
Sanoh Industrial Co Ltd,Japan,Consumer Discretionary,99715
Sanoma Oyj,Finland,Consumer Discretionary,12649218
Sanrio Co Ltd,Japan,Consumer Discretionary,50265406
Sansan Inc,Japan,Technology,19376646
Sanshin Electronics Co Ltd,Japan,Technology,708360
Sansiri PCL,Thailand,Real Estate,1094965
Santam Ltd,South Africa,Financials,8936124
Santander Bank Polska SA,Poland,Financials,7268683
Santec Holdings Corp,Japan,Industrials,3966878
Santen Pharmaceutical Co Ltd,Japan,Health Care,74613422
Santos Brasil Participacoes SA,Brazil,Industrials,1249400
Sanwa Holdings Corp,Japan,Industrials,44131644
Sanxun Holdings Group Ltd,China,Real Estate,208704
Sany Heavy Equipment International Holdings Co Ltd,China,Industrials,6321349
Sany Heavy Industry Co Ltd,China,Industrials,723203
Sanyang Motor Co Ltd,Taiwan,Consumer Discretionary,26618418
Sanyo Chemical Industries Ltd,Japan,Basic Materials,2672868
Sanyo Denki Co Ltd,Japan,Industrials,14404453
Sanyo Electric Railway Co Ltd,Japan,Industrials,1362387
Sanyo Special Steel Co Ltd,Japan,Basic Materials,2813773
Sao Carlos Empreendimentos e Participacoes SA,Brazil,Real Estate,4511874
Sapiens International Corp NV,Israel,Technology,1527018
Sapphire Foods India Ltd,India,Consumer Discretionary,3899760
Sappi Ltd,South Africa,Basic Materials,39426868
Sapporo Holdings Ltd,Japan,Consumer Staples,31255931
Sapura Energy Bhd,Malaysia,Energy,112586
Saputo Inc,Canada,Consumer Staples,68139804
Saramin Co Ltd,South Korea,Industrials,4150862
Sarana Menara Nusantara Tbk PT,Indonesia,Telecommunications,485778
Sarantis SA,Greece,Consumer Staples,2948127
Saras SpA,Italy,Energy,15910177
Saratovskiy Neftepererabatyvayuschiy Zavod PJSC,Russia,Energy,19470
Saregama India Ltd,India,Consumer Discretionary,7
Sarepta Therapeutics Inc,United States,Health Care,171184626
Sarimelati Kencana PT,Indonesia,Consumer Discretionary,600916
Sartorius AG,Germany,Health Care,113166827
Sartorius Stedim Biotech,France,Health Care,83851942
Satellite Chemical Co Ltd,China,Basic Materials,108969193
Sato Holdings Corp,Japan,Technology,2462991
Saul Centers Inc,United States,Real Estate,3565881
Savills PLC,United Kingdom,Real Estate,34988406
Savior Lifetec Corp,Taiwan,Health Care,1332815
Sawai Group Holdings Co Ltd,Japan,Health Care,26956775
Sberbank of Russia PJSC,Russia,Financials,38334914
Scales Corp Ltd,New Zealand,Consumer Staples,5340456
ScanSource Inc,United States,Technology,5972501
Scandic Hotels Group AB,Sweden,Consumer Discretionary,41159970
Scanway SA,Poland,Industrials,255594
Scentre Group,Australia,Real Estate,187242116
Schaeffler AG,Germany,Consumer Discretionary,31475154
Schaeffler India Ltd,India,Consumer Discretionary,26086265
Schindler Holding AG,Switzerland,Industrials,305758567
Schlumberger NV,United States,Energy,957566978
Schneider Electric SE,France,Industrials,3279467701
Schneider National Inc,United States,Industrials,5205779
Schoeller-Bleckmann Oilfield Equipment AG,Austria,Energy,4192440
Scholastic Corp,United States,Consumer Discretionary,5799168
Schott Pharma AG & Co KGaA,Germany,Health Care,24398938
Schouw & Co A/S,Denmark,Industrials,24462571
Schroders PLC,United Kingdom,Financials,648407
Schrodinger Inc/United States,United States,Technology,2786101
SciClone Pharmaceuticals Holdings Ltd,China,Health Care,9075390
Science Applications International Corp,United States,Technology,64626169
Scientex BHD,Malaysia,Industrials,8123990
Scilex Holding Co,United States,Health Care,921805
ScinoPharm Taiwan Ltd,Taiwan,Health Care,7363963
Sciuker Frames SpA,Italy,Industrials,1062025
Scope Fluidics SA,Poland,Health Care,3275581
Scope Metals Group Ltd,Israel,Industrials,3237884
Scorpio Tankers Inc,United States,Industrials,48753434
Scotts Miracle-Gro Co/The,United States,Basic Materials,8103093
Scout24 SE,Germany,Technology,144421275
Sdiptech AB,Sweden,Industrials,4741117
SeAH Holdings Corp,South Korea,Basic Materials,2081148
SeAH Steel Holdings Corp,South Korea,Basic Materials,14721002
Sea Harvest Group Ltd,South Africa,Consumer Staples,5851714
Sea Ltd,Singapore,Technology,1456613257
Seagate Technology Holdings PLC,United States,Technology,7355716
Sealed Air Corp,United States,Industrials,58221413
Seatrium Ltd,Singapore,Industrials,46352235
Seazen Group Ltd,China,Real Estate,348
Sebang Global Battery Co Ltd,South Korea,Consumer Discretionary,919341
Secom Co Ltd,Japan,Industrials,228934680
Sectra AB,Sweden,Health Care,80119825
Secunet Security Networks AG,Germany,Technology,4113368
Secure Trust Bank PLC,United Kingdom,Financials,1829082
Securitas AB,Sweden,Industrials,95930455
Security Bank Corp,Philippines,Financials,945
Seegene Inc,South Korea,Health Care,896520
Sega Sammy Holdings Inc,Japan,Consumer Discretionary,36344490
Segezha Group PJSC,Russia,Basic Materials,394318
Segro PLC,United Kingdom,Real Estate,1291260632
Seibu Holdings Inc,Japan,Consumer Discretionary,63422520
Seika Corp,Japan,Industrials,1266704
Seikagaku Corp,Japan,Health Care,849165
Seiko Epson Corp,Japan,Technology,64774017
Seiko Group Corp,Japan,Consumer Discretionary,7513326
Seino Holdings Co Ltd,Japan,Industrials,30042387
Seiren Co Ltd,Japan,Consumer Discretionary,20231776
Sekisui Chemical Co Ltd,Japan,Consumer Discretionary,77413200
Sekisui House Ltd,Japan,Consumer Discretionary,190697056
Sekisui House Reit Inc,Japan,Real Estate,33283369
Sekisui Jushi Corp,Japan,Industrials,3684691
Sekisui Kasei Co Ltd,Japan,Industrials,515474
Select Harvests Ltd,Australia,Consumer Staples,11233607
Select Medical Holdings Corp,United States,Health Care,56073527
Selective Insurance Group Inc,United States,Financials,68439321
Sella Capital Real Estate Ltd,Israel,Real Estate,265103
Selvita SA,Poland,Health Care,6057268
Sembcorp Industries Ltd,Singapore,Utilities,56969477
Semen Indonesia Persero Tbk PT,Indonesia,Industrials,13110730
Sempra,United States,Utilities,966461486
Semtech Corp,United States,Technology,209
Senao International Co Ltd,Taiwan,Consumer Discretionary,1427930
Sendas Distribuidora S/A,Brazil,Consumer Staples,62280701
Senheng New Retail Bhd,Malaysia,Consumer Discretionary,1009009
Senior PLC,United Kingdom,Industrials,14567895
Senko Group Holdings Co Ltd,Japan,Industrials,8260183
SenseTime Group Inc,China,Technology,51397
Senshu Electric Co Ltd,Japan,Industrials,4221932
Senshu Ikeda Holdings Inc,Japan,Financials,8151971
Sensient Technologies Corp,United States,Basic Materials,44795106
Sensirion Holding AG,Switzerland,Industrials,22072506
Sensortek Technology Corp,Taiwan,Technology,2068184
SentinelOne Inc,United States,Technology,213112979
Sentul City Tbk PT,Indonesia,Real Estate,3176365
Seobu T&D,South Korea,Real Estate,453422
Seojin System Co Ltd,South Korea,Telecommunications,384927
Seoul Semiconductor Co Ltd,South Korea,Technology,527411
Septeni Holdings Co Ltd,Japan,Consumer Discretionary,2255054
Sequoia Logistica e Transportes SA,Brazil,Industrials,214561
Ser Educacional SA,Brazil,Consumer Discretionary,194085
Serba Dinamik Holdings Bhd,Malaysia,Energy,69
Serco Group PLC,United Kingdom,Industrials,9748412
Sercomm Corp,Taiwan,Telecommunications,18535765
Serena Energia SA,Brazil,Utilities,12108973
Seres Group Co Ltd,China,Consumer Discretionary,10406440
Seri Industrial SpA,Italy,Industrials,3285342
Seria Co Ltd,Japan,Consumer Discretionary,11488061
Serko Ltd,New Zealand,Technology,4352699
Sermsang Power Corp Co Ltd,Thailand,Utilities,4961789
Sern Kou Resource Bhd,Malaysia,Consumer Discretionary,5643042
Service Corp International/US,United States,Consumer Discretionary,115046231
Service Properties Trust,United States,Real Estate,4200331
Service Stream Ltd,Australia,Telecommunications,6663952
ServiceNow Inc,United States,Technology,1787021599
ServisFirst Bancshares Inc,United States,Financials,33114846
Sesa SpA,Italy,Technology,73894295
Seven & i Holdings Co Ltd,Japan,Consumer Staples,609854081
Seven Bank Ltd,Japan,Financials,4792516
Seven Group Holdings Ltd,Australia,Industrials,85576208
Seven West Media Ltd,Australia,Consumer Discretionary,5787215
Severn Trent PLC,United Kingdom,Utilities,184239007
Shaftesbury Capital PLC,United Kingdom,Real Estate,808812289
Shake Shack Inc,United States,Consumer Discretionary,18403920
Shakey's Pizza Asia Ventures Inc,Philippines,Consumer Discretionary,954143
Shandong Chenming Paper Holdings Ltd,China,Basic Materials,902299
Shandong Gold Mining Co Ltd,China,Basic Materials,39165481
Shandong Hi-Speed New Energy Group Ltd,China,Energy,435604
Shandong Hualu Hengsheng Chemical Co Ltd,China,Basic Materials,49610508
Shandong Nanshan Aluminum Co Ltd,China,Basic Materials,3971802
Shandong Sinocera Functional Material Co Ltd,China,Basic Materials,6917299
Shandong Weigao Group Medical Polymer Co Ltd,China,Health Care,68675018
Shanghai Bailian Group Co Ltd,China,Consumer Staples,1474369
Shanghai Baolong Automotive Corp,China,Consumer Discretionary,14363372
Shanghai Baosight Software Co Ltd,China,Technology,10565736
Shanghai Chlor-Alkali Chemical Co Ltd,China,Basic Materials,637841
Shanghai Commercial & Savings Bank Ltd/The,Taiwan,Financials,73867961
Shanghai Dazhong Public Utilities Group Co Ltd,China,Utilities,1316986
Shanghai Electric Group Co Ltd,China,Industrials,513044
Shanghai Flyco Electrical Appliance Co Ltd,China,Consumer Discretionary,991993
Shanghai Fosun Pharmaceutical Group Co Ltd,China,Health Care,39834
Shanghai Fudan Microelectronics Group Co Ltd,China,Technology,470364
Shanghai Haohai Biological Technology Co Ltd,China,Health Care,873590
Shanghai Huace Navigation Technology Ltd,China,Telecommunications,3788955
Shanghai Jin Jiang Online Network Service Co Ltd,China,Consumer Discretionary,23563
Shanghai Jinjiang International Hotels Co Ltd,China,Consumer Discretionary,5673694
Shanghai Jinqiao Export Processing Zone Development Co Ltd,China,Real Estate,1822249
Shanghai Junshi Biosciences Co Ltd,China,Health Care,513
Shanghai Lujiazui Finance & Trade Zone Development Co Ltd,China,Real Estate,5461859
Shanghai M&G Stationery Inc,China,Consumer Staples,5578100
Shanghai Mechanical and Electrical Industry Co Ltd,China,Industrials,1828843
Shanghai MicroPort MedBot Group Co Ltd,China,Health Care,16362
Shanghai Pharmaceuticals Holding Co Ltd,China,Health Care,13146723
Shanghai Putailai New Energy Technology Co Ltd,China,Basic Materials,7893880
Shanghai Shibei Hi-Tech Co Ltd,China,Real Estate,29083
Shanghai United Imaging Healthcare Co Ltd,China,Health Care,643729
Shangri-La Asia Ltd,Hong Kong,Consumer Discretionary,17757769
Shanxi Xinghuacun Fen Wine Factory Co Ltd,China,Consumer Staples,39228530
SharkNinja Inc,United States,Consumer Discretionary,59243751
Sharp Corp/Japan,Japan,Technology,11840516
Shede Spirits Co Ltd,China,Consumer Staples,2713610
Sheela Foam Ltd,India,Consumer Discretionary,4796195
Shell PLC,United Kingdom,Energy,6720047019
Shenandoah Telecommunications Co,United States,Telecommunications,3587832
Sheng Siong Group Ltd,Singapore,Consumer Staples,13125633
Sheng Yu Steel Co Ltd,Taiwan,Basic Materials,732210
Shengyi Technology Co Ltd,China,Technology,2971133
Shennan Circuits Co Ltd,China,Technology,973376
Shenwan Hongyuan Group Co Ltd,China,Financials,1393066
Shenzhen Expressway Corp Ltd,China,Industrials,8539365
Shenzhen Fastprint Circuit Tech Co Ltd,China,Technology,622238
Shenzhen Inovance Technology Co Ltd,China,Industrials,85033510
Shenzhen International Holdings Ltd,China,Industrials,7273
Shenzhen Kedali Industry Co Ltd,China,Consumer Discretionary,11787661
Shenzhen Mindray Bio-Medical Electronics Co Ltd,China,Health Care,141669267
Shenzhen Senior Technology Material Co Ltd,China,Basic Materials,815823
Shenzhen Sunlord Electronics Co Ltd,China,Technology,71491501
Shenzhen Transsion Holdings Co Ltd,China,Telecommunications,7498579
Shenzhou International Group Holdings Ltd,China,Consumer Discretionary,316821818
Sherwin-Williams Co/The,United States,Industrials,1191665906
Shibaura Machine Co Ltd,Japan,Industrials,7690325
Shibaura Mechatronics Corp,Japan,Technology,4096084
Shibusawa Warehouse Co Ltd/The,Japan,Industrials,1323368
Shibuya Corp,Japan,Industrials,4139034
Shiga Bank Ltd/The,Japan,Financials,10400328
Shihlin Electric & Engineering Corp,Taiwan,Industrials,71461971
Shikoku Bank Ltd/The,Japan,Financials,1527910
Shikoku Kasei Holdings Corp,Japan,Basic Materials,13229451
Shima Seiki Manufacturing Ltd,Japan,Industrials,9281027
Shimadzu Corp,Japan,Industrials,104241548
Shimamura Co Ltd,Japan,Consumer Discretionary,34108176
Shimano Inc,Japan,Consumer Discretionary,171776476
Shimao Services Holdings Ltd,China,Real Estate,28
Shimizu Bank Ltd/The,Japan,Financials,764368
Shimizu Corp,Japan,Industrials,46361526
Shimojima Co Ltd,Japan,Industrials,73197
Shin Foong Specialty & Applied Materials Co Ltd,Taiwan,Basic Materials,880039
Shin Kong Financial Holding Co Ltd,Taiwan,Financials,13207920
Shin Nippon Air Technologies Co Ltd,Japan,Industrials,1503727
Shin Nippon Biomedical Laboratories Ltd,Japan,Industrials,3303723
Shin Poong Pharmaceutical Co Ltd,South Korea,Health Care,152526
Shin Zu Shing Co Ltd,Taiwan,Industrials,28245480
Shin-Etsu Chemical Co Ltd,Japan,Basic Materials,1559593469
Shin-Etsu Polymer Co Ltd,Japan,Basic Materials,9092595
Shinagawa Refractories Co Ltd,Japan,Industrials,2866564
Shindengen Electric Manufacturing Co Ltd,Japan,Industrials,854099
Shinhan Alpha REIT Co Ltd,South Korea,Real Estate,80154
Shinhan Financial Group Co Ltd,South Korea,Financials,397002958
Shining Building Business Co Ltd,Taiwan,Real Estate,1445522
Shinko Electric Industries Co Ltd,Japan,Technology,54230323
Shinko Shoji Co Ltd,Japan,Technology,706822
Shinkong Insurance Co Ltd,Taiwan,Financials,5485875
Shinkong Synthetic Fibers Corp,Taiwan,Basic Materials,13649395
Shinkong Textile Co Ltd,Taiwan,Basic Materials,3215325
Shinmaywa Industries Ltd,Japan,Industrials,4547399
Shinnihon Corp,Japan,Industrials,7897004
Shinsegae Food Co Ltd,South Korea,Consumer Staples,1201976
Shinsegae Inc,South Korea,Consumer Discretionary,15323657
Shinsegae International Inc,South Korea,Consumer Discretionary,1022413
Shinsho Corp,Japan,Basic Materials,147706
Shinsung Delta Tech Co Ltd,South Korea,Consumer Discretionary,71055
Shinsung E&G Co Ltd,South Korea,Energy,301730
Shinwa Co Ltd/Nagoya,Japan,Industrials,1282029
Shiny Chemical Industrial Co Ltd,Taiwan,Basic Materials,4958926
Shionogi & Co Ltd,Japan,Health Care,131926147
Ship Healthcare Holdings Inc,Japan,Health Care,45757508
Shiseido Co Ltd,Japan,Consumer Discretionary,490690837
Shizuoka Financial Group Inc,Japan,Financials,74440873
Shizuoka Gas Co Ltd,Japan,Utilities,3313864
Shoals Technologies Group Inc,United States,Energy,18546097
Shochiku Co Ltd,Japan,Consumer Discretionary,47146
Shoe Zone PLC,United Kingdom,Consumer Discretionary,2616687
Shoei Co Ltd,Japan,Consumer Discretionary,8089295
Shoei Foods Corp,Japan,Consumer Staples,3265448
Shofu Inc,Japan,Health Care,421858
Shopify Inc,Canada,Technology,953325614
Shoprite Holdings Ltd,South Africa,Consumer Staples,121962840
Shoucheng Holdings Ltd,China,Industrials,1591
Showa Sangyo Co Ltd,Japan,Consumer Staples,4709856
Shree Cement Ltd,India,Industrials,4997704
Shree Renuka Sugars Ltd,India,Consumer Staples,2901529
Shriram Finance Ltd,India,Financials,174237772
Shufersal Ltd,Israel,Consumer Staples,5185892
Shui On Land Ltd,China,Real Estate,1407061
Shun Tak Holdings Ltd,Hong Kong,Real Estate,969376
Shurgard Self Storage Ltd,Belgium,Real Estate,29087284
Shutterstock Inc,United States,Technology,70937
Shyft Group Inc/The,United States,Industrials,3107320
SiS Distribution Thailand PCL,Thailand,Consumer Discretionary,5675036
SiTime Corp,United States,Technology,100997
Siam Cement PCL/The,Thailand,Industrials,39354825
Siam City Cement PCL,Thailand,Industrials,3428496
Siam Global House PCL,Thailand,Consumer Discretionary,46992725
Siauliu Bankas AB,Lithuania,Financials,6303669
Sichuan Expressway Co Ltd,China,Industrials,6680201
Sichuan Kelun Pharmaceutical Co Ltd,China,Health Care,38186687
Sichuan Kelun-Biotech Biopharmaceutical Co Ltd,China,Health Care,37964067
Siegfried Holding AG,Switzerland,Health Care,116049792
Siemens AG,Germany,Industrials,3233179788
Siemens Energy AG,Germany,Energy,485471541
Siemens Healthineers AG,Germany,Health Care,395968049
Siemens Ltd,India,Industrials,118729356
Sierra Rutile Holdings Ltd,Australia,Basic Materials,75823
Sieyuan Electric Co Ltd,China,Technology,33111645
Sigdo Koppers SA,Chile,Basic Materials,2411766
Sigma Healthcare Ltd,Australia,Consumer Staples,15231616
Sigma Lithium Corp,United States,Basic Materials,269340
Signet Jewelers Ltd,United States,Consumer Discretionary,46864942
Signify NV,Netherlands,Industrials,40408327
Sigurd Microelectronics Corp,Taiwan,Technology,14884513
Sihuan Pharmaceutical Holdings Group Ltd,China,Health Care,218726
Siix Corp,Japan,Technology,12126944
Sika AG,Switzerland,Industrials,1339418087
Silence Therapeutics PLC,United Kingdom,Health Care,9064330
Silergy Corp,Taiwan,Technology,124224406
Silex Systems Ltd,Australia,Energy,3077761
Silgan Holdings Inc,United States,Industrials,40173371
Silicon Integrated Systems Corp,Taiwan,Technology,11140317
Silicon Laboratories Inc,United States,Technology,14268283
Silicon Motion Technology Corp,United States,Technology,3526629
Silk Road Medical Inc,United States,Health Care,2936544
Siltronic AG,Germany,Technology,57190708
Silvair Inc,United States,Technology,259947
Silvano Fashion Group AS,Estonia,Consumer Discretionary,1003838
Silver Grant International Holdings Group Ltd,China,Real Estate,9038
Silverlake Axis Ltd,Singapore,Technology,362239
Simcere Pharmaceutical Group Ltd,China,Health Care,17987623
Sime Darby Bhd,Malaysia,Consumer Discretionary,27523517
Sime Darby Property Bhd,Malaysia,Real Estate,25265427
Simmons First National Corp,United States,Financials,17080201
Simon Property Group Inc,United States,Real Estate,2635577406
Simplex Holdings Inc,Japan,Technology,6349935
Simplo Technology Co Ltd,Taiwan,Industrials,41023950
Simply Good Foods Co/The,United States,Consumer Staples,36761372
Simpson Manufacturing Co Inc,United States,Industrials,75095451
Sims Ltd,Australia,Utilities,12142163
Sinanen Holdings Co Ltd,Japan,Energy,1153985
Sinbon Electronics Co Ltd,Taiwan,Industrials,47245387
Sincere Navigation Corp,Taiwan,Industrials,1598855
Sinch AB,Sweden,Technology,35169140
Sinclair Inc,United States,Consumer Discretionary,978702
Sindoh Co Ltd,South Korea,Technology,8241359
Sinfonia Technology Co Ltd,Japan,Industrials,2293277
Singamas Container Holdings Ltd,Hong Kong,Industrials,1330930
Singapore Airlines Ltd,Singapore,Consumer Discretionary,121765992
Singapore Exchange Ltd,Singapore,Financials,98189087
Singapore Post Ltd,Singapore,Industrials,8254160
Singapore Technologies Engineering Ltd,Singapore,Industrials,89594338
Singapore Telecommunications Ltd,Singapore,Telecommunications,313497638
Singer Bangladesh Ltd,Bangladesh,Consumer Discretionary,1501797
Sinko Industries Ltd,Japan,Industrials,2015181
Sino Biopharmaceutical Ltd,China,Health Care,36340223
Sino Land Co Ltd,Hong Kong,Real Estate,64773876
Sino-American Silicon Products Inc,Taiwan,Technology,51866150
Sino-Ocean Group Holding Ltd,China,Real Estate,897231
Sino-Thai Engineering & Construction PCL,Thailand,Industrials,294522
SinoPac Financial Holdings Co Ltd,Taiwan,Financials,152635986
Sinoma International Engineering Co,China,Industrials,37581830
Sinon Corp,Taiwan,Basic Materials,4821602
Sinopec Kantons Holdings Ltd,China,Energy,4483977
Sinopec Oilfield Service Corp,China,Energy,510431
Sinopec Shanghai Petrochemical Co Ltd,China,Energy,7925174
Sinopharm Group Co Ltd,China,Consumer Staples,43615783
Sinotruk Hong Kong Ltd,China,Industrials,14221232
Sintokogio Ltd,Japan,Industrials,1416482
Sinyi Realty Inc,Taiwan,Real Estate,6418745
Sirius Real Estate Ltd,United Kingdom,Real Estate,10671587
Sirius XM Holdings Inc,United States,Consumer Discretionary,2517047
SiriusPoint Ltd,United States,Financials,686531
Sistema AFK PAO,Russia,Financials,1852461
SiteMinder Ltd,Australia,Technology,12916861
SiteOne Landscape Supply Inc,United States,Consumer Discretionary,426392
Sitronix Technology Corp,Taiwan,Technology,18271583
Six Flags Entertainment Corp,United States,Consumer Discretionary,11789522
Sixt SE,Germany,Consumer Discretionary,62766520
Skandinaviska Enskilda Banken AB,Sweden,Financials,74671598
Skanska AB,Sweden,Industrials,81407453
Skechers USA Inc,United States,Consumer Discretionary,96053783
SkiStar AB,Sweden,Consumer Discretionary,4877265
Skshu Paint Co Ltd,China,Industrials,13333759
SkyWest Inc,United States,Consumer Discretionary,9930470
Skylark Holdings Co Ltd,Japan,Consumer Discretionary,15203245
Skyline Champion Corp,United States,Consumer Discretionary,36735676
Skyward Specialty Insurance Group Inc,United States,Financials,9370620
Skyworks Solutions Inc,United States,Technology,244251518
Skyworth Group Ltd,China,Consumer Discretionary,40484
Sligro Food Group NV,Netherlands,Consumer Staples,4307154
SmarTone Telecommunications Holdings Ltd,Hong Kong,Telecommunications,1436803
SmartCentres Real Estate Investment Trust,Canada,Real Estate,23760048
SmartGroup Corp Ltd,Australia,Industrials,12832966
SmartRent Inc,United States,Technology,597500
Smartfit Escola de Ginastica e Danca SA,Brazil,Consumer Discretionary,16918888
Smartpay Holdings Ltd,New Zealand,Industrials,5549368
Smartsheet Inc,United States,Technology,12812822
Smith & Nephew PLC,United Kingdom,Health Care,336357820
Smiths Group PLC,United Kingdom,Industrials,143808698
Smoore International Holdings Ltd,China,Consumer Staples,239194
Smurfit Kappa Group PLC,United Kingdom,Industrials,765646262
Snam SpA,Italy,Energy,85609759
Snap-on Inc,United States,Industrials,140973639
Snowflake Inc,United States,Technology,843470349
SoFi Technologies Inc,United States,Financials,92224690
Sobha Ltd,India,Real Estate,15349287
Sociedad Matriz SAAM SA,Chile,Industrials,11080853
Sociedad Quimica y Minera de Chile SA,Chile,Basic Materials,98808562
Sociedad de Inversiones Oro Blanco SA,Chile,Financials,5292649
Societatea De Producere A Energiei Electrice in Hidrocentrale Hidroelectrica SA,Romania,Utilities,6523040
Societe BIC SA,France,Consumer Staples,32595213
Societe Generale SA,France,Financials,202420739
Socionext Inc,Japan,Technology,24268441
Sodexo SA,France,Consumer Discretionary,178691081
Sofina SA,Belgium,Financials,94377528
Soft-World International Corp,Taiwan,Consumer Discretionary,3566461
SoftBank Corp,Japan,Telecommunications,553267370
SoftBank Group Corp,Japan,Telecommunications,1092985600
Softcat PLC,United Kingdom,Technology,54181135
Softwareone Holding AG,Switzerland,Technology,65620560
Sohgo Security Services Co Ltd,Japan,Industrials,37591011
Sojitz Corp,Japan,Industrials,83361724
Sok Marketler Ticaret AS,Türkiye,Consumer Staples,1923224
SolGold PLC,United Kingdom,Basic Materials,9177176
Solar Applied Materials Technology Corp,Taiwan,Basic Materials,30181324
Solar Industries India Ltd,India,Basic Materials,33199055
SolarEdge Technologies Inc,United States,Energy,6559795
SolarWinds Corp,United States,Technology,3383182
Solaria Energia y Medio Ambiente SA,Spain,Utilities,66648747
Solasto Corp,Japan,Health Care,6939883
Soleno Therapeutics Inc,United States,Health Care,2357016
Solid Inc,South Korea,Telecommunications,258514
Sollers PJSC,Russia,Consumer Discretionary,27956
Solus Advanced Materials Co Ltd,South Korea,Industrials,299446
Solvar Ltd,Australia,Financials,983082
Solvay SA,Belgium,Basic Materials,20432344
Solventum Corp,United States,Health Care,139922119
Somec SpA,Italy,Industrials,4546418
Sompo Holdings Inc,Japan,Financials,1001737000
Sona Blw Precision Forgings Ltd,India,Consumer Discretionary,31291553
Sonae SGPS SA,Portugal,Consumer Staples,21433068
Sonata Software Ltd,India,Technology,14922137
Songwon Industrial Co Ltd,South Korea,Basic Materials,191548
Sonic Healthcare Ltd,Australia,Health Care,143258312
Sonix Technology Co Ltd,Taiwan,Technology,1675894
Sonoco Products Co,United States,Industrials,68801477
Sonos Inc,United States,Consumer Discretionary,7763568
Sonoscape Medical Corp,China,Health Care,31381833
Sonova Holding AG,Switzerland,Health Care,376384945
Sony Group Corp,Japan,Consumer Discretionary,2198426284
Sopra Steria Group,France,Technology,65441290
Sotera Health Co,United States,Health Care,14447274
Sotetsu Holdings Inc,Japan,Consumer Discretionary,20196202
Soulbrain Co Ltd,South Korea,Basic Materials,16790546
Soulbrain Holdings Co Ltd,South Korea,Basic Materials,781367
Sourcenext Corp,Japan,Technology,658036
South Indian Bank Ltd/The,India,Financials,6645675
South32 Ltd,Australia,Basic Materials,197074288
SouthState Corp,United States,Financials,44947111
Southern Co/The,United States,Utilities,801998480
Southern Copper Corp,United States,Basic Materials,99292969
Southern Cross Media Group Ltd,Australia,Consumer Discretionary,314465
Southern Score Builders Bhd,Malaysia,Industrials,7949126
Southwest Airlines Co,United States,Consumer Discretionary,37011098
Southwest Gas Holdings Inc,United States,Utilities,44163802
Spar Nord Bank A/S,Denmark,Financials,35654588
Spark New Zealand Ltd,New Zealand,Telecommunications,77466802
Sparx Group Co Ltd,Japan,Financials,1056909
Spectris PLC,United Kingdom,Industrials,85981074
Spectrum Brands Holdings Inc,United States,Consumer Staples,10142576
Speed Tech Corp,Taiwan,Technology,1586265
Speedy Hire PLC,United Kingdom,Industrials,5845198
Sphera Franchise Group SA,Romania,Consumer Discretionary,7089055
Sphere Entertainment Co,United States,Consumer Discretionary,706880
Spigen Korea Co Ltd,South Korea,Consumer Discretionary,3008319
Spinneys 1961 Holding PLC,United Arab Emirates,Consumer Staples,44924769
Spirax Group PLC,United Kingdom,Industrials,152016338
Spire Healthcare Group PLC,United Kingdom,Health Care,13092361
Spire Inc,United States,Utilities,42397313
Spirent Communications PLC,United Kingdom,Telecommunications,21336024
Spirit AeroSystems Holdings Inc,United States,Industrials,43353591
Spirit Airlines Inc,United States,Consumer Discretionary,176
Sporton International Inc,Taiwan,Industrials,7065556
Sports Toto Bhd,Malaysia,Consumer Discretionary,1883337
Spotify Technology SA,United States,Consumer Discretionary,202667547
SpringWorks Therapeutics Inc,United States,Health Care,10560521
Spritzer BHD,Malaysia,Consumer Staples,1691574
Sprott Inc,Canada,Financials,18139623
Sprout Social Inc,United States,Technology,18482133
Sprouts Farmers Market Inc,United States,Consumer Staples,56845046
Spur Corp Ltd,South Africa,Consumer Discretionary,2709878
Spyre Therapeutics Inc,United States,Health Care,11208675
Square Enix Holdings Co Ltd,Japan,Consumer Discretionary,61665286
Square Pharmaceuticals PLC,Bangladesh,Health Care,34125293
Squarespace Inc,United States,Technology,13455492
Sri Trang Agro-Industry PCL,Thailand,Basic Materials,16352452
Sri Trang Gloves Thailand PCL,Thailand,Health Care,55
Srinanaporn Marketing PCL,Thailand,Consumer Staples,2285104
Srisawad Corp PCL,Thailand,Financials,52338447
St Cousair Co Ltd,Japan,Consumer Staples,3466865
St Galler Kantonalbank AG,Switzerland,Financials,32990037
St James's Place PLC,United Kingdom,Financials,167129177
St Joe Co/The,United States,Real Estate,10548348
St Marc Holdings Co Ltd,Japan,Consumer Discretionary,1013447
St Shine Optical Co Ltd,Taiwan,Health Care,2216849
Stabilus SE,Germany,Industrials,33422034
Stadio Holdings Ltd,South Africa,Consumer Discretionary,3887661
Stadler Rail AG,Switzerland,Industrials,33738397
Stalprodukt SA,Poland,Basic Materials,206250
Stalprofil SA,Poland,Basic Materials,390463
Stanbic Holdings Plc,Kenya,Financials,4112746
Standard Bank Group Ltd,South Africa,Financials,201331944
Standard Chartered Bank Kenya Ltd,Kenya,Financials,3762720
Standard Chartered PLC,United Kingdom,Financials,761186929
Standard Foods Corp,Taiwan,Consumer Staples,9554788
Standex International Corp,United States,Industrials,10451544
Stanley Black & Decker Inc,United States,Industrials,112946245
Stanley Electric Co Ltd,Japan,Consumer Discretionary,35972613
Stanmore Resources Ltd,Australia,Energy,25611044
Stantec Inc,Canada,Industrials,117364981
Star Asia Investment Corp,Japan,Real Estate,8697807
Star Bulk Carriers Corp,United States,Industrials,5757044
Star Health & Allied Insurance Co Ltd,India,Financials,15493137
Star Holdings,United States,Real Estate,234338
Star Mica Holdings Co Ltd,Japan,Real Estate,2859095
Star Micronics Co Ltd,Japan,Industrials,2796529
Star Petroleum Refining PCL,Thailand,Energy,1052793
Star7 S.P.A.,Italy,Industrials,1706147
StarHub Ltd,Singapore,Telecommunications,8693055
StarPower Semiconductor Ltd,China,Technology,2767465
Starbreeze AB,Sweden,Consumer Discretionary,1124917
Starbucks Corp,United States,Consumer Discretionary,1117992873
Starflex PCL,Thailand,Industrials,1846422
Starhill Global REIT,Singapore,Real Estate,9313809
Starpharma Holdings Ltd,Australia,Health Care,158340
Starts Corp Inc,Japan,Real Estate,6378025
Starts Proceed Investment Corp,Japan,Real Estate,2122342
Starwood Property Trust Inc,United States,Financials,64724022
Starzen Co Ltd,Japan,Consumer Staples,1208921
State Bank of India,India,Financials,316613449
State Street Corp,United States,Financials,118243786
Steadfast Group Ltd,Australia,Financials,84100321
Steel Dynamics Inc,United States,Basic Materials,311729292
Steelcase Inc,United States,Consumer Discretionary,5493511
Steico SE,Germany,Industrials,5835593
Stelco Holdings Inc,Canada,Basic Materials,5936362
Stella Chemifa Corp,Japan,Basic Materials,1017494
Stella-Jones Inc,Canada,Basic Materials,20593196
Stellantis NV,Italy,Consumer Discretionary,763828174
Step One Clothing Ltd,Australia,Consumer Discretionary,1793505
StepStone Group Inc,United States,Financials,977457
Stepan Co,United States,Basic Materials,8348311
Sterling and Wilson Renewable,India,Industrials,8900776
Sterlite Technologies Ltd,India,Telecommunications,3313217
Steven Madden Ltd,United States,Consumer Discretionary,15184727
Stifel Financial Corp,United States,Financials,103052530
Stillfront Group AB,Sweden,Consumer Discretionary,4077166
Stitch Fix Inc,United States,Consumer Discretionary,211654
Stock Yards Bancorp Inc,United States,Financials,6369134
Stockland,Australia,Real Estate,115012431
StoneCo Ltd,United States,Industrials,84564613
Stora Enso Oyj,Finland,Basic Materials,204419695
Storskogen Group AB,Sweden,Financials,7229672
Strabag SE,Austria,Industrials,19691611
Strandline Resources Ltd,Australia,Basic Materials,208122
Stratasys Ltd,United States,Technology,2347874
Strategic Education Inc,United States,Consumer Discretionary,19100580
Straumann Holding AG,Switzerland,Health Care,330598529
Strauss Group Ltd,Israel,Consumer Staples,2146520
Stride Inc,United States,Consumer Discretionary,2939850
Strides Pharma Science Ltd,India,Health Care,5882637
Strike Co Ltd,Japan,Industrials,3966933
Strix Group PLC,United Kingdom,Industrials,591163
Stroeer SE & Co KGaA,Germany,Consumer Discretionary,56460720
Stryker Corp,United States,Health Care,1671372648
Studio Dragon Corp,South Korea,Consumer Discretionary,1743591
Sturm Ruger & Co Inc,United States,Consumer Discretionary,3326377
Subaru Corp,Japan,Consumer Discretionary,396329075
Suedzucker AG,Germany,Consumer Staples,758904
Sugi Holdings Co Ltd,Japan,Consumer Staples,25748190
Suheung Co Ltd,South Korea,Health Care,7774388
Sulzer AG,Switzerland,Industrials,60984881
Sumber Alfaria Trijaya Tbk PT,Indonesia,Consumer Staples,8685314
Sumida Corp,Japan,Technology,908647
Sumiseki Holdings Inc,Japan,Energy,3431690
Sumitomo Bakelite Co Ltd,Japan,Industrials,45492012
Sumitomo Chemical Co Ltd,Japan,Basic Materials,12529425
Sumitomo Chemical India Ltd,India,Basic Materials,6490475
Sumitomo Corp,Japan,Industrials,455153159
Sumitomo Densetsu Co Ltd,Japan,Industrials,2878012
Sumitomo Electric Industries Ltd,Japan,Consumer Discretionary,150526376
Sumitomo Heavy Industries Ltd,Japan,Industrials,47569702
Sumitomo Metal Mining Co Ltd,Japan,Basic Materials,141362389
Sumitomo Mitsui Construction Co Ltd,Japan,Industrials,3374263
Sumitomo Mitsui Financial Group Inc,Japan,Financials,1479049021
Sumitomo Mitsui Trust Holdings Inc,Japan,Financials,200472582
Sumitomo Osaka Cement Co Ltd,Japan,Industrials,6164980
Sumitomo Pharma Co Ltd,Japan,Health Care,7158895
Sumitomo Realty & Development Co Ltd,Japan,Real Estate,224383684
Sumitomo Riko Co Ltd,Japan,Consumer Discretionary,3115422
Sumitomo Rubber Industries Ltd,Japan,Consumer Discretionary,28931332
Sumitomo Seika Chemicals Co Ltd,Japan,Industrials,757354
Sumitomo Warehouse Co Ltd/The,Japan,Industrials,7520198
Summarecon Agung Tbk PT,Indonesia,Real Estate,14539855
Summerset Group Holdings Ltd,New Zealand,Health Care,27691093
Summit Hotel Properties Inc,United States,Real Estate,2209711
Summit Materials Inc,United States,Industrials,51604211
Summit Real Estate Holdings Ltd,Israel,Real Estate,648691
Sun Art Retail Group Ltd,China,Consumer Discretionary,1209192
Sun Communities Inc,United States,Real Estate,798745919
Sun Frontier Fudousan Co Ltd,Japan,Real Estate,3027385
Sun Hung Kai & Co Ltd,Hong Kong,Financials,310
Sun Hung Kai Properties Ltd,Hong Kong,Real Estate,270244973
Sun International Ltd/South Africa,South Africa,Consumer Discretionary,1960809
Sun Life Financial Inc,Canada,Financials,306394144
Sun Pharma Advanced Research Co Ltd,India,Health Care,1791015
Sun Pharmaceutical Industries Ltd,India,Health Care,431812414
Sun TV Network Ltd,India,Consumer Discretionary,8584375
SunCoke Energy Inc,United States,Energy,2753800
SunPower Corp,United States,Energy,339032
Sunac Services Holdings Ltd,China,Real Estate,1
Suncorp Group Ltd,Australia,Financials,325147774
Sundaram Finance Ltd,India,Financials,41614219
Sundram Fasteners Ltd,India,Consumer Discretionary,17731408
Sundrug Co Ltd,Japan,Consumer Staples,28402699
Sung Kwang Bend Co Ltd,South Korea,Basic Materials,7199730
Sungeel Hitech Co Ltd,South Korea,Industrials,832263
Sungrow Power Supply Co Ltd,China,Energy,86100403
Sungwoo Hitech Co Ltd,South Korea,Consumer Discretionary,49495
Sunlight Real Estate Investment Trust,Hong Kong,Real Estate,3217448
Sunny Friend Environmental Technology Co Ltd,Taiwan,Utilities,2637123
Sunny Optical Technology Group Co Ltd,China,Technology,166766990
Sunonwealth Electric Machine Industry Co Ltd,Taiwan,Industrials,12885502
Sunplus Technology Co Ltd,Taiwan,Technology,3270570
Sunrex Technology Corp,Taiwan,Technology,2025000
Sunrisemezz PLC,Greece,Financials,1209013
Sunrun Inc,United States,Utilities,6190102
Sunshine 100 China Holdings Ltd,China,Real Estate,13008
Sunshine Holdings PLC,Sri Lanka,Consumer Discretionary,2930479
Sunstone Hotel Investors Inc,United States,Real Estate,10696082
Suntec Real Estate Investment Trust,Singapore,Real Estate,24493105
Suntory Beverage & Food Ltd,Japan,Consumer Staples,63529775
Sunway Bhd,Malaysia,Real Estate,21169242
Sunway Construction Group Bhd,Malaysia,Industrials,6449789
Sunway Real Estate Investment Trust,Malaysia,Real Estate,7761105
Suofeiya Home Collection Co Ltd,China,Consumer Discretionary,14324683
Supalai PCL,Thailand,Real Estate,5435673
Super Energy Corp PCL,Thailand,Utilities,1274678
Super Group Ltd/South Africa,South Africa,Industrials,6250364
Super Hi International Holding Ltd,Hong Kong,Consumer Discretionary,746
Super Micro Computer Inc,United States,Technology,257878122
Super Retail Group Ltd,Australia,Consumer Discretionary,16823731
Supercomnet Technologies Bhd,Malaysia,Industrials,2196078
Superior Plus Corp,Canada,Utilities,6864817
Superloop Ltd,Australia,Telecommunications,16409119
Supermarket Income Reit PLC,United Kingdom,Real Estate,21031810
Supermax Corp Bhd,Malaysia,Health Care,2251
Supernus Pharmaceuticals Inc,United States,Health Care,5586336
Supply Network Ltd,Australia,Industrials,4265260
Supreme Electronics Co Ltd,Taiwan,Technology,15280613
Supreme Industries Ltd,India,Industrials,181855308
Supreme Petrochem Ltd,India,Basic Materials,5644148
Surgery Partners Inc,United States,Health Care,20052020
Surgutneftegas PJSC,Russia,Energy,3385456
Surmodics Inc,United States,Health Care,1328464
Suruga Bank Ltd,Japan,Financials,4815126
Surya Citra Media Tbk PT,Indonesia,Consumer Discretionary,10304176
Surya Pertiwi Tbk PT,Indonesia,Consumer Discretionary,1037318
Surya Semesta Internusa Tbk PT,Indonesia,Industrials,2005553
Suven Pharmaceuticals Ltd,India,Health Care,6798791
Suzano SA,Brazil,Basic Materials,150056036
Suzhou Maxwell Technologies Co Ltd,China,Industrials,20457111
Suzlon Energy Ltd,India,Energy,79314162
Suzuken Co Ltd/Aichi Japan,Japan,Consumer Staples,39684846
Suzuki Motor Corp,Japan,Consumer Discretionary,347072752
Svenska Cellulosa AB SCA,Sweden,Basic Materials,744975886
Svenska Handelsbanken AB,Sweden,Financials,37999375
Svitzer Group A/S,Denmark,Industrials,8292418
Swan Energy Ltd,India,Industrials,12031909
Swancor Holding Co Ltd,Taiwan,Industrials,2654378
Swatch Group AG/The,Switzerland,Consumer Discretionary,163612822
Sweco AB,Sweden,Industrials,56969019
Swedbank AB,Sweden,Financials,537228169
Swedish Logistic Property AB,Sweden,Real Estate,21220753
Swedish Orphan Biovitrum AB,Sweden,Health Care,109452616
Swire Pacific Ltd,Hong Kong,Consumer Staples,94693285
Swire Properties Ltd,Hong Kong,Real Estate,20622913
Swiss Life Holding AG,Switzerland,Financials,35852951
Swiss Prime Site AG,Switzerland,Real Estate,177878277
Swiss Re AG,Switzerland,Financials,815474594
Swisscom AG,Switzerland,Telecommunications,205305230
Swissquote Group Holding SA,Switzerland,Financials,73415033
Syarikat Takaful Malaysia Keluarga Bhd,Malaysia,Financials,16590692
Sydbank AS,Denmark,Financials,64886080
Syensqo SA,Belgium,Basic Materials,268223652
Sylvamo Corp,United States,Basic Materials,10252682
Symphony Communication PCL,Thailand,Telecommunications,145737
Symphony Ltd,India,Consumer Discretionary,1644627
Symrise AG,Germany,Basic Materials,885631206
Synaptics Inc,United States,Technology,39752005
Synchrony Financial,United States,Industrials,241405919
Syncmold Enterprise Corp,Taiwan,Technology,2105636
Syndax Pharmaceuticals Inc,United States,Health Care,11504868
Synektik SA,Poland,Health Care,5351675
Synertec Corp Ltd,Australia,Basic Materials,790071
Syngene International Ltd,India,Health Care,65972317
Synlab AG,Germany,Health Care,16113369
Synnex Technology International Corp,Taiwan,Technology,39583476
Synnex Thailand PCL,Thailand,Technology,2814102
Synopsys Inc,United States,Technology,1202973296
Synovus Financial Corp,United States,Financials,53934096
Synsam AB,Sweden,Consumer Discretionary,176365
Synthomer PLC,United Kingdom,Basic Materials,622413
Syrma SGS Technology Ltd,India,Technology,4871044
Sysco Corp,United States,Consumer Staples,465086860
Sysmex Corp,Japan,Health Care,137666136
Systemair AB,Sweden,Industrials,5070265
Systems Technology Inc/South Korea,South Korea,Technology,8391483
Systena Corp,Japan,Technology,7259918
Systex Corp,Taiwan,Technology,9431859
T Hasegawa Co Ltd,Japan,Basic Materials,2492820
T Rowe Price Group Inc,United States,Financials,157406914
T&D Holdings Inc,Japan,Financials,125248384
T&L Co Ltd,South Korea,Health Care,7660082
T&R Biofab Co Ltd,South Korea,Health Care,2283771
T-Gaia Corp,Japan,Telecommunications,2407995
T-Mobile US Inc,United States,Telecommunications,2667113439
T3EX Global Holdings Corp,Taiwan,Industrials,1743138
T7 Global Bhd,Malaysia,Energy,524642
TA Chen Stainless Pipe,Taiwan,Basic Materials,35590780
TA-I Technology Co Ltd,Taiwan,Technology,1363205
TAB Gida Sanayi Ve Ticaret AS,Türkiye,Consumer Discretionary,23400064
TAC Consumer PCL,Thailand,Consumer Staples,2334998
TAG Immobilien AG,Germany,Real Estate,67753549
TAL Education Group,China,Consumer Discretionary,84658373
TAV Havalimanlari Holding AS,Türkiye,Industrials,62137202
TBC Bank Group PLC,United Kingdom,Financials,50448175
TBS Holdings Inc,Japan,Consumer Discretionary,8229625
TC Energy Corp,Canada,Energy,312646690
TCC Group Holdings,Taiwan,Industrials,55142408
TCC Steel,South Korea,Basic Materials,399672
TCI Co Ltd,Taiwan,Consumer Staples,9952313
TCL Electronics Holdings Ltd,China,Consumer Discretionary,8044234
TCL Technology Group Corp,China,Technology,9118014
TCL Zhonghuan Renewable Energy Technology Co Ltd,China,Energy,31481826
TD SYNNEX Corp,United States,Technology,113598606
TDK Corp,Japan,Industrials,388126620
TE Connectivity Ltd,United States,Technology,521041834
TECOM Group PJSC,United Arab Emirates,Real Estate,23793890
TEGNA Inc,United States,Consumer Discretionary,17956881
TELUS Corp,Canada,Telecommunications,65087140
TES Co Ltd/Korea,South Korea,Technology,162016
TETRA Technologies Inc,United States,Energy,785074
TF Administradora Industrial S de RL de CV,Mexico,Real Estate,10690473
TFI International Inc,Canada,Industrials,180352229
TFS Financial Corp,United States,Financials,1870991
TG Therapeutics Inc,United States,Health Care,10625967
THG PLC,United Kingdom,Consumer Staples,14026177
THK Co Ltd,Japan,Industrials,41622808
TI Fluid Systems PLC,United Kingdom,Consumer Discretionary,4386473
TIM SA/Brazil,Brazil,Telecommunications,26677354
TIME dotCom Bhd,Malaysia,Telecommunications,8971126
TIS Inc,Japan,Technology,72862599
TJX Cos Inc/The,United States,Consumer Discretionary,1397156449
TK Corp,South Korea,Industrials,4997438
TKC Corp,Japan,Industrials,5465722
TKG Huchems Co Ltd,South Korea,Basic Materials,1050471
TKH Group NV,Netherlands,Industrials,42071608
TKO Group Holdings Inc,United States,Consumer Discretionary,93158329
TLG Immobilien AG,Germany,Real Estate,482288
TMBThanachart Bank PCL,Thailand,Financials,2885864
TMX Group Ltd,Canada,Financials,96779665
TOA Paint Thailand PCL,Thailand,Industrials,295208
TOC Co Ltd,Japan,Real Estate,2980878
TOKAI Holdings Corp,Japan,Utilities,6662768
TOPPAN Holdings Inc,Japan,Industrials,130729466
TORM PLC,Denmark,Industrials,37307844
TOTO Ltd,Japan,Industrials,65842485
TOTVS SA,Brazil,Technology,2250301
TP ICAP Group PLC,United Kingdom,Financials,46818217
TPG Inc,United States,Financials,60055123
TPG Telecom Ltd,Australia,Telecommunications,25208373
TPI Polene PCL,Thailand,Industrials,43247
TPI Polene Power PCL,Thailand,Utilities,762520
TPK Holding Co Ltd,Taiwan,Technology,3311938
TPR Co Ltd,Japan,Consumer Discretionary,1689991
TQM Alpha PCL,Thailand,Financials,8811615
TRE Holdings Corp,Japan,Utilities,17221585
TRYT Inc,Japan,Industrials,845191
TS Tech Co Ltd,Japan,Consumer Discretionary,19471401
TSE Co Ltd,South Korea,Technology,6793245
TSEC Corp,Taiwan,Energy,3459728
TSI Holdings Co Ltd,Japan,Consumer Discretionary,1670593
TSRC Corp,Taiwan,Basic Materials,9664780
TT Vision Holdings Bhd,Malaysia,Technology,3038148
TTEC Holdings Inc,United States,Industrials,478473
TTK Prestige Ltd,India,Consumer Discretionary,2943054
TTM Technologies Inc,United States,Technology,12138290
TTW PCL,Thailand,Utilities,729558
TTY Biopharm Co Ltd,Taiwan,Health Care,8336642
TUI AG,Germany,Consumer Discretionary,98469954
TV Asahi Holdings Corp,Japan,Consumer Discretionary,9297695
TV18 Broadcast Ltd,India,Consumer Discretionary,27597223
TVS Holdings Ltd,India,Consumer Discretionary,7801276
TVS Motor Co Ltd,India,Consumer Discretionary,78227265
TWL Holdings Bhd,Malaysia,Real Estate,728670
TXC Corp,Taiwan,Technology,14679305
TYC Brother Industrial Co Ltd,Taiwan,Consumer Discretionary,3115908
Ta Win Holdings BHD,Malaysia,Industrials,478855
Ta Ya Electric Wire & Cable,Taiwan,Industrials,18954090
Taaleem Holdings PJSC,United Arab Emirates,Consumer Discretionary,53597158
Taaleem Management Services Co SAE,Egypt,Consumer Discretionary,3310858
Tabcorp Holdings Ltd,Australia,Consumer Discretionary,10399898
Taboola.com Ltd,Israel,Technology,666514
Tachi-S Co Ltd,Japan,Consumer Discretionary,1560530
Tachibana Eletech Co Ltd,Japan,Industrials,1510407
Tactile Systems Technology Inc,United States,Health Care,1765926
Tadano Ltd,Japan,Industrials,20851469
Tadiran Group Ltd,Israel,Consumer Discretionary,2390092
Taewoong Co Ltd,South Korea,Industrials,5753725
TaiDoc Technology Corp,Taiwan,Health Care,3057904
TaiMed Biologics Inc,Taiwan,Health Care,6848451
Taichung Commercial Bank Co Ltd,Taiwan,Financials,34553391
Taiflex Scientific Co Ltd,Taiwan,Technology,2153148
Taigen Biopharmaceuticals Holdings Ltd,Taiwan,Health Care,1461011
Taihan Electric Wire Co Ltd,South Korea,Industrials,11023621
Taihei Dengyo Kaisha Ltd,Japan,Industrials,3870720
Taiheiyo Cement Corp,Japan,Industrials,52140934
Taiho Kogyo Co Ltd,Japan,Consumer Discretionary,189719
Taikisha Ltd,Japan,Industrials,7973717
Taisei Corp,Japan,Industrials,83350924
Taisei Lamick Co Ltd,Japan,Industrials,682431
Taishin Financial Holding Co Ltd,Taiwan,Financials,82607865
Taiwan Business Bank,Taiwan,Financials,41234981
Taiwan Cogeneration Corp,Taiwan,Energy,6454959
Taiwan Cooperative Financial Holding Co Ltd,Taiwan,Financials,110007162
Taiwan Fertilizer Co Ltd,Taiwan,Basic Materials,20757792
Taiwan Glass Industry Corp,Taiwan,Industrials,5335485
Taiwan High Speed Rail Corp,Taiwan,Industrials,26470392
Taiwan Hon Chuan Enterprise Co Ltd,Taiwan,Industrials,30665875
Taiwan Land Development Corp,Taiwan,Real Estate,166963
Taiwan Mask Corp,Taiwan,Technology,7316428
Taiwan Mobile Co Ltd,Taiwan,Telecommunications,68441184
Taiwan PCB Techvest Co Ltd,Taiwan,Technology,2297341
Taiwan Paiho Ltd,Taiwan,Basic Materials,8053811
Taiwan Sanyo Electric Co Ltd,Taiwan,Consumer Discretionary,817178
Taiwan Secom Co Ltd,Taiwan,Industrials,16504392
Taiwan Semiconductor Co Ltd,Taiwan,Technology,10082056
Taiwan Semiconductor Manufacturing Co Ltd,Taiwan,Technology,13925821013
Taiwan Shin Kong Security Co Ltd,Taiwan,Industrials,1319226
Taiwan Styrene Monomer,Taiwan,Industrials,1698591
Taiwan Surface Mounting Technology Corp,Taiwan,Technology,16554278
Taiwan TEA Corp,Taiwan,Consumer Staples,362485
Taiwan Union Technology Corp,Taiwan,Technology,36525747
Taiwan-Asia Semiconductor Corp,Taiwan,Technology,10587252
Taiyen Biotech Co Ltd,Taiwan,Consumer Staples,753563
Taiyo Holdings Co Ltd,Japan,Basic Materials,6612719
Taiyo Yuden Co Ltd,Japan,Technology,23383397
Takamatsu Construction Group Co Ltd,Japan,Industrials,3127751
Takamiya Co Ltd,Japan,Industrials,1918226
Takaoka Toko Co Ltd,Japan,Industrials,548220
Takara Bio Inc,Japan,Health Care,3905776
Takara Holdings Inc,Japan,Consumer Staples,31547542
Takara Leben Real Estate Investment Corp,Japan,Real Estate,4033905
Takara Standard Co Ltd,Japan,Consumer Discretionary,4617391
Takasago International Corp,Japan,Basic Materials,3302406
Takasago Thermal Engineering Co Ltd,Japan,Industrials,41191398
Takashimaya Co Ltd,Japan,Consumer Discretionary,38015146
Take off SpA,Italy,Consumer Discretionary,365259
Take-Two Interactive Software Inc,United States,Consumer Discretionary,324901175
Takeda Pharmaceutical Co Ltd,Japan,Health Care,620931209
Takeuchi Manufacturing Co Ltd,Japan,Industrials,8749845
Taki Chemical Co Ltd,Japan,Basic Materials,944604
Takkt AG,Germany,Industrials,3493676
Takuma Co Ltd,Japan,Utilities,8835319
Talaat Moustafa Group,Egypt,Real Estate,27473544
Talanx AG,Germany,Financials,113407149
Talgo SA,Spain,Industrials,25075
Taliworks Corp Bhd,Malaysia,Utilities,2236297
Tallink Grupp AS,Estonia,Consumer Discretionary,4412983
Tama Home Co Ltd,Japan,Consumer Discretionary,2867763
Tamburi Investment Partners SpA,Italy,Financials,22194219
Tamilnad Mercantile Bank Ltd,India,Financials,2206410
Tamron Co Ltd,Japan,Consumer Discretionary,2124342
Tanger Inc,United States,Real Estate,20888147
Tanla Platforms Ltd,India,Technology,9230000
Tanseisha Co Ltd,Japan,Industrials,9491157
Tapdi Oksijen Ozel Saglik Hizmetleri Sanayi VE Ticaret AS,Türkiye,Health Care,3449373
Tapestry Inc,United States,Consumer Discretionary,183520020
Tapex Co Ltd,South Korea,Industrials,2023678
Targa Resources Corp,United States,Energy,293269020
Target Corp,United States,Consumer Discretionary,847138619
Tata Chemicals Ltd,India,Basic Materials,21257753
Tata Communications Ltd,India,Telecommunications,93961051
Tata Consultancy Services Ltd,India,Technology,316585952
Tata Consumer Products Ltd,India,Consumer Staples,93307746
Tata Elxsi Ltd,India,Technology,31850229
Tata Investment Corp Ltd,India,Financials,2925077
Tata Motors Ltd,India,Consumer Discretionary,321256538
Tata Steel Ltd,India,Basic Materials,264468818
Tata Technologies Ltd,India,Technology,8225565
Tata Teleservices Maharashtra Ltd,India,Telecommunications,2431455
Tate & Lyle PLC,United Kingdom,Consumer Staples,100193915
Tatsuta Electric Wire and Cable Co Ltd,Japan,Industrials,673656
Tatung Co Ltd,Taiwan,Industrials,55967758
Tayca Corp,Japan,Basic Materials,444674
Taylor Morrison Home Corp,United States,Consumer Discretionary,82619959
Taylor Wimpey PLC,United Kingdom,Consumer Discretionary,146682980
Tbo Tek Ltd,India,Consumer Discretionary,47840302
Team17 Group PLC,United Kingdom,Consumer Discretionary,3444248
TeamLease Services Ltd,India,Industrials,3174591
TeamViewer SE,Germany,Technology,66138417
Tecan Group AG,Switzerland,Health Care,113423626
Tech Mahindra Ltd,India,Technology,271804006
TechMatrix Corp,Japan,Technology,18402072
TechTarget Inc,United States,Technology,3245420
TechWing Inc,South Korea,Technology,1214356
Technip Energies NV,France,Energy,25706160
TechnipFMC PLC,United States,Energy,70786533
TechnoPro Holdings Inc,Japan,Technology,29637608
Technogym SpA,Italy,Consumer Discretionary,19711994
Technology One Ltd,Australia,Technology,47884749
Technoprobe SpA,Italy,Technology,25538103
Techtronic Industries Co Ltd,Hong Kong,Industrials,271442704
Teck Resources Ltd,Canada,Basic Materials,530544178
Tecnicas Reunidas SA,Spain,Energy,5707770
Tecnoglass Inc,United States,Industrials,2194221
Teco Electric and Machinery Co Ltd,Taiwan,Industrials,39848060
Teejay Lanka PLC,Sri Lanka,Basic Materials,2297551
Teijin Ltd,Japan,Basic Materials,24841362
Teikoku Sen-I Co Ltd,Japan,Consumer Discretionary,1588836
Tejas Networks Ltd,India,Telecommunications,58135920
Tekken Corp,Japan,Industrials,1007087
Tel Aviv Stock Exchange Ltd,Israel,Financials,1541197
Teladoc Health Inc,United States,Health Care,14934813
Telcon RF Pharmaceutical Inc,South Korea,Telecommunications,94479
Tele2 AB,Sweden,Telecommunications,121211460
Telecom Egypt Co,Egypt,Telecommunications,2345489
Telecom Italia SpA/Milano,Italy,Telecommunications,83560985
Telecom Plus PLC,United Kingdom,Telecommunications,42568509
Teledyne Technologies Inc,United States,Industrials,201548238
Teleflex Inc,United States,Health Care,113086238
Telefonaktiebolaget LM Ericsson,Sweden,Telecommunications,238672285
Telefonica Brasil SA,Brazil,Telecommunications,2533300
Telefonica SA,Spain,Telecommunications,462830848
Telekom Austria AG,Austria,Telecommunications,21323608
Telekom Malaysia Bhd,Malaysia,Telecommunications,80478467
Telekom Slovenije DD,Slovenia,Telecommunications,8046647
Teleperformance SE,France,Industrials,416138723
Telephone and Data Systems Inc,United States,Telecommunications,8824554
Television Broadcasts Ltd,Hong Kong,Consumer Discretionary,911709
Television Francaise 1 SA,France,Consumer Discretionary,19722048
Telia Co AB,Sweden,Telecommunications,148500997
Telix Pharmaceuticals Ltd,Australia,Health Care,76260519
Telkom Indonesia Persero Tbk PT,Indonesia,Telecommunications,112084143
Telkom SA SOC Ltd,South Africa,Telecommunications,14744432
Telos Corp,United States,Technology,604206
Telstra Group Ltd,Australia,Telecommunications,319722581
Temenos AG,Switzerland,Technology,93814638
Temple & Webster Group Ltd,Australia,Consumer Discretionary,7653308
Tempur Sealy International Inc,United States,Consumer Discretionary,115287007
Tempus AI Inc,United States,Health Care,36636250
Tenable Holdings Inc,United States,Technology,97666484
Tenaris SA,Italy,Energy,92451632
Tencent Holdings Ltd,China,Technology,5718838585
Tencent Music Entertainment Group,China,Consumer Discretionary,141421806
Tenet Healthcare Corp,United States,Health Care,237329378
Tenma Corp,Japan,Industrials,1320770
Tennant Co,United States,Industrials,16452376
Teradata Corp,United States,Technology,40592241
Teradyne Inc,United States,Technology,275921720
Terawulf Inc,United States,Technology,7160495
Terex Corp,United States,Industrials,42031295
Terna - Rete Elettrica Nazionale,Italy,Utilities,59176685
Terna Energy SA,Greece,Utilities,24400960
Ternium SA,Mexico,Basic Materials,13539028
TerraSky Co Ltd,Japan,Technology,538392
Terreno Realty Corp,United States,Real Estate,58396812
Terumo Corp,Japan,Health Care,403170878
Terveystalo Oyj,Finland,Health Care,7573622
Tesco PLC,United Kingdom,Consumer Staples,550438901
Tesla Inc,United States,Consumer Discretionary,5969820151
Tess Holdings Co Ltd,Japan,Utilities,587079
Tessenderlo Group SA,Belgium,Basic Materials,13736670
Test Research Inc,Taiwan,Technology,7739019
Test Rite International Co Ltd,Taiwan,Industrials,757349
Tetra Tech Inc,United States,Industrials,125222939
Teva Pharmaceutical Industries Ltd,Israel,Health Care,575373309
Texas Capital Bancshares Inc,United States,Financials,30197107
Texas Instruments Inc,United States,Technology,1864016418
Texas Roadhouse Inc,United States,Consumer Discretionary,139331160
Text SA,Poland,Telecommunications,12953756
Thai Airways International PCL,Thailand,Consumer Discretionary,354424
Thai Beverage PCL,Singapore,Consumer Staples,47737853
Thai Credit Bank PCL,Thailand,Financials,5313883
Thai Life Insurance PCL,Thailand,Financials,24537333
Thai Oil PCL,Thailand,Energy,48332121
Thai Optical Group PCL,Thailand,Health Care,2955068
Thai Stanley Electric PCL,Thailand,Consumer Discretionary,6181435
Thai Vegetable Oil PCL,Thailand,Consumer Staples,650695
Thaicom PCL,Thailand,Telecommunications,525035
Thales SA,France,Industrials,334497114
Thanachart Capital PCL,Thailand,Financials,20763995
Theme International Holdings Ltd,Hong Kong,Basic Materials,628
Thermax Ltd,India,Industrials,24518697
Thermo Fisher Scientific Inc,United States,Health Care,3035294234
Thermon Group Holdings Inc,United States,Industrials,1396504
Thinking Electronic Industrial Co Ltd,Taiwan,Technology,3253672
Thomson Reuters Corp,Canada,Financials,141844826
Thonburi Healthcare Group PCL,Thailand,Health Care,408747
Thong Guan Industries Bhd,Malaysia,Industrials,5154582
Thor Industries Inc,United States,Consumer Discretionary,54709275
Thule Group AB,Sweden,Consumer Discretionary,57230876
Thunder Software Technology Co Ltd,China,Technology,5570
Thyssenkrupp Nucera AG & Co KGaa,Germany,Energy,44170808
Tian Di Science & Technology Co Ltd,China,Industrials,32607423
Tian Lun Gas Holdings Ltd,China,Utilities,421735
Tiangong International Co Ltd,China,Basic Materials,19641566
Tianjin 712 Communication & Broadcasting Co Ltd,China,Telecommunications,15293069
Tianjin Capital Environmental Protection Group Co Ltd,China,Utilities,823872
Tianjin Pharmaceutical Da Re Tang Group Corp Ltd,China,Health Care,2560048
Tianli International Holdings Ltd,China,Consumer Discretionary,47603648
Tianneng Power International Ltd,China,Consumer Discretionary,1092195
Tianqi Lithium Corp,China,Basic Materials,6566734
Tien Phong Commercial Joint Stock Bank,Vietnam,Financials,4591428
TietoEVRY Oyj,Finland,Technology,66793114
Timah Tbk PT,Indonesia,Basic Materials,534351
Timken Co/The,United States,Basic Materials,60337089
Timken India Ltd,India,Industrials,18532365
Tinexta Spa,Italy,Financials,18299014
Tingyi Cayman Islands Holding Corp,China,Consumer Staples,19928657
Tipco Asphalt PCL,Thailand,Industrials,12291624
Tisco Financial Group PCL,Thailand,Financials,764932
Titagarh Rail System Ltd,India,Industrials,16155084
Titan Cement International SA,Greece,Industrials,11442271
Titan Co Ltd,India,Consumer Discretionary,183280735
Toa Corp/Hyogo,Japan,Consumer Discretionary,999389
Toa Corp/Tokyo,Japan,Industrials,7769511
Toagosei Co Ltd,Japan,Basic Materials,7769048
Toast Inc,United States,Technology,179039755
Tobu Railway Co Ltd,Japan,Industrials,65492411
Tocalo Co Ltd,Japan,Industrials,22569298
Toda Corp,Japan,Industrials,23565278
Toei Animation Co Ltd,Japan,Consumer Discretionary,10190462
Toei Co Ltd,Japan,Consumer Discretionary,1303991
Toenec Corp,Japan,Industrials,2494902
Tofas Turk Otomobil Fabrikasi AS,Türkiye,Consumer Discretionary,16593713
Toho Bank Ltd/The,Japan,Financials,1019582
Toho Co Ltd/Tokyo,Japan,Consumer Discretionary,52913013
Toho Gas Co Ltd,Japan,Utilities,23972855
Toho Holdings Co Ltd,Japan,Consumer Staples,17197565
Toho Titanium Co Ltd,Japan,Basic Materials,2730341
Toho Zinc Co Ltd,Japan,Basic Materials,302250
Tohoku Electric Power Co Inc,Japan,Utilities,49621829
Tohokushinsha Film Corp,Japan,Consumer Discretionary,48489
Tokai Carbon Co Ltd,Japan,Basic Materials,7107575
Tokai Carbon Korea Co Ltd,South Korea,Technology,29143864
Tokai Corp/Gifu,Japan,Industrials,2411747
Tokai Rika Co Ltd,Japan,Consumer Discretionary,4702095
Tokai Tokyo Financial Holdings Inc,Japan,Financials,8283989
Token Corp,Japan,Consumer Discretionary,4815870
Tokio Marine Holdings Inc,Japan,Financials,1523874968
Tokmanni Group Corp,Finland,Consumer Discretionary,5095847
Tokushu Tokai Paper Co Ltd,Japan,Basic Materials,332115
Tokuyama Corp,Japan,Basic Materials,17172457
Tokyo Cement Co Lanka PLC,Sri Lanka,Industrials,1958282
Tokyo Century Corp,Japan,Consumer Discretionary,39920303
Tokyo Electric Power Co Holdings Inc,Japan,Utilities,105683425
Tokyo Electron Device Ltd,Japan,Technology,3432301
Tokyo Electron Ltd,Japan,Technology,1891023345
Tokyo Energy & Systems Inc,Japan,Industrials,1137679
Tokyo Gas Co Ltd,Japan,Utilities,134886074
Tokyo Individualized Educational Institute Inc,Japan,Consumer Discretionary,419060
Tokyo Kiraboshi Financial Group Inc,Japan,Financials,7179271
Tokyo Ohka Kogyo Co Ltd,Japan,Basic Materials,72440441
Tokyo Seimitsu Co Ltd,Japan,Technology,43849569
Tokyo Steel Manufacturing Co Ltd,Japan,Basic Materials,7067059
Tokyo Tatemono Co Ltd,Japan,Real Estate,45447833
Tokyotokeiba Co Ltd,Japan,Consumer Discretionary,8510307
Tokyu Construction Co Ltd,Japan,Industrials,3008581
Tokyu Corp,Japan,Consumer Discretionary,80882142
Tokyu Fudosan Holdings Corp,Japan,Real Estate,72572620
Tokyu REIT Inc,Japan,Real Estate,6885579
Toll Brothers Inc,United States,Consumer Discretionary,137108890
TomTom NV,Netherlands,Technology,2806501
Tomoku Co Ltd,Japan,Industrials,700686
Tomy Co Ltd,Japan,Consumer Discretionary,14854624
Ton Yi Industrial Corp,Taiwan,Industrials,5861742
Tonami Holdings Co Ltd,Japan,Industrials,1128522
Tong Hsing Electronic Industries Ltd,Taiwan,Technology,12067386
Tong Yang Industry Co Ltd,Taiwan,Consumer Discretionary,29520445
Tong-Tai Machine & Tool Co Ltd,Taiwan,Industrials,1969132
Tongcheng Travel Holdings Ltd,China,Consumer Discretionary,61560088
Tongdao Liepin Group,China,Technology,250111
Tongwei Co Ltd,China,Energy,18520478
Tongyang Inc,South Korea,Industrials,470136
Tongyang Life Insurance Co Ltd,South Korea,Financials,652653
Tonies SE,Germany,Financials,9364523
Top Glove Corp Bhd,Malaysia,Health Care,37044041
TopBuild Corp,United States,Industrials,145294178
Topco Scientific Co Ltd,Taiwan,Technology,22318211
Topcon Corp,Japan,Industrials,28731046
Topdanmark AS,Denmark,Financials,75212515
Topgolf Callaway Brands Corp,United States,Consumer Discretionary,9259285
Topkey Corp,Taiwan,Consumer Discretionary,3386835
Topre Corp,Japan,Consumer Discretionary,20354998
Topsports International Holdings Ltd,China,Consumer Discretionary,31564706
Toptec Co Ltd,South Korea,Technology,203369
Topy Industries Ltd,Japan,Consumer Discretionary,1092400
Toray Industries Inc,Japan,Basic Materials,51201882
Toridoll Holdings Corp,Japan,Consumer Discretionary,11377251
Torii Pharmaceutical Co Ltd,Japan,Health Care,4749674
Torishima Pump Manufacturing Co Ltd,Japan,Industrials,402648
Toro Co/The,United States,Industrials,14423450
Toromont Industries Ltd,Canada,Industrials,88606062
Toronto-Dominion Bank/The,Canada,Financials,1021273869
Torrent Pharmaceuticals Ltd,India,Health Care,78669485
Torrent Power Ltd,India,Utilities,48500505
Tosei Corp,Japan,Real Estate,21593208
Tosei Reit Investment Corp,Japan,Real Estate,1407922
Toshiba TEC Corp,Japan,Technology,12546612
Tosho Co Ltd,Japan,Consumer Discretionary,640507
Tosoh Corp,Japan,Basic Materials,64386626
TotalEnergies SE,France,Energy,3200824666
Totech Corp,Japan,Industrials,2389003
Totetsu Kogyo Co Ltd,Japan,Industrials,9439513
Toung Loong Textile Manufacturing,Taiwan,Basic Materials,95335
Tovis Co Ltd,South Korea,Technology,7335999
Towa Corp,Japan,Technology,15272809
Towa Pharmaceutical Co Ltd,Japan,Health Care,11677437
Tower Semiconductor Ltd,Israel,Technology,13417662
Towne Bank/Portsmouth VA,United States,Financials,9020589
Towngas Smart Energy Co Ltd,China,Utilities,279875
Toya SA,Poland,Industrials,2828574
Toyo Construction Co Ltd,Japan,Industrials,8315054
Toyo Corp/Chuo-ku,Japan,Industrials,1174169
Toyo Kanetsu KK,Japan,Industrials,1041884
Toyo Seikan Group Holdings Ltd,Japan,Industrials,45518157
Toyo Suisan Kaisha Ltd,Japan,Consumer Staples,68485676
Toyo Tanso Co Ltd,Japan,Technology,5949226
Toyo Tire Corp,Japan,Consumer Discretionary,28506295
Toyobo Co Ltd,Japan,Basic Materials,20036917
Toyoda Gosei Co Ltd,Japan,Consumer Discretionary,19591662
Toyota Boshoku Corp,Japan,Consumer Discretionary,12814668
Toyota Industries Corp,Japan,Consumer Discretionary,278396041
Toyota Motor Corp,Japan,Consumer Discretionary,3926886942
Toyota Tsusho Corp,Japan,Industrials,231792871
Track & Field Co SA,Brazil,Consumer Discretionary,8657603
Tracsis PLC,United Kingdom,Technology,3665890
Tractor Supply Co,United States,Consumer Discretionary,344081790
Trade Desk Inc/The,United States,Consumer Discretionary,464468904
Tradeweb Markets Inc,United States,Financials,168828426
Trainline PLC,United Kingdom,Consumer Discretionary,33391072
Trancom Co Ltd,Japan,Industrials,8408399
Trane Technologies PLC,United States,Industrials,976819803
TransDigm Group Inc,United States,Industrials,1051350379
TransMedics Group Inc,United States,Health Care,59070302
TransUnion,United States,Industrials,120535066
Transcend Information Inc,Taiwan,Technology,16285576
Transcom Inc/Taiwan,Taiwan,Technology,6237227
Transcontinental Inc,Canada,Industrials,4225070
Transcosmos Inc,Japan,Industrials,28846998
Transmissora Alianca de Energia Eletrica S/A,Brazil,Utilities,960963
Transurban Group,Australia,Industrials,432701183
Traton SE,Germany,Industrials,39879285
Travel + Leisure Co,United States,Consumer Discretionary,38761560
TravelSky Technology Ltd,China,Technology,40258056
Travelers Cos Inc/The,United States,Financials,426005637
Travere Therapeutics Inc,United States,Health Care,583620
Travis Perkins PLC,United Kingdom,Industrials,1768811
Treace Medical Concepts Inc,United States,Health Care,2447200
Treasury Wine Estates Ltd,Australia,Consumer Staples,203971674
TreeHouse Foods Inc,United States,Consumer Staples,346724
Trelleborg AB,Sweden,Industrials,158442645
Trend Micro Inc/Japan,Japan,Technology,75522942
Trent Ltd,India,Consumer Discretionary,134825368
Trex Co Inc,United States,Industrials,101076480
Tri Chemical Laboratories Inc,Japan,Basic Materials,14667662
Tri Pointe Homes Inc,United States,Consumer Discretionary,20989146
TriMas Corp,United States,Industrials,4797740
TriNet Group Inc,United States,Industrials,26154300
Trial Holdings Inc,Japan,Consumer Discretionary,1877658
Trident Ltd/India,India,Basic Materials,4727218
Trifast PLC,United Kingdom,Industrials,2577160
Trigano SA,France,Consumer Discretionary,63719331
Trimble Inc,United States,Industrials,145122969
Trimegah Bangun Persada Tbk PT,Indonesia,Basic Materials,17502145
Trinity Industries Inc,United States,Industrials,6084082
Trip.com Group Ltd,China,Consumer Discretionary,687580714
TripAdvisor Inc,United States,Consumer Discretionary,22660340
Triple Flag Precious Metals Corp,Canada,Basic Materials,16219347
Tripod Technology Corp,Taiwan,Technology,62246809
Triputra Agro Persada PT,Indonesia,Consumer Staples,2961287
Tritax Big Box REIT PLC,United Kingdom,Real Estate,86048361
Triumph Financial Inc,United States,Financials,7105710
Triumph Group Inc,United States,Industrials,11387990
Triumph New Energy Co Ltd,China,Industrials,166765
Triveni Turbine Ltd,India,Industrials,9485251
Troax Group AB,Sweden,Basic Materials,8107865
Tronox Holdings PLC,United States,Basic Materials,873196
True Corp PCL,Thailand,Telecommunications,28888896
Truecaller AB,Sweden,Technology,18463654
Truist Financial Corp,United States,Financials,317874663
Truly International Holdings Ltd,Hong Kong,Technology,115
Trusco Nakayama Corp,Japan,Industrials,30383952
Trustmark Corp,United States,Financials,8719080
Trustpilot Group PLC,United Kingdom,Technology,8930794
Truworths International Ltd,South Africa,Consumer Discretionary,49280407
Tryg A/S,Denmark,Financials,198757796
Tsingtao Brewery Co Ltd,China,Consumer Staples,142698773
Tsogo Sun Limited,South Africa,Consumer Discretionary,4565818
Tsubaki Nakashima Co Ltd,Japan,Industrials,837501
Tsubakimoto Chain Co,Japan,Industrials,27629505
Tsuburaya Fields Holdings Inc,Japan,Consumer Discretionary,3088929
Tsugami Corp,Japan,Industrials,3549295
Tsukishima Holdings Co Ltd,Japan,Industrials,12810074
Tsumura & Co,Japan,Health Care,31434691
Tsuruha Holdings Inc,Japan,Consumer Staples,37724612
Tsurumi Manufacturing Co Ltd,Japan,Industrials,2562029
Tsutsumi Jewelry Co Ltd,Japan,Consumer Discretionary,619618
Tubacex SA,Spain,Basic Materials,313
Tube Investments of India Ltd,India,Basic Materials,54609930
Tung Ho Steel Enterprise Corp,Taiwan,Basic Materials,21907821
Tung Thih Electronic Co Ltd,Taiwan,Consumer Discretionary,1583728
Turk Hava Yollari AO,Türkiye,Consumer Discretionary,82260507
Turk Traktor ve Ziraat Makineleri AS,Türkiye,Industrials,73030077
Turk Tuborg Bira ve Malt Sanayii AS,Türkiye,Consumer Staples,3
Turkcell Iletisim Hizmetleri AS,Türkiye,Telecommunications,92058504
Turkiye Garanti Bankasi AS,Türkiye,Financials,24811039
Turkiye Is Bankasi AS,Türkiye,Financials,117454077
Turkiye Petrol Rafinerileri AS,Türkiye,Energy,87181276
Turkiye Sise ve Cam Fabrikalari AS,Türkiye,Industrials,9094353
Turpaz Industries Ltd,Israel,Consumer Staples,2207622
Tuya Inc,China,Technology,9
Tv Tokyo Holdings Corp,Japan,Consumer Discretionary,4379912
Twilio Inc,United States,Technology,137284546
Twist Bioscience Corp,United States,Health Care,11804088
Two Harbors Investment Corp,United States,Financials,15398144
Tyler Technologies Inc,United States,Technology,448687408
Tyntek Corp,Taiwan,Technology,1329593
Tyro Payments Ltd,Australia,Industrials,6631076
Tyson Foods Inc,United States,Consumer Staples,155674902
U-Haul Holding Co,United States,Consumer Discretionary,75430398
U-Ming Marine Transport Corp,Taiwan,Industrials,1389777
U-Next Holdings Co Ltd,Japan,Consumer Discretionary,3899664
UACJ Corp,Japan,Basic Materials,6241564
UBCare Co Ltd,South Korea,Health Care,497655
UBE Corp,Japan,Basic Materials,35610809
UBS Group AG,Switzerland,Financials,4929935613
UCB SA,Belgium,Health Care,490693101
UDR Inc,United States,Real Estate,1144343724
UEM Sunrise Bhd,Malaysia,Real Estate,13198230
UFP Industries Inc,United States,Basic Materials,89257616
UGI Corp,United States,Utilities,57754510
UL Solutions Inc,United States,Industrials,106878535
UMB Financial Corp,United States,Financials,22590303
UMS Holdings Ltd,Singapore,Technology,9342831
UNIQA Insurance Group AG,Austria,Financials,1218911
UNITE Group PLC/The,United Kingdom,Real Estate,405310015
UNO Minda Ltd,India,Consumer Discretionary,22466888
UOA Development Bhd,Malaysia,Real Estate,337
UOB-Kay Hian Holdings Ltd,Singapore,Financials,4317224
UOL Group Ltd,Singapore,Real Estate,33612815
UPC Technology Corp,Taiwan,Basic Materials,6025526
UPI Semiconductor Corp,Taiwan,Technology,6752524
UPL Ltd,India,Basic Materials,35637366
UPM-Kymmene Oyj,Finland,Basic Materials,456964199
US Bancorp,United States,Financials,585350338
US Foods Holding Corp,United States,Consumer Staples,122448912
USANA Health Sciences Inc,United States,Consumer Staples,2144240
USI Corp,Taiwan,Industrials,6565628
USS Co Ltd,Japan,Consumer Discretionary,57537265
UT Group Co Ltd,Japan,Industrials,14803917
UTI Asset Management Co Ltd,India,Financials,14740150
UTI Inc/Korea,South Korea,Technology,5629755
UWC BHD,Malaysia,Basic Materials,2743937
Uber Technologies Inc,United States,Consumer Discretionary,1924183376
Ubicom Holdings Inc,Japan,Technology,297311
Ubiquiti Inc,United States,Telecommunications,6538969
Ubisoft Entertainment SA,France,Consumer Discretionary,8073382
Uchi Technologies Bhd,Malaysia,Industrials,10362511
Uchida Yoko Co Ltd,Japan,Technology,1928805
Ufaorgsintez OAO,Russia,Basic Materials,15
UiPath Inc,United States,Technology,11828284
Ulta Beauty Inc,United States,Consumer Discretionary,210309183
Ultra Chip Inc,Taiwan,Technology,1274916
UltraTech Cement Ltd,India,Industrials,626999
Ultragenyx Pharmaceutical Inc,United States,Health Care,41201229
Ultrajaya Milk Industry & Trading Co Tbk PT,Indonesia,Consumer Staples,8041145
Ultrapar Participacoes SA,Brazil,Energy,37761484
Ulvac Inc,Japan,Technology,90743393
Umicore SA,Belgium,Basic Materials,302659666
Under Armour Inc,United States,Consumer Discretionary,30593163
Uni-Charm Indonesia Tbk PT,Indonesia,Consumer Staples,3958516
Uni-President China Holdings Ltd,China,Consumer Staples,23412187
Uni-President Enterprises Corp,Taiwan,Consumer Staples,171174733
UniCredit SpA,Italy,Financials,1513219278
UniFirst Corp/MA,United States,Industrials,30139536
UniTest Inc,South Korea,Technology,2798141
Unibail-Rodamco-Westfield,France,Real Estate,192498932
Unicaja Banco SA,Spain,Financials,278998745
Unicharm Corp,Japan,Consumer Staples,204290775
Unid Co Ltd,South Korea,Basic Materials,2734639
Unidata SpA,Italy,Telecommunications,3552015
Unifique Telecomunicacoes S/A,Brazil,Telecommunications,2768774
Unilever Indonesia Tbk PT,Indonesia,Consumer Staples,19840874
Unilever PLC,United Kingdom,Consumer Staples,3020742671
Unimicron Technology Corp,Taiwan,Technology,104707236
Union Bank Of Taiwan,Taiwan,Financials,612164
Union Bank of India Ltd,India,Financials,29484898
Union Bank of the Philippines,Philippines,Financials,154232
Union Pacific Corp,United States,Industrials,1808470839
Union Tool Co,Japan,Industrials,3207106
Uniper SE,Germany,Utilities,410006
Unipol Gruppo SpA,Italy,Financials,164567489
Unipres Corp,Japan,Consumer Discretionary,991389
Unipro PJSC,Russia,Utilities,0
Unique Engineering & Construction PCL,Thailand,Industrials,316343
Unisem M Bhd,Malaysia,Technology,68036084
Unisplendour Corp Ltd,China,Technology,142795195
Unitech Printed Circuit Board Corp,Taiwan,Technology,5351113
United Airlines Holdings Inc,United States,Consumer Discretionary,89094514
United Arrows Ltd,Japan,Consumer Discretionary,1543126
United Bankshares Inc/WV,United States,Financials,39206465
United Breweries Ltd,India,Consumer Staples,14602799
United Community Banks Inc/GA,United States,Financials,30666061
United Integrated Services Co Ltd,Taiwan,Industrials,35481405
United Internet AG,Germany,Technology,50202715
United Laboratories International Holdings Ltd/The,Hong Kong,Health Care,11999060
United Microelectronics Corp,Taiwan,Technology,263227031
United Overseas Bank Ltd,Singapore,Financials,355415426
United Paper PCL,Thailand,Industrials,3439934
United Parcel Service Inc,United States,Industrials,1092581798
United Parks & Resorts Inc,United States,Consumer Discretionary,4599514
United Renewable Energy Co Ltd/Taiwan,Taiwan,Energy,40835
United Rentals Inc,United States,Industrials,902071939
United Spirits Ltd,India,Consumer Staples,47017510
United States Lime & Minerals Inc,United States,Industrials,1820900
United States Steel Corp,United States,Basic Materials,109515634
United Super Markets Holdings Inc,Japan,Consumer Staples,1841982
United Therapeutics Corp,United States,Health Care,12401470
United U-Li Corp BHD,Malaysia,Basic Materials,1884458
United Urban Investment Corp,Japan,Real Estate,45389362
United Utilities Group PLC,United Kingdom,Utilities,196689099
UnitedHealth Group Inc,United States,Health Care,5914318001
Uniti Group Inc,United States,Real Estate,2556054
Unity Software Inc,United States,Technology,191846602
Universal Cement Corp,Taiwan,Industrials,2907781
Universal Display Corp,United States,Technology,109955704
Universal Entertainment Corp,Japan,Consumer Discretionary,2144638
Universal Health Services Inc,United States,Health Care,95229519
Universal Insurance Holdings Inc,United States,Financials,587188
Universal Music Group NV,Netherlands,Consumer Discretionary,953760201
Universal Robina Corp,Philippines,Consumer Staples,20629764
Universal Technical Institute Inc,United States,Consumer Discretionary,3223077
Universal Vision Biotechnology Co Ltd,Taiwan,Health Care,6282910
Unum Group,United States,Financials,748482286
Upbound Group Inc,United States,Consumer Discretionary,6688425
Upstart Holdings Inc,United States,Financials,6991817
Upwork Inc,United States,Technology,2984469
Uranium Energy Corp,United States,Basic Materials,90530151
Urban Edge Properties,United States,Real Estate,7509422
Urban Outfitters Inc,United States,Consumer Discretionary,26344576
Urteste SA,Poland,Health Care,875611
Usha Martin Ltd,India,Basic Materials,9010724
Ushio Inc,Japan,Industrials,19803526
Uzma Bhd,Malaysia,Energy,3199660
V-Guard Industries Ltd,India,Industrials,6767320
V-Mart Retail Ltd,India,Consumer Discretionary,990208
VA Tech Wabag Ltd,India,Utilities,25290522
VAT Group AG,Switzerland,Industrials,539509928
VBG Group AB,Sweden,Consumer Discretionary,306387
VF Corp,United States,Consumer Discretionary,102449259
VGI PCL,Thailand,Consumer Discretionary,75718
VGP NV,Belgium,Real Estate,59412813
VIA Labs Inc,Taiwan,Technology,775118
VICI Properties Inc,United States,Real Estate,398003407
VIDENDUM PLC,United Kingdom,Industrials,1839550
VIGO PHOTONICS SA,Poland,Technology,2887556
VIP Industries Ltd,India,Consumer Discretionary,7972631
VK IPJSC,Russia,Technology,424084
VNV Global AB,Sweden,Financials,1346894
VP Bank AG,Switzerland,Financials,1825006
VS Industry Bhd,Malaysia,Industrials,10226495
VS International Group Ltd,China,Industrials,189801
VSTECS Bhd,Malaysia,Technology,2138773
VSTECS Holdings Ltd,Hong Kong,Technology,3664336
VT Co Ltd,South Korea,Consumer Discretionary,6190502
VT Holdings Co Ltd,Japan,Consumer Discretionary,2568072
VTB Bank PJSC,Russia,Financials,1584248
VTech Holdings Ltd,Hong Kong,Telecommunications,18557338
VZ Holding AG,Switzerland,Financials,42090178
Vaibhav Global Ltd,India,Consumer Discretionary,1984569
Vail Resorts Inc,United States,Consumer Discretionary,57215953
Valamar Riviera DD,Croatia,Consumer Discretionary,5922942
Valaris Ltd,United States,Energy,42514766
Vale Indonesia Tbk PT,Indonesia,Basic Materials,22996766
Valeo SE,France,Consumer Discretionary,159345951
Valero Energy Corp,United States,Energy,689417939
Valiant Holding AG,Switzerland,Financials,44781238
Valid Solucoes e Servicos de Seguranca em Meios de Pagamento e Identificacao SA,Brazil,Industrials,6656747
Valley National Bancorp,United States,Financials,7360424
Vallourec SACA,France,Energy,61202173
Valmet Oyj,Finland,Industrials,838756
Valmont Industries Inc,United States,Industrials,68478843
Valneva SE,France,Health Care,3395977
Valor Holdings Co Ltd,Japan,Consumer Staples,5594063
Valqua Ltd,Japan,Basic Materials,1553854
Value Added Technology Co Ltd,South Korea,Health Care,11613955
Value Partners Group Ltd,Hong Kong,Financials,133473
ValueCommerce Co Ltd,Japan,Consumer Discretionary,5861285
Valvoline Inc,United States,Basic Materials,60427685
Van de Velde NV,Belgium,Consumer Discretionary,660
Vanda Pharmaceuticals Inc,United States,Health Care,649750
Vanguard International Semiconductor Corp,Taiwan,Technology,3766084
Vanquis Banking Group PLC,United Kingdom,Financials,5618197
Vantiva SA,France,Consumer Discretionary,3041
Vardhman Textiles Ltd,India,Basic Materials,6314186
Varex Imaging Corp,United States,Health Care,2404348
Varonis Systems Inc,United States,Technology,43949155
Varroc Engineering Ltd,India,Consumer Discretionary,15612651
Varun Beverages Ltd,India,Consumer Staples,600311614
Vastned Retail NV,Netherlands,Real Estate,4164323
Vatti Corp Ltd,China,Consumer Discretionary,46
Vaxcyte Inc,United States,Health Care,91509285
Vector Inc,Japan,Consumer Discretionary,2848890
Vector Ltd,New Zealand,Utilities,5807842
Vedant Fashions Ltd,India,Consumer Discretionary,69227480
Veem Ltd,Australia,Industrials,4758612
Veeva Systems Inc,United States,Health Care,235732985
Ventas Inc,United States,Real Estate,262451149
Ventia Services Group Pty Ltd,Australia,Industrials,26092333
Venture Corp Ltd,Singapore,Technology,48748741
Venus MedTech Hangzhou Inc,China,Health Care,534615
Venustech Group Inc,China,Technology,24984948
Veolia Environnement SA,France,Utilities,422826496
Vera Therapeutics Inc,United States,Health Care,6742252
Veracyte Inc,United States,Health Care,3389231
Verallia SA,France,Industrials,81542276
Veralto Corp,United States,Industrials,245833913
Verbio SE,Germany,Energy,10891357
Verbund AG,Austria,Utilities,63949878
VeriSign Inc,United States,Technology,185768463
Veris Residential Inc,United States,Real Estate,5357790
Verisk Analytics Inc,United States,Industrials,458121250
Verizon Communications Inc,United States,Telecommunications,2243854956
Verra Mobility Corp,United States,Industrials,38040587
Vertex Inc,United States,Technology,3937020
Vertex Pharmaceuticals Inc,United States,Health Care,1598373166
Vertiv Holdings Co,United States,Technology,372459374
Vertu Motors PLC,United Kingdom,Consumer Discretionary,6543993
Verve Therapeutics Inc,United States,Health Care,381548
Vestas Wind Systems A/S,Denmark,Energy,347614556
Vestis Corp,United States,Industrials,17707047
Vestland Bhd,Malaysia,Industrials,1149830
Vesuvius PLC,United Kingdom,Industrials,8123964
Vesync Co Ltd,United States,Consumer Discretionary,9784480
Vetropack Holding AG,Switzerland,Industrials,4683542
ViTrox Corp Bhd,Malaysia,Technology,23299939
Via Technologies Inc,Taiwan,Technology,25162693
Viasat Inc,United States,Telecommunications,3587839
Viatris Inc,United States,Health Care,131441544
Viavi Solutions Inc,United States,Telecommunications,615174
Vibra Energia SA,Brazil,Energy,72897309
Vicat SACA,France,Industrials,5558805
Vicinity Ltd,Australia,Real Estate,80771753
Vicor Corp,United States,Industrials,2610455
Victoria PLC,United Kingdom,Consumer Discretionary,1687036
Victoria's Secret & Co,United States,Consumer Discretionary,80876
Victrex PLC,United Kingdom,Basic Materials,106880597
Vidente Co Ltd,South Korea,Technology,263229
Vidrala SA,Spain,Industrials,62287462
Vienna Insurance Group AG Wiener Versicherung Gruppe,Austria,Financials,6902575
Vietcap Securities JSC,Vietnam,Financials,5326827
Vietnam Construction and Import-Export JSC,Vietnam,Industrials,3857110
Vietnam Dairy Products JSC,Vietnam,Consumer Staples,8547094
Vietnam Joint Stock Commercial Bank for Industry and Trade,Vietnam,Financials,25182972
Vietnam Prosperity JSC Bank,Vietnam,Financials,28798938
Vietnam Technological & Commercial Joint Stock Bank,Vietnam,Financials,28940491
Vieworks Co Ltd,South Korea,Health Care,5846275
Viglacera Corp JSC,Vietnam,Industrials,6928293
Viking Holdings Ltd,United States,Consumer Discretionary,208574129
Viking Therapeutics Inc,United States,Health Care,9667381
Villar International Ltd,Israel,Real Estate,2968323
Vina Concha y Toro SA,Chile,Consumer Staples,17001405
Vina Tech Co Ltd,South Korea,Technology,2408018
Vinati Organics Ltd,India,Basic Materials,5308862
Vinci SA,France,Industrials,1095159767
Vincom Retail JSC,Vietnam,Consumer Discretionary,6582928
Vinh Hoan Corp,Vietnam,Consumer Staples,3957351
Vinhomes JSC,Vietnam,Real Estate,16703372
Vipshop Holdings Ltd,China,Consumer Discretionary,56220347
Vir Biotechnology Inc,United States,Health Care,257210
Virbac SACA,France,Health Care,35434245
Virgin Galactic Holdings Inc,United States,Industrials,-8
Virgin Money UK PLC,United Kingdom,Financials,118587972
Viridien,France,Energy,3404955
Virtu Financial Inc,United States,Financials,15209965
Virtus Investment Partners Inc,United States,Financials,13614916
VisEra Technologies Co Ltd,Taiwan,Technology,43766164
Visa Inc,United States,Industrials,3828181906
Viscofan SA,Spain,Consumer Staples,75693531
Vishay Intertechnology Inc,United States,Technology,246615522
Vision Inc/Tokyo Japan,Japan,Telecommunications,12142817
Vista Land & Lifescapes Inc,Philippines,Real Estate,706680
Vista Outdoor Inc,United States,Consumer Discretionary,10622006
Visteon Corp,United States,Consumer Discretionary,34874255
Vistra Corp,United States,Utilities,207573776
Vistry Group PLC,United Kingdom,Consumer Discretionary,101210917
Visual Photonics Epitaxy Co Ltd,Taiwan,Technology,13569509
Vital Farms Inc,United States,Consumer Staples,16912032
Vital Healthcare Property Trust,New Zealand,Real Estate,5537761
Vital KSK Holdings Inc,Japan,Consumer Staples,1275039
Vitasoy International Holdings Ltd,Hong Kong,Consumer Staples,633271
Vitec Software Group AB,Sweden,Technology,41421125
Vitrolife AB,Sweden,Health Care,25104141
Vitru Brasil Empreendimentos Participacoes e Comercio SA,Brazil,Consumer Discretionary,4253085
Vitzrocell Co Ltd,South Korea,Industrials,5537786
Viva Biotech Holdings,China,Health Care,196186
Viva Energy Group Ltd,Australia,Energy,48469635
Viva Leisure Ltd,Australia,Consumer Discretionary,2832534
Vivendi SE,France,Consumer Discretionary,169243850
Vivotek Inc,Taiwan,Industrials,477713
Vnet Group Inc,China,Technology,10134770
Vobile Group Ltd,Hong Kong,Technology,3011886
Vodafone Group PLC,United Kingdom,Telecommunications,408753170
Vodafone Idea Ltd,India,Telecommunications,65665556
Volati AB,Sweden,Industrials,1569547
Volcano Bhd,Malaysia,Industrials,839428
Volkswagen AG,Germany,Consumer Discretionary,383655969
Voltalia SA,France,Utilities,8685651
Voltamp Transformers Ltd,India,Industrials,10252223
Voltas Ltd,India,Industrials,44400721
Voltronic Power Technology Corp,Taiwan,Industrials,50481800
Volution Group PLC,United Kingdom,Industrials,33965190
Volvo AB,Sweden,Industrials,578696941
Volvo Car AB,Sweden,Consumer Discretionary,32548637
Vonovia SE,Germany,Real Estate,3444631763
Vontier Corp,United States,Industrials,69063423
Vontobel Holding AG,Switzerland,Financials,40926198
Vornado Realty Trust,United States,Real Estate,455930986
Vossloh AG,Germany,Industrials,11173475
Voxel SA,Poland,Health Care,6073708
Voya Financial Inc,United States,Financials,94231273
Vukile Property Fund Ltd,South Africa,Real Estate,2801147
Vulcan Energy Resources Ltd,Australia,Basic Materials,15393
Vulcan Materials Co,United States,Industrials,337028046
Vulcan Steel Ltd,Australia,Basic Materials,5440429
VusionGroup,France,Industrials,24337473
W R Berkley Corp,United States,Financials,296548583
W-Scope Chungju Plant Co Ltd,South Korea,Industrials,12098025
W-Scope Corp,Japan,Industrials,1358458
WAG Payment Solutions PLC,United Kingdom,Industrials,3679999
WATAMI Co Ltd,Japan,Consumer Discretionary,629853
WCT Holdings Bhd,Malaysia,Industrials,1940023
WD-40 Co,United States,Consumer Staples,34082417
WDB Holdings Co Ltd,Japan,Industrials,384788
WEG SA,Brazil,Industrials,8275702
WESCO International Inc,United States,Industrials,86302251
WEX Inc,United States,Industrials,81647015
WH Group Ltd,Hong Kong,Consumer Staples,54897346
WH Smith PLC,United Kingdom,Consumer Discretionary,44231655
WHA Corp PCL,Thailand,Real Estate,35542200
WK Kellogg Co,United States,Consumer Staples,825650
WONIK IPS Co Ltd,South Korea,Technology,5893122
WP Carey Inc,United States,Real Estate,135946746
WPG Holdings Ltd,Taiwan,Technology,28954660
WPP PLC,United Kingdom,Consumer Discretionary,109359928
WSFS Financial Corp,United States,Financials,24063530
WSP Global Inc,Canada,Industrials,237526698
WT Microelectronics Co Ltd,Taiwan,Technology,37189183
WUS Printed Circuit Co Ltd,Taiwan,Technology,2100383
WUS Printed Circuit Kunshan Co Ltd,China,Technology,2659290
WW Grainger Inc,United States,Industrials,438850438
WaFd Inc,United States,Financials,10731218
Waberer's International Nyrt,Hungary,Industrials,151994
Wacker Chemie AG,Germany,Basic Materials,136583339
Wacker Neuson SE,Germany,Industrials,3720172
Wacoal Holdings Corp,Japan,Consumer Discretionary,3004600
Wacom Co Ltd,Japan,Technology,7131507
Wafa Assurance,Morocco,Financials,195649
Wafer Works Corp,Taiwan,Technology,10729937
Waffer Technology Corp,Taiwan,Basic Materials,6828291
Wah Lee Industrial Corp,Taiwan,Technology,15429513
Wakita & Co Ltd,Japan,Industrials,4284014
Wal-Mart de Mexico SAB de CV,Mexico,Consumer Discretionary,158058560
Walgreens Boots Alliance Inc,United States,Consumer Staples,81812406
Walker & Dunlop Inc,United States,Financials,40214471
Wallenstam AB,Sweden,Real Estate,19642643
Walmart Inc,United States,Consumer Discretionary,4625356498
Walsin Lihwa Corp,Taiwan,Industrials,286986
Walsin Technology Corp,Taiwan,Technology,14975621
Walt Disney Co/The,United States,Consumer Discretionary,2092272241
Walton Hi-Tech Industries Ltd,Bangladesh,Consumer Discretionary,1623924
Wan Hai Lines Ltd,Taiwan,Industrials,32901
Wanhua Chemical Group Co Ltd,China,Basic Materials,383664150
Want Want China Holdings Ltd,China,Consumer Staples,21024790
Warabeya Nichiyo Holdings Co Ltd,Japan,Consumer Staples,1579504
Warehouses De Pauw CVA,Belgium,Real Estate,290990123
Warner Bros Discovery Inc,United States,Consumer Discretionary,78541186
Warsaw Stock Exchange,Poland,Financials,1520
Wartsila OYJ Abp,Finland,Industrials,8862245
Wasco Bhd,Malaysia,Energy,4082382
Waste Connections Inc,Canada,Utilities,690110564
Waste Management Inc,United States,Utilities,1014270628
Watches of Switzerland Group PLC,United Kingdom,Consumer Discretionary,17851211
Waters Corp,United States,Industrials,191567687
Watsco Inc,United States,Industrials,109646592
Watts Water Technologies Inc,United States,Industrials,57605502
Wawel SA,Poland,Consumer Staples,536720
Wayfair Inc,United States,Consumer Discretionary,54221046
Waypoint REIT Ltd,Australia,Real Estate,8120701
Waystar Holding Corp,United States,Health Care,79055543
We Buy Cars Pty Ltd,South Africa,Consumer Discretionary,7059322
Weatherford International PLC,United States,Energy,119215116
Weathernews Inc,Japan,Industrials,1536510
Weave Communications Inc,United States,Technology,2880086
Webjet Ltd,Australia,Consumer Discretionary,19573353
Webster Financial Corp,United States,Financials,85184101
Webtoon Entertainment Inc,United States,Consumer Discretionary,15981000
Webuild SpA,Italy,Industrials,13319939
Webzen Inc,South Korea,Consumer Discretionary,368298
Wei Chuan Foods Corp,Taiwan,Consumer Staples,951328
Weibo Corp,China,Technology,8542095
Weifu High-Technology Group Co Ltd,China,Consumer Discretionary,2691552
Weilong Delicious Global Holdings Ltd,China,Consumer Staples,1941773
Weimob Inc,China,Technology,3294897
Weir Group PLC/The,United Kingdom,Industrials,124342336
Weis Markets Inc,United States,Consumer Staples,4747609
Welcia Holdings Co Ltd,Japan,Consumer Staples,21166306
Well Chip Group Bhd,Malaysia,Consumer Discretionary,129432
Wellneo Sugar Co Ltd,Japan,Consumer Staples,230142
Wells Fargo & Co,United States,Financials,2623004308
Welltower Inc,United States,Real Estate,3415706839
Welspun Corp Ltd,India,Basic Materials,7999949
Welspun Living Ltd,India,Basic Materials,8651317
Weltrend Semiconductor,Taiwan,Technology,2480572
Wemade Co Ltd,South Korea,Consumer Discretionary,1267354
Wendel SE,France,Financials,53396382
Wendy's Co/The,United States,Consumer Discretionary,11634255
Wereldhave NV,Netherlands,Real Estate,3939121
Werner Enterprises Inc,United States,Industrials,2103830
WesBanco Inc,United States,Financials,3169878
Wesfarmers Ltd,Australia,Consumer Discretionary,816041779
West African Resources Ltd,Australia,Basic Materials,15449064
West Fraser Timber Co Ltd,Canada,Basic Materials,73089743
West Holdings Corp,Japan,Utilities,3163667
West Japan Railway Co,Japan,Industrials,111524189
West Pharmaceutical Services Inc,United States,Health Care,279228514
Westamerica BanCorp,United States,Financials,7158418
Western Alliance Bancorp,United States,Financials,69695712
Western Digital Corp,United States,Technology,438921896
Western Mining Co Ltd,China,Basic Materials,27084129
Western Superconducting Technologies Co Ltd,China,Basic Materials,7634103
Western Union Co/The,United States,Industrials,28457789
Westinghouse Air Brake Technologies Corp,United States,Industrials,288821044
Westlake Corp,United States,Basic Materials,55988715
Westlife Foodworld Ltd,India,Consumer Discretionary,6524758
Westpac Banking Corp,Australia,Financials,702999092
Westports Holdings Bhd,Malaysia,Industrials,14927329
Westrock Co,United States,Industrials,245347909
Westshore Terminals Investment Corp,Canada,Industrials,3386028
Weyerhaeuser Co,United States,Real Estate,633315773
Wharf Holdings Ltd/The,Hong Kong,Real Estate,15233880
Wharf Real Estate Investment Co Ltd,Hong Kong,Real Estate,66162215
Wheaton Precious Metals Corp,Canada,Basic Materials,430684323
Whirlpool Corp,United States,Consumer Discretionary,13410786
Whirlpool of India Ltd,India,Consumer Discretionary,10927173
Whitbread PLC,United Kingdom,Consumer Discretionary,312594216
White Mountains Insurance Group Ltd,United States,Financials,54716150
Wickes Group PLC,United Kingdom,Consumer Discretionary,3912949
Widodo Makmur Perkasa Tbk PT,Indonesia,Consumer Staples,245496
Wienerberger AG,Austria,Industrials,88881834
Wihlborgs Fastigheter AB,Sweden,Real Estate,40408834
Wiit SpA,Italy,Technology,10536552
Wilcon Depot Inc,Philippines,Consumer Discretionary,6403276
Will Semiconductor Co Ltd Shanghai,China,Technology,96742214
WillScot Mobile Mini Holdings Corp,United States,Industrials,115626504
Willfar Information Technology Co Ltd,China,Telecommunications,16562895
Williams Cos Inc/The,United States,Energy,367378160
Williams-Sonoma Inc,United States,Consumer Discretionary,208808097
Willis Towers Watson PLC,United States,Financials,377272937
Wilmington PLC,United Kingdom,Consumer Discretionary,7567535
Win Semiconductors Corp,Taiwan,Technology,27432967
WinWay Technology Co Ltd,Taiwan,Technology,19516669
Winbond Electronics Corp,Taiwan,Technology,42040927
WingArc1st Inc,Japan,Technology,11830228
Wingstop Inc,United States,Consumer Discretionary,153497010
Wingtech Technology Co Ltd,China,Telecommunications,2961238
Winnebago Industries Inc,United States,Consumer Discretionary,7728541
Winning Health Technology Group Co Ltd,China,Health Care,248367
Winpak Ltd,Canada,Industrials,5683653
Wintrust Financial Corp,United States,Financials,52272084
Wipro Ltd,India,Technology,179862366
Wirtualna Polska Holding SA,Poland,Technology,13594118
Wisdom Marine Lines Co Ltd,Taiwan,Industrials,1972
WisdomTree Inc,United States,Financials,866788
Wise PLC,United Kingdom,Industrials,156404015
WiseTech Global Ltd,Australia,Technology,189347838
Wistron Corp,Taiwan,Technology,87063487
Wistron NeWeb Corp,Taiwan,Telecommunications,31850740
Wittchen SA,Poland,Consumer Discretionary,3103316
Wiwynn Corp,Taiwan,Technology,67834102
Wix.com Ltd,United States,Technology,47009480
Wizz Air Holdings Plc,Hungary,Consumer Discretionary,41156984
Wockhardt Ltd,India,Health Care,2887660
Wolfspeed Inc,United States,Technology,24312642
Wolters Kluwer NV,Netherlands,Consumer Discretionary,742155816
Wonik Holdings Co Ltd,South Korea,Technology,56413
Wonik Materials Co Ltd,South Korea,Basic Materials,13255512
Woodward Inc,United States,Industrials,116228804
Woolworths Group Ltd,Australia,Consumer Staples,469639730
Woolworths Holdings Ltd/South Africa,South Africa,Consumer Discretionary,59165546
Woongjin Thinkbig Co Ltd,South Korea,Consumer Discretionary,389183
Woori Financial Group Inc,South Korea,Financials,40979892
Woori Technology Investment Co Ltd,South Korea,Financials,6578101
Workday Inc,United States,Technology,1187350410
Workiva Inc,United States,Technology,33428033
Workman Co Ltd,Japan,Consumer Discretionary,9872716
Workpoint Entertainment PCL,Thailand,Consumer Discretionary,274518
Workspace Group PLC,United Kingdom,Real Estate,34617030
World Acceptance Corp,United States,Financials,2088502
World Co Ltd,Japan,Consumer Discretionary,12417884
World Holdings Co Ltd,Japan,Industrials,552906
World Kinect Corp,United States,Energy,14613301
Worldline SA/France,France,Industrials,145003966
Worley Ltd,Australia,Industrials,110235375
Worthington Enterprises Inc,United States,Consumer Discretionary,17072168
Wowow Inc,Japan,Consumer Discretionary,197561
Wowprime Corp,Taiwan,Consumer Discretionary,3542635
WuXi AppTec Co Ltd,China,Health Care,24481743
Wuestenrot & Wuerttembergische AG,Germany,Financials,2839971
Wuhan DR Laser Technology Corp Ltd,China,Technology,13019802
Wuhan Raycus Fiber Laser Technologies Co Ltd,China,Industrials,3068501
Wuliangye Yibin Co Ltd,China,Consumer Staples,122233746
Wuxi Autowell Technology Co Ltd,China,Technology,950946
Wuxi Biologics Cayman Inc,China,Health Care,99864889
Wuxi Lead Intelligent Equipment Co Ltd,China,Industrials,118
Wuxi NCE Power Co Ltd,China,Technology,23003030
Wyndham Hotels & Resorts Inc,United States,Consumer Discretionary,63008262
Wynn Macau Ltd,Hong Kong,Consumer Discretionary,36684134
Wynn Resorts Ltd,United States,Consumer Discretionary,129277649
X-Fab Silicon Foundries SE,France,Technology,3444597
X5 Retail Group NV,Russia,Consumer Staples,1026461
XD Inc,China,Consumer Discretionary,4719343
XJ International Holdings Co Ltd,China,Consumer Discretionary,1066
XL Axiata Tbk PT,Indonesia,Telecommunications,30793131
XP Inc,United States,Financials,128297014
XP Power Ltd,United Kingdom,Industrials,6943165
XPEC Entertainment Inc,Taiwan,Consumer Discretionary,11044
XPO Inc,United States,Industrials,162611079
XPS Pensions Group PLC,United Kingdom,Financials,11880198
XPeng Inc,China,Consumer Discretionary,54596313
XTB SA,Poland,Financials,24057910
Xaar PLC,United Kingdom,Industrials,7419214
Xebio Holdings Co Ltd,Japan,Consumer Discretionary,519758
Xencor Inc,United States,Health Care,4162574
Xenia Hotels & Resorts Inc,United States,Real Estate,7028034
Xenon Pharmaceuticals Inc,United States,Health Care,11698014
Xero Ltd,Australia,Technology,233805673
Xerox Holdings Corp,United States,Technology,7764716
Xiabuxiabu Catering Management China Holdings Co Ltd,China,Consumer Discretionary,709268
Xiamen Faratronic Co Ltd,China,Technology,13533450
Xiaomi Corp,China,Telecommunications,321996323
XinTec Inc,Taiwan,Technology,11601806
Xingda International Holdings Ltd,China,Basic Materials,157
Xinhua Winshare Publishing and Media Co Ltd,China,Consumer Discretionary,6537352
Xinyi Energy Holdings Ltd,China,Utilities,425
Xinyi Glass Holdings Ltd,Hong Kong,Industrials,39190921
Xinyi Solar Holdings Ltd,China,Energy,26645745
Xior Student Housing NV,Belgium,Real Estate,10298679
Xtpl SA,Poland,Technology,1715650
Xuji Electric Co Ltd,China,Industrials,45434482
Xxentria Technology Materials Corp,Taiwan,Industrials,1035309
Xylem Inc/NY,United States,Industrials,326522579
Y G-1 Co Ltd,South Korea,Industrials,1384958
YA-MAN Ltd,Japan,Consumer Staples,1271900
YAKUODO Holdings Co Ltd,Japan,Consumer Staples,1013050
YAMABIKO Corp,Japan,Industrials,1128601
YBS International Bhd,Malaysia,Industrials,670435
YC INOX Co Ltd,Taiwan,Basic Materials,2261842
YDUQS Participacoes SA,Brazil,Consumer Discretionary,4627586
YETI Holdings Inc,United States,Consumer Discretionary,18247031
YG Entertainment Inc,South Korea,Consumer Discretionary,754619
YHI International Ltd,Singapore,Consumer Discretionary,181688
YIT Oyj,Finland,Industrials,4264093
YNH Property Bhd,Malaysia,Real Estate,1501855
YTL Corp Bhd,Malaysia,Utilities,24008490
YTL Power International Bhd,Malaysia,Utilities,21313321
YTO Express Group Co Ltd,China,Industrials,14418666
Yadea Group Holdings Ltd,China,Consumer Discretionary,41150621
Yageo Corp,Taiwan,Technology,122762818
Yahagi Construction Co Ltd,Japan,Industrials,1436469
Yakult Honsha Co Ltd,Japan,Consumer Staples,44515225
Yamada Holdings Co Ltd,Japan,Consumer Discretionary,26884702
Yamae Group Holdings Co Ltd,Japan,Consumer Staples,3048119
Yamagata Bank Ltd/The,Japan,Financials,966755
Yamaguchi Financial Group Inc,Japan,Financials,35537763
Yamaha Corp,Japan,Consumer Discretionary,45679105
Yamaha Motor Co Ltd,Japan,Consumer Discretionary,141024059
Yamaichi Electronics Co Ltd,Japan,Technology,3223182
Yamami Co,Japan,Consumer Staples,2113624
Yamashin-Filter Corp,Japan,Industrials,311255
Yamato Holdings Co Ltd,Japan,Industrials,27609676
Yamato Kogyo Co Ltd,Japan,Basic Materials,30194028
Yamazaki Baking Co Ltd,Japan,Consumer Staples,48376765
Yamazen Corp,Japan,Industrials,10447990
YanTai Shuangta Food Co Ltd,China,Consumer Staples,501292
Yandex NV,Russia,Technology,10076823
Yang Ming Marine Transport Corp,Taiwan,Industrials,82967418
Yangtze Optical Fibre & Cable Joint Stock Ltd Co,China,Telecommunications,1489
Yangzhou Yangjie Electronic Technology Co Ltd,China,Technology,7245619
Yangzijiang Financial Holding Ltd,China,Financials,1797403
Yangzijiang Shipbuilding Holdings Ltd,China,Industrials,46654415
Yankey Engineering Co Ltd,Taiwan,Industrials,10575898
Yanlord Land Group Ltd,China,Real Estate,65
Yantai Changyu Pioneer Wine Co Ltd,China,Consumer Staples,2969921
Yaoko Co Ltd,Japan,Consumer Staples,26082047
Yapi ve Kredi Bankasi AS,Türkiye,Financials,76547665
Yaskawa Electric Corp,Japan,Industrials,114906638
Yatas Yatak ve Yorgan Sanayi ve Ticaret AS,Türkiye,Consumer Discretionary,4708782
Yeahka Ltd,China,Industrials,745959
Yellow Cake PLC,United Kingdom,Basic Materials,4525594
Yellow Hat Ltd,Japan,Consumer Discretionary,3121286
Yelp Inc,United States,Technology,12418378
Yeong Guan Energy Technology Group Co Ltd,Taiwan,Basic Materials,86694
Yes Bank Ltd,India,Financials,52531618
Yest Co Ltd,South Korea,Technology,2300364
YiChang HEC ChangJiang Pharmaceutical Co Ltd,China,Health Care,3590768
Yidu Tech Inc,China,Health Care,295916
Yieh Phui Enterprise Co Ltd,Taiwan,Basic Materials,5779930
Yihai International Holding Ltd,China,Consumer Staples,12428171
Yihai Kerry Arawana Holdings Co Ltd,China,Consumer Staples,3317307
Yincheng Life Service Co Ltd,China,Real Estate,1236658
Yinson Holdings BHD,Malaysia,Energy,4608140
Yodogawa Steel Works Ltd,Japan,Basic Materials,7151613
Yokogawa Bridge Holdings Corp,Japan,Industrials,6942554
Yokogawa Electric Corp,Japan,Industrials,91380229
Yokohama Rubber Co Ltd/The,Japan,Consumer Discretionary,28454232
Yokorei Co Ltd,Japan,Consumer Staples,1252722
Yokowo Co Ltd,Japan,Industrials,538394
Yondoshi Holdings Inc,Japan,Consumer Discretionary,780679
Yonex Co Ltd,Japan,Consumer Discretionary,3949465
Yong Tai Bhd,Malaysia,Real Estate,56534
Yonyou Network Technology Co Ltd,China,Technology,328564
Yorozu Corp,Japan,Consumer Discretionary,557348
Yoshinoya Holdings Co Ltd,Japan,Consumer Discretionary,7312862
YouGov PLC,United Kingdom,Consumer Discretionary,3898706
Youdao Inc,China,Consumer Discretionary,378672
Youngone Corp,South Korea,Consumer Discretionary,24755203
Youngone Holdings Co Ltd,South Korea,Consumer Discretionary,16142379
Ypsomed Holding AG,Switzerland,Health Care,39071017
Yuan Longping High-tech Agriculture Co Ltd,China,Consumer Staples,859387
Yuanta Financial Holding Co Ltd,Taiwan,Financials,171391086
Yuanta Securities Korea Co Ltd,South Korea,Financials,236088
Yuasa Trading Co Ltd,Japan,Industrials,4772585
Yue Yuen Industrial Holdings Ltd,Hong Kong,Consumer Discretionary,22431141
Yuexiu Property Co Ltd,China,Real Estate,7362211
Yuexiu Real Estate Investment Trust,China,Real Estate,102
Yuexiu Transport Infrastructure Ltd,China,Industrials,2811225
Yuhan Corp,South Korea,Health Care,14738908
Yukiguni Maitake Co Ltd,Japan,Consumer Staples,627840
Yulon Finance Corp,Taiwan,Financials,21775562
Yulon Motor Co Ltd,Taiwan,Consumer Discretionary,20927819
Yulon Nissan Motor Co Ltd,Taiwan,Consumer Discretionary,2175316
Yum China Holdings Inc,China,Consumer Discretionary,264759501
Yum! Brands Inc,United States,Consumer Discretionary,393988627
Yung Chi Paint & Varnish Manufacturing Co Ltd,Taiwan,Industrials,3623325
YungShin Global Holding Corp,Taiwan,Health Care,2820717
Yungjin Pharmaceutical Co Ltd,South Korea,Health Care,126118
Yunnan Energy Investment Co Ltd,China,Basic Materials,1593045
Yunnan Energy New Material Co Ltd,China,Industrials,19224569
Yunnan Yuntianhua Co Ltd,China,Basic Materials,47979358
Yunsung F&C Co Ltd,South Korea,Industrials,777804
Yurtec Corp,Japan,Industrials,3500044
Yushin Precision Equipment Co Ltd,Japan,Industrials,682753
Yutong Bus Co Ltd,China,Industrials,89283227
ZEEKR Intelligent Technology Holding Ltd,China,Consumer Discretionary,244581
ZERIA Pharmaceutical Co Ltd,Japan,Health Care,4219170
ZF Commercial Vehicle Control Systems India Ltd,India,Consumer Discretionary,16309201
ZIGExN Co Ltd,Japan,Technology,1089233
ZIM Integrated Shipping Services Ltd,United States,Industrials,77395
ZJLD Group Inc,China,Consumer Staples,21439932
ZOZO Inc,Japan,Consumer Discretionary,16679817
ZTO Express Cayman Inc,China,Industrials,80290984
Zai Lab Ltd,China,Health Care,17039509
Zalando SE,Germany,Consumer Discretionary,82237594
Zamet Industry SA,Poland,Industrials,353560
Zavarovalnica Triglav DD,Slovenia,Financials,10068760
Zealand Pharma A/S,Denmark,Health Care,235518027
Zebra Technologies Corp,United States,Industrials,140746963
Zee Entertainment Enterprises Ltd,India,Consumer Discretionary,68710895
Zegona Communications plc,United Kingdom,Telecommunications,33420500
Zehnder Group AG,Switzerland,Industrials,5433594
Zeng Hsing Industrial Co Ltd,Taiwan,Consumer Discretionary,1300882
Zenkoku Hosho Co Ltd,Japan,Financials,34522396
Zenrin Co Ltd,Japan,Technology,1091583
Zensar Technologies Ltd,India,Technology,10215332
Zensho Holdings Co Ltd,Japan,Consumer Discretionary,69084046
Zentalis Pharmaceuticals Inc,United States,Health Care,292545
Zeon Corp,Japan,Basic Materials,18767531
Zhejiang Dun'An Artificial Environment Co Ltd,China,Industrials,8472006
Zhejiang Expressway Co Ltd,China,Industrials,3698943
Zhejiang Huahai Pharmaceutical Co Ltd,China,Health Care,24182028
Zhejiang Huayou Cobalt Co Ltd,China,Basic Materials,14125
Zhejiang JIULI Hi-tech Metals Co Ltd,China,Basic Materials,95139145
Zhejiang Jingsheng Mechanical & Electrical Co Ltd,China,Technology,104744641
Zhejiang Leapmotor Technology Co Ltd,China,Consumer Discretionary,33284602
Zhejiang NHU Co Ltd,China,Consumer Staples,71102445
Zhejiang Orient Gene Biotech Co Ltd,China,Health Care,3550476
Zhejiang Sanhua Intelligent Controls Co Ltd,China,Industrials,8715542
Zhejiang Shuanghuan Driveline Co Ltd,China,Consumer Discretionary,43824066
Zhejiang Wolwo Bio-Pharmaceutical Co Ltd,China,Health Care,1010882
Zhen Ding Technology Holding Ltd,Taiwan,Technology,67568811
ZhongAn Online P&C Insurance Co Ltd,China,Financials,7131613
Zhongji Innolight Co Ltd,China,Telecommunications,91406063
Zhongsheng Group Holdings Ltd,China,Consumer Discretionary,14351134
Zhongyu Energy Holdings Ltd,China,Utilities,88639
Zhou Hei Ya International Holdings Co Ltd,China,Consumer Staples,1234337
Zhuzhou CRRC Times Electric Co Ltd,China,Industrials,95449466
Ziff Davis Inc,United States,Technology,29542087
Zignago Vetro SpA,Italy,Industrials,7040554
Zigup PLC,United Kingdom,Industrials,25338487
Zillow Group Inc,United States,Real Estate,138863199
Zimmer Biomet Holdings Inc,United States,Health Care,234248330
Zimvie Inc,United States,Health Care,2956
Zinus Inc,South Korea,Consumer Discretionary,5981969
Zinwell Corp,Taiwan,Telecommunications,1156018
Zions Bancorp NA,United States,Financials,50923579
Zip Co Ltd,Australia,Industrials,14975287
Zoetis Inc,United States,Health Care,848208007
Zojirushi Corp,Japan,Consumer Discretionary,3730707
Zomato Ltd,India,Technology,215748744
Zoom Video Communications Inc,United States,Technology,87932309
ZoomInfo Technologies Inc,United States,Technology,41940422
Zoomlion Heavy Industry Science and Technology Co Ltd,China,Industrials,55633741
Zotefoams PLC,United Kingdom,Basic Materials,8232586
Zscaler Inc,United States,Technology,23614385
Zuken Inc,Japan,Technology,4131496
Zurich Insurance Group AG,Switzerland,Financials,808862728
Zurn Elkay Water Solutions Corp,United States,Industrials,45411740
Zydus Lifesciences Ltd,India,Health Care,56138937
Zydus Wellnes Ltd,India,Consumer Staples,8710882
Zyle Motors Corp,South Korea,Consumer Discretionary,390
Zymeworks Inc,United States,Health Care,1716467
Zyxel Group Corp,Taiwan,Telecommunications,2116736
a2 Milk Co Ltd/The,New Zealand,Consumer Staples,53105913
abrdn plc,United Kingdom,Financials,18768153
adidas AG,Germany,Consumer Discretionary,1535961875
agilon health Inc,United States,Health Care,5685405
ams-OSRAM AG,Switzerland,Technology,31931917
bpost SA,Belgium,Industrials,411156
d'Amico International Shipping SA,Italy,Industrials,1581903
dip Corp,Japan,Industrials,4211324
dormakaba Holding AG,Switzerland,Industrials,38082519
eBay Inc,United States,Consumer Discretionary,74700829
eClerx Services Ltd,India,Industrials,6765502
eGuarantee Inc,Japan,Financials,24855909
eMemory Technology Inc,Taiwan,Technology,182917870
ePlus Inc,United States,Technology,3101928
eWeLL Co Ltd/JP,Japan,Technology,3915517
easyJet PLC,United Kingdom,Consumer Discretionary,28186462
elf Beauty Inc,United States,Consumer Discretionary,128179290
en Japan Inc,Japan,Industrials,8759125
euglena Co Ltd,Japan,Consumer Staples,911107
flatexDEGIRO AG,Germany,Financials,27687975
giftee Inc,Japan,Technology,3100464
gremz Inc,Japan,Utilities,11366867
hSenid Business Solutions Ltd,Sri Lanka,Technology,186267
i-SENS Inc,South Korea,Health Care,329126
iA Financial Corp Inc,Canada,Financials,78946164
iDreamSky Technology Holdings Ltd,China,Consumer Discretionary,1905541
iFAST Corp Ltd,Singapore,Financials,15000863
iFamilySC Co Ltd,South Korea,Consumer Discretionary,5063568
iMarketKorea Inc,South Korea,Technology,609676
iQIYI Inc,China,Consumer Discretionary,56456660
iRadimed Corp,United States,Health Care,725010
iRay Technology Co Ltd,China,Health Care,1314874
iRhythm Technologies Inc,United States,Health Care,9033795
ideaForge Technology Ltd,India,Industrials,3024971
m-up Holdings Inc,Japan,Technology,10052966
mBank SA,Poland,Financials,20440791
momo.com Inc,Taiwan,Consumer Discretionary,19893404
nCino Inc,United States,Technology,29964365
nVent Electric PLC,United States,Industrials,179019567
nib holdings Ltd/Australia,Australia,Financials,35966699
oOh!media Ltd,Australia,Consumer Discretionary,2181839
robot home Inc,Japan,Real Estate,254781
thyssenkrupp AG,Germany,Industrials,70118340
u-blox Holding AG,Switzerland,Technology,14940229
uniQure NV,United States,Health Care,927808
voestalpine AG,Austria,Basic Materials,60859215
zooplus SE,Germany,Consumer Discretionary,21713912
