As_Of,Country,Name,Industry,Market Value(NOK),Market Value(USD),Voting,Ownership,Incorporation Country,Selection Reason,Yahoo_Ticker
2026-06-30,Canada,Agnico Eagle Mines Ltd,Basic Materials,12832272801,1296778617,1.65%,1.65,,Both,AEM.TO
2026-06-30,Canada,Cameco Corp,Basic Materials,5067893096,512141185,1.15%,1.15,,Market Value,CCO.TO
2026-06-30,Canada,Capstone Copper Corp,Basic Materials,1909456104,192962064,2.75%,2.75,,Both,CS.TO
2026-06-30,Canada,Centerra Gold Inc,Basic Materials,415714860,42010496,1.35%,1.35,,Ownership,CG.TO
2026-06-30,Canada,First Quantum Minerals Ltd,Basic Materials,2738296582,276721397,1.21%,1.21,,Market Value,FM.TO
2026-06-30,Canada,Franco-Nevada Corp,Basic Materials,5682071880,574207658,1.43%,1.43,,Both,FNV.TO
2026-06-30,Canada,G Mining Ventures Corp,Basic Materials,1223599815,123652146,1.78%,1.78,,Ownership,GMIN.TO
2026-06-30,Canada,Hudbay Minerals Inc,Basic Materials,1540625759,155689532,1.49%,1.49,,Ownership,HBM.TO
2026-06-30,Canada,Kinross Gold Corp,Basic Materials,3055909682,308818118,1.1%,1.1,,Market Value,K.TO
2026-06-30,Canada,NGEx Minerals Ltd,Basic Materials,576576555,58266541,1.5%,1.5,,Ownership,NGEX.TO
2026-06-30,Canada,Nutrien Ltd,Basic Materials,3312170758,334714846,1.11%,1.11,,Market Value,NTR.TO
2026-06-30,Canada,Pan American Silver Corp,Basic Materials,2875883986,290625434,1.55%,1.55,,Both,PAAS.TO
2026-06-30,Canada,SSR Mining Inc,Basic Materials,804818887,81331806,1.39%,1.39,,Ownership,SSRM.TO
2026-06-30,Canada,Teck Resources Ltd,Basic Materials,4847521640,489871319,0.66%,1.68,,Both,TECK-B.TO
2026-06-30,Canada,Wheaton Precious Metals Corp,Basic Materials,6558359872,662761849,1.3%,1.3,,Market Value,WPM.TO
2026-06-30,Canada,Alimentation Couche-Tard Inc,Consumer Discretionary,6414074753,648180967,1.11%,1.11,,Both,ATD.TO
2026-06-30,Canada,Aritzia Inc,Consumer Discretionary,1395745560,141048513,0.44%,1.1,,Both,ATZ.TO
2026-06-30,Canada,BOYD GROUP INC,Consumer Discretionary,342635457,34625381,1.31%,1.31,,Ownership,BYD.TO
2026-06-30,Canada,Canadian Tire Corp Ltd,Consumer Discretionary,877297409,88656198,0%,1.23,,Both,CTC-A.TO
2026-06-30,Canada,Dollarama Inc,Consumer Discretionary,4509152163,455677041,1.27%,1.27,,Both,DOL.TO
2026-06-30,Canada,Exchange Income Corp,Consumer Discretionary,393557264,39771337,0.76%,0.76,,Market Value,EIF.TO
2026-06-30,Canada,Gildan Activewear Inc,Consumer Discretionary,1238201522,125127737,1.31%,1.31,,Both,GIL.TO
2026-06-30,Canada,Linamar Corp,Consumer Discretionary,349348844,35303809,0.84%,0.84,,Both,LNR.TO
2026-06-30,Canada,Magna International Inc,Consumer Discretionary,2264850681,228876831,1.29%,1.29,,Both,MG.TO
2026-06-30,Canada,RB Global Inc,Consumer Discretionary,2856077089,288623828,1.33%,1.33,,Both,RBA.TO
2026-06-30,Canada,Restaurant Brands International Inc,Consumer Discretionary,2701267850,272979420,0.82%,0.82,,Both,QSR.TO
2026-06-30,Canada,George Weston Ltd,Consumer Staples,1438363685,145355332,0.54%,0.54,,Both,WN.TO
2026-06-30,Canada,Loblaw Cos Ltd,Consumer Staples,4649984716,469909021,0.89%,0.89,,Both,L.TO
2026-06-30,Canada,Maple Leaf Foods Inc,Consumer Staples,215423764,21769872,0.81%,0.81,,Both,MFI.TO
2026-06-30,Canada,Metro Inc/CN,Consumer Staples,1075864682,108722620,0.81%,0.81,,Both,MRU.TO
2026-06-30,Canada,Molson Coors Canada Inc,Consumer Staples,11001383,1111756,0.28%,0.28,,Both,TPX-B.TO
2026-06-30,Canada,Premium Brands Holdings Corp,Consumer Staples,151827649,15343100,0.5%,0.5,,Both,PBH.TO
2026-06-30,Canada,Saputo Inc,Consumer Staples,906726532,91630189,0.79%,0.79,,Both,SAP.TO
2026-06-30,Canada,Enbridge Inc,Energy,12664965947,1279871250,1.08%,1.08,,Both,ENB.TO
2026-06-30,Canada,Gibson Energy Inc,Energy,451522082,45629032,1.31%,1.31,,Both,GEI.TO
2026-06-30,Canada,Keyera Corp,Energy,1205705739,121843842,1.03%,1.03,,Both,KEY.TO
2026-06-30,Canada,Pembina Pipeline Corp,Energy,2447199782,247304308,0.92%,0.92,,Both,PPL.TO
2026-06-30,Canada,Rockpoint Gas Storage Inc,Energy,1352010,136629,0%,0.0,,Both,RPT.TO
2026-06-30,Canada,Secure Waste Infrastructure Corp,Energy,438405497,44303522,1.3%,1.3,,Both,SES.TO
2026-06-30,Canada,South Bow Corp,Energy,264082287,26687109,0.36%,0.36,,Both,SOBO.TO
2026-06-30,Canada,TC Energy Corp,Energy,6719390316,679034947,0.98%,0.98,,Both,TRP.TO
2026-06-30,Canada,Bank of Montreal,Financials,15145963456,1530591022,1.24%,1.24,,Both,BMO.TO
2026-06-30,Canada,Bank of Nova Scotia/The,Financials,15610479946,1577533217,1.48%,1.48,,Both,BNS.TO
2026-06-30,Canada,Brookfield Corp,Financials,11670150673,1179339162,1.13%,1.13,,Both,BN.TO
2026-06-30,Canada,Canadian Imperial Bank of Commerce,Financials,11074851101,1119180547,1.07%,1.07,,Market Value,CM.TO
2026-06-30,Canada,iA Financial Corp Inc,Financials,1691289786,170915041,1.4%,1.4,,Ownership,IAG.TO
2026-06-30,Canada,Intact Financial Corp,Financials,4810488014,486128848,1.33%,1.33,,Both,IFC.TO
2026-06-30,Canada,Manulife Financial Corp,Financials,6378593095,644595331,0.95%,0.95,,Market Value,MFC.TO
2026-06-30,Canada,National Bank of Canada,Financials,7963102005,804719520,1.3%,1.3,,Both,NA.TO
2026-06-30,Canada,Onex Corp,Financials,633503463,64019349,1.12%,1.12,,Ownership,ONEX.TO
2026-06-30,Canada,Royal Bank of Canada,Financials,40233961066,4065884602,1.41%,1.41,,Both,RY.TO
2026-06-30,Canada,Sun Life Financial Inc,Financials,4867295842,491869622,1.13%,1.13,,Both,SLF.TO
2026-06-30,Canada,Toronto-Dominion Bank/The,Financials,23701556530,2395185341,1.19%,1.19,,Both,TD.TO
2026-06-30,Canada,Bausch Health Cos Inc,Health Care,166527666,16828626,0.91%,0.91,,Both,BHC.TO
2026-06-30,Canada,Bausch + Lomb Corp,Health Care,66482995,6718508,0.11%,0.11,,Both,BLCO.TO
2026-06-30,Canada,AtkinsRealis Group Inc,Industrials,1125347771,113723184,1.13%,1.13,,Both,ATRL.TO
2026-06-30,Canada,ATS Corp,Industrials,309132416,31239696,1.1%,1.1,,Ownership,ATS.TO
2026-06-30,Canada,Bombardier Inc,Industrials,2380813788,240595603,0.58%,1.04,,Market Value,BBD-B.TO
2026-06-30,Canada,Canadian National Railway Co,Industrials,6607433446,667721030,0.92%,0.92,,Market Value,CNR.TO
2026-06-30,Canada,Canadian Pacific Kansas City Ltd,Industrials,11580523948,1170281840,1.53%,1.53,,Both,CP.TO
2026-06-30,Canada,Element Fleet Management Corp,Industrials,903026704,91256299,1.12%,1.12,,Both,EFN.TO
2026-06-30,Canada,Finning International Inc,Industrials,1690555246,170840811,1.85%,1.85,,Both,FTT.TO
2026-06-30,Canada,MDA Space Ltd,Industrials,715517040,72307315,1.26%,1.26,,Ownership,MDA.TO
2026-06-30,Canada,Stantec Inc,Industrials,886135499,89549341,1.15%,1.15,,Both,STN.TO
2026-06-30,Canada,TFI International Inc,Industrials,1463648414,147910506,1.25%,1.25,,Both,TFII.TO
2026-06-30,Canada,Toromont Industries Ltd,Industrials,1562032682,157852830,1.18%,1.18,,Both,TIH.TO
2026-06-30,Canada,WSP Global Inc,Industrials,1964485869,198523154,1.19%,1.19,,Both,WSP.TO
2026-06-30,Canada,Boardwalk Real Estate Investment Trust,Real Estate,242599928,24516187,1.04%,1.04,,Ownership,BEI-UN.TO
2026-06-30,Canada,Canadian Apartment Properties REIT,Real Estate,489958131,49513226,1.31%,1.31,,Both,CAR-UN.TO
2026-06-30,Canada,Chartwell Retirement Residences,Real Estate,668054835,67510973,1.32%,1.32,,Both,CSH-UN.TO
2026-06-30,Canada,Choice Properties Real Estate Investment Trust,Real Estate,380461613,38447942,0.47%,0.47,,Market Value,CHP-UN.TO
2026-06-30,Canada,Colliers International Group Inc,Real Estate,536195231,54185764,0.76%,1.13,,Both,CIGI.TO
2026-06-30,Canada,Dream Industrial Real Estate Investment Trust,Real Estate,363490347,36732893,1.28%,1.28,,Both,DIR-UN.TO
2026-06-30,Canada,First Capital Real Estate Investment Trust,Real Estate,452311620,45708819,1.32%,1.32,,Both,FCR-UN.TO
2026-06-30,Canada,FirstService Corp,Real Estate,762360707,77041151,0.75%,1.15,,Both,FSV.TO
2026-06-30,Canada,Granite Real Estate Investment Trust,Real Estate,541638260,54735815,1.34%,1.34,,Both,GRT-UN.TO
2026-06-30,Canada,RioCan Real Estate Investment Trust,Real Estate,608546025,61497249,1.28%,1.28,,Both,REI-UN.TO
2026-06-30,Canada,SmartCentres Real Estate Investment Trust,Real Estate,359279199,36307332,0.99%,0.99,,Both,SRU-UN.TO
2026-06-30,Canada,BlackBerry Ltd,Technology,18214271,1840662,0.02%,0.02,,Both,BB.TO
2026-06-30,Canada,Celestica Inc,Technology,5314869702,537099662,1.28%,1.28,,Both,CLS.TO
2026-06-30,Canada,CGI Inc,Technology,1583171567,159989042,0.58%,1.18,,Both,GIB-A.TO
2026-06-30,Canada,Constellation Software Inc/Canada,Technology,6224216071,628994601,1.58%,1.58,,Both,CSU.TO
2026-06-30,Canada,Descartes Systems Group Inc/The,Technology,887648166,89702205,1.51%,1.51,,Both,DSG.TO
2026-06-30,Canada,Kinaxis Inc,Technology,392719610,39686687,1.36%,1.36,,Both,KXS.TO
2026-06-30,Canada,Open Text Corp,Technology,700954314,70835664,1.32%,1.32,,Both,OTEX.TO
2026-06-30,Canada,Shopify Inc,Technology,19585018199,1979184296,0.87%,1.34,,Both,SHOP.TO
2026-06-30,Canada,Thomson Reuters Corp,Technology,868884413,87806014,0.25%,0.25,,Both,TRI.TO
2026-06-30,Canada,BCE Inc,Telecommunications,302447945,30564190,0.15%,0.15,,Both,BCE.TO
2026-06-30,Canada,Quebecor Inc,Telecommunications,229259798,23168086,0.05%,0.22,,Both,QBR-B.TO
2026-06-30,Canada,Rogers Communications Inc,Telecommunications,58707852,5932783,0%,0.03,,Both,RCI-B.TO
2026-06-30,Canada,TELUS Corp,Telecommunications,680243104,68742671,0.41%,0.41,,Both,T.TO
2026-06-30,Canada,Algonquin Power & Utilities Corp,Utilities,641135427,64790605,1.43%,1.43,,Both,AQN.TO
2026-06-30,Canada,AltaGas Ltd,Utilities,1517399540,153342382,1.33%,1.33,,Both,ALA.TO
2026-06-30,Canada,Brookfield Infrastructure Corp,Utilities,620198650,62674817,1.32%,1.32,,Both,BIPC.TO
2026-06-30,Canada,Brookfield Renewable Corp,Utilities,661467608,66845294,1.21%,0.52,,Market Value,BEPC.TO
2026-06-30,Canada,Capital Power Corp,Utilities,1098782278,111038581,1.36%,1.36,,Both,CPX.TO
2026-06-30,Canada,Fortis Inc/Canada,Utilities,3397620360,343350044,1.18%,1.18,,Both,FTS.TO
2026-06-30,Canada,GFL Environmental Inc,Utilities,1206683701,121942671,0.71%,0.92,,Both,GFL.TO
2026-06-30,Canada,Hydro One Ltd,Utilities,1402096554,141690319,0.57%,0.57,,Both,H.TO
2026-06-30,Canada,Northland Power Inc,Utilities,1248781583,126196916,3.06%,3.06,,Both,NPI.TO
2026-06-30,Canada,TransAlta Corp,Utilities,490094901,49527048,1.13%,1.13,,Ownership,TA.TO
2026-06-30,Canada,Waste Connections Inc,Utilities,6449767896,651787974,1.54%,1.54,,Both,WCN.TO
2026-06-30,Germany,BASF SE,Basic Materials,5594009081,565308381,1.18%,1.18,,Both,BAS.DE
2026-06-30,Germany,Brenntag SE,Basic Materials,1469848559,148537068,1.69%,1.69,,Both,BNR.DE
2026-06-30,Germany,Covestro AG,Basic Materials,288180699,29122399,0.2%,0.2,,Market Value,1COV.DE
2026-06-30,Germany,Evonik Industries AG,Basic Materials,922823429,93256877,1.1%,1.1,,Both,EVK.DE
2026-06-30,Germany,FUCHS SE,Basic Materials,939647891,94957091,1.03%,1.74,,Both,FPE3.DE
2026-06-30,Germany,Henkel AG & Co KGaA,Basic Materials,2430773180,245644301,0.71%,0.69,,Both,HEN3.DE
2026-06-30,Germany,Kloeckner & Co SE,Basic Materials,78254590,7908099,0.56%,0.56,,Ownership,KCO.DE
2026-06-30,Germany,LANXESS AG,Basic Materials,318323917,32168553,2.15%,2.15,,Both,LXS.DE
2026-06-30,Germany,Salzgitter AG,Basic Materials,667467609,67451630,2.17%,2.17,,Both,SZG.DE
2026-06-30,Germany,Symrise AG,Basic Materials,3791554227,383159439,2.73%,2.73,,Both,SY1.DE
2026-06-30,Germany,Wacker Chemie AG,Basic Materials,363090819,36692519,0.68%,0.68,,Both,WCH.DE
2026-06-30,Germany,adidas AG,Consumer Discretionary,6618415125,668830794,1.81%,1.81,,Both,ADS.DE
2026-06-30,Germany,Bayerische Motoren Werke AG,Consumer Discretionary,2736766957,276566819,0.43%,0.69,,Market Value,BMW.DE
2026-06-30,Germany,Continental AG,Consumer Discretionary,2533614194,256037006,1.55%,1.55,,Both,CON.DE
2026-06-30,Germany,Delivery Hero SE,Consumer Discretionary,1317317363,133122870,1.06%,1.06,,Market Value,DHER.DE
2026-06-30,Germany,Dr Ing hc F Porsche AG,Consumer Discretionary,3185192449,321882921,0%,0.71,,Market Value,P911.DE
2026-06-30,Germany,Mercedes-Benz Group AG,Consumer Discretionary,6328323776,639515313,1.32%,1.32,,Both,MBG.DE
2026-06-30,Germany,Porsche Automobil Holding SE,Consumer Discretionary,1273213950,128665954,0%,1.36,,Both,PAH3.DE
2026-06-30,Germany,Puma SE,Consumer Discretionary,825788135,83450875,1.86%,1.86,,Ownership,PUM.DE
2026-06-30,Germany,Rational AG,Consumer Discretionary,1153866628,116605187,1.4%,1.4,,Both,RAA.DE
2026-06-30,Germany,Schaeffler AG,Consumer Discretionary,1314309634,132818921,1.45%,1.45,,Both,SHA.DE
2026-06-30,Germany,TUI AG,Consumer Discretionary,754746363,76271675,1.82%,1.82,,Ownership,TUI1.DE
2026-06-30,Germany,Zalando SE,Consumer Discretionary,1666179972,168377543,2.32%,2.32,,Both,ZAL.DE
2026-06-30,Germany,zooplus SE,Consumer Discretionary,229214735,23163532,1.29%,1.29,,Ownership,
2026-06-30,Germany,Beiersdorf AG,Consumer Staples,2177322041,220031534,1.06%,1.06,,Both,BEI.DE
2026-06-30,Germany,KWS Saat SE & Co KGaA,Consumer Staples,150980493,15257490,0.6%,0.6,,Both,KWS.DE
2026-06-30,Germany,Suedzucker AG,Consumer Staples,130635697,13201526,0.54%,0.54,,Both,SZU.DE
2026-06-30,Germany,METRO AG,Consumer Staples,64441839,6512237,0.22%,0.22,,Both,B4B.DE
2026-06-30,Germany,Redcare Pharmacy NV,Consumer Staples,2805437,283506,0.02%,0.02,,Both,RDC.DE
2026-06-30,Germany,Siemens Energy AG,Energy,32829125071,3317581231,2.03%,2.03,,Both,ENR.DE
2026-06-30,Germany,Nordex SE,Energy,52671476,5322771,0.04%,0.04,,Both,NDX1.DE
2026-06-30,Germany,Allianz SE,Financials,32341384164,3268292069,1.81%,1.81,,Both,ALV.DE
2026-06-30,Germany,Commerzbank AG,Financials,5914237140,597669359,1.3%,1.3,,Both,CBK.DE
2026-06-30,Germany,Deutsche Bank AG,Financials,7600463651,768072725,1.19%,1.19,,Both,DBK.DE
2026-06-30,Germany,Deutsche Boerse AG,Financials,11195914196,1131414703,2.22%,2.22,,Both,DB1.DE
2026-06-30,Germany,DWS Group GmbH & Co KGaA,Financials,484633977,48975188,0.33%,0.33,,Both,DWS.DE
2026-06-30,Germany,flatexDEGIRO SE,Financials,894242099,90368561,1.91%,1.91,,Both,FTK.F
2026-06-30,Germany,Hannover Rueck SE,Financials,2815357266,284508844,0.85%,0.85,,Both,HNR1.DE
2026-06-30,Germany,Muenchener Rueckversicherungs-Gesellschaft AG in Muenchen,Financials,12547617128,1268012443,1.79%,1.79,,Both,MUV2.DE
2026-06-30,Germany,Rocket Internet SE,Financials,142848931,14435747,0.71%,0.71,,Both,RKET.DE
2026-06-30,Germany,Talanx AG,Financials,1563195185,157970308,0.48%,0.48,,Both,TLX.DE
2026-06-30,Germany,Bayer AG,Health Care,8445859423,853505070,1.57%,1.57,,Both,BAYN.DE
2026-06-30,Germany,BioNTech SE,Health Care,665333600,67235976,0%,0.29,,Market Value,22UA.DE
2026-06-30,Germany,Carl Zeiss Meditec AG,Health Care,206646283,20882854,0.77%,0.77,,Both,AFX.DE
2026-06-30,Germany,Draegerwerk AG & Co KGaA,Health Care,107997716,10913821,1.32%,0.71,,Ownership,DRW3.DE
2026-06-30,Germany,Fresenius Medical Care AG,Health Care,1835420437,185480313,1.54%,1.54,,Both,FME.DE
2026-06-30,Germany,Fresenius SE & Co KGaA,Health Care,3857736826,389847590,1.51%,1.51,,Both,FRE.DE
2026-06-30,Germany,Merck KGaA,Health Care,4434543772,448137413,2.07%,0.61,,Both,MRK.DE
2026-06-30,Germany,QIAGEN NV,Health Care,1649436147,166685478,2.07%,2.07,,Both,QIA.DE
2026-06-30,Germany,Sartorius AG,Health Care,303283574,30648636,0.32%,0.19,,Market Value,SRT3.DE
2026-06-30,Germany,Schott Pharma AG & Co KGaA,Health Care,301467978,30465159,1.02%,1.02,,Both,1SXP.DE
2026-06-30,Germany,Siemens Healthineers AG,Health Care,2778806246,280815143,0.64%,0.64,,Both,SHL.DE
2026-06-30,Germany,STRATEC SE,Health Care,28316215,2861524,1.23%,1.23,,Ownership,SBS.DE
2026-06-30,Germany,Basler AG,Industrials,322078927,32548019,3.2%,3.2,,Ownership,BSL.DE
2026-06-30,Germany,Bilfinger SE,Industrials,668757468,67581979,1.96%,1.96,,Ownership,GBF.DE
2026-06-30,Germany,Daimler Truck Holding AG,Industrials,2919779383,295061329,0.8%,0.8,,Market Value,DTG.DE
2026-06-30,Germany,Deutsche Post AG,Industrials,9798435995,990191096,1.42%,1.42,,Market Value,DHL.DE
2026-06-30,Germany,GEA Group AG,Industrials,2421515651,244708772,2.19%,2.19,,Both,G1A.DE
2026-06-30,Germany,Heidelberg Materials AG,Industrials,6349007733,641605551,1.91%,1.91,,Both,HEIG.DE
2026-06-30,Germany,HOCHTIEF AG,Industrials,1630067275,164728137,0.37%,0.37,,Market Value,HOT.DE
2026-06-30,Germany,Knorr-Bremse AG,Industrials,3285025030,331971606,1.77%,1.77,,Market Value,KBX.DE
2026-06-30,Germany,MTU Aero Engines AG,Industrials,5538766102,559725744,2.5%,2.5,,Both,MTX.DE
2026-06-30,Germany,OSRAM Licht AG,Industrials,1276478764,128995883,2.12%,2.12,,Both,OSR.DE
2026-06-30,Germany,RENK Group AG,Industrials,1031189666,104207940,2.16%,2.16,,Ownership,R3NK.F
2026-06-30,Germany,Rheinmetall AG,Industrials,11977986391,1210447819,2.29%,2.29,,Both,RHM.DE
2026-06-30,Germany,Siemens AG,Industrials,48863721206,4937973948,1.96%,1.96,,Both,SIE.DE
2026-06-30,Germany,Takkt AG,Industrials,46888454,4738361,2.75%,2.75,,Ownership,TTK.DE
2026-06-30,Germany,Aroundtown SA,Real Estate,748463846,75636789,1.85%,1.85,,Both,AT1.DE
2026-06-30,Germany,Deutsche EuroShop AG,Real Estate,41217926,4165320,0.27%,0.27,,Both,DEQ.DE
2026-06-30,Germany,Deutsche Wohnen SE,Real Estate,250967438,25361774,0.3%,0.3,,Both,DWNI.DE
2026-06-30,Germany,Grand City Properties SA,Real Estate,35578534,3595426,0.2%,0.2,,Both,GYC.DE
2026-06-30,Germany,Instone Real Estate Group SE,Real Estate,40516282,4094415,1.02%,1.02,,Both,INS.DE
2026-06-30,Germany,LEG Immobilien SE,Real Estate,993808644,100430362,2.07%,2.07,,Both,LEG.DE
2026-06-30,Germany,PATRIZIA SE,Real Estate,31906692,3224364,0.4%,0.4,,Both,PAT.DE
2026-06-30,Germany,TAG Immobilien AG,Real Estate,622279207,62885070,2.05%,2.05,,Both,TEG.DE
2026-06-30,Germany,TLG Immobilien AG,Real Estate,4310453,435597,0.03%,0.03,,Both,TLG.DE
2026-06-30,Germany,Vonovia SE,Real Estate,25303128936,2557033898,12.21%,12.21,,Both,VNA.DE
2026-06-30,Germany,AIXTRON SE,Technology,1355589585,136990509,2.01%,2.01,,Both,AIXA.DE
2026-06-30,Germany,Bechtle AG,Technology,761636030,76967918,1.72%,1.72,,Both,BC8.DE
2026-06-30,Germany,Infineon Technologies AG,Technology,28516401123,2881754446,2.36%,2.36,,Both,IFX.DE
2026-06-30,Germany,IONOS Group SE,Technology,186182889,18814905,0.43%,0.43,,Market Value,IOS.DE
2026-06-30,Germany,Jenoptik AG,Technology,306875992,31011671,1.01%,1.01,,Both,JEN.DE
2026-06-30,Germany,Nemetschek SE,Technology,688000251,69526578,0.99%,0.99,,Both,NEM.DE
2026-06-30,Germany,PVA TePla AG,Technology,140287237,14176872,1.26%,1.26,,Ownership,TPE.F
2026-06-30,Germany,SAP SE,Technology,32417190131,3275952719,1.74%,1.74,,Both,SAP.DE
2026-06-30,Germany,Scout24 SE,Technology,1172200607,118457946,1.95%,1.95,,Both,G24.DE
2026-06-30,Germany,Siltronic AG,Technology,142179543,14368101,0.47%,0.47,,Both,WAF.DE
2026-06-30,Germany,TeamViewer SE,Technology,145261225,14679524,1.6%,1.6,,Both,TMV.DE
2026-06-30,Germany,1&1 AG,Telecommunications,113471003,11466930,0.3%,0.3,,Both,1U1.DE
2026-06-30,Germany,Adtran Networks SE,Telecommunications,50227764,5075819,0.37%,0.37,,Both,ADV.F
2026-06-30,Germany,Deutsche Telekom AG,Telecommunications,19992866602,2020399838,1.53%,1.53,,Both,DTE.DE
2026-06-30,Germany,Freenet AG,Telecommunications,459148516,46399729,1.51%,1.51,,Both,FNTN.DE
2026-06-30,Germany,OHB SE,Telecommunications,225322995,22770249,0.34%,0.34,,Both,OHB.DE
2026-06-30,Germany,United Internet AG,Telecommunications,385848793,38992349,0.77%,0.77,,Both,UTDI.DE
2026-06-30,Germany,Vantage Towers AG,Telecommunications,97905547,9893946,0.04%,0.04,,Both,VTWR.DE
2026-06-30,Germany,RWE AG,Utilities,18387847796,1858203001,3.68%,3.68,,Both,RWE.DE
2026-06-30,Germany,E.ON SE,Utilities,11690794278,1181425322,2.17%,2.17,,Both,EOAN.DE
2026-06-30,India,Aarti Industries Ltd,Basic Materials,75143451,7593699,0.43%,0.43,,Both,AARTIIND.NS
2026-06-30,India,Acutaas Chemicals Ltd,Basic Materials,1069632218,108092793,3.54%,3.54,,Both,ACUTAS.NS
2026-06-30,India,Aditya Birla Real Estate Ltd,Basic Materials,53571008,5413674,0.35%,0.35,,Both,ABREL.NS
2026-06-30,India,Alkyl Amines Chemicals,Basic Materials,25807830,2608037,0.28%,0.28,,Ownership,ALKYLAMINE.BO
2026-06-30,India,APL Apollo Tubes Ltd,Basic Materials,1269114404,128251673,2.44%,2.44,,Both,APLAPOLLO.NS
2026-06-30,India,Archean Chemical Industries Ltd,Basic Materials,26493824,2677361,0.39%,0.39,,Ownership,ACI.NS
2026-06-30,India,Arvind Ltd,Basic Materials,93852094,9484321,0.58%,0.58,,Both,ARVIND.NS
2026-06-30,India,Atul Ltd,Basic Materials,109789557,11094898,0.55%,0.55,,Both,ATUL.NS
2026-06-30,India,Balaji Amines Ltd,Basic Materials,23355995,2360264,0.34%,0.34,,Ownership,BALAMINES.NS
2026-06-30,India,BASF India Ltd,Basic Materials,37938492,3833914,0.23%,0.23,,Market Value,BASF.NS
2026-06-30,India,Bharat Forge Ltd,Basic Materials,581920064,58806536,0.54%,0.54,,Both,BHARATFORG.NS
2026-06-30,India,Carborundum Universal Ltd,Basic Materials,107317164,10845047,0.46%,0.46,,Both,CARBORUNIV.NS
2026-06-30,India,Chambal Fertilisers and Chemicals Ltd,Basic Materials,99475300,10052580,0.51%,0.51,,Both,CHAMBLFERT.NS
2026-06-30,India,Chemplast Sanmar Ltd,Basic Materials,12474060,1260579,0.38%,0.38,,Ownership,CHEMPLASTS.NS
2026-06-30,India,Clean Science & Technology Ltd,Basic Materials,201085691,20320923,2.38%,2.38,,Both,CLEAN.NS
2026-06-30,India,Coromandel International Ltd,Basic Materials,236587505,23908596,0.38%,0.38,,Both,COROMANDEL.NS
2026-06-30,India,DCM Shriram Ltd,Basic Materials,33577002,3393159,0.2%,0.2,,Market Value,DCMSHRIRAM.NS
2026-06-30,India,Deepak Fertilisers & Petrochemicals Corp Ltd,Basic Materials,114556330,11576609,0.56%,0.56,,Both,DEEPAKFERT.NS
2026-06-30,India,Deepak Nitrite Ltd,Basic Materials,102800158,10388577,0.47%,0.47,,Both,DEEPAKNTR.NS
2026-06-30,India,Electrosteel Castings Ltd,Basic Materials,19442532,1964785,0.38%,0.38,,Ownership,ELECTCAST.NS
2026-06-30,India,Fine Organic Industries Ltd,Basic Materials,37482010,3787783,0.22%,0.22,,Market Value,FINEORG.NS
2026-06-30,India,GHCL Ltd,Basic Materials,25727998,2599970,0.61%,0.61,,Ownership,GHCL.NS
2026-06-30,India,Godawari Power and Ispat Ltd,Basic Materials,75439005,7623567,0.42%,0.42,,Both,GPIL.NS
2026-06-30,India,Gravita India Ltd,Basic Materials,47836085,4834125,0.38%,0.38,,Both,GRAVITA.NS
2026-06-30,India,Grindwell Norton Ltd,Basic Materials,62659001,6332070,0.25%,0.25,,Market Value,GRINDWELL.NS
2026-06-30,India,Gujarat Narmada Valley Fertilizers & Chemicals Ltd,Basic Materials,50901354,5143889,0.61%,0.61,,Both,GNFC.NS
2026-06-30,India,Gujarat State Fertilizers & Chemicals Ltd,Basic Materials,26358524,2663688,0.39%,0.39,,Ownership,GSFC.NS
2026-06-30,India,Himadri Speciality Chemical Ltd,Basic Materials,133466478,13487593,0.37%,0.37,,Both,HSCL.NS
2026-06-30,India,Hindustan Copper Ltd,Basic Materials,178180052,18006170,0.35%,0.35,,Both,HINDCOPPER.NS
2026-06-30,India,Jai Balaji Industries Ltd,Basic Materials,35263669,3563607,0.55%,0.55,,Both,JAIBALAJI.NS
2026-06-30,India,JK Paper Ltd,Basic Materials,23978773,2423200,0.36%,0.36,,Ownership,JKPAPER.NS
2026-06-30,India,JSW Steel Ltd,Basic Materials,1092645500,110418424,0.35%,0.35,,Both,JSWSTEEL.NS
2026-06-30,India,KPR Mill Ltd,Basic Materials,108384076,10952865,0.26%,0.26,,Both,KPRMILL.NS
2026-06-30,India,Linde India Ltd,Basic Materials,122254583,12354564,0.19%,0.19,,Market Value,LINDEINDIA.NS
2026-06-30,India,Lloyds Metals & Energy Ltd,Basic Materials,161525197,16323096,0.15%,0.15,,Market Value,LLOYDSMETAL.NS
2026-06-30,India,National Aluminium Co Ltd,Basic Materials,593212495,59947704,0.91%,0.91,,Both,NATIONALUM.NS
2026-06-30,India,Navin Fluorine International Ltd,Basic Materials,1461167043,147659751,3.54%,3.55,,Both,NAVINFLUOR.NS
2026-06-30,India,PCBL CHEMICAL Ltd,Basic Materials,66422638,6712409,0.5%,0.5,,Both,PCBL.NS
2026-06-30,India,PI Industries Ltd,Basic Materials,184825588,18677742,0.46%,0.46,,Both,PIIND.NS
2026-06-30,India,Pidilite Industries Ltd,Basic Materials,1308259851,132207556,0.77%,0.77,,Both,PIDILITIND.NS
2026-06-30,India,PTC Industries Ltd,Basic Materials,85836087,8674255,0.32%,0.32,,Both,PTCIL.NS
2026-06-30,India,Rain Industries Ltd,Basic Materials,37422310,3781750,0.59%,0.59,,Both,RAIN.NS
2026-06-30,India,Ramkrishna Forgings Ltd,Basic Materials,46110049,4659699,0.43%,0.43,,Both,RKFORGE.NS
2026-06-30,India,Ratnamani Metals & Tubes Ltd,Basic Materials,50805138,5134166,0.28%,0.28,,Both,RATNAMANI.NS
2026-06-30,India,Sarda Energy & Minerals Ltd,Basic Materials,37764887,3816370,0.21%,0.21,,Market Value,SARDAEN.NS
2026-06-30,India,Shyam Metalics & Energy Ltd,Basic Materials,37366239,3776084,0.13%,0.13,,Market Value,SHYAMMETL.NS
2026-06-30,India,Solar Industries India Ltd,Basic Materials,494836728,50006239,0.28%,0.28,,Both,SOLARINDS.NS
2026-06-30,India,SRF Ltd,Basic Materials,1683542547,170132138,1.98%,1.98,,Both,SRF.NS
2026-06-30,India,Sudarshan Chemical Industries Ltd,Basic Materials,23691312,2394150,0.32%,0.32,,Ownership,SUDARSCHEM.NS
2026-06-30,India,Sumitomo Chemical India Ltd,Basic Materials,44516529,4498664,0.2%,0.2,,Market Value,SUMICHEM.NS
2026-06-30,India,Supreme Petrochem Ltd,Basic Materials,44266843,4473432,0.32%,0.32,,Both,SUPPETRO.NS
2026-06-30,India,Tata Chemicals Ltd,Basic Materials,96074541,9708912,0.5%,0.5,,Both,TATACHEM.NS
2026-06-30,India,Tata Steel Ltd,Basic Materials,1608305889,162529020,0.66%,0.66,,Both,TATASTEEL.NS
2026-06-30,India,Tube Investments of India Ltd,Basic Materials,329549461,33302963,0.54%,0.54,,Both,TIINDIA.NS
2026-06-30,India,UPL Ltd,Basic Materials,299265676,30242603,0.59%,0.59,,Both,UPL.NS
2026-06-30,India,Usha Martin Ltd,Basic Materials,78867145,7970001,0.5%,0.5,,Both,USHAMART.NS
2026-06-30,India,Vardhman Textiles Ltd,Basic Materials,69128583,6985861,0.36%,0.36,,Both,VTL.NS
2026-06-30,India,Welspun Corp Ltd,Basic Materials,214147967,21640945,0.51%,0.51,,Both,WELCORP.NS
2026-06-30,India,Welspun Living Ltd,Basic Materials,81446646,8230675,0.51%,0.51,,Both,WELSPUNLIV.NS
2026-06-30,India,Amber Enterprises India Ltd,Consumer Discretionary,378549879,38254751,1.36%,1.36,,Both,AMBER.NS
2026-06-30,India,Apollo Tyres Ltd,Consumer Discretionary,167227226,16899321,0.59%,0.59,,Both,APOLLOTYRE.NS
2026-06-30,India,Bajaj Auto Ltd,Consumer Discretionary,2568971735,259610104,0.9%,0.9,,Both,BAJAJ-AUTO.NS
2026-06-30,India,Bajaj Electricals Ltd,Consumer Discretionary,118312190,11956161,3.07%,3.07,,Both,BAJAJELEC.NS
2026-06-30,India,Balkrishna Industries Ltd,Consumer Discretionary,673414689,68052620,1.53%,1.53,,Both,BALKRISIND.NS
2026-06-30,India,Bosch Ltd,Consumer Discretionary,366305381,37017370,0.3%,0.3,,Market Value,BOSCHLTD.NS
2026-06-30,India,Ceat Ltd,Consumer Discretionary,72962178,7373269,0.5%,0.5,,Both,CEATLTD.NS
2026-06-30,India,Craftsman Automation Ltd,Consumer Discretionary,103292368,10438317,0.4%,0.4,,Both,CRAFTSMAN.NS
2026-06-30,India,Crompton Greaves Consumer Electricals Ltd,Consumer Discretionary,762739985,77079480,4.12%,4.12,,Both,CROMPTON.NS
2026-06-30,India,Dixon Technologies India Ltd,Consumer Discretionary,447843696,45257309,0.59%,0.59,,Both,DIXON.NS
2026-06-30,India,Eicher Motors Ltd,Consumer Discretionary,990875393,100133941,0.49%,0.49,,Both,EICHERMOT.NS
2026-06-30,India,EIH Ltd,Consumer Discretionary,74505465,7529227,0.36%,0.36,,Both,EIHOTEL.NS
2026-06-30,India,Electronics Mart India Ltd,Consumer Discretionary,126465942,12780147,2.58%,2.58,,Both,EMIL.NS
2026-06-30,India,Endurance Technologies Ltd,Consumer Discretionary,124629432,12594557,0.32%,0.32,,Market Value,ENDURANCE.NS
2026-06-30,India,FSN E-Commerce Ventures Ltd,Consumer Discretionary,824762563,83347236,0.89%,0.89,,Both,NYKAA.NS
2026-06-30,India,Hero MotoCorp Ltd,Consumer Discretionary,2222538457,224600929,2.22%,2.22,,Both,HEROMOTOCO.NS
2026-06-30,India,Honasa Consumer Ltd,Consumer Discretionary,61937312,6259139,0.4%,0.4,,Ownership,HONASA.NS
2026-06-30,India,Hyundai Motor India Ltd,Consumer Discretionary,211689970,21392550,0.13%,0.13,,Market Value,HYUNDAI.NS
2026-06-30,India,Indian Hotels Co Ltd/The,Consumer Discretionary,887052728,89642034,0.83%,0.83,,Both,INDHOTEL.NS
2026-06-30,India,Indian Railway Catering & Tourism Corp Ltd,Consumer Discretionary,159840579,16152856,0.38%,0.38,,Both,IRCTC.NS
2026-06-30,India,InterGlobe Aviation Ltd,Consumer Discretionary,2689718284,271812271,1.24%,1.24,,Both,INDIGO.NS
2026-06-30,India,ITC Hotels Ltd,Consumer Discretionary,191737939,19376276,0.49%,0.49,,Both,ITCHOTELS.NS
2026-06-30,India,Jubilant Foodworks Ltd,Consumer Discretionary,86696772,8761232,0.3%,0.3,,Market Value,JUBLFOOD.NS
2026-06-30,India,Kalyan Jewellers India Ltd,Consumer Discretionary,112298957,11348488,0.27%,0.27,,Market Value,KALYANKJIL.NS
2026-06-30,India,Landmark Cars Ltd,Consumer Discretionary,20106025,2031835,1.06%,1.06,,Ownership,LANDMARK.NS
2026-06-30,India,Lemon Tree Hotels Ltd,Consumer Discretionary,86125508,8703503,0.89%,0.89,,Both,LEMONTREE.NS
2026-06-30,India,Lenskart Solutions Ltd,Consumer Discretionary,152565535,15417668,0.16%,0.16,,Market Value,LENSKART.NS
2026-06-30,India,LG Electronics India Ltd,Consumer Discretionary,585372029,59155378,0.53%,0.53,,Both,LGEINDIA.NS
2026-06-30,India,Mahindra & Mahindra Ltd,Consumer Discretionary,4024026139,406652136,1.01%,1.01,,Both,M&M.NS
2026-06-30,India,Mahindra Holidays & Resorts India Ltd,Consumer Discretionary,130653998,13203375,2.6%,2.6,,Both,MHRIL.NS
2026-06-30,India,Maruti Suzuki India Ltd,Consumer Discretionary,1895234195,191524858,0.41%,0.41,,Both,MARUTI.NS
2026-06-30,India,Motherson Sumi Wiring India Ltd,Consumer Discretionary,134321726,13574021,0.48%,0.48,,Both,MSUMI.NS
2026-06-30,India,MRF Ltd,Consumer Discretionary,308491560,31174935,0.54%,0.54,,Both,MRF.NS
2026-06-30,India,PVR Inox Ltd,Consumer Discretionary,66489481,6719163,0.67%,0.67,,Ownership,PVRINOX.NS
2026-06-30,India,Samvardhana Motherson International Ltd,Consumer Discretionary,708873744,71635972,0.43%,0.43,,Both,MOTHERSON.NS
2026-06-30,India,Sansera Engineering Ltd,Consumer Discretionary,90790188,9174897,0.44%,0.44,,Both,SANSERA.NS
2026-06-30,India,Sapphire Foods India Ltd,Consumer Discretionary,28030082,2832609,0.46%,0.46,,Ownership,SAPPHIRE.NS
2026-06-30,India,Schaeffler India Ltd,Consumer Discretionary,343485440,34711277,0.5%,0.5,,Both,SCHAEFFLER.NS
2026-06-30,India,Senco Gold Ltd,Consumer Discretionary,44382206,4485090,0.78%,0.78,,Ownership,SENCO.NS
2026-06-30,India,SKF India Ltd,Consumer Discretionary,33448992,3380223,0.39%,0.39,,Ownership,SKFINDIA.NS
2026-06-30,India,Sona Blw Precision Forgings Ltd,Consumer Discretionary,575051351,58112411,1.43%,1.43,,Both,SONACOMS.NS
2026-06-30,India,Swiggy Ltd,Consumer Discretionary,1017606734,102835304,1.47%,1.47,,Both,SWIGGY.NS
2026-06-30,India,Tata Motors Passenger Vehicles Limited,Consumer Discretionary,660859253,66783817,0.49%,0.49,,Both,TMPV.NS
2026-06-30,India,Tbo Tek Ltd,Consumer Discretionary,294003514,29710830,1.81%,1.81,,Both,TBO.NS
2026-06-30,India,Tenneco Clean Air India Ltd,Consumer Discretionary,111805780,11298649,0.45%,0.45,,Both,TENNIND.NS
2026-06-30,India,Thomas Cook India Ltd,Consumer Discretionary,180172231,18207492,3.39%,3.39,,Both,THOMASCOOK.NS
2026-06-30,India,Titan Co Ltd,Consumer Discretionary,1736772516,175511348,0.42%,0.42,,Both,TITAN.NS
2026-06-30,India,Travel Food Services Ltd,Consumer Discretionary,66656162,6736008,0.37%,0.37,,Ownership,TRAVELFOOD.NS
2026-06-30,India,Trent Ltd,Consumer Discretionary,1230494813,124348930,0.67%,0.67,,Both,TRENT.NS
2026-06-30,India,TVS Holdings Ltd,Consumer Discretionary,67470314,6818283,0.23%,0.23,,Market Value,TVSHLTD.NS
2026-06-30,India,TVS Motor Co Ltd,Consumer Discretionary,1354013735,136831263,0.78%,2.98,,Both,TVSMOTOR.NS
2026-06-30,India,UNO Minda Ltd,Consumer Discretionary,183631388,18557060,0.28%,0.28,,Market Value,UNOMINDA.NS
2026-06-30,India,Varroc Engineering Ltd,Consumer Discretionary,217709098,22000819,2.15%,2.15,,Both,VARROC.NS
2026-06-30,India,Vedant Fashions Ltd,Consumer Discretionary,322593487,32600020,3.11%,3.11,,Both,MANYAVAR.NS
2026-06-30,India,Vishal Mega Mart Ltd,Consumer Discretionary,281510365,28448322,0.49%,0.49,,Both,VISHAL.NS
2026-06-30,India,Whirlpool of India Ltd,Consumer Discretionary,53849889,5441856,0.5%,0.5,,Ownership,WHIRLPOOL.NS
2026-06-30,India,Zee Entertainment Enterprises Ltd,Consumer Discretionary,299736097,30290142,2.88%,2.88,,Both,ZEEL.NS
2026-06-30,India,ZF Commercial Vehicle Control Systems India Ltd,Consumer Discretionary,110414976,11158100,0.36%,0.36,,Both,ZFCVINDIA.NS
2026-06-30,India,Avanti Feeds Ltd,Consumer Staples,67477329,6818991,0.51%,0.51,,Both,AVANTIFEED.NS
2026-06-30,India,Avenue Supermarts Ltd,Consumer Staples,539698456,54539787,0.18%,0.18,,Both,DMART.NS
2026-06-30,India,Balrampur Chini Mills Ltd,Consumer Staples,67718214,6843334,0.58%,0.58,,Both,BALRAMCHIN.NS
2026-06-30,India,Bikaji Foods International Ltd,Consumer Staples,52691709,5324815,0.31%,0.31,,Both,BIKAJI.NS
2026-06-30,India,Britannia Industries Ltd,Consumer Staples,551818937,55764635,0.43%,0.43,,Both,BRITANNIA.NS
2026-06-30,India,CCL Products India Ltd,Consumer Staples,129424098,13079086,0.78%,0.78,,Both,CCLPROD.NS
2026-06-30,India,Colgate-Palmolive India Ltd,Consumer Staples,101411744,10248269,0.18%,0.18,,Both,COLPAL.NS
2026-06-30,India,Dabur India Ltd,Consumer Staples,134589803,13601112,0.17%,0.17,,Both,DABUR.NS
2026-06-30,India,Doms Industries Ltd,Consumer Staples,37179732,3757236,0.25%,0.25,,Both,DOMS.NS
2026-06-30,India,EID Parry India Ltd,Consumer Staples,69821700,7055904,0.53%,0.53,,Both,EIDPARRY.NS
2026-06-30,India,Emami Ltd,Consumer Staples,97413477,9844220,0.53%,0.53,,Both,EMAMILTD.NS
2026-06-30,India,Gillette India Ltd,Consumer Staples,35286479,3565912,0.13%,0.13,,Both,GILLETTE.NS
2026-06-30,India,Godrej Agrovet Ltd,Consumer Staples,23336279,2358272,0.21%,0.21,,Both,GODREJAGRO.NS
2026-06-30,India,Godrej Consumer Products Ltd,Consumer Staples,714293776,72183698,0.66%,0.66,,Both,GODREJCP.NS
2026-06-30,India,Hindustan Unilever Ltd,Consumer Staples,1538484695,155473167,0.3%,0.3,,Both,HINDUNILVR.NS
2026-06-30,India,Jyothy Labs Ltd,Consumer Staples,22878143,2311974,0.31%,0.31,,Both,JYOTHYLAB.NS
2026-06-30,India,KRBL Ltd,Consumer Staples,38532543,3893946,0.43%,0.43,,Both,KRBL.NS
2026-06-30,India,Kwality Wall's India Ltd,Consumer Staples,3568934,360662,0.04%,0.04,,Both,KWIL.NS
2026-06-30,India,LT Foods Ltd,Consumer Staples,77671151,7849139,0.58%,0.58,,Both,LTFOODS.NS
2026-06-30,India,Marico Ltd,Consumer Staples,1424904151,143995167,1.26%,1.26,,Both,MARICO.NS
2026-06-30,India,Medplus Health Services Ltd,Consumer Staples,30482207,3080411,0.3%,0.3,,Both,MEDPLUS.NS
2026-06-30,India,Mrs Bectors Food Specialities Ltd,Consumer Staples,32297797,3263887,0.56%,0.56,,Both,BECTORFOOD.NS
2026-06-30,India,Nestle India Ltd,Consumer Staples,966286717,97649107,0.34%,0.34,,Both,NESTLEIND.NS
2026-06-30,India,Orkla India Ltd,Consumer Staples,17631231,1781742,0.2%,0.2,,Both,ORKLAINDIA.NS
2026-06-30,India,Patanjali Foods Ltd,Consumer Staples,57079723,5768251,0.12%,0.12,,Both,PATANJALI.NS
2026-06-30,India,Procter & Gamble Health Ltd,Consumer Staples,41714866,4215539,0.38%,0.38,,Both,PGHL.NS
2026-06-30,India,Radico Khaitan Ltd,Consumer Staples,325326950,32876252,0.59%,0.59,,Both,RADICO.NS
2026-06-30,India,Shree Renuka Sugars Ltd,Consumer Staples,11210145,1132853,0.23%,0.23,,Both,RENUKA.NS
2026-06-30,India,Tata Consumer Products Ltd,Consumer Staples,721204812,72882100,0.65%,0.65,,Both,TATACONSUM.NS
2026-06-30,India,Triveni Engineering & Industries Ltd,Consumer Staples,21094419,2131718,0.22%,0.22,,Both,TRIVENI.NS
2026-06-30,India,United Breweries Ltd,Consumer Staples,201209744,20333459,0.54%,0.54,,Both,UBL.NS
2026-06-30,India,United Spirits Ltd,Consumer Staples,605472091,61186610,0.59%,0.59,,Both,UNITDSPR.NS
2026-06-30,India,Varun Beverages Ltd,Consumer Staples,3268386800,330290218,1.82%,1.82,,Both,VBL.NS
2026-06-30,India,Zydus Wellness Ltd,Consumer Staples,53517075,5408224,0.28%,0.28,,Both,ZYDUSWELL.NS
2026-06-30,India,Aegis Logistics Ltd,Energy,126108490,12744024,0.29%,0.29,,Both,AEGISLOG.NS
2026-06-30,India,Aegis Vopak Terminals Ltd,Energy,490683609,49586541,1.81%,1.81,,Both,AEGISVOPAK.NS
2026-06-30,India,Bharat Petroleum Corp Ltd,Energy,601108535,60745647,0.44%,0.44,,Both,BPCL.NS
2026-06-30,India,Castrol India Ltd,Energy,91990463,9296192,0.48%,0.48,,Both,CASTROLIND.NS
2026-06-30,India,Hindustan Petroleum Corp Ltd,Energy,379181394,38318569,0.43%,0.43,,Both,HINDPETRO.NS
2026-06-30,India,Indian Oil Corp Ltd,Energy,491941508,49713659,0.24%,0.24,,Both,IOC.NS
2026-06-30,India,Inox Wind Ltd,Energy,76217034,7702191,0.47%,0.47,,Both,INOXWIND.NS
2026-06-30,India,Mangalore Refinery & Petrochemicals Ltd,Energy,38520401,3892719,0.14%,0.14,,Both,MRPL.NS
2026-06-30,India,Petronet LNG Ltd,Energy,354259381,35800049,0.8%,0.8,,Both,PETRONET.NS
2026-06-30,India,Premier Energies Ltd,Energy,466282621,47120674,0.93%,0.93,,Both,PREMIERENE.NS
2026-06-30,India,Reliance Industries Ltd,Energy,14300410923,1445142860,0.78%,0.78,,Both,RELIANCE.NS
2026-06-30,India,Suzlon Energy Ltd,Energy,620103059,62665158,0.73%,0.73,,Both,SUZLON.NS
2026-06-30,India,WAAREE Energies Ltd,Energy,250268489,25291142,0.28%,0.28,,Both,WAAREEENER.NS
2026-06-30,India,360 ONE WAM Ltd,Financials,1246710428,125987616,2.73%,2.73,,Both,360ONE.NS
2026-06-30,India,Aavas Financiers Ltd,Financials,289163088,29221676,2.29%,2.29,,Both,AAVAS.NS
2026-06-30,India,Aditya Birla Sun Life Asset Management Co Ltd,Financials,485804969,49093525,1.39%,1.39,,Both,ABSLAMC.NS
2026-06-30,India,Aptus Value Housing Finance India Ltd,Financials,463973118,46887285,3.18%,3.18,,Both,APTUS.NS
2026-06-30,India,AU Small Finance Bank Ltd,Financials,1024094443,103490926,1.26%,1.26,,Both,AUBANK.NS
2026-06-30,India,Axis Bank Ltd,Financials,8104729586,819031855,1.85%,1.85,,Both,AXISBANK.NS
2026-06-30,India,Bajaj Finance Ltd,Financials,2946128823,297724104,0.45%,0.45,,Both,BAJFINANCE.NS
2026-06-30,India,Bajaj Finserv Ltd,Financials,1350508322,136477019,0.45%,0.45,,Both,BAJAJFINSV.NS
2026-06-30,India,Bajaj Holdings & Investment Ltd,Financials,295329471,29844826,0.24%,0.24,,Market Value,BAJAJHLDNG.NS
2026-06-30,India,Bandhan Bank Ltd,Financials,664599192,67161761,1.93%,1.93,,Both,BANDHANBNK.NS
2026-06-30,India,Bank of Baroda,Financials,293714986,29681673,0.2%,0.2,,Market Value,BANKBARODA.NS
2026-06-30,India,Billionbrains Garage Ventures Ltd,Financials,281185352,28415477,0.21%,0.21,,Market Value,
2026-06-30,India,BSE Ltd,Financials,783608281,79188348,0.48%,0.48,,Both,BSE.NS
2026-06-30,India,Can Fin Homes Ltd,Financials,57186224,5779013,0.47%,0.47,,Ownership,CANFINHOME.NS
2026-06-30,India,Cholamandalam Financial Holdings Ltd,Financials,182406887,18433317,0.56%,0.56,,Ownership,CHOLAHLDNG.NS
2026-06-30,India,Cholamandalam Investment and Finance Co Ltd,Financials,2182970260,220602324,1.37%,1.37,,Both,CHOLAFIN.NS
2026-06-30,India,CreditAccess Grameen Ltd,Financials,517157668,52261905,2.07%,2.07,,Both,CREDITACC.NS
2026-06-30,India,Edelweiss Financial Services Ltd,Financials,48231297,4874064,0.4%,0.4,,Ownership,EDELWEISS.NS
2026-06-30,India,Federal Bank Ltd,Financials,680462927,68764887,0.8%,0.8,,Both,FEDERALBNK.NS
2026-06-30,India,Five-Star Business Finance Ltd,Financials,285441242,28845561,1.83%,1.83,,Both,FIVESTAR.NS
2026-06-30,India,Go Digit General Insurance Ltd,Financials,446622973,45133948,1.43%,1.43,,Both,GODIGIT.NS
2026-06-30,India,HDFC Asset Management Co Ltd,Financials,1998695529,201980250,1.68%,1.68,,Both,HDFCAMC.NS
2026-06-30,India,HDFC Bank Ltd,Financials,14967837788,1512590374,1.17%,1.17,,Both,HDFCBANK.NS
2026-06-30,India,HDFC Life Insurance Co Ltd,Financials,1478763029,149437932,1.13%,1.13,,Both,HDFCLIFE.NS
2026-06-30,India,Home First Finance Co India Ltd,Financials,660028566,66699871,5.3%,5.3,,Both,HOMEFIRST.NS
2026-06-30,India,ICICI Bank Ltd,Financials,14561765812,1471554349,1.41%,1.41,,Both,ICICIBANK.NS
2026-06-30,India,ICICI Lombard General Insurance Co Ltd,Financials,2475161801,250130043,2.72%,2.72,,Both,ICICIGI.NS
2026-06-30,India,ICICI Prudential Asset Management Co Ltd/India,Financials,545317897,55107666,0.32%,0.32,,Market Value,
2026-06-30,India,ICICI Prudential Life Insurance Co Ltd,Financials,829552038,83831242,1.12%,1.12,,Both,ICICIPRULI.NS
2026-06-30,India,IDFC First Bank Ltd,Financials,309541607,31281048,0.43%,0.43,,Both,IDFCFIRSTB.NS
2026-06-30,India,IIFL Finance Ltd,Financials,93094172,9407728,0.41%,0.41,,Ownership,IIFL.NS
2026-06-30,India,IndusInd Bank Ltd,Financials,1715425568,173354110,2.28%,2.28,,Both,INDUSINDBK.NS
2026-06-30,India,Jio Financial Services Ltd,Financials,581336775,58747591,0.37%,0.37,,Market Value,JIOFIN.NS
2026-06-30,India,Kotak Mahindra Bank Ltd,Financials,5356230532,541279433,1.31%,1.31,,Both,KOTAKBANK.NS
2026-06-30,India,LIC Housing Finance Ltd,Financials,674072707,68119117,2.08%,2.08,,Both,LICHSGFIN.NS
2026-06-30,India,Mahindra & Mahindra Financial Services Ltd,Financials,364456631,36830543,0.79%,0.79,,Both,M&MFIN.NS
2026-06-30,India,Manappuram Finance Ltd,Financials,711876921,71939461,2.24%,2.24,,Both,MANAPPURAM.NS
2026-06-30,India,Max Financial Services Ltd,Financials,884819551,89416358,1.55%,1.55,,Both,MFSL.NS
2026-06-30,India,Multi Commodity Exchange of India Ltd,Financials,2516625330,254320183,3.33%,3.33,,Both,MCX.NS
2026-06-30,India,Muthoot Finance Ltd,Financials,500945475,50623565,0.4%,0.4,,Market Value,MUTHOOTFIN.NS
2026-06-30,India,Nuvama Wealth Management Ltd,Financials,172161368,17397946,0.5%,0.5,,Ownership,NUVAMA.NS
2026-06-30,India,PB Fintech Ltd,Financials,511394499,51679502,0.65%,0.65,,Both,POLICYBZR.NS
2026-06-30,India,Piramal Finance Ltd,Financials,1583538530,160026129,3.09%,3.09,,Both,PIRAMALFINL.NS
2026-06-30,India,PNB Housing Finance Ltd,Financials,187458904,18943854,0.66%,0.66,,Ownership,PNBHOUSING.NS
2026-06-30,India,Power Finance Corp Ltd,Financials,714492791,72203810,0.49%,0.49,,Both,PFC.NS
2026-06-30,India,RBL Bank Ltd,Financials,354488437,35823197,0.59%,0.59,,Both,RBLBANK.NS
2026-06-30,India,REC Ltd,Financials,479557171,48462147,0.48%,0.48,,Both,RECLTD.NS
2026-06-30,India,SBI Cards & Payment Services Ltd,Financials,764285583,77235672,1.3%,1.3,,Both,SBICARD.NS
2026-06-30,India,SBI Life Insurance Co Ltd,Financials,1130393277,114233065,0.61%,0.61,,Both,SBILIFE.NS
2026-06-30,India,Shriram Finance Ltd,Financials,3147374133,318061158,1.23%,1.23,,Both,SHRIRAMFIN.NS
2026-06-30,India,Star Health & Allied Insurance Co Ltd,Financials,825386754,83410315,2.28%,2.28,,Both,STARHEALTH.NS
2026-06-30,India,State Bank of India,Financials,4086604479,412976055,0.41%,0.41,,Both,SBIN.NS
2026-06-30,India,Sundaram Finance Ltd,Financials,344731635,34837213,0.66%,0.66,,Both,SUNDARMFIN.NS
2026-06-30,India,Tata Capital Ltd,Financials,895337524,90479262,0.55%,0.55,,Both,TATACAP.NS
2026-06-30,India,Union Bank of India Ltd,Financials,325275879,32871091,0.24%,0.24,,Market Value,UNIONBANK.NS
2026-06-30,India,UTI Asset Management Co Ltd,Financials,68979308,6970776,0.55%,0.55,,Ownership,UTIAMC.NS
2026-06-30,India,Yes Bank Ltd,Financials,397207748,40140241,0.5%,0.5,,Both,YESBANK.NS
2026-06-30,India,Ajanta Pharma Ltd,Health Care,140642933,14212817,0.31%,0.31,,Both,AJANTPHARM.NS
2026-06-30,India,Alembic Pharmaceuticals Ltd,Health Care,38322943,3872765,0.23%,0.23,,Market Value,APLLTD.BO
2026-06-30,India,Alivus Life Sciences Ltd,Health Care,356651967,36041834,2.4%,2.4,,Both,ALIVUS.NS
2026-06-30,India,Alkem Laboratories Ltd,Health Care,496653149,50189799,0.71%,0.71,,Both,ALKEM.NS
2026-06-30,India,Anthem Biosciences Ltd,Health Care,212178713,21441940,0.47%,0.47,,Both,ANTHEM.NS
2026-06-30,India,Apollo Hospitals Enterprise Ltd,Health Care,2118124361,214049254,1.62%,1.62,,Both,APOLLOHOSP.NS
2026-06-30,India,Aster DM Healthcare Ltd,Health Care,158287893,15995947,0.37%,0.37,,Both,ASTERDM.NS
2026-06-30,India,Aurobindo Pharma Ltd,Health Care,419362526,42379115,0.44%,0.44,,Both,AUROPHARMA.NS
2026-06-30,India,Biocon Ltd,Health Care,270496876,27335342,0.38%,0.38,,Both,BIOCON.NS
2026-06-30,India,Caplin Point Laboratories Ltd,Health Care,59478287,6010640,0.29%,0.29,,Both,CAPLIPOINT.BO
2026-06-30,India,Cipla Ltd/India,Health Care,1583985561,160071304,1.28%,1.28,,Both,CIPLA.NS
2026-06-30,India,Cohance Lifesciences Ltd,Health Care,122521741,12381562,0.67%,0.67,,Both,COHANCE.NS
2026-06-30,India,Concord Biotech Ltd,Health Care,414952012,41933406,2.96%,2.96,,Both,CONCORDBIO.NS
2026-06-30,India,Divi's Laboratories Ltd,Health Care,2233483113,225706953,1.22%,1.22,,Both,DIVISLAB.NS
2026-06-30,India,Dr Lal PathLabs Ltd,Health Care,85670448,8657516,0.3%,0.3,,Both,LALPATHLAB.NS
2026-06-30,India,Dr Reddy's Laboratories Ltd,Health Care,1271483619,128491096,1.07%,1.07,,Both,DRREDDY.NS
2026-06-30,India,Emcure Pharmaceuticals Ltd,Health Care,383865996,38791976,1.05%,1.05,,Both,EMCURE.NS
2026-06-30,India,Eris Lifesciences Ltd,Health Care,48905865,4942233,0.24%,0.24,,Both,ERIS.NS
2026-06-30,India,Fortis Healthcare Ltd,Health Care,635324811,64203408,0.84%,0.84,,Both,FORTIS.NS
2026-06-30,India,Gland Pharma Ltd,Health Care,598621815,60494349,1.39%,1.39,,Both,GLAND.NS
2026-06-30,India,GlaxoSmithKline Pharmaceuticals Ltd,Health Care,104837523,10594465,0.24%,0.24,,Market Value,GLAXO.NS
2026-06-30,India,Glenmark Pharmaceuticals Ltd,Health Care,2519456823,254606323,3.87%,3.87,,Both,GLENMARK.NS
2026-06-30,India,Global Health Ltd/India,Health Care,1165930425,117824309,3.16%,3.16,,Both,MEDANTA.NS
2026-06-30,India,Inventurus Knowledge Solutions Ltd,Health Care,893786849,90322557,2.97%,2.97,,Both,IKS.NS
2026-06-30,India,Ipca Laboratories Ltd,Health Care,242775891,24533970,0.54%,0.54,,Both,IPCALAB.NS
2026-06-30,India,JB Chemicals & Pharmaceuticals Ltd,Health Care,816458749,82508086,2.12%,2.12,,Both,JBCHEPHARM.NS
2026-06-30,India,Jubilant Pharmova Ltd,Health Care,501336543,50663084,3.1%,3.1,,Both,JUBILANT.NS
2026-06-30,India,Jupiter Life Line Hospitals Ltd,Health Care,38171997,3857511,0.39%,0.39,,Ownership,JLHL.NS
2026-06-30,India,Krishna Institute of Medical Sciences Ltd,Health Care,161706796,16341448,0.45%,0.45,,Both,KIMS.NS
2026-06-30,India,Laurus Labs Ltd,Health Care,558573970,56447272,0.65%,0.65,,Both,LAURUSLABS.NS
2026-06-30,India,Lupin Ltd,Health Care,592580564,59883844,0.51%,0.51,,Both,LUPIN.NS
2026-06-30,India,Mankind Pharma Ltd,Health Care,1410823009,142572183,1.28%,1.28,,Both,MANKIND.NS
2026-06-30,India,Marksans Pharma Ltd,Health Care,69758492,7049517,0.54%,0.54,,Both,MARKSANS.NS
2026-06-30,India,Max Healthcare Institute Ltd,Health Care,1323159509,133713257,1.15%,1.15,,Both,MAXHEALTH.NS
2026-06-30,India,Metropolis Healthcare Ltd,Health Care,50987047,5152549,0.44%,0.44,,Both,METROPOLIS.NS
2026-06-30,India,Narayana Hrudayalaya Ltd,Health Care,194732476,19678892,0.46%,0.46,,Both,NH.NS
2026-06-30,India,Natco Pharma Ltd,Health Care,105383645,10649654,0.6%,0.6,,Both,NATCOPHARM.NS
2026-06-30,India,Neuland Laboratories Ltd,Health Care,162274753,16398844,0.65%,0.65,,Both,NEULANDLAB.NS
2026-06-30,India,Onesource Specialty Pharma Ltd,Health Care,67869114,6858584,0.34%,0.34,,Both,ONESOURCE.NS
2026-06-30,India,Piramal Pharma Ltd,Health Care,62821476,6348489,0.27%,0.27,,Both,PPLPHARMA.NS
2026-06-30,India,Poly Medicure Ltd,Health Care,63557633,6422883,0.36%,0.36,,Both,POLYMED.NS
2026-06-30,India,Rainbow Children's Medicare Ltd,Health Care,67330128,6804116,0.45%,0.45,,Both,RAINBOW.NS
2026-06-30,India,Sagility Ltd,Health Care,312536335,31583684,1.62%,1.62,,Both,SAGILITY.NS
2026-06-30,India,SAI Life Sciences Ltd,Health Care,146928701,14848032,0.54%,0.54,,Both,SAILIFE.NS
2026-06-30,India,Sanofi India Ltd,Health Care,20950915,2117216,0.26%,0.26,,Ownership,SANOFI.NS
2026-06-30,India,Strides Pharma Science Ltd,Health Care,67254018,6796425,0.64%,0.64,,Both,STAR.NS
2026-06-30,India,Sun Pharma Advanced Research Co Ltd,Health Care,46888511,4738367,0.59%,0.59,,Both,SPARC.NS
2026-06-30,India,Sun Pharmaceutical Industries Ltd,Health Care,4782340729,483284403,1.02%,1.02,,Both,SUNPHARMA.NS
2026-06-30,India,Syngene International Ltd,Health Care,91704288,9267272,0.49%,0.49,,Both,SYNGENE.NS
2026-06-30,India,Torrent Pharmaceuticals Ltd,Health Care,525152845,53069866,0.32%,0.32,,Both,TORNTPHARM.NS
2026-06-30,India,Vijaya Diagnostic Centre Ltd,Health Care,35887633,3626662,0.25%,0.25,,Ownership,VIJAYA.NS
2026-06-30,India,Wockhardt Ltd,Health Care,145555711,14709283,0.44%,0.44,,Both,WOCKPHARMA.NS
2026-06-30,India,Zydus Lifesciences Ltd,Health Care,272862380,27574391,0.23%,0.23,,Market Value,ZYDUSLIFE.NS
2026-06-30,India,ABB India Ltd,Industrials,690267570,69755705,0.44%,0.44,,Market Value,ABB.NS
2026-06-30,India,Ahluwalia Contracts India Ltd,Industrials,178928388,18081794,2.99%,2.99,,Both,AHLUCONT.NS
2026-06-30,India,AIA Engineering Ltd,Industrials,147340782,14889676,0.3%,0.3,,Market Value,AIAENG.NS
2026-06-30,India,Amara Raja Energy & Mobility Ltd,Industrials,98383073,9942203,0.61%,0.61,,Ownership,AMARAJABAT.NS
2026-06-30,India,Ambuja Cements Ltd,Industrials,382035340,38606978,0.35%,0.35,,Market Value,AMBUJACEM.NS
2026-06-30,India,Apar Industries Ltd,Industrials,752598318,76054604,1.14%,1.14,,Both,APARINDS.NS
2026-06-30,India,Ashok Leyland Ltd,Industrials,1256900022,127017336,1.3%,1.3,,Both,ASHOKLEY.NS
2026-06-30,India,Asian Paints Ltd,Industrials,2325787528,235034871,0.88%,0.88,,Both,ASIANPAINT.NS
2026-06-30,India,Astral Ltd,Industrials,130851082,13223292,0.35%,0.35,,Market Value,ASTRAL.NS
2026-06-30,India,Azad Engineering Ltd,Industrials,77767542,7858880,0.56%,0.56,,Ownership,AZAD.NS
2026-06-30,India,Blue Star Ltd,Industrials,221149554,22348498,0.63%,0.63,,Both,BLUESTARCO.NS
2026-06-30,India,CG Power & Industrial Solutions Ltd,Industrials,1727738449,174598401,1.1%,1.1,,Both,CGPOWER.NS
2026-06-30,India,Chennai Super Kings Cricket Ltd,Industrials,124355257,12566849,1.23%,1.23,,Both,CHENNAISUPR.NS
2026-06-30,India,CMS Info Systems Ltd,Industrials,200325565,20244108,4.27%,4.27,,Both,CMSINFO.NS
2026-06-30,India,Computer Age Management Services Ltd,Industrials,200846250,20296726,0.97%,0.97,,Both,CAMS.NS
2026-06-30,India,Container Corp Of India Ltd,Industrials,736485564,74426313,1.95%,1.95,,Both,CONCOR.NS
2026-06-30,India,Cummins India Ltd,Industrials,1370722022,138519736,0.84%,0.84,,Both,CUMMINSIND.NS
2026-06-30,India,Data Patterns India Ltd,Industrials,107156041,10828765,0.41%,0.41,,Market Value,DATAPATTNS.NS
2026-06-30,India,Delhivery Ltd,Industrials,265026608,26782539,0.72%,0.72,,Both,DELHIVERY.NS
2026-06-30,India,eClerx Services Ltd,Industrials,63407911,6407752,0.49%,0.49,,Ownership,ECLERX.NS
2026-06-30,India,Elecon Engineering Co Ltd,Industrials,77394832,7821215,0.62%,0.62,,Ownership,ELECON.NS
2026-06-30,India,Elgi Equipments Ltd,Industrials,96648680,9766933,0.49%,0.49,,Ownership,ELGIEQUIP.NS
2026-06-30,India,Engineers India Ltd,Industrials,91288365,9225240,0.65%,0.65,,Ownership,ENGINERSIN.NS
2026-06-30,India,EPL Ltd,Industrials,38422110,3882786,0.51%,0.51,,Ownership,EPL.NS
2026-06-30,India,Exide Industries Ltd,Industrials,803529503,81201507,2.33%,2.33,,Both,EXIDEIND.NS
2026-06-30,India,Finolex Cables Ltd,Industrials,95285097,9629134,0.51%,0.51,,Ownership,FINCABLES.NS
2026-06-30,India,Garware Hi-Tech Films Ltd,Industrials,103923231,10502070,0.64%,0.64,,Both,GARFIBRES.NS
2026-06-30,India,GE Vernova T&D India Ltd,Industrials,628330700,63496611,0.47%,0.47,,Market Value,GEVERNOVA.NS
2026-06-30,India,GMM Pfaudler Ltd,Industrials,28522502,2882371,0.77%,0.77,,Ownership,GMMPFAUDLR.NS
2026-06-30,India,GMR Airports Ltd,Industrials,316667141,32001126,0.26%,0.26,,Market Value,GMRAIRPORT.NS
2026-06-30,India,Grasim Industries Ltd,Industrials,1756264940,177481175,0.8%,0.8,,Both,GRASIM.NS
2026-06-30,India,Great Eastern Shipping Co Ltd/The,Industrials,303305748,30650877,1.37%,1.37,,Both,GESHIP.NS
2026-06-30,India,Gujarat Pipavav Port Ltd,Industrials,268587558,27142394,3.52%,3.52,,Both,GPPL.NS
2026-06-30,India,Havells India Ltd,Industrials,854206348,86322709,1.12%,1.12,,Both,HAVELLS.NS
2026-06-30,India,Hindustan Aeronautics Ltd,Industrials,1373740576,138824779,0.45%,0.45,,Market Value,HAL.NS
2026-06-30,India,Hindustan Construction Co Ltd,Industrials,72752267,7352056,1.04%,1.04,,Ownership,HCC.NS
2026-06-30,India,Hitachi Energy India Ltd,Industrials,446772563,45149065,0.27%,0.27,,Market Value,POWERINDIA.NS
2026-06-30,India,Honeywell Automation India Ltd,Industrials,100942564,10200856,0.27%,0.27,,Market Value,HONAUT.BO
2026-06-30,India,Indegene Ltd,Industrials,340532627,34412878,2.57%,2.57,,Both,INDEGENE.NS
2026-06-30,India,JK Cement Ltd,Industrials,382494832,38653412,0.87%,0.87,,Both,JKCEMENT.NS
2026-06-30,India,Jyoti CNC Automation Ltd,Industrials,110951778,11212347,0.6%,0.6,,Both,JYOTICNC.NS
2026-06-30,India,KEC International Ltd,Industrials,131433961,13282195,0.91%,0.91,,Both,KEC.NS
2026-06-30,India,KEI Industries Ltd,Industrials,1935224714,195566141,3.57%,3.57,,Both,KEI.NS
2026-06-30,India,Kirloskar Oil Engines Ltd,Industrials,190025222,19203196,0.53%,0.53,,Both,KIRLOSENG.NS
2026-06-30,India,Kirloskar Pneumatic Co Ltd,Industrials,70515599,7126027,0.53%,0.53,,Ownership,KIRLPNU.NS
2026-06-30,India,Mazagon Dock Shipbuilders Ltd,Industrials,168637143,17041801,0.16%,0.16,,Market Value,MAZDOCK.NS
2026-06-30,India,MTAR Technologies Ltd,Industrials,183949841,18589242,0.75%,0.75,,Both,MTAR.NS
2026-06-30,India,NCC Ltd/India,Industrials,57459259,5806605,0.59%,0.59,,Ownership,NCC.NS
2026-06-30,India,One 97 Communications Ltd,Industrials,1116607913,112839971,1.46%,1.46,,Both,PAYTM.NS
2026-06-30,India,One Mobikwik Systems Ltd,Industrials,49200785,4972036,2.99%,2.99,,Ownership,MOBIKWIK.NS
2026-06-30,India,PG Electroplast Ltd,Industrials,172409049,17422975,1.08%,1.08,,Both,PGEL.NS
2026-06-30,India,Polycab India Ltd,Industrials,1787525754,180640269,1.14%,1.14,,Both,POLYCAB.NS
2026-06-30,India,Praj Industries Ltd,Industrials,49335629,4985663,0.73%,0.73,,Ownership,PRAJIND.NS
2026-06-30,India,RR Kabel Ltd,Industrials,899990217,90949445,3.18%,3.18,,Both,RRKABEL.NS
2026-06-30,India,Shadowfax Technologies Ltd,Industrials,95347579,9635448,0.69%,0.69,,Ownership,
2026-06-30,India,Shree Cement Ltd,Industrials,254428541,25711540,0.27%,0.27,,Market Value,SHREECEM.NS
2026-06-30,India,Siemens Energy India Ltd,Industrials,372231754,37616266,0.27%,0.27,,Market Value,ENRIN.NS
2026-06-30,India,Siemens Ltd,Industrials,327563701,33102290,0.24%,0.24,,Market Value,SIEMENS.NS
2026-06-30,India,SKF India Industrial Ltd,Industrials,103289129,10437990,0.69%,0.69,,Both,SKFINDUS.NS
2026-06-30,India,Supreme Industries Ltd,Industrials,201841500,20397302,0.48%,0.48,,Market Value,SUPREMEIND.NS
2026-06-30,India,Tata Motors Ltd /new,Industrials,1561319500,157780762,0.96%,0.96,,Both,TMCV.NS
2026-06-30,India,Thermax Ltd,Industrials,156104753,15775328,0.24%,0.24,,Market Value,THERMAX.NS
2026-06-30,India,Timken India Ltd,Industrials,117011966,11824766,0.43%,0.43,,Market Value,TIMKEN.NS
2026-06-30,India,Titagarh Rail System Ltd,Industrials,95232201,9623789,0.77%,0.77,,Ownership,TITAGARH.NS
2026-06-30,India,UltraTech Cement Ltd,Industrials,2453961320,247987607,0.71%,0.71,,Both,ULTRACEMCO.NS
2026-06-30,India,Voltamp Transformers Ltd,Industrials,85554742,8645823,0.78%,0.78,,Ownership,VOLTAMP.NS
2026-06-30,India,Voltas Ltd,Industrials,248964458,25159362,0.56%,0.56,,Both,VOLTAS.NS
2026-06-30,India,Anant Raj Ltd,Real Estate,63247832,6391575,0.32%,0.32,,Both,ANANTRAJ.NS
2026-06-30,India,Brigade Enterprises Ltd,Real Estate,30114036,3043205,0.18%,0.18,,Both,BRIGADE.NS
2026-06-30,India,Brookfield India Real Estate Trust,Real Estate,457742039,46257597,1.59%,1.59,,Both,BIRET.NS
2026-06-30,India,Embassy Developments Ltd,Real Estate,7,1,0%,0.0,,Both,EMBDL.NS
2026-06-30,India,Embassy Office Parks REIT,Real Estate,694345626,70167817,1.6%,1.6,,Both,EMBASSY.NS
2026-06-30,India,Godrej Properties Ltd,Real Estate,727202275,73488180,1.24%,1.24,,Both,GODREJPROP.NS
2026-06-30,India,Knowledge Realty Trust,Real Estate,19396966,1960181,0.04%,0.04,,Both,KRT.BO
2026-06-30,India,Lodha Developers Ltd,Real Estate,345591550,34924113,0.35%,0.35,,Both,LODHA.NS
2026-06-30,India,Mahindra Lifespace Developers Ltd,Real Estate,18553425,1874936,0.23%,0.23,,Both,MAHLIFE.NS
2026-06-30,India,Mindspace Business Parks REIT,Real Estate,272551703,27542995,0.83%,0.83,,Both,MINDSPACE.NS
2026-06-30,India,Nexus Select Trust,Real Estate,326421939,32986908,1.26%,1.26,,Both,NEXUSSELECT.NS
2026-06-30,India,Oberoi Realty Ltd,Real Estate,234536340,23701313,0.35%,0.35,,Both,OBEROIRLTY.NS
2026-06-30,India,Phoenix Mills Ltd/The,Real Estate,422758427,42722291,0.58%,0.58,,Both,PHOENIXLTD.NS
2026-06-30,India,Prestige Estates Projects Ltd,Real Estate,254572708,25726109,0.36%,0.36,,Both,PRESTIGE.NS
2026-06-30,India,SignatureGlobal India Ltd,Real Estate,18310226,1850359,0.17%,0.17,,Both,SIGNATURE.NS
2026-06-30,India,Sobha Ltd,Real Estate,55046111,5562742,0.36%,0.36,,Both,SOBHA.NS
2026-06-30,India,Valor Estate Ltd,Real Estate,5967254,603027,0.09%,0.09,,Both,VALORESTATE.NS
2026-06-30,India,Affle 3i Ltd,Technology,92464049,9344050,0.44%,0.44,,Both,AFFLE.NS
2026-06-30,India,AurionPro Solutions Ltd,Technology,23057780,2330128,0.47%,0.47,,Both,AURIONPRO.NS
2026-06-30,India,Birlasoft Ltd,Technology,53350780,5391418,0.64%,0.64,,Both,BSOFT.NS
2026-06-30,India,Cartrade Tech Ltd,Technology,116210293,11743752,0.86%,0.86,,Both,CARTRADE.NS
2026-06-30,India,Coforge Ltd,Technology,1591573802,160838142,2.35%,2.35,,Both,COFORGE.NS
2026-06-30,India,Cyient Ltd,Technology,69172437,6990292,0.68%,0.68,,Both,CYIENT.NS
2026-06-30,India,Eternal Ltd,Technology,2651599493,267960137,0.99%,0.99,,Both,ETERNAL.NS
2026-06-30,India,Fractal Analytics Ltd,Technology,19476809,1968249,0.12%,0.12,,Both,
2026-06-30,India,Happiest Minds Technologies Ltd,Technology,6075684,613985,0.11%,0.11,,Both,HAPPSTMNDS.NS
2026-06-30,India,HCL Technologies Ltd,Technology,1031899909,104279716,0.34%,0.34,,Both,HCLTECH.NS
2026-06-30,India,Hexaware Technologies Ltd,Technology,65302233,6599185,0.2%,0.2,,Both,HEXAWARE.NS
2026-06-30,India,IndiaMart InterMesh Ltd,Technology,53922378,5449182,0.45%,0.45,,Both,INDIAMART.NS
2026-06-30,India,Info Edge India Ltd,Technology,1058302543,106947861,1.6%,1.6,,Both,NAUKRI.NS
2026-06-30,India,Infosys Ltd,Technology,2316793665,234125987,0.55%,0.55,,Both,INFY.NS
2026-06-30,India,Intellect Design Arena Ltd,Technology,47655943,4815921,0.45%,0.45,,Both,INTELLECT.NS
2026-06-30,India,Just Dial Ltd,Technology,11749399,1187348,0.25%,0.25,,Both,JUSTDIAL.NS
2026-06-30,India,Kaynes Technology India Ltd,Technology,91320220,9228460,0.42%,0.42,,Both,KAYNES.NS
2026-06-30,India,KPIT Technologies Ltd,Technology,90956268,9191680,0.47%,0.47,,Both,KPITTECH.NS
2026-06-30,India,LTM Ltd,Technology,274642358,27754268,0.25%,0.25,,Both,
2026-06-30,India,Mastek Ltd,Technology,18728552,1892633,0.36%,0.36,,Both,MASTEK.NS
2026-06-30,India,Meesho Ltd,Technology,77795318,7861687,0.08%,0.08,,Both,
2026-06-30,India,Mphasis Ltd,Technology,643809986,65060886,1.49%,1.49,,Both,MPHASIS.NS
2026-06-30,India,Netweb Technologies India Ltd,Technology,100659510,10172251,0.37%,0.37,,Both,NETWEB.NS
2026-06-30,India,Newgen Software Technologies Ltd,Technology,24262659,2451888,0.35%,0.35,,Both,NEWGEN.NS
2026-06-30,India,Oracle Financial Services Software Ltd,Technology,242972148,24553802,0.25%,0.25,,Both,OFSS.NS
2026-06-30,India,Persistent Systems Ltd,Technology,699515885,70690303,0.98%,0.98,,Both,PERSISTENT.NS
2026-06-30,India,Rategain Travel Technologies Ltd,Technology,46943831,4743958,0.42%,0.42,,Both,RATEGAIN.NS
2026-06-30,India,Redington Ltd,Technology,481879833,48696866,2.13%,2.13,,Both,REDINGTON.NS
2026-06-30,India,Route Mobile Ltd,Technology,5355839,541240,0.16%,0.16,,Both,ROUTE.NS
2026-06-30,India,Sonata Software Ltd,Technology,47428489,4792935,0.6%,0.6,,Both,SONATSOFTW.NS
2026-06-30,India,Syrma SGS Technology Ltd,Technology,179076534,18096765,0.64%,0.64,,Both,SYRMA.NS
2026-06-30,India,Tanla Platforms Ltd,Technology,11846489,1197159,0.16%,0.16,,Both,TANLA.NS
2026-06-30,India,Tata Consultancy Services Ltd,Technology,973870769,98415521,0.13%,0.13,,Both,TCS.NS
2026-06-30,India,Tata Elxsi Ltd,Technology,89124304,9006549,0.36%,0.36,,Both,TATAELXSI.NS
2026-06-30,India,Tata Technologies Ltd,Technology,95063904,9606781,0.33%,0.33,,Both,TATATECH.NS
2026-06-30,India,Tech Mahindra Ltd,Technology,758122190,76612824,0.53%,0.53,,Both,TECHM.NS
2026-06-30,India,Wipro Ltd,Technology,857741084,86679915,0.49%,0.49,,Both,WIPRO.NS
2026-06-30,India,Zensar Technologies Ltd,Technology,51584259,5212901,0.51%,0.51,,Both,ZENSARTECH.NS
2026-06-30,India,Astra Microwave Products Ltd,Telecommunications,49716965,5024199,0.28%,0.28,,Both,ASTRAMICRO.NS
2026-06-30,India,Bharti Airtel Ltd,Telecommunications,11788635748,1191312814,0.98%,0.98,,Both,BHARTIARTL.NS
2026-06-30,India,Bharti Hexacom Ltd,Telecommunications,114152779,11535827,0.15%,0.15,,Both,BHARTIHEXA.NS
2026-06-30,India,GTPL Hathway Ltd,Telecommunications,9023556,911885,1.26%,1.26,,Both,GTPL.NS
2026-06-30,India,HFCL Ltd,Telecommunications,144821598,14635097,0.43%,0.43,,Both,HFCL.NS
2026-06-30,India,Indus Towers Ltd,Telecommunications,497731856,50298809,0.46%,0.46,,Both,INDUSTOWER.NS
2026-06-30,India,Railtel Corp of India Ltd,Telecommunications,20391103,2060644,0.2%,0.2,,Both,RAILTEL.NS
2026-06-30,India,Sterlite Technologies Ltd,Telecommunications,6264793,633095,0.02%,0.02,,Both,STLTECH.NS
2026-06-30,India,Tata Communications Ltd,Telecommunications,856468643,86551327,1.46%,1.46,,Both,TATACOMM.NS
2026-06-30,India,Tejas Networks Ltd,Telecommunications,45451522,4593151,0.4%,0.4,,Both,TEJASNET.NS
2026-06-30,India,Vodafone Idea Ltd,Telecommunications,305496899,30872306,0.19%,0.19,,Both,IDEA.NS
2026-06-30,India,Adani Total Gas Ltd,Utilities,113807276,11500912,0.14%,0.14,,Both,ATGL.NS
2026-06-30,India,Gujarat Gas Ltd,Utilities,460231479,46509170,1.43%,1.43,,Both,GUJGASLTD.NS
2026-06-30,India,Indraprastha Gas Ltd,Utilities,303779739,30698777,1.26%,1.26,,Both,IGL.NS
2026-06-30,India,ION Exchange India Ltd,Utilities,24664727,2492520,0.39%,0.39,,Both,IONEXCHANG.NS
2026-06-30,India,KPI Green Energy Ltd,Utilities,96437379,9745579,1.17%,1.17,,Both,KPIGREEN.NS
2026-06-30,India,Mahanagar Gas Ltd,Utilities,63366756,6403593,0.52%,0.52,,Both,MGL.NS
2026-06-30,India,NTPC Green Energy Ltd,Utilities,65447798,6613895,0.08%,0.08,,Both,NTPCGREEN.NS
2026-06-30,India,Power Grid Corp of India Ltd,Utilities,1261287046,127460671,0.45%,0.45,,Both,POWERGRID.NS
2026-06-30,India,ReNew Energy Global PLC,Utilities,216023404,21830469,1.42%,0.96,,Both,RNW
2026-06-30,India,SJVN Ltd,Utilities,47151478,4764942,0.16%,0.16,,Both,SJVN.NS
2026-06-30,India,Torrent Power Ltd,Utilities,262946441,26572325,0.35%,0.35,,Both,TORNTPOWER.NS
2026-06-30,India,VA Tech Wabag Ltd,Utilities,84122352,8501072,0.64%,0.64,,Both,WABAG.NS
2026-06-30,Singapore,Keppel Infrastructure Trust,Basic Materials,294064542,29716997,1.18%,1.18,,Both,A7RU.SI
2026-06-30,Singapore,Genting Singapore Ltd,Consumer Discretionary,272353025,27522917,0.48%,0.48,,Both,G13.SI
2026-06-30,Singapore,SATS Ltd,Consumer Discretionary,530555643,53615850,1.04%,1.04,,Both,S58.SI
2026-06-30,Singapore,Singapore Airlines Ltd,Consumer Discretionary,1412562880,142748005,0.76%,0.76,,Both,C6L.SI
2026-06-30,Singapore,Sheng Siong Group Ltd,Consumer Staples,293265408,29636240,0.79%,0.79,,Both,OV8.SI
2026-06-30,Singapore,Thai Beverage PCL,Consumer Staples,356396950,36016063,0.43%,0.43,,Both,Y92.SI
2026-06-30,Singapore,DBS Group Holdings Ltd,Financials,17323439222,1750638091,1.22%,1.22,,Both,D05.SI
2026-06-30,Singapore,iFAST Corp Ltd,Financials,189055637,19105213,0.92%,0.92,,Both,AIY.SI
2026-06-30,Singapore,Oversea-Chinese Banking Corp Ltd,Financials,7505881082,758514586,0.88%,0.88,,Market Value,O39.SI
2026-06-30,Singapore,RHT Health Trust,Financials,95171,9618,1.53%,1.53,,Ownership,RHT.SI
2026-06-30,Singapore,Singapore Exchange Ltd,Financials,1668830880,168645433,0.85%,0.85,,Market Value,S68.SI
2026-06-30,Singapore,United Overseas Bank Ltd,Financials,8793342552,888620338,1.75%,1.75,,Both,U11.SI
2026-06-30,Singapore,Yangzijiang Maritime Development Ltd,Financials,156234464,15788436,0.99%,0.99,,Ownership,8YZ.SI
2026-06-30,Singapore,Haw Par Corp Ltd,Health Care,292238837,29532498,1.09%,1.09,,Both,H02.SI
2026-06-30,Singapore,Raffles Medical Group Ltd,Health Care,90956843,9191738,0.71%,0.71,,Both,BSL.SI
2026-06-30,Singapore,Riverstone Holdings Ltd,Health Care,63390954,6406039,0.65%,0.65,,Both,AP4.SI
2026-06-30,Singapore,UltraGreen.ai Ltd,Health Care,48466922,4897875,0.36%,0.36,,Both,UGN.SI
2026-06-30,Singapore,ComfortDelGro Corp Ltd,Industrials,374949202,37890880,1.69%,1.69,,Both,C52.SI
2026-06-30,Singapore,Hutchison Port Holdings Trust,Industrials,162568900,16428569,1.1%,1.1,,Both,NS8U.SI
2026-06-30,Singapore,Seatrium Ltd,Industrials,568819974,57482692,1.12%,1.12,,Both,S51.SI
2026-06-30,Singapore,SIA Engineering Co Ltd,Industrials,110517507,11168461,0.37%,0.37,,Market Value,S59.SI
2026-06-30,Singapore,Singapore Post Ltd,Industrials,65648849,6634212,1.12%,1.12,,Ownership,S08.SI
2026-06-30,Singapore,Singapore Technologies Engineering Ltd,Industrials,2072103086,209398523,0.84%,0.84,,Both,S63.SI
2026-06-30,Singapore,AIMS APAC REIT,Real Estate,163207690,16493122,1.62%,1.62,,Ownership,O5RU.SI
2026-06-30,Singapore,CapitaLand Ascendas REIT,Real Estate,1373156296,138765732,1.44%,1.44,,Both,A17U.SI
2026-06-30,Singapore,CapitaLand Integrated Commercial Trust,Real Estate,2005344716,202652187,1.39%,1.39,,Both,C38U.SI
2026-06-30,Singapore,CapitaLand Investment Ltd/Singapore,Real Estate,752167817,76011098,0.79%,0.79,,Market Value,9CI.SI
2026-06-30,Singapore,Digital Core REIT Management Pte Ltd,Real Estate,97195075,9822149,1.5%,1.5,,Ownership,DCRU.SI
2026-06-30,Singapore,Keppel DC REIT,Real Estate,581982788,58812873,1.39%,1.39,,Market Value,AJBU.SI
2026-06-30,Singapore,NTT DC REIT,Real Estate,180585493,18249254,1.88%,1.88,,Ownership,NTTU.SI
2026-06-30,Singapore,UOL Group Ltd,Real Estate,582240255,58838892,0.94%,0.94,,Market Value,U14.SI
2026-06-30,Singapore,AEM Holdings Ltd,Technology,1396016,141076,0.01%,0.01,,Both,AWX.SI
2026-06-30,Singapore,CSE Global Ltd,Technology,5075284,512888,0.07%,0.07,,Both,544.SI
2026-06-30,Singapore,Sea Ltd,Technology,5796959072,585817702,0.92%,1.07,,Both,SE
2026-06-30,Singapore,UMS Integration Ltd,Technology,412384221,41673915,2.31%,2.31,,Both,558.SI
2026-06-30,Singapore,Venture Corp Ltd,Technology,609068080,61550006,1.62%,1.62,,Both,V03.SI
2026-06-30,Singapore,NETLINK NBN TRUST,Telecommunications,367548741,37143019,1.26%,1.26,,Both,CJLU.SI
2026-06-30,Singapore,Singapore Telecommunications Ltd,Telecommunications,4344523781,439040350,0.79%,0.79,,Both,Z74.SI
2026-06-30,Singapore,StarHub Ltd,Telecommunications,76724100,7753433,0.56%,0.56,,Both,CC3.SI
2026-06-30,Singapore,Keppel Ltd,Utilities,2060191071,208194742,1.37%,1.37,,Both,BN4.SI
2026-06-30,Singapore,Sembcorp Industries Ltd,Utilities,744084659,75194246,0.86%,0.86,,Both,U96.SI
2026-06-30,United Kingdom,Anglo American PLC,Basic Materials,14612869333,1476718641,2.55%,2.55,,Both,AAL.L
2026-06-30,United Kingdom,Antofagasta PLC,Basic Materials,1761355180,177995572,0.36%,0.36,,Market Value,ANTO.L
2026-06-30,United Kingdom,Croda International PLC,Basic Materials,4250373606,429525906,7.66%,7.66,,Both,CRDA.L
2026-06-30,United Kingdom,Endeavour Mining PLC,Basic Materials,2864306163,289455426,2.4%,2.4,,Both,EDV.L
2026-06-30,United Kingdom,Ferrexpo PLC,Basic Materials,24203355,2445895,1.08%,1.08,,Ownership,FXPO.L
2026-06-30,United Kingdom,Hill & Smith PLC,Basic Materials,973997253,98428301,3.44%,3.44,,Ownership,HILS.L
2026-06-30,United Kingdom,Hochschild Mining PLC,Basic Materials,281851765,28482822,0.9%,0.9,,Ownership,HOC.L
2026-06-30,United Kingdom,Pan African Resources PLC,Basic Materials,713676236,72121291,2.3%,2.3,,Ownership,PAF.L
2026-06-30,United Kingdom,Rio Tinto PLC,Basic Materials,26900703961,2718478495,1.77%,1.77,,Both,RIO.L
2026-06-30,United Kingdom,Victrex PLC,Basic Materials,604154909,61053500,9.18%,9.18,,Ownership,VCT.L
2026-06-30,United Kingdom,Yellow Cake PLC,Basic Materials,230169683,23260036,1.32%,1.32,,Ownership,YCA.L
2026-06-30,United Kingdom,ASOS PLC,Consumer Discretionary,62542326,6320280,1.38%,1.38,,Ownership,ASC.L
2026-06-30,United Kingdom,B&M European Value Retail plc,Consumer Discretionary,421611321,42606369,1.64%,1.64,,Both,BME.L
2026-06-30,United Kingdom,Barratt Redrow PLC,Consumer Discretionary,943726691,95369278,1.81%,1.81,,Both,BTRW.L
2026-06-30,United Kingdom,Bellway PLC,Consumer Discretionary,568277195,57427840,1.97%,1.97,,Both,BWY.L
2026-06-30,United Kingdom,Berkeley Group Holdings PLC,Consumer Discretionary,787800791,79612025,1.86%,1.86,,Both,BKG.L
2026-06-30,United Kingdom,Burberry Group PLC,Consumer Discretionary,1892304161,191228757,3.76%,3.76,,Both,BRBY.L
2026-06-30,United Kingdom,Compass Group PLC,Consumer Discretionary,10702579626,1081560267,1.97%,1.97,,Both,CPG.L
2026-06-30,United Kingdom,easyJet PLC,Consumer Discretionary,520824519,52632461,0.94%,0.94,,Market Value,EZJ.L
2026-06-30,United Kingdom,Entain PLC,Consumer Discretionary,596453122,60275188,1.27%,1.27,,Market Value,ENT.L
2026-06-30,United Kingdom,Games Workshop Group PLC,Consumer Discretionary,1749014909,176748513,1.87%,1.87,,Both,GAW.L
2026-06-30,United Kingdom,Halfords Group PLC,Consumer Discretionary,101688702,10276257,1.53%,1.53,,Ownership,HFD.L
2026-06-30,United Kingdom,Howden Joinery Group PLC,Consumer Discretionary,495766316,50100178,0.82%,0.82,,Market Value,HWDN.L
2026-06-30,United Kingdom,Inchcape PLC,Consumer Discretionary,635166324,64187391,1.79%,1.79,,Both,INCH.L
2026-06-30,United Kingdom,Informa PLC,Consumer Discretionary,6328346053,639517564,4.22%,4.22,,Both,INF.L
2026-06-30,United Kingdom,InterContinental Hotels Group PLC,Consumer Discretionary,1832800990,185215602,0.72%,0.72,,Market Value,IHG.L
2026-06-30,United Kingdom,International Consolidated Airlines Group SA,Consumer Discretionary,3413304656,344935037,1.23%,1.23,,Market Value,IAG.L
2026-06-30,United Kingdom,Kingfisher PLC,Consumer Discretionary,1979550165,200045492,3.2%,3.2,,Both,KGF.L
2026-06-30,United Kingdom,Mobico Group PLC,Consumer Discretionary,42067783,4251203,2.08%,2.08,,Ownership,MCG.L
2026-06-30,United Kingdom,Next PLC,Consumer Discretionary,4191588424,423585309,1.83%,1.83,,Both,NXT.L
2026-06-30,United Kingdom,Persimmon PLC,Consumer Discretionary,838763542,84762118,1.89%,1.89,,Both,PSN.L
2026-06-30,United Kingdom,Shoe Zone PLC,Consumer Discretionary,7220773,729703,2.5%,2.5,,Ownership,SHOE.L
2026-06-30,United Kingdom,SSP Group Plc,Consumer Discretionary,749978983,75789903,3.97%,3.97,,Both,SSPG.L
2026-06-30,United Kingdom,Taylor Wimpey PLC,Consumer Discretionary,677108509,68425902,1.83%,1.83,,Both,TW.L
2026-06-30,United Kingdom,Watches of Switzerland Group PLC,Consumer Discretionary,374816942,37877514,1.73%,1.73,,Ownership,WOSG.L
2026-06-30,United Kingdom,Whitbread PLC,Consumer Discretionary,1075301350,108665691,2.04%,2.04,,Both,WTB.L
2026-06-30,United Kingdom,Coca-Cola Europacific Partners PLC,Consumer Staples,3929036619,397052864,0.89%,0.89,,Market Value,CCEP.L
2026-06-30,United Kingdom,Cranswick PLC,Consumer Staples,883535512,89286596,2.25%,2.25,,Ownership,CWK.L
2026-06-30,United Kingdom,Diageo PLC,Consumer Staples,9240665577,933825029,2.08%,2.08,,Both,DGE.L
2026-06-30,United Kingdom,Greencore Group PLC,Consumer Staples,255943563,25864642,1.22%,1.22,,Ownership,GNC.L
2026-06-30,United Kingdom,Greggs PLC,Consumer Staples,298832040,30198781,1.39%,1.39,,Ownership,GRG.L
2026-06-30,United Kingdom,Marks & Spencer Group PLC,Consumer Staples,3378942174,341462500,3.35%,3.35,,Ownership,MKS.L
2026-06-30,United Kingdom,Ocado Group PLC,Consumer Staples,265632958,26843814,1.36%,1.36,,Ownership,OCDO.L
2026-06-30,United Kingdom,Reckitt Benckiser Group PLC,Consumer Staples,8616305020,870729626,2.1%,2.1,,Both,RKT.L
2026-06-30,United Kingdom,Tate & Lyle PLC,Consumer Staples,468409958,47335653,1.45%,1.45,,Ownership,TATE.L
2026-06-30,United Kingdom,Tesco PLC,Consumer Staples,7861491551,794451170,2.08%,2.08,,Both,TSCO.L
2026-06-30,United Kingdom,Unilever PLC,Consumer Staples,25996228993,2627075842,2.03%,2.03,,Both,ULVR.L
2026-06-30,United Kingdom,BP PLC,Energy,25703578181,2597501710,2.67%,2.67,,Both,BP.L
2026-06-30,United Kingdom,Shell PLC,Energy,53970281592,5454022694,2.51%,2.51,,Both,SHEL.L
2026-06-30,United Kingdom,3i Group PLC,Financials,7723873183,780544003,2.33%,2.33,,Both,III.L
2026-06-30,United Kingdom,Admiral Group PLC,Financials,3445448251,348183341,2.41%,2.41,,Both,ADM.L
2026-06-30,United Kingdom,Aviva PLC,Financials,3021027135,305293025,1.18%,1.18,,Market Value,AV.L
2026-06-30,United Kingdom,Barclays PLC,Financials,17410306022,1759416504,1.94%,1.94,,Market Value,BARC.L
2026-06-30,United Kingdom,Beazley PLC,Financials,3928589519,397007682,3.86%,3.86,,Both,BEZ.L
2026-06-30,United Kingdom,Bridgepoint Group PLC,Financials,745821992,75369814,2.46%,2.46,,Ownership,BPT.L
2026-06-30,United Kingdom,Georgia Capital PLC,Financials,495139477,50036833,2.65%,2.65,,Ownership,CGEO.L
2026-06-30,United Kingdom,Hiscox Ltd,Financials,2296044660,232029171,2.95%,2.95,,Both,HSX.L
2026-06-30,United Kingdom,HSBC Holdings PLC,Financials,71529521108,7228489827,2.22%,2.22,,Both,HSBA.L
2026-06-30,United Kingdom,IG Group Holdings PLC,Financials,1796776639,181575124,2.27%,2.27,,Both,IGG.L
2026-06-30,United Kingdom,JTC PLC,Financials,2023087604,204445213,6.66%,6.66,,Both,JTC.L
2026-06-30,United Kingdom,Legal & General Group PLC,Financials,2850581095,288068424,1.37%,1.37,,Market Value,LGEN.L
2026-06-30,United Kingdom,Lion Finance Group PLC,Financials,1605173093,162212429,2.5%,2.5,,Both,LIOF.L
2026-06-30,United Kingdom,Lloyds Banking Group PLC,Financials,27830210443,2812410735,3.27%,3.27,,Both,LLOY.L
2026-06-30,United Kingdom,London Stock Exchange Group PLC,Financials,14252391942,1440290227,2.72%,2.72,,Both,LSEG.L
2026-06-30,United Kingdom,M&G PLC,Financials,3027384159,305935441,2.84%,2.84,,Both,MNG.L
2026-06-30,United Kingdom,NatWest Group PLC,Financials,24277470081,2453384879,3.48%,3.48,,Both,NWG.L
2026-06-30,United Kingdom,OSB Group PLC,Financials,1018009652,102876020,4.37%,4.37,,Ownership,OSB.L
2026-06-30,United Kingdom,Pensionbee Group PLC,Financials,153918148,15554358,3.77%,3.77,,Ownership,PBEE.L
2026-06-30,United Kingdom,Prudential PLC,Financials,15369200686,1553150491,4.65%,4.65,,Both,PRU.L
2026-06-30,United Kingdom,Schroders PLC,Financials,1510333717,152628338,1.22%,1.22,,Market Value,SDR.L
2026-06-30,United Kingdom,St James's Place PLC,Financials,4119685655,416319100,5%,5.0,,Both,STJ.L
2026-06-30,United Kingdom,Standard Chartered PLC,Financials,10553785476,1066523720,1.8%,1.8,,Market Value,STAN.L
2026-06-30,United Kingdom,Standard Life PLC,Financials,2348378586,237317830,2.13%,2.13,,Market Value,
2026-06-30,United Kingdom,TBC Bank Group PLC,Financials,852518714,86152161,2.63%,2.63,,Ownership,TBCG.L
2026-06-30,United Kingdom,Vanquis Banking Group PLC,Financials,123825729,12513337,3.15%,3.15,,Ownership,VANQ.L
2026-06-30,United Kingdom,AstraZeneca PLC,Health Care,62593824896,6325483793,2.18%,2.18,,Both,AZN.L
2026-06-30,United Kingdom,Convatec Group PLC,Health Care,107386100,10852013,0.19%,0.19,,Ownership,CTEC.L
2026-06-30,United Kingdom,Genus PLC,Health Care,372689902,37662564,1.99%,1.99,,Both,GNS.L
2026-06-30,United Kingdom,GSK PLC,Health Care,15158906885,1531899033,1.44%,1.44,,Both,GSK.L
2026-06-30,United Kingdom,Haleon PLC,Health Care,7434842661,751335724,1.85%,1.85,,Both,HLN.L
2026-06-30,United Kingdom,Hikma Pharmaceuticals PLC,Health Care,38069566,3847159,0.09%,0.09,,Ownership,HIK.L
2026-06-30,United Kingdom,Oxford Nanopore Technologies PLC,Health Care,130817844,13219933,0.82%,0.82,,Ownership,ONT.L
2026-06-30,United Kingdom,PureTech Health PLC,Health Care,66214588,6691384,1.51%,1.51,,Ownership,PRTC.L
2026-06-30,United Kingdom,Smith & Nephew PLC,Health Care,1678876656,169660619,1.39%,1.39,,Both,SN.L
2026-06-30,United Kingdom,Balfour Beatty PLC,Industrials,1133093625,114505950,2.07%,2.07,,Both,BBY.L
2026-06-30,United Kingdom,Bodycote PLC,Industrials,488374546,49353195,3.28%,3.28,,Ownership,BOY.L
2026-06-30,United Kingdom,Bunzl PLC,Industrials,2115253054,213759088,1.89%,1.89,,Both,BNZL.L
2026-06-30,United Kingdom,Coats Group PLC,Industrials,617673992,62419685,3.15%,3.15,,Both,COA.L
2026-06-30,United Kingdom,DCC PLC,Industrials,1163216600,117550058,1.66%,1.66,,Market Value,DCC.L
2026-06-30,United Kingdom,Diploma PLC,Industrials,3644060234,368254280,2.9%,2.9,,Both,DPLM.L
2026-06-30,United Kingdom,Experian PLC,Industrials,5603406450,566258041,1.88%,1.88,,Both,EXPN.L
2026-06-30,United Kingdom,Halma PLC,Industrials,4592651299,464115133,2.34%,2.34,,Both,HLMA.L
2026-06-30,United Kingdom,IMI PLC,Industrials,2408204343,243363584,2.59%,2.59,,Both,IMI.L
2026-06-30,United Kingdom,Intertek Group PLC,Industrials,2772879437,280216203,2.36%,2.36,,Both,ITRK.L
2026-06-30,United Kingdom,Melrose Industries PLC,Industrials,4902884210,495466041,6.31%,6.31,,Both,MRO.L
2026-06-30,United Kingdom,Oxford Instruments PLC,Industrials,422703695,42716760,1.92%,1.92,,Ownership,OXIG.L
2026-06-30,United Kingdom,Rentokil Initial PLC,Industrials,4042312797,408500106,2.86%,2.86,,Both,RTO.L
2026-06-30,United Kingdom,Rolls-Royce Holdings PLC,Industrials,35039269421,3540929656,2.21%,0.63,,Market Value,RR.L
2026-06-30,United Kingdom,Rosebank Industries PLC,Industrials,3352666259,338807161,7.8%,7.8,,Both,ROSE.L
2026-06-30,United Kingdom,Rotork PLC,Industrials,634137130,64083384,2%,2.0,,Both,ROR.L
2026-06-30,United Kingdom,RS GROUP PLC,Industrials,686504690,69375442,1.9%,1.9,,Both,RS1.L
2026-06-30,United Kingdom,Serco Group PLC,Industrials,561694089,56762578,1.99%,1.99,,Ownership,SRP.L
2026-06-30,United Kingdom,Smiths Group PLC,Industrials,2037053169,205856517,2.02%,2.02,,Both,SMIN.L
2026-06-30,United Kingdom,Spirax Group PLC,Industrials,2080649655,210262205,3.14%,3.14,,Both,SPX.L
2026-06-30,United Kingdom,Sunbelt Rentals Holdings Inc,Industrials,5195088956,524995094,1.76%,1.76,,Market Value,SUNB.L
2026-06-30,United Kingdom,Volution Group PLC,Industrials,442399752,44707165,2.78%,2.78,,Ownership,FAN.L
2026-06-30,United Kingdom,Weir Group PLC/The,Industrials,1633936953,165119191,1.99%,1.99,,Both,WEIR.L
2026-06-30,United Kingdom,Wise Group PLC,Industrials,1844125493,186360011,0%,0.0,,Market Value,WISE.L
2026-06-30,United Kingdom,British Land Co PLC/The,Real Estate,1131790147,114374225,2.03%,2.03,,Ownership,BLND.L
2026-06-30,United Kingdom,Derwent London PLC,Real Estate,1473361141,148892036,5.19%,5.19,,Ownership,DLN.L
2026-06-30,United Kingdom,Grainger PLC,Real Estate,1500804543,151665357,9.08%,9.08,,Ownership,GRI.L
2026-06-30,United Kingdom,Great Portland Estates PLC,Real Estate,1679568077,169730491,9.48%,9.48,,Both,GPE.L
2026-06-30,United Kingdom,Land Securities Group PLC,Real Estate,1295461260,130914179,2.03%,2.03,,Ownership,LAND.L
2026-06-30,United Kingdom,LondonMetric Property PLC,Real Estate,4254412928,429934104,7.34%,7.34,,Both,LMP.L
2026-06-30,United Kingdom,Rightmove PLC,Real Estate,885293241,89464225,2.06%,2.06,,Ownership,RMV.L
2026-06-30,United Kingdom,Segro PLC,Real Estate,12935244842,1307184562,8.31%,8.31,,Both,SGRO.L
2026-06-30,United Kingdom,Shaftesbury Capital PLC,Real Estate,8337028542,842507053,23.45%,23.45,,Both,SHC.L
2026-06-30,United Kingdom,UNITE Group PLC/The,Real Estate,3051669548,308389626,8.89%,8.89,,Both,UTG.L
2026-06-30,United Kingdom,Aptitude Software Group PLC,Technology,14762384,1491828,0.95%,0.95,,Ownership,APTD.L
2026-06-30,United Kingdom,Auction Technology Group PLC,Technology,63519242,6419003,0.96%,0.96,,Ownership,ATG.L
2026-06-30,United Kingdom,Autotrader Group PLC,Technology,1587533976,160429890,3.07%,3.07,,Both,AUTO.L
2026-06-30,United Kingdom,Bytes Technology Group PLC,Technology,349971304,35366712,2.97%,2.97,,Both,BYIT.L
2026-06-30,United Kingdom,Computacenter PLC,Technology,667527720,67457705,1.12%,1.12,,Both,CCC.L
2026-06-30,United Kingdom,FDM Group Holdings PLC,Technology,43546447,4400631,2.92%,2.92,,Ownership,FDM.L
2026-06-30,United Kingdom,Noventiq Holdings plc,Technology,57734097,5834379,2.17%,2.17,,Ownership,NVTQ.L
2026-06-30,United Kingdom,RELX PLC,Technology,11800349157,1192496504,2.16%,2.16,,Both,REL.L
2026-06-30,United Kingdom,Softcat PLC,Technology,624359284,63095274,1.32%,1.32,,Both,SCT.L
2026-06-30,United Kingdom,Tribal Group PLC,Technology,37170137,3756267,2.2%,2.2,,Ownership,TRB.L
2026-06-30,United Kingdom,Airtel Africa PLC,Telecommunications,563071210,56901744,0.36%,0.36,,Both,AAF.L
2026-06-30,United Kingdom,BT Group PLC,Telecommunications,3606237598,364432075,1.45%,1.45,,Both,BT-A.L
2026-06-30,United Kingdom,Helios Towers PLC,Telecommunications,338981286,34256105,1.24%,1.24,,Both,HTWS.L
2026-06-30,United Kingdom,Vodafone Group PLC,Telecommunications,4688717071,473823159,1.56%,1.56,,Both,VOD.L
2026-06-30,United Kingdom,Zegona Communications plc,Telecommunications,598880980,60520538,1.27%,1.27,,Both,ZEG.L
2026-06-30,United Kingdom,Centrica PLC,Utilities,2291443580,231564204,2.21%,2.21,,Both,CNA.L
2026-06-30,United Kingdom,Drax Group PLC,Utilities,332558006,33606994,0.99%,0.99,,Ownership,DRX.L
2026-06-30,United Kingdom,Metlen Energy & Metals PLC,Utilities,1803053103,182209399,2.72%,2.72,,Ownership,METLEN.L
2026-06-30,United Kingdom,National Grid PLC,Utilities,13529361092,1367223595,1.66%,1.66,,Both,NG.L
2026-06-30,United Kingdom,Pennon Group PLC,Utilities,576751047,58284174,2%,2.0,,Ownership,PNN.L
2026-06-30,United Kingdom,Severn Trent PLC,Utilities,2112975891,213528967,1.8%,1.8,,Both,SVT.L
2026-06-30,United Kingdom,SSE PLC,Utilities,11849615076,1197475122,3.06%,3.06,,Both,SSE.L
2026-06-30,United Kingdom,Telecom Plus PLC,Utilities,12350250,1248067,0.16%,0.16,,Ownership,TEP.L
2026-06-30,United Kingdom,United Utilities Group PLC,Utilities,2609411913,263696823,2.04%,2.04,,Both,UU.L
2026-06-30,United States,Air Products and Chemicals Inc,Basic Materials,13346546554,1348749083,2.07%,2.07,,Both,APD
2026-06-30,United States,Albemarle Corp,Basic Materials,1428124538,144320604,0.91%,0.91,,Market Value,ALB
2026-06-30,United States,Alcoa Corp,Basic Materials,1017180584,102792237,0.75%,0.75,,Market Value,AA
2026-06-30,United States,Avery Dennison Corp,Basic Materials,1567706094,158426163,1.28%,1.28,,Both,AVY
2026-06-30,United States,Avient Corp,Basic Materials,449015418,45375718,1.34%,1.34,,Ownership,AVNT
2026-06-30,United States,Balchem Corp,Basic Materials,688592718,69586450,1.28%,1.28,,Ownership,BCPC
2026-06-30,United States,Cabot Corp,Basic Materials,649951067,65681478,1.4%,1.4,,Ownership,CBT
2026-06-30,United States,Carpenter Technology Corp,Basic Materials,3875989832,391692166,1.28%,1.28,,Both,CRS
2026-06-30,United States,Celanese Corp,Basic Materials,4252418013,429732506,8.52%,8.52,,Both,CE
2026-06-30,United States,CF Industries Holdings Inc,Basic Materials,3080068549,311259517,1.87%,1.87,,Both,CF
2026-06-30,United States,Coeur Mining Inc,Basic Materials,2739690288,276862239,1.64%,1.64,,Both,CDE
2026-06-30,United States,Commercial Metals Co,Basic Materials,871816485,88102318,1.27%,1.27,,Both,CMC
2026-06-30,United States,Eastman Chemical Co,Basic Materials,1011680262,102236397,1.33%,1.33,,Both,EMN
2026-06-30,United States,Ecolab Inc,Basic Materials,9055282229,915090923,1.17%,1.17,,Both,ECL
2026-06-30,United States,Fastenal Co,Basic Materials,7210401878,728654629,1.32%,1.32,,Both,FAST
2026-06-30,United States,Hecla Mining Co,Basic Materials,1523604930,153969474,1.49%,1.49,,Both,HL
2026-06-30,United States,International Flavors & Fragrances Inc,Basic Materials,1424912963,143996055,0.71%,0.71,,Market Value,IFF
2026-06-30,United States,International Paper Co,Basic Materials,2326486086,235105461,1.17%,1.17,,Both,IP
2026-06-30,United States,Linde PLC,Basic Materials,32945668893,3329358688,1.39%,1.39,,Both,LIN
2026-06-30,United States,LyondellBasell Industries NV,Basic Materials,1982194486,200312717,1.18%,1.18,,Both,LYB
2026-06-30,United States,Mosaic Co/The,Basic Materials,839767314,84863556,1.26%,1.26,,Both,MOS
2026-06-30,United States,MP Materials Corp,Basic Materials,1068818696,108010580,1.08%,1.08,,Market Value,MP
2026-06-30,United States,Mueller Industries Inc,Basic Materials,1745026110,176345421,1.3%,1.3,,Both,MLI
2026-06-30,United States,Newmont Corp,Basic Materials,12920761021,1305720885,1.31%,1.31,,Both,NEM
2026-06-30,United States,Nucor Corp,Basic Materials,8586231828,867690549,1.71%,1.71,,Both,NUE
2026-06-30,United States,RBC Bearings Inc,Basic Materials,2642846407,267075581,1.31%,1.31,,Both,RBC
2026-06-30,United States,Reliance Inc,Basic Materials,2416409908,244192806,1.28%,1.28,,Both,RS
2026-06-30,United States,Royal Gold Inc,Basic Materials,3293907533,332869237,1.96%,1.96,,Both,RGLD
2026-06-30,United States,Sensient Technologies Corp,Basic Materials,660119043,66709013,1.27%,1.27,,Ownership,SXT
2026-06-30,United States,Solstice Advanced Materials Inc,Basic Materials,1795901098,181486645,1.29%,1.29,,Both,SLST
2026-06-30,United States,Southern Copper Corp,Basic Materials,1835623320,185500816,0.13%,0.13,,Market Value,SCCO
2026-06-30,United States,Steel Dynamics Inc,Basic Materials,5330399609,538669052,1.63%,1.63,,Both,STLD
2026-06-30,United States,Timken Co/The,Basic Materials,1410444454,142533925,1.41%,1.41,,Both,TKR
2026-06-30,United States,UFP Industries Inc,Basic Materials,635116024,64182308,1.28%,1.28,,Ownership,UFPI
2026-06-30,United States,Uranium Energy Corp,Basic Materials,1845965335,186545939,3.54%,3.54,,Both,UEC
2026-06-30,United States,Abercrombie & Fitch Co,Consumer Discretionary,672593289,67969611,1.7%,1.7,,Ownership,ANF
2026-06-30,United States,Academy Sports & Outdoors Inc,Consumer Discretionary,412010058,41636103,1.42%,1.42,,Ownership,ASO
2026-06-30,United States,Airbnb Inc,Consumer Discretionary,4988132663,504080912,0.09%,0.58,,Market Value,ABNB
2026-06-30,United States,Amazon.com Inc,Consumer Discretionary,315343027426,31867316197,1.24%,1.24,,Market Value,AMZN
2026-06-30,United States,Aptiv PLC,Consumer Discretionary,4741848107,479192371,3.69%,3.69,,Both,APTV
2026-06-30,United States,Aramark,Consumer Discretionary,1933614538,195403420,1.31%,1.31,,Ownership,ARMK
2026-06-30,United States,Asbury Automotive Group Inc,Consumer Discretionary,500465292,50575038,1.35%,1.35,,Ownership,ABG
2026-06-30,United States,Autoliv Inc,Consumer Discretionary,1085419263,109688168,1.26%,1.26,,Ownership,ALV
2026-06-30,United States,AutoZone Inc,Consumer Discretionary,8835700785,892900893,1.71%,1.71,,Both,AZO
2026-06-30,United States,Bath & Body Works Inc,Consumer Discretionary,600739603,60708363,1.3%,1.3,,Ownership,BBWI
2026-06-30,United States,Booking Holdings Inc,Consumer Discretionary,21425456040,2165171648,1.57%,1.57,,Both,BKNG
2026-06-30,United States,BorgWarner Inc,Consumer Discretionary,1710750166,172881630,1.27%,1.27,,Ownership,BWA
2026-06-30,United States,Brinker International Inc,Consumer Discretionary,946844980,95684400,1.33%,1.33,,Ownership,EAT
2026-06-30,United States,Capri Holdings Ltd,Consumer Discretionary,649590705,65645061,3.08%,3.08,,Ownership,CPRI
2026-06-30,United States,Carnival Corp Ltd,Consumer Discretionary,4336389917,438218374,1.12%,1.12,,Market Value,CCL
2026-06-30,United States,Carvana Co,Consumer Discretionary,3816755576,385706187,0.13%,0.53,,Market Value,CVNA
2026-06-30,United States,Chipotle Mexican Grill Inc,Consumer Discretionary,5965847924,602884940,1.4%,1.4,,Both,CMG
2026-06-30,United States,Copart Inc,Consumer Discretionary,3053469172,308571489,1.18%,1.18,,Market Value,CPRT
2026-06-30,United States,Costco Wholesale Corp,Consumer Discretionary,53317874058,5388092977,1.3%,1.3,,Both,COST
2026-06-30,United States,Coupang Inc,Consumer Discretionary,3233437356,326758361,1.15%,1.05,,Market Value,CPNG
2026-06-30,United States,Coursera Inc,Consumer Discretionary,289820196,29288080,1.81%,1.81,,Ownership,COUR
2026-06-30,United States,Crocs Inc,Consumer Discretionary,1324962333,133895441,2.23%,2.23,,Ownership,CROX
2026-06-30,United States,Dollar Tree Inc,Consumer Discretionary,2639229900,266710111,1.15%,1.15,,Market Value,DLTR
2026-06-30,United States,Domino's Pizza Inc,Consumer Discretionary,2352939481,237778736,2.41%,2.41,,Ownership,DPZ
2026-06-30,United States,DR Horton Inc,Consumer Discretionary,4818355416,486923896,1.06%,1.06,,Market Value,DHI
2026-06-30,United States,DraftKings Inc,Consumer Discretionary,3004442679,303617066,0.27%,1.35,,Both,DKNG
2026-06-30,United States,Electronic Arts Inc,Consumer Discretionary,6037861414,610162338,1.19%,1.19,,Market Value,EA
2026-06-30,United States,Expedia Group Inc,Consumer Discretionary,6998336806,707224173,1.63%,2.3,,Both,EXPE
2026-06-30,United States,Flutter Entertainment PLC,Consumer Discretionary,3130239148,316329559,1.78%,1.78,,Both,FLUT
2026-06-30,United States,Ford Motor Co,Consumer Discretionary,6278946735,634525465,0.7%,1.15,,Market Value,F
2026-06-30,United States,G-III Apparel Group Ltd,Consumer Discretionary,533723688,53936000,3.79%,3.79,,Ownership,GIII
2026-06-30,United States,Garmin Ltd,Consumer Discretionary,5142350404,519665545,1.13%,1.13,,Market Value,GRMN
2026-06-30,United States,General Motors Co,Consumer Discretionary,7340667618,741818768,1.07%,1.07,,Market Value,GM
2026-06-30,United States,Grand Canyon Education Inc,Consumer Discretionary,504704167,51003402,1.34%,1.34,,Ownership,LOPE
2026-06-30,United States,Group 1 Automotive Inc,Consumer Discretionary,581109492,58724621,1.7%,1.7,,Ownership,GPI
2026-06-30,United States,Hasbro Inc,Consumer Discretionary,1533141717,154933224,1.33%,1.33,,Ownership,HAS
2026-06-30,United States,Hilton Worldwide Holdings Inc,Consumer Discretionary,7991118148,807550720,1.07%,1.07,,Market Value,HLT
2026-06-30,United States,Home Depot Inc/The,Consumer Discretionary,43566542691,4402662088,1.25%,1.25,,Market Value,HD
2026-06-30,United States,Liberty Media Corp-Liberty Formula One,Consumer Discretionary,3145701584,317892131,2.7%,1.38,,Both,FWONA
2026-06-30,United States,Live Nation Entertainment Inc,Consumer Discretionary,3614188886,365235601,0.85%,0.85,,Market Value,LYV
2026-06-30,United States,Lowe's Cos Inc,Consumer Discretionary,17670680195,1785728886,1.44%,1.44,,Both,LOW
2026-06-30,United States,Macy's Inc,Consumer Discretionary,831600926,84038293,1.36%,1.36,,Ownership,M
2026-06-30,United States,MakeMyTrip Ltd,Consumer Discretionary,803454992,81193976,1.68%,1.59,,Ownership,MMYT
2026-06-30,United States,Marriott International Inc/MD,Consumer Discretionary,6788660295,686035096,0.7%,0.7,,Market Value,MAR
2026-06-30,United States,McDonald's Corp,Consumer Discretionary,24127371111,2438216473,1.27%,1.27,,Both,MCD
2026-06-30,United States,MercadoLibre Inc,Consumer Discretionary,8650328648,874167920,1.02%,1.02,,Market Value,MELI
2026-06-30,United States,Meritage Homes Corp,Consumer Discretionary,740093646,74790930,1.37%,1.37,,Ownership,MTH
2026-06-30,United States,Murphy USA Inc,Consumer Discretionary,1503594798,151947329,1.53%,1.53,,Ownership,MUSA
2026-06-30,United States,Netflix Inc,Consumer Discretionary,39991629968,4041395581,1.36%,1.36,,Both,NFLX
2026-06-30,United States,NIKE Inc,Consumer Discretionary,4177641139,422175852,0.69%,0.69,,Market Value,NKE
2026-06-30,United States,O'Reilly Automotive Inc,Consumer Discretionary,9649227191,975112646,1.3%,1.3,,Both,ORLY
2026-06-30,United States,PulteGroup Inc,Consumer Discretionary,4956211207,500855056,1.92%,1.92,,Both,PHM
2026-06-30,United States,ROBLOX Corp,Consumer Discretionary,2803895117,283350525,0.32%,0.73,,Market Value,RBLX
2026-06-30,United States,Ross Stores Inc,Consumer Discretionary,8656668545,874808604,1.28%,1.28,,Both,ROST
2026-06-30,United States,Royal Caribbean Cruises Ltd,Consumer Discretionary,9608873702,971034683,1.14%,1.14,,Market Value,RCL
2026-06-30,United States,Somnigroup International Inc,Consumer Discretionary,2304638470,232897627,1.41%,1.41,,Ownership,SGI
2026-06-30,United States,Spotify Technology SA,Consumer Discretionary,6178612042,624386038,0.26%,0.26,,Market Value,SPOT
2026-06-30,United States,Starbucks Corp,Consumer Discretionary,12592688380,1272567165,1.09%,1.09,,Market Value,SBUX
2026-06-30,United States,Take-Two Interactive Software Inc,Consumer Discretionary,8158157359,824431040,1.78%,1.78,,Both,TTWO
2026-06-30,United States,Target Corp,Consumer Discretionary,7311540212,738875268,1.25%,1.25,,Market Value,TGT
2026-06-30,United States,Taylor Morrison Home Corp,Consumer Discretionary,889229680,89862026,1.36%,1.36,,Ownership,TMHC
2026-06-30,United States,Tesla Inc,Consumer Discretionary,155557421002,15720016270,1%,1.0,,Market Value,TSLA
2026-06-30,United States,Texas Roadhouse Inc,Consumer Discretionary,2778559842,280790242,2.21%,2.21,,Both,TXRH
2026-06-30,United States,TJX Cos Inc/The,Consumer Discretionary,21337045544,2156237234,1.29%,1.29,,Both,TJX
2026-06-30,United States,Toll Brothers Inc,Consumer Discretionary,1933891344,195431393,1.27%,1.27,,Ownership,TOL
2026-06-30,United States,Tractor Supply Co,Consumer Discretionary,2137321146,215989202,1.3%,1.3,,Ownership,TSCO
2026-06-30,United States,Travel + Leisure Co,Consumer Discretionary,629300118,63594575,1.36%,1.36,,Ownership,TNL
2026-06-30,United States,Uber Technologies Inc,Consumer Discretionary,19560722128,1976729031,1.35%,1.35,,Both,UBER
2026-06-30,United States,Ulta Beauty Inc,Consumer Discretionary,3488805864,352564890,1.82%,1.82,,Both,ULTA
2026-06-30,United States,Versant Media Group Inc,Consumer Discretionary,1578286928,159495420,3.13%,3.13,,Ownership,VSNT
2026-06-30,United States,VF Corp,Consumer Discretionary,936178865,94606525,1.45%,1.45,,Ownership,VFC
2026-06-30,United States,Viking Holdings Ltd,Consumer Discretionary,4787122030,483767574,0.29%,1.04,,Market Value,VIK
2026-06-30,United States,Walmart Inc,Consumer Discretionary,61792644219,6244519652,0.69%,0.69,,Market Value,WMT
2026-06-30,United States,Walt Disney Co/The,Consumer Discretionary,18663965263,1886106338,1.13%,1.13,,Market Value,DIS
2026-06-30,United States,Warner Bros Discovery Inc,Consumer Discretionary,8123474260,820926104,1.23%,1.23,,Market Value,WBD
2026-06-30,United States,Williams-Sonoma Inc,Consumer Discretionary,3485825941,352263750,1.28%,1.28,,Both,WSM
2026-06-30,United States,Wyndham Hotels & Resorts Inc,Consumer Discretionary,1995297817,201636887,3.2%,3.2,,Ownership,WH
2026-06-30,United States,Yum! Brands Inc,Consumer Discretionary,6558811968,662807536,1.5%,1.5,,Both,YUM
2026-06-30,United States,Albertsons Cos Inc,Consumer Staples,2518044364,254463581,3.84%,3.84,,Both,ACI
2026-06-30,United States,Archer-Daniels-Midland Co,Consumer Staples,4822589539,487351780,1.32%,1.32,,Both,ADM
2026-06-30,United States,Bunge Global SA,Consumer Staples,1937593033,195805471,0.95%,0.95,,Market Value,BG
2026-06-30,United States,Cardinal Health Inc,Consumer Staples,7101070610,717606044,1.29%,1.29,,Both,CAH
2026-06-30,United States,Casey's General Stores Inc,Consumer Staples,3899303363,394048139,1.34%,1.34,,Both,CASY
2026-06-30,United States,Celsius Holdings Inc,Consumer Staples,1630133351,164734814,2.2%,2.2,,Ownership,CELH
2026-06-30,United States,Cencora Inc,Consumer Staples,6842022532,691427672,1.26%,1.26,,Both,COR
2026-06-30,United States,Church & Dwight Co Inc,Consumer Staples,2843219350,287324476,1.25%,1.25,,Both,CHD
2026-06-30,United States,Coca-Cola Co/The,Consumer Staples,40767752277,4119827424,1.18%,1.18,,Both,KO
2026-06-30,United States,Coca-Cola Consolidated Inc,Consumer Staples,2517382542,254396700,0.52%,2.0,,Both,COKE
2026-06-30,United States,Colgate-Palmolive Co,Consumer Staples,8652087387,874345651,1.2%,1.2,,Both,CL
2026-06-30,United States,Constellation Brands Inc,Consumer Staples,2157124712,217990472,0.92%,0.92,,Market Value,STZ
2026-06-30,United States,Corteva Inc,Consumer Staples,4684848924,473432260,0.84%,0.84,,Market Value,CTVA
2026-06-30,United States,CVS Health Corp,Consumer Staples,18069201274,1826001847,1.38%,1.38,,Both,CVS
2026-06-30,United States,Darling Ingredients Inc,Consumer Staples,1031519654,104241287,1.2%,1.2,,Ownership,DAR
2026-06-30,United States,General Mills Inc,Consumer Staples,3394710292,343055964,1.85%,1.85,,Both,GIS
2026-06-30,United States,Hershey Co/The,Consumer Staples,2606477449,263400278,0.22%,0.74,,Market Value,HSY
2026-06-30,United States,J M Smucker Co/The,Consumer Staples,1681545778,169930350,1.41%,1.41,,Ownership,SJM
2026-06-30,United States,Kenvue Inc,Consumer Staples,5578207150,563711500,1.54%,1.54,,Both,KVUE
2026-06-30,United States,Keurig Dr Pepper Inc,Consumer Staples,4903653215,495543754,1.11%,1.11,,Market Value,KDP
2026-06-30,United States,Kimberly-Clark Corp,Consumer Staples,6411234426,647893934,1.78%,1.78,,Both,KMB
2026-06-30,United States,Kraft Heinz Co/The,Consumer Staples,1789671783,180857135,0.65%,0.65,,Market Value,KHC
2026-06-30,United States,Kroger Co/The,Consumer Staples,3520996728,355817971,1.05%,1.05,,Market Value,KR
2026-06-30,United States,Lamb Weston Holdings Inc,Consumer Staples,1078294669,108968184,1.83%,1.83,,Ownership,LW
2026-06-30,United States,McKesson Corp,Consumer Staples,12761422725,1289618789,1.46%,1.46,,Both,MCK
2026-06-30,United States,Molson Coors Beverage Co,Consumer Staples,1101541412,111317408,1.52%,1.52,,Ownership,TAP
2026-06-30,United States,Mondelez International Inc,Consumer Staples,9044828123,914034473,1.23%,1.23,,Both,MDLZ
2026-06-30,United States,Monster Beverage Corp,Consumer Staples,7046954814,712137316,0.76%,0.76,,Market Value,MNST
2026-06-30,United States,Nomad Foods Ltd,Consumer Staples,229140177,23155998,1.49%,1.49,,Ownership,NOMD
2026-06-30,United States,PepsiCo Inc,Consumer Staples,24055600417,2430963611,1.31%,1.31,,Both,PEP
2026-06-30,United States,Performance Food Group Co,Consumer Staples,2083801549,210580723,1.2%,1.2,,Both,PFGC
2026-06-30,United States,Post Holdings Inc,Consumer Staples,1143630189,115570733,2.89%,2.89,,Ownership,POST
2026-06-30,United States,Procter & Gamble Co/The,Consumer Staples,44057906903,4452317407,1.3%,1.3,,Both,PG
2026-06-30,United States,Simply Good Foods Co/The,Consumer Staples,302981038,30618063,2.55%,2.55,,Ownership,SMPL
2026-06-30,United States,Sprouts Farmers Market Inc,Consumer Staples,2506918647,253339260,3.18%,3.18,,Both,SFM
2026-06-30,United States,Sysco Corp,Consumer Staples,5011639670,506456437,1.27%,1.27,,Both,SYY
2026-06-30,United States,Tyson Foods Inc,Consumer Staples,2501944108,252836553,0.45%,1.26,,Both,TSN
2026-06-30,United States,US Foods Holding Corp,Consumer Staples,2935833474,296683692,1.32%,1.32,,Both,USFD
2026-06-30,United States,Antero Midstream Corp,Energy,807903643,81643539,0.76%,0.76,,Both,AM
2026-06-30,United States,Baker Hughes Co,Energy,10728067249,1084135946,1.97%,1.97,,Both,BKR
2026-06-30,United States,Cheniere Energy Inc,Energy,8098019516,818353748,1.63%,1.63,,Both,LNG
2026-06-30,United States,Chevron Corp,Energy,38267310342,3867142675,1.18%,1.18,,Both,CVX
2026-06-30,United States,Delek US Holdings Inc,Energy,693870802,70119832,2.25%,2.25,,Both,DKL
2026-06-30,United States,DT Midstream Inc,Energy,1618526122,163561833,1.09%,1.09,,Both,DTM
2026-06-30,United States,Enphase Energy Inc,Energy,548402413,55419374,0.85%,0.85,,Both,ENPH
2026-06-30,United States,Exxon Mobil Corp,Energy,78893090406,7972622950,1.41%,1.41,,Both,XOM
2026-06-30,United States,First Solar Inc,Energy,3562962991,360058915,1.42%,1.42,,Both,FSLR
2026-06-30,United States,Halliburton Co,Energy,1288403659,130200966,0.46%,0.46,,Both,HAL
2026-06-30,United States,Helmerich & Payne Inc,Energy,47059846,4755681,0.15%,0.15,,Both,HP
2026-06-30,United States,HF Sinclair Corp,Energy,185142146,18709731,0.15%,0.15,,Both,DINO
2026-06-30,United States,Kinder Morgan Inc,Energy,11778330574,1190271393,1.67%,1.67,,Both,KMI
2026-06-30,United States,Marathon Petroleum Corp,Energy,6928402575,700156897,0.94%,0.94,,Both,MPC
2026-06-30,United States,Nextpower Inc,Energy,2261627873,228551147,1.26%,1.26,,Both,NXTP
2026-06-30,United States,NOV Inc,Energy,84580195,8547339,0.13%,0.13,,Both,NOV
2026-06-30,United States,ONEOK Inc,Energy,5520294893,557859117,1.02%,1.02,,Both,OKE
2026-06-30,United States,PBF Energy Inc,Energy,62248542,6290591,0.12%,0.12,,Both,PBF
2026-06-30,United States,Phillips 66,Energy,6366338857,643356966,0.95%,0.95,,Both,PSX
2026-06-30,United States,Shoals Technologies Group Inc,Energy,14709512,1486485,0.09%,0.09,,Ownership,SHLS
2026-06-30,United States,SLB Ltd,Energy,10180041301,1028754616,1.49%,1.49,,Both,SLB
2026-06-30,United States,Solv Energy Inc,Energy,43777834,4424014,0.06%,0.06,,Both,MWH
2026-06-30,United States,Sunococorp LLC,Energy,948027197,95803870,2.75%,2.75,,Both,SUN
2026-06-30,United States,Targa Resources Corp,Energy,10850466911,1096505170,1.91%,1.91,,Both,TRGP
2026-06-30,United States,TechnipFMC PLC,Energy,2903794773,293445988,1.11%,1.11,,Both,FTI
2026-06-30,United States,Valaris Ltd,Energy,507890185,51325369,1.02%,1.02,,Both,VAL
2026-06-30,United States,Valero Energy Corp,Energy,15935963267,1610425271,2.08%,2.08,,Both,VLO
2026-06-30,United States,WaterBridge Infrastructure LLC,Energy,22421178,2265795,0.05%,0.05,,Market Value,WBI
2026-06-30,United States,Weatherford International PLC,Energy,745292140,75316269,1.28%,1.28,,Both,WFRD
2026-06-30,United States,Williams Cos Inc/The,Energy,8703839277,879575492,0.97%,0.97,,Both,WMB
2026-06-30,United States,X-Energy Inc,Energy,72672552,7344000,0.1%,0.1,,Both,XE
2026-06-30,United States,AGNC Investment Corp,Financials,1669029554,168665510,1.35%,1.35,,Ownership,AGNC
2026-06-30,United States,Allstate Corp/The,Financials,3661363563,370002886,0.6%,0.6,,Market Value,ALL
2026-06-30,United States,American International Group Inc,Financials,4793528280,484414964,1.23%,1.23,,Market Value,AIG
2026-06-30,United States,Ameriprise Financial Inc,Financials,5760936959,582177450,1.4%,1.4,,Both,AMP
2026-06-30,United States,Aon PLC,Financials,9049108279,914467008,1.29%,1.29,,Both,AON
2026-06-30,United States,Apollo Global Management Inc,Financials,9659082821,976108617,1.48%,1.48,,Both,APO
2026-06-30,United States,Arch Capital Group Ltd,Financials,6532206006,660118843,1.95%,1.95,,Both,ACGL
2026-06-30,United States,Arthur J Gallagher & Co,Financials,15467636779,1563098053,2.66%,2.66,,Both,AJG
2026-06-30,United States,Assurant Inc,Financials,1750918297,176940862,1.33%,1.33,,Ownership,AIZ
2026-06-30,United States,Axis Capital Holdings Ltd,Financials,1009466360,102012668,1.29%,1.29,,Ownership,AXS
2026-06-30,United States,Bank of America Corp,Financials,46549899377,4704148287,1.16%,1.16,,Market Value,BAC
2026-06-30,United States,Bank of New York Mellon Corp/The,Financials,16632767148,1680841509,1.71%,1.71,,Both,BK
2026-06-30,United States,Bank OZK,Financials,821778532,83045681,1.45%,1.45,,Ownership,OZK
2026-06-30,United States,Berkshire Hathaway Inc,Financials,116354148224,11758288942,1.71%,0.59,,Market Value,BRK-B
2026-06-30,United States,Blackrock Inc,Financials,22516182702,2275396160,1.45%,1.45,,Both,BLK
2026-06-30,United States,Blackstone Inc,Financials,7138586322,721397233,0.78%,0.5,,Market Value,BX
2026-06-30,United States,Broadridge Financial Solutions Inc,Financials,2050969720,207262869,1.31%,1.31,,Ownership,BR
2026-06-30,United States,Cboe Global Markets Inc,Financials,3313283843,334827330,1.32%,1.32,,Ownership,CBOE
2026-06-30,United States,Charles Schwab Corp/The,Financials,19350836296,1955518801,1.22%,1.18,,Market Value,SCHW
2026-06-30,United States,Chubb Ltd,Financials,10371981548,1048151336,0.79%,0.79,,Market Value,CB
2026-06-30,United States,Circle Internet Group Inc,Financials,2138833951,216142080,1.07%,1.39,,Ownership,CRCL
2026-06-30,United States,Citigroup Inc,Financials,26259235100,2653654196,1.13%,1.13,,Market Value,C
2026-06-30,United States,Citizens Financial Group Inc,Financials,4055032179,409785476,1.38%,1.38,,Both,CFG
2026-06-30,United States,CME Group Inc,Financials,9498981974,959929460,1.2%,1.2,,Market Value,CME
2026-06-30,United States,Coinbase Global Inc,Financials,4033415341,407600964,0.27%,1.06,,Market Value,COIN
2026-06-30,United States,Columbia Banking System Inc,Financials,1171550523,118392251,1.31%,1.31,,Ownership,COLB
2026-06-30,United States,Corebridge Financial Inc,Financials,4116744996,416021929,3.26%,3.26,,Both,CRBG
2026-06-30,United States,East West Bancorp Inc,Financials,2366718999,239171239,1.35%,1.35,,Ownership,EWBC
2026-06-30,United States,Equitable Holdings Inc,Financials,7842750021,792557225,5.99%,5.99,,Both,EQH
2026-06-30,United States,Essent Group Ltd,Financials,1686079785,170388539,2.88%,2.88,,Ownership,ESNT
2026-06-30,United States,Everest Group Ltd,Financials,6792846814,686458169,4.97%,4.97,,Both,EG
2026-06-30,United States,Fifth Third Bancorp,Financials,11744229859,1186825310,2.32%,2.32,,Both,FITB
2026-06-30,United States,Goldman Sachs Group Inc/The,Financials,25429857672,2569840602,0.86%,0.83,,Market Value,GS
2026-06-30,United States,Hartford Insurance Group Inc/The,Financials,5674674983,573460157,1.58%,1.58,,Both,HIG
2026-06-30,United States,Huntington Bancshares Inc/OH,Financials,5372057050,542878788,1.52%,1.52,,Both,HBAN
2026-06-30,United States,Interactive Brokers Group Inc,Financials,4991093164,504380088,0.34%,0.34,,Market Value,IBKR
2026-06-30,United States,Intercontinental Exchange Inc,Financials,10103963164,1021066461,1.47%,1.47,,Both,ICE
2026-06-30,United States,JPMorgan Chase & Co,Financials,115378537053,11659697545,1.34%,1.34,,Both,JPM
2026-06-30,United States,KKR & Co Inc,Financials,11849574344,1197471006,1.45%,1.45,,Both,KKR
2026-06-30,United States,Lazard Inc,Financials,763390237,77145191,1.65%,1.65,,Ownership,LAZ
2026-06-30,United States,Loews Corp,Financials,5015871380,506884077,2.18%,2.18,,Both,L
2026-06-30,United States,LPL Financial Holdings Inc,Financials,2916123953,294691926,1.32%,1.32,,Ownership,LPLA
2026-06-30,United States,M&T Bank Corp,Financials,4652083940,470121160,1.36%,1.36,,Both,MTB
2026-06-30,United States,MarketAxess Holdings Inc,Financials,642852972,64964173,1.61%,1.61,,Ownership,MKTX
2026-06-30,United States,Marsh & McLennan Cos Inc,Financials,9643875488,974571824,1.21%,1.21,,Market Value,MMC
2026-06-30,United States,MetLife Inc,Financials,5228375552,528358906,0.97%,0.97,,Market Value,MET
2026-06-30,United States,MGIC Investment Corp,Financials,791571232,79993051,1.34%,1.34,,Ownership,MTG
2026-06-30,United States,Moody's Corp,Financials,10021407225,1012723685,1.29%,1.29,,Market Value,MCO
2026-06-30,United States,Morgan Stanley,Financials,36765439020,3715369513,1.13%,1.13,,Market Value,MS
2026-06-30,United States,MSCI Inc,Financials,4538214400,458613956,1.12%,1.12,,Market Value,MSCI
2026-06-30,United States,Nasdaq Inc,Financials,4984578602,503721753,1.13%,1.13,,Market Value,NDAQ
2026-06-30,United States,NU Holdings Ltd/Cayman Islands,Financials,8564531575,865497608,0.27%,1.34,,Both,NU
2026-06-30,United States,Pinnacle Financial Partners Inc,Financials,3428998399,346520984,2.27%,2.27,,Both,PNFP
2026-06-30,United States,Piper Sandler Cos,Financials,636465931,64318724,1.32%,1.32,,Ownership,PIPR
2026-06-30,United States,PNC Financial Services Group Inc/The,Financials,24541829033,2480099948,2.51%,2.51,,Both,PNC
2026-06-30,United States,Progressive Corp/The,Financials,17262498478,1744479660,1.37%,1.37,,Both,PGR
2026-06-30,United States,Prosperity Bancshares Inc,Financials,974520458,98481174,1.34%,1.34,,Ownership,PB
2026-06-30,United States,Radian Group Inc,Financials,694497885,70183203,1.4%,1.4,,Ownership,RDN
2026-06-30,United States,Rithm Capital Corp,Financials,741965006,74980042,1.43%,1.43,,Ownership,RITM
2026-06-30,United States,Robinhood Markets Inc,Financials,9885473412,998986753,0.53%,1.11,,Market Value,HOOD
2026-06-30,United States,Rocket Cos Inc,Financials,3749487263,378908318,0.85%,0.85,,Market Value,RKT
2026-06-30,United States,S&P Global Inc,Financials,14554155740,1470785280,1.19%,1.19,,Market Value,SPGI
2026-06-30,United States,Stifel Financial Corp,Financials,1423408023,143843972,1.34%,1.34,,Ownership,SF
2026-06-30,United States,Travelers Cos Inc/The,Financials,8234853829,832181682,1.19%,1.19,,Market Value,TRV
2026-06-30,United States,Truist Financial Corp,Financials,4376292741,442250795,0.73%,0.73,,Market Value,TFC
2026-06-30,United States,Unum Group,Financials,11727593075,1185144063,8.3%,8.3,,Both,UNM
2026-06-30,United States,US Bancorp,Financials,11744013096,1186803405,1.26%,1.26,,Market Value,USB
2026-06-30,United States,Voya Financial Inc,Financials,1076190046,108755500,1.32%,1.32,,Ownership,VOYA
2026-06-30,United States,Webster Financial Corp,Financials,1669503721,168713427,1.36%,1.36,,Ownership,WBS
2026-06-30,United States,Wells Fargo & Co,Financials,44904516273,4537872394,1.79%,1.79,,Both,WFC
2026-06-30,United States,Western Alliance Bancorp,Financials,1186714091,119924621,1.34%,1.34,,Ownership,WAL
2026-06-30,United States,Willis Towers Watson PLC,Financials,3362931378,339844513,1.38%,1.38,,Both,WTW
2026-06-30,United States,WSFS Financial Corp,Financials,506381680,51172925,1.3%,1.3,,Ownership,WSFS
2026-06-30,United States,XP Inc,Financials,1181799575,119427980,0.51%,1.42,,Ownership,XP
2026-06-30,United States,Abbott Laboratories,Health Care,20028983872,2024049707,1.29%,1.29,,Both,ABT
2026-06-30,United States,AbbVie Inc,Health Care,62592561857,6325356158,1.42%,1.42,,Both,ABBV
2026-06-30,United States,Agilent Technologies Inc,Health Care,5809938201,587129321,1.57%,1.57,,Both,A
2026-06-30,United States,Align Technology Inc,Health Care,1726756615,174499178,1.44%,1.44,,Ownership,ALGN
2026-06-30,United States,Alkermes PLC,Health Care,1118253540,113006270,1.29%,1.29,,Ownership,ALKS
2026-06-30,United States,Alnylam Pharmaceuticals Inc,Health Care,6705594598,677640806,1.69%,1.69,,Both,ALNY
2026-06-30,United States,Amgen Inc,Health Care,17910646840,1809978964,0.93%,0.93,,Market Value,AMGN
2026-06-30,United States,Arrowhead Pharmaceuticals Inc,Health Care,3140039849,317319979,2.76%,2.76,,Both,ARWR
2026-06-30,United States,Axsome Therapeutics Inc,Health Care,1814515393,183367732,1.46%,1.46,,Ownership,AXSM
2026-06-30,United States,Becton Dickinson & Co,Health Care,5944357591,600713212,1.46%,1.46,,Both,BDX
2026-06-30,United States,Biogen Inc,Health Care,5731707003,579223587,1.82%,1.82,,Both,BIIB
2026-06-30,United States,BioMarin Pharmaceutical Inc,Health Care,4647128002,469620333,4.25%,4.25,,Both,BMRN
2026-06-30,United States,Boston Scientific Corp,Health Care,8297545555,838517059,1.32%,1.32,,Both,BSX
2026-06-30,United States,Bristol-Myers Squibb Co,Health Care,20145139092,2035787893,1.73%,1.73,,Both,BMY
2026-06-30,United States,Cabaletta Bio Inc,Health Care,266613409,26942894,5.31%,5.27,,Ownership,CABA
2026-06-30,United States,Centene Corp,Health Care,4076647942,411969879,1.3%,1.3,,Both,CNC
2026-06-30,United States,Charles River Laboratories International Inc,Health Care,1428220384,144330290,1.32%,1.32,,Ownership,CRL
2026-06-30,United States,Cigna Group/The,Health Care,9704524013,980700724,1.34%,1.34,,Both,CI
2026-06-30,United States,Concentra Group Holdings Parent Inc,Health Care,501728734,50702717,1.33%,1.33,,Ownership,CON
2026-06-30,United States,Cytokinetics Inc,Health Care,1734406959,175272291,1.52%,1.52,,Ownership,CYTK
2026-06-30,United States,Danaher Corp,Health Care,18332837804,1852643909,1.37%,1.37,,Both,DHR
2026-06-30,United States,Denali Therapeutics Inc,Health Care,718932488,72652467,1.78%,1.78,,Ownership,DNLI
2026-06-30,United States,Dexcom Inc,Health Care,3770690951,381051079,1.47%,1.47,,Both,DXCM
2026-06-30,United States,Edwards Lifesciences Corp,Health Care,7327644124,740502665,1.42%,1.42,,Both,EW
2026-06-30,United States,Elevance Health Inc,Health Care,13290218836,1343056827,1.6%,1.6,,Both,ELV
2026-06-30,United States,Eli Lilly & Co,Health Care,129818501848,13118943141,1.16%,1.16,,Market Value,LLY
2026-06-30,United States,Enliven Therapeutics Inc,Health Care,694933663,70227241,1.94%,1.94,,Ownership,ELVN
2026-06-30,United States,GE HealthCare Technologies Inc,Health Care,3722786744,376210070,1.29%,1.29,,Both,GEHC
2026-06-30,United States,Generate Biomedicines Inc,Health Care,480239765,48531127,2.24%,2.24,,Ownership,GENB
2026-06-30,United States,Gilead Sciences Inc,Health Care,25256844345,2552356561,1.63%,1.63,,Both,GILD
2026-06-30,United States,GMR Solutions Inc,Health Care,451304069,45607000,5.46%,1.32,,Ownership,GMRS
2026-06-30,United States,Guardant Health Inc,Health Care,2280983426,230507142,1.16%,1.16,,Market Value,GH
2026-06-30,United States,HCA Healthcare Inc,Health Care,7667395424,774836585,0.9%,0.9,,Market Value,HCA
2026-06-30,United States,Humana Inc,Health Care,7831472396,791417553,1.66%,1.66,,Both,HUM
2026-06-30,United States,Insmed Inc,Health Care,3775841267,381571549,1.65%,1.65,,Both,INSM
2026-06-30,United States,Insulet Corp,Health Care,1451481831,146681000,1.39%,1.39,,Ownership,PODD
2026-06-30,United States,Intuitive Surgical Inc,Health Care,18709948836,1890753255,1.34%,1.34,,Both,ISRG
2026-06-30,United States,IQVIA Holdings Inc,Health Care,3996705805,403891244,1.25%,1.25,,Market Value,IQV
2026-06-30,United States,Johnson & Johnson,Health Care,75061606766,7585428403,1.24%,1.24,,Market Value,JNJ
2026-06-30,United States,Labcorp Holdings Inc,Health Care,2416985771,244251000,1.08%,1.08,,Market Value,LH
2026-06-30,United States,Medline Inc,Health Care,3664220820,370291630,0.71%,0.71,,Market Value,MDLN
2026-06-30,United States,Medtronic PLC,Health Care,12444353754,1257577056,1.26%,1.26,,Market Value,MDT
2026-06-30,United States,Merck & Co Inc,Health Care,44547380021,4501781620,1.42%,1.42,,Both,MRK
2026-06-30,United States,Moderna Inc,Health Care,2480304753,250649765,0.9%,0.9,,Market Value,MRNA
2026-06-30,United States,Natera Inc,Health Care,5070383153,512392820,1.32%,1.32,,Both,NTRA
2026-06-30,United States,Neurogene Inc,Health Care,114273853,11548063,2.32%,1.85,,Ownership,NGNE
2026-06-30,United States,ORIC Pharmaceuticals Inc,Health Care,192603235,19463719,1.74%,1.74,,Ownership,ORIC
2026-06-30,United States,Palvella Therapeutics Inc,Health Care,401572759,40581351,1.85%,1.85,,Ownership,PVLA
2026-06-30,United States,Penumbra Inc,Health Care,1963566497,198430246,1.6%,1.6,,Both,PEN
2026-06-30,United States,Perrigo Co PLC,Health Care,207097808,20928483,1.46%,1.46,,Ownership,PRGO
2026-06-30,United States,Pfizer Inc,Health Care,13955019423,1410238939,1.03%,1.03,,Market Value,PFE
2026-06-30,United States,Quest Diagnostics Inc,Health Care,2373677249,239874413,1.02%,1.02,,Market Value,DGX
2026-06-30,United States,Regeneron Pharmaceuticals Inc,Health Care,6441508504,650953313,0.86%,1.0,,Market Value,REGN
2026-06-30,United States,Revolution Medicines Inc,Health Care,4949878932,500215141,1.26%,1.26,,Market Value,RVMD
2026-06-30,United States,Rezolute Inc,Health Care,87480748,8840458,1.77%,1.77,,Ownership,RZLT
2026-06-30,United States,Roivant Sciences Ltd,Health Care,3214573259,324852030,1.28%,1.28,,Market Value,ROIV
2026-06-30,United States,Royalty Pharma PLC,Health Care,3236733046,327091410,1.01%,1.01,,Market Value,RPRX
2026-06-30,United States,Scholar Rock Holding Corp,Health Care,1502650674,151851920,2.3%,2.3,,Ownership,SRRK
2026-06-30,United States,STERIS PLC,Health Care,2507169026,253364562,1.23%,1.23,,Market Value,STE
2026-06-30,United States,Stryker Corp,Health Care,15234663450,1539554692,1.27%,1.27,,Market Value,SYK
2026-06-30,United States,Tandem Diabetes Care Inc,Health Care,146812824,14836322,1.43%,1.43,,Ownership,TNDM
2026-06-30,United States,Teleflex Inc,Health Care,884686800,89402941,1.59%,1.59,,Ownership,TFX
2026-06-30,United States,Tenet Healthcare Corp,Health Care,2669265742,269745414,1.67%,1.67,,Both,THC
2026-06-30,United States,Thermo Fisher Scientific Inc,Health Care,25217998258,2548430929,1.37%,1.37,,Both,TMO
2026-06-30,United States,uniQure NV,Health Care,501404145,50669915,1.6%,1.6,,Ownership,QURE
2026-06-30,United States,United Therapeutics Corp,Health Care,2839845328,286983510,1.25%,1.25,,Market Value,UTHR
2026-06-30,United States,UnitedHealth Group Inc,Health Care,49048155928,4956612190,1.31%,1.31,,Both,UNH
2026-06-30,United States,Upstream Bio Inc,Health Care,258063196,26078843,6.93%,6.93,,Ownership,UPB
2026-06-30,United States,Veeva Systems Inc,Health Care,2216391521,223979740,0.78%,0.78,,Market Value,VEEV
2026-06-30,United States,Vertex Pharmaceuticals Inc,Health Care,14824639543,1498119301,1.19%,1.19,,Market Value,VRTX
2026-06-30,United States,Viridian Therapeutics Inc,Health Care,271775053,27464509,1.35%,1.35,,Ownership,VRDN
2026-06-30,United States,West Pharmaceutical Services Inc,Health Care,3003590120,303530910,1.2%,1.2,,Market Value,WST
2026-06-30,United States,Zoetis Inc,Health Care,2798289536,282784047,0.94%,0.94,,Market Value,ZTS
2026-06-30,United States,3M Co,Industrials,11280751959,1139988071,1.37%,1.37,,Both,MMM
2026-06-30,United States,Accenture PLC,Industrials,8664452113,875595181,1.05%,1.05,,Market Value,ACN
2026-06-30,United States,ADT Inc,Industrials,1266932566,128031183,2.67%,2.49,,Ownership,ADT
2026-06-30,United States,Advanced Drainage Systems Inc,Industrials,2045926346,206753206,1.72%,1.72,,Ownership,WMS
2026-06-30,United States,AECOM,Industrials,1179094372,119154603,1.33%,1.33,,Ownership,ACM
2026-06-30,United States,AerCap Holdings NV,Industrials,5415148933,547233483,2.32%,2.32,,Both,AER
2026-06-30,United States,Allison Transmission Holdings Inc,Industrials,1400508632,141529850,1.51%,1.51,,Ownership,ALSN
2026-06-30,United States,American Express Co,Industrials,25944896536,2621888387,1.14%,1.14,,Market Value,AXP
2026-06-30,United States,AMETEK Inc,Industrials,8856953046,895048562,1.61%,1.61,,Both,AME
2026-06-30,United States,Applied Industrial Technologies Inc,Industrials,1939924803,196041110,1.57%,1.57,,Ownership,AIT
2026-06-30,United States,Automatic Data Processing Inc,Industrials,5655870151,571559815,0.64%,0.64,,Market Value,ADP
2026-06-30,United States,Axon Enterprise Inc,Industrials,5722778936,578321352,1.28%,1.28,,Market Value,AXON
2026-06-30,United States,Block Inc,Industrials,5897874027,596015767,0.69%,1.32,,Market Value,SQ
2026-06-30,United States,Bloom Energy Corp,Industrials,23011206601,2325421313,2.7%,2.7,,Both,BE
2026-06-30,United States,Capital One Financial Corp,Industrials,15875761200,1604341489,1.3%,1.3,,Market Value,COF
2026-06-30,United States,Carrier Global Corp,Industrials,5351696310,540821213,0.89%,0.89,,Market Value,CARR
2026-06-30,United States,Cintas Corp,Industrials,7233414558,730980199,1.07%,1.07,,Market Value,CTAS
2026-06-30,United States,Comfort Systems USA Inc,Industrials,8080087388,816541599,1.17%,1.17,,Market Value,FIX
2026-06-30,United States,Crane Co,Industrials,2276019122,230005469,1.79%,1.79,,Ownership,CR
2026-06-30,United States,CRH PLC,Industrials,10405910454,1051580057,1.47%,1.47,,Both,CRH
2026-06-30,United States,CSX Corp,Industrials,10677837724,1079059949,1.23%,1.23,,Market Value,CSX
2026-06-30,United States,Cummins Inc,Industrials,11775187809,1189953798,1.21%,1.21,,Market Value,CMI
2026-06-30,United States,Curtiss-Wright Corp,Industrials,3796672001,383676621,1.37%,1.37,,Ownership,CW
2026-06-30,United States,Deere & Co,Industrials,21090372876,2131309472,1.24%,1.24,,Market Value,DE
2026-06-30,United States,DY POWER Corp,Industrials,17106159,1728680,2.14%,2.14,,Ownership,
2026-06-30,United States,Eagle Materials Inc,Industrials,1389314841,140398650,2.02%,2.02,,Ownership,EXP
2026-06-30,United States,Eaton Corp PLC,Industrials,20430472563,2064622562,1.25%,1.25,,Market Value,ETN
2026-06-30,United States,Emerson Electric Co,Industrials,10023355052,1012920525,1.27%,1.27,,Market Value,EMR
2026-06-30,United States,EnerSys,Industrials,1129582782,114151158,1.34%,1.34,,Ownership,ENS
2026-06-30,United States,ExlService Holdings Inc,Industrials,561925862,56786000,1.44%,1.44,,Ownership,EXLS
2026-06-30,United States,FedEx Corp,Industrials,8821093580,891424747,1.19%,1.19,,Market Value,FDX
2026-06-30,United States,Ferguson Enterprises Inc,Industrials,4569178623,461743077,1%,1.0,,Market Value,FERG
2026-06-30,United States,Fortive Corp,Industrials,4334799331,438057635,2.35%,2.35,,Ownership,FTV
2026-06-30,United States,Fortune Brands Innovations Inc,Industrials,954815601,96489879,1.47%,1.47,,Ownership,FBIN
2026-06-30,United States,Gates Industrial Corp PLC,Industrials,941201129,95114055,1.34%,1.34,,Ownership,GTES
2026-06-30,United States,GE Vernova Inc,Industrials,39471810633,3988864699,1.27%,1.27,,Market Value,GEV
2026-06-30,United States,Generac Holdings Inc,Industrials,3417820161,345391356,2%,2.0,,Ownership,GNRC
2026-06-30,United States,General Electric Co,Industrials,49915907239,5044303698,1.3%,1.3,,Market Value,GE
2026-06-30,United States,Herc Holdings Inc,Industrials,3161149711,319453258,6.67%,6.67,,Ownership,HRI
2026-06-30,United States,Howmet Aerospace Inc,Industrials,20601265205,2081882189,1.94%,1.94,,Both,HWM
2026-06-30,United States,Illinois Tool Works Inc,Industrials,8405850067,849461883,1.09%,1.09,,Market Value,ITW
2026-06-30,United States,JB Hunt Transport Services Inc,Industrials,4297903386,434329077,1.6%,1.6,,Ownership,JBHT
2026-06-30,United States,Johnson Controls International plc,Industrials,11776079288,1190043887,1.34%,1.34,,Both,JCI
2026-06-30,United States,Keysight Technologies Inc,Industrials,7390989531,746904101,1.25%,1.25,,Market Value,KEYS
2026-06-30,United States,Knight-Swift Transportation Holdings Inc,Industrials,2301812225,232612018,1.84%,1.84,,Ownership,KNX
2026-06-30,United States,Lincoln Electric Holdings Inc,Industrials,4541386998,458934566,3.17%,3.17,,Both,LECO
2026-06-30,United States,Mastercard Inc,Industrials,56806581556,5740647926,1.27%,1.26,,Market Value,MA
2026-06-30,United States,Mettler-Toledo International Inc,Industrials,4192258026,423652976,1.66%,1.66,,Ownership,MTD
2026-06-30,United States,MKS Inc,Industrials,4107320910,415069568,1.38%,1.38,,Ownership,MKSI
2026-06-30,United States,Norfolk Southern Corp,Industrials,7479382711,755836765,1.07%,1.07,,Market Value,NSC
2026-06-30,United States,nVent Electric PLC,Industrials,3706083605,374522117,1.36%,1.36,,Ownership,NVT
2026-06-30,United States,Old Dominion Freight Line Inc,Industrials,4740618209,479068082,1.06%,1.06,,Market Value,ODFL
2026-06-30,United States,Oshkosh Corp,Industrials,1288600653,130220873,1.36%,1.36,,Ownership,OSK
2026-06-30,United States,Otis Worldwide Corp,Industrials,6012645718,607614140,2.21%,2.21,,Both,OTIS
2026-06-30,United States,Owens Corning,Industrials,1714993379,173310432,1.35%,1.35,,Ownership,OC
2026-06-30,United States,PACCAR Inc,Industrials,6672082640,674254221,1.07%,1.07,,Market Value,PCAR
2026-06-30,United States,Parker-Hannifin Corp,Industrials,18772858831,1897110690,1.54%,1.54,,Both,PH
2026-06-30,United States,Quanta Services Inc,Industrials,13432507630,1357435969,1.26%,1.26,,Market Value,PWR
2026-06-30,United States,QXO Inc,Industrials,2173855074,219681176,1.75%,1.75,,Ownership,QXO
2026-06-30,United States,Regal Rexnord Corp,Industrials,2899408803,293002759,1.85%,1.85,,Ownership,RRX
2026-06-30,United States,Rocket Lab Corp,Industrials,5572234855,563107964,0.89%,0.89,,Market Value,RKLB
2026-06-30,United States,Rockwell Automation Inc,Industrials,6723627497,679463139,1.24%,1.24,,Market Value,ROK
2026-06-30,United States,RTX Corp,Industrials,31971500766,3230913119,1.26%,1.26,,Market Value,RTX
2026-06-30,United States,Ryder System Inc,Industrials,1602944572,161987224,1.6%,1.6,,Ownership,R
2026-06-30,United States,Saia Inc,Industrials,1782923653,180175196,1.6%,1.6,,Ownership,SAIA
2026-06-30,United States,Sherwin-Williams Co/The,Industrials,10888359765,1100334472,1.32%,1.32,,Market Value,SHW
2026-06-30,United States,Smurfit Westrock PLC,Industrials,4763101527,481340157,1.98%,1.98,,Both,SW
2026-06-30,United States,StandardAero Inc,Industrials,2643677719,267159590,2.69%,2.69,,Ownership,SARO
2026-06-30,United States,StoneCo Ltd,Industrials,353067158,35679567,0.89%,1.35,,Ownership,STNE
2026-06-30,United States,Teledyne Technologies Inc,Industrials,5490116900,554809449,1.8%,1.8,,Both,TDY
2026-06-30,United States,TopBuild Corp,Industrials,1911846275,193203605,1.94%,1.94,,Ownership,
2026-06-30,United States,Trane Technologies PLC,Industrials,14419625500,1457190187,1.34%,1.34,,Both,TT
2026-06-30,United States,TransDigm Group Inc,Industrials,9857667231,996176770,1.34%,1.34,,Both,TDG
2026-06-30,United States,Union Pacific Corp,Industrials,21636809673,2186530208,1.35%,1.35,,Both,UNP
2026-06-30,United States,United Parcel Service Inc,Industrials,8388831926,847742098,0.44%,0.93,,Market Value,UPS
2026-06-30,United States,United Rentals Inc,Industrials,13772429109,1391787086,1.96%,1.96,,Both,URI
2026-06-30,United States,Versigent PLC,Industrials,622002694,62857126,2.11%,2.11,,Ownership,VGNT
2026-06-30,United States,Visa Inc,Industrials,72929872385,7370003778,1.29%,1.19,,Market Value,V
2026-06-30,United States,Vontier Corp,Industrials,551279314,55710102,1.36%,1.36,,Ownership,VNT
2026-06-30,United States,Vulcan Materials Co,Industrials,4519791223,456752183,1.19%,1.19,,Market Value,VMC
2026-06-30,United States,WESCO International Inc,Industrials,2313189967,233761808,1.39%,1.39,,Ownership,WCC
2026-06-30,United States,Westinghouse Air Brake Technologies Corp,Industrials,5807098613,586842364,1.28%,1.28,,Market Value,WAB
2026-06-30,United States,WW Grainger Inc,Industrials,6447493559,651558138,1.01%,1.01,,Market Value,GWW
2026-06-30,United States,XPO Inc,Industrials,3613889711,365205367,1.52%,1.52,,Ownership,XPO
2026-06-30,United States,Alexandria Real Estate Equities Inc,Real Estate,8578682239,866927618,9.41%,9.41,,Both,ARE
2026-06-30,United States,American Homes 4 Rent,Real Estate,7324216599,740156293,5.64%,6.12,,Both,AMH
2026-06-30,United States,American Tower Corp,Real Estate,9878372692,998269182,1.31%,1.31,,Market Value,AMT
2026-06-30,United States,Americold Realty Trust Inc,Real Estate,619288230,62582813,1.4%,1.4,,Ownership,COLD
2026-06-30,United States,AvalonBay Communities Inc,Real Estate,14311221024,1446235261,5.51%,5.51,,Both,AVB
2026-06-30,United States,BXP Inc,Real Estate,4252855603,429776727,4.06%,4.06,,Both,BXP
2026-06-30,United States,CBRE Group Inc,Real Estate,5784525353,584561200,1.48%,1.48,,Both,CBRE
2026-06-30,United States,CoStar Group Inc,Real Estate,1604972157,162192123,1.4%,1.4,,Ownership,CSGP
2026-06-30,United States,Crown Castle Inc,Real Estate,4267218683,431228203,1.3%,1.3,,Market Value,CCI
2026-06-30,United States,CubeSmart,Real Estate,4815575217,486642940,5.4%,5.4,,Both,CUBE
2026-06-30,United States,Digital Realty Trust Inc,Real Estate,34292732649,3465487610,5.22%,5.12,,Both,DLR
2026-06-30,United States,EastGroup Properties Inc,Real Estate,3104602473,313738818,2.88%,2.88,,Ownership,EGP
2026-06-30,United States,Equinix Inc,Real Estate,11609581531,1173218284,1.14%,1.14,,Market Value,EQIX
2026-06-30,United States,Equity Residential,Real Estate,23370819717,2361762389,9.27%,9.27,,Both,EQR
2026-06-30,United States,Essex Property Trust Inc,Real Estate,4604867435,465349647,2.48%,2.48,,Both,ESS
2026-06-30,United States,Extra Space Storage Inc,Real Estate,13316075466,1345669796,4.38%,4.38,,Both,EXR
2026-06-30,United States,Federal Realty Investment Trust,Real Estate,6832358110,690451024,6.47%,6.47,,Both,FRT
2026-06-30,United States,First Industrial Realty Trust Inc,Real Estate,3366315563,340186505,4.19%,4.19,,Ownership,FR
2026-06-30,United States,Invitation Homes Inc,Real Estate,15365972568,1552824270,8.65%,8.65,,Both,INVH
2026-06-30,United States,Iron Mountain Inc,Real Estate,4829730929,488073461,1.3%,1.3,,Market Value,IRM
2026-06-30,United States,Kilroy Realty Corp,Real Estate,866697747,87585038,2.01%,2.01,,Ownership,KRC
2026-06-30,United States,Lineage Inc,Real Estate,5971533992,603459552,6.13%,6.13,,Both,LINE
2026-06-30,United States,Mid-America Apartment Communities Inc,Real Estate,7466927966,754578138,4.67%,4.67,,Both,MAA
2026-06-30,United States,Millrose Properties Inc,Real Estate,1165034783,117733797,2.54%,2.36,,Ownership,MRP
2026-06-30,United States,National Health Investors Inc,Real Estate,507379812,51273792,1.39%,1.39,,Ownership,NHI
2026-06-30,United States,Prologis Inc,Real Estate,16547018721,1672176113,1.32%,1.29,,Market Value,PLD
2026-06-30,United States,Public Storage,Real Estate,13733133256,1387816003,2.48%,2.48,,Both,PSA
2026-06-30,United States,Rayonier Inc,Real Estate,3686424307,372535426,5.82%,5.82,,Both,RYN
2026-06-30,United States,Realty Income Corp,Real Estate,7603381912,768367633,1.33%,1.33,,Market Value,O
2026-06-30,United States,Regency Centers Corp,Real Estate,13529250220,1367212391,9.08%,9.08,,Both,REG
2026-06-30,United States,Simon Property Group Inc,Real Estate,9368111290,946704188,1.31%,1.31,,Market Value,SPG
2026-06-30,United States,Smartstop Self Storage REIT Inc,Real Estate,524331819,52986895,2.94%,2.94,,Ownership,SMA
2026-06-30,United States,STAG Industrial Inc,Real Estate,3050829788,308304764,4.24%,4.15,,Ownership,STAG
2026-06-30,United States,Sun Communities Inc,Real Estate,6432098475,650002372,4.42%,4.42,,Both,SUI
2026-06-30,United States,UDR Inc,Real Estate,11633947048,1175680567,9.06%,9.06,,Both,UDR
2026-06-30,United States,Ventas Inc,Real Estate,5590500906,564953858,1.31%,1.31,,Market Value,VTR
2026-06-30,United States,VICI Properties Inc,Real Estate,3821778623,386213796,1.33%,1.33,,Market Value,VICI
2026-06-30,United States,Vornado Realty Trust,Real Estate,5604458964,566364404,7.72%,7.72,,Both,VNO
2026-06-30,United States,Welltower Inc,Real Estate,39810094106,4023050286,2.51%,2.51,,Both,WELL
2026-06-30,United States,Adobe Inc,Technology,9163294830,926006248,1.14%,1.14,,Market Value,ADBE
2026-06-30,United States,Advanced Micro Devices Inc,Technology,122277654784,12356895031,1.3%,1.3,,Both,AMD
2026-06-30,United States,Akamai Technologies Inc,Technology,2287443875,231160010,1.35%,1.35,,Ownership,AKAM
2026-06-30,United States,Alphabet Inc,Technology,499386877736,50466058081,0.52%,1.17,,Market Value,GOOGL
2026-06-30,United States,Amphenol Corp,Technology,32182223688,3252207942,1.5%,1.5,,Both,APH
2026-06-30,United States,Analog Devices Inc,Technology,26975649095,2726052154,1.41%,1.41,,Both,ADI
2026-06-30,United States,Apple Inc,Technology,521678870223,52718798466,1.24%,1.24,,Market Value,AAPL
2026-06-30,United States,Applied Materials Inc,Technology,66245159323,6694473177,1.17%,1.17,,Market Value,AMAT
2026-06-30,United States,AppLovin Corp,Technology,14272481870,1442320436,0.31%,0.83,,Market Value,APP
2026-06-30,United States,Avnet Inc,Technology,913749843,92339937,1.27%,1.27,,Ownership,AVT
2026-06-30,United States,Bandwidth Inc,Technology,350134892,35383244,1.13%,1.75,,Ownership,BAND
2026-06-30,United States,Bentley Systems Inc,Technology,2927198815,295811108,1.58%,3.26,,Ownership,BSY
2026-06-30,United States,BlackLine Inc,Technology,302870127,30606854,1.86%,1.86,,Ownership,BL
2026-06-30,United States,Blend Labs Inc,Technology,197445757,19953085,3.16%,4.82,,Ownership,BLND
2026-06-30,United States,Broadcom Inc,Technology,231581022037,23402660001,1.3%,1.3,,Both,AVGO
2026-06-30,United States,Cadence Design Systems Inc,Technology,14449866909,1460246264,1.41%,1.41,,Both,CDNS
2026-06-30,United States,Cirrus Logic Inc,Technology,956969917,96707586,1.29%,1.29,,Ownership,CRUS
2026-06-30,United States,Cloudflare Inc,Technology,8461016252,855036759,0.53%,0.98,,Market Value,NET
2026-06-30,United States,Coherent Corp,Technology,9323261754,942171872,1.22%,1.22,,Market Value,COHR
2026-06-30,United States,CoreWeave Inc,Technology,6054237447,611817235,0.42%,1.12,,Market Value,CRWV
2026-06-30,United States,Corning Inc,Technology,24854197727,2511666690,1.14%,1.14,,Market Value,GLW
2026-06-30,United States,Crowdstrike Holdings Inc,Technology,24451327454,2470954217,1.27%,1.27,,Both,CRWD
2026-06-30,United States,Datadog Inc,Technology,10515898465,1062695009,0.7%,1.15,,Market Value,DDOG
2026-06-30,United States,Dell Technologies Inc,Technology,15877202384,1604487129,0.11%,0.58,,Market Value,DELL
2026-06-30,United States,DoorDash Inc,Technology,9438347548,953801986,0.57%,1.19,,Market Value,DASH
2026-06-30,United States,Elastic NV,Technology,910999918,92062040,1.55%,1.55,,Ownership,ESTC
2026-06-30,United States,Entegris Inc,Technology,3675355295,371416835,1.35%,1.35,,Ownership,ENTG
2026-06-30,United States,F5 Inc,Technology,3034811908,306686060,1.28%,1.28,,Ownership,FFIV
2026-06-30,United States,Flex Ltd,Technology,7918486969,800210901,1.35%,1.35,,Both,FLEX
2026-06-30,United States,FormFactor Inc,Technology,1620637462,163775197,1.31%,1.31,,Ownership,FORM
2026-06-30,United States,Fortinet Inc,Technology,16083957870,1625381019,1.44%,1.44,,Both,FTNT
2026-06-30,United States,Intel Corp,Technology,76140720944,7694479404,1.1%,1.1,,Market Value,INTC
2026-06-30,United States,International Business Machines Corp,Technology,22841097229,2308230734,0.87%,0.87,,Market Value,IBM
2026-06-30,United States,Intuit Inc,Technology,12323033077,1245316869,1.74%,1.74,,Both,INTU
2026-06-30,United States,Jabil Inc,Technology,5341079550,539748325,1.34%,1.34,,Ownership,JBL
2026-06-30,United States,JFrog Ltd,Technology,1467360395,148285624,1.35%,1.35,,Ownership,FROG
2026-06-30,United States,KBR Inc,Technology,586505115,59269882,1.35%,1.35,,Ownership,KBR
2026-06-30,United States,KLA Corp,Technology,52431176155,5298486803,1.34%,1.34,,Both,KLAC
2026-06-30,United States,Lam Research Corp,Technology,71744622221,7250227095,1.34%,1.34,,Both,LRCX
2026-06-30,United States,Lattice Semiconductor Corp,Technology,2761373848,279053494,1.33%,1.33,,Ownership,LSCC
2026-06-30,United States,Leidos Holdings Inc,Technology,1716947929,173507951,1.34%,1.34,,Ownership,LDOS
2026-06-30,United States,Marvell Technology Inc,Technology,30098523103,3041637421,1.17%,1.17,,Market Value,MRVL
2026-06-30,United States,Meta Platforms Inc,Technology,168697480817,17047898622,0.54%,1.19,,Market Value,META
2026-06-30,United States,Micron Technology Inc,Technology,160715830675,16241304702,1.25%,1.25,,Market Value,MU
2026-06-30,United States,Microsoft Corp,Technology,347463640979,35113298063,1.27%,1.27,,Both,MSFT
2026-06-30,United States,Monolithic Power Systems Inc,Technology,8291366535,837892632,1.23%,1.23,,Market Value,MPWR
2026-06-30,United States,NVIDIA Corp,Technology,612010222138,61847326779,1.28%,1.28,,Both,NVDA
2026-06-30,United States,NXP Semiconductors NV,Technology,5931392242,599402985,0.84%,0.84,,Market Value,NXPI
2026-06-30,United States,ON Semiconductor Corp,Technology,5377774510,543456572,1.47%,1.47,,Ownership,ON
2026-06-30,United States,Onto Innovation Inc,Technology,2405509982,243091302,1.29%,1.29,,Ownership,ONTO
2026-06-30,United States,Oracle Corp,Technology,32227836919,3256817434,0.77%,0.77,,Market Value,ORCL
2026-06-30,United States,Palantir Technologies Inc,Technology,34188954098,3455000161,0.9%,1.24,,Market Value,PLTR
2026-06-30,United States,Palo Alto Networks Inc,Technology,33418399312,3377130950,1.22%,1.22,,Market Value,PANW
2026-06-30,United States,Pinterest Inc,Technology,2155000503,217775807,0.5%,1.84,,Ownership,PINS
2026-06-30,United States,Procore Technologies Inc,Technology,781818560,79007484,1.29%,1.29,,Ownership,PCOR
2026-06-30,United States,PTC Inc,Technology,3546192080,358364113,2.73%,2.73,,Ownership,PTC
2026-06-30,United States,QUALCOMM Inc,Technology,23233763085,2347911989,1.18%,1.18,,Market Value,QCOM
2026-06-30,United States,Rambus Inc,Technology,1996366549,201744889,1.4%,1.4,,Ownership,RMBS
2026-06-30,United States,Rogers Corp,Technology,1542764565,155905671,5.33%,5.33,,Ownership,ROG
2026-06-30,United States,Roper Technologies Inc,Technology,6678980989,674951340,1.98%,1.98,,Both,ROP
2026-06-30,United States,Rubrik Inc,Technology,3051639089,308386548,0.36%,1.87,,Ownership,RBRK
2026-06-30,United States,SailPoint Inc,Technology,2110324197,213260997,2.57%,2.57,,Ownership,SAIL
2026-06-30,United States,Salesforce Inc,Technology,14047521273,1419586809,1.11%,1.11,,Market Value,CRM
2026-06-30,United States,Sandisk Corp,Technology,45200897700,4567823526,1.36%,1.36,,Both,SNDK
2026-06-30,United States,Seagate Technology Holdings PLC,Technology,28730235048,2903363655,1.34%,1.34,,Both,STX
2026-06-30,United States,ServiceNow Inc,Technology,11915647110,1204148058,1.17%,1.17,,Market Value,NOW
2026-06-30,United States,Silicon Laboratories Inc,Technology,936410405,94629923,1.31%,1.31,,Ownership,SLAB
2026-06-30,United States,SkyWater Technology Inc,Technology,379017441,38302000,2.24%,2.24,,Ownership,SKYT
2026-06-30,United States,Snowflake Inc,Technology,9649000849,975089773,1.11%,1.11,,Market Value,SNOW
2026-06-30,United States,Synopsys Inc,Technology,7013840903,708790956,0.83%,0.83,,Market Value,SNPS
2026-06-30,United States,TE Connectivity PLC,Technology,6685335451,675593497,1.13%,1.13,,Market Value,TEL
2026-06-30,United States,Teradyne Inc,Technology,6807621999,687951291,0.91%,0.91,,Market Value,TER
2026-06-30,United States,Texas Instruments Inc,Technology,33516445992,3387039158,1.25%,1.25,,Market Value,TXN
2026-06-30,United States,Twilio Inc,Technology,3948718205,399041807,1.27%,1.27,,Ownership,TWLO
2026-06-30,United States,Tyler Technologies Inc,Technology,7928023009,801174575,6.5%,6.5,,Both,TYL
2026-06-30,United States,Unity Software Inc,Technology,1805042887,182410478,1.46%,1.46,,Ownership,U
2026-06-30,United States,Vertiv Holdings Co,Technology,16219756391,1639104279,1.27%,1.27,,Both,VRT
2026-06-30,United States,Vishay Intertechnology Inc,Technology,1216492677,122933927,0.88%,1.51,,Ownership,VSH
2026-06-30,United States,Western Digital Corp,Technology,24232335295,2448823738,1.05%,1.05,,Market Value,WDC
2026-06-30,United States,Wix.com Ltd,Technology,267761294,27058895,1.43%,1.43,,Ownership,WIX
2026-06-30,United States,Zoom Communications Inc,Technology,6702911704,677369684,1.42%,2.68,,Both,ZM
2026-06-30,United States,Arista Networks Inc,Telecommunications,19713407474,1992158807,0.93%,0.93,,Both,ANET
2026-06-30,United States,AST SpaceMobile Inc,Telecommunications,2564211900,259129089,0.27%,0.75,,Both,ASTS
2026-06-30,United States,AT&T Inc,Telecommunications,15640783276,1580595551,1.1%,1.1,,Both,T
2026-06-30,United States,Cable One Inc,Telecommunications,15348162,1551024,0.51%,0.51,,Both,CABO
2026-06-30,United States,Charter Communications Inc,Telecommunications,3574031168,361177421,1.62%,1.87,,Both,CHTR
2026-06-30,United States,Ciena Corp,Telecommunications,7834374810,791710860,1.14%,1.14,,Both,CIEN
2026-06-30,United States,Cisco Systems Inc,Telecommunications,58229092618,5884401255,1.27%,1.27,,Both,CSCO
2026-06-30,United States,Comcast Corp,Telecommunications,18230672332,1842319472,1.36%,2.1,,Both,CMCSA
2026-06-30,United States,EchoStar Corp,Telecommunications,1706606756,172462913,0.12%,0.59,,Both,SATS
2026-06-30,United States,Globalstar Inc,Telecommunications,1677066584,169477700,1.62%,1.62,,Both,GSAT
2026-06-30,United States,Hawkeye 360 Inc,Telecommunications,60026103,6066000,0.31%,0.31,,Both,HAWK
2026-06-30,United States,InterDigital Inc,Telecommunications,910814455,92043298,1.26%,1.26,,Both,IDCC
2026-06-30,United States,Liberty Broadband Corp,Telecommunications,715084258,72263580,0.96%,1.51,,Both,LBRDA
2026-06-30,United States,Liberty Global Ltd,Telecommunications,460412511,46527463,0.67%,1.23,,Both,LBTYA
2026-06-30,United States,Lumen Technologies Inc,Telecommunications,920380525,93010007,1.18%,1.18,,Both,LUMN
2026-06-30,United States,Lumentum Holdings Inc,Telecommunications,8088751210,817417130,1.22%,1.22,,Both,LITE
2026-06-30,United States,Millicom International Cellular SA,Telecommunications,1040021434,105100443,0.69%,0.69,,Both,TIGO
2026-06-30,United States,Motorola Solutions Inc,Telecommunications,8808894664,890191972,1.29%,1.29,,Both,MSI
2026-06-30,United States,Roku Inc,Telecommunications,97014828,9803934,0.02%,0.05,,Both,ROKU
2026-06-30,United States,Space Exploration Technologies Corp,Telecommunications,12145907235,1227417234,0.01%,0.05,,Both,SPCX
2026-06-30,United States,T-Mobile US Inc,Telecommunications,12635425950,1276886054,0.7%,0.7,,Both,TMUS
2026-06-30,United States,Ubiquiti Inc,Telecommunications,236021349,23851382,0.07%,0.07,,Both,UI
2026-06-30,United States,Verizon Communications Inc,Telecommunications,21397537288,2162350289,1.23%,1.23,,Both,VZ
2026-06-30,United States,Viasat Inc,Telecommunications,1408114476,142298467,1.16%,1.16,,Both,VSAT
2026-06-30,United States,Viavi Solutions Inc,Telecommunications,1396815531,141156640,1.21%,1.21,,Both,VIAV
2026-06-30,United States,American Water Works Co Inc,Utilities,3393298259,342913270,1.33%,1.33,,Both,AWK
2026-06-30,United States,Atmos Energy Corp,Utilities,3712668125,375187522,1.3%,1.3,,Both,ATO
2026-06-30,United States,Casella Waste Systems Inc,Utilities,773432778,78160050,1.11%,1.27,,Ownership,CWST
2026-06-30,United States,CenterPoint Energy Inc,Utilities,3982258596,402431266,1.4%,1.4,,Both,CNP
2026-06-30,United States,Clean Harbors Inc,Utilities,1868653158,188838680,1.2%,1.2,,Market Value,CLH
2026-06-30,United States,CMS Energy Corp,Utilities,3618344411,365655542,1.55%,1.55,,Both,CMS
2026-06-30,United States,Consolidated Edison Inc,Utilities,5084887168,513858539,1.26%,1.26,,Both,ED
2026-06-30,United States,Constellation Energy Corp,Utilities,10131128574,1023811690,1.14%,1.14,,Market Value,CEG
2026-06-30,United States,Dominion Energy Inc,Utilities,7856540219,793950808,1.32%,1.32,,Both,D
2026-06-30,United States,Edison International,Utilities,3950634344,399235445,1.39%,1.39,,Both,EIX
2026-06-30,United States,Entergy Corp,Utilities,6897407859,697024694,1.3%,1.3,,Both,ETR
2026-06-30,United States,Essential Utilities Inc,Utilities,2344170394,236892567,2.18%,2.18,,Both,WTRG
2026-06-30,United States,Eversource Energy,Utilities,2993398375,302500973,1.11%,1.11,,Market Value,ES
2026-06-30,United States,Exelon Corp,Utilities,5737324430,579791262,1.22%,1.22,,Both,EXC
2026-06-30,United States,Fervo Energy Co,Utilities,925585488,93536000,0.53%,1.09,,Market Value,FRVO
2026-06-30,United States,MDU Resources Group Inc,Utilities,552675871,55851233,1.26%,1.26,,Ownership,MDU
2026-06-30,United States,National Fuel Gas Co,Utilities,922594844,93233777,1.27%,1.27,,Both,NFG
2026-06-30,United States,New Jersey Resources Corp,Utilities,717009078,72458095,1.28%,1.28,,Ownership,NJR
2026-06-30,United States,NextEra Energy Inc,Utilities,26789145350,2707204825,1.48%,1.48,,Both,NEE
2026-06-30,United States,NiSource Inc,Utilities,3080750598,311328442,1.37%,1.37,,Both,NI
2026-06-30,United States,Northwestern Energy Group Inc,Utilities,553195843,55903779,1.27%,1.27,,Ownership,NWE
2026-06-30,United States,OGE Energy Corp,Utilities,1578541093,159521105,1.59%,1.59,,Both,OGE
2026-06-30,United States,ONE Gas Inc,Utilities,618293278,62482267,1.29%,1.29,,Ownership,OGS
2026-06-30,United States,Ormat Technologies Inc,Utilities,917546433,92723605,1.39%,1.39,,Ownership,ORA
2026-06-30,United States,PG&E Corp,Utilities,4876729058,492822905,1.33%,1.33,,Both,PCG
2026-06-30,United States,Pinnacle West Capital Corp,Utilities,1426661576,144172763,1.11%,1.11,,Market Value,PNW
2026-06-30,United States,Portland General Electric Co,Utilities,1244718635,125786331,2.1%,2.1,,Both,POR
2026-06-30,United States,PPL Corp,Utilities,3476224353,351293452,1.28%,1.28,,Both,PPL
2026-06-30,United States,Public Service Enterprise Group Inc,Utilities,4883814291,493538911,1.22%,1.22,,Market Value,PEG
2026-06-30,United States,Republic Services Inc,Utilities,5938099525,600080797,0.92%,0.92,,Market Value,RSG
2026-06-30,United States,Sempra,Utilities,8186071958,827251979,1.37%,1.37,,Both,SRE
2026-06-30,United States,Southern Co/The,Utilities,13616064857,1375985535,1.27%,1.27,,Both,SO
2026-06-30,United States,Southwest Gas Holdings Inc,Utilities,831984593,84077065,1.31%,1.31,,Ownership,SWX
2026-06-30,United States,Spire Inc,Utilities,571484204,57751928,1.25%,1.25,,Ownership,SR
2026-06-30,United States,Talen Energy Corp,Utilities,2204980720,222826610,1.21%,1.21,,Market Value,TLN
2026-06-30,United States,TXNM Energy Inc,Utilities,1221771940,123467429,1.96%,1.96,,Both,TXNM
2026-06-30,United States,UGI Corp,Utilities,898037633,90752123,1.23%,1.23,,Ownership,UGI
2026-06-30,United States,Vistra Corp,Utilities,7466987869,754584192,1.41%,1.41,,Both,VST
2026-06-30,United States,Waste Management Inc,Utilities,10159845011,1026713659,1.15%,1.15,,Market Value,WM
