Name,Country,Industry,mvUsd
1&1 AG,Germany,Telecommunications,11466930
360 ONE WAM Ltd,India,Financials,125987616
3BB Internet Infrastructure Fund,Thailand,Telecommunications,3400670
3DG Holdings International Ltd,Hong Kong,Consumer Discretionary,5807
3M Co,United States,Industrials,1139988071
3M India Ltd,India,Industrials,9331058
3P Learning Ltd,Australia,Consumer Discretionary,1701627
3S Industry Group Inc,China,Industrials,39165662
3SBio Inc,China,Health Care,76181340
3billion Inc,South Korea,Health Care,3647201
3i Group PLC,United Kingdom,Financials,780544003
3peak Inc,China,Technology,8307238
4DMedical Ltd,Australia,Health Care,19904777
77 Bank Ltd/The,Japan,Financials,72806669
99 Speed Mart Retail Holdings Bhd,Malaysia,Consumer Staples,15429844
A O Smith Corp,United States,Industrials,91233014
A2A SpA,Italy,Utilities,80476991
AAC Technologies Holdings Inc,Hong Kong,Technology,65759323
AAK AB,Sweden,Consumer Staples,16549667
AAON Inc,United States,Industrials,110998060
AB SA,Poland,Technology,14690273
ABB India Ltd,India,Industrials,69755705
ABB Ltd,Switzerland,Industrials,3263859543
ABC-Mart Inc,Japan,Consumer Discretionary,25783037
ABLBio Inc,South Korea,Health Care,45447153
ABN AMRO Bank NV,Netherlands,Financials,615600384
ABSA Bank Kenya PLC,Kenya,Financials,14629898
ACADIA Pharmaceuticals Inc,United States,Health Care,31387104
ACEA SpA,Italy,Utilities,27021782
ACEN Corp,Philippines,Utilities,418233
ACI Worldwide Inc,United States,Industrials,64348368
ACS Actividades de Construccion y Servicios SA,Spain,Industrials,492588326
ACSL LTD,Japan,Industrials,18520
ADATA Technology Co Ltd,Taiwan,Technology,35287354
ADEKA Corp,Japan,Basic Materials,10592948
ADNH Catering Plc,United Arab Emirates,Consumer Discretionary,3959976
ADNOC Logistics & Services,United Arab Emirates,Industrials,87420528
ADT Inc,United States,Industrials,128031183
AECOM,United States,Industrials,119154603
AEM Holdings Ltd,Singapore,Technology,141076
AEON Financial Service Co Ltd,Japan,Financials,36844610
AEON REIT Investment Corp,Japan,Real Estate,22803341
AEON Thana Sinsap Thailand PCL,Thailand,Financials,24108835
AFFIN Bank Bhd,Malaysia,Financials,6977276
AFRY AB,Sweden,Industrials,21708219
AG Anadolu Grubu Holding AS,Türkiye,Industrials,21468598
AGC Inc,Japan,Industrials,143800026
AGCO Corp,United States,Industrials,95836847
AGI Inc,Brazil,Financials,8850000
AGNC Investment Corp,United States,Financials,168665510
AIA Engineering Ltd,India,Industrials,14889676
AIA Group Ltd,Hong Kong,Financials,1964035117
AIB Group PLC,Ireland,Financials,852393603
AIMA Technology Group Co Ltd,China,Consumer Discretionary,803097
AIMS APAC REIT,Singapore,Real Estate,16493122
AIXTRON SE,Germany,Technology,136990509
AJ Bell PLC,United Kingdom,Financials,4490016
AKR Corporindo Tbk PT,Indonesia,Energy,39365611
AKWEL SADIR,France,Consumer Discretionary,1901395
AL Sydbank,Denmark,Financials,151576893
ALK-Abello A/S,Denmark,Health Care,103633916
ALS Ltd,Australia,Industrials,103048113
ALSO Holding AG,Switzerland,Technology,41951143
ALSOK Co Ltd,Japan,Industrials,36503553
AME Elite Consortium Bhd,Malaysia,Industrials,1106886
AMETEK Inc,United States,Industrials,895048562
AMG Critical Materials NV,Netherlands,Industrials,10998764
AMMB Holdings Bhd,Malaysia,Financials,21227449
AMP Ltd,Australia,Financials,34737071
ANA Holdings Inc,Japan,Consumer Discretionary,20986339
ANDRITZ AG,Austria,Industrials,153888847
ANTA Sports Products Ltd,China,Consumer Discretionary,188517769
ANZ Group Holdings Ltd,Australia,Financials,1650525981
AOKI Holdings Inc,Japan,Consumer Discretionary,2062550
AP Memory Technology Corp,Taiwan,Technology,46428076
AP Moller - Maersk A/S,Denmark,Industrials,216217914
AP Thailand PCL,Thailand,Real Estate,468451
APA Group,Australia,Energy,166146330
APAM Corp,South Korea,Consumer Discretionary,127
APAQ Technology Co Ltd,Taiwan,Technology,2642475
APERAM SA,Netherlands,Basic Materials,1901101
API Group Corp,United States,Industrials,207999188
APL Apollo Tubes Ltd,India,Basic Materials,128251673
APR Corp/Korea,South Korea,Consumer Discretionary,34848523
APT Medical Inc,China,Health Care,1075451
ARB Corp Ltd,Australia,Consumer Discretionary,10734495
ARCHION Corp,Japan,Industrials,2764904
ARCLANDS CORP,Japan,Consumer Discretionary,3470764
ARE Holdings Inc,Japan,Basic Materials,7349188
ARGAN SA,France,Real Estate,22950536
ARM Holdings PLC,United States,Technology,67821086
ASAHI YUKIZAI CORP,Japan,Basic Materials,3392856
ASBISc Enterprises PLC,Cyprus,Technology,24455326
ASE Technology Holding Co Ltd,Taiwan,Technology,778000516
ASIA Holdings Co Ltd,South Korea,Basic Materials,7617720
ASKUL Corp,Japan,Consumer Discretionary,1539635
ASM International NV,Netherlands,Technology,1918671968
ASML Holding NV,Netherlands,Technology,17686252280
ASMPT Ltd,Hong Kong,Technology,165989607
ASMedia Technology Inc,Taiwan,Technology,22610770
ASOS PLC,United Kingdom,Consumer Discretionary,6320280
ASPEED Technology Inc,Taiwan,Technology,241434938
ASR Nederland NV,Netherlands,Financials,882278100
ASROCK Inc,Taiwan,Technology,2563558
AST SpaceMobile Inc,United States,Telecommunications,259129089
ASTA Energy Solutions AG,Austria,Industrials,4503189
ASX Ltd,Australia,Financials,55310480
AT&S Austria Technologie & Systemtechnik AG,Austria,Technology,31571077
AT&T Inc,United States,Telecommunications,1580595551
ATI Inc,United States,Industrials,342931136
ATS Corp,Canada,Industrials,31239696
AU Small Finance Bank Ltd,India,Financials,103490926
AUB Group Ltd,Australia,Financials,108389202
AUO Corp,Taiwan,Technology,48397807
AURAS Technology Co Ltd,Taiwan,Technology,20512925
AVI Ltd,South Africa,Consumer Staples,14552843
AVZ Minerals Ltd,Australia,Basic Materials,1431126
AXA SA,France,Financials,2619815064
AZ-COM MARUWA Holdings Inc,Japan,Industrials,1488372
AZOOM Co Ltd,Japan,Industrials,5039151
Aadhar Housing Finance Ltd,India,Financials,4075582
Aalberts NV,Netherlands,Industrials,267801355
Aarti Industries Ltd,India,Basic Materials,7593699
Aavas Financiers Ltd,India,Financials,29221676
Abacus Group,Australia,Real Estate,3515029
Abacus Storage King,Australia,Real Estate,5258702
AbbVie Inc,United States,Health Care,6325356158
Abbisko Cayman Ltd,China,Health Care,30935183
Abbott Laboratories,United States,Health Care,2024049707
Abercrombie & Fitch Co,United States,Consumer Discretionary,67969611
Aberdeen Group PLC,United Kingdom,Financials,3970151
Abitare In SpA,Italy,Consumer Discretionary,2263331
Abivax SA,France,Health Care,277958192
Able Global Bhd,Malaysia,Consumer Staples,802553
Absa Group Ltd,South Africa,Financials,346519458
Abu Dhabi Commercial Bank PJSC,United Arab Emirates,Financials,343447184
Abu Dhabi Islamic Bank PJSC,United Arab Emirates,Financials,126196649
Abu Dhabi National Oil Co for Distribution PJSC,United Arab Emirates,Energy,35119365
Abu Dhabi Ports Co PJSC,United Arab Emirates,Industrials,111015017
Academy Sports & Outdoors Inc,United States,Consumer Discretionary,41636103
Accelerant Holdings,United States,Financials,59526
Accelink Technologies Co Ltd,China,Telecommunications,4407346
Accelleron Industries AG,Switzerland,Industrials,200404382
Accenture PLC,United States,Industrials,875595181
Acciona SA,Spain,Industrials,139854845
Accor SA,France,Consumer Discretionary,387805100
Accton Technology Corp,Taiwan,Telecommunications,749978759
Acer Inc,Taiwan,Technology,16742453
Acerinox SA,Spain,Basic Materials,85862688
Ackermans & van Haaren NV,Belgium,Industrials,130489665
Acom Co Ltd,Japan,Financials,18284324
Acotec Scientific Holdings Ltd,China,Health Care,413660
Acrow Ltd,Australia,Industrials,6467399
Acter Group Corp Ltd,Taiwan,Industrials,100047899
Action Construction Equipment Ltd,India,Industrials,3454775
Activia Properties Inc,Japan,Real Estate,29717864
Acuity Inc,United States,Industrials,141041090
Acushnet Holdings Corp,United States,Consumer Discretionary,39825369
Acutaas Chemicals Ltd,India,Basic Materials,108092793
Ad-sol Nissin Corp,Japan,Technology,2855561
Adani Total Gas Ltd,India,Utilities,11500912
AddTech AB,Sweden,Industrials,208503203
Adecco Group AG,Switzerland,Industrials,47332404
Adese Gayrimenkul Yatirim AS,Türkiye,Consumer Staples,2007281
Adheris Health Ltd,Australia,Health Care,159034
Adi Sarana Armada Tbk PT,Indonesia,Consumer Discretionary,1633929
Adicon Holdings Ltd,China,Health Care,31715
Aditya Birla Capital Ltd,India,Financials,21630232
Aditya Birla Fashion and Retail Ltd,India,Consumer Discretionary,2056180
Aditya Birla Real Estate Ltd,India,Basic Materials,5413674
Aditya Birla Sun Life Asset Management Co Ltd,India,Financials,49093525
Admiral Group PLC,United Kingdom,Financials,348183341
Adnoc Gas PLC,United Arab Emirates,Energy,208870633
Adobe Inc,United States,Technology,926006248
Adtran Networks SE,Germany,Telecommunications,5075819
Advance Residence Investment Corp,Japan,Real Estate,42445143
Advanced Drainage Systems Inc,United States,Industrials,206753206
Advanced Echem Materials Co Ltd,Taiwan,Technology,19693783
Advanced Energy Industries Inc,United States,Technology,177476798
Advanced Energy Solution Holding Co Ltd,Taiwan,Industrials,9889975
Advanced Info Service PCL,Thailand,Telecommunications,117511974
Advanced Micro Devices Inc,United States,Technology,12356895031
Advanced Nano Products Co Ltd,South Korea,Basic Materials,174952
Advanced Technology & Materials Co Ltd,China,Basic Materials,3596404
Advancetek Enterprise Co Ltd,Taiwan,Real Estate,2690296
Advantech Co Ltd,Taiwan,Technology,89708126
Advantest Corp,Japan,Technology,2475643168
Advtech Ltd,South Africa,Consumer Discretionary,28894696
Adyen NV,Netherlands,Industrials,752260652
Aedifica SA,Belgium,Real Estate,152719755
Aegean Airlines SA,Greece,Consumer Discretionary,7171979
Aegis Logistics Ltd,India,Energy,12744024
Aegis Vopak Terminals Ltd,India,Energy,49586541
Aegon Ltd,Netherlands,Financials,429448171
Aena SME SA,Spain,Industrials,361343205
Aeon Co Ltd,Japan,Consumer Staples,254542197
Aeon Hokkaido Corp,Japan,Consumer Discretionary,1417164
Aequs Ltd/India,India,Industrials,1744854
AerCap Holdings NV,United States,Industrials,547233483
AeroVironment Inc,United States,Industrials,78101385
Aeroports de Paris SA,France,Industrials,91952059
Aevex Corp,United States,Industrials,4372131
Afcons Infrastructure Ltd,India,Industrials,4541081
Affiliated Managers Group Inc,United States,Financials,111052051
Affirm Holdings Inc,United States,Industrials,292382928
Affle 3i Ltd,India,Technology,9344050
Aflac Inc,United States,Financials,302286329
African Rainbow Minerals Ltd,South Africa,Basic Materials,108840504
Afrimat Ltd,South Africa,Basic Materials,7186351
AfroCentric Investment Corp Ltd,South Africa,Health Care,1332510
After You PCL,Thailand,Consumer Discretionary,1274685
Ageas SA/NV,Belgium,Financials,60966815
Agilent Technologies Inc,United States,Health Care,587129321
Agility Global PLC,United Arab Emirates,Industrials,39383323
Agility Public Warehousing Co KSCC,Kuwait,Industrials,4086500
Agnico Eagle Mines Ltd,Canada,Basic Materials,1296778617
Agree Realty Corp,United States,Real Estate,117492281
Agthia Group PJSC,United Arab Emirates,Consumer Staples,19648898
Ahlatci Dogal Gaz Dagitim Enerji VE Yatirim AS,Türkiye,Utilities,2009481
Ahluwalia Contracts India Ltd,India,Industrials,18081794
Ai Holdings Corp,Japan,Technology,3637643
Aica Kogyo Co Ltd,Japan,Basic Materials,23019740
Aichi Corp,Japan,Industrials,1497370
Aichi Financial Group Inc,Japan,Financials,8601359
Aichi Steel Corp,Japan,Basic Materials,3067836
Aimed Bio Inc,South Korea,Health Care,892911
Ain Holdings Inc,Japan,Consumer Staples,5287234
Air Arabia PJSC,United Arab Emirates,Consumer Discretionary,1163373
Air Canada,Canada,Consumer Discretionary,24780857
Air China Ltd,China,Consumer Discretionary,10353385
Air France-KLM,France,Consumer Discretionary,39328764
Air Liquide SA,France,Basic Materials,2691535976
Air New Zealand Ltd,New Zealand,Consumer Discretionary,1854359
Air Products and Chemicals Inc,United States,Basic Materials,1348749083
Air Water Inc,Japan,Basic Materials,52998303
AirAsia X Bhd,Malaysia,Consumer Discretionary,6098443
Airbnb Inc,United States,Consumer Discretionary,504080912
Airoha Technology Corp,Taiwan,Technology,5630595
Airport City Ltd,Israel,Real Estate,1790234
Airports of Thailand PCL,Thailand,Industrials,86530205
Airtac International Group,Taiwan,Industrials,88926468
Airtel Africa PLC,United Kingdom,Telecommunications,56901744
Aisan Industry Co Ltd,Japan,Consumer Discretionary,2453465
Aisin Corp,Japan,Consumer Discretionary,110347788
Ajanta Pharma Ltd,India,Health Care,14212817
Ajinomoto Co Inc,Japan,Consumer Staples,507019731
Ajman Bank PJSC,United Arab Emirates,Financials,972302
Akamai Technologies Inc,United States,Technology,231160010
Akatsuki Inc,Japan,Consumer Discretionary,1226602
Akbank TAS,Türkiye,Financials,140913449
Akeso Inc,China,Health Care,236052910
Aksa Akrilik Kimya Sanayii AS,Türkiye,Basic Materials,12747085
Aksa Enerji Uretim AS,Türkiye,Utilities,1556991
Aktor SA Holding Company Technical And Energy Projects,Greece,Industrials,15181330
Akzo Nobel NV,Netherlands,Basic Materials,121653704
Al Rayan Bank,Qatar,Financials,24366491
Alamos Gold Inc,Canada,Basic Materials,161540885
Alamtri Minerals Indonesia Tbk PT,Indonesia,Energy,12779794
Alarko Holding AS,Türkiye,Industrials,1340632
Alaska Air Group Inc,United States,Consumer Discretionary,9920297
Albemarle Corp,United States,Basic Materials,144320604
Albertsons Cos Inc,United States,Consumer Staples,254463581
Alchip Technologies Ltd,Taiwan,Technology,158965046
Alcoa Corp,United States,Basic Materials,102792237
Alcon AG,Switzerland,Health Care,780825689
Aldar Properties PJSC,United Arab Emirates,Real Estate,242193858
Alebund Pharmaceuticals Jiangsu Ltd,China,Health Care,5270
Alec Holdings PJSC,United Arab Emirates,Industrials,10074195
Alembic Pharmaceuticals Ltd,India,Health Care,3872765
Alexandria Real Estate Equities Inc,United States,Real Estate,866927618
Alfa Laval AB,Sweden,Industrials,286686753
Alfen N.V.,Netherlands,Industrials,5975214
Alfresa Holdings Corp,Japan,Health Care,38780923
Algonquin Power & Utilities Corp,Canada,Utilities,64790605
Ali Alghanim Sons Automotive Co KSCC,Kuwait,Consumer Discretionary,6076550
Alibaba Group Holding Ltd,China,Consumer Discretionary,4754411757
Alibaba Health Information Technology Ltd,China,Consumer Staples,25474321
Align Technology Inc,United States,Health Care,174499178
Alimentation Couche-Tard Inc,Canada,Consumer Discretionary,648180967
Alior Bank SA,Poland,Financials,6029972
Alivus Life Sciences Ltd,India,Health Care,36041834
Alkami Technology Inc,United States,Technology,13743005
Alkane Resources Ltd,Australia,Basic Materials,13836839
Alkem Laboratories Ltd,India,Health Care,50189799
Alkermes PLC,United States,Health Care,113006270
Alkyl Amines Chemicals,India,Basic Materials,2608037
All Ring Tech Co Ltd,Taiwan,Technology,65878683
Allegiant Travel Co,United States,Consumer Discretionary,33868682
Allegion plc,United States,Industrials,123795152
Allegro MicroSystems Inc,United States,Technology,114172971
Allegro.eu SA,Poland,Consumer Discretionary,504845587
Alleima AB,Sweden,Basic Materials,35734850
Allfunds Group Plc,Netherlands,Financials,123454642
Alliance Aviation Services Ltd,Australia,Consumer Discretionary,1600907
Alliance Bank Malaysia Bhd,Malaysia,Financials,11390428
Alliance International Education Leasing Holdings Ltd,China,Financials,1179
Alliance Laundry Holdings Inc,United States,Industrials,54464867
Allianz SE,Germany,Financials,3268292069
Allied Gold Corp,Canada,Basic Materials,29677758
Allied Supreme Corp,Taiwan,Basic Materials,3910712
Allis Electric Co Ltd,Taiwan,Industrials,7601177
Allison Transmission Holdings Inc,United States,Industrials,141529850
Allos SA,Brazil,Real Estate,2122611
Allreal Holding AG,Switzerland,Real Estate,82929806
Allstate Corp/The,United States,Financials,370002886
Allwyn AG,Greece,Consumer Discretionary,47478989
Ally Financial Inc,United States,Financials,76122654
Alm Brand A/S,Denmark,Financials,47744914
Almacenes Exito SA,Colombia,Consumer Staples,11100623
Almendral SA,Chile,Telecommunications,7241662
Almirall SA,Spain,Health Care,19819769
Almonty Industries Inc,Canada,Basic Materials,47878420
Alnylam Pharmaceuticals Inc,United States,Health Care,677640806
Alok Industries Ltd,India,Basic Materials,1053196
Alony Hetz Properties & Investments Ltd,Israel,Real Estate,2437565
Alpek SAB de CV,Mexico,Basic Materials,89816744
Alpen Co Ltd,Japan,Consumer Discretionary,3300238
Alpha Bank SA,Greece,Financials,123544316
Alpha Data PJSC,United Arab Emirates,Technology,2657437
Alpha IVF Group Bhd,Malaysia,Health Care,4041199
Alphabet Inc,United States,Technology,50466058081
Alphamab Oncology,China,Health Care,2621521
Alps Alpine Co Ltd,Japan,Technology,37500512
Alrosa PJSC,Russia,Basic Materials,1025779
Alsea SAB de CV,Mexico,Consumer Discretionary,142544637
Alstom SA,France,Industrials,231776739
AltaGas Ltd,Canada,Utilities,153342382
Altaba Inc,United States,Financials,4030546
Altarea SCA,France,Real Estate,18097365
Alten SA,France,Technology,36302102
Alteogen Inc,South Korea,Health Care,145143297
Alterity Therapeutics ltd,Australia,Health Care,643564
Alternergy Holdings Corp,Philippines,Utilities,639175
Altinkilic Gida VE Sut Sanayi Ticaret AS,Türkiye,Consumer Staples,18832813
Altra Fastigheter AB,Sweden,Real Estate,22455353
Altron Ltd,South Africa,Technology,6015335
Alupar Investimento SA,Brazil,Utilities,20689718
AmRest Holdings SE,Poland,Consumer Discretionary,3594979
Amada Co Ltd,Japan,Industrials,147842029
Amadeus IT Group SA,Spain,Technology,588757980
Amano Corp,Japan,Industrials,28630949
Amara Raja Energy & Mobility Ltd,India,Industrials,9942203
Amata Corp PCL,Thailand,Real Estate,9402620
Amazon.com Inc,United States,Consumer Discretionary,31867316197
Amber Enterprises India Ltd,India,Consumer Discretionary,38254751
Ambev SA,Brazil,Consumer Staples,11574796
Ambra SA,Poland,Consumer Staples,2602461
Ambu A/S,Denmark,Health Care,17692995
Ambuja Cements Ltd,India,Industrials,38606978
Amcor PLC,United States,Industrials,321330098
Amdocs Ltd,United States,Technology,17992
Amentum Holdings Inc,United States,Industrials,46323640
Amer Sports Inc,United States,Consumer Discretionary,78707678
America Movil SAB de CV,Mexico,Telecommunications,2802963
American Airlines Group Inc,United States,Consumer Discretionary,1323899
American Express Co,United States,Industrials,2621888387
American Financial Group Inc/OH,United States,Financials,118380004
American Healthcare REIT Inc,United States,Real Estate,127958369
American Homes 4 Rent,United States,Real Estate,740156293
American International Group Inc,United States,Financials,484414964
American Tower Corp,United States,Real Estate,998269182
American Water Works Co Inc,United States,Utilities,342913270
Americold Realty Trust Inc,United States,Real Estate,62582813
Ameriprise Financial Inc,United States,Financials,582177450
Ameris Bancorp,United States,Financials,75013191
Amgen Inc,United States,Health Care,1809978964
Amkor Technology Inc,United States,Technology,135401968
Amlex Holdings Bhd,Malaysia,Technology,285101
Amlogic Shanghai Co Ltd,China,Technology,81967809
Amman Mineral Internasional PT,Indonesia,Basic Materials,30271639
Amorepacific Corp,South Korea,Consumer Discretionary,6548351
Amorepacific Holdings Corp,South Korea,Consumer Discretionary,542846
Amot Investments Ltd,Israel,Real Estate,1852745
Amotiv Ltd,Australia,Consumer Discretionary,13420330
Amoy Diagnostics Co Ltd,China,Health Care,1488410
Amphenol Corp,United States,Technology,3252207942
Amplifon SpA,Italy,Health Care,42826980
Ampol Ltd,Australia,Energy,82233998
Amrize Ltd,Switzerland,Industrials,788987311
Amundi SA,France,Financials,16063507
Anadolu Efes Biracilik Ve Malt Sanayii AS,Türkiye,Consumer Staples,19121571
Analog Devices Inc,United States,Technology,2726052154
Anand Rathi Wealth Ltd,India,Financials,8603791
Anant Raj Ltd,India,Real Estate,6391575
Andino Investment Holding SAA,Peru,Industrials,1851012
Angang Steel Co Ltd,China,Basic Materials,2391071
Angel One Ltd,India,Financials,11498682
Angelalign Technology Inc,China,Health Care,7609
Anglo American PLC,United Kingdom,Basic Materials,1476718641
Anglogold Ashanti Plc,South Africa,Basic Materials,829785405
Anheuser-Busch InBev SA/NV,Belgium,Consumer Staples,1609208349
Anhui Expressway Co Ltd,China,Industrials,8631443
Anhui Gujing Distillery Co Ltd,China,Consumer Staples,9190310
Anhui Zhongding Sealing Parts Co Ltd,China,Consumer Discretionary,2682412
Anima Holding SpA,Italy,Financials,5303405
Anji Microelectronics Technology Shanghai Co Ltd,China,Technology,17825851
Anjoy Foods Group Co Ltd,China,Consumer Staples,1664521
Anker Innovations Technology Co Ltd,China,Consumer Discretionary,105702080
Annaly Capital Management Inc,United States,Financials,210685669
Annehem Fastigheter AB,Sweden,Real Estate,79992
Anritsu Corp,Japan,Telecommunications,17166404
Ansell Ltd,Australia,Health Care,39655110
AntarChile SA,Chile,Financials,13289973
Antero Midstream Corp,United States,Energy,81643539
Anthem Biosciences Ltd,India,Health Care,21441940
Antin Infrastructure Partners SA,France,Financials,11411506
Antofagasta PLC,United Kingdom,Basic Materials,177995572
Antong Holdings Co Ltd,China,Industrials,2010077
Anycolor Inc,Japan,Consumer Discretionary,2297542
Aon PLC,United States,Financials,914467008
Aoyama Trading Co Ltd,Japan,Consumer Discretionary,2462449
Aozora Bank Ltd,Japan,Financials,27765593
Apar Industries Ltd,India,Industrials,76054604
Apex Investment Co PSC,United Arab Emirates,Industrials,2182174
Apex Mining Co Inc,Philippines,Basic Materials,2902860
Apogee Therapeutics Inc,United States,Health Care,15442870
Apollo Global Management Inc,United States,Financials,976108617
Apollo Hospitals Enterprise Ltd,India,Health Care,214049254
Apollo Tyres Ltd,India,Consumer Discretionary,16899321
AppLovin Corp,United States,Technology,1442320436
Appfolio Inc,United States,Technology,44650420
Appier Group Inc,Japan,Technology,12201453
Apple Inc,United States,Technology,52718798466
Applied Aerospace & Defense Inc,United States,Industrials,28475000
Applied Digital Corp,United States,Technology,117356132
Applied Industrial Technologies Inc,United States,Industrials,196041110
Applied Materials Inc,United States,Technology,6694473177
AptarGroup Inc,United States,Industrials,88642476
Aptitude Software Group PLC,United Kingdom,Technology,1491828
Aptiv PLC,United States,Consumer Discretionary,479192371
Aptus Value Housing Finance India Ltd,India,Financials,46887285
Aquawalk Group Bhd,Malaysia,Consumer Discretionary,2126187
Aramark,United States,Consumer Discretionary,195403420
Aramis Group SAS,France,Consumer Discretionary,3977754
Arata Corp,Japan,Consumer Staples,2423840
Araxi Ltd,South Africa,Technology,2729441
Arbonia AG,Switzerland,Industrials,4196638
Arca Continental SAB de CV,Mexico,Consumer Staples,90975789
Arcadis NV,Netherlands,Industrials,52882997
Arcadyan Technology Corp,Taiwan,Telecommunications,11235000
Arcelik AS,Türkiye,Consumer Discretionary,10647191
ArcelorMittal SA,Netherlands,Basic Materials,497191953
Arch Capital Group Ltd,United States,Financials,660118843
Archean Chemical Industries Ltd,India,Basic Materials,2677361
Archer Aviation Inc,United States,Industrials,38020185
Archer-Daniels-Midland Co,United States,Consumer Staples,487351780
Archi Indonesia Tbk PT,Indonesia,Basic Materials,17858222
Archicom SA,Poland,Consumer Discretionary,20628825
Arcosa Inc,United States,Industrials,89120014
Arcs Co Ltd,Japan,Consumer Staples,5303407
Arctech Solar Holding Co Ltd,China,Energy,1957262
Arctic Paper SA,Poland,Basic Materials,1863514
Arcutis Biotherapeutics Inc,United States,Health Care,7969333
Ardagh Metal Packaging SA,United States,Industrials,379304
Ardentec Corp,Taiwan,Technology,26685541
Arena REIT,Australia,Real Estate,11100894
Ares Management Corp,United States,Financials,268058634
Argenx SE,Belgium,Health Care,1674527959
Argo Graphics Inc,Japan,Technology,2721895
Argosy Property Ltd,New Zealand,Real Estate,2616018
Ariake Japan Co Ltd,Japan,Consumer Staples,20765704
Aris Mining Corp,Canada,Basic Materials,32473937
Arisawa Manufacturing Co Ltd,Japan,Industrials,1463615
Arista Networks Inc,United States,Telecommunications,1992158807
Aristocrat Leisure Ltd,Australia,Consumer Discretionary,355554193
Aritzia Inc,Canada,Consumer Discretionary,141048513
Arkema SA,France,Basic Materials,206021563
Armstrong World Industries Inc,United States,Industrials,88215118
Arnoldo Mondadori Editore SpA,Italy,Consumer Discretionary,2894666
Aroa Biosurgery Ltd,New Zealand,Health Care,2357573
Aroundtown SA,Germany,Real Estate,75636789
Arrow Electronics Inc,United States,Technology,15811333
Arrowhead Pharmaceuticals Inc,United States,Health Care,317319979
Arteche Lantegi Elkartea SA,Spain,Industrials,3943619
Arthur J Gallagher & Co,United States,Financials,1563098053
Artience Co Ltd,Japan,Basic Materials,6271054
Artrya Ltd,Australia,Health Care,10785759
Arvind Ltd,India,Basic Materials,9484321
Arwana Citramulia Tbk PT,Indonesia,Industrials,2747688
Arxis Inc,United States,Industrials,57675000
As One Corp,Japan,Health Care,16306551
Asahi Group Holdings Ltd,Japan,Consumer Staples,437310024
Asahi India Glass Ltd,India,Consumer Discretionary,5862910
Asahi Intecc Co Ltd,Japan,Health Care,85812920
Asahi Kasei Corp,Japan,Basic Materials,289127910
Asbury Automotive Group Inc,United States,Consumer Discretionary,50575038
Ascendis Pharma A/S,Denmark,Health Care,58058543
Ascentage Pharma Group International,China,Health Care,20320370
Ascom Holding AG,Switzerland,Telecommunications,411342
Aselsan Elektronik Sanayi Ve Ticaret AS,Türkiye,Industrials,199300848
Ashmore Group PLC,United Kingdom,Financials,2608655
Ashok Leyland Ltd,India,Industrials,127017336
Asia - Potash International Investment Guangzhou Co Ltd,China,Basic Materials,33131629
Asia Aviation PCL,Thailand,Consumer Discretionary,909210
Asia Cement Co Ltd,South Korea,Industrials,5401162
Asia Cement Corp,Taiwan,Industrials,32264530
Asia Commercial Bank JSC,Vietnam,Financials,17123329
Asia Optical Co Inc,Taiwan,Consumer Discretionary,9847626
Asia Sermkij Leasing PCL,Thailand,Financials,1548527
Asia Vital Components Co Ltd,Taiwan,Technology,390218453
Asian Paints Ltd,India,Industrials,235034871
Asiana Airlines Inc,South Korea,Consumer Discretionary,231976
Asics Corp,Japan,Consumer Discretionary,537218505
Asker Healthcare Group AB,Sweden,Health Care,28694996
Asmodee Group AB,Sweden,Consumer Discretionary,88107890
Aspen Group Ltd/Australia,Australia,Real Estate,17503281
Aspen Pharmacare Holdings Ltd,South Africa,Health Care,30668087
Aspirasi Hidup Indonesia Tbk PT,Indonesia,Consumer Discretionary,1979057
Assa Abloy AB,Sweden,Industrials,709862457
Asseco Poland SA,Poland,Technology,4842163
Asset Five Group PCL,Thailand,Real Estate,1452948
Asset World Corp PCL,Thailand,Real Estate,12507189
Assetwise PCL,Thailand,Real Estate,1005503
Associated Banc-Corp,United States,Financials,56329101
Associated British Foods PLC,United Kingdom,Consumer Staples,102151674
Assurant Inc,United States,Financials,176940862
Assured Guaranty Ltd,United States,Financials,43113655
Astellas Pharma Inc,Japan,Health Care,248211027
Aster DM Healthcare Ltd,India,Health Care,15995947
Astera Labs Inc,United States,Technology,538119540
Astor Transformator Enerji Turizm Insaat Ve Petrol Sanayi Ticaret AS,Türkiye,Industrials,116521428
Astra Microwave Products Ltd,India,Telecommunications,5024199
Astra Otoparts Tbk PT,Indonesia,Consumer Discretionary,5655062
AstraZeneca PLC,United Kingdom,Health Care,6325483793
AstraZeneca Pharma India Ltd,India,Health Care,3714749
Astral Foods Ltd,South Africa,Consumer Staples,10327242
Astral Ltd,India,Industrials,13223292
Astramina Group Bhd,Malaysia,Consumer Staples,991416
Asustek Computer Inc,Taiwan,Technology,117211046
Asymchem Laboratories Tianjin Co Ltd,China,Health Care,48733760
Atal SA/Poland,Poland,Consumer Discretionary,12131370
Atco Ltd/Canada,Canada,Utilities,13142350
Athens Water Supply & Sewage Co SA,Greece,Utilities,2585635
AtkinsRealis Group Inc,Canada,Industrials,113723184
Atlanta Braves Holdings Inc,United States,Consumer Discretionary,56
Atlas Arteria Ltd,Australia,Industrials,42782120
Atlas Copco AB,Sweden,Industrials,1939482585
Atlassian Corp,United States,Technology,31118100
Atmos Energy Corp,United States,Utilities,375187522
Atom Corp,Japan,Consumer Discretionary,25016
Atoss Software SE,Germany,Technology,203455
Atour Lifestyle Holdings Ltd,China,Consumer Discretionary,214964057
AtriCure Inc,United States,Health Care,10474649
Atrium Ljungberg AB,Sweden,Real Estate,15319757
Atrium Therapeutics Inc,United States,Health Care,1702434
Attendo AB,Sweden,Health Care,26489655
Attica Department Stores SA,Greece,Consumer Discretionary,121757
Atul Ltd,India,Basic Materials,11094898
Auckland International Airport Ltd,New Zealand,Industrials,106596886
Auction Technology Group PLC,United Kingdom,Technology,6419003
Aumas Resources Bhd,Malaysia,Basic Materials,3830249
Aumovio SE,Germany,Consumer Discretionary,42793422
Aura Minerals Inc,United States,Basic Materials,28207832
Aurelius Technologies Bhd,Malaysia,Technology,2600619
Auren Energia SA,Brazil,Utilities,5914786
AurionPro Solutions Ltd,India,Technology,2330128
Aurizon Holdings Ltd,Australia,Industrials,66185663
Aurobindo Pharma Ltd,India,Health Care,42379115
Aurora Design PCL,Thailand,Consumer Discretionary,3692244
Aurora Innovation Inc,United States,Industrials,54896103
Aurora World Corp,South Korea,Consumer Discretionary,3216479
Aurubis AG,Germany,Basic Materials,13739039
Austal Ltd,Australia,Industrials,14513662
Australian Agricultural Co Ltd,Australia,Consumer Staples,1558157
Authum Investment & Infrastucture Ltd,India,Financials,6092899
Auto Partner SA,Poland,Consumer Discretionary,25877089
Auto1 Group SE,Germany,Consumer Discretionary,61937500
AutoNation Inc,United States,Consumer Discretionary,33795573
AutoWallis Nyrt,Hungary,Consumer Discretionary,3365249
AutoZone Inc,United States,Consumer Discretionary,892900893
Autobacs Seven Co Ltd,Japan,Consumer Discretionary,20075680
Autodesk Inc,United States,Technology,496196391
Autohellas Tourist and Trading SA,Greece,Consumer Discretionary,14436511
Autohome Inc,China,Technology,12093127
Autoliv Inc,United States,Consumer Discretionary,109688168
Automatic Data Processing Inc,United States,Industrials,571559815
Autotrader Group PLC,United Kingdom,Technology,160429890
Avalo Therapeutics Inc,United States,Health Care,8294046
AvalonBay Communities Inc,United States,Real Estate,1446235261
Avalyn Pharma Inc,United States,Health Care,9028540
Avangaad Bhd,Malaysia,Industrials,2575107
Avanti Feeds Ltd,India,Consumer Staples,6818991
Avantor Inc,United States,Health Care,60307939
Avanza Bank Holding AB,Sweden,Financials,23471231
Avarda Bank AB,Sweden,Financials,6858542
Avenue Supermarts Ltd,India,Consumer Staples,54539787
Avery Dennison Corp,United States,Basic Materials,158426163
Avex Inc,Japan,Consumer Discretionary,1700415
Avia Avian Tbk PT,Indonesia,Industrials,4197981
Avient Corp,United States,Basic Materials,45375718
Avista Corp,United States,Utilities,79734
Aviva PLC,United Kingdom,Financials,305293025
Avnet Inc,United States,Technology,92339937
Avolta AG,Switzerland,Consumer Discretionary,93710100
Avon Technologies PLC,United Kingdom,Industrials,4698176
Awa Bank Ltd/The,Japan,Financials,7898137
Axalta Coating Systems Ltd,United States,Industrials,33717958
Axcelis Technologies Inc,United States,Technology,1472405
Axfood AB,Sweden,Consumer Staples,24798209
Axial Retailing Inc,Japan,Consumer Staples,2762030
Axiata Group Bhd,Malaysia,Telecommunications,48028900
Axis Bank Ltd,India,Financials,819031855
Axis Capital Holdings Ltd,United States,Financials,102012668
Axogen Inc,United States,Health Care,5786637
Axon Enterprise Inc,United States,Industrials,578321352
Axsome Therapeutics Inc,United States,Health Care,183367732
Axtra Future City Freehold and Leasehold Real Estate Investment Trust,Thailand,Real Estate,3974568
Ayala Corp,Philippines,Real Estate,7452570
Ayala Land Inc,Philippines,Real Estate,58670544
AyalaLand Logistics Holdings Corp,Philippines,Real Estate,636934
Aygaz AS,Türkiye,Utilities,1102226
Ayvens SA,France,Consumer Discretionary,96411111
Azad Engineering Ltd,India,Industrials,7858880
Azbil Corp,Japan,Industrials,95772442
Azelis Group NV,Belgium,Industrials,120906522
Azimut Holding SpA,Italy,Financials,79207727
Azrieli Group Ltd,Israel,Real Estate,48311913
Azzas 2154 SA,Brazil,Consumer Discretionary,639109
B Grimm Power PCL,Thailand,Utilities,1561398
B&M European Value Retail plc,United Kingdom,Consumer Discretionary,42606369
B2Gold Corp,Canada,Basic Materials,55022404
B3 SA - Brasil Bolsa Balcao,Brazil,Financials,92268311
BAIC Motor Corp Ltd,China,Consumer Discretionary,1192135
BAJAJ Mobility AG,Austria,Consumer Discretionary,2339181
BASF India Ltd,India,Basic Materials,3833914
BASF SE,Germany,Basic Materials,565308381
BAWAG Group AG,Austria,Financials,367373364
BB Seguridade Participacoes SA,Brazil,Financials,28389996
BBB Foods Inc,Mexico,Consumer Staples,50704348
BBMG Corp,China,Industrials,70
BCE Inc,Canada,Telecommunications,30564190
BCPG PCL,Thailand,Utilities,515457
BDO Unibank Inc,Philippines,Financials,114307344
BE Semiconductor Industries NV,Netherlands,Technology,535499305
BEML Ltd,India,Industrials,2372368
BFI Finance Indonesia Tbk PT,Indonesia,Financials,2315641
BGF Co Ltd,South Korea,Industrials,3942158
BGF retail Co Ltd,South Korea,Consumer Staples,36519791
BH Co Ltd,South Korea,Technology,5897825
BHG Group AB,Sweden,Consumer Discretionary,6027610
BHI Co Ltd,South Korea,Industrials,10697413
BHP Group Ltd,Australia,Basic Materials,3004460395
BICO Group AB,Sweden,Health Care,35392
BILL Holdings Inc,United States,Industrials,21372766
BIM Birlesik Magazalar AS,Türkiye,Consumer Staples,178869671
BIPROGY Inc,Japan,Technology,32720463
BJ's Wholesale Club Holdings Inc,United States,Consumer Discretionary,131456240
BKW AG,Switzerland,Utilities,68661474
BLS International Services Ltd,India,Industrials,3775096
BML Inc,Japan,Health Care,2679849
BNK Financial Group Inc,South Korea,Financials,36467290
BNP Paribas SA,France,Financials,4166340931
BNPP Bank Polska SA,Poland,Financials,2378387
BOC Aviation Ltd,Hong Kong,Industrials,37842863
BOC Hong Kong Holdings Ltd,Hong Kong,Financials,492137574
BOE Technology Group Co Ltd,China,Technology,39108621
BOK Financial Corp,United States,Financials,33977270
BOYD GROUP INC,Canada,Consumer Discretionary,34625381
BP PLC,United Kingdom,Energy,2597501710
BPER Banca SPA,Italy,Financials,575105665
BRAC Bank PLC,Bangladesh,Financials,44605925
BRP Inc,Canada,Consumer Discretionary,30054855
BSE Ltd,India,Financials,79188348
BT Group PLC,United Kingdom,Telecommunications,364432075
BTG Hotels Group Co Ltd,China,Consumer Discretionary,8990
BTS Group Holdings PCL,Thailand,Industrials,1271112
BWP Property Group Ltd,Australia,Real Estate,20325553
BXP Inc,United States,Real Estate,429776727
BYD Co Ltd,China,Consumer Discretionary,447928166
BYD Electronic International Co Ltd,China,Telecommunications,22052092
Babcock International Group PLC,United Kingdom,Industrials,33551589
Bachem Holding AG,Switzerland,Health Care,61389649
Badger Meter Inc,United States,Industrials,54184963
Baidu Inc,China,Technology,409970707
Baiksan Co Ltd,South Korea,Basic Materials,2995654
Bajaj Auto Ltd,India,Consumer Discretionary,259610104
Bajaj Electricals Ltd,India,Consumer Discretionary,11956161
Bajaj Finance Ltd,India,Financials,297724104
Bajaj Finserv Ltd,India,Financials,136477019
Bajaj Holdings & Investment Ltd,India,Financials,29844826
Bajaj Housing Finance Ltd,India,Financials,9964054
Baker Hughes Co,United States,Energy,1084135946
Bakrie and Brothers Tbk PT,Indonesia,Basic Materials,670052
Balaji Amines Ltd,India,Basic Materials,2360264
Balchem Corp,United States,Basic Materials,69586450
Balfour Beatty PLC,United Kingdom,Industrials,114505950
Balkrishna Industries Ltd,India,Consumer Discretionary,68052620
Ball Corp,United States,Industrials,202664717
Balrampur Chini Mills Ltd,India,Consumer Staples,6843334
Baltic Classifieds Group PLC,United Kingdom,Technology,709474
BancFirst Corp,United States,Financials,30097116
Banca Generali SpA,Italy,Financials,194177999
Banca Mediolanum SpA,Italy,Financials,115723981
Banca Monte dei Paschi di Siena SpA,Italy,Financials,602946978
Banco BPM SpA,Italy,Financials,513010702
Banco BTG Pactual SA,Brazil,Financials,455760781
Banco Bilbao Vizcaya Argentaria SA,Spain,Financials,2627140840
Banco Bradesco SA,Brazil,Financials,135468265
Banco Comercial Portugues SA,Portugal,Financials,203916008
Banco Itau Chile SA,Chile,Financials,54693772
Banco Popular SA,Colombia,Financials,801788
Banco Santander Brasil SA,Brazil,Financials,786843
Banco Santander Chile,Chile,Financials,130262557
Banco Santander SA,Spain,Financials,3833495120
Banco de Chile,Chile,Financials,45625475
Banco de Credito e Inversiones SA,Chile,Financials,136512073
Banco de Sabadell SA,Spain,Financials,375865791
Banco del Bajio SA,Mexico,Financials,42383096
Banco do Brasil SA,Brazil,Financials,44349134
Bandai Namco Holdings Inc,Japan,Consumer Discretionary,111547012
Bandhan Bank Ltd,India,Financials,67161761
Bandwidth Inc,United States,Technology,35383244
Bangchak Corp PCL,Thailand,Energy,1744430
Bangkok Airways PCL,Thailand,Consumer Discretionary,7569009
Bangkok Bank PCL,Thailand,Financials,78088625
Bangkok Chain Hospital PCL,Thailand,Health Care,10528266
Bangkok Commercial Asset Management PCL,Thailand,Financials,1696152
Bangkok Dusit Medical Services PCL,Thailand,Health Care,72883701
Bangkok Expressway & Metro PCL,Thailand,Industrials,11498926
Bangkok Land PCL,Thailand,Real Estate,1
Bangkok Life Assurance PCL,Thailand,Financials,833071
Bangun Kosambi Sukses PT,Indonesia,Real Estate,977305
Bank BTPN Syariah Tbk PT,Indonesia,Financials,11311075
Bank CIMB Niaga Tbk PT,Indonesia,Financials,17918064
Bank Central Asia Tbk PT,Indonesia,Financials,346230331
Bank Danamon Indonesia Tbk PT,Indonesia,Financials,5570092
Bank Jago Tbk PT,Indonesia,Financials,2166047
Bank Mandiri Persero Tbk PT,Indonesia,Financials,112075348
Bank Millennium SA,Poland,Financials,7851289
Bank Negara Indonesia Persero Tbk PT,Indonesia,Financials,44793725
Bank OZK,United States,Financials,83045681
Bank Polska Kasa Opieki SA,Poland,Financials,104158494
Bank Rakyat Indonesia Persero Tbk PT,Indonesia,Financials,59730946
Bank St Petersburg PJSC,Russia,Financials,2538757
Bank Syariah Indonesia Persero Tbk PT,Indonesia,Financials,25663597
Bank Tabungan Negara Persero Tbk PT,Indonesia,Financials,1542500
Bank for Foreign Trade of Vietnam JSC,Vietnam,Financials,26995512
Bank for Investment and Development of Vietnam JSC,Vietnam,Financials,21142332
Bank of America Corp,United States,Financials,4704148287
Bank of Baroda,India,Financials,29681673
Bank of China Ltd,China,Financials,455102572
Bank of Chongqing Co Ltd,China,Financials,896732
Bank of Communications Co Ltd,China,Financials,65636269
Bank of Cyprus Holdings PLC,Greece,Financials,78522620
Bank of East Asia Ltd/The,Hong Kong,Financials,19744625
Bank of India,India,Financials,14180617
Bank of Ireland Group PLC,Ireland,Financials,441186412
Bank of Jiangsu Co Ltd,China,Financials,88436960
Bank of Maharashtra,India,Financials,17737935
Bank of Montreal,Canada,Financials,1530591022
Bank of Nagoya Ltd/The,Japan,Financials,8365328
Bank of New York Mellon Corp/The,United States,Financials,1680841509
Bank of Ningbo Co Ltd,China,Financials,86430612
Bank of Nova Scotia/The,Canada,Financials,1577533217
Bank of Queensland Ltd,Australia,Financials,38128904
Bank of the Philippine Islands,Philippines,Financials,25467883
Bankinter SA,Spain,Financials,256081952
Banque Cantonale Vaudoise,Switzerland,Financials,90576991
Baoshan Iron & Steel Co Ltd,China,Basic Materials,710288
Bapcor Ltd,Australia,Consumer Discretionary,6042428
Barclays PLC,United Kingdom,Financials,1759416504
Barito Pacific Tbk PT,Indonesia,Basic Materials,2438721
Barito Renewables Energy Tbk PT,Indonesia,Utilities,2203440
Barratt Redrow PLC,United Kingdom,Consumer Discretionary,95369278
Barry Callebaut AG,Switzerland,Consumer Staples,88145773
Bashneft PJSC,Russia,Energy,1669799
Basic-Fit NV,Netherlands,Consumer Discretionary,38782384
Basler AG,Germany,Industrials,32548019
Bata India Ltd,India,Consumer Discretionary,1827687
Bath & Body Works Inc,United States,Consumer Discretionary,60708363
Baticim Bati Anadolu Cimento Sanayii AS,Türkiye,Industrials,839306
Bausch + Lomb Corp,Canada,Health Care,6718508
Bausch Health Cos Inc,Canada,Health Care,16828626
Bavarian Nordic A/S,Denmark,Health Care,46468479
Baxter International Inc,United States,Health Care,95281532
BayCurrent Inc,Japan,Industrials,83745624
BayWa AG,Germany,Industrials,4112503
Bayer AG,Germany,Health Care,853505070
Bayerische Motoren Werke AG,Germany,Consumer Discretionary,276566819
BeOne Medicines Ltd,China,Health Care,358402499
Beazley PLC,United Kingdom,Financials,397007682
Bechtle AG,Germany,Technology,76967918
Becle SAB de CV,Mexico,Consumer Staples,18019382
Becton Dickinson & Co,United States,Health Care,600713212
Bega Cheese Ltd,Australia,Consumer Staples,32924212
Beiersdorf AG,Germany,Consumer Staples,220031534
Beijer Alma AB,Sweden,Basic Materials,4841350
Beijer Ref AB,Sweden,Industrials,556385408
Beijing Aerospace Shenzhou Intelligent Equipment Technology Co Ltd,China,Industrials,2174699
Beijing Capital International Airport Co Ltd,China,Industrials,2757277
Beijing Easpring Material Technology Co Ltd,China,Basic Materials,1187865
Beijing Enterprises Holdings Ltd,China,Utilities,131966
Beijing Enterprises Water Group Ltd,China,Utilities,3032335
Beijing Gas Blue Sky Holdings Ltd,China,Utilities,8
Beijing Geekplus Technology Co Ltd,China,Industrials,5209777
Beijing Huafeng Test & Control Technology Co Ltd,China,Technology,22897702
Beijing Jingneng Clean Energy Co Ltd,China,Utilities,46824
Beijing New Building Materials PLC,China,Industrials,2192629
Beijing Originwater Technology Co Ltd,China,Utilities,97895
Beijing Relpow Technology Co Ltd,China,Industrials,3110032
Beijing Roborock Technology Co Ltd,China,Consumer Discretionary,11431
Beijing Sifang Automation Co Ltd,China,Industrials,23315474
Beijing Yuanliu Hongyuan Electronic Technology Co Ltd,China,Technology,5555321
Beisen Holding Ltd,China,Technology,3196178
Bekaert SA,Belgium,Basic Materials,41985150
Belc Co Ltd,Japan,Consumer Staples,3035533
Belden Inc,United States,Industrials,59443704
Belimo Holding AG,Switzerland,Industrials,230279130
Bell Food Group AG,Switzerland,Consumer Staples,7854120
Bell System24 Holdings Inc,Japan,Industrials,15811531
Bellevue Gold Ltd,Australia,Basic Materials,17848416
Belluna Co Ltd,Japan,Consumer Discretionary,1503896
Bellway PLC,United Kingdom,Consumer Discretionary,57427840
Bendigo & Adelaide Bank Ltd,Australia,Financials,55860639
Benefit Systems SA,Poland,Industrials,162454438
Bentley Systems Inc,United States,Technology,295811108
Berger Paints India Ltd,India,Industrials,6280747
Berkeley Group Holdings PLC,United Kingdom,Consumer Discretionary,79612025
Berkshire Hathaway Inc,United States,Financials,11758288942
Berli Jucker PCL,Thailand,Consumer Discretionary,15636229
Berner Kantonalbank AG,Switzerland,Financials,26905141
Bertrandt AG,Germany,Industrials,1135724
Besalco SA,Chile,Industrials,16111268
Best Buy Co Inc,United States,Consumer Discretionary,154313286
Bestechnic Shanghai Co Ltd,China,Technology,68549132
Beta Bionics Inc,United States,Health Care,3043365
Beta Technologies Inc,United States,Industrials,20930767
Bethel Automotive Safety Systems Co Ltd,China,Consumer Discretionary,10835
Betmakers Technology Group Ltd,Australia,Consumer Discretionary,3492572
Bharat Forge Ltd,India,Basic Materials,58806536
Bharat Petroleum Corp Ltd,India,Energy,60745647
Bharti Airtel Ltd,India,Telecommunications,1191312814
Bharti Hexacom Ltd,India,Telecommunications,11535827
Bic Camera Inc,Japan,Consumer Discretionary,15552897
Bid Corp Ltd,South Africa,Consumer Staples,275163176
Bidvest Group Ltd,South Africa,Industrials,82575992
Biesse SpA,Italy,Industrials,4463744
Big Shopping Centers Ltd,Israel,Real Estate,30938883
Big Yellow Group PLC,United Kingdom,Real Estate,44630054
Bikaji Foods International Ltd,India,Consumer Staples,5324815
Bilfinger SE,Germany,Industrials,67581979
Bilibili Inc,China,Technology,394129287
Billerud AB,Sweden,Basic Materials,28520850
Billionbrains Garage Ventures Ltd,India,Financials,28415477
Binastra Corp Bhd,Malaysia,Industrials,6546480
Bio-Rad Laboratories Inc,United States,Health Care,43918184
Bio-Techne Corp,United States,Health Care,127011532
BioArctic AB,Sweden,Health Care,27471175
BioGaia AB,Sweden,Health Care,16427106
BioMar Group A/S,Denmark,Consumer Staples,4673126
BioMarin Pharmaceutical Inc,United States,Health Care,469620333
BioMerieux,France,Health Care,56463985
BioNTech SE,Germany,Health Care,67235976
Bioceltix SA,Poland,Health Care,3495420
Biocon Ltd,India,Health Care,27335342
Biogen Inc,United States,Health Care,579223587
Birkenstock Holding Plc,United States,Consumer Discretionary,93763919
Birlasoft Ltd,India,Technology,5391418
BitMine Immersion Technologies Inc,United States,Technology,88254111
Bitgo Holdings Inc,United States,Financials,1183102
Biwin Storage Technology Co Ltd,China,Technology,4562478
Bizlink Holding Inc,Taiwan,Technology,161841290
BlackBerry Ltd,Canada,Technology,1840662
BlackLine Inc,United States,Technology,30606854
Blackrock Inc,United States,Financials,2275396160
Blackstone Inc,United States,Financials,721397233
Blend Labs Inc,United States,Technology,19953085
Block Inc,United States,Industrials,596015767
Bloom Energy Corp,United States,Industrials,2325421313
Bloomage Biotechnology Corp Ltd,China,Health Care,186275
Bloomberry Resorts Corp,Philippines,Consumer Discretionary,12173504
Blue Dart Express Ltd,India,Industrials,2673157
Blue Moon Group Holdings Ltd,China,Consumer Staples,187
Blue Owl Capital Inc,United States,Financials,57784650
Blue Star Ltd,India,Industrials,22348498
Blue Zones Holdings Co Ltd,Japan,Consumer Staples,21098758
BlueScope Steel Ltd,Australia,Basic Materials,122597926
Bluemarq Group JSC,Vietnam,Real Estate,4598656
Boardwalk Real Estate Investment Trust,Canada,Real Estate,24516187
Bob's Discount Furniture Inc,United States,Consumer Discretionary,1609369
Bodycote PLC,United Kingdom,Industrials,49353195
Boer Power Holdings Ltd,China,Technology,42996
Boiron SA,France,Health Care,5778147
Boliden AB,Sweden,Basic Materials,260429267
Bolsa Mexicana de Valores SAB de CV,Mexico,Financials,997210
Bombardier Inc,Canada,Industrials,240595603
Bonduelle SCA,France,Consumer Staples,7196974
BoneSupport Holding AB,Sweden,Health Care,28927669
Booking Holdings Inc,United States,Consumer Discretionary,2165171648
Booz Allen Hamilton Holding Corp,United States,Industrials,77696307
Boozt AB,Sweden,Consumer Discretionary,34211769
Bora Pharmaceuticals Co Ltd,Taiwan,Health Care,8595770
BorgWarner Inc,United States,Consumer Discretionary,172881630
Borosil Renewables Ltd,India,Industrials,581059
Borouge PLC,United Arab Emirates,Industrials,3154979
Borusan Birlesik Boru Fabrikalari Sanayi ve Ticaret AS,Türkiye,Basic Materials,3482036
Borusan Yatirim ve Pazarlama AS,Türkiye,Basic Materials,943754
Bosch Ltd,India,Consumer Discretionary,37017370
Boston Scientific Corp,United States,Health Care,838517059
Boubyan Bank KSCP,Kuwait,Financials,675497
Bound And Beyond PCL,Thailand,Consumer Discretionary,1179363
Boursa Kuwait Securities Co KPSC,Kuwait,Financials,31855638
Boustead Singapore Ltd,Singapore,Industrials,972360
Bouygues SA,France,Industrials,166025506
Boxer Retail Ltd,South Africa,Consumer Staples,7214399
Boyd Gaming Corp,United States,Consumer Discretionary,57280150
Bradsaude S A,Brazil,Health Care,22630396
Brainscan SA,Poland,Health Care,109874
Brambles Ltd,Australia,Industrials,310417565
Bravida Holding AB,Sweden,Industrials,49184132
Brazilian Rare Earths Ltd,Australia,Basic Materials,10178685
Bread Financial Holdings Inc,United States,Financials,6060557
Brembo NV,Italy,Consumer Discretionary,35247199
Brenntag SE,Germany,Basic Materials,148537068
Breville Group Ltd,Australia,Consumer Discretionary,48217862
Bridgebio Pharma Inc,United States,Health Care,157530860
Bridgepoint Group PLC,United Kingdom,Financials,75369814
Bridgestone Corp,Japan,Consumer Discretionary,378242424
Brigade Enterprises Ltd,India,Real Estate,3043205
Bright Horizons Family Solutions Inc,United States,Consumer Discretionary,40641316
Bright Smart Securities & Commodities Group Ltd,Hong Kong,Financials,12896681
BrightSpring Health Services Inc,United States,Health Care,142002635
Brighton-Best International Taiwan Inc,Taiwan,Basic Materials,5059226
Brii Biosciences Ltd,China,Health Care,18
Brilliance China Automotive Holdings Ltd,China,Consumer Discretionary,8455873
Brink's Co/The,United States,Industrials,49676511
Brinker International Inc,United States,Consumer Discretionary,95684400
Bristol-Myers Squibb Co,United States,Health Care,2035787893
Britannia Industries Ltd,India,Consumer Staples,55764635
British Land Co PLC/The,United Kingdom,Real Estate,114374225
Brixmor Property Group Inc,United States,Real Estate,126962734
Broadcom Inc,United States,Technology,23402660001
Broadleaf Co Ltd,Japan,Technology,11561859
Broadridge Financial Solutions Inc,United States,Financials,207262869
Broadstone Net Lease Inc,United States,Real Estate,50515310
Broedrene A&O Johansen A/S,Denmark,Industrials,6691649
Brookfield Asset Management Ltd,Canada,Financials,221086085
Brookfield Corp,Canada,Financials,1179339162
Brookfield India Real Estate Trust,India,Real Estate,46257597
Brookfield Infrastructure Corp,Canada,Utilities,62674817
Brookfield Renewable Corp,Canada,Utilities,66845294
Brookfield Wealth Solutions Ltd,Canada,Financials,14835799
Brother Industries Ltd,Japan,Technology,95588797
Browave Corp,Taiwan,Telecommunications,20014
Brown & Brown Inc,United States,Financials,278508059
Brown-Forman Corp,United States,Consumer Staples,28467003
Bruker Corp,United States,Health Care,26002274
Brunel International NV,Netherlands,Industrials,5202301
Brunello Cucinelli SpA,Italy,Consumer Discretionary,2941133
Brunswick Corp/DE,United States,Industrials,44152290
Bucher Industries AG,Switzerland,Industrials,55025255
Budimex SA,Poland,Industrials,7170091
Budweiser Brewing Co APAC Ltd,Hong Kong,Consumer Staples,28005449
Buffalo Inc /Japan,Japan,Technology,6035
Builders FirstSource Inc,United States,Industrials,70799171
Bukalapak.com PT Tbk,Indonesia,Technology,2209056
Bullish,United States,Financials,3514500
Bumi Armada Bhd,Malaysia,Energy,7283117
Bumi Resources Minerals Tbk PT,Indonesia,Basic Materials,16962115
Bumi Serpong Damai Tbk PT,Indonesia,Real Estate,7943217
Bumrungrad Hospital PCL,Thailand,Health Care,105072750
Bunge Global SA,United States,Consumer Staples,195805471
Bunka Shutter Co Ltd,Japan,Industrials,3626917
Bunzl PLC,United Kingdom,Industrials,213759088
Burberry Group PLC,United Kingdom,Consumer Discretionary,191228757
Burckhardt Compression Holding AG,Switzerland,Industrials,33832708
Bure Equity AB,Sweden,Financials,29023112
Bureau Veritas SA,France,Industrials,290954734
Burgan Bank SAK,Kuwait,Financials,2050703
Burlington Stores Inc,United States,Consumer Discretionary,250310333
Bursa Malaysia Bhd,Malaysia,Financials,22367779
Business Engineering Corp,Japan,Technology,2319163
Busy Ming Group Co Ltd,China,Consumer Staples,4803902
Buzzi SpA,Italy,Industrials,121717467
Byggmax Group AB,Sweden,Consumer Discretionary,5801011
Bystronic AG,Switzerland,Industrials,5899719
Bytes Technology Group PLC,United Kingdom,Technology,35366712
C Sun Manufacturing Ltd,Taiwan,Technology,66463673
C Uyemura & Co Ltd,Japan,Basic Materials,8509312
C&A MODAS SA,Brazil,Consumer Discretionary,25087037
C&D International Investment Group Ltd,China,Real Estate,17091867
C-Mer Medical Holdings Ltd,Hong Kong,Health Care,279049
CA Immobilien Anlagen AG,Austria,Real Estate,4906923
CACI International Inc,United States,Technology,112937229
CAE Inc,Canada,Industrials,79205083
CALB Group Co Ltd,China,Consumer Discretionary,36932934
CAR Group Ltd,Australia,Technology,81992732
CARsgen Therapeutics Holdings Ltd,China,Health Care,5665483
CBH Engineering Holding Bhd,Malaysia,Industrials,3360500
CBRE Group Inc,United States,Real Estate,584561200
CCI Group Inc,Japan,Financials,6781800
CCL Products India Ltd,India,Consumer Staples,13079086
CD Projekt SA,Poland,Consumer Discretionary,157914176
CDL Hospitality Trusts,Singapore,Real Estate,8593928
CDW Corp/DE,United States,Technology,55681486
CECONOMY AG,Germany,Consumer Discretionary,13058832
CELCOMDIGI BHD,Malaysia,Telecommunications,30449983
CF Industries Holdings Inc,United States,Basic Materials,311259517
CG Power & Industrial Solutions Ltd,India,Industrials,174598401
CGI Inc,Canada,Technology,159989042
CGN Mining Co Ltd,Hong Kong,Energy,17031975
CGN Power Co Ltd,China,Utilities,40434046
CH Karnchang PCL,Thailand,Industrials,25096869
CH Robinson Worldwide Inc,United States,Industrials,270428177
CICT Mobile Communication Technology Co Ltd,China,Telecommunications,84020678
CIE Automotive India Ltd,India,Consumer Discretionary,5396134
CIE Automotive SA,Spain,Consumer Discretionary,45841990
CIG Shanghai Co Ltd,China,Telecommunications,27096210
CIMB Group Holdings Bhd,Malaysia,Financials,220461655
CIMC Enric Holdings Ltd,China,Energy,50812688
CITIC Ltd,China,Industrials,67747029
CITIC Securities Co Ltd,China,Financials,89472707
CITIC Telecom International Holdings Ltd,Hong Kong,Telecommunications,8174421
CJ CGV Co Ltd,South Korea,Consumer Discretionary,211147
CJ CheilJedang Corp,South Korea,Consumer Staples,5993703
CJ Corp,South Korea,Industrials,98558269
CJ ENM Co Ltd,South Korea,Consumer Discretionary,248645
CJ Freshway Corp,South Korea,Consumer Staples,3037588
CJ Logistics Corp,South Korea,Industrials,69117178
CK Asset Holdings Ltd,Hong Kong,Real Estate,173903135
CK Hutchison Holdings Ltd,Hong Kong,Industrials,389836913
CK Infrastructure Holdings Ltd,Hong Kong,Utilities,78064302
CK Power PCL,Thailand,Utilities,330243
CKD Corp,Japan,Industrials,13388777
CLS Holdings PLC,United Kingdom,Real Estate,4565449
CMB Tech NV,Belgium,Industrials,32037960
CME Group Inc,United States,Financials,959929460
CMS Energy Corp,United States,Utilities,365655542
CMS Info Systems Ltd,India,Industrials,20244108
CNA Financial Corp,United States,Financials,16773901
CNH Industrial NV,United States,Industrials,76621201
COMSYS Holdings Corp,Japan,Industrials,63214260
COPT Defense Properties,United States,Real Estate,53233039
COSCO SHIPPING Development Co Ltd,China,Industrials,111
COSCO SHIPPING Energy Transportation Co Ltd,China,Industrials,23130977
COSCO SHIPPING Holdings Co Ltd,China,Industrials,44589644
COSON Co Ltd,South Korea,Consumer Discretionary,518
CP ALL PCL,Thailand,Consumer Staples,114886614
CP AXTRA PCL,Thailand,Consumer Discretionary,7100115
CPE Technology Bhd,Malaysia,Industrials,3584041
CPFL Energia SA,Brazil,Utilities,555983
CPI Europe AG,Austria,Real Estate,3278880
CRE Logistics REIT Inc,Japan,Real Estate,4041170
CRH PLC,United States,Industrials,1051580057
CRISIL Ltd,India,Financials,8906222
CRISPR Therapeutics AG,United States,Health Care,4316568
CS Disco Inc,United States,Technology,2071240
CS Wind Corp,South Korea,Energy,33172522
CSC Financial Co Ltd,China,Financials,14064233
CSE Global Ltd,Singapore,Technology,512888
CSG Holding Co Ltd,China,Industrials,3417838
CSG NV,Netherlands,Industrials,64720241
CSL Ltd,Australia,Health Care,577335953
CSPC Pharmaceutical Group Ltd,China,Health Care,159204924
CSW Industrials Inc,United States,Industrials,55739594
CSX Corp,United States,Industrials,1079059949
CTBC Financial Holding Co Ltd,Taiwan,Financials,582638448
CTCI Corp,Taiwan,Industrials,9935748
CTF Services Ltd,Hong Kong,Industrials,18920795
CTOS Digital Bhd,Malaysia,Industrials,1557674
CTP NV,Netherlands,Real Estate,64149648
CTS Eventim AG & Co KGaA,Germany,Consumer Discretionary,64956502
CTS Global Equity Group,Philippines,Financials,49862
CVC Capital Partners PLC,Netherlands,Financials,109185198
CVK Maden Isletmeleri Sanayi VE Ticaret AS,Türkiye,Basic Materials,1256440
CVS Health Corp,United States,Consumer Staples,1826001847
CW Enerji Muhendislik Ticaret VE Sanayi AS,Türkiye,Energy,950297
Cabaletta Bio Inc,United States,Health Care,26942894
Cable One Inc,United States,Telecommunications,1551024
Cabot Corp,United States,Basic Materials,65681478
Cadence Design Systems Inc,United States,Technology,1460246264
Caesars Entertainment Inc,United States,Consumer Discretionary,77681509
Cafe24 Corp,South Korea,Technology,183022
Cahya Mata Sarawak Bhd,Malaysia,Industrials,2704072
Cairn Homes PLC,Ireland,Consumer Discretionary,2065585
Caixa Seguridade Participacoes S/A,Brazil,Financials,729917
CaixaBank SA,Spain,Financials,440435810
Calbee Inc,Japan,Consumer Staples,22341073
Caliway Biopharmaceuticals Co Ltd,Taiwan,Health Care,1832687
Camden Property Trust,United States,Real Estate,150374372
Cameco Corp,Canada,Basic Materials,512141185
Camil Alimentos SA,Brazil,Consumer Staples,8695663
Campbell's Company/The,United States,Consumer Staples,27598231
Camplify Holdings Ltd,Australia,Technology,69280
Camtek Ltd/Israel,Israel,Technology,12008982
Camurus AB,Sweden,Health Care,44533808
Can Fin Homes Ltd,India,Financials,5779013
Canadian Apartment Properties REIT,Canada,Real Estate,49513226
Canadian Imperial Bank of Commerce,Canada,Financials,1119180547
Canadian National Railway Co,Canada,Industrials,667721030
Canadian Pacific Kansas City Ltd,Canada,Industrials,1170281840
Canadian Tire Corp Ltd,Canada,Consumer Discretionary,88656198
Canal+ SA,United Kingdom,Consumer Discretionary,37806523
Canara Bank,India,Financials,24470094
Canatu Plc,Finland,Technology,908924
Canon Inc,Japan,Technology,355301666
Canon Marketing Japan Inc,Japan,Technology,46065089
Capcom Co Ltd,Japan,Consumer Discretionary,65129216
Capgemini SE,France,Technology,35674210
Capita PLC,United Kingdom,Industrials,7111542
CapitaLand Ascendas REIT,Singapore,Real Estate,138765732
CapitaLand Ascott Trust,Singapore,Real Estate,30710386
CapitaLand China Trust,Singapore,Real Estate,10371133
CapitaLand Integrated Commercial Trust,Singapore,Real Estate,202652187
CapitaLand Investment Ltd/Singapore,Singapore,Real Estate,76011098
Capital One Financial Corp,United States,Industrials,1604341489
Capital Power Corp,Canada,Utilities,111038581
Capital Securities Corp,Taiwan,Financials,24974427
Capitaland India Trust,Singapore,Real Estate,14746612
Capitec Bank Holdings Ltd,South Africa,Financials,394352663
Caplin Point Laboratories Ltd,India,Health Care,6010640
Capri Global Capital Ltd,India,Financials,3071450
Capri Holdings Ltd,United States,Consumer Discretionary,65645061
Capricorn Metals Ltd,Australia,Basic Materials,68525415
Capstone Copper Corp,Canada,Basic Materials,192962064
Captor Therapeutics SA,Poland,Health Care,2987152
CarMax Inc,United States,Consumer Discretionary,77725928
Carabao Group PCL,Thailand,Consumer Staples,7880335
Carasent AB,Sweden,Health Care,4711644
Carbacid Investments Ltd,Kenya,Industrials,1561057
Carborundum Universal Ltd,India,Basic Materials,10845047
Cardinal Health Inc,United States,Consumer Staples,717606044
CareTrust REIT Inc,United States,Real Estate,119605147
Caregen Co Ltd,South Korea,Health Care,1660084
Carel Industries SpA,Italy,Industrials,43913943
Carl Zeiss Meditec AG,Germany,Health Care,20882854
Carlisle Cos Inc,United States,Industrials,142668487
Carlsberg AS,Denmark,Consumer Staples,314585036
Carlsberg Brewery Malaysia Bhd,Malaysia,Consumer Staples,20272707
Carlyle Group Inc/The,United States,Financials,147589907
Carmila SA,France,Real Estate,23236634
Carnival Corp Ltd,United States,Consumer Discretionary,438218374
Carpenter Technology Corp,United States,Basic Materials,391692166
Carrefour SA,France,Consumer Staples,136004230
Carrier Global Corp,United States,Industrials,540821213
Cars Motorcycles and Marine Engine Trade and Import Co SA,Greece,Consumer Discretionary,1013250
Cartrade Tech Ltd,India,Technology,11743752
Carvana Co,United States,Consumer Discretionary,385706187
Casella Waste Systems Inc,United States,Utilities,78160050
Casey's General Stores Inc,United States,Consumer Staples,394048139
Casio Computer Co Ltd,Japan,Consumer Discretionary,40542222
Castellum AB,Sweden,Real Estate,87327630
Castrol India Ltd,India,Energy,9296192
Catalyst Metals Ltd,Australia,Basic Materials,12029352
Catapult Sports Ltd,Australia,Technology,11337119
Catcher Technology Co Ltd,Taiwan,Technology,10769970
Catena AB,Sweden,Real Estate,43592727
Cathay Financial Holding Co Ltd,Taiwan,Financials,367907078
Cathay General Bancorp,United States,Financials,51347681
Cathay Pacific Airways Ltd,Hong Kong,Consumer Discretionary,43941118
Cathay Real Estate Development Co Ltd,Taiwan,Real Estate,5810255
Cava Group Inc,United States,Consumer Discretionary,97380731
Cawachi Ltd,Japan,Consumer Staples,1350900
Cboe Global Markets Inc,United States,Financials,334827330
Ceat Ltd,India,Consumer Discretionary,7373269
Cebu Air Inc,Philippines,Consumer Discretionary,3051698
Cedar Woods Properties Ltd,Australia,Real Estate,7531061
Celanese Corp,United States,Basic Materials,429732506
Celcuity Inc,United States,Health Care,44724527
Celestica Inc,Canada,Technology,537099662
Cellnex Telecom SA,Spain,Telecommunications,361857993
Cello World Ltd,India,Consumer Discretionary,1162132
Celltrion Inc,South Korea,Health Care,32811899
Celltrion Pharm Inc,South Korea,Health Care,1043263
Celsius Holdings Inc,United States,Consumer Staples,164734814
Cembra Money Bank AG,Switzerland,Financials,64514468
Cementir Holding NV,Italy,Industrials,14352774
Cementos Argos SA,Colombia,Industrials,7380561
Cemex SAB de CV,Mexico,Industrials,391135773
Cemindia Projects Ltd,India,Industrials,6220534
Cencora Inc,United States,Consumer Staples,691427672
Cencosud SA,Chile,Consumer Staples,1369791
Cenergy Holdings SA,Greece,Industrials,17450538
Centene Corp,United States,Health Care,411969879
Center Laboratories Inc,Taiwan,Health Care,91008
CenterPoint Energy Inc,United States,Utilities,402431266
Centerra Gold Inc,Canada,Basic Materials,42010496
Central Automotive Products Ltd,Japan,Consumer Discretionary,2899844
Central Bank of India Ltd,India,Financials,2066848
Central China Securities Co Ltd,China,Financials,2013264
Central Depository Services India Ltd,India,Financials,2282021
Central Glass Co Ltd,Japan,Basic Materials,3919597
Central Japan Railway Co,Japan,Industrials,247502931
Central Pattana PCL,Thailand,Real Estate,121243731
Central Plaza Hotel PCL,Thailand,Consumer Discretionary,27453876
Central Retail Corp PCL,Thailand,Consumer Discretionary,32592213
Centrica PLC,United Kingdom,Utilities,231564204
Centuria Capital Group,Australia,Real Estate,20379063
Centuria Industrial REIT,Australia,Real Estate,20519363
Centurion Accommodation Reit,Singapore,Real Estate,12645015
Century Iron & Steel Industrial Co Ltd,Taiwan,Basic Materials,8059187
Century Pacific Food Inc,Philippines,Consumer Staples,6938630
Century Plyboards India Ltd,India,Basic Materials,2676570
Cera Sanitaryware Ltd,India,Industrials,2130332
Cerebras Systems Inc,United States,Technology,143017056
Chabiotech Co Ltd,South Korea,Health Care,882826
Chailease Holding Co Ltd,Taiwan,Financials,59262000
Chalet Hotels Ltd,India,Consumer Discretionary,4414740
Challenger Ltd,Australia,Financials,54034174
Chambal Fertilisers and Chemicals Ltd,India,Basic Materials,10052580
Champion Homes Inc,United States,Consumer Discretionary,42768601
Champion Iron Ltd,Australia,Basic Materials,15751794
Champion REIT,Hong Kong,Real Estate,2171741
Chang Hwa Commercial Bank Ltd,Taiwan,Financials,70122738
Chang Wah Electromaterials Inc,Taiwan,Technology,4219389
Chang Wah Technology Co Ltd,Taiwan,Technology,4426988
Changzhou Xingyu Automotive Lighting Systems Co Ltd,China,Consumer Discretionary,6683425
Channel Infrastructure NZ Ltd,New Zealand,Energy,9176801
Chaowei Power Holdings Ltd,China,Consumer Discretionary,49
Chaozhou Three-Circle Group Co Ltd,China,Technology,314626490
Charles River Laboratories International Inc,United States,Health Care,144330290
Charles Schwab Corp/The,United States,Financials,1955518801
Charoen Pokphand Enterprise,Taiwan,Consumer Staples,7654075
Charoen Pokphand Indonesia Tbk PT,Indonesia,Consumer Staples,4465371
Chart Industries Inc,United States,Industrials,128175288
Charter Communications Inc,United States,Telecommunications,361177421
Charter Hall Group,Australia,Real Estate,95336192
Charter Hall Long Wale REIT,Australia,Real Estate,22634575
Charter Hall Retail REIT,Australia,Real Estate,19877294
Charter Hall Social Infrastructure REIT,Australia,Real Estate,8549853
Chartwell Retirement Residences,Canada,Real Estate,67510973
Check Point Software Technologies Ltd,United States,Technology,146885774
Cheeding Holdings Bhd,Malaysia,Industrials,3694726
Cheil Worldwide Inc,South Korea,Consumer Discretionary,3105935
Chemed Corp,United States,Health Care,74986003
Chemometec A/S,Denmark,Health Care,4431936
Chemplast Sanmar Ltd,India,Basic Materials,1260579
Chenbro Micom Co Ltd,Taiwan,Technology,15086089
Cheng Shin Rubber Industry Co Ltd,Taiwan,Consumer Discretionary,20601800
Cheng Uei Precision Industry Co Ltd,Taiwan,Technology,3710161
Cheniere Energy Inc,United States,Energy,818353748
Chenming Electronic Technology Corp,Taiwan,Technology,3219286
Chennai Super Kings Cricket Ltd,India,Industrials,12566849
Chervon Holdings Ltd,China,Consumer Discretionary,740243
Cheryong Electric Co Ltd,South Korea,Technology,28194039
Chevron Corp,United States,Energy,3867142675
Chewy Inc,United States,Consumer Discretionary,39068051
Chiba Bank Ltd/The,Japan,Financials,167355041
Chiba Kogyo Bank Ltd/The,Japan,Financials,4451492
Chicony Electronics Co Ltd,Taiwan,Technology,24608052
Chicony Power Technology Co Ltd,Taiwan,Technology,15971833
Chief Telecom Inc,Taiwan,Telecommunications,3538179
Chime Financial Inc,United States,Financials,63227392
China Airlines Ltd,Taiwan,Consumer Discretionary,26070499
China Aoyuan Group Ltd,China,Real Estate,2
China Bohai Bank Co Ltd,China,Financials,46
China CITIC Bank Corp Ltd,China,Financials,81408117
China CITIC Financial Asset Management Co Ltd,China,Financials,1006153
China Conch Venture Holdings Ltd,China,Utilities,509450
China Construction Bank Corp,China,Financials,1236592507
China Datang Corp Renewable Power Co Ltd,China,Utilities,2742467
China Dili Group,China,Consumer Staples,10133
China Eastern Airlines Corp Ltd,China,Consumer Discretionary,6977181
China Education Group Holdings Ltd,China,Consumer Discretionary,13707475
China Everbright Bank Co Ltd,China,Financials,3755958
China Everbright Environment Group Ltd,China,Utilities,462686
China Everbright Ltd,China,Financials,4007462
China Fangda Group Co Ltd,China,Industrials,59
China Feihe Ltd,China,Consumer Staples,13867160
China Foods Ltd,China,Consumer Staples,1139534
China Galaxy Securities Co Ltd,China,Financials,51765311
China Gas Holdings Ltd,China,Utilities,12471932
China Gold International Resources Corp Ltd,China,Basic Materials,39255361
China HK Power Smart Energy Group Ltd,China,Utilities,10
China Hongqiao Group Ltd,China,Basic Materials,155649464
China ITS Holdings Co Ltd,China,Industrials,4494
China International Capital Corp Ltd,China,Financials,53992311
China Jinmao Holdings Group Ltd,China,Real Estate,11955748
China Jushi Co Ltd,China,Basic Materials,184138063
China Lesso Group Holdings Ltd,China,Industrials,5277773
China Life Insurance Co Ltd,China,Financials,347872366
China Literature Ltd,China,Technology,10906854
China Longyuan Power Group Corp Ltd,China,Utilities,20713787
China Medical System Holdings Ltd,China,Health Care,70736357
China Mengniu Dairy Co Ltd,China,Consumer Staples,94779835
China Merchants Bank Co Ltd,China,Financials,343296316
China Merchants Port Holdings Co Ltd,China,Industrials,29049408
China Merchants Securities Co Ltd,China,Financials,10615164
China Minsheng Banking Corp Ltd,China,Financials,15032304
China Oilfield Services Ltd,China,Energy,15431392
China Overseas Grand Oceans Group Ltd,China,Real Estate,793235
China Overseas Land & Investment Ltd,China,Real Estate,63686144
China Overseas Property Holdings Ltd,China,Real Estate,3444158
China Pacific Insurance Group Co Ltd,China,Financials,245497982
China Petrochemical Development Corp,Taiwan,Basic Materials,2161
China Petroleum & Chemical Corp,China,Energy,256546037
China Railway Signal & Communication Corp Ltd,China,Industrials,4355597
China Reinsurance Group Corp,China,Financials,7589056
China Resources Beer Holdings Co Ltd,China,Consumer Staples,59686771
China Resources Beverage Holdings Co Ltd,China,Consumer Staples,2713666
China Resources Gas Group Ltd,China,Utilities,18119248
China Resources Land Ltd,China,Real Estate,189862122
China Resources Microelectronics Ltd,China,Technology,3323081
China Resources Mixc Lifestyle Services Ltd,China,Real Estate,80126103
China Resources Pharmaceutical Group Ltd,China,Health Care,10542300
China Resources Sanjiu Medical & Pharmaceutical Co Ltd,China,Health Care,1190284
China Risun Group Ltd,China,Basic Materials,6154146
China Ruyi Holdings Ltd,China,Consumer Discretionary,24170488
China Southern Airlines Co Ltd,China,Consumer Discretionary,6978808
China Steel Chemical Corp,Taiwan,Basic Materials,3079877
China Steel Corp,Taiwan,Basic Materials,23577226
China Taiping Insurance Holdings Co Ltd,China,Financials,415165
China Tourism Group Duty Free Corp Ltd,China,Consumer Discretionary,7698531
China Travel International Investment Hong Kong Ltd,Hong Kong,Consumer Discretionary,4145428
China Tungsten And Hightech Materials Co Ltd,China,Basic Materials,11068591
China Vanke Co Ltd,China,Real Estate,2207327
China Water Affairs Group Ltd,China,Utilities,178729
China Yangtze Power Co Ltd,China,Utilities,15925429
China Yuhua Education Corp Ltd,China,Consumer Discretionary,3685199
China Zheshang Bank Co Ltd,China,Financials,393611
Chinasoft International Ltd,China,Technology,8517596
ChipMOS Technologies Inc,Taiwan,Technology,77186579
Chipbond Technology Corp,Taiwan,Technology,97477237
Chipotle Mexican Grill Inc,United States,Consumer Discretionary,602884940
Chiyoda Corp,Japan,Industrials,3558080
Chocoladefabriken Lindt & Spruengli AG,Switzerland,Consumer Staples,463438418
Chofu Seisakusho Co Ltd,Japan,Consumer Discretionary,1476878
Choice Hotels International Inc,United States,Consumer Discretionary,7831816
Choice Properties Real Estate Investment Trust,Canada,Real Estate,38447942
Cholamandalam Financial Holdings Ltd,India,Financials,18433317
Cholamandalam Investment and Finance Co Ltd,India,Financials,220602324
Chong Hong Development Co Ltd,Taiwan,Real Estate,9707752
Chong Kun Dang Pharmaceutical Corp,South Korea,Health Care,10116127
Chongqing Changan Automobile Co Ltd,China,Consumer Discretionary,7085703
Chongqing Polycomp International Corp,China,Industrials,45881430
Chongqing Rural Commercial Bank Co Ltd,China,Financials,2221475
Chongyi Zhangyuan Tungsten Industry Co Ltd,China,Basic Materials,7270107
Chorus Ltd,Australia,Telecommunications,30462630
Chow Sang Sang Holdings International Ltd,Hong Kong,Consumer Discretionary,6947240
Chow Tai Fook Jewellery Group Ltd,Hong Kong,Consumer Discretionary,32975834
Christian Dior SE,France,Consumer Discretionary,175224569
Chroma ATE Inc,Taiwan,Industrials,448405328
Chuangxin Industries Holdings Ltd,China,Basic Materials,16497707
Chubb Ltd,United States,Financials,1048151336
Chubu Electric Power Co Inc,Japan,Utilities,234233610
Chudenko Corp,Japan,Industrials,8232953
Chugai Pharmaceutical Co Ltd,Japan,Health Care,417117749
Chugin Financial Group Inc,Japan,Financials,48773027
Chugoku Marine Paints Ltd,Japan,Industrials,4400401
Chularat Hospital PCL,Thailand,Health Care,297917
Chunbo Co Ltd,South Korea,Basic Materials,3783
Chung Hung Steel Corp,Taiwan,Basic Materials,2344655
Chung-Hsin Electric & Machinery Manufacturing Corp,Taiwan,Industrials,23981362
Chunghwa Precision Test Tech Co Ltd,Taiwan,Technology,27082301
Chunghwa Telecom Co Ltd,Taiwan,Telecommunications,193490751
Church & Dwight Co Inc,United States,Consumer Staples,287324476
Churchill Downs Inc,United States,Consumer Discretionary,75403017
Cia Cervecerias Unidas SA,Chile,Consumer Staples,10657941
Cia De Saneamento do Parana Sanepar,Brazil,Utilities,1046440
Cia Energetica de Minas Gerais,Brazil,Utilities,19331741
Cia Paranaense de Energia - Copel,Brazil,Utilities,136238253
Cia de Saneamento Basico do Estado de Sao Paulo SABESP,Brazil,Utilities,76483537
Cia de Saneamento de Minas Gerais Copasa MG,Brazil,Utilities,4151443
Cian PLC,Russia,Real Estate,106028
Cie Financiere Richemont SA,Switzerland,Consumer Discretionary,2675605638
Cie Financiere Tradition SA,Switzerland,Financials,12266128
Cie Generale des Etablissements Michelin SCA,France,Consumer Discretionary,518323483
Cie de Saint-Gobain SA,France,Industrials,760250386
Ciena Corp,United States,Telecommunications,791710860
Cigna Group/The,United States,Health Care,980700724
Cimsa Cimento Sanayi VE Ticaret AS,Türkiye,Industrials,2213558
Cincinnati Financial Corp,United States,Financials,298901865
Cinda International Holdings Ltd,China,Financials,63290
Cint Group AB,Sweden,Technology,1614223
Cintas Corp,United States,Industrials,730980199
Cipla Ltd/India,India,Health Care,160071304
Ciputra Development Tbk PT,Indonesia,Real Estate,11815081
Circle Internet Group Inc,United States,Financials,216142080
Circuit Fabology Microelectronics Equipment Co Ltd,China,Technology,307778589
Cirrus Aircraft Ltd,Hong Kong,Industrials,5381996
Cirrus Logic Inc,United States,Technology,96707586
Cirsa Enterprises SA,Spain,Consumer Discretionary,29129261
Cisarua Mountain Dairy PT TBK,Indonesia,Consumer Staples,1540352
Cisco Systems Inc,United States,Telecommunications,5884401255
Citaglobal Bhd,Malaysia,Industrials,1359061
Citigroup Inc,United States,Financials,2653654196
Citizen Watch Co Ltd,Japan,Consumer Discretionary,17197031
Citizens Financial Group Inc,United States,Financials,409785476
City Bank PLC,Bangladesh,Financials,13367532
City Developments Ltd,Singapore,Real Estate,46162625
City Union Bank Ltd,India,Financials,7695154
Civil Engineering PCL,Thailand,Industrials,269062
Clal Insurance Enterprises Holdings Ltd,Israel,Financials,6448662
Clariant AG,Switzerland,Basic Materials,37572947
Clarity Pharmaceuticals Ltd,Australia,Health Care,6268507
Clas Ohlson AB,Sweden,Consumer Discretionary,2691476
Classys Inc,South Korea,Health Care,4492946
Clean Harbors Inc,United States,Utilities,188838680
Clean Science & Technology Ltd,India,Basic Materials,20320923
Cleanaway Co Ltd,Taiwan,Utilities,9891313
Cleanaway Waste Management Ltd,Australia,Utilities,86896087
Clearway Energy Inc,United States,Utilities,28553323
Cleveland-Cliffs Inc,United States,Basic Materials,24830400
Clevo Co,Taiwan,Technology,6181508
Clicks Group Ltd,South Africa,Consumer Staples,10464897
Clinuvel Pharmaceuticals Ltd,Australia,Health Care,3965905
Clobot Co Ltd,South Korea,Technology,815468
Cloetta AB,Sweden,Consumer Staples,660886
Clorox Co/The,United States,Consumer Staples,106552175
Cloudflare Inc,United States,Technology,855036759
Co-Tech Development Corp,Taiwan,Technology,43196817
CoStar Group Inc,United States,Real Estate,162192123
Coast Entertainment Holdings Ltd,Australia,Consumer Discretionary,23094
Coats Group PLC,United Kingdom,Industrials,62419685
Cobram Estate Olives Ltd,Australia,Consumer Staples,15398747
Coca-Cola Bottlers Japan Holdings Inc,Japan,Consumer Staples,40072610
Coca-Cola Co/The,United States,Consumer Staples,4119827424
Coca-Cola Consolidated Inc,United States,Consumer Staples,254396700
Coca-Cola Embonor SA,Chile,Consumer Staples,1330882
Coca-Cola Europacific Partners PLC,United Kingdom,Consumer Staples,397052864
Coca-Cola Femsa SAB de CV,Mexico,Consumer Staples,55330346
Coca-Cola HBC AG,United Kingdom,Consumer Staples,226395111
Coca-Cola Icecek AS,Türkiye,Consumer Staples,119154283
Cochin Shipyard Ltd,India,Industrials,10049937
Cochlear Ltd,Australia,Health Care,86358928
Codan Ltd,Australia,Industrials,48552293
Coeur Mining Inc,United States,Basic Materials,276862239
Coface SA,France,Financials,33844462
Cofinimmo SA,Belgium,Real Estate,15787573
Coforge Ltd,India,Technology,160838142
Cogent Biosciences Inc,United States,Health Care,20609337
Cogna Educacao SA,Brazil,Consumer Discretionary,27413178
Cognex Corp,United States,Industrials,152408687
Cognizant Technology Solutions Corp,United States,Technology,218405286
Cognor Holding SA,Poland,Basic Materials,10148714
Cohance Lifesciences Ltd,India,Health Care,12381562
Cohen & Steers Inc,United States,Financials,26927139
Coherent Corp,United States,Technology,942171872
Coinbase Global Inc,United States,Financials,407600964
Colbun SA,Chile,Utilities,22441557
Coles Group Ltd,Australia,Consumer Staples,349552154
Colgate-Palmolive Co,United States,Consumer Staples,874345651
Colgate-Palmolive India Ltd,India,Consumer Staples,10248269
Colliers International Group Inc,Canada,Real Estate,54185764
Collins Foods Ltd,Australia,Consumer Discretionary,10908261
Colonial SFL Socimi SA,Spain,Real Estate,51135447
Coloplast A/S,Denmark,Health Care,169074311
Colowide Co Ltd,Japan,Consumer Discretionary,2602910
Colruyt Group N.V,Belgium,Consumer Staples,6894867
Columbia Banking System Inc,United States,Financials,118392251
Columbia Sportswear Co,United States,Consumer Discretionary,11092734
Com7 PCL,Thailand,Consumer Discretionary,15636964
Comcast Corp,United States,Telecommunications,1842319472
Comet Holding AG,Switzerland,Technology,78619368
Comforia Residential REIT Inc,Japan,Real Estate,9692181
Comfort Systems USA Inc,United States,Industrials,816541599
ComfortDelGro Corp Ltd,Singapore,Industrials,37890880
Commerce Bancshares Inc/MO,United States,Financials,98725935
Commercial Bank PSQC/The,Qatar,Financials,32529670
Commercial International Bank - Egypt (CIB),Egypt,Financials,40660647
Commercial Metals Co,United States,Basic Materials,88102318
Commerzbank AG,Germany,Financials,597669359
Commonwealth Bank of Australia,Australia,Financials,2227553266
Community Financial System Inc,United States,Financials,45564009
Commvault Systems Inc,United States,Technology,22387246
Compal Electronics Inc,Taiwan,Technology,1906694
Compass Group PLC,United Kingdom,Consumer Discretionary,1081560267
Compass Inc,United States,Real Estate,91196120
Compeq Manufacturing Co Ltd,Taiwan,Technology,85976707
Computacenter PLC,United Kingdom,Technology,67457705
Computer Age Management Services Ltd,India,Industrials,20296726
Computershare Ltd,Australia,Financials,173978493
Comture Corp,Japan,Technology,3555
Conagra Brands Inc,United States,Consumer Staples,28885820
Concentra Group Holdings Parent Inc,United States,Health Care,50702717
Concentradora Fibra Danhos SA de CV,Mexico,Real Estate,21224828
Concentrix Corp,United States,Technology,571664
Concord Biotech Ltd,India,Health Care,41933406
Consolidated Edison Inc,United States,Utilities,513858539
Constellation Brands Inc,United States,Consumer Staples,217990472
Constellation Energy Corp,United States,Utilities,1023811690
Constellation Software Inc/Canada,Canada,Technology,628994601
Constellium SE,United States,Basic Materials,987970
Construction Partners Inc,United States,Industrials,70559951
Construtora Tenda S/A,Brazil,Consumer Discretionary,48356195
Consun Pharmaceutical Group Ltd,China,Health Care,6399044
Contact Energy Ltd,New Zealand,Utilities,90808969
Container Corp Of India Ltd,India,Industrials,74426313
Contemporary Amperex Technology Co Ltd,China,Industrials,1722761960
Continental AG,Germany,Consumer Discretionary,256037006
Continental Holdings Corp,Taiwan,Industrials,449222
Controladora Vuela Cia de Aviacion SAB de CV,Mexico,Consumer Discretionary,52002945
Convatec Group PLC,United Kingdom,Health Care,10852013
Converge Information and Communications Technology Solutions Inc,Philippines,Telecommunications,765786
Convoy Global Holdings Ltd,Hong Kong,Financials,118275
Cooper Cos Inc/The,United States,Health Care,45116777
Copa Holdings SA,Panama,Consumer Discretionary,18046120
Copart Inc,United States,Consumer Discretionary,308571489
Copperwired PCL,Thailand,Consumer Discretionary,672286
Coraza Integrated Technology Bhd,Malaysia,Basic Materials,2401542
Corbion NV,Netherlands,Consumer Staples,2302606
Corcept Therapeutics Inc,United States,Health Care,56989899
Core & Main Inc,United States,Industrials,93646736
CoreWeave Inc,United States,Technology,611817235
Corebridge Financial Inc,United States,Financials,416021929
Corem Property Group AB,Sweden,Real Estate,373994
Coretronic Corp,Taiwan,Technology,66216
Corning Inc,United States,Technology,2511666690
Coromandel International Ltd,India,Basic Materials,23908596
Coronado Global Resources Inc,Australia,Energy,55812
Corp ACCIONA Energias Renovables SA,Spain,Utilities,17640042
Corp Inmobiliaria Vesta SAB de CV,Mexico,Real Estate,188477528
Corpay Inc,United States,Industrials,284458943
Corporate Travel Management Ltd,Australia,Consumer Discretionary,2245587
Corporativo Fragua SAB de CV,Mexico,Consumer Staples,84029371
Corteva Inc,United States,Consumer Staples,473432260
Cosan SA,Brazil,Energy,85622769
Cosmax Inc,South Korea,Consumer Discretionary,69125312
Cosmecca Korea Co Ltd,South Korea,Consumer Discretionary,13359492
Cosmo Energy Holdings Co Ltd,Japan,Energy,43586624
CosmoAM&T Co Ltd,South Korea,Consumer Discretionary,824445
Cosmochemical Co Ltd,South Korea,Basic Materials,120504
Cosmos Pharmaceutical Corp,Japan,Consumer Staples,47224995
Costco Wholesale Corp,United States,Consumer Discretionary,5388092977
Country Garden Services Holdings Co Ltd,China,Real Estate,14245014
Coupang Inc,United States,Consumer Discretionary,326758361
Coursera Inc,United States,Consumer Discretionary,29288080
Cousins Properties Inc,United States,Real Estate,62995325
Covestro AG,Germany,Basic Materials,29122399
Covivio SA/France,France,Real Estate,67907978
Coway Co Ltd,South Korea,Consumer Discretionary,28923569
Cowell e Holdings Inc,Hong Kong,Consumer Discretionary,36526179
Craftsman Automation Ltd,India,Consumer Discretionary,10438317
Crane Co,United States,Industrials,230005469
Crane NXT Co,United States,Industrials,2077403
Cranswick PLC,United Kingdom,Consumer Staples,89286596
Crealights Technology Co Ltd,China,Telecommunications,1362305
Create Restaurants Holdings Inc,Japan,Consumer Discretionary,6178732
Create SD Holdings Co Ltd,Japan,Consumer Staples,3163513
CrediaBank SA,Greece,Financials,11046399
Credicorp Ltd,United States,Financials,317134872
Credit Agricole SA,France,Financials,160157736
Credit Clear Ltd,Australia,Financials,1718952
Credit Corp Group Ltd,Australia,Financials,7336384
Credit Saison Co Ltd,Japan,Industrials,52973921
CreditAccess Grameen Ltd,India,Financials,52261905
Credito Emiliano SpA,Italy,Financials,27797215
Credo Technology Group Holding Ltd,United States,Technology,155190715
Creotech Instruments SA,Poland,Industrials,40367197
Creotech Quantum SA,Poland,Industrials,8492305
Crescent Biopharma Inc,United States,Health Care,4703796
Crest Group Bhd,Malaysia,Industrials,998161
Crest Nicholson Holdings plc,United Kingdom,Consumer Discretionary,1129481
Crocs Inc,United States,Consumer Discretionary,133895441
Croda International PLC,United Kingdom,Basic Materials,429525906
Crompton Greaves Consumer Electricals Ltd,India,Consumer Discretionary,77079480
Cromwell Property Group,Australia,Real Estate,6273406
Crowdstrike Holdings Inc,United States,Technology,2470954217
Crown Castle Inc,United States,Real Estate,431228203
Crown Holdings Inc,United States,Industrials,154162432
Cub Elecparts Inc,Taiwan,Consumer Discretionary,6762607
CubeSmart,United States,Real Estate,486642940
Cuckoo Holdings Co Ltd,South Korea,Consumer Discretionary,1547266
Cuckoo Homesys Co Ltd,South Korea,Consumer Discretionary,5751013
Cuckoo International Mal bhd,Malaysia,Consumer Discretionary,3347940
Cullen/Frost Bankers Inc,United States,Financials,117002853
Cummins Inc,United States,Industrials,1189953798
Cummins India Ltd,India,Industrials,138519736
Curiosis Inc,South Korea,Health Care,2552036
Curiox Biosystems Co Ltd,South Korea,Health Care,571381
Curtiss-Wright Corp,United States,Industrials,383676621
Curves Holdings Co Ltd,Japan,Consumer Discretionary,1696203
Cury Construtora e Incorporadora SA,Brazil,Industrials,47976809
Cuscal Ltd,Australia,Industrials,1427904
Cyber Folks SA,Poland,Technology,13348438
CyberAgent Inc,Japan,Technology,66149019
CyberPower Systems Inc,Taiwan,Industrials,4098661
Cyberoo SpA,Italy,Technology,1008232
Cybozu Inc,Japan,Technology,1936186
Cyclopharm Ltd,Australia,Health Care,703676
Cydsa SAB de CV,Mexico,Basic Materials,27491309
Cyfrowy Polsat SA,Poland,Telecommunications,1638116
Cyient Ltd,India,Technology,6990292
Cyrela Brazil Realty SA Empreendimentos e Participacoes,Brazil,Real Estate,30618768
Cytokinetics Inc,United States,Health Care,175272291
D&D PharmaTech Inc,South Korea,Health Care,7128429
D&L Industries Inc,Philippines,Consumer Staples,1102446
D'Alba Global Co Ltd,South Korea,Consumer Discretionary,43033329
D'ieteren Group,Belgium,Consumer Discretionary,86336856
D-Wave Quantum Inc,United States,Technology,107414241
DAP Gayrimenkul Gelistirme AS,Türkiye,Industrials,487131
DB HiTek Co Ltd,South Korea,Technology,47152274
DB Insurance Co Ltd,South Korea,Financials,3695149
DBS Group Holdings Ltd,Singapore,Financials,1750638091
DCC PLC,United Kingdom,Industrials,117550058
DCM Holdings Co Ltd,Japan,Consumer Discretionary,5739686
DCM Shriram Ltd,India,Basic Materials,3393159
DENTSPLY SIRONA Inc,United States,Health Care,4552740
DFI Retail Group Holdings Ltd,Hong Kong,Consumer Staples,20204490
DIC Corp,Japan,Basic Materials,41360669
DKSH Holding AG,Switzerland,Industrials,58986712
DL Holdings Co Ltd,South Korea,Industrials,25915580
DMG Mori Co Ltd,Japan,Industrials,78721248
DN Automotive Corp,South Korea,Consumer Discretionary,7282410
DO & CO AG,Austria,Consumer Discretionary,98227200
DPC Dash Ltd,China,Consumer Discretionary,2825768
DPM Metals Inc,Canada,Basic Materials,84439676
DR Horton Inc,United States,Consumer Discretionary,486923896
DRB-Hicom Bhd,Malaysia,Consumer Discretionary,2984462
DRDGOLD Ltd,South Africa,Basic Materials,2492438
DSM-Firmenich AG,Netherlands,Consumer Staples,354350714
DSV A/S,Denmark,Industrials,1765805271
DT Midstream Inc,United States,Energy,163561833
DTS Corp,Japan,Technology,4721957
DUG Technology Ltd,Australia,Technology,6758614
DWS Group GmbH & Co KGaA,Germany,Financials,48975188
DXN Holdings Bhd,Malaysia,Consumer Staples,1801801
DY POWER Corp,United States,Industrials,1728680
DYPNF Co Ltd,South Korea,Industrials,1206118
DaVita Inc,United States,Health Care,97217531
Dabur India Ltd,India,Consumer Staples,13601112
Dadelo SA,Poland,Consumer Discretionary,1857312
Daeduck Co Ltd,South Korea,Technology,2296687
Daeduck Electronics Co Ltd / New,South Korea,Technology,3441699
Daehan Shipbuilding Co Ltd,South Korea,Industrials,877821
Daejoo Electronic Materials Co Ltd,South Korea,Basic Materials,10489094
Daesang Corp,South Korea,Consumer Staples,9244498
Daetwyler Holding AG,Switzerland,Industrials,31409492
Daewon San Up Co Ltd,South Korea,Consumer Discretionary,27801
Daewoong Co Ltd,South Korea,Health Care,227860
Daewoong Pharmaceutical Co Ltd,South Korea,Health Care,32336236
Dagang NeXchange Bhd,Malaysia,Technology,15823881
Dah Sing Banking Group Ltd,Hong Kong,Financials,7091242
Dah Sing Financial Holdings Ltd,Hong Kong,Financials,11149017
Dai Nippon Printing Co Ltd,Japan,Industrials,123936371
Dai-Dan Co Ltd,Japan,Industrials,22468839
Daicel Corp,Japan,Industrials,43678655
Daido Steel Co Ltd,Japan,Basic Materials,42508171
Daiei Kankyo Co Ltd,Japan,Utilities,25994875
Daifuku Co Ltd,Japan,Industrials,278348553
Daihen Corp,Japan,Industrials,57449921
Daiho Corp,Japan,Industrials,1177828
Daiichi Life Group Inc,Japan,Financials,755408576
Daiichi Sankyo Co Ltd,Japan,Health Care,373769714
Daiichikosho Co Ltd,Japan,Consumer Discretionary,4246160
Daikin Industries Ltd,Japan,Industrials,767036348
Daikokutenbussan Co Ltd,Japan,Consumer Staples,910430
Daimler Truck Holding AG,Germany,Industrials,295061329
Dainichiseika Color & Chemicals Manufacturing Co Ltd,Japan,Basic Materials,35499
Daiseki Co Ltd,Japan,Utilities,45322325
Daishi Hokuetsu Financial Group Inc,Japan,Financials,16603502
Daishin Securities Co Ltd,South Korea,Financials,5588984
Daito Trust Construction Co Ltd,Japan,Real Estate,93555544
Daiwa House Industry Co Ltd,Japan,Consumer Discretionary,262049107
Daiwa House Logistics Trust,Singapore,Real Estate,2627021
Daiwa House REIT Investment Corp,Japan,Real Estate,53908968
Daiwa Industries Ltd,Japan,Industrials,4953630
Daiwa Office Investment Corp,Japan,Real Estate,17260932
Daiwa Securities Group Inc,Japan,Financials,103396224
Daiwa Securities Living Investments Corp,Japan,Real Estate,20275899
Daiwabo Holdings Co Ltd,Japan,Technology,9906126
Dalmia Bharat Ltd,India,Industrials,1647642
Dalrymple Bay Infrastructure Ltd,Australia,Industrials,19288587
Damai Entertainment Holdings Ltd,China,Consumer Discretionary,7576903
Dana Gas PJSC,United Arab Emirates,Energy,24631333
Danaher Corp,United States,Health Care,1852643909
Danieli & C Officine Meccaniche SpA,Italy,Industrials,51400857
Danone SA,France,Consumer Staples,1421922693
Danske Bank A/S,Denmark,Financials,1154422784
Daou Data Corp,South Korea,Financials,2911324
Daou Technology Inc,South Korea,Financials,3605060
Darden Restaurants Inc,United States,Consumer Discretionary,75903354
Darling Ingredients Inc,United States,Consumer Staples,104241287
Dassault Aviation SA,France,Industrials,137083933
Dassault Systemes SE,France,Technology,13545237
Dat Phuong Group JSC,Vietnam,Industrials,4592881
Data Patterns India Ltd,India,Industrials,10828765
Data#3 Ltd,Australia,Technology,12505713
DataTec Ltd,South Africa,Technology,25038089
Datadog Inc,United States,Technology,1062695009
Datalogic SpA,Italy,Industrials,3000185
Davide Campari-Milano NV,Italy,Consumer Staples,122827734
Dayamitra Telekomunikasi PT,Indonesia,Telecommunications,2104496
Dayang Enterprise Holdings Bhd,Malaysia,Energy,2982810
Dazhong Mining Co Ltd,China,Basic Materials,1167026
De' Longhi SpA,Italy,Consumer Discretionary,92071980
DeNA Co Ltd,Japan,Consumer Discretionary,4142216
Deckers Outdoor Corp,United States,Consumer Discretionary,135029138
Deep Source Holdings Ltd,Hong Kong,Basic Materials,1301331
Deep Yellow Ltd,Australia,Energy,10914343
Deepak Fertilisers & Petrochemicals Corp Ltd,India,Basic Materials,11576609
Deepak Nitrite Ltd,India,Basic Materials,10388577
Deere & Co,United States,Industrials,2131309472
Definity Financial Corp,Canada,Financials,68686019
Definium Therapeutics Inc,United States,Health Care,2854811
Delek US Holdings Inc,United States,Energy,70119832
Deleum Bhd,Malaysia,Energy,935970
Delhivery Ltd,India,Industrials,26782539
Delivery Hero SE,Germany,Consumer Discretionary,133122870
Dell Technologies Inc,United States,Technology,1604487129
Delpha Construction Co Ltd,Taiwan,Real Estate,3230349
Delta Air Lines Inc,United States,Consumer Discretionary,125572304
Delta Electronics Inc,Taiwan,Industrials,1755832055
Delta Electronics Thailand PCL,Thailand,Technology,231149601
Delton Technology Guangzhou Inc,China,Technology,15307691
Demant A/S,Denmark,Health Care,55096107
Deme Group NV,Belgium,Industrials,28092882
Denali Therapeutics Inc,United States,Health Care,72652467
Denison Mines Corp,Canada,Basic Materials,36183577
Denso Corp,Japan,Consumer Discretionary,313447193
Dentsu Group Inc,Japan,Consumer Discretionary,6976115
Dentsu Soken Inc,Japan,Technology,15369357
Denyo Co Ltd,Japan,Industrials,1003981
Depo Auto Parts Ind Co Ltd,Taiwan,Consumer Discretionary,2027844
Dermapharm Holding SE,Germany,Health Care,3142377
Derwent London PLC,United Kingdom,Real Estate,148892036
Descartes Systems Group Inc/The,Canada,Technology,89702205
Desktop SA,Brazil,Telecommunications,5859119
Destek Finans Faktoring AS,Türkiye,Financials,43613485
Deterra Royalties Ltd,Australia,Basic Materials,20593467
Deutsche Bank AG,Germany,Financials,768072725
Deutsche Boerse AG,Germany,Financials,1131414703
Deutsche EuroShop AG,Germany,Real Estate,4165320
Deutsche Lufthansa AG,Germany,Consumer Discretionary,29990388
Deutsche Post AG,Germany,Industrials,990191096
Deutsche Telekom AG,Germany,Telecommunications,2020399838
Deutsche Wohnen SE,Germany,Real Estate,25361774
Develop Global Ltd,Australia,Basic Materials,25361702
Devyani International Ltd,India,Consumer Discretionary,2249040
Dexcom Inc,United States,Health Care,381051079
Dexelance SpA,Italy,Consumer Discretionary,3046412
Dexerials Corp,Japan,Technology,71579227
Dexus,Australia,Real Estate,71189623
Dharma Satya Nusantara Tbk PT,Indonesia,Consumer Staples,1624988
DiDi Global Inc,China,Consumer Discretionary,19259813
DiaSorin SpA,Italy,Health Care,31311983
Diageo PLC,United Kingdom,Consumer Staples,933825029
Diagnostyka SA,Poland,Health Care,69639890
Dialight PLC,United Kingdom,Industrials,1654495
Dialog Group Bhd,Malaysia,Energy,18124289
Diamond Trust Bank Kenya Ltd,Kenya,Financials,3909481
Dianthus Therapeutics Inc,United States,Health Care,40832715
Dick's Sporting Goods Inc,United States,Consumer Discretionary,176026787
Dicker Data Ltd,Australia,Technology,19523639
DigiCo Infrastructure REIT,Australia,Real Estate,19251985
Digital Arts Inc,Japan,Technology,1468094
Digital Core REIT Management Pte Ltd,Singapore,Real Estate,9822149
Digital Daesung Co Ltd,South Korea,Consumer Discretionary,1223898
Digital Domain Holdings Ltd,Hong Kong,Consumer Discretionary,7153942
Digital Garage Inc,Japan,Technology,1237890
Digital Realty Trust Inc,United States,Real Estate,3465487610
Digiworld Corp,Vietnam,Technology,7135055
Dillard's Inc,United States,Consumer Discretionary,21436943
Dimand SA,Greece,Real Estate,5404518
Dimed S/A -Distribuidora De Medicamentos,Brazil,Consumer Staples,3335888
Dino Polska SA,Poland,Consumer Staples,40556660
Diploma PLC,United Kingdom,Industrials,368254280
Direcional Engenharia SA,Brazil,Consumer Discretionary,34036178
Dis-Chem Pharmacies Ltd,South Africa,Consumer Staples,511181
Disc Medicine Inc,United States,Health Care,7887564
Disco Corp,Japan,Technology,843167560
Discovery Ltd,South Africa,Financials,81543313
Discovery Silver Corp,Canada,Basic Materials,41569764
Distribuidora Internacional de Alimentacion SA,Spain,Consumer Staples,11636948
Divi's Laboratories Ltd,India,Health Care,225706953
Dixon Technologies India Ltd,India,Consumer Discretionary,45257309
DocMorris AG,Switzerland,Consumer Staples,10772449
Docusign Inc,United States,Technology,72095570
Dogan Sirketler Grubu Holding AS,Türkiye,Industrials,1187284
Dogus Otomotiv Servis ve Ticaret AS,Türkiye,Consumer Discretionary,2151535
Doha Bank QPSC,Qatar,Financials,1258380
Dohome PCL,Thailand,Consumer Discretionary,4664898
Dolby Laboratories Inc,United States,Technology,43655123
Dollar General Corp,United States,Consumer Discretionary,165142792
Dollar Tree Inc,United States,Consumer Discretionary,266710111
Dollarama Inc,Canada,Consumer Discretionary,455677041
Dometic Group AB,Sweden,Consumer Discretionary,18378007
Dominion Energy Inc,United States,Utilities,793950808
Domino's Pizza Enterprises Ltd,Australia,Consumer Discretionary,37460086
Domino's Pizza Inc,United States,Consumer Discretionary,237778736
Doms Industries Ltd,India,Consumer Staples,3757236
Donaldson Co Inc,United States,Industrials,95766905
Dong-A Socio Holdings Co Ltd,South Korea,Health Care,5612405
DongKook Pharmaceutical Co Ltd,South Korea,Health Care,15178784
Dongfang Electric Corp Ltd,China,Energy,116057847
Dongjin Semichem Co Ltd,South Korea,Basic Materials,2318491
Dongsuh Cos Inc,South Korea,Consumer Staples,913641
Dongsung Pharmaceutical Co Ltd,South Korea,Health Care,739
Dongyue Group Ltd,China,Basic Materials,53463318
DoorDash Inc,United States,Technology,953801986
Doosan Bobcat Inc,South Korea,Industrials,11167967
Doosan Co Ltd,South Korea,Industrials,17545157
Doosan Enerbility Co Ltd,South Korea,Industrials,503290300
Doosan Fuel Cell Co Ltd,South Korea,Energy,390912
Doosan Robotics Inc,South Korea,Industrials,1916507
Doosan Tesna Inc,South Korea,Technology,21018524
Dorman Products Inc,United States,Consumer Discretionary,42679923
Dosilicon Co Ltd,China,Technology,131620029
Dottikon Es Holding AG,Switzerland,Basic Materials,19952817
DoubleUGames Co Ltd,South Korea,Consumer Discretionary,17023890
Douglas AG,Germany,Consumer Discretionary,8691714
Doutor Nichires Holdings Co Ltd,Japan,Consumer Discretionary,2632507
Dover Corp,United States,Industrials,327688555
Dow Inc,United States,Industrials,225458028
Dowa Holdings Co Ltd,Japan,Basic Materials,51807830
Downer EDI Ltd,Australia,Industrials,50179746
Doximity Inc,United States,Health Care,36683854
Dpc Holdings Ltd,United Kingdom,Industrials,735900
Dr Ing hc F Porsche AG,Germany,Consumer Discretionary,321882921
Dr Lal PathLabs Ltd,India,Health Care,8657516
Dr Reddy's Laboratories Ltd,India,Health Care,128491096
Draegerwerk AG & Co KGaA,Germany,Health Care,10913821
DraftKings Inc,United States,Consumer Discretionary,303617066
Drax Group PLC,United Kingdom,Utilities,33606994
Dream Industrial Real Estate Investment Trust,Canada,Real Estate,36732893
Dream International Ltd,Hong Kong,Consumer Discretionary,1643876
Dreamtech Co Ltd,South Korea,Technology,4156428
Dropbox Inc,United States,Technology,41842414
DuPont de Nemours Inc,United States,Industrials,114628686
Duality Biotherapeutics Inc,Hong Kong,Health Care,24827615
Dubai Electricity & Water Authority PJSC,United Arab Emirates,Utilities,238509923
Dubai Financial Market PJSC,United Arab Emirates,Financials,6912038
Dubai Islamic Bank PJSC,United Arab Emirates,Financials,4190376
Dubai Taxi Co PJSC,United Arab Emirates,Consumer Discretionary,27094967
Duerr AG,Germany,Industrials,20473639
Dufu Technology Corp Bhd,Malaysia,Technology,3381173
Duk San Neolux Co Ltd,South Korea,Basic Materials,16883902
Dunelm Group PLC,United Kingdom,Consumer Discretionary,25187623
Duolingo Inc,United States,Consumer Discretionary,33243425
Duratec Ltd,Australia,Industrials,1466563
Duskin Co Ltd,Japan,Consumer Discretionary,5877952
Dutch Bros Inc,United States,Consumer Discretionary,105668774
DyDo Group Holdings Inc,Japan,Consumer Staples,1719745
Dycom Industries Inc,United States,Industrials,146972991
Dynapack International Technology Corp,Taiwan,Industrials,11032693
Dynatrace Inc,United States,Technology,24994011
Dynavox Group AB,Sweden,Technology,4408830
Dyno Nobel Ltd,Australia,Basic Materials,10751738
E Ink Holdings Inc,Taiwan,Technology,71915201
E-Finance for Digital & Financial Investments,Egypt,Industrials,8073534
E-MART Inc,South Korea,Consumer Discretionary,1124657
E.ON SE,Germany,Utilities,1181425322
E.Sun Financial Holding Co Ltd,Taiwan,Financials,214459089
E7 Group PJSC,United Arab Emirates,Industrials,15608803
EBOS Group Ltd,New Zealand,Health Care,17893786
ECHOiQ Ltd,Australia,Health Care,1874855
ECO-Shop Marketing Bhd,Malaysia,Consumer Discretionary,6474555
ECOMATE HOLDINGS BHD,Malaysia,Consumer Discretionary,4390852
EDION Corp,Japan,Consumer Discretionary,6184025
EDP Renewables SA,Portugal,Utilities,90414651
EDP SA,Portugal,Utilities,467371321
EFG International AG,Switzerland,Financials,58710629
EG Industries Bhd,Malaysia,Technology,5109638
EHang Holdings Ltd,China,Industrials,3543864
EID Parry India Ltd,India,Consumer Staples,7055904
EIH Ltd,India,Consumer Discretionary,7529227
EIS Eczacibasi Ilac ve Sinai ve Finansal Yatirimlar Sanayi ve Ticaret AS,Türkiye,Health Care,204752
ELRIDGE ENERGY HOLDINGS Bhd,Malaysia,Energy,12805641
EM Systems Co Ltd,Japan,Technology,4070
EMCOR Group Inc,United States,Industrials,430172447
EMS-Chemie Holding AG,Switzerland,Basic Materials,129380905
EMSTEEL Building Materials PJSC,United Arab Emirates,Industrials,4132227
EN+ Group International PJSC,Russia,Basic Materials,2779616
ENEOS Holdings Inc,Japan,Energy,325413706
ENF Technology Co Ltd,South Korea,Basic Materials,6650923
ENN Energy Holdings Ltd,China,Utilities,41386545
ENN Natural Gas Co Ltd,China,Utilities,151220
EPAM Systems Inc,United States,Technology,49946937
EPL Ltd,India,Industrials,3882786
EPR Properties,United States,Real Estate,55914679
EQ Resources Ltd,Australia,Basic Materials,529374
EQB Inc,Canada,Financials,30395996
EQT AB,Sweden,Financials,708255949
EQT Holdings Ltd,Australia,Financials,2901971
ERG SpA,Italy,Utilities,16804801
ERO Copper Corp,Canada,Basic Materials,33783323
ES-Con Japan Ltd,Japan,Real Estate,1652900
ESCO Technologies Inc,United States,Industrials,107010728
ESG Minerals Ltd,Australia,Basic Materials,53814
ESR Kendall Square REIT Co Ltd,South Korea,Real Estate,664062
ESR-REIT,Singapore,Real Estate,17563505
ESSA Industries Indonesia Tbk PT,Indonesia,Energy,8068276
EVERGREEN Steel Corp,Taiwan,Basic Materials,1898250
EVN AG,Austria,Utilities,25309691
EVT Ltd,Australia,Consumer Discretionary,32491416
EXEO Group Inc,Japan,Industrials,54230266
EXOR NV,Netherlands,Financials,394485324
EZconn Corp,Taiwan,Telecommunications,26821528
Eagers Automotive Ltd,Australia,Consumer Discretionary,32141422
Eagle Industry Co Ltd,Japan,Industrials,3500138
Eagle Materials Inc,United States,Industrials,140398650
Earth Corp,Japan,Consumer Staples,2715453
East African Breweries PLC,Kenya,Consumer Staples,43573441
East Buy Holding Ltd,China,Consumer Discretionary,9105942
East Japan Railway Co,Japan,Industrials,387888883
East Money Information Co Ltd,China,Financials,16546503
East West Bancorp Inc,United States,Financials,239171239
EastGroup Properties Inc,United States,Real Estate,313738818
Eastern & Oriental Bhd,Malaysia,Real Estate,3367210
Eastern Bankshares Inc,United States,Financials,61252140
Eastman Chemical Co,United States,Basic Materials,102236397
Eastroc Beverage Group Co Ltd,China,Consumer Staples,22116414
Easy Bio Inc,South Korea,Consumer Staples,62361
Eaton Corp PLC,United States,Industrials,2064622562
Ebara Corp,Japan,Industrials,324273664
Ebro Foods SA,Spain,Consumer Staples,18069028
EchoStar Corp,United States,Telecommunications,172462913
Eclat Textile Co Ltd,Taiwan,Consumer Discretionary,23150691
Eco World Development Group Bhd,Malaysia,Real Estate,8491919
EcoRodovias Infraestrutura e Logistica SA,Brazil,Industrials,19025319
Ecolab Inc,United States,Basic Materials,915090923
Econocom Group SA/NV,Belgium,Technology,665292
Ecopro BM Co Ltd,South Korea,Industrials,13111600
Ecopro Co Ltd,South Korea,Basic Materials,7649976
Ecopro Materials Co Ltd,South Korea,Basic Materials,543886
Edelweiss Financial Services Ltd,India,Financials,4874064
Edenred SE,France,Industrials,121213463
Edgewell Personal Care Co,United States,Consumer Staples,8595200
Edgewise Therapeutics Inc,United States,Health Care,728902
Edison International,United States,Utilities,399235445
Edwards Lifesciences Corp,United States,Health Care,740502665
Eicher Motors Ltd,India,Consumer Discretionary,100133941
Eiffage SA,France,Industrials,594214843
Eiken Chemical Co Ltd,Japan,Health Care,1655820
Einhell Germany AG,Germany,Consumer Discretionary,10304827
EirGenix Inc,Taiwan,Health Care,2459247
Eisai Co Ltd,Japan,Health Care,195829742
Eizo Corp,Japan,Technology,2956055
Ekachai Medical Care PCL,Thailand,Health Care,3513935
Ekovest BHD,Malaysia,Industrials,4212385
El Puerto de Liverpool SAB de CV,Mexico,Consumer Discretionary,36720272
Elan Corp,Japan,Health Care,916
Elan Microelectronics Corp,Taiwan,Technology,17299945
Elanco Animal Health Inc,United States,Health Care,36610648
Elang Mahkota Teknologi Tbk PT,Indonesia,Consumer Discretionary,4752239
Elastic NV,United States,Technology,92062040
Elders Ltd,Australia,Consumer Staples,10042183
Elecnor SA,Spain,Industrials,29143678
Elecom Co Ltd,Japan,Technology,2708784
Elecon Engineering Co Ltd,India,Industrials,7821215
Electrolux AB,Sweden,Consumer Discretionary,21939101
Electrolux Professional AB,Sweden,Industrials,20186389
Electronic Arts Inc,United States,Consumer Discretionary,610162338
Electronics Mart India Ltd,India,Consumer Discretionary,12780147
Electrosteel Castings Ltd,India,Basic Materials,1964785
Elekta AB,Sweden,Health Care,79303798
Element Fleet Management Corp,Canada,Industrials,91256299
Elevance Health Inc,United States,Health Care,1343056827
Elgi Equipments Ltd,India,Industrials,9766933
Eli Lilly & Co,United States,Health Care,13118943141
Elia Group SA/NV,Belgium,Utilities,107782334
Elis SA,France,Industrials,112704334
Elisa Oyj,Finland,Telecommunications,112940855
Elite Advanced Laser Corp,Taiwan,Technology,18878706
Elite Material Co Ltd,Taiwan,Technology,767097511
Elite Semiconductor Microelectronics Technology Inc,Taiwan,Technology,10400264
Elmos Semiconductor SE,Germany,Technology,11343823
ElringKlinger AG,Germany,Consumer Discretionary,2063818
Emaar Development PJSC,United Arab Emirates,Real Estate,112651327
Emaar Properties PJSC,United Arab Emirates,Real Estate,371682263
Emami Ltd,India,Consumer Staples,9844220
Embark Early Education Ltd,Australia,Consumer Discretionary,316146
Embassy Developments Ltd,India,Real Estate,1
Embassy Office Parks REIT,India,Real Estate,70167817
Embotelladora Andina SA,Chile,Consumer Staples,22658490
Embracer Group AB,Sweden,Consumer Discretionary,1112383
Emcure Pharmaceuticals Ltd,India,Health Care,38791976
Emeco Holdings Ltd,Australia,Industrials,2068959
Emerald Resources NL,Australia,Basic Materials,28757645
Emerson Electric Co,United States,Industrials,1012920525
Emirates Central Cooling Systems Corp,United Arab Emirates,Industrials,76069476
Emirates Integrated Telecommunications Co PJSC,United Arab Emirates,Telecommunications,94923693
Emirates NBD Bank PJSC,United Arab Emirates,Financials,274594850
Emirates Telecommunications Group Co PJSC,United Arab Emirates,Telecommunications,128937576
Emlak Konut Gayrimenkul Yatirim Ortakligi AS,Türkiye,Real Estate,4333191
Emmi AG,Switzerland,Consumer Staples,49914414
Emperor Capital Group Ltd,Hong Kong,Financials,17955
Empire Premium Food Bhd,Malaysia,Consumer Discretionary,3633440
Empreendimentos Pague Menos S/A,Brazil,Consumer Staples,6502666
Empresa Nacional de Telecomunicaciones SA,Chile,Telecommunications,28632278
Empresas CMPC SA,Chile,Basic Materials,41463101
Empresas Copec SA,Chile,Energy,8869854
Enact Holdings Inc,United States,Financials,15570289
Enagas SA,Spain,Energy,14223300
Enav SpA,Italy,Industrials,31472600
Enbridge Inc,Canada,Energy,1279871250
Enchem Co Ltd,South Korea,Basic Materials,421096
Encompass Health Corp,United States,Health Care,122909540
Endeavour Group Ltd/Australia,Australia,Consumer Staples,19047791
Endeavour Mining PLC,United Kingdom,Basic Materials,289455426
Endesa SA,Spain,Utilities,84708261
Endurance Technologies Ltd,India,Consumer Discretionary,12594557
Enel Americas SA,Chile,Utilities,667603
Enel Generacion Chile SA,Chile,Utilities,15834258
Enel SpA,Italy,Utilities,1328471090
EnerSys,United States,Industrials,114151158
Energisa S/A,Brazil,Utilities,141480195
Energy Absolute PCL,Thailand,Utilities,442189
Energy Fuels Inc/Canada,Canada,Basic Materials,47283759
Energy One Ltd,Australia,Technology,4738375
EnergyO Solutions Invest AB,Russia,Financials,15356
Enerjisa Enerji AS,Türkiye,Utilities,1920212
Enero Group Ltd,Australia,Consumer Discretionary,603468
Enerya Enerji AS,Türkiye,Utilities,904133
Eneva SA,Brazil,Utilities,187496020
Engie Brasil Energia SA,Brazil,Utilities,826924
Engie SA,France,Utilities,1894936395
Engineers India Ltd,India,Industrials,9225240
Engtex Group Bhd,Malaysia,Basic Materials,1246842
Eni SpA,Italy,Energy,524921788
Enity Holding AB,Sweden,Financials,204286
Enka Insaat ve Sanayi AS,Türkiye,Industrials,46700271
Enlight Renewable Energy Ltd,Israel,Utilities,34727528
Enliven Therapeutics Inc,United States,Health Care,70227241
Ennoconn Corp,Taiwan,Technology,10406256
Ennostar Inc,Taiwan,Technology,9283319
Enphase Energy Inc,United States,Energy,55419374
Enplas Corp,Japan,Technology,2808676
Ensign Group Inc/The,United States,Health Care,116297650
Entain PLC,United Kingdom,Consumer Discretionary,60275188
Entegris Inc,United States,Technology,371416835
Entergy Corp,United States,Utilities,697024694
Envision Greenwise Holdings Ltd,Hong Kong,Industrials,486092
Envista Holdings Corp,United States,Health Care,43458844
Enzychem Lifesciences Corp,South Korea,Health Care,41188
Eo Technics Co Ltd,South Korea,Technology,120049824
Eoflow Co Ltd,South Korea,Health Care,87315
Eoptolink Technology Inc Ltd,China,Telecommunications,166952721
Epb Group Bhd,Malaysia,Industrials,637646
Epiroc AB,Sweden,Industrials,526118319
Episil Technologies Inc,Taiwan,Technology,4391044
Equatorial Para Distribuidora de Energia SA,Brazil,Utilities,6167476
Equatorial SA,Brazil,Utilities,324906966
Equifax Inc,United States,Industrials,199455964
Equinix Inc,United States,Real Estate,1173218284
Equinox Gold Corp,Canada,Basic Materials,101241363
EquipmentShare.com Inc,United States,Industrials,7208673
Equitable Holdings Inc,United States,Financials,792557225
Equitas Small Finance Bank Ltd,India,Financials,1825573
Equity Group Holdings PLC/Kenya,Kenya,Financials,26171623
Equity LifeStyle Properties Inc,United States,Real Estate,163051217
Equity Residential,United States,Real Estate,2361762389
Erajaya Swasembada Tbk PT,Indonesia,Consumer Discretionary,4343615
Erasca Inc,United States,Health Care,38776387
Eregli Demir ve Celik Fabrikalari TAS,Türkiye,Basic Materials,95909516
Erie Indemnity Co,United States,Financials,2481413
Eris Lifesciences Ltd,India,Health Care,4942233
Erste Bank Polska SA,Poland,Financials,37830390
Erste Group Bank AG,Austria,Financials,521069997
Esab Corp,United States,Industrials,75576224
Escorts Kubota Ltd,India,Industrials,9437185
Esentia Energy Development SAB de CV,Mexico,Energy,79492209
Espressif Systems Shanghai Co Ltd,China,Technology,34726360
Essent Group Ltd,United States,Financials,170388539
Essential Properties Realty Trust Inc,United States,Real Estate,81802910
Essential Utilities Inc,United States,Utilities,236892567
Essentra PLC,United Kingdom,Industrials,4118491
Essex Property Trust Inc,United States,Real Estate,465349647
EssilorLuxottica SA,France,Health Care,1170709868
Essity AB,Sweden,Consumer Staples,393498947
Estee Lauder Cos Inc/The,United States,Consumer Discretionary,195376065
Eternal Ltd,India,Technology,267960137
Eternal Materials Co Ltd,Taiwan,Basic Materials,20233296
Etsy Inc,United States,Consumer Discretionary,8733760
Eugene Technology Co Ltd,South Korea,Technology,3243427
Eurazeo SE,France,Financials,19645873
Eureka Forbes Ltd,India,Consumer Discretionary,2608166
Eurobank SA,Greece,Financials,310337263
Eurofins Scientific SE,France,Health Care,137647596
Euronext NV,France,Financials,431720187
Europen Endustri Insaat Sanayi VE Ticaret AS,Türkiye,Industrials,440406
Europower Enerji VE Otomasyon Teknolojileri Sanayi Ticaret AS,Türkiye,Industrials,16135822
Eurotelesites AG,Austria,Telecommunications,4334602
Eutelsat Communications SACA,France,Telecommunications,15150667
Eva Airways Corp,Taiwan,Consumer Discretionary,45017245
Eve Energy Co Ltd,China,Industrials,5119656
Everbright Securities Co Ltd,China,Financials,2257569
Evercore Inc,United States,Financials,139526383
Everest Group Ltd,United States,Financials,686458169
Everest Medicines Ltd,China,Health Care,6676379
Evergrande Property Services Group Ltd,China,Real Estate,147
Evergreen International Storage & Transport Corp,Taiwan,Industrials,5801824
Everlight Electronics Co Ltd,Taiwan,Technology,8072028
Everpure Inc,United States,Technology,299385454
Eversource Energy,United States,Utilities,302500973
Evolution AB,Sweden,Consumer Discretionary,768700
Evolution Mining Ltd,Australia,Basic Materials,295727870
Evonik Industries AG,Germany,Basic Materials,93256877
Evotec SE,Germany,Health Care,857812
Exchange Income Corp,Canada,Consumer Discretionary,39771337
Exedy Corp,Japan,Consumer Discretionary,5345885
Exelixis Inc,United States,Health Care,92649674
Exelon Corp,United States,Utilities,579791262
Exide Industries Ltd,India,Industrials,81201507
ExlService Holdings Inc,United States,Industrials,56786000
Exosens SAS,France,Industrials,46983112
Exotic Food PCL,Thailand,Consumer Staples,1141413
Expedia Group Inc,United States,Consumer Discretionary,707224173
Expeditors International of Washington Inc,United States,Industrials,163871990
Experian PLC,United Kingdom,Industrials,566258041
Experience Co Ltd,Australia,Consumer Discretionary,1176371
Exponent Inc,United States,Industrials,35787367
Extra Space Storage Inc,United States,Real Estate,1345669796
Exxon Mobil Corp,United States,Energy,7972622950
Eyebright Medical Technology Beijing Co Ltd,China,Health Care,2068704
Ez Tec Empreendimentos e Participacoes S/A,Brazil,Real Estate,19235467
Ezaki Glico Co Ltd,Japan,Consumer Staples,22544011
Ezdan Holding Group QSC,Qatar,Real Estate,2335216
F&F Co Ltd / New,South Korea,Consumer Discretionary,99693089
F&G Annuities & Life Inc,United States,Financials,11785433
F-Secure Oyj,Finland,Technology,6584973
F5 Inc,United States,Technology,306686060
FANUC Corp,Japan,Industrials,691994196
FCC Co Ltd,Japan,Consumer Discretionary,5875791
FDJ UNITED,France,Consumer Discretionary,54368503
FDM Group Holdings PLC,United Kingdom,Technology,4400631
FIBRA Macquarie Mexico,Mexico,Real Estate,4181625
FICA Empreendimentos Imobiliarios SA,Brazil,Real Estate,93357
FIT Hon Teng Ltd,Hong Kong,Industrials,26738035
FLEXium Interconnect Inc,Taiwan,Technology,5892468
FLSmidth & Co A/S,Denmark,Industrials,49275235
FNB Corp/PA,United States,Financials,63721590
FOCI Fiber Optic Communications Inc,Taiwan,Telecommunications,17039683
FP Corp,Japan,Industrials,26449632
FPT Corp,Vietnam,Technology,10291819
FPT DIGITAL RETAIL JSC,Vietnam,Consumer Discretionary,3721717
FSN E-Commerce Ventures Ltd,India,Consumer Discretionary,83347236
FTAI Aviation Ltd,United States,Industrials,346537838
FTI Consulting Inc,United States,Industrials,57598027
FUCHS SE,Germany,Basic Materials,94957091
FUJI OIL CO LTD /Osaka,Japan,Consumer Staples,41055851
FUJIFILM Holdings Corp,Japan,Technology,430689789
FULLCAST Holdings Co Ltd,Japan,Industrials,50602
Fabege AB,Sweden,Real Estate,28851184
Fabrinet,United States,Technology,247421995
FactSet Research Systems Inc,United States,Financials,75093510
Fadu Inc,South Korea,Technology,1634843
Faes Farma SA,Spain,Health Care,7064391
Fair Isaac Corp,United States,Industrials,313376457
Fairfax Financial Holdings Ltd,Canada,Financials,394736603
Falabella SA,Chile,Consumer Discretionary,82103952
Famous Brands Ltd,South Africa,Consumer Discretionary,1779524
Far EasTone Telecommunications Co Ltd,Taiwan,Telecommunications,72187514
Far East Horizon Ltd,China,Financials,16266980
Far East Hospitality Trust,Singapore,Real Estate,7664540
Far Eastern Department Stores Ltd,Taiwan,Consumer Discretionary,1466109
Far Eastern International Bank,Taiwan,Financials,13503327
Far Eastern New Century Corp,Taiwan,Industrials,34222948
Faraday Technology Corp,Taiwan,Technology,17147501
Farglory Land Development Co Ltd,Taiwan,Real Estate,10365600
Fast Retailing Co Ltd,Japan,Consumer Discretionary,1386658482
Fastenal Co,United States,Basic Materials,728654629
Fastighets AB Balder,Sweden,Real Estate,76742211
Fattal Holdings 1998 Ltd,Israel,Consumer Discretionary,11020122
Fawry for Banking & Payment Technology Services SAE,Egypt,Industrials,53351361
FedEx Corp,United States,Industrials,891424747
Federal Bank Ltd,India,Financials,68764887
Federal Realty Investment Trust,United States,Real Estate,690451024
Federal Signal Corp,United States,Industrials,101917112
Fedex Freight Holding Co Inc,United States,Industrials,192766298
Fenerbahce Futbol AS,Türkiye,Consumer Discretionary,996566
Feng Hsin Steel Co Ltd,Taiwan,Basic Materials,6188113
Feng TAY Enterprise Co Ltd,Taiwan,Consumer Discretionary,12150694
Ferguson Enterprises Inc,United States,Industrials,461743077
Ferrari NV,Italy,Consumer Discretionary,775045089
Ferrexpo PLC,United Kingdom,Basic Materials,2445895
Ferronordic AB,Sweden,Industrials,999083
Ferrotec Corp,Japan,Technology,12771168
Ferrovial NV,Spain,Industrials,624498395
Fertiglobe plc,United Arab Emirates,Basic Materials,12417461
Fervo Energy Co,United States,Utilities,93536000
Fibra MTY SAPI de CV,Mexico,Real Estate,63892867
Fibra Uno Administracion SA de CV,Mexico,Real Estate,68481329
Fidelity National Financial Inc,United States,Financials,152260917
Fidelity National Information Services Inc,United States,Industrials,249916402
Fiducian Group Ltd,Australia,Financials,1322430
Fielmann Group AG,Germany,Consumer Discretionary,23182171
Fiera Milano SpA,Italy,Industrials,8381948
Fifth Third Bancorp,United States,Financials,1186825310
Figma Inc,United States,Technology,11385394
Figure Technology Solutions Inc,United States,Technology,6281608
FinVolution Group,China,Financials,2991044
Financial Partners Group Co Ltd,Japan,Financials,3353798
Financiere de Tubize SA,Belgium,Health Care,113866650
Fincantieri SpA,Italy,Industrials,30278400
Fine Foods & Pharmaceuticals NTM,Italy,Health Care,1400006
Fine Organic Industries Ltd,India,Basic Materials,3787783
FinecoBank Banca Fineco SpA,Italy,Financials,401012202
Finning International Inc,Canada,Industrials,170840811
Finolex Cables Ltd,India,Industrials,9629134
Finolex Industries Ltd,India,Industrials,4748724
Fire Rock Holdings Ltd,Hong Kong,Consumer Discretionary,68
Firefinch Ltd,Australia,Basic Materials,1754
First Abu Dhabi Bank PJSC,United Arab Emirates,Financials,189173352
First American Financial Corp,United States,Financials,85461700
First BanCorp/Puerto Rico,United States,Financials,51122618
First Bank of Toyama Ltd/The,Japan,Financials,4840105
First Capital Real Estate Investment Trust,Canada,Real Estate,45708819
First Citizens BancShares Inc/NC,United States,Financials,217290657
First Financial Bankshares Inc,United States,Financials,58239343
First Financial Holding Co Ltd,Taiwan,Financials,140111572
First Horizon Corp,United States,Financials,156396462
First Industrial Realty Trust Inc,United States,Real Estate,340186505
First Interstate BancSystem Inc,United States,Financials,44153167
First Quantum Minerals Ltd,Canada,Basic Materials,276721397
First Solar Inc,United States,Energy,360058915
First Tractor Co Ltd,China,Industrials,5331833
FirstRand Ltd,South Africa,Financials,915713136
FirstService Corp,Canada,Real Estate,77041151
Firstsource Solutions Ltd,India,Industrials,6212006
Fiserv Inc,United States,Industrials,311116940
Fisher & Paykel Healthcare Corp Ltd,New Zealand,Health Care,200830170
Fitipower Integrated Technology Inc,Taiwan,Technology,13409287
Five Below Inc,United States,Consumer Discretionary,125148942
Five-Star Business Finance Ltd,India,Financials,28845561
Fixstars Corp,Japan,Technology,11092643
Flagstar Bank NA,United States,Financials,57402363
Flat Glass Group Co Ltd,China,Industrials,3855918
Fleetwood Ltd,Australia,Consumer Discretionary,3375422
Fletcher Building Ltd,New Zealand,Industrials,28482085
Fleury SA,Brazil,Health Care,1117180
Flex Ltd,United States,Technology,800210901
Flight Centre Travel Group Ltd,Australia,Consumer Discretionary,9820484
Floor & Decor Holdings Inc,United States,Consumer Discretionary,1851676
Flowserve Corp,United States,Industrials,120449115
Flughafen Zurich AG,Switzerland,Industrials,157129176
Fluidra SA,Spain,Industrials,45598349
Flutter Entertainment PLC,United States,Consumer Discretionary,316329559
Flywire Corp,United States,Industrials,1865266
Focus Media Information Technology Co Ltd,China,Consumer Discretionary,4402
Fomento Economico Mexicano SAB de CV,Mexico,Consumer Staples,297264749
Food & Life Cos Ltd,Japan,Consumer Discretionary,130728921
Food Moments PCL,Thailand,Consumer Staples,1468012
Foodie Media Bhd,Malaysia,Technology,1280638
Foosung Co Ltd,South Korea,Basic Materials,687793
Forbo Holding AG,Switzerland,Consumer Discretionary,18331370
Force Motors Ltd,India,Industrials,8854961
Ford Motor Co,United States,Consumer Discretionary,634525465
Ford Otomotiv Sanayi AS,Türkiye,Consumer Discretionary,13901132
Forgent Power Solutions Inc,United States,Industrials,11172000
FormFactor Inc,United States,Technology,163775197
Formosa International Hotels Corp,Taiwan,Consumer Discretionary,5378612
Formosa Petrochemical Corp,Taiwan,Energy,23780592
Formosa Plastics Corp,Taiwan,Industrials,90152151
Formosa Sumco Technology Corp,Taiwan,Technology,445623
Fortescue Ltd,Australia,Basic Materials,265699113
Forth Corp PCL,Thailand,Telecommunications,3477945
Forth Smart Service PCL,Thailand,Industrials,1946527
Fortinet Inc,United States,Technology,1625381019
Fortior Technology Shenzhen Co Ltd,China,Technology,12263426
Fortis Healthcare Ltd,India,Health Care,64203408
Fortis Inc/Canada,Canada,Utilities,343350044
Fortive Corp,United States,Industrials,438057635
Fortum Oyj,Finland,Utilities,106577858
Fortuna Mining Corp,Canada,Basic Materials,34145542
Fortune Brands Innovations Inc,United States,Industrials,96489879
Fortune Electric Co Ltd,Taiwan,Industrials,60549485
Fortune Real Estate Investment Trust,Hong Kong,Real Estate,10420815
Forus SA,Chile,Consumer Discretionary,15100378
Forvia SE,France,Consumer Discretionary,5566463
Foschini Group Ltd,South Africa,Consumer Discretionary,37985426
Foshan Haitian Flavouring & Food Co Ltd,China,Consumer Staples,8133194
Fositek Corp,Taiwan,Technology,26051826
Fosun International Ltd,China,Industrials,611584
Fourlis Holdings SA,Greece,Consumer Discretionary,1194715
Fox Corp,United States,Consumer Discretionary,201241860
Fox Wizel Ltd,Israel,Consumer Discretionary,10280838
Foxconn Industrial Internet Co Ltd,China,Telecommunications,111629730
Foxconn Technology Co Ltd,Taiwan,Technology,15666663
Foxsemicon Integrated Technology Inc,Taiwan,Technology,8348138
Fractal Analytics Ltd,India,Technology,1968249
Framery Group Oyj,Finland,Consumer Discretionary,3876244
Franchi Umberto Marmi SpA,Italy,Industrials,195676
Franco-Nevada Corp,Canada,Basic Materials,574207658
Franklin Electric Co Inc,United States,Industrials,53718161
Franklin Resources Inc,United States,Financials,98359461
Fraport AG Frankfurt Airport Services Worldwide,Germany,Industrials,53727663
Fraser & Neave Holdings Bhd,Malaysia,Consumer Staples,3055280
Frasers Centrepoint Trust,Singapore,Real Estate,38701687
Frasers Group PLC,United Kingdom,Consumer Discretionary,16313768
Frasers Logistics & Commercial Trust,Singapore,Real Estate,36450613
Frasers Property Ltd,Singapore,Real Estate,3105726
Frasers Property Thailand Industrial Freehold & Leasehold REIT,Thailand,Real Estate,716425
Freenet AG,Germany,Telecommunications,46399729
Freetrailer Group A/S,Denmark,Consumer Discretionary,3979031
Freightways Group Ltd,New Zealand,Industrials,7350656
Frequentis AG,Austria,Industrials,3892753
Fresenius Medical Care AG,Germany,Health Care,185480313
Fresenius SE & Co KGaA,Germany,Health Care,389847590
Freshpet Inc,United States,Consumer Staples,13040039
Freshworks Inc,United States,Technology,20817103
Fresnillo PLC,United Kingdom,Basic Materials,173923161
Frontier Real Estate Investment Corp,Japan,Real Estate,20970042
Frontken Corp Bhd,Malaysia,Industrials,36057467
Fu Shou Yuan International Group Ltd,China,Consumer Discretionary,4791829
Fubon Financial Holding Co Ltd,Taiwan,Financials,453775098
Fugro NV,Netherlands,Industrials,1598317
Fuji Co Ltd/Ehime,Japan,Consumer Staples,2487982
Fuji Corp/Aichi,Japan,Industrials,37803272
Fuji Electric Co Ltd,Japan,Industrials,199598318
Fuji Kyuko Co Ltd,Japan,Consumer Discretionary,6154404
Fuji Media Holdings Inc,Japan,Consumer Discretionary,8377741
Fuji Seal International Inc,Japan,Industrials,3936662
Fujikura Ltd,Japan,Industrials,1008166734
Fujimi Inc,Japan,Basic Materials,11954114
Fujio Food Group Inc,Japan,Consumer Discretionary,1363
Fujita Kanko Inc,Japan,Consumer Discretionary,2523379
Fujitsu Ltd,Japan,Technology,588419332
Fujiya Co Ltd,Japan,Consumer Staples,159120
Fukuda Corp,Japan,Industrials,2265879
Fukuda Denshi Co Ltd,Japan,Health Care,5237693
Fukuoka Financial Group Inc,Japan,Financials,127438315
Fukuoka REIT Corp,Japan,Real Estate,6229843
Fukuyama Transporting Co Ltd,Japan,Industrials,26132869
Fulin Precision Co Ltd,China,Basic Materials,14630622
Full Truck Alliance Co Ltd,China,Industrials,301064469
Fulltech Fiber Glass Corp,Taiwan,Basic Materials,16795769
Fulton Financial Corp,United States,Financials,58953739
Funai Soken Holdings Inc,Japan,Industrials,2464633
Furukawa Co Ltd,Japan,Basic Materials,11461301
Furukawa Electric Co Ltd,Japan,Industrials,336948582
Furuno Electric Co Ltd,Japan,Industrials,4264218
Furuya Metal Co Ltd,Japan,Basic Materials,4415690
Fusheng Precision Co Ltd,Taiwan,Consumer Discretionary,6672924
Fuso Chemical Co Ltd,Japan,Basic Materials,8411629
Futaba Industrial Co Ltd,Japan,Consumer Discretionary,2056693
Futu Holdings Ltd,China,Financials,54354670
Future Corp,Japan,Technology,1885767
Fuyao Glass Industry Group Co Ltd,China,Industrials,73970281
Fuyo General Lease Co Ltd,Japan,Consumer Discretionary,25785505
G Mining Ventures Corp,Canada,Basic Materials,123652146
G R Infraprojects Ltd,India,Industrials,1591387
G-7 Holdings Inc,Japan,Consumer Staples,554691
G-III Apparel Group Ltd,United States,Consumer Discretionary,53936000
G-SMATT GLOBAL Co Ltd,South Korea,Technology,280
G-Tekt Corp,Japan,Consumer Discretionary,2149581
GAMSUNG Corp Co Ltd,South Korea,Consumer Discretionary,10225814
GATX Corp,United States,Industrials,79924385
GC Biopharma Corp,South Korea,Health Care,10668729
GC Corp,South Korea,Health Care,5888143
GC MediAI Corp,South Korea,Health Care,273217
GCC SAB de CV,Mexico,Industrials,119259398
GCS Holdings Inc,Taiwan,Technology,21478505
GDEX Bhd,Malaysia,Industrials,4966278
GDS Holdings Ltd,China,Technology,139610956
GE HealthCare Technologies Inc,United States,Health Care,376210070
GE Vernova Inc,United States,Industrials,3988864699
GE Vernova T&D India Ltd,India,Industrials,63496611
GEA Group AG,Germany,Industrials,244708772
GEK TERNA SA,Greece,Industrials,51225685
GEN Ilac VE Saglik Urunleri Sanayi VE Ticaret AS,Türkiye,Health Care,951610
GF Securities Co Ltd,China,Financials,24915258
GFH Bank BSC,Kuwait,Financials,1401056
GFL Environmental Inc,Canada,Utilities,121942671
GHCL Ltd,India,Basic Materials,2599970
GLOBALFOUNDRIES Inc,United States,Technology,63653072
GLP J-Reit,Japan,Real Estate,67267455
GMM Pfaudler Ltd,India,Industrials,2882371
GMO Financial Holdings Inc,Japan,Financials,1505743
GMO Payment Gateway Inc,Japan,Industrials,40804022
GMO internet group Inc,Japan,Technology,18425735
GMR Airports Ltd,India,Industrials,32001126
GMR Solutions Inc,United States,Health Care,45607000
GN Store Nord AS,Denmark,Health Care,8289286
GO Inc,Japan,Technology,8068789
GOLFZON Co Ltd,South Korea,Consumer Discretionary,2604705
GPS Participacoes e Empreendimentos SA,Brazil,Industrials,27673204
GPT Group/The,Australia,Real Estate,83242778
GQG Partners Inc,Australia,Financials,9551891
GRAIL Inc,United States,Health Care,3395477
GS Holdings Corp,South Korea,Industrials,45442738
GS P&L Co Ltd,South Korea,Consumer Staples,22103915
GS Retail Co Ltd,South Korea,Consumer Staples,21526579
GS Yuasa Corp,Japan,Consumer Discretionary,142236444
GSK PLC,United Kingdom,Health Care,1531899033
GT Capital Holdings Inc,Philippines,Consumer Discretionary,658310
GTPL Hathway Ltd,India,Telecommunications,911885
GUR-Sel Turizm Tasimacilik VE Servis Ticaret AS,Türkiye,Consumer Discretionary,2001935
GWA Group Ltd,Australia,Industrials,40982
GXO Logistics Inc,United States,Industrials,54680508
Gabriel India Ltd,India,Consumer Discretionary,6422699
Galaxy Digital Inc,United States,Financials,62409428
Galaxy Entertainment Group Ltd,Hong Kong,Consumer Discretionary,333163432
Galaxy Surfactants Ltd,India,Basic Materials,961187
Galderma Group AG,Switzerland,Health Care,903715127
Galenica AG,Switzerland,Consumer Staples,77508032
Galilei Co Ltd,Japan,Industrials,2920563
Gallant Micro Machining Co Ltd,Taiwan,Technology,17728721
Galp Energia SGPS SA,Portugal,Energy,136456011
GameStop Corp,United States,Consumer Discretionary,114213591
Games Workshop Group PLC,United Kingdom,Consumer Discretionary,176748513
Gaming and Leisure Properties Inc,United States,Real Estate,151669581
Gamuda Bhd,Malaysia,Industrials,81774984
Ganfeng Lithium Group Co Ltd,China,Basic Materials,32346760
Gap Inc/The,United States,Consumer Discretionary,69494737
Garden Reach Shipbuilders & Engineers Ltd,India,Industrials,3418019
Garmin Ltd,United States,Consumer Discretionary,519665545
Garofalo Health Care SpA,Italy,Health Care,648440
Gartner Inc,United States,Technology,62144365
Garware Hi-Tech Films Ltd,India,Industrials,10502070
Gas Malaysia Bhd,Malaysia,Utilities,547223
Gates Industrial Corp PLC,United States,Industrials,95114055
Gazprom Neft PJSC,Russia,Energy,4185758
Gazprom PJSC,Russia,Energy,18699525
Gaztransport Et Technigaz SA,France,Energy,162778879
Ge-Shen Corp Bhd,Malaysia,Basic Materials,3884733
Geberit AG,Switzerland,Industrials,457137960
Gecina SA,France,Real Estate,597090458
Geely Automobile Holdings Ltd,China,Consumer Discretionary,175460585
Gelex Group JSC,Vietnam,Industrials,5219811
GemVax & Kael Co Ltd,South Korea,Technology,112834
Gemadept Group Corp,Vietnam,Industrials,5560106
Gemdale Corp,China,Real Estate,288151
Gemlife Communities Group,Australia,Consumer Discretionary,16116380
Gen Digital Inc,United States,Technology,171557660
Generac Holdings Inc,United States,Industrials,345391356
General Electric Co,United States,Industrials,5044303698
General Insurance Corp of India,India,Financials,12123008
General Interface Solution GIS Holding Ltd,Taiwan,Technology,4714564
General Mills Inc,United States,Consumer Staples,343055964
General Motors Co,United States,Consumer Discretionary,741818768
Generalfinance SpA,Italy,Financials,1753175
Generali,Italy,Financials,521448409
Generate Biomedicines Inc,United States,Health Care,48531127
Generation Development Group Ltd,Australia,Financials,19337332
Genertec Universal Medical Group Co Ltd,China,Health Care,1187699
Genesis Energy Ltd,New Zealand,Utilities,5324954
Genesis Minerals Ltd,Australia,Basic Materials,57035130
Genetic Signatures Ltd,Australia,Health Care,316297
Genius Electronic Optical Co Ltd,Taiwan,Technology,21571320
Genius Sports Ltd,United Kingdom,Consumer Discretionary,20742816
Genky DrugStores Co Ltd,Japan,Consumer Staples,1835718
Genmab A/S,Denmark,Health Care,212965301
Genpact Ltd,United States,Industrials,54526120
Genscript Biotech Corp,China,Health Care,93058759
Gentera SAB de CV,Mexico,Financials,75466447
Gentex Corp,United States,Consumer Discretionary,52639861
Genting Malaysia Bhd,Malaysia,Consumer Discretionary,5165895
Genting Singapore Ltd,Singapore,Consumer Discretionary,27522917
Gentrack Group Ltd,Australia,Technology,4747897
Genuine Parts Co,United States,Consumer Discretionary,178687199
Genus PLC,United Kingdom,Health Care,37662564
Genus Power Infrastructures Ltd,India,Industrials,3252230
Genus Prime Infra Ltd,India,Basic Materials,56720
Genworth Financial Inc,United States,Financials,9855865
Georg Fischer AG,Switzerland,Industrials,72770168
George Weston Ltd,Canada,Consumer Staples,145355332
Georgia Capital PLC,United Kingdom,Financials,50036833
Gerdau SA,Brazil,Basic Materials,93575650
Gestamp Automocion SA,Spain,Consumer Discretionary,8614803
Getac Holdings Corp,Taiwan,Technology,14335732
Getinge AB,Sweden,Health Care,121264612
Getlink SE,France,Industrials,55761846
Giant Biogene Holding Co ltd,China,Consumer Staples,22695828
Giant Manufacturing Co Ltd,Taiwan,Consumer Discretionary,14863041
Giant Network Group Co Ltd,China,Consumer Discretionary,231800497
Gibson Energy Inc,Canada,Energy,45629032
GigaDevice Semiconductor Inc,China,Technology,13882636
Gigabyte Technology Co Ltd,Taiwan,Technology,72271888
Gildan Activewear Inc,Canada,Consumer Discretionary,125127737
Gilead Sciences Inc,United States,Health Care,2552356561
Gillette India Ltd,India,Consumer Staples,3565912
Gimv NV,Belgium,Financials,26760071
Ginebra San Miguel Inc,Philippines,Consumer Staples,805456
Girsim Elektrik Sanayi Taahut Ve Ticaret AS,Türkiye,Industrials,3913930
Gitlab Inc,United States,Technology,53696988
Givaudan SA,Switzerland,Basic Materials,624444133
Glacier Bancorp Inc,United States,Financials,85439743
Glanbia PLC,Ireland,Consumer Staples,120937558
Gland Pharma Ltd,India,Health Care,60494349
Glaukos Corp,United States,Health Care,56568279
GlaxoSmithKline Pharmaceuticals Ltd,India,Health Care,10594465
Glenmark Pharmaceuticals Ltd,India,Health Care,254606323
Global Brands Manufacture Ltd,Taiwan,Technology,8937151
Global Data Centre Group,Australia,Financials,145224
Global Health Ltd/India,India,Health Care,117824309
Global One Real Estate Investment Corp,Japan,Real Estate,4844375
Global Payments Inc,United States,Industrials,205767752
Global Ports Investments PLC,Russia,Industrials,189525
Global Power Synergy PCL,Thailand,Utilities,10608067
Global Tax Free Co Ltd,South Korea,Industrials,3567476
Global Unichip Corp,Taiwan,Technology,382883895
Global-e Online Ltd,United States,Technology,59403512
Globalstar Inc,United States,Telecommunications,169477700
Globaltrans Investment PLC,Russia,Industrials,322445
Globalwafers Co Ltd,Taiwan,Technology,203451258
Globe Life Inc,United States,Financials,163531331
Globe Telecom Inc,Philippines,Telecommunications,50024563
Globus Medical Inc,United States,Health Care,94484188
Gloria Material Technology Corp,Taiwan,Basic Materials,7012231
Glory Ltd,Japan,Industrials,5934609
GnCenergy Co Ltd,South Korea,Industrials,3460501
Go Digit General Insurance Ltd,India,Financials,45133948
GoDaddy Inc,United States,Technology,100485867
GoTo Gojek Tokopedia Tbk PT,Indonesia,Technology,14853767
Godawari Power and Ispat Ltd,India,Basic Materials,7623567
Godrej Agrovet Ltd,India,Consumer Staples,2358272
Godrej Consumer Products Ltd,India,Consumer Staples,72183698
Godrej Industries Ltd,India,Industrials,3974078
Godrej Properties Ltd,India,Real Estate,73488180
GoerTek Inc,China,Industrials,1774055
Gold Circuit Electronics Ltd,Taiwan,Technology,225159613
Gold Fields Ltd,South Africa,Basic Materials,508362809
Goldcrest Co Ltd,Japan,Real Estate,1528093
Goldcup Electric Apparatus Co Ltd,China,Industrials,7363245
Golden Destinations Group Bhd,Malaysia,Consumer Discretionary,2648682
Golden Solar New Energy Technology Holdings Ltd,China,Consumer Discretionary,344
Goldman Sachs Group Inc/The,United States,Financials,2569840602
Goldsun Building Materials Co Ltd,Taiwan,Industrials,8472592
Goldwin Inc,Japan,Consumer Discretionary,21476726
Goodman Group,Australia,Real Estate,756861961
Goodman New Zealand Ltd & Goodman Property Services NZ Ltd,New Zealand,Real Estate,6930234
Goodyear Tire & Rubber Co/The,United States,Consumer Discretionary,3451714
Grab Holdings Ltd,United States,Consumer Discretionary,128918577
Graco Inc,United States,Industrials,158232601
Grafton Group PLC,United Kingdom,Industrials,40820215
GrainCorp Ltd,Australia,Consumer Staples,8269607
Grainger PLC,United Kingdom,Real Estate,151665357
Grainturk Tarim AS,Türkiye,Consumer Staples,446185
GrameenPhone Ltd,Bangladesh,Telecommunications,7233821
Grand Canyon Education Inc,United States,Consumer Discretionary,51003402
Grand City Properties SA,Germany,Real Estate,3595426
Grand Process Technology Corp,Taiwan,Technology,107111578
Granges AB,Sweden,Basic Materials,6528554
Granite Real Estate Investment Trust,Canada,Real Estate,54735815
Grape King Bio Ltd,Taiwan,Consumer Staples,10639210
Graphic Packaging Holding Co,United States,Industrials,30717752
Graphite India Ltd,India,Industrials,4327281
Grasim Industries Ltd,India,Industrials,177481175
Gravita India Ltd,India,Basic Materials,4834125
Great Eastern Shipping Co Ltd/The,India,Industrials,30650877
Great Portland Estates PLC,United Kingdom,Real Estate,169730491
Great Tree Pharmacy Co Ltd,Taiwan,Consumer Staples,1558404
Great Wall Motor Co Ltd,China,Consumer Discretionary,22218483
Great-West Lifeco Inc,Canada,Financials,214935498
Greatech Technology Bhd,Malaysia,Industrials,37525367
Greatek Electronics Inc,Taiwan,Technology,12868998
Greatland Resources Ltd,Australia,Basic Materials,58391860
Gree Electric Appliances Inc of Zhuhai,China,Consumer Discretionary,4088356
Greencore Group PLC,United Kingdom,Consumer Staples,25864642
Greentown China Holdings Ltd,China,Real Estate,10319451
Greentown Service Group Co Ltd,China,Real Estate,3496086
Greggs PLC,United Kingdom,Consumer Staples,30198781
Grendene SA,Brazil,Consumer Discretionary,452021
Grenergy Renovables SA,Spain,Utilities,22777008
Griffon Corp,United States,Industrials,2186818
Grifols SA,Spain,Health Care,43882638
Grindr Inc,United States,Technology,24429000
Grindwell Norton Ltd,India,Basic Materials,6332070
Group 1 Automotive Inc,United States,Consumer Discretionary,58724621
Groupe Bruxelles Lambert NV,Belgium,Financials,146863468
Groupe LDLC,France,Technology,2500466
Growthpoint Properties Australia Ltd,Australia,Real Estate,4836111
Growthpoint Properties Ltd,South Africa,Real Estate,2261359
Gruma SAB de CV,Mexico,Consumer Staples,56368876
Grupa Kety SA,Poland,Basic Materials,20481001
Grupo Aeromexico SAB de CV,Mexico,Consumer Discretionary,24407010
Grupo Aeroportuario del Centro Norte SAB de CV,Mexico,Industrials,141008925
Grupo Aeroportuario del Pacifico SAB de CV,Mexico,Industrials,1423964
Grupo Aeroportuario del Sureste SAB de CV,Mexico,Industrials,210281024
Grupo Argos SA/Colombia,Colombia,Industrials,698085
Grupo Bimbo SAB de CV,Mexico,Consumer Staples,547747
Grupo Cibest SA,Colombia,Financials,277727762
Grupo Comercial Chedraui SA de CV,Mexico,Consumer Discretionary,69621054
Grupo Financiero Banorte SAB de CV,Mexico,Financials,288414524
Grupo Financiero Inbursa SAB de CV,Mexico,Financials,583965
Grupo Mateus SA,Brazil,Consumer Discretionary,4485417
Grupo Mexico SAB de CV,Mexico,Basic Materials,331075463
Grupo Pochteca SAB de CV,Mexico,Basic Materials,495605
Grupo Rotoplas SAB de CV,Mexico,Utilities,10363584
Grupo SBF SA,Brazil,Consumer Discretionary,6168533
Grupo Televisa SAB,Mexico,Consumer Discretionary,26139608
Grupo Traxion SAB de CV,Mexico,Industrials,4964310
Grupo de Inversiones Suramericana SA,Colombia,Financials,992501
Guan Chong Bhd,Malaysia,Consumer Staples,11822610
Guangdong Chj Industry Co Ltd,China,Consumer Discretionary,27287492
Guangdong Dongfang Precision Science & Technology Co Ltd,China,Industrials,73
Guangdong Haid Group Co Ltd,China,Consumer Staples,176800530
Guangdong Huayan Robotics Co Ltd,China,Industrials,3407096
Guangdong Investment Ltd,China,Utilities,2014896
Guangdong Land Holdings Ltd,China,Real Estate,1
Guangdong Provincial Expressway Development Co Ltd,China,Industrials,4586135
Guangshen Railway Co Ltd,China,Industrials,3771987
Guangxi Liugong Machinery Co Ltd,China,Industrials,1968462
Guangzhou Automobile Group Co Ltd,China,Consumer Discretionary,52013
Guangzhou Baiyunshan Pharmaceutical Holdings Co Ltd,China,Health Care,3604762
Guangzhou Tinci Materials Technology Co Ltd,China,Basic Materials,44263342
Guardant Health Inc,United States,Health Care,230507142
Gubre Fabrikalari TAS,Türkiye,Basic Materials,3879266
Gudeng Precision Industrial Co Ltd,Taiwan,Technology,10142156
Guidewire Software Inc,United States,Technology,22796489
Gujarat Gas Ltd,India,Utilities,46509170
Gujarat Narmada Valley Fertilizers & Chemicals Ltd,India,Basic Materials,5143889
Gujarat Pipavav Port Ltd,India,Industrials,27142394
Gujarat State Fertilizers & Chemicals Ltd,India,Basic Materials,2663688
Gulf Bank KSCP,Kuwait,Financials,20809360
Gulf Development PCL,Thailand,Utilities,195583833
Guming Holdings Ltd,China,Consumer Discretionary,74369625
GungHo Online Entertainment Inc,Japan,Consumer Discretionary,3072576
Gunma Bank Ltd/The,Japan,Financials,133571058
Gunze Ltd,Japan,Consumer Discretionary,3894607
Guotai Haitong Securities Co Ltd,China,Financials,132887159
Guotai Junan International Holdings Ltd,Hong Kong,Financials,9252331
Guzman y Gomez Ltd,Australia,Consumer Discretionary,2108248
Gwangju Shinsegae Co Ltd,South Korea,Consumer Discretionary,12565
H & M Hennes & Mauritz AB,Sweden,Consumer Discretionary,60386871
H Lundbeck A/S,Denmark,Health Care,35697459
H World Group Ltd,China,Consumer Discretionary,274418266
H&R Block Inc,United States,Consumer Discretionary,53018746
H.U. Group Holdings Inc,Japan,Health Care,6248731
H2O Retailing Corp,Japan,Consumer Discretionary,7320868
HA Sustainable Infrastructure Capital Inc,United States,Real Estate,62675797
HAESUNG DS Co Ltd,South Korea,Technology,5926587
HAL Trust,Netherlands,Financials,44862869
HAP Seng Consolidated Bhd,Malaysia,Industrials,5340939
HARTANAH KENYALANG Bhd,Malaysia,Industrials,2313918
HB Fuller Co,United States,Industrials,40851031
HBL Engineering Ltd,India,Industrials,8730344
HBM Holdings Ltd,Hong Kong,Health Care,13183711
HBX Group International PLC,Spain,Consumer Discretionary,15487071
HCA Healthcare Inc,United States,Health Care,774836585
HCL Technologies Ltd,India,Technology,104279716
HD Construction Equipment Co Ltd,South Korea,Industrials,19978875
HD Hyundai Co Ltd,South Korea,Energy,7982318
HD Hyundai Electric Co Ltd,South Korea,Industrials,333475740
HD Hyundai Heavy Industries Co Ltd,South Korea,Industrials,301942162
HD Hyundai Marine Solution Co Ltd,South Korea,Industrials,68528216
HD Korea Shipbuilding & Offshore Engineering Co Ltd,South Korea,Industrials,191867004
HD-Hyundai Marine Engine,South Korea,Industrials,16565081
HDB Financial Services Ltd,India,Financials,14435237
HDC Holdings Co Ltd,South Korea,Industrials,33772955
HDFC Asset Management Co Ltd,India,Financials,201980250
HDFC Bank Ltd,India,Financials,1512590374
HDFC Life Insurance Co Ltd,India,Financials,149437932
HEG Ltd,India,Industrials,4629919
HEICO Corp,United States,Industrials,404846263
HELLENiQ ENERGY Holdings S.A.,Greece,Energy,3677867
HERON NEUTRON MEDICAL CORP,Taiwan,Health Care,13595593
HF Sinclair Corp,United States,Energy,18709731
HFCL Ltd,India,Telecommunications,14635097
HI Mobility Bhd,Malaysia,Industrials,2197425
HI-LEX CORP,Japan,Consumer Discretionary,1512383
HIS Co Ltd,Japan,Consumer Discretionary,1794963
HK inno N Corp,South Korea,Health Care,8755455
HKBN Ltd,Hong Kong,Telecommunications,3823697
HL Holdings Corp,South Korea,Consumer Discretionary,8854180
HL Mando Co Ltd,South Korea,Consumer Discretionary,1315343
HLB Inc,South Korea,Health Care,4970862
HMC Capital Ltd,Australia,Financials,9545291
HMM Co Ltd,South Korea,Industrials,524991
HMS Networks AB,Sweden,Telecommunications,33014844
HOCHTIEF AG,Germany,Industrials,164728137
HP Inc,United States,Technology,6230960
HPSP Co Ltd,South Korea,Technology,3912621
HS Hyosung Advanced Materials Corp,South Korea,Basic Materials,66652
HS Hyosung Corp,South Korea,Basic Materials,1664
HS Industries Co Ltd,South Korea,Consumer Discretionary,2300716
HSBC Holdings PLC,United Kingdom,Financials,7228489827
HTC Corp,Taiwan,Telecommunications,580041
HUB24 Ltd,Australia,Financials,50316433
HUGO BOSS AG,Germany,Consumer Discretionary,11377254
HUMAN MADE Inc,Japan,Consumer Discretionary,12981387
HUTCHMED China Ltd,Hong Kong,Health Care,18840030
HYBE Co Ltd,South Korea,Consumer Discretionary,17813484
Hachijuni Nagano Bank Ltd,Japan,Financials,128316481
Haci Omer Sabanci Holding AS,Türkiye,Financials,12774369
Hacksaw AB,Sweden,Consumer Discretionary,11101602
Haidilao International Holding Ltd,China,Consumer Discretionary,15955629
Haier Smart Home Co Ltd,China,Consumer Discretionary,72299775
Hainan Jinpan Smart Technology Co Ltd,China,Industrials,1958428
Hainan Strait Shipping Co Ltd,China,Industrials,1031190
Haitian International Holdings Ltd,China,Industrials,29146816
Hakuhodo DY Holdings Inc,Japan,Consumer Discretionary,23927817
Hakuto Co Ltd,Japan,Technology,2853121
Haleon PLC,United Kingdom,Health Care,751335724
Halfords Group PLC,United Kingdom,Consumer Discretionary,10276257
Halliburton Co,United States,Energy,130200966
Halma PLC,United Kingdom,Industrials,464115133
Halows Co Ltd,Japan,Consumer Staples,1467171
Halozyme Therapeutics Inc,United States,Health Care,16830085
Hamakyorex Co Ltd,Japan,Industrials,3874402
Hamamatsu Photonics KK,Japan,Technology,77994285
Hamilton Lane Inc,United States,Financials,38717355
Hammerson PLC,United Kingdom,Real Estate,47832080
Han Kuk Carbon Co Ltd,South Korea,Basic Materials,4450126
Han's Laser Technology Industry Group Co Ltd,China,Industrials,6083568
Hana Financial Group Inc,South Korea,Financials,554358065
Hana Microelectronics PCL,Thailand,Technology,5575319
Hana Micron Inc,South Korea,Technology,3362084
Hana Tour Service Inc,South Korea,Consumer Discretionary,3632048
Hanall Biopharma Co Ltd,South Korea,Health Care,1269870
Hancock Whitney Corp,United States,Financials,77631465
Hang Lung Group Ltd,Hong Kong,Real Estate,24531538
Hang Lung Properties Ltd,Hong Kong,Real Estate,31136818
Hangcha Group Co Ltd,China,Industrials,4056200
Hangzhou GreatStar Industrial Co Ltd,China,Industrials,10544971
Hangzhou Honghua Digital Technology Stock Co Ltd,China,Industrials,4734715
Hangzhou Oxygen Plant Group Co Ltd,China,Basic Materials,2583801
Hangzhou Robam Appliances Co Ltd,China,Consumer Discretionary,4652
Hangzhou SF Intra-City Industrial Co Ltd,China,Industrials,530043
Hangzhou Silan Microelectronics Co Ltd,China,Technology,47467419
Hangzhou Tigermed Consulting Co Ltd,China,Health Care,44828547
Hangzhou Turbine Power Group Co Ltd,China,Technology,8694680
Hanil Cement Co Ltd/New,South Korea,Industrials,973379
Hanil Holdings Co Ltd,South Korea,Industrials,2405350
Hanjin Kal Corp,South Korea,Consumer Discretionary,1056311
Hanking Gold International Ltd,China,Basic Materials,6954467
Hankook & Co Co Ltd,South Korea,Consumer Discretionary,12912576
Hankyu Hanshin Holdings Inc,Japan,Industrials,104016136
Hankyu Hanshin REIT Inc,Japan,Real Estate,4346974
Hanmi Pharm Co Ltd,South Korea,Health Care,59323533
Hanmi Science Co ltd,South Korea,Health Care,443347
Hanmi Semiconductor Co Ltd,South Korea,Technology,1211724
Hannover Rueck SE,Germany,Financials,284508844
Hannstar Board Corp,Taiwan,Technology,6988899
Hanon Systems,South Korea,Consumer Discretionary,551787
Hanover Insurance Group Inc/The,United States,Financials,95767739
Hansae Co Ltd,South Korea,Consumer Discretionary,5135911
Hansen Technologies Ltd,Australia,Technology,11432257
Hansoh Pharmaceutical Group Co Ltd,China,Health Care,44653259
Hansol Chemical Co Ltd,South Korea,Basic Materials,54150079
Hanssem Co Ltd,South Korea,Consumer Discretionary,70245
Hanwa Co Ltd,Japan,Basic Materials,24384480
Hanwha Aerospace Co Ltd,South Korea,Industrials,474460802
Hanwha Engine,South Korea,Industrials,23388732
Hanwha Investment & Securities Co Ltd,South Korea,Financials,63558
Hanwha Life Insurance Co Ltd,South Korea,Financials,1260563
Hanwha Solutions Corp,South Korea,Energy,25634956
Hanwha Systems Co Ltd,South Korea,Industrials,3299159
Hanwha Vision Co Ltd,South Korea,Industrials,48550018
Hanyang Eng Co Ltd,South Korea,Industrials,776273
Hanza AB,Sweden,Industrials,14822754
Happiest Minds Technologies Ltd,India,Technology,613985
Happinet Corp,Japan,Consumer Discretionary,3248448
Hapvida Participacoes e Investimentos S/A,Brazil,Health Care,9507712
Harbin Electric Co Ltd,China,Industrials,13366332
Harel Insurance Investments & Financial Services Ltd,Israel,Financials,96832879
Harim Holdings Co Ltd,South Korea,Consumer Staples,4244578
Harmonic Drive Systems Inc,Japan,Industrials,178308870
Harmony Gold Mining Co Ltd,South Africa,Basic Materials,187417358
Hartadinata Abadi PT,Indonesia,Consumer Discretionary,185567
Hartalega Holdings Bhd,Malaysia,Health Care,3172759
Hartford Insurance Group Inc/The,United States,Financials,573460157
Harvey Norman Holdings Ltd,Australia,Consumer Discretionary,16647319
Harvia Oyj,Finland,Consumer Discretionary,11890320
Hasbro Inc,United States,Consumer Discretionary,154933224
Haseko Corp,Japan,Consumer Discretionary,68660049
Havas NV,Netherlands,Consumer Discretionary,5032888
Havells India Ltd,India,Industrials,86322709
Haw Par Corp Ltd,Singapore,Health Care,29532498
Hawkeye 360 Inc,United States,Telecommunications,6066000
Hays PLC,United Kingdom,Industrials,907599
Hazama Ando Corp,Japan,Industrials,8232231
HeadHunter Group PLC,Russia,Industrials,878964
Healius Ltd,Australia,Health Care,5879665
Health & Happiness H&H International Holdings Ltd,China,Consumer Staples,1
HealthCo REIT,Australia,Real Estate,983776
HealthEquity Inc,United States,Health Care,94794995
Healthcare Realty Trust Inc,United States,Real Estate,86015731
Healthpeak Properties Inc,United States,Real Estate,193460451
HeartFlow Inc,United States,Health Care,8626723
Hecla Mining Co,United States,Basic Materials,153969474
Heidelberg Materials AG,Germany,Industrials,641605551
Heilongjiang Agriculture Co Ltd,China,Consumer Staples,701588
Heineken Holding NV,Netherlands,Consumer Staples,290983275
Heineken NV,Netherlands,Consumer Staples,542001498
Heiwa Corp,Japan,Consumer Discretionary,3413423
Heiwa Real Estate Co Ltd,Japan,Real Estate,3489211
Heiwa Real Estate REIT Inc,Japan,Real Estate,11581903
Heiwado Co Ltd,Japan,Consumer Staples,3089130
Hektas Ticaret TAS,Türkiye,Basic Materials,724517
Helia Group Ltd,Australia,Financials,13058232
Helios Towers PLC,United Kingdom,Telecommunications,34256105
Hella GmbH & Co KGaA,Germany,Consumer Discretionary,37316916
Hellenic Telecommunications Organization SA,Greece,Telecommunications,1110716
Hello Group Inc,China,Technology,5762561
Helmerich & Payne Inc,United States,Energy,4755681
Helvetia Baloise Holding AG,Switzerland,Financials,296035376
Hemnet Group AB,Sweden,Real Estate,3511855
Henan Mingtai Al Industrial Co Ltd,China,Basic Materials,54386603
Henan Pinggao Electric Co Ltd,China,Industrials,1300825
Henan Shijia Photons Technology Co Ltd,China,Technology,1966707
Henderson Land Development Co Ltd,Hong Kong,Real Estate,72092628
Hengan International Group Co Ltd,China,Consumer Staples,12641732
Hengbao Co Ltd,China,Technology,1924392
Hengdian Group DMEGC Magnetics Co Ltd,China,Technology,69037986
Hengli Petrochemical Co Ltd,China,Basic Materials,23485153
Henkel AG & Co KGaA,Germany,Basic Materials,245644301
Henry Schein Inc,United States,Health Care,108486300
Hensoldt AG,Germany,Industrials,83305746
Hera SpA,Italy,Utilities,57637492
Herc Holdings Inc,United States,Industrials,319453258
Hermes International SCA,France,Consumer Discretionary,1167821489
Hero MotoCorp Ltd,India,Consumer Discretionary,224600929
Hershey Co/The,United States,Consumer Staples,263400278
Hesai Group,China,Industrials,5715213
Hewlett Packard Enterprise Co,United States,Technology,217460604
Hexagon AB,Sweden,Technology,338780505
Hexaware Technologies Ltd,India,Technology,6599185
Hexcel Corp,United States,Basic Materials,72359790
Hexpol AB,Sweden,Basic Materials,38212991
Hgtech Co Ltd,China,Technology,13597419
HiProMine SA,Poland,Consumer Staples,1265868
Hiab Oyj,Finland,Industrials,102894790
Hiap Teck Venture Bhd,Malaysia,Basic Materials,3180589
Hibiya Engineering Ltd,Japan,Industrials,3522978
Hiday Hidaka Corp,Japan,Consumer Discretionary,471
Hidrovias do Brasil SA,Brazil,Industrials,21211677
Hightech Payment Systems SA,Morocco,Industrials,4403814
Highwealth Construction Corp,Taiwan,Real Estate,29614351
Hikari Tsushin Inc,Japan,Telecommunications,65518114
Hikma Pharmaceuticals PLC,United Kingdom,Health Care,3847159
Hill & Smith PLC,United Kingdom,Basic Materials,98428301
Hilton Grand Vacations Inc,United States,Consumer Discretionary,36100160
Hilton Worldwide Holdings Inc,United States,Consumer Discretionary,807550720
Himadri Speciality Chemical Ltd,India,Basic Materials,13487593
Hindustan Aeronautics Ltd,India,Industrials,138824779
Hindustan Construction Co Ltd,India,Industrials,7352056
Hindustan Copper Ltd,India,Basic Materials,18006170
Hindustan Petroleum Corp Ltd,India,Energy,38318569
Hindustan Unilever Ltd,India,Consumer Staples,155473167
Hioki EE Corp,Japan,Industrials,4041939
Hipages Group Holdings Ltd,Australia,Technology,851057
Hirogin Holdings Inc,Japan,Financials,77492368
Hirose Electric Co Ltd,Japan,Technology,80695419
Hiscox Ltd,United Kingdom,Financials,232029171
Hisense Home Appliances Group Co Ltd,China,Consumer Discretionary,9657582
Hitachi Construction Machinery Co Ltd,Japan,Industrials,74532706
Hitachi Energy India Ltd,India,Industrials,45149065
Hitachi Ltd,Japan,Industrials,2084847671
Hitit Bilgisayar Hizmetleri AS,Türkiye,Technology,4420058
Hiwin Technologies Corp,Taiwan,Industrials,34287033
Ho Chi Minh City Development Joint Stock Commercial Bank,Vietnam,Financials,10793566
Hoa Phat Group JSC,Vietnam,Industrials,19723572
Hoang Huy Investment Financial Services JSC,Vietnam,Real Estate,2919973
Hochiki Corp,Japan,Industrials,30436825
Hochschild Mining PLC,United Kingdom,Basic Materials,28482822
Hokuetsu Corp,Japan,Basic Materials,2915509
Hokuhoku Financial Group Inc,Japan,Financials,76537952
Holcim AG,Switzerland,Industrials,918068091
Holding Co ADMIE IPTO SA,Greece,Utilities,32752141
Holmen AB,Sweden,Basic Materials,229261987
Holy Stone Enterprise Co Ltd,Taiwan,Technology,17920236
Home BancShares Inc/AR,United States,Financials,67765024
Home Depot Inc/The,United States,Consumer Discretionary,4402662088
Home First Finance Co India Ltd,India,Financials,66699871
Home Product Center PCL,Thailand,Consumer Discretionary,22584299
HomeCo Daily Needs REIT,Australia,Real Estate,20132773
Hon Hai Precision Industry Co Ltd,Taiwan,Technology,1219114331
Hon Precision Inc,Taiwan,Technology,280208182
Honasa Consumer Ltd,India,Consumer Discretionary,6259139
Honda Motor Co Ltd,Japan,Consumer Discretionary,426695060
Honeywell Automation India Ltd,India,Industrials,10200856
Honeywell International Inc,United States,Industrials,34168483
Hong Kong & China Gas Co Ltd,Hong Kong,Utilities,123905197
Hong Kong Exchanges & Clearing Ltd,Hong Kong,Financials,1082171228
Hong Leong Bank Bhd,Malaysia,Financials,41514163
Hong Leong Capital Bhd,Malaysia,Financials,905260
Hong Leong Financial Group Bhd,Malaysia,Financials,24886529
Hong Leong Industries Bhd,Malaysia,Consumer Discretionary,12920087
Hongfa Technology Co Ltd,China,Technology,4798724
Hongkong Land Holdings Ltd,Hong Kong,Real Estate,99394196
Honma Golf Ltd,Japan,Consumer Discretionary,6677776
Hopson Development Holdings Ltd,China,Real Estate,331
Horiba Ltd,Japan,Industrials,110553414
Horizon Construction Development Ltd,China,Industrials,628008
Horizon Robotics,China,Technology,50188050
Hormel Foods Corp,United States,Consumer Staples,140395546
Hornbach Baumarkt AG,Germany,Consumer Discretionary,9982015
Hoshino Resorts REIT Inc,Japan,Real Estate,6139411
Hoshizaki Corp,Japan,Industrials,79385285
Hosiden Corp,Japan,Technology,4952258
Hospital Mater Dei SA,Brazil,Health Care,3609592
Host Hotels & Resorts Inc,United States,Real Estate,175058873
Hotai Finance Co Ltd,Taiwan,Financials,2321171
Hotai Motor Co Ltd,Taiwan,Consumer Discretionary,43748949
Hotel Shilla Co Ltd,South Korea,Consumer Discretionary,1285281
Houlihan Lokey Inc,United States,Financials,76546113
House Foods Group Inc,Japan,Consumer Staples,23672002
Housing & Urban Development Corp Ltd,India,Financials,13735159
Howard Hughes Holdings Inc,United States,Real Estate,28640109
Howden Joinery Group PLC,United Kingdom,Consumer Discretionary,50100178
Howmet Aerospace Inc,United States,Industrials,2081882189
Hoya Corp,Japan,Health Care,907862646
Hu Lane Associate Inc,Taiwan,Technology,1577535
Hua Hong Grace Semiconductor Ltd,China,Technology,233098533
Hua Nan Financial Holdings Co Ltd,Taiwan,Financials,131992786
Huadong Medicine Co Ltd,China,Health Care,70393051
Huafon Chemical Co Ltd,China,Basic Materials,2145891
Huaku Development Co Ltd,Taiwan,Real Estate,10837500
Hualan Biological Engineering Inc,China,Health Care,202679
Huaming Power Equipment Co Ltd,China,Industrials,4071436
Huangshan Tourism Development Co Ltd,China,Consumer Discretionary,1105740
Huaqin Co Ltd,China,Technology,29758276
Huatai Securities Co Ltd,China,Financials,47008846
Huaxin Building Materials Group Co Ltd,China,Industrials,3350216
HubSpot Inc,United States,Technology,27630919
Hubbell Inc,United States,Industrials,58364530
Hubei Feilihua Quartz Glass Co Ltd,China,Industrials,5449379
Hubei Xingfa Chemicals Group Co Ltd,China,Basic Materials,2293745
Huber + Suhner AG,Switzerland,Telecommunications,84970837
Hudbay Minerals Inc,Canada,Basic Materials,155689532
Hufvudstaden AB,Sweden,Real Estate,23742852
Hugel Inc,South Korea,Health Care,10187166
Huhtamaki Oyj,Finland,Industrials,71303785
Hulic Co Ltd,Japan,Real Estate,90594490
Hulic Reit Inc,Japan,Real Estate,10778551
Humana AB,Sweden,Health Care,10333362
Humana Inc,United States,Health Care,791417553
Humanwell Healthcare Group Co Ltd,China,Health Care,16160958
Hume Cement Industries Bhd,Malaysia,Industrials,3407732
Humedix Co Ltd,South Korea,Health Care,249471
Hunan Valin Steel Co Ltd,China,Basic Materials,792475
Huntington Bancshares Inc/OH,United States,Financials,542878788
Husqvarna AB,Sweden,Consumer Discretionary,5646666
Hut 8 Corp,United States,Technology,2410376
Hutchison Port Holdings Trust,Singapore,Industrials,16428569
Hwaseung Enterprise Co Ltd,South Korea,Consumer Discretionary,3572756
Hy-Lok Corp,South Korea,Industrials,4415900
Hyakugo Bank Ltd/The,Japan,Financials,23327640
Hyakujushi Bank Ltd/The,Japan,Financials,8416840
Hyatt Hotels Corp,United States,Consumer Discretionary,3504046
Hydro One Ltd,Canada,Utilities,141690319
Hygeia Healthcare Holdings Co Ltd,China,Health Care,170222
Hygon Information Technology Co Ltd,China,Technology,455466872
Hyosung Corp,South Korea,Industrials,1054312
Hyosung Heavy Industries Corp,South Korea,Technology,89585941
Hyosung TNC Corp,South Korea,Basic Materials,35938832
Hypera SA,Brazil,Health Care,937360
Hyprop Investments Ltd,South Africa,Real Estate,19675140
Hysan Development Co Ltd,Hong Kong,Real Estate,19211997
Hyulim ROBOT Co Ltd,South Korea,Industrials,731846
Hyundai Autoever Corp,South Korea,Technology,9731434
Hyundai Bioscience Co Ltd,South Korea,Consumer Staples,242424
Hyundai Department Store Co Ltd,South Korea,Consumer Discretionary,69813891
Hyundai Elevator Co Ltd,South Korea,Industrials,5486444
Hyundai Engineering & Construction Co Ltd,South Korea,Industrials,47557559
Hyundai GF Holdings,South Korea,Consumer Discretionary,62263254
Hyundai Glovis Co Ltd,South Korea,Industrials,26533250
Hyundai Green Food,South Korea,Consumer Discretionary,13755959
Hyundai Marine & Fire Insurance Co Ltd,South Korea,Financials,1495696
Hyundai Mobis Co Ltd,South Korea,Consumer Discretionary,393771703
Hyundai Motor Co,South Korea,Consumer Discretionary,821117751
Hyundai Motor India Ltd,India,Consumer Discretionary,21392550
Hyundai Rotem Co Ltd,South Korea,Industrials,266251947
Hyundai Wia Corp,South Korea,Consumer Discretionary,16312792
I&M Group PLC,Kenya,Financials,805330
I-TAIL Corp PCL,Thailand,Consumer Staples,18791355
IBF Financial Holdings Co Ltd,Taiwan,Financials,4070993
IBRACO Bhd,Malaysia,Real Estate,1878151
ICADE,France,Real Estate,20398960
ICG PLC,United Kingdom,Financials,37867537
ICICI Bank Ltd,India,Financials,1471554349
ICICI Lombard General Insurance Co Ltd,India,Financials,250130043
ICICI Prudential Asset Management Co Ltd/India,India,Financials,55107666
ICICI Prudential Life Insurance Co Ltd,India,Financials,83831242
ICL Group Ltd,Israel,Basic Materials,106794597
ICON PLC,United States,Health Care,155886833
ICOP SpA,Italy,Industrials,3869910
ICU Medical Inc,United States,Health Care,46359025
ID Logistics Group SACA,France,Industrials,41044173
IDBI Bank Ltd,India,Financials,5037639
IDEX Corp,United States,Industrials,191022453
IDEXX Laboratories Inc,United States,Health Care,113572586
IDFC First Bank Ltd,India,Financials,31281048
IDGC of the North-West PJSC,Russia,Utilities,52464
IDICO Corp JSC,Vietnam,Industrials,4573475
IDOM Inc,Japan,Consumer Discretionary,2729623
IDP Education Ltd,Australia,Consumer Discretionary,5001435
IES Holdings Inc,United States,Industrials,78818733
IFCI Ltd,India,Financials,1
IG Group Holdings PLC,United Kingdom,Financials,181575124
IGB Real Estate Investment Trust,Malaysia,Real Estate,15357919
IGM Financial Inc,Canada,Financials,56514847
IGO Ltd,Australia,Basic Materials,146082284
IHH Healthcare Bhd,Malaysia,Health Care,47490784
IHI Corp,Japan,Industrials,247204598
IIFL Finance Ltd,India,Financials,9407728
IJM Corp Bhd,Malaysia,Industrials,34906594
IMCD NV,Netherlands,Basic Materials,298079445
IMI PLC,United Kingdom,Industrials,243363584
INESA Intelligent Tech Inc,China,Technology,1136181
INFRONEER Holdings Inc,Japan,Industrials,94001364
ING Groep NV,Netherlands,Financials,2104410829
INVISIO AB,Sweden,Industrials,22554501
IOI Properties Group Bhd,Malaysia,Real Estate,24646919
ION Exchange India Ltd,India,Utilities,2492520
IONOS Group SE,Germany,Technology,18814905
IPD Group Ltd/Australia,Australia,Industrials,1529421
IPG Photonics Corp,United States,Technology,36934800
IPH Ltd,Australia,Industrials,8223513
IPSOS SA,France,Consumer Discretionary,55543335
IQVIA Holdings Inc,United States,Health Care,403891244
IRB Infrastructure Developers Ltd,India,Industrials,8448110
IRCON International Ltd,India,Industrials,2650129
IREN Ltd,United States,Technology,184816606
IRESS Ltd,Australia,Technology,45689852
IRPC PCL,Thailand,Energy,736993
IRhythm Holdings Inc,United States,Health Care,17613164
ISC Co Ltd,South Korea,Technology,41640268
ISS A/S,Denmark,Industrials,186496776
ISU Specialty Chemical,South Korea,Basic Materials,1126472
ITC Hotels Ltd,India,Consumer Discretionary,19376276
ITE Technology Inc,Taiwan,Technology,6479842
ITEQ Corp,Taiwan,Technology,14703581
ITG Inc,United States,Industrials,7200000
ITMAX SYSTEM Bhd,Malaysia,Industrials,19148988
ITOCHU Corp,Japan,Industrials,1258948077
ITT Inc,United States,Industrials,222072812
ITV PLC,United Kingdom,Consumer Discretionary,15150099
IVE Group Ltd,Australia,Consumer Discretionary,8026170
Iberdrola SA,Spain,Utilities,3887061401
Ibiden Co Ltd,Japan,Technology,845881692
Ichibanya Co Ltd,Japan,Consumer Discretionary,845143
Ichigo Inc,Japan,Real Estate,2776961
Ichigo Office REIT Investment Corp,Japan,Real Estate,4346672
Ichitan Group PCL,Thailand,Consumer Staples,1952048
Ideaya Biosciences Inc,United States,Health Care,5955224
Idec Corp/Japan,Japan,Industrials,2739985
Idemitsu Kosan Co Ltd,Japan,Energy,95490864
Iguatemi SA,Brazil,Real Estate,27115174
Iida Group Holdings Co Ltd,Japan,Consumer Discretionary,34706322
Iino Kaiun Kaisha Ltd,Japan,Industrials,3960066
Iljin Electric Co Ltd,South Korea,Industrials,1550132
Illinois Tool Works Inc,United States,Industrials,849461883
Illumina Inc,United States,Health Care,103674291
Iluka Resources Ltd,Australia,Basic Materials,30511886
Imdex Ltd,Australia,Basic Materials,34618526
Imeik Technology Development Co Ltd,China,Health Care,462977
Imerys SA,France,Basic Materials,15030297
Immobiliare Grande Distribuzione SIIQ SpA,Italy,Real Estate,2360404
Immunovant Inc,United States,Health Care,11320692
Impala Platinum Holdings Ltd,South Africa,Basic Materials,279358202
Imperial Hotel Ltd,Japan,Consumer Discretionary,1651140
Impinj Inc,United States,Technology,42855705
Imugene Ltd,Australia,Health Care,358001
InPost SA,Netherlands,Industrials,578604060
InRetail Peru Corp,Peru,Consumer Staples,23940000
Inaba Denki Sangyo Co Ltd,Japan,Industrials,8447788
Inabata & Co Ltd,Japan,Industrials,7200148
Inari Amertron Bhd,Malaysia,Technology,52175073
Inchcape PLC,United Kingdom,Consumer Discretionary,64187391
Incyte Corp,United States,Health Care,73166398
Indegene Ltd,India,Industrials,34412878
Independence Realty Trust Inc,United States,Real Estate,49748317
Independent Bank Corp,United States,Financials,51590441
Index Livingmall PCL,Thailand,Consumer Discretionary,851037
India Cements Ltd/The,India,Industrials,342560
IndiaMart InterMesh Ltd,India,Technology,5449182
Indiabulls Ltd,India,Consumer Discretionary,14
Indian Bank,India,Financials,23077310
Indian Energy Exchange Ltd,India,Financials,4475700
Indian Hotels Co Ltd/The,India,Consumer Discretionary,89642034
Indian Oil Corp Ltd,India,Energy,49713659
Indian Overseas Bank,India,Financials,3794564
Indian Railway Catering & Tourism Corp Ltd,India,Consumer Discretionary,16152856
Indian Railway Finance Corp Ltd,India,Industrials,10182374
Indian Renewable Energy Development Agency Ltd,India,Financials,7008389
Indofood CBP Sukses Makmur Tbk PT,Indonesia,Consumer Staples,26670537
Indorama Ventures PCL,Thailand,Basic Materials,27651325
Indosat Tbk PT,Indonesia,Telecommunications,10090438
Indra Sistemas SA,Spain,Technology,101154544
Indraprastha Gas Ltd,India,Utilities,30698777
Indus Towers Ltd,India,Telecommunications,50298809
IndusInd Bank Ltd,India,Financials,173354110
Industria de Diseno Textil SA,Spain,Consumer Discretionary,1614674482
Industrial & Commercial Bank of China Ltd,China,Financials,899355339
Industrial & Infrastructure Fund Investment Corp,Japan,Real Estate,35491371
Industrial Bank Co Ltd,China,Financials,4418114
Industrial Bank of Korea,South Korea,Financials,2578818
Industries Qatar QSC,Qatar,Basic Materials,90723544
Industrivarden AB,Sweden,Financials,284672598
Indutrade AB,Sweden,Industrials,95530243
Inficon Holding AG,Switzerland,Industrials,83458058
Infineon Technologies AG,Germany,Technology,2881754446
Info Edge India Ltd,India,Technology,106947861
Infomart Corp,Japan,Technology,558690
Informa PLC,United Kingdom,Consumer Discretionary,639517564
Infosys Ltd,India,Technology,234125987
Infrastrutture Wireless Italiane SpA,Italy,Telecommunications,47547894
Infratil Ltd,New Zealand,Financials,155439040
Ingenia Communities Group,Australia,Real Estate,21165286
Ingersoll Rand Inc,United States,Industrials,413215744
Ingram Micro Holding Corp,United States,Technology,4846278
Ingredion Inc,United States,Consumer Staples,66132489
Inhibrx Biosciences Inc,United States,Health Care,14057773
Inner Mongolia ERDOS Resources Co Ltd,China,Basic Materials,5760771
Inner Mongolia Xingye Silver&Tin Mining Co Ltd,China,Basic Materials,2219163
Inner Mongolia Yili Industrial Group Co Ltd,China,Consumer Staples,59939389
Innio NV,Germany,Industrials,15202229
InnoCare Pharma Ltd,China,Health Care,15858755
InnoScience Suzhou Technology Holding Co Ltd,China,Technology,26345982
Innocean Worldwide Inc,South Korea,Consumer Discretionary,16890072
Innodisk Corp,Taiwan,Technology,34511870
Innolux Corp,Taiwan,Technology,220307498
Innostar Service Inc,Taiwan,Technology,16635381
Innovent Biologics Inc,China,Health Care,244755538
Innox Advanced Materials Co Ltd,South Korea,Technology,8759117
Inox Wind Ltd,India,Energy,7702191
Insilico Medicine Cayman TopCo,Hong Kong,Health Care,50742277
Insmed Inc,United States,Health Care,381571549
Inspire Medical Systems Inc,United States,Health Care,8844914
Installatoergruppen A/S,Denmark,Industrials,4143469
Installed Building Products Inc,United States,Industrials,68146181
Instituto de Diagnostico SA,Chile,Health Care,6751639
Instone Real Estate Group SE,Germany,Real Estate,4094415
Insulet Corp,United States,Health Care,146681000
Insurance Australia Group Ltd,Australia,Financials,303006445
Intact Financial Corp,Canada,Financials,486128848
IntegraFin Holdings PLC,United Kingdom,Financials,17337738
Integrated Diagnostics Holdings PLC,Egypt,Health Care,7228122
Intel Corp,United States,Technology,7694479404
Intellect Design Arena Ltd,India,Technology,4815921
Intellian Technologies Inc,South Korea,Telecommunications,3310161
Intelligent Monitoring Group Ltd,Australia,Industrials,4621968
Inter & Co Inc,Brazil,Financials,49403664
Inter RAO UES PJSC,Russia,Utilities,2304648
InterContinental Hotels Group PLC,United Kingdom,Consumer Discretionary,185215602
InterDigital Inc,United States,Telecommunications,92043298
InterGlobe Aviation Ltd,India,Consumer Discretionary,271812271
Interactive Brokers Group Inc,United States,Financials,504380088
Interconexion Electrica SA ESP,Colombia,Utilities,19498323
Intercontinental Exchange Inc,United States,Financials,1021066461
Intercorp Financial Services Inc,United States,Financials,23506538
Interlink Communication PCL,Thailand,Telecommunications,1189845
Interlink Telecom PCL,Thailand,Telecommunications,1114131
International Bancshares Corp,United States,Financials,53193405
International Business Machines Corp,United States,Technology,2308230734
International Consolidated Airlines Group SA,United Kingdom,Consumer Discretionary,344935037
International Container Terminal Services Inc,Philippines,Industrials,267717743
International Flavors & Fragrances Inc,United States,Basic Materials,143996055
International Games System Co Ltd,Taiwan,Consumer Discretionary,130276082
International General Insurance Holdings Ltd,Jordan,Financials,3471163
International Paper Co,United States,Basic Materials,235105461
International Workplace Group PLC,United Kingdom,Real Estate,23127351
Internet Initiative Japan Inc,Japan,Telecommunications,38006011
Interparfums SA,France,Consumer Discretionary,9124874
Interpump Group SpA,Italy,Industrials,52085234
Interroll Holding AG,Switzerland,Industrials,22145947
Intershop Holding AG,Switzerland,Real Estate,22135338
Intertek Group PLC,United Kingdom,Industrials,280216203
Intesa Sanpaolo SpA,Italy,Financials,1897783249
Intred SpA,Italy,Telecommunications,1940619
Intuit Inc,United States,Technology,1245316869
Intuitive Surgical Inc,United States,Health Care,1890753255
Inventec Corp,Taiwan,Technology,21597464
Inventurus Knowledge Solutions Ltd,India,Health Care,90322557
Inversiones La Construccion SA,Chile,Financials,3169430
Invesco Ltd,United States,Financials,137508658
Investec Ltd,South Africa,Financials,17051199
Investec PLC,United Kingdom,Financials,99839662
Investis Holding SA,Switzerland,Real Estate,7216122
Investment AB Latour,Sweden,Industrials,44504025
Investor AB,Sweden,Financials,1852527545
Invincible Investment Corp,Japan,Real Estate,48295882
Invitation Homes Inc,United States,Real Estate,1552824270
Iochpe Maxion SA,Brazil,Consumer Discretionary,7782157
IonQ Inc,United States,Technology,240944352
Ionis Pharmaceuticals Inc,United States,Health Care,73679043
Ipca Laboratories Ltd,India,Health Care,24533970
IperionX Ltd,Australia,Basic Materials,11102357
Ipsen SA,France,Health Care,117997166
Iren SpA,Italy,Utilities,36320346
Iriso Electronics Co Ltd,Japan,Technology,1959700
Iron Mountain Inc,United States,Real Estate,488073461
Is Yatirim Menkul Degerler AS,Türkiye,Financials,4443787
Isa Energia Brasil sa,Brazil,Utilities,1111855
Ise Chemicals Corp,Japan,Basic Materials,2203858
Isetan Mitsukoshi Holdings Ltd,Japan,Consumer Discretionary,76365824
Ishihara Sangyo Kaisha Ltd,Japan,Basic Materials,2660760
Ishikawa Seisakusho Ltd,Japan,Industrials,1067528
Isiklar Enerji ve Yapi Holding AS,Türkiye,Consumer Discretionary,3478292
Iskandar Waterfront City Bhd,Malaysia,Real Estate,1236052
Iskenderun Demir ve Celik AS,Türkiye,Basic Materials,511205
Israel Canada T.R Ltd,Israel,Real Estate,1257764
Israel Corp Ltd,Israel,Basic Materials,25322472
Israel Discount Bank Ltd,Israel,Financials,10810459
IsuPetasys Co Ltd,South Korea,Technology,4383383
Isuzu Motors Ltd,Japan,Industrials,99785899
Italgas SpA,Italy,Utilities,116674871
Italian Wine Brands SpA,Italy,Consumer Staples,5494388
Itau Unibanco Holding SA,Brazil,Financials,945609411
Itausa SA,Brazil,Financials,266956527
Ito En Ltd,Japan,Consumer Staples,14585424
Itochu Enex Co Ltd,Japan,Consumer Discretionary,3423507
Itoham Yonekyu Holdings Inc,Japan,Consumer Staples,13523623
Itoki Corp,Japan,Consumer Discretionary,15006678
Itron Inc,United States,Industrials,48208805
Ivanhoe Mines Ltd,Canada,Basic Materials,86321767
Iveco Group NV,Italy,Industrials,138912754
Iwatani Corp,Japan,Utilities,37777720
Iyogin Holdings Inc,Japan,Financials,75245771
Izostal SA,Poland,Basic Materials,785667
Izumi Co Ltd,Japan,Consumer Discretionary,4813763
J Front Retailing Co Ltd,Japan,Consumer Discretionary,88962132
J M Smucker Co/The,United States,Consumer Staples,169930350
J Sainsbury PLC,United Kingdom,Consumer Staples,22058971
J&T Global Express Ltd,China,Industrials,169052151
JAC Recruitment Co Ltd,Japan,Industrials,1032125
JAFCO Group Co ltd,Japan,Financials,4474519
JB Chemicals & Pharmaceuticals Ltd,India,Health Care,82508086
JB Financial Group Co Ltd,South Korea,Financials,64862493
JB Hi-Fi Ltd,Australia,Consumer Discretionary,99019385
JB Hunt Transport Services Inc,United States,Industrials,434329077
JBM Auto Ltd,India,Consumer Discretionary,237014
JBT Marel Corp,United States,Industrials,95447845
JCDecaux SE,France,Consumer Discretionary,31344272
JCET Group Co Ltd,China,Technology,7629902
JCHX Mining Management Co Ltd,China,Basic Materials,18947386
JCR Pharmaceuticals Co Ltd,Japan,Health Care,3881944
JCU Corp,Japan,Basic Materials,4908473
JCY International Bhd,Malaysia,Technology,3266708
JD Health International Inc,China,Consumer Staples,59933677
JD Logistics Inc,China,Industrials,30699938
JD Sports Fashion PLC,United Kingdom,Consumer Discretionary,30034058
JD.com Inc,China,Consumer Discretionary,293809970
JF SmartInvest Holdings Ltd,China,Technology,2477796
JFE Holdings Inc,Japan,Basic Materials,54262391
JFrog Ltd,United States,Technology,148285624
JG Summit Holdings Inc,Philippines,Industrials,2780147
JGC Holdings Corp,Japan,Industrials,57318986
JHT Design Co Ltd,China,Technology,148530751
JINGDONG Industrials Inc,China,Industrials,2097472
JINS Holdings Inc,Japan,Consumer Discretionary,3368097
JK Cement Ltd,India,Industrials,38653412
JK Lakshmi Cement Ltd,India,Industrials,662168
JK Paper Ltd,India,Basic Materials,2423200
JK Tyre & Industries Ltd,India,Consumer Discretionary,2739895
JM AB,Sweden,Consumer Discretionary,355151
JM Financial Ltd,India,Financials,2805757
JMDC Inc,Japan,Industrials,15890988
JNBY Design Ltd,China,Consumer Discretionary,3616572
JOST Werke SE,Germany,Consumer Discretionary,6674512
JOYY Inc,China,Technology,12265957
JPC connectivity Inc,Taiwan,Technology,1757883
JPMorgan Chase & Co,United States,Financials,11659697545
JR Global Reit,South Korea,Real Estate,242160
JS Global Lifestyle Co Ltd,China,Consumer Discretionary,4531180
JSL Construction & Development Co Ltd,Taiwan,Real Estate,1909050
JSL SA,Brazil,Industrials,3702099
JSW Dulux Ltd,India,Industrials,1797270
JSW Holdings Ltd/India,India,Financials,1083038
JSW Infrastructure Ltd,India,Industrials,9559596
JSW Steel Ltd,India,Basic Materials,110418424
JTC PLC,United Kingdom,Financials,204445213
JTEKT Corp,Japan,Consumer Discretionary,47035793
JUMBO SA,Greece,Consumer Discretionary,118117903
JVCKenwood Corp,Japan,Consumer Discretionary,24868101
JVM Co Ltd,South Korea,Health Care,3436369
JW Pharmaceutical Corp,South Korea,Health Care,3998
JX Advanced Metals Corp,Japan,Basic Materials,280793162
JYP Entertainment Corp,South Korea,Consumer Discretionary,14627916
Jabil Inc,United States,Technology,539748325
Jaccs Co Ltd,Japan,Financials,3324919
Jack Henry & Associates Inc,United States,Industrials,128137180
Jackson Financial Inc,United States,Financials,89875894
Jacobio Pharmaceuticals Group Co Ltd,Hong Kong,Health Care,1859080
Jacquet Metals SACA,France,Basic Materials,6332932
Jahwa Electronics Co Ltd,South Korea,Technology,11776717
Jai Balaji Industries Ltd,India,Basic Materials,3563607
Jalles Machado SA,Brazil,Consumer Staples,1923152
James Hardie Industries PLC,Australia,Industrials,257499741
Jammu & Kashmir Bank Ltd/The,India,Financials,2948782
Janus Henderson Group PLC,United States,Financials,83919874
Janus Living Inc,United States,Real Estate,14370000
Japan Airlines Co Ltd,Japan,Consumer Discretionary,49064821
Japan Airport Terminal Co Ltd,Japan,Industrials,33694210
Japan Aviation Electronics Industry Ltd,Japan,Technology,4284248
Japan Display Inc,Japan,Technology,1530667
Japan Elevator Service Holdings Co Ltd,Japan,Industrials,8447565
Japan Excellent Inc,Japan,Real Estate,7112789
Japan Exchange Group Inc,Japan,Financials,186196379
Japan Eyewear Holdings Co Ltd,Japan,Consumer Discretionary,12178222
Japan Hotel REIT Investment Corp,Japan,Real Estate,49135993
Japan Investment Adviser Co Ltd,Japan,Industrials,1678687
Japan Lifeline Co Ltd,Japan,Health Care,2371222
Japan Logistics Fund Inc,Japan,Real Estate,25898168
Japan Material Co Ltd,Japan,Technology,35136379
Japan Metropolitan Fund Invest,Japan,Real Estate,79269064
Japan Post Bank Co Ltd,Japan,Financials,570214035
Japan Post Holdings Co Ltd,Japan,Financials,374217754
Japan Post Insurance Co Ltd,Japan,Financials,83621487
Japan Prime Realty Investment Corp,Japan,Real Estate,35828578
Japan Pulp & Paper Co Ltd,Japan,Basic Materials,3240306
Japan Real Estate Investment Corp,Japan,Real Estate,81737237
Japan Securities Finance Co Ltd,Japan,Financials,6027814
Japan Steel Works Ltd/The,Japan,Industrials,70289672
Japan Wool Textile Co Ltd/The,Japan,Basic Materials,2854455
Japfa Comfeed Indonesia Tbk PT,Indonesia,Consumer Staples,3005134
Jasa Marga Persero Tbk PT,Indonesia,Industrials,5022382
Jason Furniture Hangzhou Co Ltd,China,Consumer Discretionary,35457578
Jastrzebska Spolka Weglowa SA,Poland,Energy,7276474
Jati Tinggi Group Bhd,Malaysia,Industrials,837817
Jazz Pharmaceuticals PLC,United States,Health Care,184959656
Jefferies Financial Group Inc,United States,Financials,113869434
Jeju Semiconductor Corp,South Korea,Technology,728031
Jenoptik AG,Germany,Technology,31011671
Jentech Precision Industrial Co Ltd,Taiwan,Technology,152273416
Jeol Ltd,Japan,Industrials,39398204
Jeronimo Martins SGPS SA,Portugal,Consumer Staples,121138306
Jiangsu Boqian New Materials Stock Co Ltd,China,Basic Materials,74391675
Jiangsu Eastern Shenghong Co Ltd,China,Basic Materials,1624807
Jiangsu Etern Co Ltd,China,Industrials,24835553
Jiangsu Expressway Co Ltd,China,Industrials,14627238
Jiangsu Hengli Hydraulic Co Ltd,China,Industrials,327322558
Jiangsu Hengrui Pharmaceuticals Co Ltd,China,Health Care,145582150
Jiangsu Jiejie Microelectronics Co Ltd,China,Technology,2319755
Jiangsu Leadmicro Nano Technology Co Ltd,China,Technology,138881021
Jiangsu Nata Opto-electronic Material Co Ltd,China,Basic Materials,1024
Jiangsu Yangnong Chemical Co Ltd,China,Basic Materials,37082203
Jiangsu Yuyue Medical Equipment & Supply Co Ltd,China,Health Care,512452
Jiangsu Zhongtian Technology Co Ltd,China,Telecommunications,101571303
Jiangxi Copper Co Ltd,China,Basic Materials,103973259
Jinan Acetate Chemical Co Ltd,Taiwan,Basic Materials,7246004
Jinhong Gas Co Ltd,China,Basic Materials,3055392
Jinmao Property Services Co Ltd,Hong Kong,Real Estate,121
Jinsung T.E.C.,South Korea,Industrials,6060311
Jinxin Fertility Group Ltd,China,Health Care,7
Jio Financial Services Ltd,India,Financials,58747591
Jishan Bhd,Malaysia,Industrials,1015328
Joby Aviation Inc,United States,Industrials,28967450
Johnson & Johnson,United States,Health Care,7585428403
Johnson Controls International plc,United States,Industrials,1190043887
Johnson Electric Holdings Ltd,Hong Kong,Industrials,15971479
Johnson Health Tech Co Ltd,Taiwan,Consumer Discretionary,4007262
Johnson Matthey PLC,United Kingdom,Basic Materials,21374290
Jollibee Foods Corp,Philippines,Consumer Discretionary,31435260
Jones Lang LaSalle Inc,United States,Real Estate,171688434
Joyful Honda Co Ltd,Japan,Consumer Discretionary,3508851
Jubilant Foodworks Ltd,India,Consumer Discretionary,8761232
Jubilant Ingrevia Ltd,India,Basic Materials,1073481
Jubilant Pharmova Ltd,India,Health Care,50663084
Judo Capital Holdings Ltd,Australia,Financials,6811435
Julius Baer Group Ltd,Switzerland,Financials,120737862
Jumbo Interactive Ltd,Australia,Consumer Discretionary,4274185
Jupiter Life Line Hospitals Ltd,India,Health Care,3857511
Jupiter Wagons Ltd,India,Industrials,2725878
Juroku Financial Group Inc,Japan,Financials,11961822
Just Dial Ltd,India,Technology,1187348
Justsystems Corp,Japan,Technology,16218625
Jusung Engineering Co Ltd,South Korea,Technology,62483198
Jyothy Labs Ltd,India,Consumer Staples,2311974
Jyoti CNC Automation Ltd,India,Industrials,11212347
Jyske Bank A/S,Denmark,Financials,155657876
K Car Co Ltd,South Korea,Consumer Discretionary,3684
K Wah International Holdings Ltd,China,Real Estate,22995
K&O Energy Group Inc,Japan,Utilities,1810643
K's Holdings Corp,Japan,Consumer Discretionary,22380588
K+S AG,Germany,Basic Materials,13248648
K92 Mining Inc,Canada,Basic Materials,49681057
KAP Ltd,South Africa,Industrials,6495923
KB Components AB,Sweden,Industrials,1104624
KB Financial Group Inc,South Korea,Financials,837495067
KB Home,United States,Consumer Discretionary,52738084
KBC Ancora,Belgium,Financials,69659042
KBC Corp Ltd,China,Industrials,2003840
KBC Group NV,Belgium,Financials,27858683
KBR Inc,United States,Technology,59269882
KCB Group PLC,Kenya,Financials,11067099
KCC Corp,South Korea,Industrials,1323564
KCC Glass Corp,South Korea,Industrials,895
KCE Electronics PCL,Thailand,Technology,2124537
KCG Corp PCL,Thailand,Consumer Staples,916161
KDDI Corp,Japan,Telecommunications,852975009
KDX Realty Investment Corp,Japan,Real Estate,60381693
KE Holdings Inc,China,Real Estate,325596499
KEC International Ltd,India,Industrials,13282195
KEI Industries Ltd,India,Industrials,195566141
KEPCO Engineering & Construction Co Inc,South Korea,Industrials,4766529
KGHM Polska Miedz SA,Poland,Basic Materials,57207633
KGI Financial Holding Co Ltd,Taiwan,Financials,180721985
KH Neochem Co Ltd,Japan,Basic Materials,4354331
KION Group AG,Germany,Industrials,52792401
KIWOOM Securities Co Ltd,South Korea,Financials,57789069
KKR & Co Inc,United States,Financials,1197471006
KLA Corp,United States,Technology,5298486803
KLN Logistics Group Ltd,Hong Kong,Industrials,855504
KMD Brands Ltd,New Zealand,Consumer Discretionary,1114267
KOC Holding AS,Türkiye,Energy,88833917
KOMEDA Holdings Co Ltd,Japan,Consumer Discretionary,5559690
KPI Green Energy Ltd,India,Utilities,9745579
KPIT Technologies Ltd,India,Technology,9191680
KPJ Healthcare Bhd,Malaysia,Health Care,5847210
KPR Mill Ltd,India,Basic Materials,10952865
KRBL Ltd,India,Consumer Staples,3893946
KRUK SA,Poland,Financials,48627160
KSB Ltd,India,Industrials,4954421
KT Nasmedia Co Ltd,South Korea,Consumer Discretionary,1673837
KWS Saat SE & Co KGaA,Germany,Consumer Staples,15257490
KYB Corp,Japan,Consumer Discretionary,4207537
Kadant Inc,United States,Industrials,47856601
Kadokawa Corp,Japan,Consumer Discretionary,30124254
Kaga Electronics Co Ltd,Japan,Technology,4660545
Kagome Co Ltd,Japan,Consumer Staples,22747174
Kaisa Group Holdings Ltd,China,Real Estate,6
Kajaria Ceramics Ltd,India,Industrials,5429162
Kajima Corp,Japan,Industrials,240147259
Kakaku.com Inc,Japan,Technology,63200571
Kakao Corp,South Korea,Technology,97269278
Kakao Games Corp,South Korea,Consumer Discretionary,257443
KakaoBank Corp,South Korea,Financials,13580494
Kakaopay Corp,South Korea,Industrials,1221220
Kaken Pharmaceutical Co Ltd,Japan,Health Care,4201785
Kalbe Farma Tbk PT,Indonesia,Health Care,26585096
Kalmar Oyj,Finland,Industrials,44030436
Kalyan Jewellers India Ltd,India,Consumer Discretionary,11348488
Kameda Seika Co Ltd,Japan,Consumer Staples,10662303
Kamigumi Co Ltd,Japan,Industrials,45194328
Kanadevia Corp,Japan,Industrials,19159733
Kanamoto Co Ltd,Japan,Industrials,32247162
Kandenko Co Ltd,Japan,Industrials,86912637
Kaneka Corp,Japan,Basic Materials,28795044
Kanematsu Corp,Japan,Industrials,12981013
Kangwon Land Inc,South Korea,Consumer Discretionary,1688282
Kansai Electric Power Co Inc/The,Japan,Utilities,237307519
Kansai Nerolac Paints Ltd,India,Industrials,2986535
Kansai Paint Co Ltd,Japan,Industrials,43879709
Kanto Denka Kogyo Co Ltd,Japan,Basic Materials,131241
Kanzhun Ltd,China,Industrials,118648350
Kao Corp,Japan,Consumer Staples,230508563
Kaori Heat Treatment Co Ltd,Taiwan,Industrials,219096574
Kappa Create Co Ltd,Japan,Consumer Discretionary,237514
Kardemir Karabuk Demir Celik Sanayi ve Ticaret AS,Türkiye,Basic Materials,3735304
Kardex Holding AG,Switzerland,Industrials,36665960
Kardigan Inc,United States,Health Care,5446219
Karman Holdings Inc,United States,Industrials,42398604
Karnataka Bank Ltd/The,India,Financials,2262301
Karur Vysya Bank Ltd/The,India,Financials,9350618
Kasikornbank PCL,Thailand,Financials,272967886
Kasumigaseki Capital Co Ltd,Japan,Real Estate,4138760
Katakura Industries Co Ltd,Japan,Industrials,1439865
Katilimevim Tasarruf Finansman AS,Türkiye,Financials,14019514
Katitas Co Ltd,Japan,Consumer Discretionary,12693315
Kato Sangyo Co Ltd,Japan,Consumer Staples,4715927
Kawai Musical Instruments Manufacturing Co Ltd,Japan,Consumer Discretionary,783350
Kawasaki Heavy Industries Ltd,Japan,Industrials,244415135
Kawasaki Kisen Kaisha Ltd,Japan,Industrials,86586712
Kawasan Industri Jababeka Tbk PT,Indonesia,Real Estate,1863045
Kaynes Technology India Ltd,India,Technology,9228460
KeePer Technical Laboratory Co Ltd,Japan,Consumer Discretionary,1219923
Keepers Holdings Inc/The,Philippines,Consumer Staples,953286
Kehua Data Co Ltd,China,Industrials,5915859
Keihan Holdings Co Ltd,Japan,Industrials,29912484
Keihanshin Building Co Ltd,Japan,Real Estate,2389843
Keikyu Corp,Japan,Industrials,32050606
Keio Corp,Japan,Consumer Discretionary,25000722
Keisei Electric Railway Co Ltd,Japan,Industrials,79506880
Keiyo Bank Ltd/The,Japan,Financials,8496693
Kelington Group Bhd,Malaysia,Industrials,14976824
Kelsian Group Ltd,Australia,Consumer Discretionary,7064599
Kemira Oyj,Finland,Basic Materials,51918151
Kenanga Investment Bank Bhd,Malaysia,Financials,1091968
Kenda Rubber Industrial Co Ltd,Taiwan,Consumer Discretionary,2485086
Kenon Holdings Ltd/Singapore,Israel,Utilities,926354
Kenvue Inc,United States,Consumer Staples,563711500
Keppel DC REIT,Singapore,Real Estate,58812873
Keppel Infrastructure Trust,Singapore,Basic Materials,29716997
Keppel Ltd,Singapore,Utilities,208194742
Keppel REIT,Singapore,Real Estate,41719243
Kering SA,France,Consumer Discretionary,314764399
Kerjaya Prospek Group Bhd,Malaysia,Industrials,5184298
Kernel Holding SA,Ukraine,Consumer Staples,1739681
Kerry Group PLC,Ireland,Consumer Staples,21166696
Kerry Properties Ltd,Hong Kong,Real Estate,18701453
Keshun Waterproof Technologies Co Ltd,China,Industrials,276127
Kesko Oyj,Finland,Consumer Staples,95260568
Keurig Dr Pepper Inc,United States,Consumer Staples,495543754
Kewpie Corp,Japan,Consumer Staples,44780801
KeyCorp,United States,Financials,276943445
Keyence Corp,Japan,Industrials,2037533936
Keyera Corp,Canada,Energy,121843842
Keyfield International Bhd,Malaysia,Industrials,813236
Keymed Biosciences Inc,China,Health Care,79550389
Keysight Technologies Inc,United States,Industrials,746904101
Keystone Microtech Corp,Taiwan,Technology,21118139
Kfin Technologies Ltd,India,Financials,5716303
Khang Dien House Trading and Investment JSC,Vietnam,Real Estate,11044790
Ki-Star Real Estate Co Ltd,Japan,Consumer Discretionary,2337154
Kia Corp,South Korea,Consumer Discretionary,360933999
Kiatnakin Phatra Bank PCL,Thailand,Financials,72742
Kikkoman Corp,Japan,Consumer Staples,75238279
Kiler Holding AS,Türkiye,Real Estate,1067200
Kilroy Realty Corp,United States,Real Estate,87585038
Kimberly-Clark Corp,United States,Consumer Staples,647893934
Kimco Realty Corp,United States,Real Estate,216330867
Kimlun Corp Bhd,Malaysia,Industrials,1773340
Kinaxis Inc,Canada,Technology,39686687
Kinden Corp,Japan,Industrials,124978198
Kinder Morgan Inc,United States,Energy,1190271393
Kindom Development Co Ltd,Taiwan,Real Estate,3582992
Kinepolis Group NV,Belgium,Consumer Discretionary,27058304
Kinergy Advancement Bhd,Malaysia,Industrials,5451870
King Slide Works Co Ltd,Taiwan,Basic Materials,159989694
King Yuan Electronics Co Ltd,Taiwan,Technology,161585950
Kingboard Holdings Ltd,China,Basic Materials,68616701
Kingboard Laminates Holdings Ltd,China,Technology,147617756
Kingdee International Software Group Co Ltd,China,Technology,16590992
Kingfisher PLC,United Kingdom,Consumer Discretionary,200045492
Kingsgate Consolidated Ltd,Australia,Basic Materials,12906979
Kingsoft Cloud Holdings Ltd,China,Technology,12288052
Kingsoft Corp Ltd,China,Technology,54282955
Kingspan Group PLC,Ireland,Industrials,359255552
Kinik Co,Taiwan,Industrials,60671288
Kinnevik AB,Sweden,Financials,31430880
Kinross Gold Corp,Canada,Basic Materials,308818118
Kinsale Capital Group Inc,United States,Financials,90157521
Kinsus Interconnect Technology Corp,Taiwan,Technology,169217644
Kintetsu Department Store Co Ltd,Japan,Consumer Discretionary,906680
Kintetsu Group Holdings Co Ltd,Japan,Industrials,66269259
Kioxia Holdings Corp,Japan,Technology,3773348146
Kirby Corp,United States,Industrials,92991515
Kirin Holdings Co Ltd,Japan,Consumer Staples,120021155
Kirloskar Brothers Ltd,India,Industrials,4998921
Kirloskar Oil Engines Ltd,India,Industrials,19203196
Kirloskar Pneumatic Co Ltd,India,Industrials,7126027
Kissei Pharmaceutical Co Ltd,Japan,Health Care,4270561
Kitazato Corp,Japan,Health Care,9375481
Kite Realty Group Trust,United States,Real Estate,64856559
Kitz Corp,Japan,Industrials,5615964
Kiwi Property Group Ltd,New Zealand,Real Estate,4169590
Kiyo Bank Ltd/The,Japan,Financials,55105581
Klabin SA,Brazil,Basic Materials,41401646
Klarna Group PLC,United Kingdom,Technology,27178312
Klepierre SA,France,Real Estate,587412202
Klinique Medical Clinic PCL/The,Thailand,Health Care,676229
Kloeckner & Co SE,Germany,Basic Materials,7908099
Knife River Corp,United States,Industrials,59386899
Knight-Swift Transportation Holdings Inc,United States,Industrials,232612018
Knorr-Bremse AG,Germany,Industrials,331971606
Knowledge Atlas Technology JSC Ltd,China,Technology,134149
Knowledge Realty Trust,India,Real Estate,1960181
KoMiCo Ltd,South Korea,Technology,43419227
Koa Corp,Japan,Industrials,11590
Koala Co Ltd/The,Australia,Consumer Discretionary,1872777
Kobay Technology BHD,Malaysia,Industrials,3147340
Kobayashi Pharmaceutical Co Ltd,Japan,Consumer Staples,28965497
Kobe Bussan Co Ltd,Japan,Consumer Staples,20611160
Kobe Steel Ltd,Japan,Basic Materials,69066810
Kocaer Celik Sanayi Ve Ticaret AS,Türkiye,Basic Materials,6696577
Kodiak Sciences Inc,United States,Health Care,1170787
Koei Tecmo Holdings Co Ltd,Japan,Consumer Discretionary,20552303
Koenig & Bauer AG,Germany,Industrials,1111978
Koh Young Technology Inc,South Korea,Technology,1818075
Kohnan Shoji Co Ltd,Japan,Consumer Discretionary,18147282
Koito Manufacturing Co Ltd,Japan,Consumer Discretionary,29627441
Kokusai Electric Corp,Japan,Technology,313958459
Kokuyo Co Ltd,Japan,Industrials,27430181
Kolmar Korea Co Ltd,South Korea,Consumer Discretionary,31607322
Kolon Industries Inc,South Korea,Basic Materials,3963261
Komatsu Ltd,Japan,Industrials,508327458
Komax Holding AG,Switzerland,Industrials,4597139
Komercni Banka AS,Czech Republic,Financials,16267888
Komeri Co Ltd,Japan,Consumer Discretionary,18498315
Konami Group Corp,Japan,Consumer Discretionary,137402777
Kone Oyj,Finland,Industrials,335817181
Konecranes Oyj,Finland,Industrials,150068589
Konica Minolta Inc,Japan,Technology,27318020
Koninklijke Ahold Delhaize NV,Netherlands,Consumer Staples,925717063
Koninklijke BAM Groep NV,Netherlands,Industrials,74774242
Koninklijke Heijmans N.V,Netherlands,Industrials,39025135
Koninklijke KPN NV,Netherlands,Telecommunications,420411766
Koninklijke Philips NV,Netherlands,Health Care,390356145
Koninklijke Vopak NV,Netherlands,Energy,66164509
Konishi Co Ltd,Japan,Basic Materials,4426952
Konoike Transport Co Ltd,Japan,Industrials,2810333
Kontoor Brands Inc,United States,Consumer Discretionary,50945659
Korea Aerospace Industries Ltd,South Korea,Industrials,131893520
Korea Electric Terminal Co Ltd,South Korea,Technology,8118980
Korea Fuel-Tech Corp,South Korea,Consumer Discretionary,2455055
Korea Investment Holdings Co Ltd,South Korea,Financials,95999934
Korea Petrochemical Ind Co Ltd,South Korea,Basic Materials,440
Korea Zinc Co Ltd,South Korea,Basic Materials,207035
Korean Air Lines Co Ltd,South Korea,Consumer Discretionary,55711548
Korean Reinsurance Co,South Korea,Financials,28910225
Kose Holdings Corp,Japan,Consumer Discretionary,3899505
Koshidaka Holdings Co Ltd,Japan,Consumer Discretionary,3650983
Kossan Rubber Industries Bhd,Malaysia,Health Care,2606386
Kotak Mahindra Bank Ltd,India,Financials,541279433
Kotobuki Spirits Co Ltd,Japan,Consumer Staples,23370412
Kraft Heinz Co/The,United States,Consumer Staples,180857135
Kraftia Corp,Japan,Industrials,58581563
Krafton Inc,South Korea,Consumer Discretionary,81934789
Kratos Defense & Security Solutions Inc,United States,Industrials,117068338
Krishna Institute of Medical Sciences Ltd,India,Health Care,16341448
Kroger Co/The,United States,Consumer Staples,355817971
Krones AG,Germany,Industrials,53712032
Krung Thai Bank PCL,Thailand,Financials,108403814
Krungthai Card PCL,Thailand,Financials,11676252
Krystal Biotech Inc,United States,Health Care,86725849
Kuaishou Technology,China,Technology,256161714
Kubota Corp,Japan,Industrials,313165189
Kuehne + Nagel International AG,Switzerland,Industrials,156262746
Kum Yang Co Ltd,South Korea,Basic Materials,3604
Kumagai Gumi Co Ltd,Japan,Industrials,7507910
Kumba Iron Ore Ltd,South Africa,Basic Materials,30315826
Kumho Petrochemical Co Ltd,South Korea,Basic Materials,44546872
Kumiai Chemical Industry Co Ltd,Japan,Basic Materials,2667214
Kunlun Energy Co Ltd,China,Energy,33877652
Kura Sushi Inc,Japan,Consumer Discretionary,1225087
Kurabo Industries Ltd,Japan,Basic Materials,4765039
Kuraray Co Ltd,Japan,Basic Materials,49533581
Kureha Corp,Japan,Basic Materials,4127180
Kurita Water Industries Ltd,Japan,Industrials,126805130
Kusuri no Aoki Holdings Co Ltd,Japan,Consumer Staples,17451465
Kuwait Finance House KSCP,Kuwait,Financials,114695128
Kuwait International Bank KSCP,Kuwait,Financials,2094555
Kuyumcukent Gayrimenkul Yatirimlari AS,Türkiye,Real Estate,3187697
Kwality Wall's India Ltd,India,Consumer Staples,360662
Kweichow Moutai Co Ltd,China,Consumer Staples,205843188
Kymera Therapeutics Inc,United States,Health Care,90953721
Kyndryl Holdings Inc,United States,Technology,1305694
Kyocera Corp,Japan,Technology,405288929
Kyoei Steel Ltd,Japan,Basic Materials,10898754
Kyokuto Kaihatsu Kogyo Co Ltd,Japan,Industrials,2252593
Kyorin Pharmaceutical Co Ltd,Japan,Health Care,1641410
Kyoritsu Maintenance Co Ltd,Japan,Consumer Discretionary,8424863
Kyoto Financial Group Inc,Japan,Financials,126693941
Kyowa Kirin Co Ltd,Japan,Health Care,76405837
Kyung Dong Navien Co Ltd,South Korea,Industrials,17357898
Kyushu Electric Power Co Inc,Japan,Utilities,101492907
Kyushu Financial Group Inc,Japan,Financials,80641009
Kyushu Railway Co,Japan,Consumer Discretionary,25885759
L E Lundbergforetagen AB,Sweden,Financials,82264713
L&C Bio Co Ltd,South Korea,Health Care,8034064
L&F Co Ltd,South Korea,Basic Materials,33782276
L&K Engineering Co Ltd,Taiwan,Industrials,51791146
L&T Finance Ltd,India,Financials,28243763
L&T Technology Services Ltd,India,Industrials,6639574
L'Oreal SA,France,Consumer Discretionary,2160308816
L1 Group Ltd,Australia,Financials,8960973
LAMDA Development SA,Greece,Real Estate,18430143
LANXESS AG,Germany,Basic Materials,32168553
LB Group Co Ltd,China,Basic Materials,88909957
LB Pharmaceuticals Inc,United States,Health Care,5223924
LBS Bina Group Bhd,Malaysia,Real Estate,827863
LDR Turizm AS,Türkiye,Consumer Discretionary,628723
LEENO Industrial Inc,South Korea,Technology,90841503
LEG Immobilien SE,Germany,Real Estate,100430362
LEM Holding SA,Switzerland,Industrials,8598366
LF Corp,South Korea,Consumer Discretionary,8797837
LG CNS Co Ltd,South Korea,Technology,37382215
LG Chem Ltd,South Korea,Industrials,129332388
LG Corp,South Korea,Industrials,5418730
LG Display Co Ltd,South Korea,Technology,2292522
LG Electronics Inc,South Korea,Consumer Discretionary,163846141
LG Electronics India Ltd,India,Consumer Discretionary,59155378
LG Energy Solution Ltd,South Korea,Industrials,103602610
LG H&H Co Ltd,South Korea,Consumer Staples,25138762
LG Innotek Co Ltd,South Korea,Technology,68032379
LG Uplus Corp,South Korea,Telecommunications,2554754
LGMS Bhd,Malaysia,Technology,495517
LH Hotel Leasehold Real Estate Investment Trust,Thailand,Real Estate,1751885
LIC Housing Finance Ltd,India,Financials,68119117
LIFENET INSURANCE CO,Japan,Financials,8155094
LISI SA,France,Industrials,29893591
LITALICO Inc,Japan,Industrials,5833
LK Technology Holdings Ltd,Hong Kong,Industrials,1953300
LKQ Corp,United States,Consumer Discretionary,80765248
LMW Ltd,India,Industrials,8096920
LONGi Green Energy Technology Co Ltd,China,Energy,31883610
LOTTE Fine Chemical Co Ltd,South Korea,Basic Materials,6318799
LOTTE Reit Co Ltd,South Korea,Real Estate,558725
LPI Capital Bhd,Malaysia,Financials,4698081
LPL Financial Holdings Inc,United States,Financials,294691926
LPP SA,Poland,Consumer Discretionary,170260266
LS Corp,South Korea,Industrials,100408109
LS Eco Energy Ltd,South Korea,Industrials,4405215
LS Electric Co Ltd,South Korea,Technology,29034372
LS Marine Solution Co Ltd,South Korea,Telecommunications,11394921
LS Materials Ltd,South Korea,Industrials,3542
LSR Group PJSC,Russia,Real Estate,273702
LT Foods Ltd,India,Consumer Staples,7849139
LTM Ltd,India,Technology,27754268
LUKOIL PJSC,Russia,Energy,34137345
LVMH Moet Hennessy Louis Vuitton SE,France,Consumer Discretionary,2968464851
LX INTERNATIONAL CORP,South Korea,Industrials,856759
LX Semicon Co Ltd,South Korea,Technology,353110
LY Corp,Japan,Technology,36572726
La Comer SAB de CV,Mexico,Consumer Staples,17667539
LaSalle Logiport REIT,Japan,Real Estate,24029251
Labcorp Holdings Inc,United States,Health Care,244251000
Laboratorios Farmaceuticos Rovi SA,Spain,Health Care,22525664
Lagardere SA,France,Consumer Discretionary,4492378
Lagercrantz Group AB,Sweden,Technology,145334714
Lai Yih Footwear Co Ltd,Taiwan,Consumer Discretionary,12
Lake Materials Co Ltd,South Korea,Basic Materials,4438651
Lakefront Biotherapeutics NV,Netherlands,Health Care,28254915
Lam Research Corp,United States,Technology,7250227095
Lamar Advertising Co,United States,Real Estate,160774201
Lamb Weston Holdings Inc,United States,Consumer Staples,108968184
Lancashire Holdings Ltd,United Kingdom,Financials,40318050
Land & Houses PCL,Thailand,Real Estate,3691347
Land Securities Group PLC,United Kingdom,Real Estate,130914179
LandMark Optoelectronics Corp,Taiwan,Technology,42131202
Landis+Gyr Group AG,Switzerland,Industrials,28740861
Landmark Cars Ltd,India,Consumer Discretionary,2031835
Landstar System Inc,United States,Industrials,80926201
Lantheus Holdings Inc,United States,Health Care,65104584
Lao Feng Xiang Co Ltd,China,Consumer Discretionary,8579928
Laobaixing Pharmacy Chain JSC,China,Consumer Staples,2075796
Laopu Gold Co Ltd,China,Consumer Discretionary,23442146
Largan Precision Co Ltd,Taiwan,Technology,181455021
Lark Distilling Co Ltd,Australia,Consumer Staples,1952943
Las Vegas Sands Corp,United States,Consumer Discretionary,169595500
Lasertec Corp,Japan,Technology,403575009
Latam Airlines Group SA,Chile,Consumer Discretionary,147995217
Lattice Semiconductor Corp,United States,Technology,279053494
Laureate Education Inc,United States,Consumer Discretionary,18606373
Laurus Labs Ltd,India,Health Care,56447272
Lazard Inc,United States,Financials,77145191
Lear Corp,United States,Consumer Discretionary,73962243
Lee & Man Paper Manufacturing Ltd,China,Basic Materials,2878887
Legal & General Group PLC,United Kingdom,Financials,288068424
Legence Corp,United States,Industrials,10868018
Legend Biotech Corp,United States,Health Care,48352398
Legend Holdings Corp,China,Technology,10425948
Legrand SA,France,Industrials,1244383391
Leidos Holdings Inc,United States,Technology,173507951
Lemon Tree Hotels Ltd,India,Consumer Discretionary,8703503
Lendlease Corp Ltd,Australia,Industrials,16660058
Lendlease Global Commercial REIT,Singapore,Real Estate,19765651
Lennar Corp,United States,Consumer Discretionary,239271158
Lennox International Inc,United States,Industrials,176566574
Lenovo Group Ltd,Hong Kong,Technology,303499827
Lens Technology Co Ltd,China,Technology,2759975
Lenskart Solutions Ltd,India,Consumer Discretionary,15417668
Lenta International Co PJSC,Russia,Consumer Staples,1997970
Leonardo DRS Inc,United States,Industrials,41036208
Leonardo SpA,Italy,Industrials,474855945
Leonteq AG,United States,Financials,4752199
Leopalace21 Corp,Japan,Real Estate,4842512
Lepu Medical Technology Beijing Co Ltd,China,Health Care,477107
Li Auto Inc,China,Consumer Discretionary,76824836
Liberty Broadband Corp,United States,Telecommunications,72263580
Liberty Financial Group Ltd,Australia,Financials,6045440
Liberty Global Ltd,United States,Telecommunications,46527463
Liberty Live Holdings Inc,United States,Consumer Discretionary,96151965
Liberty Media Corp-Liberty Formula One,United States,Consumer Discretionary,317892131
Liechtensteinische Landesbank AG,Switzerland,Financials,22334118
Lien Hwa Industrial Holdings Corp,Taiwan,Consumer Staples,199328
Lifco AB,Sweden,Industrials,9699735
Life Corp,Japan,Consumer Staples,3345571
Life Healthcare Group Holdings Ltd,South Africa,Health Care,517579
Life Insurance Corp of India,India,Financials,1914835
Life Time Group Holdings Inc,United States,Consumer Discretionary,75060163
Life360 Inc,United States,Technology,42107569
Lifedrink Co Inc,Japan,Consumer Staples,9120443
Lifestyle Communities Ltd,Australia,Real Estate,10648049
Lifetech Scientific Corp,China,Health Care,5270081
Liftero SA,Poland,Industrials,1499662
Liftoff Mobile Inc,United States,Technology,28824000
LigaChem Biosciences Inc,South Korea,Health Care,45465861
Light & Wonder Inc,Australia,Consumer Discretionary,103960781
Lim Seong Hai Capital Bhd,Malaysia,Industrials,10359289
Linamar Corp,Canada,Consumer Discretionary,35303809
Lincoln Electric Holdings Inc,United States,Industrials,458934566
Lincoln National Corp,United States,Financials,80982396
Lindab International AB,Sweden,Industrials,20122516
Linde India Ltd,India,Basic Materials,12354564
Linde PLC,United States,Basic Materials,3329358688
Lineage Inc,United States,Real Estate,603459552
Lingyi iTech Guangdong Co,China,Technology,1537385
Link Bilgisayar Sistemleri Yazilimi Ve Donanimi Sanayi Ve Ticaret AS,Türkiye,Technology,3780519
Link REIT,Hong Kong,Real Estate,229973886
Lintec Corp,Japan,Basic Materials,9540581
Lion Corp,Japan,Consumer Staples,14257488
Lion Finance Group PLC,United Kingdom,Financials,162212429
Liontown Ltd,Australia,Basic Materials,36444302
Liontrust Asset Management PLC,United Kingdom,Financials,5629383
Lite-On Technology Corp,Taiwan,Technology,170630344
Lithia Motors Inc,United States,Consumer Discretionary,59831063
Littelfuse Inc,United States,Industrials,148821879
Litu Holdings Ltd,China,Industrials,21846
LivaNova PLC,United States,Health Care,13730272
Live Nation Entertainment Inc,United States,Consumer Discretionary,365235601
Livzon Pharmaceutical Group Inc,China,Health Care,6520623
Lixil Corp,Japan,Industrials,47430332
Lloyds Banking Group PLC,United Kingdom,Financials,2812410735
Lloyds Metals & Energy Ltd,India,Basic Materials,16323096
Loar Holdings Inc,United States,Industrials,67684428
Loblaw Cos Ltd,Canada,Consumer Staples,469909021
Localiza Rent a Car SA,Brazil,Consumer Discretionary,460355133
Lodha Developers Ltd,India,Real Estate,34924113
Loews Corp,United States,Financials,506884077
Log-in Logistica Intermodal SA,Brazil,Industrials,7212843
Logan Group Co Ltd,China,Real Estate,92
Logista Integral SA,Spain,Industrials,46864928
Logitech International SA,Switzerland,Technology,69666904
Lojas Quero-Quero SA,Brazil,Consumer Discretionary,1442849
Lojas Renner SA,Brazil,Consumer Discretionary,92977412
Loncin Motor Co Ltd,China,Consumer Discretionary,18955694
London Stock Exchange Group PLC,United Kingdom,Financials,1440290227
LondonMetric Property PLC,United Kingdom,Real Estate,429934104
Longfor Group Holdings Ltd,China,Real Estate,17981293
Lonking Holdings Ltd,China,Industrials,3361876
Lonza Group AG,Switzerland,Health Care,1110200436
Loomis AB,Sweden,Industrials,66190779
Lotes Co Ltd,Taiwan,Technology,89479393
Lotte Chemical Corp,South Korea,Industrials,24566367
Lotte Chilsung Beverage Co Ltd,South Korea,Consumer Staples,18860090
Lotte Energy Materials Corp,South Korea,Technology,1166321
Lotte Rental Co Ltd,South Korea,Consumer Discretionary,17656551
Lotte Shopping Co Ltd,South Korea,Consumer Discretionary,17649435
Lotte Tour Development Co Ltd,South Korea,Consumer Discretionary,16418845
Lotte Wellfood Co Ltd,South Korea,Consumer Staples,12406838
Lottery Corp Ltd/The,Australia,Consumer Discretionary,133761908
Lottomatica Group Spa,Italy,Consumer Discretionary,153449203
Lotus Bakeries NV,Belgium,Consumer Staples,116138746
Lotus Pharmaceutical Co Ltd,Taiwan,Health Care,9726335
Louis Hachette Group,France,Consumer Discretionary,11858987
Louisiana-Pacific Corp,United States,Industrials,61669204
Lovisa Holdings Ltd,Australia,Consumer Discretionary,14857148
Lowe's Cos Inc,United States,Consumer Discretionary,1785728886
Lufax Holding Ltd,China,Financials,23741517
Luk Fook Holdings International Ltd,Hong Kong,Consumer Discretionary,16501846
Lululemon Athletica Inc,United States,Consumer Discretionary,55761402
Lumen Technologies Inc,United States,Telecommunications,93010007
Lumentum Holdings Inc,United States,Telecommunications,817417130
Lumo Kodit Oyj,Finland,Real Estate,114921727
Lumosa Therapeutics Co Ltd,Taiwan,Health Care,1088021
LunR Royalties Corp,Canada,Basic Materials,8225160
Lundin Gold Inc,Canada,Basic Materials,34357965
Lundin Mining Corp,Canada,Basic Materials,137106335
Lunit Inc,South Korea,Health Care,11408751
Lupin Ltd,India,Health Care,59883844
LuxNet Corp,Taiwan,Telecommunications,31975452
Luxshare Precision Industry Co Ltd,China,Consumer Discretionary,1212697643
Luye Pharma Group Ltd,China,Health Care,5381144
Luzerner Kantonalbank AG,Switzerland,Financials,54380452
Luzhou Laojiao Co Ltd,China,Consumer Staples,884479
Lyft Inc,United States,Consumer Discretionary,70869151
Lynas Rare Earths Ltd,Australia,Basic Materials,165381979
LyondellBasell Industries NV,United States,Basic Materials,200312717
M&A Capital Partners Co Ltd,Japan,Financials,1641049
M&G PLC,United Kingdom,Financials,305935441
M&T Bank Corp,United States,Financials,470121160
M.Video PJSC,Russia,Consumer Discretionary,220479
M3 Inc,Japan,Health Care,77496653
M31 Technology Corp,Taiwan,Technology,1077991
MA Financial Group Ltd,Australia,Financials,4862793
MACOM Technology Solutions Holdings Inc,United States,Technology,320732548
MBH Bank Nyrt,Hungary,Financials,2836046
MBK PCL,Thailand,Real Estate,26920584
MBRF Global Foods Co SA,Brazil,Consumer Staples,2193612
MCR SA,Poland,Industrials,168082
MCS Steel PCL,Thailand,Basic Materials,1578082
MDA Space Ltd,Canada,Industrials,72307315
MDU Resources Group Inc,United States,Utilities,55851233
MEB Corp PCL,Thailand,Technology,873576
MEIJI Holdings Co Ltd,Japan,Consumer Staples,64340759
MEITEC Group Holdings Inc,Japan,Industrials,7715645
MEKO AB,Sweden,Consumer Discretionary,5553547
METAWATER Co Ltd,Japan,Utilities,2751654
METRO AG,Germany,Consumer Staples,6512237
MFE-MediaForEurope NV,Italy,Consumer Discretionary,23441434
MFEC PCL,Thailand,Technology,2095672
MFO SA,Poland,Basic Materials,1215643
MGIC Investment Corp,United States,Financials,79993051
MGM China Holdings Ltd,Hong Kong,Consumer Discretionary,73262003
MGM Resorts International,United States,Consumer Discretionary,99466219
MIA Teknoloji AS,Türkiye,Technology,1693480
MIMAKI ENGINEERING CO LTD,Japan,Technology,91707
MINEBEA MITSUMI Inc,Japan,Technology,188886080
MINISO Group Holding Ltd,China,Consumer Discretionary,94135980
MIRAIT ONE corp,Japan,Industrials,36529304
MIRARTH Real Estate Investment Corp,Japan,Real Estate,3407734
MISC Bhd,Malaysia,Industrials,28385079
MISUMI Group Inc,Japan,Industrials,116442726
MIXI Inc,Japan,Consumer Discretionary,3310310
MKS Inc,United States,Industrials,415069568
MLP Group SA,Poland,Real Estate,20381332
MLP Saglik Hizmetleri AS,Türkiye,Health Care,73532585
MNC Solution Co Ltd,South Korea,Industrials,537866
MOG Digitech Holdings Ltd,China,Technology,10
MOL Hungarian Oil & Gas PLC,Hungary,Energy,74977182
MOS Food Services Inc,Japan,Consumer Discretionary,3422409
MP Materials Corp,United States,Basic Materials,108010580
MPI Corp,Taiwan,Technology,401172262
MR DIY Group M Bhd,Malaysia,Consumer Discretionary,32611808
MRF Ltd,India,Consumer Discretionary,31174935
MRV Engenharia e Participacoes SA,Brazil,Consumer Discretionary,20164572
MS&AD Insurance Group Holdings Inc,Japan,Financials,622944609
MSA Safety Inc,United States,Industrials,81763321
MSC Industrial Direct Co Inc,United States,Industrials,75403000
MSCI Inc,United States,Financials,458613956
MTAR Technologies Ltd,India,Industrials,18589242
MTN Group Ltd,South Africa,Telecommunications,267954004
MTR Corp Ltd,Hong Kong,Industrials,79335824
MTT Shipping and Logistics Bhd,Malaysia,Industrials,7967520
MTU Aero Engines AG,Germany,Industrials,559725744
Maanshan Iron & Steel Co Ltd,China,Basic Materials,3040991
Maas Group Holdings Ltd,Australia,Industrials,6855800
Mabanee Co KPSC,Kuwait,Real Estate,28011274
Mabuchi Motor Co Ltd,Japan,Industrials,29887799
Macerich Co/The,United States,Real Estate,90447642
Macnica Holdings Inc,Japan,Technology,62547271
Macquarie Group Ltd,Australia,Financials,300429912
Macquarie Technology Group Ltd,Australia,Technology,28502934
Macronix International Co Ltd,Taiwan,Technology,90987862
Macy's Inc,United States,Consumer Discretionary,84038293
Made.com Group PLC,United Kingdom,Consumer Discretionary,1245
Madison Air Solutions Corp,United States,Industrials,39000000
Madison Square Garden Sports Corp,United States,Consumer Discretionary,66699814
Madrigal Pharmaceuticals Inc,United States,Health Care,104659609
Maeda Kosen Co Ltd,Japan,Industrials,18941184
Maeil Dairies Co Ltd,South Korea,Consumer Staples,4309538
Magazine Luiza SA,Brazil,Consumer Discretionary,28653480
Magellan Financial Group Ltd,Australia,Financials,14687726
Magna International Inc,Canada,Consumer Discretionary,228876831
Magnitogorsk Iron & Steel Works PJSC,Russia,Basic Materials,2583144
Magnum Ice Cream Co NV/The,Netherlands,Consumer Staples,228972502
Magyar Telekom Telecommunications PLC,Hungary,Telecommunications,36275229
Mah Sing Group Bhd,Malaysia,Real Estate,13456483
Mahanagar Gas Ltd,India,Utilities,6403593
Maharashtra Scooters Ltd,India,Financials,2325248
Maharashtra Seamless Ltd,India,Basic Materials,1435301
Mahindra & Mahindra Financial Services Ltd,India,Financials,36830543
Mahindra & Mahindra Ltd,India,Consumer Discretionary,406652136
Mahindra Holidays & Resorts India Ltd,India,Consumer Discretionary,13203375
Mahindra Lifespace Developers Ltd,India,Real Estate,1874936
Mainfreight Ltd,New Zealand,Industrials,57722158
Major Cineplex Group PCL,Thailand,Consumer Discretionary,1700735
Makalot Industrial Co Ltd,Taiwan,Consumer Discretionary,32228662
MakeMyTrip Ltd,United States,Consumer Discretionary,81193976
Makino Milling Machine Co Ltd,Japan,Industrials,10895461
Makita Corp,Japan,Industrials,129247352
Malayan Banking Bhd,Malaysia,Financials,260281121
Malayan Cement Bhd,Malaysia,Industrials,9949827
Malaysia Smelting Corp Bhd,Malaysia,Basic Materials,7155116
Malaysian Pacific Industries Bhd,Malaysia,Technology,117084335
Malee Group PCL,Thailand,Consumer Staples,1385744
Man Group PLC/Jersey,United Kingdom,Financials,82720741
Man Wah Holdings Ltd,Hong Kong,Consumer Discretionary,9582580
Manappuram Finance Ltd,India,Financials,71939461
Mandatum Oyj,Finland,Financials,10104736
Mangalore Refinery & Petrochemicals Ltd,India,Energy,3892719
Manhattan Associates Inc,United States,Technology,76693748
Mani Inc,Japan,Health Care,4215460
Manila Water Co Inc,Philippines,Utilities,20460239
Mankind Pharma Ltd,India,Health Care,142572183
Manulife Financial Corp,Canada,Financials,644595331
Mao Geping Cosmetics Co LTD,China,Consumer Discretionary,24792083
Map Aktif Adiperkasa PT,Indonesia,Consumer Discretionary,9189901
Mapfre SA,Spain,Financials,20114357
Maple Leaf Foods Inc,Canada,Consumer Staples,21769872
Maplebear Inc,United States,Technology,92806994
Mapletree Industrial Trust,Singapore,Real Estate,53486825
Mapletree Logistics Trust,Singapore,Real Estate,55803807
Mapletree Pan Asia Commercial Trust,Singapore,Real Estate,39265947
Marathon Petroleum Corp,United States,Energy,700156897
Marcopolo SA,Brazil,Industrials,43631931
Margun Enerji Uretim Sanayi VE Ticaret AS,Türkiye,Utilities,1478754
Marico Bangladesh Ltd,Bangladesh,Consumer Staples,3655195
Marico Ltd,India,Consumer Staples,143995167
Markel Group Inc,United States,Financials,275729858
MarketAxess Holdings Inc,United States,Financials,64964173
Marketech International Corp,Taiwan,Technology,7737844
Marks & Spencer Group PLC,United Kingdom,Consumer Staples,341462500
Marksans Pharma Ltd,India,Health Care,7049517
Marriott International Inc/MD,United States,Consumer Discretionary,686035096
Marsh & McLennan Cos Inc,United States,Financials,974571824
Martin Marietta Materials Inc,United States,Industrials,302947430
Marubeni Corp,Japan,Industrials,709218063
Marui Group Co Ltd,Japan,Financials,27579640
Maruichi Steel Tube Ltd,Japan,Basic Materials,32781549
Maruti Suzuki India Ltd,India,Consumer Discretionary,191524858
Maruwa Co Ltd/Aichi,Japan,Industrials,102909504
Maruzen Showa Unyu Co Ltd,Japan,Industrials,3337472
Marvell Technology Inc,United States,Technology,3041637421
Marzetti Company/The,United States,Consumer Staples,15928631
MasTec Inc,United States,Industrials,23120870
Masan Group Corp,Vietnam,Consumer Staples,6882623
Masco Corp,United States,Industrials,156103219
Mastek Ltd,India,Technology,1892633
Mastercard Inc,United States,Industrials,5740647926
Mastersystem Infotama PT,Indonesia,Technology,2995326
Match Group Inc,United States,Technology,96455038
Matrix Concepts Holdings Bhd,Malaysia,Real Estate,2375917
Matson Inc,United States,Industrials,17606538
Matsuda Sangyo Co Ltd,Japan,Basic Materials,2864487
Matsui Securities Co Ltd,Japan,Financials,3354515
MatsukiyoCocokara & Co,Japan,Consumer Staples,59912745
Matsuya Co Ltd,Japan,Consumer Discretionary,2366898
Matsuyafoods Holdings Co Ltd,Japan,Consumer Discretionary,1529205
Mattel Inc,United States,Consumer Discretionary,46382616
Mavi Giyim Sanayi Ve Ticaret AS,Türkiye,Consumer Discretionary,14697203
Max Co Ltd,Japan,Industrials,7835533
Max Financial Services Ltd,India,Financials,89416358
Max Healthcare Institute Ltd,India,Health Care,133713257
Maxell Ltd,Japan,Industrials,2488768
Maximus Inc,United States,Industrials,36781678
Maxis Bhd,Malaysia,Telecommunications,864468
Maxscend Microelectronics Co Ltd,China,Technology,972450
Maxvalu Tokai Co Ltd,Japan,Consumer Staples,1222944
Mayfield Group Holdings Ltd,Australia,Technology,6875734
Maynilad Water Services Inc,Philippines,Utilities,7046972
Mayora Indah Tbk PT,Indonesia,Consumer Staples,35626769
Mayr Melnhof Karton AG,Austria,Industrials,7709873
Mazagon Dock Shipbuilders Ltd,India,Industrials,17041801
Mazda Motor Corp,Japan,Consumer Discretionary,67577569
McCormick & Co Inc/MD,United States,Consumer Staples,16806095
McDonald's Corp,United States,Consumer Discretionary,2438216473
McDonald's Holdings Co Japan Ltd,Japan,Consumer Discretionary,66927648
McKesson Corp,United States,Consumer Staples,1289618789
McMillan Shakespeare Ltd,Australia,Financials,10086793
Mebuki Financial Group Inc,Japan,Financials,132758625
Mecaro Co Ltd,South Korea,Basic Materials,2095459
Medacta Group SA,Switzerland,Health Care,21243920
MediaTek Inc,Taiwan,Technology,3182509674
Medibank Pvt Ltd,Australia,Financials,102584433
Medikaloka Hermina Tbk PT,Indonesia,Health Care,2883856
Medinice SA,Poland,Health Care,2548918
Mediobanca Banca di Credito Finanziario SpA,Italy,Financials,70938193
Medipal Holdings Corp,Japan,Consumer Staples,51713826
Medline Inc,United States,Health Care,370291630
Medlive Technology Co Ltd,China,Consumer Discretionary,1538797
Medpace Holdings Inc,United States,Health Care,104850347
Medplus Health Services Ltd,India,Consumer Staples,3080411
Medtide Inc,China,Health Care,2425913
Medtronic PLC,United States,Health Care,1257577056
Medytox Inc,South Korea,Health Care,2893382
Meesho Ltd,India,Technology,7861687
Meeza QSTP LLC,Qatar,Technology,17725162
Mega Financial Holding Co Ltd,Taiwan,Financials,196420068
Mega First Corp BHD,Malaysia,Utilities,2064489
Mega Lifesciences PCL,Thailand,Health Care,18031234
MegaStudyEdu Co Ltd,South Korea,Consumer Discretionary,3069743
Megacable Holdings SAB de CV,Mexico,Telecommunications,325781
Megachips Corp,Japan,Technology,3488866
Megaport Ltd,Australia,Technology,81815227
Megaworld Corp,Philippines,Real Estate,253416
Megmilk Snow Brand Co Ltd,Japan,Consumer Staples,5503662
Meidensha Corp,Japan,Industrials,13050652
Meiko Electronics Co Ltd,Japan,Technology,25959699
Meisei Industrial Co Ltd,Japan,Industrials,1125431
Meitu Inc,China,Technology,44885664
Meituan,China,Technology,705190259
Melco International Development Ltd,Hong Kong,Consumer Discretionary,4421138
Melexis NV,Belgium,Technology,36008587
Melia Hotels International SA,Spain,Consumer Discretionary,40689351
Melrose Industries PLC,United Kingdom,Industrials,495466041
Menicon Co Ltd,Japan,Health Care,11549968
Menora Mivtachim Holdings Ltd,Israel,Financials,75563178
MercadoLibre Inc,United States,Consumer Discretionary,874167920
Mercan Kimya Sanayi VE Ticaret AS,Türkiye,Basic Materials,3138923
Mercari Inc,Japan,Technology,94573936
Mercedes-Benz Group AG,Germany,Consumer Discretionary,639515313
Merck & Co Inc,United States,Health Care,4501781620
Merck KGaA,Germany,Health Care,448137413
Mercury NZ Ltd,New Zealand,Utilities,30682092
Merdeka Copper Gold Tbk PT,Indonesia,Basic Materials,13257465
Merdeka Gold Resources Tbk PT,Indonesia,Basic Materials,1758926
Merida Industry Co Ltd,Taiwan,Consumer Discretionary,5917562
Meridian Energy Ltd,New Zealand,Utilities,37994193
Merit Medical Systems Inc,United States,Health Care,43105142
Meritage Homes Corp,United States,Consumer Discretionary,74790930
Meritz Financial Group Inc,South Korea,Financials,346827193
Merlin Properties Socimi SA,Spain,Real Estate,163712708
Merry Electronics Co Ltd,Taiwan,Consumer Discretionary,7251260
Mersen SA,France,Industrials,3188820
Mesoblast Ltd,Australia,Health Care,14979961
MetLife Inc,United States,Financials,528358906
Meta Bright Group Bhd,Malaysia,Industrials,2575107
Meta Platforms Inc,United States,Technology,17047898622
Metair Investments Ltd,South Africa,Consumer Discretionary,1290627
Metalurgica Gerdau SA,Brazil,Basic Materials,4064608
Metaplanet Inc,Japan,Financials,24606922
Metcash Ltd,Australia,Consumer Staples,23743419
Meteoric Resources NL,Australia,Basic Materials,2159467
Methanex Corp,Canada,Basic Materials,44351759
Metis TechBio Co Ltd,China,Health Care,4383507
Metlen Energy & Metals PLC,United Kingdom,Utilities,182209399
Metro Brands Ltd,India,Consumer Discretionary,1146067
Metro Inc/CN,Canada,Consumer Staples,108722620
Metro Mining Ltd,Australia,Basic Materials,6267034
Metropole Television SA,France,Consumer Discretionary,13206542
Metropolis Healthcare Ltd,India,Health Care,5152549
Metropolitan Bank & Trust Co,Philippines,Financials,3434239
Metso Oyj,Finland,Industrials,208984209
Mettler-Toledo International Inc,United States,Industrials,423652976
Mezzion Pharma Co Ltd,South Korea,Health Care,1243541
Mi Technovation Bhd,Malaysia,Technology,48296696
MiCo Ltd,South Korea,Technology,11353868
Micro-Star International Co Ltd,Taiwan,Technology,23447958
Micro-X Ltd,Australia,Health Care,355771
Microba Life Sciences Ltd,Australia,Health Care,523979
Microchip Technology Inc,United States,Technology,597939667
Micron Technology Inc,United States,Technology,16241304702
Micronics Japan Co Ltd,Japan,Technology,16678394
Microport Scientific Corp,China,Health Care,8363561
Microsoft Corp,United States,Technology,35113298063
Mid-America Apartment Communities Inc,United States,Real Estate,754578138
Midac Holdings Co Ltd,Japan,Utilities,3748962
Middleby Corp/The,United States,Industrials,23780727
Midea Group Co Ltd,China,Consumer Discretionary,116401404
Midi Utama Indonesia Tbk PT,Indonesia,Consumer Staples,5811750
Mieco BHD,Malaysia,Industrials,3860807
Migdal Insurance & Financial Holdings Ltd,Israel,Financials,9023859
Migros Ticaret AS,Türkiye,Consumer Staples,52914156
Mikro MSC Bhd,Malaysia,Industrials,4395340
Milbon Co Ltd,Japan,Consumer Staples,7660745
Military Commercial Joint Stock Bank,Vietnam,Financials,14129204
Millennium Group Corp Asia Co Ltd,Thailand,Consumer Discretionary,6053961
Millicom International Cellular SA,United States,Telecommunications,105100443
Millrose Properties Inc,United States,Real Estate,117733797
Minda Corp Ltd,India,Consumer Discretionary,3548729
Mindspace Business Parks REIT,India,Real Estate,27542995
Mineral Resources Ltd,Australia,Basic Materials,304878066
Mineralys Therapeutics Inc,United States,Health Care,22201410
MiniMed Group Inc,United States,Health Care,29316980
Minimax Group Inc,China,Technology,1737755
Minkabu The Infonoid Inc,Japan,Industrials,170758
Minor International PCL,Thailand,Consumer Discretionary,59714609
Minth Group Ltd,China,Consumer Discretionary,25827895
Mirae Asset Securities Co Ltd,South Korea,Financials,36580964
Mirai Corp,Japan,Real Estate,3566058
Mirum Pharmaceuticals Inc,United States,Health Care,23034810
Mirvac Group,Australia,Real Estate,54196598
Misto Holdings Corp,South Korea,Consumer Discretionary,1071900
Mitac Holdings Corp,Taiwan,Technology,28587388
Mitani Sekisan Co Ltd,Japan,Industrials,2281938
Mitchells & Butlers PLC,United Kingdom,Consumer Discretionary,16298925
Mitie Group PLC,United Kingdom,Industrials,47950058
Mitra Adiperkasa Tbk PT,Indonesia,Consumer Discretionary,15261855
Mitra Keluarga Karyasehat Tbk PT,Indonesia,Health Care,31515617
Mitra Pinasthika Mustika Tbk PT,Indonesia,Consumer Discretionary,2378356
Mitrabahtera Segara Sejati Tbk PT,Indonesia,Industrials,50545
Mitsubishi Chemical Group Corp,Japan,Basic Materials,82843697
Mitsubishi Corp,Japan,Industrials,1404403886
Mitsubishi Electric Corp,Japan,Industrials,1269437627
Mitsubishi Estate Co Ltd,Japan,Real Estate,475252170
Mitsubishi Estate Logistics REIT Investment Corp,Japan,Real Estate,7332127
Mitsubishi Gas Chemical Co Inc,Japan,Basic Materials,110670869
Mitsubishi HC Capital Inc,Japan,Financials,116803156
Mitsubishi Heavy Industries Ltd,Japan,Industrials,1237072273
Mitsubishi Logistics Corp,Japan,Industrials,64575235
Mitsubishi Materials Corp,Japan,Industrials,58913655
Mitsubishi Motors Corp,Japan,Consumer Discretionary,20557670
Mitsubishi Pencil Co Ltd,Japan,Consumer Staples,4774419
Mitsubishi Research Institute Inc,Japan,Technology,8188887
Mitsubishi UFJ Financial Group Inc,Japan,Financials,3911434732
Mitsuboshi Belting Ltd,Japan,Industrials,3594555
Mitsui & Co Ltd,Japan,Industrials,1154992629
Mitsui Chemicals Inc,Japan,Basic Materials,74102041
Mitsui DM Sugar Co Ltd,Japan,Consumer Staples,2170038
Mitsui E&S Co Ltd,Japan,Industrials,39767122
Mitsui Fudosan Accommodations Fund Inc,Japan,Real Estate,29540265
Mitsui Fudosan Co Ltd,Japan,Real Estate,443870645
Mitsui Fudosan Logistics Park Inc,Japan,Real Estate,33763736
Mitsui High-Tec Inc,Japan,Technology,6114094
Mitsui Kinzoku Co Ltd,Japan,Basic Materials,250941194
Mitsui OSK Lines Ltd,Japan,Industrials,163800623
Mitsui-Soko Holdings Co Ltd,Japan,Industrials,7855856
Mitsuuroko Group Holdings Co Ltd,Japan,Utilities,2940765
Miura Co Ltd,Japan,Industrials,57389234
Mixue Group,China,Consumer Discretionary,13120659
Miyakoshi Holdings Inc,Japan,Real Estate,112987
Miyazaki Bank Ltd/The,Japan,Financials,5752868
Mizuho Financial Group Inc,Japan,Financials,1587823053
Mizuho Leasing Co Ltd,Japan,Consumer Discretionary,5570940
Mizuno Corp,Japan,Consumer Discretionary,6515521
Mobico Group PLC,United Kingdom,Consumer Discretionary,4251203
Mobile TeleSystems PJSC,Russia,Telecommunications,115498
Mobile Telecommunications Co KSCP,Kuwait,Telecommunications,33473209
Mobile World Investment Corp,Vietnam,Consumer Discretionary,28176963
Mobimo Holding AG,Switzerland,Real Estate,69189398
Mobvista Inc,China,Consumer Discretionary,10512295
Mochida Pharmaceutical Co Ltd,Japan,Health Care,2617517
Modec Inc,Japan,Energy,65973346
Modern Times Group MTG AB,Sweden,Consumer Discretionary,15176454
Moderna Inc,United States,Health Care,250649765
Modine Manufacturing Co,United States,Industrials,175978730
Modivo SA,Poland,Consumer Discretionary,10856032
Modon Holding PSC,United Arab Emirates,Real Estate,581990
Moelis & Co,United States,Financials,30169938
Mohawk Industries Inc,United States,Industrials,78065299
Molecure SA,Poland,Health Care,883292
Molina Healthcare Inc,United States,Health Care,122365706
Molson Coors Beverage Co,United States,Consumer Staples,111317408
Molson Coors Canada Inc,Canada,Consumer Staples,1111756
Moltiply Group SpA,Italy,Financials,51857
Momentum Group Ltd,South Africa,Financials,30539414
Monadelphous Group Ltd,Australia,Industrials,27141675
Moncler SpA,Italy,Consumer Discretionary,187496384
Monday.com Ltd,United States,Technology,22119923
Monde Nissin Corp,Philippines,Consumer Staples,12740823
Mondelez International Inc,United States,Consumer Staples,914034473
Mondi PLC,United Kingdom,Industrials,49387166
Moneta Money Bank AS,Czech Republic,Financials,1097821
Monex Group Inc,Japan,Financials,3687822
Money Forward Inc,Japan,Technology,20275281
MongoDB Inc,United States,Technology,323016891
Mongolian Mining Corp,Hong Kong,Energy,6934597
Monogatari Corp/The,Japan,Consumer Discretionary,4619511
Monolithic Power Systems Inc,United States,Technology,837892632
MonotaRO Co Ltd,Japan,Consumer Discretionary,49507469
Monster Beverage Corp,United States,Consumer Staples,712137316
Montage Gold Corp,Canada,Basic Materials,39438080
Montage Technology Co Ltd,China,Technology,56776399
Montana Aerospace AG,Switzerland,Industrials,13298498
Montea NV,Belgium,Real Estate,33001135
Moody's Corp,United States,Financials,1012723685
Moog Inc,United States,Industrials,150623412
Moon Environment Technology Co Ltd,China,Industrials,244433122
Morgan Sindall Group PLC,United Kingdom,Industrials,54917086
Morgan Stanley,United States,Financials,3715369513
Mori Hills REIT Investment Corp,Japan,Real Estate,18997431
Mori Trust Reit Inc,Japan,Real Estate,8599645
Morinaga & Co Ltd/Japan,Japan,Consumer Staples,6362557
Morinaga Milk Industry Co Ltd,Japan,Consumer Staples,38132078
Morita Holdings Corp,Japan,Industrials,2826364
Moriya Transportation Engineering & Manufacturing Co Ltd,Japan,Industrials,1250032
Morningstar Inc,United States,Financials,35500323
Mosaic Co/The,United States,Basic Materials,84863556
Mosenergo PJSC,Russia,Utilities,249848
Moshi Moshi Retail Corp plc,Thailand,Consumer Discretionary,2117014
Motherson Sumi Wiring India Ltd,India,Consumer Discretionary,13574021
Motilal Oswal Financial Services Ltd,India,Financials,15711189
Motiva Infraestrutura de Mobilidade SA,Brazil,Industrials,85720399
Motor Oil Hellas Corinth Refineries SA,Greece,Energy,56022507
Motorola Solutions Inc,United States,Telecommunications,890191972
Motus Holdings Ltd,South Africa,Consumer Discretionary,31699413
Moura Dubeux Engenharia S/A,Brazil,Real Estate,12907796
Movida Participacoes SA,Brazil,Consumer Discretionary,15147145
Mphasis Ltd,India,Technology,65060886
Mr DIY Holding Thailand PCL,Thailand,Consumer Discretionary,7774023
Mr Price Group Ltd,South Africa,Consumer Discretionary,175597521
Mrs Bectors Food Specialities Ltd,India,Consumer Staples,3263887
Muangthai Capital PCL,Thailand,Financials,32983515
Mueller Industries Inc,United States,Basic Materials,176345421
Muenchener Rueckversicherungs-Gesellschaft AG in Muenchen,Germany,Financials,1268012443
Multi Bintang Indonesia Tbk PT,Indonesia,Consumer Staples,5254002
Multi Commodity Exchange of India Ltd,India,Financials,254320183
Multiplan Empreendimentos Imobiliarios SA,Brazil,Real Estate,117626324
Muninova Holdings Inc,Japan,Financials,4842958
Munters Group AB,Sweden,Industrials,51028754
Murapol SA,Poland,Consumer Discretionary,22348775
Murata Manufacturing Co Ltd,Japan,Technology,2180400946
Murphy USA Inc,United States,Consumer Discretionary,151947329
Musashi Seimitsu Industry Co Ltd,Japan,Consumer Discretionary,5617530
Musashino Bank Ltd/The,Japan,Financials,7781061
Muthoot Finance Ltd,India,Financials,50623565
Muyuan Foods Group Co Ltd,China,Consumer Staples,3384556
Mycronic AB,Sweden,Technology,114436463
Myer Holdings Ltd,Australia,Consumer Discretionary,10926634
Myoung Shin Industrial Co Ltd,South Korea,Consumer Discretionary,2631
NANKAI Co Ltd,Japan,Industrials,32049888
NARI Technology Co Ltd,China,Industrials,5842046
NAURA Technology Group Co Ltd,China,Technology,350706538
NAVER Corp,South Korea,Technology,381295586
NBTM New Materials Group Co Ltd,China,Industrials,108195200
NC Corp,South Korea,Consumer Discretionary,54468239
NCC Ltd/India,India,Industrials,5806605
NEC Corp,Japan,Technology,525047268
NEOWIZ HOLDINGS Corp,South Korea,Consumer Discretionary,6259
NEPI Rockcastle NV,South Africa,Real Estate,31888297
NETLINK NBN TRUST,Singapore,Telecommunications,37143019
NEXTDC Ltd,Australia,Technology,107224481
NEXTIN Inc,South Korea,Technology,9776511
NGEx Minerals Ltd,Canada,Basic Materials,58266541
NGK Corp,Japan,Industrials,211322732
NH Foods Ltd,Japan,Consumer Staples,57706062
NH Investment & Securities Co Ltd,South Korea,Financials,2672757
NHK Spring Co Ltd,Japan,Consumer Discretionary,60465803
NHN Corp,South Korea,Consumer Discretionary,4226
NICE Information Service Co Ltd,South Korea,Industrials,2792254
NIDEC CORP,Japan,Industrials,337901993
NIKE Inc,United States,Consumer Discretionary,422175852
NIO Inc,China,Consumer Discretionary,71026516
NIPPON EXPRESS HOLDINGS INC,Japan,Industrials,117530678
NIPPON REIT Investment Corp,Japan,Real Estate,6659435
NKGen Biotech Korea Co Ltd,South Korea,Health Care,5214
NKT A/S,Denmark,Industrials,300192252
NMDC Steel Ltd,India,Basic Materials,2964357
NN Group NV,Netherlands,Financials,929364681
NNN REIT Inc,United States,Real Estate,117440324
NOBA Bank Group AB,Sweden,Financials,23032492
NOF Corp,Japan,Basic Materials,77891849
NOK Corp,Japan,Consumer Discretionary,48326284
NOS SGPS SA,Portugal,Telecommunications,23842104
NOV Inc,United States,Energy,8547339
NOVAREX Co Ltd,South Korea,Consumer Staples,4197806
NRW Holdings Ltd,Australia,Basic Materials,32799357
NS Solutions Corp,Japan,Technology,18611151
NS United Kaiun Kaisha Ltd,Japan,Industrials,2384233
NSD Co Ltd,Japan,Technology,5393834
NSI NV,Netherlands,Real Estate,4724859
NSK Ltd,Japan,Consumer Discretionary,53606989
NTN Corp,Japan,Consumer Discretionary,7258073
NTPC Green Energy Ltd,India,Utilities,6613895
NTT DC REIT,Singapore,Real Estate,18249254
NTT Inc,Japan,Telecommunications,393847055
NTT UD REIT Investment Corp,Japan,Real Estate,8223539
NU Holdings Ltd/Cayman Islands,United States,Financials,865497608
NVIDIA Corp,United States,Technology,61847326779
NVR Inc,United States,Consumer Discretionary,220706466
NX Filtration NV,Netherlands,Industrials,526596
NXP Semiconductors NV,United States,Technology,599402985
Nabtesco Corp,Japan,Industrials,71489081
Nachi-Fujikoshi Corp,Japan,Industrials,2843372
Nagaileben Co Ltd,Japan,Health Care,499330
Nagarro SE,Germany,Technology,4747722
Nagase & Co Ltd,Japan,Basic Materials,50143779
Nagawa Co Ltd,Japan,Consumer Discretionary,1683904
Nagoya Railroad Co Ltd,Japan,Industrials,37332810
Nakanishi Inc,Japan,Health Care,24343135
Namura Shipbuilding Co Ltd,Japan,Industrials,8853503
Nan Kang Rubber Tire Co Ltd,Taiwan,Consumer Discretionary,2781937
Nan Pao Resins Chemical Co Ltd,Taiwan,Basic Materials,6954849
Nan Ya Plastics Corp,Taiwan,Basic Materials,332383182
Nan Ya Printed Circuit Board Corp,Taiwan,Technology,232496989
Nanjing Sample Technology Co Ltd,China,Technology,18339
Nanoform Finland Plc,Finland,Health Care,921651
Nanosonics Ltd,Australia,Health Care,14159226
Nanshan Aluminium International Holdings Ltd,Hong Kong,Basic Materials,6706842
Nanto Bank Ltd/The,Japan,Financials,8512787
Nanya New Material Technology Co Ltd,China,Technology,81608887
Nanya Technology Corp,Taiwan,Technology,300171439
Narayana Hrudayalaya Ltd,India,Health Care,19678892
Nasdaq Inc,United States,Financials,503721753
Naspers Ltd,South Africa,Technology,590371201
NatWest Group PLC,United Kingdom,Financials,2453384879
Natco Pharma Ltd,India,Health Care,10649654
Natera Inc,United States,Health Care,512392820
National Agricultural Holdings Ltd,China,Financials,7558
National Aluminium Co Ltd,India,Basic Materials,59947704
National Australia Bank Ltd,Australia,Financials,1540750914
National Bank of Canada,Canada,Financials,804719520
National Bank of Greece SA,Greece,Financials,280288274
National Bank of Kuwait SAKP,Kuwait,Financials,363564725
National Beverage Corp,United States,Consumer Staples,8299949
National Central Cooling Co PJSC,United Arab Emirates,Industrials,29741260
National Fuel Gas Co,United States,Utilities,93233777
National Grid PLC,United Kingdom,Utilities,1367223595
National Health Investors Inc,United States,Real Estate,51273792
National Industries Co KSC,Kuwait,Industrials,110458
National Industries Group Holding SAK,Kuwait,Financials,2337389
National Investments Co KSCP,Kuwait,Financials,16281578
National Vision Holdings Inc,United States,Consumer Discretionary,15962754
Natura Cosmeticos SA,Brazil,Consumer Discretionary,580480
Nature Holdings Co Ltd/The,South Korea,Consumer Discretionary,1501362
Naturgy Energy Group SA,Spain,Utilities,286399388
Navan Inc,United States,Technology,18897687
Navigator Global Investments Ltd,Australia,Financials,47678750
Navin Fluorine International Ltd,India,Basic Materials,147659751
Nazara Technologies Ltd,India,Consumer Discretionary,3360295
Nearshoring Experts & Technology SC,Mexico,Real Estate,3359104
Nebius Group NV,Netherlands,Technology,741948932
Nebras Energy,Qatar,Utilities,6165747
Nedbank Group Ltd,South Africa,Financials,66490810
Nemak SAB de CV,Mexico,Consumer Discretionary,16388616
Nemetschek SE,Germany,Technology,69526578
Neo Corporate PCL,Thailand,Consumer Staples,714715
NeoPharm Co Ltd,South Korea,Consumer Discretionary,4739669
Neogen Corp,United States,Health Care,147130
Neowiz,South Korea,Consumer Discretionary,13339179
Neste Oyj,Finland,Energy,217981778
Nestle India Ltd,India,Consumer Staples,97649107
Nestle Malaysia Bhd,Malaysia,Consumer Staples,16045
Nestle SA,Switzerland,Consumer Staples,6019442777
Net Protections Holdings Inc,Japan,Industrials,5203723
NetApp Inc,United States,Technology,334948616
NetEase Cloud Music Inc,China,Consumer Discretionary,11957030
NetEase Inc,China,Consumer Discretionary,329925666
Netcare Ltd,South Africa,Health Care,24263006
Netcompany Group A/S,Denmark,Technology,38684803
Netflix Inc,United States,Consumer Discretionary,4041395581
Netjoy Holdings Ltd,China,Technology,506998
Netmarble Corp,South Korea,Consumer Discretionary,455804
Netwealth Group Ltd,Australia,Financials,21027658
Netweb Technologies India Ltd,India,Technology,10172251
Network18 Media & Investments Ltd,India,Consumer Discretionary,877299
Neuca SA,Poland,Health Care,7192862
Neuland Laboratories Ltd,India,Health Care,16398844
Neuren Pharmaceuticals Ltd,Australia,Health Care,23538612
Neurocrine Biosciences Inc,United States,Health Care,133569549
Neurogene Inc,United States,Health Care,11548063
New China Life Insurance Co Ltd,China,Financials,20968836
New Horizon Health Ltd,China,Health Care,47771
New India Assurance Co Ltd/The,India,Financials,3753371
New Jersey Resources Corp,United States,Utilities,72458095
New Oriental Education & Technology Group Inc,China,Consumer Discretionary,373356227
New Wave Group AB,Sweden,Consumer Discretionary,11113384
New World Development Co Ltd,Hong Kong,Real Estate,13911703
New York Times Co/The,United States,Consumer Discretionary,4924703
NewMarket Corp,United States,Basic Materials,62632976
Newamsterdam Pharma Co NV,Netherlands,Health Care,28285543
Neway Valve Suzhou Co Ltd,China,Industrials,15660410
Newborn Town Inc,China,Technology,37210615
Newgen Software Technologies Ltd,India,Technology,2451888
Newmont Corp,United States,Basic Materials,1305720885
News Corp,United States,Consumer Discretionary,168398914
NexGen Energy Ltd,Canada,Basic Materials,85090384
Nexans SA,France,Industrials,128878879
Nexchip Semiconductor Corp,China,Technology,3953514
Nexen Corp,South Korea,Consumer Discretionary,677809
Nexen Tire Corp,South Korea,Consumer Discretionary,6922829
Nexi SpA,Italy,Industrials,62219382
Nexon Co Ltd,Japan,Consumer Discretionary,39233812
Nexstar Media Group Inc,United States,Consumer Discretionary,64829063
Next PLC,United Kingdom,Consumer Discretionary,423585309
Next Vision Stabilized Systems Ltd,Israel,Industrials,25920230
NextEra Energy Inc,United States,Utilities,2707204825
Nextage Co Ltd,Japan,Consumer Discretionary,6180511
Nextbiomedical Co Ltd,South Korea,Health Care,3639635
Nexteer Automotive Group Ltd,Hong Kong,Consumer Discretionary,6498627
Nextpower Inc,United States,Energy,228551147
Nexus Select Trust,India,Real Estate,32986908
Ngern Tid Lor PCL,Thailand,Financials,1
NiSource Inc,United States,Utilities,311328442
Nibe Industrier AB,Sweden,Industrials,30593544
Nice Information & Telecommunication Inc,South Korea,Industrials,4489969
Nice Ltd,Israel,Technology,21103124
Nichias Corp,Japan,Industrials,85968794
Nichicon Corp,Japan,Technology,11676942
Nichiden Corp,Japan,Industrials,2035128
Nichidenbo Corp,Taiwan,Industrials,83964497
Nichiha Corp,Japan,Industrials,4102680
Nichirei Corp,Japan,Consumer Staples,44403679
Nick Scali Ltd,Australia,Consumer Discretionary,13601432
Nickel Asia Corp,Philippines,Basic Materials,21460860
Nien Made Enterprise Co Ltd,Taiwan,Consumer Discretionary,52809811
Nifco Inc/Japan,Japan,Consumer Discretionary,40872366
Nihon Dengi Co Ltd,Japan,Industrials,3636721
Nihon Kohden Corp,Japan,Health Care,56705531
Nihon M&A Center Holdings Inc,Japan,Financials,5927243
Nihon Nohyaku Co Ltd,Japan,Basic Materials,7391
Nihon Parkerizing Co Ltd,Japan,Basic Materials,5446110
Nikkiso Co Ltd,Japan,Industrials,6354208
Nikkon Holdings Co Ltd,Japan,Industrials,56786282
Nikon Corp,Japan,Consumer Discretionary,24179743
Nine Entertainment Co Holdings Ltd,Australia,Consumer Discretionary,9784309
Ninety One Ltd,South Africa,Financials,148333
Ninety One PLC,United Kingdom,Financials,9103524
Ningbo Deye Technology Corp,China,Industrials,24408964
Ningbo Orient Wires & Cables Co Ltd,China,Industrials,9693447
Ningxia Baofeng Energy Group Co Ltd,China,Basic Materials,6470613
Nintendo Co Ltd,Japan,Consumer Discretionary,928715158
Nippn Corp,Japan,Consumer Staples,9424155
Nippon Avionics Co Ltd,Japan,Industrials,430309
Nippon Building Fund Inc,Japan,Real Estate,107061285
Nippon Carbon Co Ltd,Japan,Industrials,954345
Nippon Ceramic Co Ltd,Japan,Technology,2328934
Nippon Densetsu Kogyo Co Ltd,Japan,Industrials,4438932
Nippon Dry-Chemical Co Ltd,Japan,Industrials,21152610
Nippon Electric Glass Co Ltd,Japan,Technology,48133713
Nippon Gas Co Ltd,Japan,Utilities,8666950
Nippon Hotel & Residential Investment Corp,Japan,Real Estate,1227120
Nippon Kanzai Holdings Co Ltd,Japan,Real Estate,1626061
Nippon Kayaku Co Ltd,Japan,Basic Materials,29668753
Nippon Life India Asset Management Ltd,India,Financials,23405893
Nippon Light Metal Holdings Co Ltd,Japan,Basic Materials,5439656
Nippon Paint Holdings Co Ltd,Japan,Industrials,43389081
Nippon Paper Industries Co Ltd,Japan,Basic Materials,4543219
Nippon Parking Development Co Ltd,Japan,Industrials,1412179
Nippon Prologis REIT Inc,Japan,Real Estate,65036579
Nippon Rietec Co Ltd,Japan,Industrials,3988556
Nippon Sanso Holdings Corp,Japan,Basic Materials,120550129
Nippon Seiki Co Ltd,Japan,Consumer Discretionary,3914204
Nippon Shinyaku Co Ltd,Japan,Health Care,24415402
Nippon Shokubai Co Ltd,Japan,Basic Materials,26629521
Nippon Signal Co Ltd,Japan,Industrials,11402147
Nippon Soda Co Ltd,Japan,Basic Materials,5500701
Nippon Steel Corp,Japan,Basic Materials,211875758
Nippon Television Holdings Inc,Japan,Consumer Discretionary,15167072
Nippon Yusen KK,Japan,Industrials,196414357
Nipro Corp,Japan,Health Care,24347213
Nirvana Development PCL,Thailand,Real Estate,478795
Nishi-Nippon Financial Holdings Inc,Japan,Financials,45837527
Nishi-Nippon Railroad Co Ltd,Japan,Industrials,6825705
Nishikawa Rubber Co Ltd,Japan,Consumer Discretionary,2154022
Nishimatsu Construction Co Ltd,Japan,Industrials,4313907
Nishimatsuya Chain Co Ltd,Japan,Consumer Discretionary,2514147
Nishio Holdings Co Ltd,Japan,Industrials,2339579
Nissan Chemical Corp,Japan,Basic Materials,120938188
Nissan Motor Co Ltd,Japan,Consumer Discretionary,62903686
Nissan Shatai Co Ltd,Japan,Consumer Discretionary,2419286
Nissei ASB Machine Co Ltd,Japan,Industrials,21707208
Nissha Co Ltd,Japan,Technology,976054
Nisshin Oillio Group Ltd/The,Japan,Consumer Staples,8307580
Nisshin Seifun Group Inc,Japan,Consumer Staples,48046046
Nisshinbo Holdings Inc,Japan,Industrials,18402503
Nissin Foods Holdings Co Ltd,Japan,Consumer Staples,57714813
Nissui Corp,Japan,Consumer Staples,11691688
Niterra Co Ltd,Japan,Consumer Discretionary,261000579
Nitori Holdings Co Ltd,Japan,Consumer Discretionary,73290493
Nitta Corp,Japan,Industrials,3386987
Nittetsu Mining Co Ltd,Japan,Basic Materials,4042624
Nitto Boseki Co Ltd,Japan,Basic Materials,19885771
Nitto Denko Corp,Japan,Basic Materials,98732846
Nitto Kogyo Corp,Japan,Industrials,4072349
Noah Holdings Ltd,China,Financials,266833
Nobia AB,Sweden,Consumer Discretionary,422958
Noevir Holdings Co Ltd,Japan,Consumer Discretionary,2460723
Nohmi Bosai Ltd,Japan,Industrials,3286973
Nojima Corp,Japan,Consumer Discretionary,7107837
Nokia Oyj,Finland,Telecommunications,1500158545
Nomad Foods Ltd,United States,Consumer Staples,23155998
Nomura Co Ltd,Japan,Industrials,3217848
Nomura Holdings Inc,Japan,Financials,374681013
Nomura Micro Science Co Ltd,Japan,Industrials,5881901
Nomura Real Estate Holdings Inc,Japan,Real Estate,51133033
Nomura Real Estate Master Fund Inc,Japan,Real Estate,66468832
Nomura Research Institute Ltd,Japan,Technology,200997032
NongShim Co Ltd,South Korea,Consumer Staples,22161017
Nongfu Spring Co Ltd,China,Consumer Staples,99168521
Nordea Bank Abp,Finland,Financials,1739567196
Nordex SE,Germany,Energy,5322771
Nordnet AB publ,Sweden,Financials,400748391
Nordson Corp,United States,Industrials,211041507
Norfolk Southern Corp,United States,Industrials,755836765
Norion Bank AB,Sweden,Financials,50137
Noritake Co Ltd,Japan,Industrials,24453641
Noritsu Koki Co Ltd,Japan,Consumer Discretionary,12979914
Noritz Corp,Japan,Consumer Discretionary,2454466
Norte Grande SA,Chile,Financials,24398229
North Pacific Bank Ltd,Japan,Financials,11673952
Northam Platinum Holdings Ltd,South Africa,Basic Materials,217766160
Northeast Group Sdn Bhd,Malaysia,Industrials,5280016
Northern Solar Holdings Bhd,Malaysia,Energy,1532802
Northern Star Resources Ltd,Australia,Basic Materials,493240682
Northern Trust Corp,United States,Financials,293380728
Northland Power Inc,Canada,Utilities,126196916
Northsand Inc,Japan,Technology,14353792
Northwestern Energy Group Inc,United States,Utilities,55903779
Norwegian Cruise Line Holdings Ltd,United States,Consumer Discretionary,21936942
Nova Ltd,Israel,Technology,174377269
Novagold Resources Inc,Canada,Basic Materials,27002714
Novanta Inc,United States,Technology,71610789
Novartis AG,Switzerland,Health Care,7205921557
Novatek Microelectronics Corp,Taiwan,Technology,53645823
Novatek PJSC,Russia,Energy,3881446
Noventiq Holdings plc,United Kingdom,Technology,5834379
Novo Nordisk A/S,Denmark,Health Care,3404002267
Novolipetsk Steel PJSC,Russia,Basic Materials,1316863
Novonesis Novozymes B,Denmark,Health Care,804741974
Nucor Corp,United States,Basic Materials,867690549
Nusantara Sejahtera Raya Tbk PT,Indonesia,Consumer Discretionary,1122966
Nutanix Inc,United States,Technology,135389458
Nutrien Ltd,Canada,Basic Materials,334714846
Nuvalent Inc,United States,Health Care,72252564
Nuvama Wealth Management Ltd,India,Financials,17397946
Nxera Pharma Co Ltd,Japan,Health Care,2658883
O'Reilly Automotive Inc,United States,Consumer Discretionary,975112646
O-Bank Co Ltd,Taiwan,Financials,1100224
OBIC Business Consultants Co Ltd,Japan,Technology,17621989
OCI International Holdings Ltd,Hong Kong,Financials,84
OGE Energy Corp,United States,Utilities,159521105
OHB SE,Germany,Telecommunications,22770249
OKUMA Corp,Japan,Industrials,42127582
OMV AG,Austria,Energy,90989318
ON Semiconductor Corp,United States,Technology,543456572
ONE Gas Inc,United States,Utilities,62482267
ONEOK Inc,United States,Energy,557859117
OPC Energy Ltd,Israel,Utilities,35199425
OR OOO,Russia,Consumer Discretionary,2
OR Royalties Inc,Canada,Basic Materials,79101934
ORIC Pharmaceuticals Inc,United States,Health Care,19463719
ORIX Corp,Japan,Financials,757536143
ORLEN SA,Poland,Energy,35883624
OSAKA Titanium Technologies Co Ltd,Japan,Basic Materials,2710628
OSB Group PLC,United Kingdom,Financials,102876020
OSG Corp,Japan,Industrials,8020234
OSL Group Ltd,Hong Kong,Financials,11441710
OSRAM Licht AG,Germany,Industrials,128995883
OTP Bank Nyrt,Hungary,Financials,289243729
OUE Real Estate Investment Trust,Singapore,Real Estate,10895425
OUTsurance Group Ltd,South Africa,Financials,95654984
Obayashi Corp,Japan,Industrials,204726052
Oberoi Realty Ltd,India,Real Estate,23701313
Obic Co Ltd,Japan,Technology,11405489
Objective Corp Ltd,Australia,Technology,4030579
Ocado Group PLC,United Kingdom,Consumer Staples,26843814
Oceana Group Ltd,South Africa,Consumer Staples,3354032
OceanaGold Corp,Canada,Basic Materials,74818273
Octave Intelligence PLC,United States,Technology,51186684
Odakyu Electric Railway Co Ltd,Japan,Consumer Discretionary,57102943
Odine Solutions Teknoloji Ticaret VE Sanayi AS,Türkiye,Telecommunications,3834380
Oesterreichische Post AG,Austria,Industrials,24038279
Ogaki Kyoritsu Bank Ltd/The,Japan,Financials,8589961
Ohsho Food Service Corp,Japan,Consumer Discretionary,3426488
Oita Bank Ltd/The,Japan,Financials,6124017
Oji Holdings Corp,Japan,Basic Materials,62833297
Okamoto Industries Inc,Japan,Industrials,2343916
Okamura Corp,Japan,Consumer Discretionary,19585939
Okasan Securities Group Inc,Japan,Financials,6026084
Oki Electric Industry Co Ltd,Japan,Technology,29740563
Okinawa Cellular Telephone Co,Japan,Telecommunications,30118726
Oklo Inc,United States,Utilities,92010112
Okta Inc,United States,Technology,279015416
Okumura Corp,Japan,Industrials,9146224
Ola Electric Mobility Ltd,India,Consumer Discretionary,3721766
Old Dominion Freight Line Inc,United States,Industrials,479068082
Old Mutual Ltd,South Africa,Financials,51656776
Old National Bancorp/IN,United States,Financials,90627363
Old Republic International Corp,United States,Financials,120844535
Olectra Greentech Ltd,India,Industrials,5834481
OliX Pharmaceuticals Inc,South Korea,Health Care,2115107
Ollie's Bargain Outlet Holdings Inc,United States,Consumer Discretionary,40077006
Olvi Oyj,Finland,Consumer Staples,8060539
Olympus Corp,Japan,Health Care,178979084
Omega Healthcare Investors Inc,United States,Real Estate,189512599
OmniVision Integrated Circuits Group Inc,China,Technology,2045947
Omnia Holdings Ltd,South Africa,Basic Materials,19641673
Omnicom Group Inc,United States,Consumer Discretionary,31183184
Omron Corp,Japan,Industrials,109840884
On Holding AG,United States,Consumer Discretionary,98338742
Once Upon a Farm PBC,United States,Consumer Staples,6656000
One 97 Communications Ltd,India,Industrials,112839971
One Mobikwik Systems Ltd,India,Industrials,4972036
One REIT Inc,Japan,Real Estate,2182596
One Software Technologies Ltd,Israel,Technology,4788251
OneMain Holdings Inc,United States,Financials,78804579
Oneness Biotech Co Ltd,Taiwan,Health Care,72288
Onesource Specialty Pharma Ltd,India,Health Care,6858584
Onewo Inc,China,Real Estate,1317232
Onex Corp,Canada,Financials,64019349
Ono Pharmaceutical Co Ltd,Japan,Health Care,98524494
Ontex Group NV,Belgium,Consumer Staples,2971899
Onto Innovation Inc,United States,Technology,243091302
Onward Holdings Co Ltd,Japan,Consumer Discretionary,15155745
Ooredoo QPSC,Qatar,Telecommunications,183792584
Open House Group Co Ltd,Japan,Real Estate,61896626
Open Text Corp,Canada,Technology,70835664
Open Up Group Inc,Japan,Industrials,3727254
Opmobility,France,Consumer Discretionary,16614110
Optasia Ltd,South Africa,Financials,3174775
Optex Group Co Ltd,Japan,Industrials,28201858
Opthea Ltd,Australia,Health Care,82680
Optima bank SA,Greece,Financials,514485
Option Care Health Inc,United States,Health Care,41061441
Optorun Co Ltd,Japan,Industrials,3401151
Ora Banda Mining Ltd,Australia,Basic Materials,19562478
Oracle Corp,United States,Technology,3256817434
Oracle Corp Japan,Japan,Technology,28752599
Oracle Financial Services Software Ltd,India,Technology,24553802
Orange Belgium SA,Belgium,Telecommunications,21246937
Orange Polska SA,Poland,Telecommunications,152095193
Orange SA,France,Telecommunications,975805257
Orbbec Inc,China,Industrials,1615893
Orbia Advance Corp SAB de CV,Mexico,Industrials,154458685
Organo Corp,Japan,Industrials,56914756
Organon & Co,United States,Health Care,1768608
Orica Ltd,Australia,Basic Materials,155936530
Orient Corp,Japan,Financials,1866802
Orient Electric Ltd,India,Consumer Discretionary,385422
Orient Overseas International Ltd,Hong Kong,Industrials,35354712
Orient Securities Co Ltd/China,China,Financials,5375440
Orient Semiconductor Electronics Ltd,Taiwan,Technology,4777125
Oriental Food Industries Holdings BHD,Malaysia,Consumer Staples,1372458
Oriental Kopi Holdings Bhd,Malaysia,Consumer Discretionary,2907386
Oriental Land Co Ltd/Japan,Japan,Consumer Discretionary,270549052
Origin Energy Ltd,Australia,Utilities,221737055
Oriola Oyj,Finland,Health Care,1266359
Orion Corp/Republic of Korea,South Korea,Consumer Staples,51671376
Orion Minerals Ltd,Australia,Basic Materials,1210076
Orion Oyj,Finland,Health Care,178928538
Orix JREIT Inc,Japan,Real Estate,52716290
Orizon Valorizacao de Residuos SA,Brazil,Utilities,12561835
Orkla India Ltd,India,Consumer Staples,1781742
Orla Mining Ltd,Canada,Basic Materials,38853675
Ormat Technologies Inc,United States,Utilities,92723605
Orora Ltd,Australia,Industrials,22278621
Orsted AS,Denmark,Utilities,198746386
Orthocell Ltd,Australia,Health Care,714783
Oruka Therapeutics Inc,United States,Health Care,24685480
Orum Therapeutics Inc,South Korea,Health Care,937158
Orzel Bialy SA,Poland,Utilities,2674446
Osaka Gas Co Ltd,Japan,Utilities,196384377
Osaka Soda Co Ltd,Japan,Basic Materials,5317279
Osaka Steel Co Ltd,Japan,Basic Materials,482161
Oscotec Inc,South Korea,Health Care,14146789
Oshkosh Corp,United States,Industrials,130220873
Osotspa PCL,Thailand,Consumer Staples,1914905
Otis Worldwide Corp,United States,Industrials,607614140
Otokar Otomotiv Ve Savunma Sanayi A.S.,Türkiye,Industrials,968209
Otoki Corp,South Korea,Consumer Staples,339513
Otsuka Corp,Japan,Technology,96677768
Otsuka Holdings Co Ltd,Japan,Health Care,246431518
Ottobock SE & Co KGaA,Germany,Health Care,7532000
Ouro Fino Saude Animal Participacoes SA,Brazil,Health Care,2539946
Outfront Media Inc,United States,Real Estate,1638000
Outokumpu Oyj,Finland,Basic Materials,8460616
Oversea-Chinese Banking Corp Ltd,Singapore,Financials,758514586
Owens Corning,United States,Industrials,173310432
Oxford Instruments PLC,United Kingdom,Industrials,42716760
Oxford Nanopore Technologies PLC,United Kingdom,Health Care,13219933
Oyak Cimento Fabrikalari AS,Türkiye,Industrials,1523905
Ozon Holdings PLC,Russia,Consumer Discretionary,1519282
PACCAR Inc,United States,Industrials,674254221
PAL GROUP Holdings Co Ltd,Japan,Consumer Discretionary,3971524
PALTAC Corp,Japan,Consumer Staples,17880016
PATRIZIA SE,Germany,Real Estate,3224364
PAZ Corp SA,Chile,Real Estate,10641335
PB Fintech Ltd,India,Financials,51679502
PBF Energy Inc,United States,Energy,6290591
PCBL CHEMICAL Ltd,India,Basic Materials,6712409
PCC Exol SA,Poland,Basic Materials,230018
PCC Rokita SA,Poland,Basic Materials,2889980
PCCW Ltd,Hong Kong,Telecommunications,411
PDD Holdings Inc,China,Technology,1357814741
PEXA Group Ltd,Australia,Technology,19198599
PG Electroplast Ltd,India,Industrials,17422975
PG&E Corp,United States,Utilities,492822905
PHA Co Ltd,South Korea,Consumer Discretionary,1881171
PHC Holdings Corp,Japan,Health Care,1475032
PI Advanced Materials Co Ltd,South Korea,Industrials,7894210
PI Industries Ltd,India,Basic Materials,18677742
PICC Property & Casualty Co Ltd,China,Financials,204791693
PIE Industrial BHD,Malaysia,Industrials,2232629
PIK-Spetsializirovannyy Zastroyshchik PAO,Russia,Real Estate,315872
PILLAR Corp /Japan,Japan,Industrials,21372411
PKSHA Technology Inc,Japan,Technology,1292121
PLDT Inc,Philippines,Telecommunications,2215073
PLS Group Ltd,Australia,Basic Materials,186978588
PLS Plantations Bhd,Malaysia,Consumer Staples,599657
PN Gadgil Jewellers Ltd,India,Consumer Discretionary,26511
PNB Housing Finance Ltd,India,Financials,18943854
PNC Financial Services Group Inc/The,United States,Financials,2480099948
PNC Infratech Ltd,India,Industrials,2098064
POSCO Future M Co Ltd,South Korea,Basic Materials,685149
PPB Group Bhd,Malaysia,Consumer Staples,5859934
PPC Ltd,South Africa,Industrials,3716185
PPG Industries Inc,United States,Industrials,177027000
PPK Mining Equipment Pty Ltd,Australia,Industrials,78758
PPL Corp,United States,Utilities,351293452
PRADA SpA,Hong Kong,Consumer Discretionary,392937775
PRTR Group PCL,Thailand,Industrials,277589
PS Construction Co Ltd,Japan,Industrials,1453700
PSG Financial Services Ltd,South Africa,Financials,711818
PSK Inc,South Korea,Technology,64489218
PSP Swiss Property AG,Switzerland,Real Estate,178220965
PTC Inc,United States,Technology,358364113
PTC Industries Ltd,India,Basic Materials,8674255
PTT Global Chemical PCL,Thailand,Basic Materials,20000220
PTT Synergy Group Bhd,Malaysia,Industrials,3787615
PVA TePla AG,Germany,Technology,14176872
PVR Inox Ltd,India,Consumer Discretionary,6719163
PZ Cussons PLC,United Kingdom,Consumer Staples,7052767
Pacific Basin Shipping Ltd,Hong Kong,Industrials,28780191
Pacific Current Group Ltd,Australia,Financials,3782428
Pacific Edge Ltd,New Zealand,Health Care,5588991
Pacific Electric Wire & Cable Co Ltd,Taiwan,Technology,100576
Pacific Metals Co Ltd,Japan,Basic Materials,7285899
Packaging Corp of America,United States,Industrials,253449858
Padini Holdings Bhd,Malaysia,Consumer Discretionary,4893464
Pakuwon Jati Tbk PT,Indonesia,Real Estate,2303737
Paladin Energy Ltd,Australia,Basic Materials,44290462
Palantir Technologies Inc,United States,Technology,3455000161
Palfinger AG,Austria,Industrials,5438119
Palo Alto Networks Inc,United States,Technology,3377130950
Palvella Therapeutics Inc,United States,Health Care,40581351
Pan African Resources PLC,United Kingdom,Basic Materials,72121291
Pan American Silver Corp,Canada,Basic Materials,290625434
Pan Jit International Inc,Taiwan,Technology,8015959
Pan Merchant Bhd,Malaysia,Industrials,490374
Pan Ocean Co Ltd,South Korea,Industrials,16031195
Pan Pacific International Holdings Corp,Japan,Consumer Discretionary,453199654
Pan-International Industrial Corp,Taiwan,Technology,4632684
Panasonic Holdings Corp,Japan,Consumer Discretionary,1095775941
Pandora A/S,Denmark,Consumer Discretionary,172883570
Pandox AB,Sweden,Real Estate,38896994
Panin Financial Tbk PT,Indonesia,Financials,5073826
Pantai Indah Kapuk Dua Tbk PT,Indonesia,Real Estate,7035904
Pantoro Gold Ltd,Australia,Basic Materials,8465022
Papoutsanis SA,Greece,Consumer Staples,1271879
Parade Technologies Ltd,Taiwan,Technology,8727199
Paradise Co Ltd,South Korea,Consumer Discretionary,3284503
Paradox Interactive AB,Sweden,Consumer Discretionary,4913708
Paragon Banking Group PLC,United Kingdom,Financials,38769419
Paramount Skydance Corp,United States,Consumer Discretionary,1281130
Park Hotels & Resorts Inc,United States,Real Estate,1789073
Park Systems Corp,South Korea,Industrials,67376654
Park24 Co Ltd,Japan,Industrials,37450371
Parker-Hannifin Corp,United States,Industrials,1897110690
Parkin Co PJSC,United Arab Emirates,Industrials,124028419
Parkway Life Real Estate Investment Trust,Singapore,Real Estate,23909544
Parque Arauco SA,Chile,Real Estate,33068001
Parsons Corp,United States,Technology,2703376
Partners Group Holding AG,Switzerland,Financials,76199177
Pasifik Eurasia Lojistik Dis Ticaret AS,Türkiye,Industrials,2780658
Pasona Group Inc,Japan,Industrials,812022
Patanjali Foods Ltd,India,Consumer Staples,5768251
Pattern Group Inc,United States,Industrials,44931076
Pavilion Real Estate Investment Trust,Malaysia,Real Estate,2893685
PayPal Holdings Inc,United States,Industrials,340244107
PayPay Corp,Japan,Industrials,47289000
Paychex Inc,United States,Industrials,182590157
Paycom Software Inc,United States,Technology,6994343
Paylocity Holding Corp,United States,Industrials,49366697
Paymentus Holdings Inc,United States,Industrials,17705873
Peab AB,Sweden,Industrials,29792354
Pearl Abyss Corp,South Korea,Consumer Discretionary,987118
Pearson PLC,United Kingdom,Consumer Discretionary,23809182
Peet Ltd,Australia,Real Estate,9205135
Pegasus Hava Tasimaciligi AS,Türkiye,Consumer Discretionary,4644726
Pegasystems Inc,United States,Technology,27413949
Pegatron Corp,Taiwan,Technology,34524882
Peijia Medical Ltd,China,Health Care,1062005
Pekat Group Bhd,Malaysia,Energy,8620838
Peker Gayrimenkul Yatirim Ortakligi AS,Türkiye,Real Estate,4732295
Pembina Pipeline Corp,Canada,Energy,247304308
Pennon Group PLC,United Kingdom,Utilities,58284174
PennyMac Financial Services Inc,United States,Financials,5967657
Pensionbee Group PLC,United Kingdom,Financials,15554358
Penske Automotive Group Inc,United States,Consumer Discretionary,38636916
Penta-Ocean Construction Co Ltd,Japan,Industrials,13910394
Pentair PLC,United States,Industrials,23977025
Pentamaster Corp Bhd,Malaysia,Industrials,39153563
Penumbra Inc,United States,Health Care,198430246
People & Technology Inc,South Korea,Industrials,1035287
People's Insurance Co Group of China Ltd/The,China,Financials,51556539
PeopleIN Ltd,Australia,Industrials,1578466
Pepco Group NV,Poland,Consumer Discretionary,34420120
Pepkor Holdings Ltd,South Africa,Consumer Discretionary,176445195
PepsiCo Inc,United States,Consumer Staples,2430963611
PeptiDream Inc,Japan,Health Care,10836613
Peptron Inc,South Korea,Health Care,3658759
Perenti Ltd,Australia,Basic Materials,18762538
Performance Food Group Co,United States,Consumer Staples,210580723
Pernod Ricard SA,France,Consumer Staples,314835928
Perpetua Resources Corp,Canada,Basic Materials,23671695
Perpetual Ltd,Australia,Financials,57548342
Perrigo Co PLC,United States,Health Care,20928483
Persimmon PLC,United Kingdom,Consumer Discretionary,84762118
Persistent Systems Ltd,India,Technology,70690303
Persol Holdings Co Ltd,Japan,Industrials,41553686
Pertamina Geothermal Energy PT,Indonesia,Utilities,5754911
Perusahaan Gas Negara Persero Tbk PT,Indonesia,Utilities,712670
Petkim Petrokimya Holding AS,Türkiye,Basic Materials,944598
PetroChina Co Ltd,China,Energy,258645238
PetroVietNam Ca Mau Fertilizer JSC,Vietnam,Basic Materials,1592672
PetroVietnam Drilling & Well Services JSC,Vietnam,Energy,7145280
PetroVietnam Gas JSC,Vietnam,Energy,2797537
PetroVietnam Power Corp,Vietnam,Utilities,4617582
PetroVietnam Technical Services Corp,Vietnam,Energy,5309728
Petroleo Brasileiro SA - Petrobras,Brazil,Energy,530264488
Petronas Chemicals Group Bhd,Malaysia,Basic Materials,20972372
Petronas Dagangan Bhd,Malaysia,Energy,343843
Petronas Gas Bhd,Malaysia,Utilities,19704678
Petronet LNG Ltd,India,Energy,35800049
Pets at Home Group Plc,United Kingdom,Consumer Discretionary,1560016
Peugeot Invest SA,France,Financials,6591814
Pfeiffer Vacuum Technology AG,Germany,Industrials,13032380
Pfizer Inc,United States,Health Care,1410238939
Pfizer Ltd,India,Health Care,1333901
Phancy Group Co Ltd,China,Technology,12476389
PharmaEssentia Corp,Taiwan,Health Care,150902765
PharmaResearch Co Ltd,South Korea,Health Care,29222754
Pharmaron Beijing Co Ltd,China,Health Care,77713402
Philex Mining Corp,Philippines,Basic Materials,1676327
Philippine National Bank,Philippines,Financials,566731
Philippine Seven Corp,Philippines,Consumer Staples,389337
Phillips 66,United States,Energy,643356966
Phillips Edison & Co Inc,United States,Real Estate,67088568
Phison Electronics Corp,Taiwan,Technology,168338708
Phoenix Financial Ltd,Israel,Financials,106672866
Phoenix Mills Ltd/The,India,Real Estate,42722291
Phoenix Silicon International Corp,Taiwan,Technology,12972775
PhosAgro PJSC,Russia,Basic Materials,2789656
Phu Nhuan Jewelry JSC,Vietnam,Consumer Discretionary,10209041
PicS NV,Brazil,Financials,5315000
Pick n Pay Stores Ltd,South Africa,Consumer Staples,7372405
Pidilite Industries Ltd,India,Basic Materials,132207556
Pierce Group AB,Sweden,Consumer Discretionary,1078975
Pigeon Corp,Japan,Consumer Staples,6602771
Pilgrim's Pride Corp,United States,Consumer Staples,14476172
Pilot Corp,Japan,Consumer Staples,12024687
Pine Labs Ltd,India,Industrials,7121032
Ping An Bank Co Ltd,China,Financials,627015
Ping An Healthcare and Technology Co Ltd,China,Health Care,7140110
Ping An Insurance Group Co of China Ltd,China,Financials,872308027
Pinnacle Financial Partners Inc,United States,Financials,346520984
Pinnacle Investment Management Group Ltd,Australia,Financials,33918877
Pinnacle West Capital Corp,United States,Utilities,144172763
Pinterest Inc,United States,Technology,217775807
Piolax Inc,Japan,Consumer Discretionary,683
Piper Sandler Cos,United States,Financials,64318724
Piraeus Bank SA,Greece,Financials,247465057
Piramal Finance Ltd,India,Financials,160026129
Piramal Pharma Ltd,India,Health Care,6348489
Pirelli & C SpA,Italy,Consumer Discretionary,60042233
Pixart Imaging Inc,Taiwan,Technology,9165404
Plan B Media Pcl,Thailand,Consumer Discretionary,7465259
Planet Fitness Inc,United States,Consumer Discretionary,32172926
Planet Labs PBC,United States,Industrials,91204472
Platinum Group PCL/The,Thailand,Real Estate,1723951
PlayWay SA,Poland,Consumer Discretionary,1367579
Playtech Plc,United Kingdom,Consumer Discretionary,1125586
Plaza SA,Chile,Real Estate,10332710
Plejd AB,Sweden,Industrials,20387484
Plus Alpha Consulting Co Ltd,Japan,Technology,2667655
Plus500 Ltd,United Kingdom,Financials,87082119
Pluxee NV,France,Industrials,19318900
Poh Kong Holdings Bhd,Malaysia,Consumer Discretionary,1495649
Pola Orbis Holdings Inc,Japan,Consumer Discretionary,9565926
Poly Medicure Ltd,India,Health Care,6422883
Poly Property Services Co Ltd,China,Real Estate,4830153
PolyNovo Ltd,Australia,Health Care,3218749
Polycab India Ltd,India,Industrials,180640269
Polymetals Resources Ltd,Australia,Basic Materials,2404162
Pony AI Inc,China,Industrials,36887035
Pool Corp,United States,Consumer Discretionary,88644316
Poonawalla Fincorp Ltd,India,Financials,16052270
Poongsan Holdings Corp,South Korea,Basic Materials,7609396
Pop Mart International Group Ltd,China,Consumer Discretionary,287804870
Popular Inc,United States,Financials,134580809
Porsche Automobil Holding SE,Germany,Consumer Discretionary,128665954
Portland General Electric Co,United States,Utilities,125786331
Porto Seguro SA,Brazil,Financials,652949
Posco DX Co Ltd,South Korea,Technology,459704
Post Holdings Inc,United States,Consumer Staples,115570733
Postal Savings Bank of China Co Ltd,China,Financials,31391277
Poste Italiane SpA,Italy,Financials,361045901
Pou Chen Corp,Taiwan,Consumer Discretionary,23297838
Power Assets Holdings Ltd,Hong Kong,Utilities,160800555
Power Corp of Canada,Canada,Financials,433216680
Power Finance Corp Ltd,India,Financials,72203810
Power Grid Corp of India Ltd,India,Utilities,127460671
Powerchip Semiconductor Manufacturing Corp,Taiwan,Technology,101457291
Powertech Technology Inc,Taiwan,Technology,146262784
Powerwell Holdings Bhd,Malaysia,Industrials,3397915
Powszechna Kasa Oszczednosci Bank Polski SA,Poland,Financials,183832421
Powszechny Zaklad Ubezpieczen SA,Poland,Financials,105345042
Poya International Co Ltd,Taiwan,Consumer Discretionary,2713330
Praj Industries Ltd,India,Industrials,4985663
Praram 9 Hospital PCL,Thailand,Health Care,5056412
Praxis Precision Medicines Inc,United States,Health Care,110036768
Precinct Properties Group,New Zealand,Real Estate,5310459
Precious Shipping PCL,Thailand,Industrials,5726500
Predictive Discovery Ltd,Australia,Basic Materials,26280645
Premier Energies Ltd,India,Energy,47120674
Premier Investments Ltd,Australia,Consumer Discretionary,47973942
Premium Brands Holdings Corp,Canada,Consumer Staples,15343100
Premium Group Co Ltd,Japan,Financials,13684935
President Chain Store Corp,Taiwan,Consumer Staples,46499922
President Securities Corp,Taiwan,Financials,3225055
Presight AI Holding PLC,United Arab Emirates,Technology,66716721
Press Metal Aluminium Holdings Bhd,Malaysia,Basic Materials,84874696
Prestige Consumer Healthcare Inc,United States,Health Care,3542745
Prestige Estates Projects Ltd,India,Real Estate,25726109
Prestige International Inc,Japan,Industrials,2198219
Prima Meat Packers Ltd,Japan,Consumer Staples,2452193
Primarius Technologies Co Ltd,China,Technology,2614614
Primary Health Properties PLC,United Kingdom,Real Estate,63374256
Primax Electronics Ltd,Taiwan,Technology,9383992
Prime Bank PLC,Bangladesh,Financials,7436688
Primerica Inc,United States,Financials,5274184
Primo Brands Corp,United States,Consumer Staples,73357589
Primoris Services Corp,United States,Industrials,67200486
Principal Financial Group Inc,United States,Financials,210503501
Pro Medicus Ltd,Australia,Health Care,140887540
Procept Biorobotics Corp,United States,Health Care,13731101
Procore Technologies Inc,United States,Technology,79007484
Procrea Holdings Inc,Japan,Financials,383502
Procter & Gamble Co/The,United States,Consumer Staples,4452317407
Procter & Gamble Health Ltd,India,Consumer Staples,4215539
Profile Systems & Software SA,Greece,Technology,9438963
Progressive Corp/The,United States,Financials,1744479660
Prologis Inc,United States,Real Estate,1672176113
Prologis Property Mexico SA de CV,Mexico,Real Estate,765651
Promotora de Informaciones SA,Spain,Consumer Discretionary,675466
Promotora y Operadora de Infraestructura SAB de CV,Mexico,Industrials,283873756
Propel Funeral Partners Ltd,Australia,Consumer Discretionary,13575222
Prosperity Bancshares Inc,United States,Financials,98481174
Prosus NV,Netherlands,Technology,2016654968
Protagonist Therapeutics Inc,United States,Health Care,11770622
Proximus SADP,Belgium,Telecommunications,16078344
Proya Cosmetics Co Ltd,China,Consumer Discretionary,9213980
Prudent Corporate Advisory Services Ltd,India,Financials,2991867
Prudential Financial Inc,United States,Financials,35330454
Prudential PLC,United Kingdom,Financials,1553150491
Pruksa Holding PCL,Thailand,Real Estate,7
Prysmian SpA,Italy,Industrials,962268550
Public Bank Bhd,Malaysia,Financials,265476994
Public Power Corp SA,Greece,Utilities,117444247
Public Service Enterprise Group Inc,United States,Utilities,493538911
Public Storage,United States,Real Estate,1387816003
Publicis Groupe SA,France,Consumer Discretionary,81043918
Puig Brands SA,Spain,Consumer Discretionary,120756967
Pulse Biosciences Inc,United States,Health Care,2929591
PulteGroup Inc,United States,Consumer Discretionary,500855056
Puma SE,Germany,Consumer Discretionary,83450875
Pumtech Korea Co Ltd,South Korea,Industrials,7215873
Punjab National Bank,India,Financials,25131183
Pure Biologics SA,Poland,Health Care,35702
PureTech Health PLC,United Kingdom,Health Care,6691384
Puregold Price Club Inc,Philippines,Consumer Staples,1972180
Puuilo Oyj,Finland,Consumer Discretionary,10985512
Pylon Technologies Co Ltd,China,Industrials,2477196
Q Technology Group Co Ltd,China,Consumer Discretionary,4151664
Q2 Holdings Inc,United States,Technology,21770204
QB Net Holdings Co Ltd,Japan,Consumer Discretionary,2097644
QBE Insurance Group Ltd,Australia,Financials,348530940
QES Group Bhd,Malaysia,Industrials,2740037
QIAGEN NV,Germany,Health Care,166685478
QLM Life & Medical Insurance Co WLL,Qatar,Financials,9860121
QNA Technology SA,Poland,Technology,799389
QPS Holdings Inc,Japan,Industrials,666413
QRT Inc,South Korea,Industrials,1073594
QT Group Oyj,Finland,Technology,197294
QUALCO GROUP SA,Greece,Technology,7008659
QUALCOMM Inc,United States,Technology,2347911989
QVC Group Inc,United States,Consumer Discretionary,6139
QXO Inc,United States,Industrials,219681176
Qantas Airways Ltd,Australia,Consumer Discretionary,60144259
Qatar Aluminum Manufacturing Co,Qatar,Basic Materials,1024875
Qatar Fuel QSC,Qatar,Energy,21264783
Qatar Gas Transport Co Ltd,Qatar,Industrials,111205157
Qatar International Islamic Bank QSC,Qatar,Financials,1010918
Qatar Islamic Bank QPSC,Qatar,Financials,50792326
Qatar National Bank QPSC,Qatar,Financials,447174479
Qatar Navigation QSC,Qatar,Industrials,11766338
Qfin Holdings Inc,China,Financials,87619210
QinetiQ Group PLC,United Kingdom,Industrials,51314596
Qingdao Haier Biomedical Co Ltd,China,Health Care,730170
Qingdao Port International Co Ltd,China,Industrials,1521014
Qingdao TGOOD Electric Co Ltd,China,Technology,173535818
Qisda Corp,Taiwan,Technology,3025140
Qnity Electronics Inc,United States,Technology,264588493
Qoria Ltd,Australia,Technology,6911906
Qorvo Inc,United States,Technology,83094243
Qualitas Controladora SAB de CV,Mexico,Financials,52900432
Quanta Computer Inc,Taiwan,Technology,272252087
Quanta Services Inc,United States,Industrials,1357435969
Quanta Storage Inc,Taiwan,Technology,4043407
Quantinuum Inc,United States,Technology,46101360
Qube Holdings Ltd,Australia,Industrials,154679928
Quebecor Inc,Canada,Telecommunications,23168086
Quest Diagnostics Inc,United States,Health Care,239874413
Quest Holdings SA,Greece,Technology,13847996
Quilter PLC,United Kingdom,Financials,74264680
Quinenco SA,Chile,Financials,47906398
Qunabox Group Ltd,China,Consumer Discretionary,1023345
R&B Food Supply PCL,Thailand,Consumer Staples,5580240
RAI Way SpA,Italy,Telecommunications,10907316
RB Global Inc,Canada,Consumer Discretionary,288623828
RBC Bearings Inc,United States,Basic Materials,267075581
RBL Bank Ltd,India,Financials,35823197
RDC Semiconductor Co Ltd,Taiwan,Technology,11066439
REA Group Ltd,Australia,Real Estate,81744706
REC Ltd,India,Financials,48462147
RELX PLC,United Kingdom,Technology,1192496504
REN - Redes Energeticas Nacionais SGPS SA,Portugal,Utilities,33449542
RENK Group AG,Germany,Industrials,104207940
RENOVA Inc,Japan,Utilities,7539394
REX Concepts SA,Poland,Consumer Discretionary,2703804
RFHIC Corp,South Korea,Telecommunications,10703411
RGT BHD,Malaysia,Industrials,493709
RH,United States,Consumer Discretionary,30359739
RHB Bank Bhd,Malaysia,Financials,30197628
RHI Magnesita NV,United Kingdom,Basic Materials,11752145
RHT Health Trust,Singapore,Financials,9618
RITES Ltd,India,Industrials,2922816
RLH Properties SAB de CV,Mexico,Consumer Discretionary,17261306
RLI Corp,United States,Financials,61855328
RM PLC,United Kingdom,Consumer Discretionary,1193418
ROBLOX Corp,United States,Consumer Discretionary,283350525
ROCKWOOL A/S,Denmark,Industrials,6881106
RPM International Inc,United States,Industrials,127791156
RR Kabel Ltd,India,Industrials,90949445
RS GROUP PLC,United Kingdom,Industrials,69375442
RS Technologies Co Ltd,Japan,Technology,3211666
RTL Group SA,Germany,Consumer Discretionary,27212501
RTX Corp,United States,Industrials,3230913119
RWE AG,Germany,Utilities,1858203001
Racing Force SpA,Italy,Consumer Discretionary,528500
RadNet Inc,United States,Health Care,28305173
Radian Group Inc,United States,Financials,70183203
Radiant Opto-Electronics Corp,Taiwan,Technology,12253456
Radico Khaitan Ltd,India,Consumer Staples,32876252
Radium Development Bhd,Malaysia,Real Estate,12507664
Rafako SA W Upadlosci,Poland,Industrials,5046
Raffles Medical Group Ltd,Singapore,Health Care,9191738
Raia Drogasil SA,Brazil,Consumer Staples,188294123
Raiffeisen Bank International AG,Austria,Financials,129731845
Rail Vikas Nigam Ltd,India,Industrials,5713355
Railtel Corp of India Ltd,India,Telecommunications,2060644
Rain Industries Ltd,India,Basic Materials,3781750
Rainbow Children's Medicare Ltd,India,Health Care,6804116
Rainbow Robotics,South Korea,Industrials,3612867
Raito Kogyo Co Ltd,Japan,Industrials,5777259
Raizen SA,Brazil,Energy,8393331
Raiznext Corp,Japan,Industrials,1922405
Rajthanee Hospital PCL,Thailand,Health Care,991276
Rakus Co Ltd,Japan,Technology,16663273
Rakuten Bank Ltd,Japan,Financials,150301387
Rakuten Group Inc,Japan,Technology,68703544
Ral Yatirim Holding AS,Türkiye,Basic Materials,1971601
Ralliant Corp,United States,Industrials,98387204
Ralph Lauren Corp,United States,Consumer Discretionary,44762835
Rambus Inc,United States,Technology,201744889
Ramco Cements Ltd/The,India,Industrials,7116628
Ramelius Resources Ltd,Australia,Basic Materials,61005226
Ramkrishna Forgings Ltd,India,Basic Materials,4659699
Ramsay Health Care Ltd,Australia,Health Care,88099183
Randstad NV,Netherlands,Industrials,28919725
Range Intelligent Computing Technology Group Co Ltd,China,Technology,9343539
Ratchthani Leasing PCL,Thailand,Financials,1220295
Rategain Travel Technologies Ltd,India,Technology,4743958
Rathbones Group PLC,United Kingdom,Financials,23730531
Rational AG,Germany,Consumer Discretionary,116605187
Ratnamani Metals & Tubes Ltd,India,Basic Materials,5134166
Raubex Group Ltd,South Africa,Industrials,14836174
Ray Co Ltd/KR,South Korea,Health Care,844744
RaySearch Laboratories AB,Sweden,Health Care,16728311
Raydium Semiconductor Corp,Taiwan,Technology,4464104
Raymond James Financial Inc,United States,Financials,318136154
Rayonier Inc,United States,Real Estate,372535426
ReNew Energy Global PLC,India,Utilities,21830469
Reach Ten Holdings Bhd,Malaysia,Telecommunications,4424944
ReadyTech Holdings Ltd,Australia,Technology,4275792
Realord Group Holdings Ltd,Hong Kong,Utilities,1320
Realtek Semiconductor Corp,Taiwan,Technology,131694553
Realty Income Corp,United States,Real Estate,768367633
Reckitt Benckiser Group PLC,United Kingdom,Consumer Staples,870729626
Record PLC,United Kingdom,Financials,1823015
Recordati Industria Chimica e Farmaceutica SpA,Italy,Health Care,134355501
Recruit Holdings Co Ltd,Japan,Industrials,1591777476
Recursion Pharmaceuticals Inc,United States,Health Care,25079070
Red Star Macalline Group Corp Ltd,China,Consumer Discretionary,229
Redcare Pharmacy NV,Germany,Consumer Staples,283506
Reddit Inc,United States,Technology,310968570
Rede D'Or Sao Luiz SA,Brazil,Health Care,68584370
Redefine Properties Ltd,South Africa,Real Estate,386280
Redeia Corp SA,Spain,Utilities,19682011
Redington Ltd,India,Technology,48696866
Redox Ltd/Australia,Australia,Industrials,16731784
Reece Ltd,Australia,Industrials,27739285
Reeder Teknoloji Sanayi VE Ticaret AS,Türkiye,Technology,543776
Regal Partners Ltd,Australia,Financials,8147549
Regal Rexnord Corp,United States,Industrials,293002759
Regency Centers Corp,United States,Real Estate,1367212391
Regeneron Pharmaceuticals Inc,United States,Health Care,650953313
Region Group,Australia,Real Estate,24279771
Regions Financial Corp,United States,Financials,322845641
Regis Healthcare Ltd,Australia,Health Care,10287007
Regis Resources Ltd,Australia,Basic Materials,47230649
Reinet Investments SCA,South Africa,Financials,14644774
Reinsurance Group of America Inc,United States,Financials,179106376
Reiwa Accounting Holdings Co Ltd,Japan,Industrials,3001685
Relaxo Footwears Ltd,India,Consumer Discretionary,1874567
Relay Therapeutics Inc,United States,Health Care,9924476
Reliance Inc,United States,Basic Materials,244192806
Reliance Industries Ltd,India,Energy,1445142860
Reliance Worldwide Corp Ltd,Australia,Industrials,24099543
Relo Group Inc,Japan,Real Estate,18002870
Remegen Co Ltd,China,Health Care,714685
Remgro Ltd,South Africa,Financials,103741726
Remitly Global Inc,United States,Industrials,29518071
Remy Cointreau SA,France,Consumer Staples,44797067
RenaissanceRe Holdings Ltd,United States,Financials,174715526
Renault SA,France,Consumer Discretionary,110820857
Renesas Electronics Corp,Japan,Technology,863834360
Rengo Co Ltd,Japan,Industrials,9487032
Renishaw PLC,United Kingdom,Industrials,44855325
Rentokil Initial PLC,United Kingdom,Industrials,408500106
Repligen Corp,United States,Health Care,93222766
Reply SpA,Italy,Technology,50897583
Repsol SA,Spain,Energy,569900449
Republic Services Inc,United States,Utilities,600080797
ResMed Inc,United States,Health Care,109068212
Resideo Technologies Inc,United States,Industrials,50894528
Resilient REIT Ltd,South Africa,Real Estate,18975720
Resona Holdings Inc,Japan,Financials,514322662
Resonac Holdings Corp,Japan,Basic Materials,336441905
Resorttrust Inc,Japan,Consumer Discretionary,37098973
Restar Corp,Japan,Technology,2860054
Restaurant Brands International Inc,Canada,Consumer Discretionary,272979420
Revolution Medicines Inc,United States,Health Care,500215141
Revvity Inc,United States,Health Care,100410815
Reway Group SpA,Italy,Industrials,2040791
Rexel SA,France,Industrials,415769646
Rexford Industrial Realty Inc,United States,Real Estate,95729667
Reynolds Consumer Products Inc,United States,Consumer Staples,18508296
Reysas Tasimacilik ve Lojistik Ticaret AS,Türkiye,Industrials,4391504
Rezolute Inc,United States,Health Care,8840458
Rheinmetall AG,Germany,Industrials,1210447819
Rhi Magnesita India Ltd,India,Industrials,1668110
Rhythm Pharmaceuticals Inc,United States,Health Care,87632204
Richter Gedeon Nyrt,Hungary,Health Care,117808959
Ricoh Co Ltd,Japan,Technology,81791733
Ricoh Leasing Co Ltd,Japan,Financials,3188274
Rieter Holding AG,Switzerland,Industrials,6398948
Rigaku Holdings Corp,Japan,Industrials,48277188
Rightmove PLC,United Kingdom,Real Estate,89464225
Riken Keiki Co Ltd,Japan,Industrials,4662941
Riken Vitamin Co Ltd,Japan,Consumer Staples,2536114
Ringkjoebing Landbobank A/S,Denmark,Financials,130474533
Rinnai Corp,Japan,Consumer Discretionary,34263299
Rio Tinto Ltd,Australia,Basic Materials,22266348
Rio Tinto PLC,United Kingdom,Basic Materials,2718478495
RioCan Real Estate Investment Trust,Canada,Real Estate,61497249
Ripley Corp SA,Chile,Consumer Discretionary,4759127
Riso Kagaku Corp,Japan,Technology,1272897
Rithm Capital Corp,United States,Financials,74980042
Riverstone Holdings Ltd,Singapore,Health Care,6406039
Rivian Automotive Inc,United States,Consumer Discretionary,162589262
Robert Walters PLC,United Kingdom,Industrials,138903
Robertet SA,France,Basic Materials,2190405
Robinhood Markets Inc,United States,Financials,998986753
Robinsons Land Corp,Philippines,Real Estate,421196
RoboSense Technology Co Ltd,China,Industrials,9580437
Robotis Co Ltd,South Korea,Technology,3330678
Roche Holding AG,Switzerland,Health Care,7449481965
Rockchip Electronics Co Ltd,China,Technology,2286515
Rocket Cos Inc,United States,Financials,378908318
Rocket Internet SE,Germany,Financials,14435747
Rocket Lab Corp,United States,Industrials,563107964
Rockpoint Gas Storage Inc,Canada,Energy,136629
Rockwell Automation Inc,United States,Industrials,679463139
Rogers Communications Inc,Canada,Telecommunications,5932783
Rogers Corp,United States,Technology,155905671
Rohm Co Ltd,Japan,Technology,37064049
Rohto Pharmaceutical Co Ltd,Japan,Health Care,51078290
Roivant Sciences Ltd,United States,Health Care,324852030
Roko AB,Sweden,Financials,7468374
Roku Inc,United States,Telecommunications,9803934
Roland Corp,Japan,Consumer Discretionary,15221474
Rollins Inc,United States,Consumer Discretionary,161374186
Rolls-Royce Holdings PLC,United Kingdom,Industrials,3540929656
Ronesans Gayrimenkul Yatirim AS,Türkiye,Real Estate,16013916
Roper Technologies Inc,United States,Technology,674951340
Rorze Corp,Japan,Technology,120778883
Rorze Systems Corp,South Korea,Technology,1095450
Ros Agro PLC,Russia,Consumer Staples,335898
Rosebank Industries PLC,United Kingdom,Industrials,338807161
Ross Stores Inc,United States,Consumer Discretionary,874808604
Rosseti Centre PJSC,Russia,Utilities,469881
Rosseti Moscow Region PJSC,Russia,Utilities,79105
Rosseti South PJSC,Russia,Utilities,78201
Rosseti Tsentr i Privolzhye PAO,Russia,Utilities,489680
Rosseti Volga PJSC,Russia,Utilities,30049
Rostelecom PJSC,Russia,Telecommunications,436980
Rotork PLC,United Kingdom,Industrials,64083384
Round One Corp,Japan,Consumer Discretionary,50375669
Route Mobile Ltd,India,Technology,541240
Rox Resources Ltd/Australia,Australia,Basic Materials,1787662
Royal Bank of Canada,Canada,Financials,4065884602
Royal Caribbean Cruises Ltd,United States,Consumer Discretionary,971034683
Royal Gold Inc,United States,Basic Materials,332869237
Royal Holdings Co Ltd,Japan,Consumer Discretionary,3678213
Royal Unibrew A/S,Denmark,Consumer Staples,29534932
Royalty Pharma PLC,United States,Health Care,327091410
Rubis SCA,France,Consumer Discretionary,18839379
Rubrik Inc,United States,Technology,308386548
Ruentex Development Co Ltd,Taiwan,Real Estate,14400122
Ruentex Industries Ltd,Taiwan,Basic Materials,7551683
Ruisen Life Service Co Ltd,China,Real Estate,411743
Rukun Raharja Tbk PT,Indonesia,Utilities,8154362
Rumo SA,Brazil,Industrials,136140678
Run Long Construction Co Ltd,Taiwan,Industrials,2856868
Rvrc Holding AB,Sweden,Consumer Discretionary,12520693
RxSight Inc,United States,Health Care,2410000
Ryan Specialty Holdings Inc,United States,Financials,61999768
Ryanair Holdings PLC,Ireland,Consumer Discretionary,456639275
Ryder System Inc,United States,Industrials,161987224
Ryman Healthcare Ltd,New Zealand,Health Care,22034584
Ryman Hospitality Properties Inc,United States,Real Estate,100398321
Ryobi Ltd,Japan,Consumer Discretionary,11473724
Ryohin Keikaku Co Ltd,Japan,Consumer Discretionary,146518803
Ryoyo Ryosan Holdings Inc,Japan,Technology,4968137
Ryvu Therapeutics SA,Poland,Health Care,1742787
Rznomics Inc,South Korea,Health Care,8030580
S Foods Inc,Japan,Consumer Staples,1861307
S&P Global Inc,United States,Financials,1470785280
S&S Tech Corp,South Korea,Technology,1040549
S-1 Corp,South Korea,Industrials,9873943
S-Oil Corp,South Korea,Energy,60743941
S4 Capital PLC,United Kingdom,Consumer Discretionary,1747316
SAI Life Sciences Ltd,India,Health Care,14848032
SAMART Aviation Solutions PCL,Thailand,Industrials,2022125
SAMG Entertainment Co Ltd,South Korea,Consumer Discretionary,2782815
SAMT Co Ltd,South Korea,Technology,14688879
SAP SE,Germany,Technology,3275952719
SATS Ltd,Singapore,Consumer Discretionary,53615850
SBA Communications Corp,United States,Real Estate,251066582
SBFC Finance Ltd,India,Financials,3635797
SBI Cards & Payment Services Ltd,India,Financials,77235672
SBI Holdings Inc,Japan,Financials,146688845
SBI Life Insurance Co Ltd,India,Financials,114233065
SBI Shinsei Bank Ltd,Japan,Financials,27352913
SBM Offshore NV,Netherlands,Energy,109040091
SBS Holdings Inc,Japan,Industrials,18037545
SCB X PCL,Thailand,Financials,103877935
SCG Packaging PCL,Thailand,Industrials,45911870
SCOR SE,France,Financials,141653430
SCREEN Holdings Co Ltd,Japan,Technology,331371399
SD Biosensor Inc,South Korea,Health Care,176489
SD Guthrie Bhd,Malaysia,Consumer Staples,101
SDIC Capital Co Ltd,China,Financials,2682
SDS Optic SA,Poland,Health Care,156213
SEB SA,France,Consumer Discretionary,24483862
SEEK Ltd,Australia,Industrials,38200906
SEI Investments Co,United States,Financials,75576549
SENG FONG HOLDINGS BHD,Malaysia,Basic Materials,3043796
SES SA,France,Telecommunications,67966552
SF Holding Co Ltd,China,Industrials,14192232
SFA Engineering Corp,South Korea,Industrials,9424541
SFA Nexel Co Ltd,South Korea,Industrials,185506
SFA Semicon Co Ltd,South Korea,Technology,3262
SFS Group AG,Switzerland,Industrials,59928524
SG Holdings Co Ltd,Japan,Industrials,48394414
SG Micro Corp,China,Technology,16766791
SGH Ltd,Australia,Industrials,116067235
SGS SA,Switzerland,Industrials,526320320
SHIFT Inc,Japan,Technology,11613639
SHIFT UP Corp,South Korea,Consumer Discretionary,7072980
SHO-BOND Holdings Co Ltd,Japan,Industrials,37351267
SIA Engineering Co Ltd,Singapore,Industrials,11168461
SICC Co Ltd,China,Technology,721135
SIG Group AG,Switzerland,Industrials,115220819
SISB PCL,Thailand,Consumer Discretionary,1175150
SITC International Holdings Co Ltd,Hong Kong,Industrials,78769620
SJM Holdings Ltd,Hong Kong,Consumer Discretionary,8380611
SJVN Ltd,India,Utilities,4764942
SK Biopharmaceuticals Co Ltd,South Korea,Health Care,25419864
SK Bioscience Co Ltd,South Korea,Health Care,113136
SK Chemicals Co Ltd,South Korea,Industrials,1110064
SK Gas Ltd,South Korea,Utilities,34693487
SK IE Technology Co Ltd,South Korea,Industrials,115624
SK Inc,South Korea,Energy,268877660
SK Innovation Co Ltd,South Korea,Energy,13720348
SK Networks Co Ltd,South Korea,Telecommunications,53393
SK REITs Co Ltd,South Korea,Real Estate,1005884
SK Square Co Ltd,South Korea,Technology,1875895324
SK Telecom Co Ltd,South Korea,Telecommunications,6915591
SK hynix Inc,South Korea,Technology,17592727909
SK oceanplant Co Ltd,South Korea,Industrials,162140
SKAN Group AG,Switzerland,Industrials,11249281
SKC Co Ltd,South Korea,Basic Materials,894056
SKF AB,Sweden,Basic Materials,146794302
SKF India Industrial Ltd,India,Industrials,10437990
SKF India Ltd,India,Consumer Discretionary,3380223
SKY Perfect JSAT Corp,Japan,Telecommunications,38005906
SLB Ltd,United States,Energy,1028754616
SLM Corp,United States,Financials,59068493
SLP Resources Bhd,Malaysia,Industrials,1502646
SM Entertainment Co Ltd,South Korea,Consumer Discretionary,25923822
SM Investments Corp,Philippines,Consumer Discretionary,20216705
SM Prime Holdings Inc,Philippines,Real Estate,7701068
SMC Corp,Japan,Industrials,416020386
SMG Swiss Marketplace Group AG,Switzerland,Technology,8888284
SMS Co Ltd,Japan,Industrials,2183141
SMU SA,Chile,Consumer Staples,1254490
SNS Network Technology Bhd,Malaysia,Technology,4521876
SNT Dynamics Co Ltd,South Korea,Consumer Discretionary,10274064
SNT Motiv Co Ltd,South Korea,Consumer Discretionary,10584997
SOITEC,France,Technology,5375897
SOL SpA,Italy,Basic Materials,67224890
SOLUM Co Ltd,South Korea,Technology,16835635
SOOP Co Ltd,South Korea,Technology,9844446
SOSiLA Logistics REIT Inc,Japan,Real Estate,3499858
SOUTHSTATE BANK CORP,United States,Financials,123764612
SP Setia Bhd Group,Malaysia,Real Estate,15714571
SPAR Group Ltd/The,South Africa,Consumer Staples,14714770
SPCG PCL,Thailand,Utilities,234552
SPG Co Ltd,South Korea,Industrials,1386241
SPIE SA,France,Industrials,162273730
SPX Technologies Inc,United States,Industrials,153499221
SRE Holdings Corp,Japan,Real Estate,5113472
SRF Ltd,India,Basic Materials,170132138
SRG Global Ltd,Australia,Industrials,28449258
SS&C Technologies Holdings Inc,United States,Technology,33558315
SSAB AB,Sweden,Basic Materials,67227558
SSE PLC,United Kingdom,Utilities,1197475122
SSI Securities Corp,Vietnam,Financials,11256929
SSP Group Plc,United Kingdom,Consumer Discretionary,75789903
SSR Mining Inc,Canada,Basic Materials,81331806
SSY Group Ltd,China,Health Care,1245751
ST Pharm Co Ltd,South Korea,Health Care,26295965
STAG Industrial Inc,United States,Real Estate,308304764
STERIS PLC,United States,Health Care,253364562
STMicroelectronics NV,Italy,Technology,761569205
STRATEC SE,Germany,Health Care,2861524
SUMCO Corp,Japan,Technology,196047905
SUN Tekstil Sanayi Ve Ticaret AS,Türkiye,Consumer Discretionary,2906857
SUNeVision Holdings Ltd,Hong Kong,Technology,32137764
SUSS MicroTec SE,Germany,Technology,2493323
SWCC Corp,Japan,Industrials,11802049
SY Holdings Group Ltd,Hong Kong,Financials,4032492
Saab AB,Sweden,Industrials,320154211
Sabra Health Care REIT Inc,United States,Real Estate,62115977
Sabre Corp,United States,Consumer Discretionary,4139575
Sacyr SA,Spain,Industrials,53188374
Safari Industries India Ltd,India,Consumer Discretionary,2758451
Safaricom PLC,Kenya,Telecommunications,40610584
Safe Fertility Group PCL,Thailand,Health Care,1831848
Safestore Holdings PLC,United Kingdom,Real Estate,34507332
Safie Inc,Japan,Technology,4318105
Sagax AB,Sweden,Real Estate,76675113
Sage Group PLC/The,United Kingdom,Technology,13624647
Sagility Ltd,India,Health Care,31583684
Saia Inc,United States,Industrials,180175196
Saibu Gas Holdings Co Ltd,Japan,Utilities,2174346
Saigon Treasure Commercial JSB,Vietnam,Financials,12411493
SailPoint Inc,United States,Technology,213260997
Sailun Group Co Ltd,China,Consumer Discretionary,538380
Saipem SpA,Italy,Energy,139889602
Saizeriya Co Ltd,Japan,Consumer Discretionary,27565648
Sakai Moving Service Co Ltd,Japan,Industrials,2325052
Sakata INX Corp,Japan,Basic Materials,3523101
Sakata Seed Corp,Japan,Consumer Staples,4700684
Sakura Development Co Ltd,Taiwan,Real Estate,1700
Sakura Internet Inc,Japan,Technology,685687
Salesforce Inc,United States,Technology,1419586809
Salfacorp SA,Chile,Industrials,18675267
Salik Co PJSC,United Arab Emirates,Industrials,160538772
Salix Group AB,Sweden,Industrials,3951399
Salzgitter AG,Germany,Basic Materials,67451630
Sam Chun Dang Pharm Co Ltd,South Korea,Health Care,2866975
Sam Engineering & Equipment M Bhd,Malaysia,Industrials,25290028
Sam-A Aluminum Co Ltd,South Korea,Basic Materials,86637
Samaiden Group Bhd,Malaysia,Energy,2304927
Sambu Engineering & Construction Co Ltd,South Korea,Industrials,11531
Samchully Co Ltd,South Korea,Utilities,5175069
Samco Inc,Japan,Technology,11086294
Samji Electronics Co Ltd,South Korea,Telecommunications,8017375
Sampo Oyj,Finland,Financials,208877752
Samsara Inc,United States,Technology,126915778
Samsonite Group SA,Hong Kong,Consumer Discretionary,42886022
Samsung Biologics Co Ltd,South Korea,Health Care,155701679
Samsung C&T Corp,South Korea,Industrials,432033324
Samsung Card Co Ltd,South Korea,Financials,831488
Samsung E&A Co Ltd,South Korea,Industrials,68497884
Samsung Electro-Mechanics Co Ltd,South Korea,Technology,1336701463
Samsung Electronics Co Ltd,South Korea,Telecommunications,22511513484
Samsung Episholdings Co Ltd,South Korea,Health Care,26920170
Samsung Fire & Marine Insurance Co Ltd,South Korea,Financials,173350194
Samsung Heavy Industries Co Ltd,South Korea,Industrials,164321637
Samsung Life Insurance Co Ltd,South Korea,Financials,345340123
Samsung SDI Co Ltd,South Korea,Industrials,263654924
Samsung SDS Co Ltd,South Korea,Technology,3693094
Samsung Securities Co Ltd,South Korea,Financials,48444098
Samty Residential Investment Corp,Japan,Real Estate,1423836
Samvardhana Motherson International Ltd,India,Consumer Discretionary,71635972
Samyang Corp,South Korea,Consumer Staples,5909
Samyang Foods Co Ltd,South Korea,Consumer Staples,19311110
Samyang Packaging Corp,South Korea,Industrials,735284
San Miguel Food and Beverage Inc,Philippines,Consumer Staples,3874914
San ju San Financial Group Inc,Japan,Financials,5201538
San-A Co Ltd,Japan,Consumer Staples,11981698
San-Ai Obbli Co Ltd,Japan,Energy,3803858
San-In Godo Bank Ltd/The,Japan,Financials,11180036
Sancy Bhd,Malaysia,Health Care,1577437
Sandfire Resources Ltd,Australia,Basic Materials,99759992
Sandisk Corp,United States,Technology,4567823526
Sandoz Group AG,Switzerland,Health Care,528731069
Sands China Ltd,Hong Kong,Consumer Discretionary,122719662
Sandvik AB,Sweden,Industrials,955897500
Sanergy Group Ltd,Hong Kong,Basic Materials,7
Sangetsu Corp,Japan,Consumer Discretionary,5179129
Sanil Electric Co Ltd,South Korea,Industrials,29492997
Sanken Electric Co Ltd,Japan,Technology,4217621
Sanki Engineering Co Ltd,Japan,Industrials,12594856
Sankyo Co Ltd,Japan,Consumer Discretionary,29202831
Sankyu Inc,Japan,Industrials,46440729
Sanlam Ltd,South Africa,Financials,210831404
Sanmina Corp,United States,Technology,167616656
Sanofi Consumer Healthcare India Ltd,India,Health Care,1602804
Sanofi India Ltd,India,Health Care,2117216
Sanofi SA,France,Health Care,1520033198
Sanoma Oyj,Finland,Consumer Discretionary,4455466
Sanrio Co Ltd,Japan,Consumer Discretionary,112230118
Sansan Inc,Japan,Technology,4565519
Sansera Engineering Ltd,India,Consumer Discretionary,9174897
Sansiri PCL,Thailand,Real Estate,49801
Santam Ltd,South Africa,Financials,30470812
Santec Holdings Corp,Japan,Industrials,4450072
Santen Pharmaceutical Co Ltd,Japan,Health Care,109826408
Sanwa Holdings Corp,Japan,Industrials,85079690
Sany Heavy Equipment International Holdings Co Ltd,China,Industrials,13162222
Sany Heavy Industry Co Ltd,China,Industrials,101152190
Sanyang Motor Co Ltd,Taiwan,Consumer Discretionary,9827244
Sanyo Chemical Industries Ltd,Japan,Basic Materials,2176716
Sanyo Denki Co Ltd,Japan,Industrials,32548811
Sappe PCL,Thailand,Consumer Staples,966144
Sapphire Foods India Ltd,India,Consumer Discretionary,2832609
Sappi Ltd,South Africa,Basic Materials,2424594
Sapporo Holdings Ltd,Japan,Consumer Staples,73810750
Saputo Inc,Canada,Consumer Staples,91630189
Sarana Menara Nusantara Tbk PT,Indonesia,Telecommunications,2162681
Sarantis SA,Greece,Consumer Staples,10971179
Saratovskiy NPZ PAO,Russia,Energy,21365
Sarda Energy & Minerals Ltd,India,Basic Materials,3816370
Saregama India Ltd,India,Consumer Discretionary,3137995
Sartorius AG,Germany,Health Care,30648636
Sartorius Stedim Biotech,France,Health Care,148072978
Sasa Polyester Sanayi AS,Türkiye,Basic Materials,2850401
Satellite Chemical Co Ltd,China,Basic Materials,40128627
Sato Corp,Japan,Technology,1999188
Savills PLC,United Kingdom,Real Estate,30506932
Sawai Group Holdings Co Ltd,Japan,Health Care,18219316
Sberbank of Russia PJSC,Russia,Financials,41774002
Scales Corp Ltd,New Zealand,Consumer Staples,10808648
Scandic Hotels Group AB,Sweden,Consumer Discretionary,596547
Scanway SA,Poland,Industrials,7122593
Scentre Group,Australia,Real Estate,235916204
Schaeffler AG,Germany,Consumer Discretionary,132818921
Schaeffler India Ltd,India,Consumer Discretionary,34711277
Schindler Holding AG,Switzerland,Industrials,383892593
Schneider Electric Infrastructure Ltd,India,Industrials,6999605
Schneider Electric SE,France,Industrials,4423981084
Scholar Rock Holding Corp,United States,Health Care,151851920
SchoolBlazer Ltd,Australia,Financials,1995573
Schott Pharma AG & Co KGaA,Germany,Health Care,30465159
Schouw & Co A/S,Denmark,Industrials,22181339
Schroders PLC,United Kingdom,Financials,152628338
Schweiter Technologies AG,Switzerland,Industrials,5529536
SciDev Ltd,Australia,Utilities,572860
Science Applications International Corp,United States,Technology,57889398
Scientech Corp,Taiwan,Technology,11492788
Scope Fluidics SA,Poland,Health Care,2524176
Scotts Miracle-Gro Co/The,United States,Basic Materials,40054742
Scout24 SE,Germany,Technology,118457946
SeAH Holdings Corp,South Korea,Basic Materials,1766372
SeAH Steel Holdings Corp,South Korea,Basic Materials,6119550
Sea Harvest Group Ltd,South Africa,Consumer Staples,3428073
Sea Ltd,Singapore,Technology,585817702
Seabridge Gold Inc,Canada,Basic Materials,32347383
Seagate Technology Holdings PLC,United States,Technology,2903363655
Seal Inc Bhd,Malaysia,Real Estate,2204713
Seaport Therapeutics Inc,United States,Health Care,7476697
Seatrium Ltd,Singapore,Industrials,57482692
Seazen Group Ltd,China,Real Estate,4516476
Sebang Co Ltd,South Korea,Industrials,2727617
Sebang Global Battery Co Ltd,South Korea,Consumer Discretionary,1073598
Sebo Manufacturing Engineer Corp,South Korea,Industrials,531679
Secom Co Ltd,Japan,Industrials,235759972
Sectra AB,Sweden,Health Care,74694667
Secure Waste Infrastructure Corp,Canada,Energy,44303522
Securitas AB,Sweden,Industrials,175535118
Security Bank Corp,Philippines,Financials,16536
Seegene Inc,South Korea,Health Care,487453
Seers Co Ltd,South Korea,Health Care,721817
Sega Sammy Holdings Inc,Japan,Consumer Discretionary,31260428
Segezha Group PJSC,Russia,Basic Materials,432697
Segro PLC,United Kingdom,Real Estate,1307184562
Seibu Holdings Inc,Japan,Consumer Discretionary,48752820
Seiko Epson Corp,Japan,Technology,90692995
Seiko Group Corp,Japan,Consumer Discretionary,19985626
Seikoh Giken Co Ltd,Japan,Industrials,4453469
Seino Holdings Co Ltd,Japan,Industrials,27718363
Seiren Co Ltd,Japan,Consumer Discretionary,31111817
Sekerbank Turk AS,Türkiye,Financials,1759394
Sekisui Chemical Co Ltd,Japan,Consumer Discretionary,78308648
Sekisui House Ltd,Japan,Consumer Discretionary,171224943
Sekisui House Reit Inc,Japan,Real Estate,31090103
Sekisui Jushi Corp,Japan,Industrials,530765
Select Medical Holdings Corp,United States,Health Care,2758128
Selective Insurance Group Inc,United States,Financials,74143191
Sembcorp Industries Ltd,Singapore,Utilities,75194246
Semen Indonesia Persero Tbk PT,Indonesia,Industrials,3642526
Sempra,United States,Utilities,827251979
Semtech Corp,United States,Technology,189352685
Senco Gold Ltd,India,Consumer Discretionary,4485090
Sendas Distribuidora S/A,Brazil,Consumer Staples,82618399
Senior PLC,United Kingdom,Industrials,6115968
Senko Group Holdings Co Ltd,Japan,Industrials,8729530
Sensata Technologies Holding PLC,United States,Industrials,84643402
SenseTime Group Inc,China,Technology,39042245
Senshu Ikeda Holdings Inc,Japan,Financials,7745261
Sensient Technologies Corp,United States,Basic Materials,66709013
SentinelOne Inc,United States,Technology,72774131
Sentul City Tbk PT,Indonesia,Real Estate,6353016
Seobu T&D,South Korea,Consumer Discretionary,16982761
Seojin System Co Ltd,South Korea,Telecommunications,29439918
Septeni Holdings Co Ltd,Japan,Consumer Discretionary,1328497
Serco Group PLC,United Kingdom,Industrials,56762578
Sercomm Corp,Taiwan,Telecommunications,7030829
Seria Co Ltd,Japan,Consumer Discretionary,5593684
Serko Ltd,New Zealand,Technology,2966438
Sern Kou Resource Bhd,Malaysia,Consumer Discretionary,5883065
Service Corp International/US,United States,Consumer Discretionary,131214899
Service Stream Ltd,Australia,Telecommunications,17632519
ServiceNow Inc,United States,Technology,1204148058
ServiceTitan Inc,United States,Technology,50862057
ServisFirst Bancshares Inc,United States,Financials,56641504
Seven & i Holdings Co Ltd,Japan,Consumer Staples,542253531
Seven Bank Ltd,Japan,Financials,15251419
Severn Trent PLC,United Kingdom,Utilities,213528967
Shadowfax Technologies Ltd,India,Industrials,9635448
Shaftesbury Capital PLC,United Kingdom,Real Estate,842507053
Shakey's Pizza Asia Ventures Inc,Philippines,Consumer Discretionary,369127
Shakti Pumps India Ltd,India,Industrials,2797101
Shandong Chenming Paper Holdings Ltd,China,Basic Materials,121990
Shandong Gold Mining Co Ltd,China,Basic Materials,76209003
Shandong Himile Mechanical Science & Technology Co Ltd,China,Industrials,3059069
Shandong Hualu Hengsheng Chemical Co Ltd,China,Basic Materials,14429726
Shandong Nanshan Aluminum Co Ltd,China,Basic Materials,6
Shandong Weigao Group Medical Polymer Co Ltd,China,Health Care,24931037
Shanghai Baosight Software Co Ltd,China,Technology,5481734
Shanghai Biren Technology Co Ltd,China,Technology,14827756
Shanghai Chicmax Cosmetic Co Ltd,China,Consumer Discretionary,19812214
Shanghai Chlor-Alkali Chemical Co Ltd,China,Basic Materials,852573
Shanghai Commercial & Savings Bank Ltd/The,Taiwan,Financials,63926772
Shanghai Conant Optical Co Ltd,China,Health Care,4210942
Shanghai Electric Group Co Ltd,China,Industrials,12611345
Shanghai Flyco Electrical Appliance Co Ltd,China,Consumer Discretionary,427897
Shanghai Fosun Pharmaceutical Group Co Ltd,China,Health Care,7345943
Shanghai Fudan Microelectronics Group Co Ltd,China,Technology,8955141
Shanghai Hanbell Precise Machinery Co Ltd,China,Industrials,31679447
Shanghai Haohai Biological Technology Co Ltd,China,Health Care,254120
Shanghai Henlius Biotech Inc,China,Health Care,5120268
Shanghai Huace Navigation Technology Ltd,China,Telecommunications,3630907
Shanghai Iluvatar CoreX Semiconductor Co Ltd,China,Technology,15198067
Shanghai Jin Jiang Online Network Service Co Ltd,China,Industrials,13451
Shanghai Jinjiang International Hotels Co Ltd,China,Consumer Discretionary,1759920
Shanghai Jinqiao Export Processing Zone Development Co Ltd,China,Real Estate,1454296
Shanghai Junshi Biosciences Co Ltd,China,Health Care,4025170
Shanghai Longcheer Technology Co Ltd,China,Telecommunications,1606723
Shanghai Lujiazui Finance & Trade Zone Development Co Ltd,China,Real Estate,3702001
Shanghai M&G Stationery Inc,China,Consumer Staples,226821
Shanghai Mechanical and Electrical Industry Co Ltd,China,Industrials,3003445
Shanghai MicroPort MedBot Group Co Ltd,China,Health Care,7848461
Shanghai Pharmaceuticals Holding Co Ltd,China,Health Care,10939986
Shanghai Skychem Technology Co Ltd,China,Basic Materials,113862336
Shanghai United Imaging Healthcare Co Ltd,China,Health Care,638906
Shanghai Waigaoqiao Free Trade Zone Group Co Ltd,China,Real Estate,106033
Shanghai Xizhi Technology Co Ltd,China,Technology,1465331
Shanghai Zhenhua Heavy Industries Co Ltd,China,Industrials,212077
Shangri-La Asia Ltd,Hong Kong,Consumer Discretionary,9167949
Shannon Semiconductor Technology Co Ltd,China,Technology,335887
SharkNinja Inc,United States,Consumer Discretionary,173490195
Sharp Corp/Japan,Japan,Technology,15845623
Sheela Foam Ltd,India,Consumer Discretionary,1579849
Shell PLC,United Kingdom,Energy,5454022694
Sheng Siong Group Ltd,Singapore,Consumer Staples,29636240
Shengyi Technology Co Ltd,China,Technology,7458295
Shennan Circuits Co Ltd,China,Technology,9708316
Shenwan Hongyuan Group Co Ltd,China,Financials,7463100
Shenzhen Envicool Technology Co Ltd,China,Industrials,9784427
Shenzhen Expressway Corp Ltd,China,Industrials,1333
Shenzhen Fastprint Circuit Tech Co Ltd,China,Technology,3304094
Shenzhen Han's CNC Technology Co Ltd,China,Technology,1886035
Shenzhen Inovance Technology Co Ltd,China,Industrials,54641390
Shenzhen International Holdings Ltd,China,Industrials,10272501
Shenzhen JPT Opto-Electronics Co Ltd,China,Technology,12845166
Shenzhen Kedali Industry Co Ltd,China,Consumer Discretionary,315188627
Shenzhen Kstar Science And Technology Co Ltd,China,Industrials,1290013
Shenzhen Megmeet Electrical Co Ltd,China,Industrials,149155223
Shenzhen Mindray Bio-Medical Electronics Co Ltd,China,Health Care,56466880
Shenzhen SC New Energy Technology Corp,China,Energy,34032362
Shenzhen Senior Technology Material Co Ltd,China,Basic Materials,617857
Shenzhen Sunlord Electronics Co Ltd,China,Technology,134259059
Shenzhen Sunway Communication Co Ltd,China,Telecommunications,7710493
Shenzhen Transsion Holdings Co Ltd,China,Telecommunications,5169502
Shenzhen Woer Heat-Shrinkable Material Co Ltd,China,Industrials,837949
Shenzhen Zhaowei Machinery & Electronic Co Ltd,China,Industrials,2782091
Shenzhou International Group Holdings Ltd,Hong Kong,Consumer Discretionary,117856866
Sherwin-Williams Co/The,United States,Industrials,1100334472
Shibaura Machine Co Ltd,Japan,Industrials,3757240
Shibaura Mechatronics Corp,Japan,Technology,17763655
Shibuya Corp,Japan,Industrials,3851463
Shift4 Payments Inc,United States,Industrials,33433336
Shiga Bank Ltd/The,Japan,Financials,17513726
Shihlin Electric & Engineering Corp,Taiwan,Industrials,25087863
Shikoku Kasei Holdings Corp,Japan,Basic Materials,6853845
Shimadaya Corp,Japan,Consumer Staples,41246
Shimadzu Corp,Japan,Industrials,168804397
Shimamura Co Ltd,Japan,Consumer Discretionary,65718376
Shimano Inc,Japan,Consumer Discretionary,119152386
Shimizu Corp,Japan,Industrials,141393913
Shin Nippon Air Technologies Co Ltd,Japan,Industrials,2692663
Shin Nippon Biomedical Laboratories Ltd,Japan,Health Care,192
Shin Poong Pharmaceutical Co Ltd,South Korea,Health Care,495
Shin Zu Shing Co Ltd,Taiwan,Basic Materials,12368353
Shin-Etsu Chemical Co Ltd,Japan,Basic Materials,1723539349
Shin-Etsu Polymer Co Ltd,Japan,Basic Materials,5130953
Shinagawa Refra Co Ltd,Japan,Industrials,2865144
Shinhan Financial Group Co Ltd,South Korea,Financials,243677036
Shinkong Insurance Co Ltd,Taiwan,Financials,1753488
Shinkong Synthetic Fibers Corp,Taiwan,Basic Materials,6857484
Shinmaywa Industries Ltd,Japan,Industrials,3675062
Shinnihon Corp,Japan,Industrials,6095801
Shinsegae Inc,South Korea,Consumer Discretionary,78168547
Shinsegae International Inc,South Korea,Consumer Discretionary,4190
Shinsho Corp,Japan,Basic Materials,4421
Shinsung Delta Tech Co Ltd,South Korea,Consumer Discretionary,742467
Shiny Chemical Industrial Co Ltd,Taiwan,Basic Materials,7910725
Shionogi & Co Ltd,Japan,Health Care,101693967
Ship Healthcare Holdings Inc,Japan,Health Care,6849904
Shiseido Co Ltd,Japan,Consumer Discretionary,368501723
Shizuoka Financial Group Inc,Japan,Financials,144802492
Shizuoka Gas Co Ltd,Japan,Utilities,1999194
Shoals Technologies Group Inc,United States,Energy,1486485
Shochiku Co Ltd,Japan,Consumer Discretionary,324
Shoe Zone PLC,United Kingdom,Consumer Discretionary,729703
Shoei Co Ltd,Japan,Consumer Discretionary,15722182
Shofu Inc,Japan,Health Care,11824950
Shopify Inc,Canada,Technology,1979184296
Shopper Park Plus Zrt,Hungary,Real Estate,6361576
Shoprite Holdings Ltd,South Africa,Consumer Staples,135893559
Shoucheng Holdings Ltd,China,Industrials,7338022
Showa Sangyo Co Ltd,Japan,Consumer Staples,2684926
Shree Cement Ltd,India,Industrials,25711540
Shree Renuka Sugars Ltd,India,Consumer Staples,1132853
Shriram Finance Ltd,India,Financials,318061158
Shufersal Ltd,Israel,Consumer Staples,31028852
Shurgard Self Storage Ltd,Belgium,Real Estate,18944404
Shyam Metalics & Energy Ltd,India,Basic Materials,3776084
SiS Distribution Thailand PCL,Thailand,Consumer Discretionary,1623253
SiTime Corp,United States,Technology,182997702
Siam Cement PCL/The,Thailand,Industrials,27910404
Siam Global House PCL,Thailand,Consumer Discretionary,12760070
Siam Wellness Group Pcl,Thailand,Consumer Discretionary,4483860
Sibanye Stillwater Ltd,South Africa,Basic Materials,19818715
Sichuan Biokin Pharmaceutical Co Ltd,China,Health Care,1015764
Sichuan EM Technology Co Ltd,China,Basic Materials,16214550
Sichuan Expressway Co Ltd,China,Industrials,3109008
Sichuan Kelun Pharmaceutical Co Ltd,China,Health Care,1203608
Sichuan Kelun-Biotech Biopharmaceutical Co Ltd,China,Health Care,200227984
Siegfried Holding AG,Switzerland,Health Care,74035305
Siemens AG,Germany,Industrials,4937973948
Siemens Energy AG,Germany,Energy,3317581231
Siemens Energy India Ltd,India,Industrials,37616266
Siemens Healthineers AG,Germany,Health Care,280815143
Siemens Ltd,India,Industrials,33102290
Sieyuan Electric Co Ltd,China,Industrials,156864131
Sigenergy Technology Co Ltd,China,Energy,17448491
Sigma Foods SAB de CV,Mexico,Consumer Staples,125056163
Sigma Healthcare Ltd,Australia,Consumer Staples,166212662
SignatureGlobal India Ltd,India,Real Estate,1850359
Signify NV,Netherlands,Industrials,43231428
Sigurd Microelectronics Corp,Taiwan,Technology,34661628
Sihuan Pharmaceutical Holdings Group Ltd,China,Health Care,3145132
Siix Corp,Japan,Consumer Discretionary,14988
Sika AG,Switzerland,Industrials,807241784
Silergy Corp,Taiwan,Technology,173600490
Silex Systems Ltd,Australia,Technology,10520354
Silgan Holdings Inc,United States,Industrials,49685082
Silicon Integrated Systems Corp,Taiwan,Technology,6444006
Silicon Laboratories Inc,United States,Technology,94629923
Silicon2 Co Ltd,South Korea,Consumer Discretionary,4566053
Siltronic AG,Germany,Technology,14368101
Silver Grant International Holdings Group Ltd,China,Real Estate,1350
Simcere Pharmaceutical Group Ltd,China,Health Care,9615056
Sime Darby Bhd,Malaysia,Consumer Discretionary,36023266
Sime Darby Property Bhd,Malaysia,Real Estate,14179171
Simon Property Group Inc,United States,Real Estate,946704188
Simplex Holdings Inc,Japan,Technology,4596071
Simplo Technology Co Ltd,Taiwan,Industrials,30525224
Simply Good Foods Co/The,United States,Consumer Staples,30618063
Simpson Manufacturing Co Inc,United States,Industrials,90930963
Sims Ltd,Australia,Utilities,63957286
Sinbon Electronics Co Ltd,Taiwan,Industrials,36751608
Sinch AB,Sweden,Technology,41246272
Sinda Ltd,Mexico,Basic Materials,12000000
Sindoh Co Ltd,South Korea,Technology,8737254
Sineng Electric Co Ltd,China,Energy,2464257
Sinfonia Technology Co Ltd,Japan,Industrials,34922892
Singapore Airlines Ltd,Singapore,Consumer Discretionary,142748005
Singapore Exchange Ltd,Singapore,Financials,168645433
Singapore Post Ltd,Singapore,Industrials,6634212
Singapore Technologies Engineering Ltd,Singapore,Industrials,209398523
Singapore Telecommunications Ltd,Singapore,Telecommunications,439040350
Sinko Industries Ltd,Japan,Industrials,2441625
Sino Biopharmaceutical Ltd,China,Health Care,59418869
Sino Land Co Ltd,Hong Kong,Real Estate,84274416
Sino-American Silicon Products Inc,Taiwan,Technology,43333371
SinoPac Financial Holdings Co Ltd,Taiwan,Financials,274183383
Sinoma Science & Technology Co Ltd,China,Basic Materials,41114646
Sinopec Engineering Group Co Ltd,China,Industrials,7162348
Sinopec Kantons Holdings Ltd,China,Energy,1556708
Sinopec Oilfield Service Corp,China,Energy,1722576
Sinopec Shanghai Petrochemical Co Ltd,China,Energy,3101796
Sinopharm Group Co Ltd,China,Consumer Staples,28022856
Sinotruk Hong Kong Ltd,China,Industrials,71317221
Sinyi Realty Inc,Taiwan,Real Estate,2173029
Sionna Therapeutics Inc,United States,Health Care,18854202
Sirius XM Holdings Inc,United States,Consumer Discretionary,66941598
Sistema AFK PAO,Russia,Financials,1852461
SiteMinder Ltd,Australia,Technology,14154583
SiteOne Landscape Supply Inc,United States,Consumer Discretionary,15143193
Sitronix Technology Corp,Taiwan,Technology,11686413
Sixt SE,Germany,Consumer Discretionary,39836573
Skandinaviska Enskilda Banken AB,Sweden,Financials,95535471
Skanska AB,Sweden,Industrials,16860112
Skeena Resources Ltd,Canada,Basic Materials,34440403
Skshu Paint Co Ltd,China,Industrials,11843808
SkyWater Technology Inc,United States,Technology,38302000
SkyWorld Development Bhd,Malaysia,Real Estate,2078094
SkyeChip Bhd,Malaysia,Technology,14102121
Skylark Holdings Co Ltd,Japan,Consumer Discretionary,39897680
Skyverse Technology Co Ltd,China,Technology,12578197
Skyworks Solutions Inc,United States,Technology,123736017
Smart Eye AB,Sweden,Industrials,1778562
SmartCentres Real Estate Investment Trust,Canada,Real Estate,36307332
SmartGroup Corp Ltd,Australia,Industrials,27004462
Smartfit Escola de Ginastica e Danca SA,Brazil,Consumer Discretionary,117552996
Smartsens Technology Shanghai Co Ltd,China,Technology,95348264
Smartstop Self Storage REIT Inc,United States,Real Estate,52986895
Smith & Nephew PLC,United Kingdom,Health Care,169660619
Smithfield Foods Inc,United States,Consumer Staples,7258641
Smiths Group PLC,United Kingdom,Industrials,205856517
Smoore International Holdings Ltd,China,Consumer Staples,17990493
Smurfit Westrock PLC,United States,Industrials,481340157
Snam SpA,Italy,Energy,138662850
Snap-on Inc,United States,Industrials,188865635
Snowflake Inc,United States,Technology,975089773
SoFi Technologies Inc,United States,Financials,275610134
Sobha Ltd,India,Real Estate,5562742
Sociedad Matriz SAAM SA,Chile,Industrials,18486267
Sociedad Quimica y Minera de Chile SA,Chile,Basic Materials,181728077
Sociedad de Inversiones Oro Blanco SA,Chile,Financials,8254554
Societe BIC SA,France,Consumer Staples,19639059
Societe Generale SA,France,Financials,101982126
Socionext Inc,Japan,Technology,69519093
Sodexo SA,France,Consumer Discretionary,92365981
Sofina SA,Belgium,Financials,86111631
SoftBank Corp,Japan,Telecommunications,633443583
SoftBank Group Corp,Japan,Telecommunications,2389388501
Softcare Ltd,Hong Kong,Consumer Staples,2740355
Softcat PLC,United Kingdom,Technology,63095274
Sojitz Corp,Japan,Industrials,108842638
Solar Applied Materials Technology Corp,Taiwan,Basic Materials,70517461
Solar District Cooling Group Bhd,Malaysia,Industrials,1974249
Solar Industries India Ltd,India,Basic Materials,50006239
Solaria Energia y Medio Ambiente SA,Spain,Utilities,26560601
Solarvest Holdings Bhd,Malaysia,Industrials,4148382
Sollers PJSC,Russia,Consumer Discretionary,27956
Solstice Advanced Materials Inc,United States,Basic Materials,181486645
Solusi Sinergi Digital Tbk PT,Indonesia,Technology,7360738
Solv Energy Inc,United States,Energy,4424014
Solvay SA,Belgium,Basic Materials,44352171
Solventum Corp,United States,Health Care,146675728
Somboon Advance Technology PCL,Thailand,Consumer Discretionary,2269944
Somnigroup International Inc,United States,Consumer Discretionary,232897627
Sompo Holdings Inc,Japan,Financials,746604832
Sona Blw Precision Forgings Ltd,India,Consumer Discretionary,58112411
Sonae SGPS SA,Portugal,Consumer Staples,37859948
Sonata Software Ltd,India,Technology,4792935
Sonic Healthcare Ltd,Australia,Health Care,115192942
Sonoco Products Co,United States,Industrials,69555792
Sonoscape Medical Corp,China,Health Care,791046
Sonova Holding AG,Switzerland,Health Care,234268885
Sony Financial Group Inc,Japan,Financials,93120558
Sony Group Corp,Japan,Consumer Discretionary,2421744317
Sopra Steria Group,France,Technology,58430954
Sorento Capital Bhd,Malaysia,Industrials,3883446
Sotera Health Co,United States,Health Care,62346857
Sotetsu Holdings Inc,Japan,Consumer Discretionary,21520994
Soulbrain Co Ltd,South Korea,Basic Materials,1357443
Soulbrain Holdings Co Ltd,South Korea,Basic Materials,82064
South Bow Corp,Canada,Energy,26687109
South Indian Bank Ltd/The,India,Financials,3812517
South32 Ltd,Australia,Basic Materials,129798229
Southern Cable Group Bhd,Malaysia,Industrials,8755777
Southern Co/The,United States,Utilities,1375985535
Southern Copper Corp,United States,Basic Materials,185500816
Southern Cross Electrical Engineering Ltd,Australia,Industrials,23802976
Southern Cross Gold Consolidated Ltd,Canada,Basic Materials,17768047
Southern Cross Media Group Ltd,Australia,Consumer Discretionary,2453380
Southern Score Builders Bhd,Malaysia,Industrials,11658519
Southwest Airlines Co,United States,Consumer Discretionary,28781625
Southwest Gas Holdings Inc,United States,Utilities,84077065
Space Exploration Technologies Corp,United States,Telecommunications,1227417234
Space42 PLC,United Arab Emirates,Telecommunications,138590
Spark New Zealand Ltd,New Zealand,Telecommunications,19067553
Sparx Group Co Ltd,Japan,Financials,1646565
Speedy Hire PLC,United Kingdom,Industrials,2029319
Spigen Korea Co Ltd,South Korea,Consumer Discretionary,2714550
Spinneys 1961 Holding PLC,United Arab Emirates,Consumer Staples,21529041
Spirax Group PLC,United Kingdom,Industrials,210262205
Spire Inc,United States,Utilities,57751928
Sporton International Inc,Taiwan,Industrials,15426054
Sportradar Group AG,United States,Technology,47367266
Spotify Technology SA,United States,Consumer Discretionary,624386038
Springer Nature AG & Co KGaA,Germany,Consumer Discretionary,14623726
Spritzer BHD,Malaysia,Consumer Staples,5709381
Sprott Inc,Canada,Financials,32053036
Sprouts Farmers Market Inc,United States,Consumer Staples,253339260
Spyre Therapeutics Inc,United States,Health Care,10905380
Square Enix Holdings Co Ltd,Japan,Consumer Discretionary,54821157
Square Pharmaceuticals PLC,Bangladesh,Health Care,19578182
Sri Trang Agro-Industry PCL,Thailand,Basic Materials,9156810
Sri Trang Gloves Thailand PCL,Thailand,Health Care,61
Srinanaporn Marketing PCL,Thailand,Consumer Staples,791553
Srisawad Corp PCL,Thailand,Financials,28704855
St Galler Kantonalbank AG,Switzerland,Financials,47306562
St James's Place PLC,United Kingdom,Financials,416319100
Stadler Rail AG,Switzerland,Industrials,15004976
Stalprofil SA,Poland,Basic Materials,393452
Stanbic Holdings Plc,Kenya,Financials,5921738
Standard Bank Group Ltd,South Africa,Financials,269816434
Standard Chartered Bank Kenya Ltd,Kenya,Financials,2397983
Standard Chartered PLC,United Kingdom,Financials,1066523720
Standard Foods Corp,Taiwan,Consumer Staples,4679194
Standard Life PLC,United Kingdom,Financials,237317830
StandardAero Inc,United States,Industrials,267159590
Stanley Black & Decker Inc,United States,Industrials,172343979
Stanley Electric Co Ltd,Japan,Consumer Discretionary,53106638
Stanmore Resources Ltd,Australia,Energy,6468107
Stantec Inc,Canada,Industrials,89549341
Star Asia Investment Corp,Japan,Real Estate,6607107
Star Health & Allied Insurance Co Ltd,India,Financials,83410315
Star Mica Holdings Co Ltd,Japan,Real Estate,10295026
Star Petroleum Refining PCL,Thailand,Energy,11797626
StarHub Ltd,Singapore,Telecommunications,7753433
StarPower Semiconductor Ltd,China,Technology,4166871
Starbreeze AB,Sweden,Consumer Discretionary,267321
Starbucks Corp,United States,Consumer Discretionary,1272567165
Starhill Global REIT,Singapore,Real Estate,10398193
Starlux Airlines Co Ltd,Taiwan,Consumer Discretionary,168898
Starts Corp Inc,Japan,Real Estate,5209565
Starwood Property Trust Inc,United States,Financials,73618321
State Bank of India,India,Financials,412976055
State Street Corp,United States,Financials,259446957
Steadfast Group Ltd,Australia,Financials,127624724
Stecon Group PCL,Thailand,Industrials,5533381
Steel Dynamics Inc,United States,Basic Materials,538669052
Stella International Holdings Ltd,Hong Kong,Consumer Discretionary,16102422
Stella-Jones Inc,Canada,Basic Materials,40011837
Stellantis NV,Italy,Consumer Discretionary,241816929
Sterling Infrastructure Inc,United States,Industrials,310198078
Sterling and Wilson Renewable,India,Industrials,2936719
Sterlite Technologies Ltd,India,Telecommunications,633095
Stifel Financial Corp,United States,Financials,143843972
Stillfront Group AB,Sweden,Consumer Discretionary,4222455
Stockland,Australia,Real Estate,113340920
StoneCo Ltd,United States,Industrials,35679567
StoneX Group Inc,United States,Financials,108346091
Stoneweg Europe Stapled Trust,Singapore,Real Estate,10259769
Stora Enso Oyj,Finland,Industrials,109098
Storskogen Group AB,Sweden,Financials,25584725
Strabag SE,Austria,Industrials,68874911
Strategy Inc,United States,Technology,357277867
Straumann Holding AG,Switzerland,Health Care,261138695
Strauss Group Ltd,Israel,Consumer Staples,13519009
Stride Inc,United States,Consumer Discretionary,37532338
Strides Pharma Science Ltd,India,Health Care,6796425
Strike Group Co Ltd,Japan,Industrials,513264
Strix Group PLC,United Kingdom,Industrials,184731
Stroeer SE & Co KGaA,Germany,Consumer Discretionary,24201863
Structure Therapeutics Inc,United States,Health Care,22940007
Stryker Corp,United States,Health Care,1539554692
Stubhub Holdings Inc,United States,Technology,8254187
Studio Dragon Corp,South Korea,Consumer Discretionary,279060
Subaru Corp,Japan,Consumer Discretionary,314593454
Sudarshan Chemical Industries Ltd,India,Basic Materials,2394150
Suedzucker AG,Germany,Consumer Staples,13201526
Sugi Holdings Co Ltd,Japan,Consumer Staples,35545063
Suheung Co Ltd,South Korea,Health Care,2434912
Sulzer AG,Switzerland,Industrials,54266943
Sumber Alfaria Trijaya Tbk PT,Indonesia,Consumer Staples,11211688
Sumer Varlik Yonetim AS,Türkiye,Financials,1479246
Sumiseki Holdings Inc,Japan,Energy,2427
Sumitomo Bakelite Co Ltd,Japan,Industrials,42085736
Sumitomo Chemical Co Ltd,Japan,Basic Materials,30578613
Sumitomo Chemical India Ltd,India,Basic Materials,4498664
Sumitomo Corp,Japan,Industrials,603344997
Sumitomo Electric Industries Ltd,Japan,Consumer Discretionary,935342809
Sumitomo Heavy Industries Ltd,Japan,Industrials,59419993
Sumitomo Metal Mining Co Ltd,Japan,Basic Materials,234051874
Sumitomo Mitsui Financial Group Inc,Japan,Financials,2643896896
Sumitomo Mitsui Trust Group Inc,Japan,Financials,548673303
Sumitomo Osaka Cement Co Ltd,Japan,Industrials,6134315
Sumitomo Pharma Co Ltd,Japan,Health Care,34945358
Sumitomo Realty & Development Co Ltd,Japan,Real Estate,255984989
Sumitomo Rubber Industries Ltd,Japan,Consumer Discretionary,44877528
Sumitomo Warehouse Co Ltd/The,Japan,Industrials,6838549
Summarecon Agung Tbk PT,Indonesia,Real Estate,3379758
Summerset Group Holdings Ltd,New Zealand,Health Care,30978581
Summit Therapeutics Inc,United States,Health Care,407873
Sun Art Retail Group Ltd,China,Consumer Discretionary,2375695
Sun Communities Inc,United States,Real Estate,650002372
Sun Frontier Fudousan Co Ltd,Japan,Real Estate,1279326
Sun Hung Kai & Co Ltd,Hong Kong,Financials,179
Sun Hung Kai Properties Ltd,Hong Kong,Real Estate,328990189
Sun International Ltd/South Africa,South Africa,Consumer Discretionary,5506276
Sun Life Financial Inc,Canada,Financials,491869622
Sun Pharma Advanced Research Co Ltd,India,Health Care,4738367
Sun Pharmaceutical Industries Ltd,India,Health Care,483284403
Sun TV Network Ltd,India,Consumer Discretionary,3359763
Sunac China Holdings Ltd,China,Real Estate,5220838
Sunbelt Rentals Holdings Inc,United Kingdom,Industrials,524995094
Suncorp Group Ltd,Australia,Financials,196256702
Sundaram Finance Ltd,India,Financials,34837213
Sundram Fasteners Ltd,India,Consumer Discretionary,6754084
Sundrug Co Ltd,Japan,Consumer Staples,27183421
Sungrow Power Supply Co Ltd,China,Energy,148028223
Sunny Optical Technology Group Co Ltd,China,Technology,82127008
Sunococorp LLC,United States,Energy,95803870
Sunonwealth Electric Machine Industry Co Ltd,Taiwan,Industrials,8275440
Sunrise Communications AG,Switzerland,Telecommunications,39557219
Sunrise Energy Metals Ltd,Australia,Basic Materials,484831
Sunshine 100 China Holdings Ltd,China,Real Estate,1962
Sunshine Insurance Group Co Ltd,China,Financials,4135544
Sunshine Lake Pharma Co Ltd,China,Health Care,3374296
Sunshine Silver Mining & Refining Co,United States,Basic Materials,13220000
Suntec Real Estate Investment Trust,Singapore,Real Estate,41349859
Suntory Beverage & Food Ltd,Japan,Consumer Staples,84632364
Sunway Bhd,Malaysia,Real Estate,599639
Sunway Healthcare Holdings bhd,Malaysia,Health Care,3927769
Sunway Real Estate Investment Trust,Malaysia,Real Estate,11780506
Sunwoda Electronic Co Ltd,China,Consumer Staples,6714202
Suofeiya Home Collection Co Ltd,China,Consumer Discretionary,415881
Supalai PCL,Thailand,Real Estate,4108055
Super Bank Indonesia Tbk PT,Indonesia,Financials,2501197
Super Group SGHC Ltd,United States,Consumer Discretionary,28984019
Super Hi International Holding Ltd,Hong Kong,Consumer Discretionary,2806
Super Micro Computer Inc,United States,Technology,147490744
Super Retail Group Ltd,Australia,Consumer Discretionary,12598330
Superloop Ltd,Australia,Telecommunications,31159670
Supply Network Ltd,Australia,Industrials,22034124
Suprajit Engineering Ltd,India,Consumer Discretionary,2079579
Supreme Electronics Co Ltd,Taiwan,Technology,10651520
Supreme Industries Ltd,India,Industrials,20397302
Supreme Petrochem Ltd,India,Basic Materials,4473432
Surgutneftegas PAO,Russia,Energy,3428251
Suruga Bank Ltd,Japan,Financials,5015763
Surya Citra Media Tbk PT,Indonesia,Consumer Discretionary,4272936
Suzano SA,Brazil,Basic Materials,141945069
Suzhou HYC Technology Co Ltd,China,Technology,2877035
Suzhou Maxwell Technologies Co Ltd,China,Industrials,44936440
Suzhou TFC Optical Communication Co Ltd,China,Telecommunications,76487834
Suzlon Energy Ltd,India,Energy,62665158
Suzuken Co Ltd/Aichi Japan,Japan,Consumer Staples,28834805
Suzuki Motor Corp,Japan,Consumer Discretionary,352397163
Svenska Cellulosa AB SCA,Sweden,Basic Materials,391331093
Svenska Handelsbanken AB,Sweden,Financials,19763088
Swan Corp Ltd,India,Industrials,2108070
Swatch Group AG/The,Switzerland,Consumer Discretionary,133197939
Sweco AB,Sweden,Industrials,41010797
Swedbank AB,Sweden,Financials,1431032046
Swedish Logistic Property AB,Sweden,Real Estate,41768963
Swedish Orphan Biovitrum AB,Sweden,Health Care,201386870
Swiggy Ltd,India,Consumer Discretionary,102835304
Swire Pacific Ltd,Hong Kong,Consumer Staples,84548872
Swire Properties Ltd,Hong Kong,Real Estate,32902641
Swiss Life Holding AG,Switzerland,Financials,43763710
Swiss Prime Site AG,Switzerland,Real Estate,287678372
Swiss Re AG,Switzerland,Financials,756626606
Swisscom AG,Switzerland,Telecommunications,420988684
Swissquote Group Holding SA,Switzerland,Financials,119668105
Syarikat Takaful Malaysia Keluarga Bhd,Malaysia,Financials,12825712
Syensqo SA,Belgium,Basic Materials,111885503
Symbotic Inc,United States,Industrials,554683
Symphony Communication PCL,Thailand,Telecommunications,1459836
Symphony Ltd,India,Consumer Discretionary,623844
Symrise AG,Germany,Basic Materials,383159439
Synchrony Financial,United States,Industrials,289446528
Synektik SA,Poland,Health Care,18367557
Synergy Grid & Development Phils Inc,Philippines,Utilities,994261
Syngene International Ltd,India,Health Care,9267272
Synnex Technology International Corp,Taiwan,Technology,44179475
Synnex Thailand PCL,Thailand,Technology,1408091
Synopsys Inc,United States,Technology,708790956
Synsam AB,Sweden,Consumer Discretionary,197746
Syntara Ltd,Australia,Health Care,637671
Syrma SGS Technology Ltd,India,Technology,18096765
Sysco Corp,United States,Consumer Staples,506456437
Sysmex Corp,Japan,Health Care,70202027
Systena Corp,Japan,Technology,3226002
Systex Corp,Taiwan,Technology,3441549
T Hasegawa Co Ltd,Japan,Basic Materials,3452521
T Rowe Price Group Inc,United States,Financials,49438551
T&D Holdings Inc,Japan,Financials,241935090
T&L Co Ltd,South Korea,Health Care,4466267
T&S Communications Co Ltd,China,Telecommunications,51222746
T-Mobile US Inc,United States,Telecommunications,1276886054
T3 Entertainment Co Ltd,South Korea,Consumer Discretionary,2652811
TA Chen Stainless Pipe,Taiwan,Basic Materials,25735056
TAB Gida Sanayi Ve Ticaret AS,Türkiye,Consumer Discretionary,25112776
TAC Consumer PCL,Thailand,Consumer Staples,2173513
TAG Immobilien AG,Germany,Real Estate,62885070
TAL Education Group,China,Consumer Discretionary,38983548
TAV Havalimanlari Holding AS,Türkiye,Industrials,63104604
TBC Bank Group PLC,United Kingdom,Financials,86152161
TBS Holdings Inc,Japan,Consumer Discretionary,29026866
TC Energy Corp,Canada,Energy,679034947
TCC Group Holdings Co Ltd,Taiwan,Industrials,63896598
TCC Steel,South Korea,Basic Materials,85351
TD SYNNEX Corp,United States,Technology,262017528
TDK Corp,Japan,Industrials,650095188
TE Connectivity PLC,United States,Technology,675593497
TELUS Corp,Canada,Telecommunications,68742671
TES Co Ltd/Korea,South Korea,Technology,786729
TFF Group,France,Industrials,6499148
TFI International Inc,Canada,Industrials,147910506
TFS Financial Corp,United States,Financials,10710978
THK Co Ltd,Japan,Industrials,81825563
TIDLOR Holdings PCL,Thailand,Financials,64196530
TIM SA/Brazil,Brazil,Telecommunications,1103068
TIME dotCom Bhd,Malaysia,Telecommunications,10357731
TIS Inc,Japan,Technology,67896602
TJX Cos Inc/The,United States,Consumer Discretionary,2156237234
TK Corp,South Korea,Industrials,16034910
TKC Corp,Japan,Industrials,8067448
TKG Huchems Co Ltd,South Korea,Basic Materials,38272
TKH Group NV,Netherlands,Industrials,34858274
TKO Group Holdings Inc,United States,Consumer Discretionary,162240963
TKP Corp,Japan,Industrials,11321200
TLG Immobilien AG,Germany,Real Estate,435597
TMBThanachart Bank PCL,Thailand,Financials,12422975
TMX Group Ltd,Canada,Financials,91177688
TNG Investment & Trading JSC,Vietnam,Consumer Discretionary,4862437
TOA Paint Thailand PCL,Thailand,Industrials,242109
TOC Co Ltd,Japan,Real Estate,1185379
TOKAI Holdings Corp,Japan,Utilities,5021185
TOMONY Holdings Inc,Japan,Financials,5460050
TOPPAN Holdings Inc,Japan,Industrials,128515395
TORM PLC,Denmark,Industrials,31956946
TOTO Ltd,Japan,Industrials,177215413
TOTVS SA,Brazil,Technology,9819620
TP ICAP Group PLC,United Kingdom,Financials,66148485
TPG Inc,United States,Financials,83240675
TPG Telecom Ltd,Australia,Telecommunications,20376574
TPI Polene Power PCL,Thailand,Utilities,457561
TQM Alpha PCL,Thailand,Financials,3996082
TRE Holdings Corp,Japan,Utilities,20306370
TS Financial Holding Co Ltd,Taiwan,Financials,201802281
TS Tech Co Ltd,Japan,Consumer Discretionary,3884425
TSA GROUP BHD,Malaysia,Basic Materials,1942367
TSF Investments Ltd,India,Industrials,2922065
TSK Electronica y Electricidad SA,Spain,Industrials,11802702
TTK Prestige Ltd,India,Consumer Discretionary,315048
TTM Technologies Inc,United States,Technology,238102456
TTW PCL,Thailand,Utilities,896980
TTY Biopharm Co Ltd,Taiwan,Health Care,4058493
TUI AG,Germany,Consumer Discretionary,76271675
TV Asahi Holdings Corp,Japan,Consumer Discretionary,2465245
TVS Holdings Ltd,India,Consumer Discretionary,6818283
TVS Motor Co Ltd,India,Consumer Discretionary,136831263
TVS Supply Chain Solutions Ltd/India,India,Industrials,1888939
TX Group AG,Switzerland,Consumer Discretionary,5432724
TXC Corp,Taiwan,Technology,12660477
TXNM Energy Inc,United States,Utilities,123467429
TXT e-solutions SpA,Italy,Technology,2974043
Ta Ya Electric Wire & Cable,Taiwan,Industrials,5642464
Taaleem Holdings PJSC,United Arab Emirates,Consumer Discretionary,44458485
Taaleem Management Services Co SAE,Egypt,Consumer Discretionary,2836931
Tabcorp Holdings Ltd,Australia,Consumer Discretionary,16742902
Tadano Ltd,Japan,Industrials,10580083
Taesung Co Ltd,South Korea,Technology,1336980
Taewoong Co Ltd,South Korea,Industrials,5736045
TaiMed Biologics Inc,Taiwan,Health Care,4205164
Taichung Commercial Bank Co Ltd,Taiwan,Financials,21988115
Taihan Cable & Solution Co Ltd,South Korea,Industrials,2349719
Taihei Dengyo Kaisha Ltd,Japan,Industrials,3762342
Taiheiyo Cement Corp,Japan,Industrials,47923575
Taikisha Ltd,Japan,Industrials,6736087
Taisei Corp,Japan,Industrials,197491103
Taiwan Acceptance Corp,Taiwan,Financials,8690499
Taiwan Business Bank,Taiwan,Financials,39670506
Taiwan Cogeneration Corp,Taiwan,Industrials,8185894
Taiwan Cooperative Financial Holding Co Ltd,Taiwan,Financials,78949879
Taiwan Fertilizer Co Ltd,Taiwan,Basic Materials,7142114
Taiwan Glass Industry Corp,Taiwan,Industrials,9010042
Taiwan High Speed Rail Corp,Taiwan,Industrials,22144821
Taiwan Hon Chuan Enterprise Co Ltd,Taiwan,Industrials,11995692
Taiwan Land Development Corp,Taiwan,Real Estate,170029
Taiwan Microloops Corp,Taiwan,Technology,5151978
Taiwan Mobile Co Ltd,Taiwan,Telecommunications,58994354
Taiwan Secom Co Ltd,Taiwan,Industrials,10944228
Taiwan Semiconductor Manufacturing Co Ltd,Taiwan,Technology,33525417924
Taiwan Speciality Chemicals Corp,Taiwan,Basic Materials,6809552
Taiwan Surface Mounting Technology Corp,Taiwan,Technology,14537610
Taiwan Union Technology Corp,Taiwan,Technology,189693155
Taiyo Holdings Co Ltd,Japan,Basic Materials,39266615
Taiyo Yuden Co Ltd,Japan,Technology,447084022
Takamatsu Construction Group Co Ltd,Japan,Industrials,2383393
Takara Holdings Inc,Japan,Consumer Staples,36966768
Takara Standard Co Ltd,Japan,Consumer Discretionary,5140440
Takasago International Corp,Japan,Basic Materials,3552709
Takasago Thermal Engineering Co Ltd,Japan,Industrials,65564914
Takashimaya Co Ltd,Japan,Consumer Discretionary,66300474
Take-Two Interactive Software Inc,United States,Consumer Discretionary,824431040
Takeda Pharmaceutical Co Ltd,Japan,Health Care,655782386
Takeuchi Manufacturing Co Ltd,Japan,Industrials,7577874
Takkt AG,Germany,Industrials,4738361
Takuma Co Ltd,Japan,Utilities,6454859
Talaat Moustafa Group,Egypt,Real Estate,39753105
Talabat Holding PLC,United Arab Emirates,Consumer Discretionary,158793609
Talanx AG,Germany,Financials,157970308
Talen Energy Corp,United States,Utilities,222826610
Tama Home Co Ltd,Japan,Consumer Discretionary,1518141
Tamburi Investment Partners SpA,Italy,Financials,21202673
Tamilnad Mercantile Bank Ltd,India,Financials,2061831
Tamron Co Ltd,Japan,Consumer Discretionary,5069734
Tandem Diabetes Care Inc,United States,Health Care,14836322
Tanla Platforms Ltd,India,Technology,1197159
Tapestry Inc,United States,Consumer Discretionary,264834209
Targa Resources Corp,United States,Energy,1096505170
Target Corp,United States,Consumer Discretionary,738875268
Tarsus Pharmaceuticals Inc,United States,Health Care,22931434
Taseco Land Investment JSC,Vietnam,Real Estate,9356026
Tasmea Ltd,Australia,Industrials,3307717
Tata Capital Ltd,India,Financials,90479262
Tata Chemicals Ltd,India,Basic Materials,9708912
Tata Communications Ltd,India,Telecommunications,86551327
Tata Consultancy Services Ltd,India,Technology,98415521
Tata Consumer Products Ltd,India,Consumer Staples,72882100
Tata Elxsi Ltd,India,Technology,9006549
Tata Investment Corp Ltd,India,Financials,1694593
Tata Motors Ltd /new,India,Industrials,157780762
Tata Motors Passenger Vehicles Limited,India,Consumer Discretionary,66783817
Tata Steel Ltd,India,Basic Materials,162529020
Tata Technologies Ltd,India,Technology,9606781
Tate & Lyle PLC,United Kingdom,Consumer Staples,47335653
Tatung Co Ltd,Taiwan,Industrials,12914464
Taylor Morrison Home Corp,United States,Consumer Discretionary,89862026
Taylor Wimpey PLC,United Kingdom,Consumer Discretionary,68425902
Tbo Tek Ltd,India,Consumer Discretionary,29710830
Team Group Inc,Taiwan,Technology,4549307
TeamViewer SE,Germany,Technology,14679524
Tecan Group AG,Switzerland,Health Care,53125520
Tech Mahindra Ltd,India,Technology,76612824
TechMatrix Corp,Japan,Technology,12816314
TechWing Inc,South Korea,Technology,1635296
Techcom Securities JSC,Vietnam,Financials,8169134
Technip Energies NV,France,Energy,31703010
TechnipFMC PLC,United States,Energy,293445988
Techno Electric & Engineering Co Ltd,India,Industrials,5027332
Techno Ryowa Ltd,Japan,Industrials,2921151
Technogym SpA,Italy,Consumer Discretionary,40602090
Technology One Ltd,Australia,Technology,411119806
Technoprobe SpA,Italy,Technology,130474591
Techtronic Industries Co Ltd,Hong Kong,Industrials,428403151
Teck Resources Ltd,Canada,Basic Materials,489871319
Tecnicas Reunidas SA,Spain,Energy,27105323
Teco Electric and Machinery Co Ltd,Taiwan,Industrials,33324688
Teijin Ltd,Japan,Basic Materials,31704474
Tejas Networks Ltd,India,Telecommunications,4593151
Tekfen Holding AS,Türkiye,Industrials,2393763
Tekken Corp,Japan,Industrials,5085371
Tekscend Photomask Corp,Japan,Technology,10582224
Tel Aviv Stock Exchange Ltd,Israel,Financials,65503559
Teladan Group Bhd,Malaysia,Real Estate,4073574
Tele2 AB,Sweden,Telecommunications,207514492
Telecom Egypt Co,Egypt,Telecommunications,6783806
Telecom Italia SpA/Milano,Italy,Telecommunications,347459861
Telecom Plus PLC,United Kingdom,Utilities,1248067
Teledyne Technologies Inc,United States,Industrials,554809449
Teleflex Inc,United States,Health Care,89402941
Telefonaktiebolaget LM Ericsson,Sweden,Telecommunications,270164736
Telefonica Brasil SA,Brazil,Telecommunications,4983988
Telefonica SA,Spain,Telecommunications,323710150
Telekom Austria AG,Austria,Telecommunications,32781548
Telekom Malaysia Bhd,Malaysia,Telecommunications,33631506
Teleperformance SE,France,Industrials,101883956
Television Francaise 1 SA,France,Consumer Discretionary,14768406
Telia Co AB,Sweden,Telecommunications,230411551
Telix Pharmaceuticals Ltd,Australia,Health Care,52806204
Telkom Indonesia Persero Tbk PT,Indonesia,Telecommunications,36091557
Telkom SA SOC Ltd,South Africa,Telecommunications,27290553
Telstra Group Ltd,Australia,Telecommunications,245874387
Temenos AG,Switzerland,Technology,100943915
Temple & Webster Group Ltd,Australia,Consumer Discretionary,3117504
Tempus AI Inc,United States,Health Care,47350360
Tenable Holdings Inc,United States,Technology,1217224
Tenaris SA,Italy,Energy,82789236
Tencent Holdings Ltd,China,Technology,6778068521
Tencent Music Entertainment Group,China,Technology,63397925
Tenet Healthcare Corp,United States,Health Care,269745414
Tenneco Clean Air India Ltd,India,Consumer Discretionary,11298649
Tera Yatirim Menkul Degerler AS,Türkiye,Financials,3074008
Tera Yatirim Teknoloji Holding AS,Türkiye,Real Estate,5160948
Teradyne Inc,United States,Technology,687951291
Terawulf Inc,United States,Technology,110152787
Terex Corp,United States,Industrials,107617942
Terna - Rete Elettrica Nazionale,Italy,Utilities,249211554
Ternium SA,Mexico,Basic Materials,12244268
Terreno Realty Corp,United States,Real Estate,85751270
Terumo Corp,Japan,Health Care,339137186
Tesco PLC,United Kingdom,Consumer Staples,794451170
Tesla Inc,United States,Consumer Discretionary,15720016270
Tessenderlo Group SA,Belgium,Basic Materials,9344972
Test Research Inc,Taiwan,Technology,13096690
Tetra Tech Inc,United States,Industrials,95365543
Teva Pharmaceutical Industries Ltd,Israel,Health Care,1248795540
Texas Capital Bancshares Inc,United States,Financials,48303273
Texas Instruments Inc,United States,Technology,3387039158
Texas Roadhouse Inc,United States,Consumer Discretionary,280790242
Texmaco Rail & Engineering Ltd,India,Industrials,1880421
Thai Airways International PCL,Thailand,Consumer Discretionary,3457187
Thai Beverage PCL,Singapore,Consumer Staples,36016063
Thai Credit Bank PCL,Thailand,Financials,2616669
Thai Life Insurance PCL,Thailand,Financials,20032892
Thai Oil PCL,Thailand,Energy,11027531
Thai Optical Group PCL,Thailand,Health Care,821553
Thai Union Group PCL,Thailand,Consumer Staples,2122240
Thai Vegetable Oil PCL,Thailand,Consumer Staples,869246
Thaifoods Group PCL,Thailand,Consumer Staples,6441757
Thales SA,France,Industrials,414722930
Thanachart Capital PCL,Thailand,Financials,16890767
Thanga Mayil Jewellery Ltd,India,Consumer Discretionary,3752858
Theon International PLC,Netherlands,Industrials,21272463
Thermax Ltd,India,Industrials,15775328
Thermo Fisher Scientific Inc,United States,Health Care,2548430929
Thinking Electronic Industrial Co Ltd,Taiwan,Technology,5181360
Thomas Cook India Ltd,India,Consumer Discretionary,18207492
Thomson Reuters Corp,Canada,Technology,87806014
Thong Guan Industries Bhd,Malaysia,Industrials,3211792
Thor Industries Inc,United States,Consumer Discretionary,31018156
Three Squirrels Inc,China,Consumer Staples,777757
Thule Group AB,Sweden,Consumer Discretionary,41266388
Thunder Software Technology Co Ltd,China,Technology,2886
Tian Di Science & Technology Co Ltd,China,Industrials,2807079
Tianli International Holdings Ltd,China,Consumer Discretionary,15267144
Tianneng Power International Ltd,China,Consumer Discretionary,3967616
Tianqi Lithium Corp,China,Basic Materials,23767906
Tien Phong Commercial Joint Stock Bank,Vietnam,Financials,6158116
Tieto Oyj,Finland,Technology,109320618
Tiger Brands Ltd,South Africa,Consumer Staples,5919489
Timah Tbk PT,Indonesia,Basic Materials,17106325
Time Interconnect Technology Ltd,Hong Kong,Technology,32133123
Time Technoplast Ltd,India,Industrials,3824750
Timee Inc,Japan,Industrials,40300106
Timken Co/The,United States,Basic Materials,142533925
Timken India Ltd,India,Industrials,11824766
Tingyi Cayman Islands Holding Corp,China,Consumer Staples,84078087
Tipco Asphalt PCL,Thailand,Industrials,5509193
Tisco Financial Group PCL,Thailand,Financials,1776015
Titagarh Rail System Ltd,India,Industrials,9623789
Titan Co Ltd,India,Consumer Discretionary,175511348
Titan SA,Greece,Industrials,67084589
Tkms AG& Co KGaA,Germany,Industrials,40074700
Toa Corp/Tokyo,Japan,Industrials,3074803
Toagosei Co Ltd,Japan,Basic Materials,8444956
Toast Inc,United States,Technology,193230153
Tobu Railway Co Ltd,Japan,Industrials,58985302
Tocalo Co Ltd,Japan,Industrials,33914318
Toda Corp,Japan,Industrials,35786790
Toei Animation Co Ltd,Japan,Consumer Discretionary,19401612
Toei Co Ltd,Japan,Consumer Discretionary,4203464
Toenec Corp,Japan,Industrials,3098312
Tofas Turk Otomobil Fabrikasi AS,Türkiye,Consumer Discretionary,53117677
Toho Bank Ltd/The,Japan,Financials,5962583
Toho Co Ltd/Tokyo,Japan,Consumer Discretionary,59919262
Toho Gas Co Ltd,Japan,Utilities,37997949
Toho Holdings Co Ltd,Japan,Consumer Staples,7514227
Tohoku Electric Power Co Inc,Japan,Utilities,52640787
Tokai Carbon Co Ltd,Japan,Basic Materials,10215466
Tokai Carbon Korea Co Ltd,South Korea,Technology,67423039
Tokai Corp/Gifu,Japan,Industrials,1592318
Tokai Rika Co Ltd,Japan,Consumer Discretionary,5210739
Tokai Tokyo Financial Holdings Inc,Japan,Financials,6546678
Token Corp,Japan,Consumer Discretionary,2331981
Tokio Marine Holdings Inc,Japan,Financials,1317473858
Tokuyama Corp,Japan,Basic Materials,12033663
Tokyo Century Corp,Japan,Consumer Discretionary,42440588
Tokyo Electric Power Co Holdings Inc,Japan,Utilities,72939538
Tokyo Electron Device Ltd,Japan,Technology,2666642
Tokyo Electron Ltd,Japan,Technology,3319143241
Tokyo Gas Co Ltd,Japan,Utilities,203702210
Tokyo Keiki Inc,Japan,Industrials,5404892
Tokyo Kiraboshi Financial Group Inc,Japan,Financials,14761229
Tokyo Metro Co Ltd,Japan,Industrials,40074886
Tokyo Ohka Kogyo Co Ltd,Japan,Basic Materials,313911244
Tokyo Seimitsu Co Ltd,Japan,Technology,101030863
Tokyo Steel Manufacturing Co Ltd,Japan,Basic Materials,3205673
Tokyo Tatemono Co Ltd,Japan,Real Estate,64676372
Tokyotokeiba Co Ltd,Japan,Consumer Discretionary,6862624
Tokyu Construction Co Ltd,Japan,Industrials,3117343
Tokyu Corp,Japan,Consumer Discretionary,81379925
Tokyu Fudosan Holdings Corp,Japan,Real Estate,104005888
Tokyu REIT Inc,Japan,Real Estate,7483601
Toll Brothers Inc,United States,Consumer Discretionary,195431393
Tomy Co Ltd,Japan,Consumer Discretionary,26618435
Ton Yi Industrial Corp,Taiwan,Industrials,3623369
Tong Hsing Electronic Industries Ltd,Taiwan,Technology,12506972
Tong Yang Industry Co Ltd,Taiwan,Consumer Discretionary,13198993
TongFu Microelectronics Co Ltd,China,Technology,1477610
Tongcheng Travel Holdings Ltd,China,Consumer Discretionary,18412070
Tongling Jingda Special Magnet Wire Co Ltd,China,Industrials,2422812
Tongwei Co Ltd,China,Energy,1155941
Tongyang Life Insurance Co Ltd,South Korea,Financials,330931
Top Glove Corp Bhd,Malaysia,Health Care,56400
TopBuild Corp,United States,Industrials,193203605
Topco Scientific Co Ltd,Taiwan,Technology,27809250
Topoint Technology Co Ltd,Taiwan,Technology,35405961
Topre Corp,Japan,Consumer Discretionary,17285000
Topsports International Holdings Ltd,China,Consumer Discretionary,6561617
Toray Industries Inc,Japan,Basic Materials,164300979
Torex Gold Resources Inc,Canada,Basic Materials,42295225
Toridoll Holdings Corp,Japan,Consumer Discretionary,15855524
Toro Co/The,United States,Industrials,115651666
Toromont Industries Ltd,Canada,Industrials,157852830
Toronto-Dominion Bank/The,Canada,Financials,2395185341
Torpol SA,Poland,Industrials,10670424
Torrent Pharmaceuticals Ltd,India,Health Care,53069866
Torrent Power Ltd,India,Utilities,26572325
Tosei Corp,Japan,Real Estate,25883820
Toshiba TEC Corp,Japan,Technology,2579964
Tosoh Corp,Japan,Basic Materials,90922174
Total Bangun Persada Tbk PT,Indonesia,Industrials,912565
TotalEnergies SE,France,Energy,3125621720
Totech Corp,Japan,Industrials,3803120
Totetsu Kogyo Co Ltd,Japan,Industrials,3278117
Tovis Co Ltd,South Korea,Technology,1800983
Towa Corp,Japan,Technology,6526897
Towa Pharmaceutical Co Ltd,Japan,Health Care,3397527
Tower Semiconductor Ltd,Israel,Technology,198312516
Towngas Smart Energy Co Ltd,China,Utilities,103102
Toyo Seikan Group Holdings Ltd,Japan,Industrials,47107357
Toyo Suisan Kaisha Ltd,Japan,Consumer Staples,58587055
Toyo Tire Corp,Japan,Consumer Discretionary,47371394
Toyobo Co Ltd,Japan,Basic Materials,22546692
Toyoda Gosei Co Ltd,Japan,Consumer Discretionary,48026493
Toyota Boshoku Corp,Japan,Consumer Discretionary,18639876
Toyota Motor Corp,Japan,Consumer Discretionary,3051523509
Toyota Tsusho Corp,Japan,Industrials,392065323
Track & Field Co SA,Brazil,Consumer Discretionary,6667330
Tractor Supply Co,United States,Consumer Discretionary,215989202
Trade Desk Inc/The,United States,Consumer Discretionary,22002745
Trade Estates Real Estate Investment SA,Greece,Real Estate,6143330
Tradeweb Markets Inc,United States,Financials,153934736
Trainline PLC,United Kingdom,Consumer Discretionary,3
Trane Technologies PLC,United States,Industrials,1457190187
TransAlta Corp,Canada,Utilities,49527048
TransDigm Group Inc,United States,Industrials,996176770
TransUnion,United States,Industrials,138434712
Transaction Co Ltd,Japan,Consumer Staples,14664821
Transcend Information Inc,Taiwan,Technology,20028688
Transcom Inc/Taiwan,Taiwan,Technology,4451415
Transcosmos Inc,Japan,Industrials,17010029
Transformers & Rectifiers India Ltd,India,Industrials,3681247
Transmissora Alianca de Energia Eletrica S/A,Brazil,Utilities,883430
Transurban Group,Australia,Industrials,531986193
Traton SE,Germany,Industrials,68805951
Travel + Leisure Co,United States,Consumer Discretionary,63594575
Travel Food Services Ltd,India,Consumer Discretionary,6736008
TravelSky Technology Ltd,China,Technology,10589245
Travelers Cos Inc/The,United States,Financials,832181682
Travis Perkins PLC,United Kingdom,Industrials,8375311
Treasury Wine Estates Ltd,Australia,Consumer Staples,112231956
Trelleborg AB,Sweden,Industrials,139200725
Trend Micro Inc/Japan,Japan,Technology,18578044
Trent Ltd,India,Consumer Discretionary,124348930
Trex Co Inc,United States,Industrials,45730605
Tri Chemical Laboratories Inc,Japan,Basic Materials,2905507
Trial Holdings Inc,Japan,Consumer Discretionary,11049367
Tribal Group PLC,United Kingdom,Technology,3756267
Trident Ltd/India,India,Basic Materials,2800054
Trigano SA,France,Consumer Discretionary,84609117
Trimble Inc,United States,Industrials,131342313
Trip.com Group Ltd,China,Consumer Discretionary,410081783
Triple Flag Precious Metals Corp,Canada,Basic Materials,29099048
Tripod Technology Corp,Taiwan,Technology,100863583
Triputra Agro Persada PT,Indonesia,Consumer Staples,10939345
Tritax Big Box REIT PLC,United Kingdom,Real Estate,106293979
Triveni Engineering & Industries Ltd,India,Consumer Staples,2131718
Triveni Turbine Ltd,India,Industrials,8122770
Trolley General Trading Co KSCC,Kuwait,Consumer Staples,18068893
True Corp PCL,Thailand,Telecommunications,42816066
Truist Financial Corp,United States,Financials,442250795
Truly International Holdings Ltd,Hong Kong,Technology,58
Trusco Nakayama Corp,Japan,Industrials,27475489
Trustpilot Group PLC,United Kingdom,Technology,6031664
Truworths International Ltd,South Africa,Consumer Discretionary,47834853
Tryg A/S,Denmark,Financials,204676214
Tsingtao Brewery Co Ltd,China,Consumer Staples,29108245
Tsubakimoto Chain Co,Japan,Industrials,7832015
Tsuburaya Fields Holdings Inc,Japan,Consumer Discretionary,1702904
Tsugami Corp,Japan,Industrials,12332183
Tsukishima Holdings Co Ltd,Japan,Industrials,15181842
Tsumura & Co,Japan,Health Care,26173408
Tsuruha Holdings Inc,Japan,Consumer Staples,45261451
Tsurumi Manufacturing Co Ltd,Japan,Industrials,3004052
Tuas Ltd,Australia,Telecommunications,5591744
Tube Investments of India Ltd,India,Basic Materials,33302963
Tuhu Car Inc,China,Consumer Discretionary,2506461
Tukas Gida Sanayi ve Ticaret AS,Türkiye,Consumer Staples,483000
Tung Ho Steel Enterprise Corp,Taiwan,Basic Materials,8739120
Turk Altin Isletmeleri AS,Türkiye,Basic Materials,16487445
Turk Hava Yollari AO,Türkiye,Consumer Discretionary,73663514
Turk Telekomunikasyon AS,Türkiye,Telecommunications,3528743
Turk Traktor ve Ziraat Makineleri AS,Türkiye,Industrials,23508884
Turk Tuborg Bira ve Malt Sanayii AS,Türkiye,Consumer Staples,3
Turkcell Iletisim Hizmetleri AS,Türkiye,Telecommunications,82241775
Turkiye Garanti Bankasi AS,Türkiye,Financials,85769700
Turkiye Is Bankasi AS,Türkiye,Financials,30154189
Turkiye Petrol Rafinerileri AS,Türkiye,Energy,71682314
Turkiye Sigorta AS,Türkiye,Financials,5051313
Turkiye Sinai Kalkinma Bankasi AS,Türkiye,Financials,1187620
Turkiye Sise ve Cam Fabrikalari AS,Türkiye,Industrials,4978204
Turkiye Vakiflar Bankasi TAO,Türkiye,Financials,3287637
Tuya Inc,China,Technology,1123885
Tv Tokyo Holdings Corp,Japan,Consumer Discretionary,2391657
Twilio Inc,United States,Technology,399041807
Two Point Zero Group PJSC,United Arab Emirates,Financials,1673967
Tyler Technologies Inc,United States,Technology,801174575
Tyra Biosciences Inc,United States,Health Care,5560403
Tyson Foods Inc,United States,Consumer Staples,252836553
U-Haul Holding Co,United States,Consumer Discretionary,94054026
U-Ming Marine Transport Corp,Taiwan,Industrials,9470239
U-Next Holdings Co Ltd,Japan,Consumer Discretionary,9290248
UACJ Corp,Japan,Basic Materials,20989130
UBE Corp,Japan,Basic Materials,38022391
UBS Group AG,Switzerland,Financials,4728589482
UBTech Robotics Corp Ltd,China,Industrials,42227433
UCB SA,Belgium,Health Care,842230151
UDR Inc,United States,Real Estate,1175680567
UEM Sunrise Bhd,Malaysia,Real Estate,11114703
UFP Industries Inc,United States,Basic Materials,64182308
UGI Corp,United States,Utilities,90752123
UL Solutions Inc,United States,Industrials,170549291
UMB Financial Corp,United States,Financials,131856277
UMS Integration Ltd,Singapore,Technology,41673915
UNIQA Insurance Group AG,Austria,Financials,5805164
UNISOL Holdings Corp,Japan,Industrials,216951
UNITE Group PLC/The,United Kingdom,Real Estate,308389626
UNO Minda Ltd,India,Consumer Discretionary,18557060
UOB-Kay Hian Holdings Ltd,Singapore,Financials,12885087
UOL Group Ltd,Singapore,Real Estate,58838892
UPI Semiconductor Corp,Taiwan,Technology,3361005
UPL Ltd,India,Basic Materials,30242603
UPM-Kymmene Oyj,Finland,Basic Materials,280359453
US Bancorp,United States,Financials,1186803405
US Foods Holding Corp,United States,Consumer Staples,296683692
USS Co Ltd,Japan,Consumer Discretionary,79590182
UT Group Co Ltd,Japan,Industrials,2025226
UTI Asset Management Co Ltd,India,Financials,6970776
UUE Holdings Bhd,Malaysia,Industrials,2717408
UWC BHD,Malaysia,Basic Materials,28753631
UWM Holdings Corp,United States,Financials,31487500
Uber Technologies Inc,United States,Consumer Discretionary,1976729031
Ubiquiti Inc,United States,Telecommunications,23851382
Uchida Yoko Co Ltd,Japan,Technology,3029556
Ufaorgsintez PAO,Russia,Basic Materials,15
UiPath Inc,United States,Technology,24300374
Ujjivan Small Finance Bank Ltd,India,Financials,3011056
Uju Electronics Co Ltd,South Korea,Technology,5293430
Ulker Biskuvi Sanayi AS,Türkiye,Consumer Staples,2337336
Ulta Beauty Inc,United States,Consumer Discretionary,352564890
UltraGreen.ai Ltd,Singapore,Health Care,4897875
UltraTech Cement Ltd,India,Industrials,247987607
Ultrajaya Milk Industry & Trading Co Tbk PT,Indonesia,Consumer Staples,4841399
Ultrapar Participacoes SA,Brazil,Energy,18388307
Ulvac Inc,Japan,Technology,81771234
Umicore SA,Belgium,Basic Materials,539128208
Umios Corp,Japan,Consumer Staples,21838220
Under Armour Inc,United States,Consumer Discretionary,3842312
Uni-President China Holdings Ltd,China,Consumer Staples,10368964
Uni-President Enterprises Corp,Taiwan,Consumer Staples,144211956
UniCredit SpA,Italy,Financials,3884900355
Unibail-Rodamco-Westfield,France,Real Estate,301678840
Unicaja Banco SA,Spain,Financials,24686769
Unicharm Corp,Japan,Consumer Staples,105452440
Unid Co Ltd,South Korea,Basic Materials,9208005
Unilever Indonesia Tbk PT,Indonesia,Consumer Staples,3807662
Unilever PLC,United Kingdom,Consumer Staples,2627075842
Unimicron Technology Corp,Taiwan,Technology,702436115
Unimot SA,Poland,Energy,6680649
Union Bank Of Taiwan,Taiwan,Financials,6436691
Union Bank of India Ltd,India,Financials,32871091
Union Bank of the Philippines,Philippines,Financials,1316722
Union Pacific Corp,United States,Industrials,2186530208
Union Tool Co,Japan,Industrials,27574096
Unipol Assicurazioni SpA,Italy,Financials,380659009
Unisem M Bhd,Malaysia,Technology,95465855
Unison Co Ltd/South Korea,South Korea,Energy,41932
United Airlines Holdings Inc,United States,Consumer Discretionary,246570948
United Arrows Ltd,Japan,Consumer Discretionary,5130
United Bankshares Inc/WV,United States,Financials,80675970
United Breweries Ltd,India,Consumer Staples,20333459
United Community Banks Inc/GA,United States,Financials,53463615
United Integrated Services Co Ltd,Taiwan,Industrials,93023402
United Internet AG,Germany,Telecommunications,38992349
United Laboratories International Holdings Ltd/The,Hong Kong,Health Care,18047856
United Microelectronics Corp,Taiwan,Technology,659406435
United Nova Technology Co Ltd,China,Technology,2344579
United Overseas Bank Ltd,Singapore,Financials,888620338
United Paper PCL,Thailand,Industrials,2308141
United Parcel Service Inc,United States,Industrials,847742098
United Parks & Resorts Inc,United States,Consumer Discretionary,3518868
United Rentals Inc,United States,Industrials,1391787086
United Spirits Ltd,India,Consumer Staples,61186610
United Super Markets Holdings Inc,Japan,Consumer Staples,2226808
United Therapeutics Corp,United States,Health Care,286983510
United U-Li Corp BHD,Malaysia,Basic Materials,1360810
United Urban Investment Corp,Japan,Real Estate,53579523
United Utilities Group PLC,United Kingdom,Utilities,263696823
UnitedHealth Group Inc,United States,Health Care,4956612190
Unity Software Inc,United States,Technology,182410478
Universal Display Corp,United States,Technology,50356068
Universal Health Services Inc,United States,Health Care,96356175
Universal Microwave Technology Inc,Taiwan,Telecommunications,72205201
Universal Music Group NV,Netherlands,Consumer Discretionary,552872956
Universal Robina Corp,Philippines,Consumer Staples,7880900
Universal Store Holdings Ltd,Australia,Consumer Discretionary,10948922
Unum Group,United States,Financials,1185144063
Upstart Holdings Inc,United States,Financials,3328967
Upstream Bio Inc,United States,Health Care,26078843
Uranium Energy Corp,United States,Basic Materials,186545939
Urban Outfitters Inc,United States,Consumer Discretionary,37935680
Urteste SA,Poland,Health Care,506538
Usha Martin Ltd,India,Basic Materials,7970001
Ushio Inc,Japan,Industrials,15578586
V-Guard Industries Ltd,India,Industrials,4491483
V-Mart Retail Ltd,India,Consumer Discretionary,2184644
VA Tech Wabag Ltd,India,Utilities,8501072
VAT Group AG,Switzerland,Industrials,525328229
VF Corp,United States,Consumer Discretionary,94606525
VGI PCL,Thailand,Consumer Discretionary,57451
VGP NV,Belgium,Real Estate,28162481
VICI Properties Inc,United States,Real Estate,386213796
VIDENDUM PLC,United Kingdom,Consumer Discretionary,2192
VIGO PHOTONICS SA,Poland,Technology,2864581
VIP Industries Ltd,India,Consumer Discretionary,568682
VIX Securities JSC,Vietnam,Financials,3887228
VK IPJSC,Russia,Technology,424084
VNDirect Securities Corp,Vietnam,Financials,3977059
VNV Global AB,Sweden,Financials,90466
VOYAH Automobile Technology Co Ltd,China,Consumer Discretionary,3271949
VP Bank Securities Ltd Co,Vietnam,Financials,4275951
VS International Group Ltd,China,Industrials,14326
VSTECS Bhd,Malaysia,Technology,7914419
VSTECS Holdings Ltd,Hong Kong,Technology,12433083
VTB Bank PJSC,Russia,Financials,1605040
VTech Holdings Ltd,Hong Kong,Telecommunications,16276650
VZ Holding AG,Switzerland,Financials,58921092
Vail Resorts Inc,United States,Consumer Discretionary,26765865
Valaris Ltd,United States,Energy,51325369
Vale Indonesia Tbk PT,Indonesia,Basic Materials,27652339
Valeo SE,France,Consumer Discretionary,63005253
Valero Energy Corp,United States,Energy,1610425271
Valiant Holding AG,Switzerland,Financials,66557625
Valid Solucoes e Servicos de Seguranca em Meios de Pagamento e Identificacao SA,Brazil,Industrials,7984294
Valley National Bancorp,United States,Financials,77278926
Vallourec SACA,France,Energy,96318063
Valmet Oyj,Finland,Industrials,30678630
Valmont Industries Inc,United States,Industrials,143630637
Valneva SE,France,Health Care,3326223
Valor Estate Ltd,India,Real Estate,603027
Valor Gold Corp,Canada,Basic Materials,1584813
Valor Holdings Co Ltd,Japan,Consumer Staples,14043809
Valterra Platinum Ltd,South Africa,Basic Materials,446452584
Value Added Technology Co Ltd,South Korea,Health Care,2378563
Valvoline Inc,United States,Consumer Discretionary,54152798
Van Lanschot Kempen NV,Netherlands,Financials,81389717
Van de Velde NV,Belgium,Consumer Discretionary,691
Vanguard International Semiconductor Corp,Taiwan,Technology,142282770
Vanquis Banking Group PLC,United Kingdom,Financials,12513337
Vantage Towers AG,Germany,Telecommunications,9893946
Vantiva SA,France,Telecommunications,3093
Vardhman Textiles Ltd,India,Basic Materials,6985861
Varroc Engineering Ltd,India,Consumer Discretionary,22000819
Varun Beverages Ltd,India,Consumer Staples,330290218
Vatti Corp Ltd,China,Consumer Discretionary,3
Vault Minerals Ltd,Australia,Basic Materials,43975964
Vaxcyte Inc,United States,Health Care,84377148
Vector Inc,Japan,Consumer Discretionary,8609
Vector Ltd,New Zealand,Utilities,4157694
Vedant Fashions Ltd,India,Consumer Discretionary,32600020
Veem Ltd,Australia,Industrials,1911335
Veeva Systems Inc,United States,Health Care,223979740
Ventas Inc,United States,Real Estate,564953858
Ventia Services Group Pty Ltd,Australia,Industrials,46235867
Venture Corp Ltd,Singapore,Technology,61550006
Venus MedTech Hangzhou Inc,China,Health Care,31
Venustech Group Inc,China,Technology,4323376
Veolia Environnement SA,France,Utilities,569991504
Vera Therapeutics Inc,United States,Health Care,20496734
VeraDermics Inc,United States,Health Care,17732251
Verallia SA,France,Industrials,6757802
Veralto Corp,United States,Industrials,236288924
Verbund AG,Austria,Utilities,14920813
Vercom SA,Poland,Technology,9136142
VeriSign Inc,United States,Technology,268164218
Verisilicon Microelectronics Shanghai Co Ltd,China,Technology,3322873
Verisk Analytics Inc,United States,Industrials,225541205
Verisure PLC,Sweden,Industrials,72748322
Verizon Communications Inc,United States,Telecommunications,2162350289
Versant Media Group Inc,United States,Consumer Discretionary,159495420
Versigent PLC,United States,Industrials,62857126
Vertex Inc,United States,Technology,8829785
Vertex Pharmaceuticals Inc,United States,Health Care,1498119301
Vertiv Holdings Co,United States,Technology,1639104279
Vestas Wind Systems A/S,Denmark,Energy,222020492
Vesuvius India Ltd,India,Industrials,4183404
Vetoquinol SA,France,Health Care,5022233
Vetropack Holding AG,Switzerland,Industrials,4429973
ViTrox Corp Bhd,Malaysia,Technology,27431283
Via Technologies Inc,Taiwan,Technology,727098
Via Transportation Inc,United States,Technology,2535482
Viasat Inc,United States,Telecommunications,142298467
Viatris Inc,United States,Health Care,90407952
Viavi Solutions Inc,United States,Telecommunications,141156640
Vibra Energia SA,Brazil,Energy,150482237
Vicat SACA,France,Industrials,22126528
Vicinity Ltd,Australia,Real Estate,120016304
Victory Giant Technology Huizhou Co Ltd,China,Technology,25583751
Victrex PLC,United Kingdom,Basic Materials,61053500
Vidente Co Ltd,South Korea,Technology,187096
Vidrala SA,Spain,Industrials,45283364
Vienna Insurance Group AG Wiener Versicherung Gruppe,Austria,Financials,29472687
Vietcap Securities JSC,Vietnam,Financials,4686898
Vietnam Dairy Products JSC,Vietnam,Consumer Staples,10081500
Vietnam Export Import Commercial JSB,Vietnam,Financials,4454444
Vietnam International Commercial JSB,Vietnam,Financials,5378693
Vietnam Joint Stock Commercial Bank for Industry and Trade,Vietnam,Financials,17686880
Vietnam Maritime Commercial JSB,Vietnam,Financials,11552386
Vietnam Prosperity JSC Bank,Vietnam,Financials,17114603
Vietnam Technological & Commercial Joint Stock Bank,Vietnam,Financials,15733357
Vijaya Diagnostic Centre Ltd,India,Health Care,3626662
Viking Holdings Ltd,United States,Consumer Discretionary,483767574
Vinati Organics Ltd,India,Basic Materials,2381482
Vinci SA,France,Industrials,1392686766
Vincom Retail JSC,Vietnam,Consumer Discretionary,2663206
Vingroup JSC,Vietnam,Real Estate,23579043
Vinhomes JSC,Vietnam,Real Estate,22340040
Vinpearl JSC,Vietnam,Consumer Discretionary,413650
Viohalco SA,Greece,Basic Materials,10576999
Vipshop Holdings Ltd,China,Consumer Discretionary,20881477
Virbac SACA,France,Health Care,55916999
Virgin Australia Holdings Ltd,Australia,Consumer Discretionary,5903849
Viridian Therapeutics Inc,United States,Health Care,27464509
VisEra Technologies Co Ltd,Taiwan,Technology,15267211
Visa Inc,United States,Industrials,7370003778
Viscofan SA,Spain,Consumer Staples,52791423
Visen Pharmaceuticals,China,Health Care,175034
Vishal Mega Mart Ltd,India,Consumer Discretionary,28448322
Vishay Intertechnology Inc,United States,Technology,122933927
Visional Inc,Japan,Industrials,19963629
Visne Madencilik Uretim Sanayi VE Ticaret AS,Türkiye,Industrials,423361
Vistra Corp,United States,Utilities,754584192
Vistry Group PLC,United Kingdom,Consumer Discretionary,12904790
Vitasoy International Holdings Ltd,Hong Kong,Consumer Staples,6689843
Vitec Software Group AB,Sweden,Technology,715124
Vitrolife AB,Sweden,Health Care,95020
Vitru Brasil Empreendimentos Participacoes e Comercio SA,Brazil,Consumer Discretionary,7193884
Vitzro Tech Co Ltd,South Korea,Industrials,395349
Vitzrocell Co Ltd,South Korea,Industrials,18536311
Viva Energy Group Ltd,Australia,Energy,24146414
Viva Leisure Ltd,Australia,Consumer Discretionary,3266772
Vivara Participacoes SA,Brazil,Consumer Discretionary,39640650
Vivendi SE,France,Consumer Discretionary,31821207
Vnet Group Inc,China,Technology,131051807
Vobile Group Ltd,Hong Kong,Technology,8028245
Vodacom Group Ltd,South Africa,Telecommunications,3161381
Vodafone Group PLC,United Kingdom,Telecommunications,473823159
Vodafone Idea Ltd,India,Telecommunications,30872306
Volati AB,Sweden,Industrials,1511920
Volcano Bhd,Malaysia,Industrials,382636
Volkswagen AG,Germany,Consumer Discretionary,103284820
Voltamp Transformers Ltd,India,Industrials,8645823
Voltas Ltd,India,Industrials,25159362
Voltronic Power Technology Corp,Taiwan,Industrials,30508539
Volution Group PLC,United Kingdom,Industrials,44707165
Volvo AB,Sweden,Industrials,660628996
Volvo Car AB,Sweden,Consumer Discretionary,22999994
Vonovia SE,Germany,Real Estate,2557033898
Vontier Corp,United States,Industrials,55710102
Vontobel Holding AG,Switzerland,Financials,51963815
Vornado Realty Trust,United States,Real Estate,566364404
Voronoi Inc,South Korea,Health Care,2398793
Voxel SA,Poland,Health Care,8337002
Voya Financial Inc,United States,Financials,108755500
Vulcan Energy Resources Ltd,Australia,Basic Materials,9590689
Vulcan Materials Co,United States,Industrials,456752183
Vulcan Steel Ltd,Australia,Basic Materials,4412003
Vusion/France,France,Industrials,17718709
W R Berkley Corp,United States,Financials,208309015
W-Scope Chungju Plant Co Ltd,South Korea,Industrials,48440
W-Scope Corp,Japan,Industrials,66491
WA1 Resources Ltd,Australia,Basic Materials,78979
WAAREE Energies Ltd,India,Energy,25291142
WCT Holdings Bhd,Malaysia,Industrials,1553153
WEB Travel Group Ltd,Australia,Consumer Discretionary,8982034
WEG SA,Brazil,Industrials,2088503
WESCO International Inc,United States,Industrials,233761808
WEX Inc,United States,Industrials,61022695
WH Group Ltd,Hong Kong,Consumer Staples,79611603
WHA Corp PCL,Thailand,Real Estate,38467830
WHA Utilities and Power PCL,Thailand,Utilities,16506608
WNC Corp /Taiwan,Taiwan,Telecommunications,52467150
WONIK IPS Co Ltd,South Korea,Technology,26713068
WP Carey Inc,United States,Real Estate,196663324
WPG Holdings Ltd,Taiwan,Technology,62877884
WPP PLC,United Kingdom,Consumer Discretionary,11803089
WSFS Financial Corp,United States,Financials,51172925
WSP Global Inc,Canada,Industrials,198523154
WT Microelectronics Co Ltd,Taiwan,Technology,66528799
WUS Printed Circuit Co Ltd,Taiwan,Technology,5749156
WUS Printed Circuit Kunshan Co Ltd,China,Technology,217184918
WW Grainger Inc,United States,Industrials,651558138
Wacker Chemie AG,Germany,Basic Materials,36692519
Wacoal Holdings Corp,Japan,Consumer Discretionary,7439594
Wacom Co Ltd,Japan,Technology,3316147
Waga Energy SA,France,Energy,61935
Wagners Holding Co Ltd,Australia,Industrials,4511186
Wah Lee Industrial Corp,Taiwan,Technology,6860945
Wakita & Co Ltd,Japan,Industrials,2418100
Wal-Mart de Mexico SAB de CV,Mexico,Consumer Discretionary,177697296
Walgreens Boots Alliance Inc,United States,Consumer Staples,9
Wallenstam AB,Sweden,Real Estate,27987056
Walmart Inc,United States,Consumer Discretionary,6244519652
Walsin Lihwa Corp,Taiwan,Industrials,43445331
Walsin Technology Corp,Taiwan,Technology,168866247
Walt Disney Co/The,United States,Consumer Discretionary,1886106338
Wan Hai Lines Ltd,Taiwan,Industrials,36846831
Wanguo Gold Group Ltd,China,Basic Materials,10026362
Wanhua Chemical Group Co Ltd,China,Basic Materials,212789164
Want Want China Holdings Ltd,China,Consumer Staples,36639744
Warabeya Nichiyo Holdings Co Ltd,Japan,Consumer Staples,717958
Warba Bank KSCP,Kuwait,Financials,3245850
Warehouses De Pauw CVA,Belgium,Real Estate,282658581
Warner Bros Discovery Inc,United States,Consumer Discretionary,820926104
Warner Music Group Corp,United States,Consumer Discretionary,24866989
Warom Technology Inc Co,China,Industrials,5959184
Wartsila OYJ Abp,Finland,Industrials,30937505
Wasion Holdings Ltd,China,Industrials,12740832
Waste Connections Inc,Canada,Utilities,651787974
Waste Management Inc,United States,Utilities,1026713659
Watches of Switzerland Group PLC,United Kingdom,Consumer Discretionary,37877514
WaterBridge Infrastructure LLC,United States,Energy,2265795
Waters Corp,United States,Health Care,68120390
Watsco Inc,United States,Industrials,152975749
Watts Water Technologies Inc,United States,Industrials,144418431
Wayfair Inc,United States,Consumer Discretionary,129393268
Waypoint REIT Ltd,Australia,Real Estate,13059523
Waystar Holding Corp,United States,Health Care,23634074
We Buy Cars Holdings Ltd,South Africa,Consumer Discretionary,29772166
WeRide Inc,China,Technology,11640000
Wealthfront Corp,United States,Financials,7149622
Weatherford International PLC,United States,Energy,75316269
Weathernews Inc,Japan,Industrials,1391251
Webster Financial Corp,United States,Financials,168713427
Webuild SpA,Italy,Industrials,23571323
Weibo Corp,China,Technology,5312393
Weifu High-Technology Group Co Ltd,China,Consumer Discretionary,2870454
Weilong Delicious Global Holdings Ltd,China,Consumer Staples,6899129
Weimob Inc,China,Technology,5272507
Weir Group PLC/The,United Kingdom,Industrials,165119191
Wellneo Sugar Co Ltd,Japan,Consumer Staples,182981
Wells Fargo & Co,United States,Financials,4537872394
Welltower Inc,United States,Real Estate,4023050286
Welspun Corp Ltd,India,Basic Materials,21640945
Welspun Living Ltd,India,Basic Materials,8230675
Wemade Co Ltd,South Korea,Consumer Discretionary,308272
Wendel SE,France,Financials,43194597
Wesfarmers Ltd,Australia,Consumer Discretionary,1205046898
West African Resources Ltd,Australia,Basic Materials,1173879
West Fraser Timber Co Ltd,Canada,Basic Materials,45732295
West Holdings Corp,Japan,Energy,17437944
West Japan Railway Co,Japan,Industrials,70010997
West Pharmaceutical Services Inc,United States,Health Care,303530910
Western Alliance Bancorp,United States,Financials,119924621
Western Digital Corp,United States,Technology,2448823738
Western Mining Co Ltd,China,Basic Materials,16909459
Westgold Resources Ltd,Australia,Basic Materials,45835720
Westinghouse Air Brake Technologies Corp,United States,Industrials,586842364
Westlake Corp,United States,Basic Materials,15629300
Westlife Foodworld Ltd,India,Consumer Discretionary,451187
Westpac Banking Corp,Australia,Financials,758001539
Weyerhaeuser Co,United States,Real Estate,211193294
Wharf Holdings Ltd/The,Hong Kong,Real Estate,31430240
Wharf Real Estate Investment Co Ltd,Hong Kong,Real Estate,73448207
Wheaton Precious Metals Corp,Canada,Basic Materials,662761849
Whirlpool Corp,United States,Consumer Discretionary,30861721
Whirlpool of India Ltd,India,Consumer Discretionary,5441856
Whitbread PLC,United Kingdom,Consumer Discretionary,108665691
White Mountains Insurance Group Ltd,United States,Financials,64246063
Wienerberger AG,Austria,Industrials,69031746
Wihlborgs Fastigheter AB,Sweden,Real Estate,42049163
Wilcon Depot Inc,Philippines,Consumer Discretionary,241633
WillScot Holdings Corp,United States,Industrials,65583051
Williams Cos Inc/The,United States,Energy,879575492
Williams-Sonoma Inc,United States,Consumer Discretionary,352263750
Willis Towers Watson PLC,United States,Financials,339844513
Win Semiconductors Corp,Taiwan,Technology,143093449
WinWay Technology Co Ltd,Taiwan,Technology,185111768
Winbond Electronics Corp,Taiwan,Technology,247719286
WingArc1st Inc,Japan,Technology,1618193
Wingstop Inc,United States,Consumer Discretionary,29587388
Wintrust Financial Corp,United States,Financials,137682877
Wipro Ltd,India,Technology,86679915
Wisdom Marine Lines Co Ltd,Taiwan,Industrials,7349543
Wise Group PLC,United Kingdom,Industrials,186360011
WiseTech Global Ltd,Australia,Technology,83573046
Wiselink Co Ltd/TW,Taiwan,Consumer Discretionary,3027844
Wistron Corp,Taiwan,Technology,137241382
Wittchen SA,Poland,Consumer Discretionary,1259254
Wiwynn Corp,Taiwan,Technology,298930983
Wix.com Ltd,United States,Technology,27058895
Wizz Air Holdings Plc,Hungary,Consumer Discretionary,19195620
Wockhardt Ltd,India,Health Care,14709283
Wolters Kluwer NV,Netherlands,Industrials,267876730
Wonik Holdings Co Ltd,South Korea,Technology,1123657
Wonik Materials Co Ltd,South Korea,Basic Materials,8978141
Woodward Inc,United States,Industrials,334088672
Woolworths Group Ltd,Australia,Consumer Staples,554303723
Woolworths Holdings Ltd/South Africa,South Africa,Consumer Discretionary,73329015
Woori Financial Group Inc,South Korea,Financials,55007701
Woori Technology Inc,South Korea,Industrials,476322
Workday Inc,United States,Technology,150506576
Workman Co Ltd,Japan,Consumer Discretionary,14976514
World Co Ltd,Japan,Consumer Discretionary,12641381
Worldex Industry & Trading Co Ltd,South Korea,Technology,12612930
Worley Ltd,Australia,Industrials,46674043
WuXi AppTec Co Ltd,China,Health Care,403933158
WuXi XDC Cayman Inc,China,Health Care,120060559
Wuhan DR Laser Technology Corp Ltd,China,Technology,15053534
Wuliangye Yibin Co Ltd,China,Consumer Staples,28211944
Wuxi Autowell Technology Co Ltd,China,Technology,3924333
Wuxi Biologics Cayman Inc,China,Health Care,323605335
Wuxi Lead Intelligent Equipment Co Ltd,China,Industrials,4615958
Wuxi NCE Power Co Ltd,China,Technology,8763111
Wyndham Hotels & Resorts Inc,United States,Consumer Discretionary,201636887
Wynn Macau Ltd,Hong Kong,Consumer Discretionary,48483042
Wynn Resorts Ltd,United States,Consumer Discretionary,96492217
X-Energy Inc,United States,Energy,7344000
X5 Retail Group NV,Russia,Consumer Staples,1026461
XD Inc,China,Consumer Discretionary,19478414
XLSMART Telecom Sejahtera Tbk PT,Indonesia,Telecommunications,19105554
XP Inc,United States,Financials,119427980
XPEC Entertainment Inc,Taiwan,Consumer Discretionary,11247
XPO Inc,United States,Industrials,365205367
XPeng Inc,China,Consumer Discretionary,112931612
XTB SA,Poland,Financials,107629359
XXF Group Holdings Ltd,China,Consumer Discretionary,606612
Xenon Pharmaceuticals Inc,United States,Health Care,32352477
Xero Ltd,Australia,Technology,17155463
Xi'an Sinofuse Electric Co Ltd,China,Industrials,10847109
Xi'an Triangle Defense Co Ltd,China,Industrials,2435180
Xiamen Faratronic Co Ltd,China,Technology,6122577
Xiaomi Corp,China,Telecommunications,698186577
XinTec Inc,Taiwan,Technology,11072022
Xinhua Winshare Publishing and Media Co Ltd,China,Consumer Discretionary,3452059
Xinyi Energy Holdings Ltd,China,Utilities,405
Xinyi Glass Holdings Ltd,Hong Kong,Industrials,30520360
Xinyi Solar Holdings Ltd,China,Energy,11874396
XtalPi Holdings Ltd,China,Health Care,23418480
Xtpl SA,Poland,Technology,1327427
Xuji Electric Co Ltd,China,Industrials,1301383
Xylem Inc/NY,United States,Industrials,283076305
YA-MAN Ltd,Japan,Consumer Staples,3938
YAMABIKO Corp,Japan,Industrials,4862753
YFY Inc,Taiwan,Basic Materials,6945882
YG Entertainment Inc,South Korea,Consumer Discretionary,172374
YTL Corp Bhd,Malaysia,Utilities,23497898
YTL Power International Bhd,Malaysia,Utilities,42953072
Yadea Group Holdings Ltd,China,Consumer Discretionary,15689658
Yageo Corp,Taiwan,Technology,1120071355
Yakult Honsha Co Ltd,Japan,Consumer Staples,54179725
Yamada Holdings Co Ltd,Japan,Consumer Discretionary,37022276
Yamae Group Holdings Co Ltd,Japan,Consumer Staples,6138
Yamaguchi Financial Group Inc,Japan,Financials,58864626
Yamaha Corp,Japan,Consumer Discretionary,35404868
Yamaha Motor Co Ltd,Japan,Consumer Discretionary,115626893
Yamaichi Electronics Co Ltd,Japan,Technology,5687691
Yamanashi Chuo Bank Ltd/The,Japan,Financials,43181098
Yamato Holdings Co Ltd,Japan,Industrials,51160940
Yamato Kogyo Co Ltd,Japan,Basic Materials,42411834
Yamazaki Baking Co Ltd,Japan,Consumer Staples,45268356
Yamazen Corp,Japan,Industrials,2686083
YanTai Shuangta Food Co Ltd,China,Consumer Staples,528020
Yang Ming Marine Transport Corp,Taiwan,Industrials,36710836
Yangtze Optical Fibre & Cable Joint Stock Ltd Co,China,Telecommunications,136166870
Yangzijiang Maritime Development Ltd,Singapore,Financials,15788436
Yangzijiang Shipbuilding Holdings Ltd,China,Industrials,93731718
Yanlord Land Group Ltd,China,Real Estate,2266226
Yantai Changyu Pioneer Wine Co Ltd,China,Consumer Staples,2484146
Yantai Jereh Oilfield Services Group Co Ltd,China,Energy,44896557
Yapi ve Kredi Bankasi AS,Türkiye,Financials,66538422
Yaskawa Electric Corp,Japan,Industrials,190636489
Yeahka Ltd,China,Industrials,124
Yellow Cake PLC,United Kingdom,Basic Materials,23260036
Yellow Hat Ltd,Japan,Consumer Discretionary,4095567
Yes Bank Ltd,India,Financials,40140241
Yieh Phui Enterprise Co Ltd,Taiwan,Basic Materials,3843840
Yifeng Pharmacy Chain Co Ltd,China,Consumer Staples,1001220
Yihai International Holding Ltd,China,Consumer Staples,8730108
Yodoko Ltd,Japan,Basic Materials,4638343
Yokogawa Bridge Holdings Corp,Japan,Industrials,3204775
Yokogawa Electric Corp,Japan,Industrials,155199463
Yokohama Financial Group Inc,Japan,Financials,187333453
Yokohama Rubber Co Ltd/The,Japan,Consumer Discretionary,89950907
Yonex Co Ltd,Japan,Consumer Discretionary,12945297
YooSung T&S Co Ltd,South Korea,Industrials,157223
York Space Systems Inc,United States,Industrials,2462000
Yoshinoya Holdings Co Ltd,Japan,Consumer Discretionary,2786569
Youngone Corp,South Korea,Consumer Discretionary,59682842
Youngone Holdings Co Ltd,South Korea,Consumer Discretionary,41490227
Ypsomed Holding AG,Switzerland,Health Care,36383220
Yuanjie Semiconductor Technology Co Ltd,China,Technology,42099365
Yuanta Financial Holding Co Ltd,Taiwan,Financials,297681873
Yuasa Co Ltd,Japan,Industrials,2516025
Yue Yuen Industrial Holdings Ltd,Hong Kong,Consumer Discretionary,1763508
Yuexiu Property Co Ltd,China,Real Estate,5728673
Yuexiu Real Estate Investment Trust,China,Real Estate,36
Yuhan Corp,South Korea,Health Care,14632031
Yulon Motor Co Ltd,Taiwan,Consumer Discretionary,4949322
Yum China Holdings Inc,China,Consumer Discretionary,265747279
Yum! Brands Inc,United States,Consumer Discretionary,662807536
Yunnan Aluminium Co Ltd,China,Basic Materials,413732
Yunnan Energy Investment Co Ltd,China,Basic Materials,905524
Yunnan Energy New Material Group Co Ltd,China,Industrials,1134956
Yunnan Yuntianhua Co Ltd,China,Basic Materials,44234083
Yunsung F&C Co Ltd,South Korea,Industrials,728
Yurtec Corp,Japan,Industrials,4443691
Yutong Bus Co Ltd,China,Industrials,47687265
ZERIA Pharmaceutical Co Ltd,Japan,Health Care,2006779
ZF Commercial Vehicle Control Systems India Ltd,India,Consumer Discretionary,11158100
ZJLD Group Inc,China,Consumer Staples,746
ZOZO Inc,Japan,Consumer Discretionary,49252782
ZTO Express Cayman Inc,China,Industrials,129894464
Zabka Group SA,Poland,Consumer Staples,9997416
Zacros Corp,Japan,Industrials,3222244
Zai Lab Ltd,China,Health Care,54927057
Zalando SE,Germany,Consumer Discretionary,168377543
Zamet Industry SA,Poland,Industrials,322293
Zealand Pharma A/S,Denmark,Health Care,52688818
Zebra Technologies Corp,United States,Industrials,154137940
Zee Entertainment Enterprises Ltd,India,Consumer Discretionary,30290142
Zegona Communications plc,United Kingdom,Telecommunications,60520538
Zen Technologies Ltd,India,Industrials,5403921
Zenas Biopharma Inc,United States,Health Care,5541342
Zenkoku Hosho Co Ltd,Japan,Financials,42333433
Zensar Technologies Ltd,India,Technology,5212901
Zensho Holdings Co Ltd,Japan,Consumer Discretionary,75366079
Zeon Corp,Japan,Basic Materials,44918982
Zeta Global Holdings Corp,United States,Technology,54613023
Zhejiang Century Huatong Group Co Ltd,China,Consumer Discretionary,484124113
Zhejiang Cfmoto Power Co Ltd,China,Consumer Discretionary,3764797
Zhejiang Changsheng Sliding Bearings Co Ltd,China,Industrials,690718
Zhejiang Crystal-Optech Co Ltd,China,Technology,31361743
Zhejiang Dingli Machinery Co Ltd,China,Industrials,626105
Zhejiang Expressway Co Ltd,China,Industrials,9496039
Zhejiang Hailiang Co Ltd,China,Basic Materials,73099920
Zhejiang HangKe Technology Inc Co,China,Industrials,40660954
Zhejiang JIULI Hi-tech Metals Co Ltd,China,Basic Materials,7236320
Zhejiang Jingsheng Mechanical & Electrical Co Ltd,China,Technology,115176963
Zhejiang Jiuzhou Pharmaceutical Co Ltd,China,Health Care,6631117
Zhejiang Juhua Co Ltd,China,Basic Materials,40940455
Zhejiang Leapmotor Technology Co Ltd,China,Consumer Discretionary,123551666
Zhejiang NHU Co Ltd,China,Consumer Staples,5056759
Zhejiang Rongtai Electric Material Co Ltd,China,Industrials,1447498
Zhejiang Sanhua Intelligent Controls Co Ltd,China,Industrials,27168438
Zhejiang Shuanghuan Driveline Co Ltd,China,Consumer Discretionary,30793216
Zhejiang Taotao Vehicles Co Ltd,China,Consumer Discretionary,13309486
Zhejiang Wolwo Bio-Pharmaceutical Co Ltd,China,Health Care,1253948
Zhen Ding Technology Holding Ltd,Taiwan,Technology,183758322
ZhongAn Online P&C Insurance Co Ltd,China,Financials,38720985
Zhongji Innolight Co Ltd,China,Telecommunications,190103359
Zhongsheng Group Holdings Ltd,China,Consumer Discretionary,5896281
Zhongyu Energy Holdings Ltd,China,Utilities,1679239
Zhuzhou CRRC Times Electric Co Ltd,China,Industrials,87875509
Zijin Gold International Co Ltd,Hong Kong,Basic Materials,80436079
Zillow Group Inc,United States,Real Estate,62634693
Zimmer Biomet Holdings Inc,United States,Health Care,170478948
Zinus Inc,South Korea,Consumer Discretionary,3284677
Zions Bancorp NA,United States,Financials,119341126
Zip Co Ltd,Australia,Industrials,58468536
Zoetis Inc,United States,Health Care,282784047
Zojirushi Corp,Japan,Consumer Discretionary,1520329
Zoom Communications Inc,United States,Technology,677369684
Zoomlion Heavy Industry Science and Technology Co Ltd,China,Industrials,14647672
Zscaler Inc,United States,Technology,17889916
Zuken Inc,Japan,Technology,2123270
Zurich Insurance Group AG,Switzerland,Financials,1645228706
Zurn Elkay Water Solutions Corp,United States,Industrials,95486086
Zydus Lifesciences Ltd,India,Health Care,27574391
Zydus Wellness Ltd,India,Consumer Staples,5408224
Zyle Motors Corp,South Korea,Consumer Discretionary,101
a2 Milk Co Ltd/The,Australia,Consumer Staples,64483656
adidas AG,Germany,Consumer Discretionary,668830794
and ST HD Co Ltd,Japan,Consumer Discretionary,3039350
baudroie inc,Japan,Technology,15695168
dip Corp,Japan,Industrials,1673328
dormakaba Holding AG,Switzerland,Industrials,52875788
eBay Inc,United States,Consumer Discretionary,118357554
eClerx Services Ltd,India,Industrials,6407752
eGuarantee Inc,Japan,Financials,16129882
eMemory Technology Inc,Taiwan,Technology,233584983
eWeLL Co Ltd/JP,Japan,Technology,2841101
easyJet PLC,United Kingdom,Consumer Discretionary,52632461
elf Beauty Inc,United States,Consumer Discretionary,53031138
flatexDEGIRO SE,Germany,Financials,90368561
giftee Inc,Japan,Technology,6
i-SENS Inc,South Korea,Health Care,8836014
iA Financial Corp Inc,Canada,Financials,170915041
iFAST Corp Ltd,Singapore,Financials,19105213
iM Financial Group Co Ltd,South Korea,Financials,34448717
iQIYI Inc,China,Consumer Discretionary,6869498
iRay Group,China,Health Care,11261093
mBank SA,Poland,Financials,9697523
momo.com Inc,Taiwan,Consumer Discretionary,3846763
nCino Inc,United States,Technology,6633506
nVent Electric PLC,United States,Industrials,374522117
nib holdings Ltd/Australia,Australia,Financials,30484019
thyssenkrupp AG,Germany,Industrials,74666794
uniQure NV,United States,Health Care,50669915
voestalpine AG,Austria,Basic Materials,268626072
zooplus SE,Germany,Consumer Discretionary,23163532
