As_Of,Country,Name,Industry,Market Value(NOK),Market Value(USD),Voting,Ownership,Incorporation Country,Selection Reason,Yahoo_Ticker
2025-06-30,Canada,Agnico Eagle Mines Ltd,Basic Materials,10081903045,996265012,1.66%,1.66,,Both,AEM.TO
2025-06-30,Canada,Alamos Gold Inc,Basic Materials,1583015416,156429085,1.4%,1.4,,Both,AGI.TO
2025-06-30,Canada,Capstone Copper Corp,Basic Materials,1583055011,156432998,3.35%,3.35,,Both,CS.TO
2025-06-30,Canada,First Quantum Minerals Ltd,Basic Materials,2091721852,206698010,1.4%,1.4,,Both,FM.TO
2025-06-30,Canada,Franco-Nevada Corp,Basic Materials,4578729278,452457017,1.43%,1.43,,Both,FNV.TO
2025-06-30,Canada,Hudbay Minerals Inc,Basic Materials,607521361,60033535,1.43%,1.43,,Ownership,HBM.TO
2025-06-30,Canada,Kinross Gold Corp,Basic Materials,4820289484,476327310,2.49%,2.49,,Both,K.TO
2025-06-30,Canada,Nutrien Ltd,Basic Materials,3933778867,388724850,1.37%,1.37,,Market Value,NTR.TO
2025-06-30,Canada,Pan American Silver Corp,Basic Materials,1976837845,195345499,1.9%,1.9,,Both,PAAS.TO
2025-06-30,Canada,Teck Resources Ltd,Basic Materials,4374615456,432287069,0.86%,2.17,,Both,TECK-B.TO
2025-06-30,Canada,Wheaton Precious Metals Corp,Basic Materials,6536471560,645915547,1.59%,1.59,,Both,WPM.TO
2025-06-30,Canada,Air Canada,Consumer Discretionary,327001256,32313335,0.71%,0.71,,Both,AC.TO
2025-06-30,Canada,Alimentation Couche-Tard Inc,Consumer Discretionary,4975254183,491640482,1.05%,1.05,,Both,ATD.TO
2025-06-30,Canada,Boyd Group Services Inc,Consumer Discretionary,454000470,44863036,1.33%,1.33,,Both,
2025-06-30,Canada,Canadian Tire Corp Ltd,Consumer Discretionary,912201043,90141115,0%,1.21,,Both,CTC-A.TO
2025-06-30,Canada,D2L Inc,Consumer Discretionary,8081223,798563,0.03%,0.14,,Ownership,DTOL.TO
2025-06-30,Canada,Dollarama Inc,Consumer Discretionary,5201884125,514035409,1.32%,1.32,,Both,DOL.TO
2025-06-30,Canada,Gildan Activewear Inc,Consumer Discretionary,1023509291,101140280,1.37%,1.37,,Both,GIL.TO
2025-06-30,Canada,Linamar Corp,Consumer Discretionary,28326088,2799104,0.1%,0.1,,Market Value,LNR.TO
2025-06-30,Canada,Magna International Inc,Consumer Discretionary,1471593323,145418671,1.34%,1.34,,Both,MG.TO
2025-06-30,Canada,RB Global Inc,Consumer Discretionary,2584894260,255431906,1.3%,1.3,,Both,RBA.TO
2025-06-30,Canada,Restaurant Brands International Inc,Consumer Discretionary,2535380049,250539052,0.83%,0.83,,Both,QSR.TO
2025-06-30,Canada,George Weston Ltd,Consumer Staples,1441975939,142491965,0.55%,0.55,,Both,WN.TO
2025-06-30,Canada,Loblaw Cos Ltd,Consumer Staples,3654553771,361132620,0.73%,0.73,,Both,L.TO
2025-06-30,Canada,Maple Leaf Foods Inc,Consumer Staples,18940123,1871609,0.07%,0.07,,Both,MFI.TO
2025-06-30,Canada,Metro Inc/CN,Consumer Staples,1889718530,186736616,1.09%,1.09,,Both,MRU.TO
2025-06-30,Canada,Molson Coors Canada Inc,Consumer Staples,13852827,1368897,0.28%,0.28,,Both,TPX-B.TO
2025-06-30,Canada,Saputo Inc,Consumer Staples,657877120,65009548,0.77%,0.77,,Both,SAP.TO
2025-06-30,Canada,Cameco Corp,Energy,3382029911,334202586,1.04%,1.04,,Both,CCO.TO
2025-06-30,Canada,Enbridge Inc,Energy,11026981517,1089654982,1.1%,1.1,,Both,ENB.TO
2025-06-30,Canada,Keyera Corp,Energy,1049817768,103740009,1.39%,1.13,,Both,KEY.TO
2025-06-30,Canada,Parkland Corp,Energy,1192416945,117831254,2.39%,2.39,,Both,
2025-06-30,Canada,Pembina Pipeline Corp,Energy,2271187511,224432297,1.03%,1.03,,Both,PPL.TO
2025-06-30,Canada,South Bow Corp,Energy,264497601,26136901,0.48%,0.48,,Both,SOBO.TO
2025-06-30,Canada,TC Energy Corp,Energy,4877464410,481977174,0.95%,0.95,,Both,TRP.TO
2025-06-30,Canada,Bank of Montreal,Financials,11781851483,1164249087,1.46%,1.46,,Both,BMO.TO
2025-06-30,Canada,Bank of Nova Scotia/The,Financials,8319906456,822149516,1.2%,1.2,,Both,BNS.TO
2025-06-30,Canada,Brookfield Corp,Financials,10319508566,1019744515,1%,1.0,,Market Value,BN.TO
2025-06-30,Canada,Canadian Imperial Bank of Commerce,Financials,7230611834,714508517,1.07%,1.07,,Market Value,CM.TO
2025-06-30,Canada,Fairfax Financial Holdings Ltd,Financials,4376277207,432451279,0.63%,0.99,,Market Value,FFH.TO
2025-06-30,Canada,iA Financial Corp Inc,Financials,1349501265,133353881,1.31%,1.31,,Ownership,IAG.TO
2025-06-30,Canada,Intact Financial Corp,Financials,6777560113,669739233,1.62%,1.62,,Both,IFC.TO
2025-06-30,Canada,Manulife Financial Corp,Financials,6264489818,619039084,1.14%,1.14,,Both,MFC.TO
2025-06-30,Canada,National Bank of Canada,Financials,5343982300,528077147,1.31%,1.31,,Both,NA.TO
2025-06-30,Canada,Onex Corp,Financials,641643491,63405387,1.12%,1.12,,Ownership,ONEX.TO
2025-06-30,Canada,Royal Bank of Canada,Financials,25841442382,2553577911,1.38%,1.38,,Both,RY.TO
2025-06-30,Canada,Sprott Inc,Financials,406414978,40160773,1.55%,1.55,,Ownership,SII.TO
2025-06-30,Canada,Toronto-Dominion Bank/The,Financials,15304614561,1512358525,1.2%,1.2,,Both,TD.TO
2025-06-30,Canada,AbCellera Biologics Inc,Health Care,21900218,2164117,0.21%,0.21,,Both,ABCL.TO
2025-06-30,Canada,AtkinsRealis Group Inc,Industrials,1570817621,155223734,1.28%,1.28,,Both,ATRL.TO
2025-06-30,Canada,Bombardier Inc,Industrials,939902248,92878470,0.51%,1.07,,Both,BBD-B.TO
2025-06-30,Canada,CAE Inc,Industrials,1193370333,117925465,1.26%,1.26,,Both,CAE.TO
2025-06-30,Canada,Canadian National Railway Co,Industrials,5856314041,578704314,0.89%,0.89,,Market Value,CNR.TO
2025-06-30,Canada,Canadian Pacific Kansas City Ltd,Industrials,10069624684,995051700,1.36%,1.36,,Both,CP.TO
2025-06-30,Canada,Element Fleet Management Corp,Industrials,1259460959,124456353,1.24%,1.24,,Both,EFN.TO
2025-06-30,Canada,Finning International Inc,Industrials,736173168,72746541,1.28%,1.28,,Ownership,FTT.TO
2025-06-30,Canada,Stantec Inc,Industrials,1593985578,157513126,1.27%,1.27,,Both,STN.TO
2025-06-30,Canada,TFI International Inc,Industrials,894243227,88366575,1.18%,1.18,,Both,TFII.TO
2025-06-30,Canada,Toromont Industries Ltd,Industrials,919239255,90836611,1.25%,1.25,,Both,TIH.TO
2025-06-30,Canada,WSP Global Inc,Industrials,3407049497,336674951,1.27%,1.27,,Both,WSP.TO
2025-06-30,Canada,Boardwalk Real Estate Investment Trust,Real Estate,20567827,2032454,0.07%,0.07,,Market Value,BEI-UN.TO
2025-06-30,Canada,Canadian Apartment Properties REIT,Real Estate,684687477,67658871,1.27%,1.27,,Both,CAR-UN.TO
2025-06-30,Canada,Chartwell Retirement Residences,Real Estate,40624846,4014432,0.11%,0.11,,Both,CSH-UN.TO
2025-06-30,Canada,Choice Properties Real Estate Investment Trust,Real Estate,343169694,33911054,0.43%,0.43,,Both,CHP-UN.TO
2025-06-30,Canada,Colliers International Group Inc,Real Estate,755432171,74649661,0.75%,1.13,,Both,CIGI.TO
2025-06-30,Canada,Dream Industrial Real Estate Investment Trust,Real Estate,22995202,2272321,0.09%,0.09,,Both,DIR-UN.TO
2025-06-30,Canada,First Capital Real Estate Investment Trust,Real Estate,29525044,2917581,0.1%,0.1,,Both,FCR-UN.TO
2025-06-30,Canada,FirstService Corp,Real Estate,947810634,93659954,0.75%,1.15,,Both,FSV.TO
2025-06-30,Canada,Granite Real Estate Investment Trust,Real Estate,409749700,40490301,1.27%,1.27,,Both,GRT-UN.TO
2025-06-30,Canada,H&R Real Estate Investment Trust,Real Estate,18997639,1877293,0.09%,0.09,,Ownership,HR-UN.TO
2025-06-30,Canada,RioCan Real Estate Investment Trust,Real Estate,525976810,51975534,1.33%,1.33,,Both,REI-UN.TO
2025-06-30,Canada,Celestica Inc,Technology,2440132288,241126939,1.34%,1.34,,Both,CLS.TO
2025-06-30,Canada,CGI Inc,Technology,2794753004,276169551,0.6%,1.18,,Both,GIB-A.TO
2025-06-30,Canada,Constellation Software Inc/Canada,Technology,11390342947,1125561326,1.45%,1.45,,Both,CSU.TO
2025-06-30,Canada,Descartes Systems Group Inc/The,Technology,1187700347,117365174,1.35%,1.35,,Both,DSG.TO
2025-06-30,Canada,Enghouse Systems Ltd,Technology,7483509,739499,0.08%,0.08,,Both,
2025-06-30,Canada,Kinaxis Inc,Technology,536935687,53058459,1.26%,1.26,,Both,KXS.TO
2025-06-30,Canada,Lightspeed Commerce Inc,Technology,7501483,741275,0.05%,0.05,,Both,LSPD.TO
2025-06-30,Canada,Open Text Corp,Technology,997999242,98619449,1.32%,1.32,,Both,OTEX.TO
2025-06-30,Canada,Shopify Inc,Technology,18919458124,1869567094,0.81%,1.25,,Both,SHOP.TO
2025-06-30,Canada,Thomson Reuters Corp,Technology,2717936274,268578740,0.3%,0.3,,Both,TRI.TO
2025-06-30,Canada,BCE Inc,Telecommunications,504470485,49850340,0.24%,0.24,,Both,BCE.TO
2025-06-30,Canada,Cogeco Communications Inc,Telecommunications,7990990,789647,0.01%,0.04,,Both,CCA.TO
2025-06-30,Canada,Quebecor Inc,Telecommunications,211555878,20905351,0.08%,0.3,,Both,QBR-B.TO
2025-06-30,Canada,TELUS Corp,Telecommunications,770873309,76175510,0.31%,0.31,,Both,T.TO
2025-06-30,Canada,Algonquin Power & Utilities Corp,Utilities,518465077,51233246,1.17%,1.17,,Both,AQN.TO
2025-06-30,Canada,AltaGas Ltd,Utilities,1121133443,110787221,1.28%,1.28,,Both,ALA.TO
2025-06-30,Canada,Atco Ltd/Canada,Utilities,323679348,31985073,0%,0.76,,Both,ACO-X.TO
2025-06-30,Canada,Brookfield Infrastructure Corp,Utilities,651027091,64332647,1.3%,1.3,,Both,BIPC.TO
2025-06-30,Canada,Brookfield Renewable Corp,Utilities,588982677,58201595,1.23%,0.52,,Both,BEPC.TO
2025-06-30,Canada,Fortis Inc/Canada,Utilities,2891083287,285688636,1.2%,1.2,,Both,FTS.TO
2025-06-30,Canada,GFL Environmental Inc,Utilities,1738351834,171778989,0.72%,0.93,,Both,GFL.TO
2025-06-30,Canada,Hydro One Ltd,Utilities,1475317671,145786700,0.68%,0.68,,Both,H.TO
2025-06-30,Canada,Northland Power Inc,Utilities,503122587,49717144,1.21%,1.21,,Both,NPI.TO
2025-06-30,Canada,Waste Connections Inc,Utilities,7542428625,745321366,1.55%,1.55,,Both,WCN.TO
2025-06-30,Germany,AlzChem Group AG,Basic Materials,156636624,15478386,0.93%,0.93,,Both,ACT.F
2025-06-30,Germany,BASF SE,Basic Materials,6870864119,678959269,1.55%,1.55,,Both,BAS.DE
2025-06-30,Germany,Brenntag SE,Basic Materials,1893601003,187120271,1.96%,1.96,,Both,BNR.DE
2025-06-30,Germany,Covestro AG,Basic Materials,3948971223,390226116,0.44%,0.44,,Both,1COV.DE
2025-06-30,Germany,Evonik Industries AG,Basic Materials,1029051866,101687981,1.06%,1.06,,Both,EVK.DE
2025-06-30,Germany,FUCHS SE,Basic Materials,1463331352,144602246,3.52%,2.45,,Both,FPE3.DE
2025-06-30,Germany,K+S AG,Basic Materials,379885204,37539176,1.15%,1.15,,Both,SDF.DE
2025-06-30,Germany,LANXESS AG,Basic Materials,829211577,81940332,3.2%,3.2,,Both,LXS.DE
2025-06-30,Germany,Symrise AG,Basic Materials,6904958590,682328388,4.67%,4.67,,Both,SY1.DE
2025-06-30,Germany,Wacker Chemie AG,Basic Materials,344107617,34003737,0.9%,0.9,,Both,WCH.DE
2025-06-30,Germany,adidas AG,Consumer Discretionary,21487004562,2123284738,5.08%,5.08,,Both,ADS.DE
2025-06-30,Germany,Bayerische Motoren Werke AG,Consumer Discretionary,3163572983,312615293,0.52%,0.56,,Market Value,BMW.DE
2025-06-30,Germany,Continental AG,Consumer Discretionary,2721045545,268885989,1.55%,1.55,,Both,CON.DE
2025-06-30,Germany,CTS Eventim AG & Co KGaA,Consumer Discretionary,1961688207,193848455,1.63%,1.63,,Both,
2025-06-30,Germany,Douglas AG,Consumer Discretionary,218549984,21596488,1.62%,1.62,,Ownership,DOU.DE
2025-06-30,Germany,Dr Ing hc F Porsche AG,Consumer Discretionary,3067038819,303076061,0%,0.68,,Market Value,P911.DE
2025-06-30,Germany,Henkel AG & Co KGaA,Consumer Discretionary,3459699399,341877664,1.46%,1.06,,Market Value,HEN3.DE
2025-06-30,Germany,HUGO BOSS AG,Consumer Discretionary,802753843,79325854,2.44%,2.44,,Ownership,BOSS.DE
2025-06-30,Germany,JOST Werke SE,Consumer Discretionary,181802306,17965187,1.91%,1.91,,Ownership,JST.F
2025-06-30,Germany,Mercedes-Benz Group AG,Consumer Discretionary,4729714183,467376917,0.83%,0.83,,Market Value,MBG.DE
2025-06-30,Germany,Puma SE,Consumer Discretionary,1293180154,127788388,3.14%,3.14,,Both,PUM.DE
2025-06-30,Germany,Sixt SE,Consumer Discretionary,670464650,66253412,0.95%,1.78,,Ownership,SIX2.DE
2025-06-30,Germany,TUI AG,Consumer Discretionary,899633263,88899203,2.01%,2.01,,Ownership,TUI1.DE
2025-06-30,Germany,Volkswagen AG,Consumer Discretionary,1756787598,173600759,0.11%,0.33,,Market Value,VOW3.DE
2025-06-30,Germany,Zalando SE,Consumer Discretionary,2692859861,266100760,3.07%,3.07,,Both,ZAL.DE
2025-06-30,Germany,Beiersdorf AG,Consumer Staples,2794330622,276127812,0.9%,0.9,,Both,BEI.DE
2025-06-30,Germany,HelloFresh SE,Consumer Staples,410552946,40569676,2.51%,2.51,,Both,HFG.DE
2025-06-30,Germany,KWS Saat SE & Co KGaA,Consumer Staples,172100446,17006477,0.71%,0.71,,Both,KWS.DE
2025-06-30,Germany,METRO AG,Consumer Staples,50842162,5024078,0.22%,0.22,,Both,B4B.DE
2025-06-30,Germany,Redcare Pharmacy NV,Consumer Staples,537944529,53158150,2.35%,2.35,,Both,RDC.DE
2025-06-30,Germany,Suedzucker AG,Consumer Staples,156556107,15470430,0.58%,0.58,,Both,SZU.DE
2025-06-30,Germany,2G Energy AG,Energy,56064175,5540102,0.85%,0.85,,Both,2GB.DE
2025-06-30,Germany,Nordex SE,Energy,76399217,7549554,0.16%,0.16,,Both,NDX1.DE
2025-06-30,Germany,Siemens Energy AG,Energy,22872718744,2260217076,2.46%,2.46,,Both,ENR.DE
2025-06-30,Germany,Thyssenkrupp Nucera AG & Co KGaa,Energy,105727826,10447723,0.71%,0.71,,Both,NCH2.F
2025-06-30,Germany,Allianz SE,Financials,25385125414,2508485964,1.61%,1.61,,Both,ALV.DE
2025-06-30,Germany,Commerzbank AG,Financials,6339739269,626475021,1.68%,1.68,,Both,CBK.DE
2025-06-30,Germany,Deutsche Bank AG,Financials,7139870321,705541698,1.23%,1.23,,Both,DBK.DE
2025-06-30,Germany,Deutsche Boerse AG,Financials,14598041909,1442537023,2.36%,2.36,,Both,DB1.DE
2025-06-30,Germany,DWS Group GmbH & Co KGaA,Financials,374894241,37045984,0.31%,0.31,,Market Value,DWS.DE
2025-06-30,Germany,flatexDEGIRO AG,Financials,582677242,57578509,1.86%,1.86,,Both,FTK.DE
2025-06-30,Germany,Hannover Rueck SE,Financials,3068092361,303180169,0.8%,0.8,,Both,HNR1.DE
2025-06-30,Germany,Hypoport SE,Financials,335938399,33196478,2.04%,2.04,,Both,HYQ.DE
2025-06-30,Germany,Muenchener Rueckversicherungs-Gesellschaft AG in Muenchen,Financials,8755701630,865213557,1.02%,1.02,,Both,MUV2.DE
2025-06-30,Germany,Rocket Internet SE,Financials,121092004,11965968,0.43%,0.43,,Ownership,RKET.DE
2025-06-30,Germany,Talanx AG,Financials,1755981416,173521094,0.52%,0.52,,Both,TLX.DE
2025-06-30,Germany,Bayer AG,Health Care,3266256025,322762140,1.1%,1.1,,Both,BAYN.DE
2025-06-30,Germany,Carl Zeiss Meditec AG,Health Care,795466681,78605757,1.31%,1.31,,Both,AFX.DE
2025-06-30,Germany,Eckert & Ziegler SE,Health Care,198331953,19598600,1.16%,1.16,,Ownership,EUZ.DE
2025-06-30,Germany,Fresenius Medical Care AG,Health Care,1892787997,187039932,1.12%,1.12,,Both,FME.DE
2025-06-30,Germany,Fresenius SE & Co KGaA,Health Care,5461830382,539722559,1.91%,1.91,,Both,FRE.DE
2025-06-30,Germany,Gerresheimer AG,Health Care,429504962,42442460,2.19%,2.19,,Both,GXI.DE
2025-06-30,Germany,Medios AG,Health Care,54594860,5394909,1.44%,1.44,,Ownership,ILM1.F
2025-06-30,Germany,Merck KGaA,Health Care,3887690832,384170562,2.3%,0.68,,Market Value,MRK.DE
2025-06-30,Germany,QIAGEN NV,Health Care,1742360312,172175095,1.65%,1.65,,Both,QIA.DE
2025-06-30,Germany,Sartorius AG,Health Care,2549545665,251938858,0.37%,1.36,,Both,SRT3.DE
2025-06-30,Germany,Schott Pharma AG & Co KGaA,Health Care,221585093,21896409,0.44%,0.44,,Market Value,1SXP.DE
2025-06-30,Germany,Siemens Healthineers AG,Health Care,11180998125,1104874465,1.77%,1.77,,Both,SHL.DE
2025-06-30,Germany,Basler AG,Industrials,176907156,17481463,3.84%,3.84,,Ownership,BSL.DE
2025-06-30,Germany,Bertrandt AG,Industrials,72048032,7119582,2.94%,2.94,,Ownership,BDT.DE
2025-06-30,Germany,Bilfinger SE,Industrials,887209188,87671491,2.43%,2.43,,Ownership,GBF.DE
2025-06-30,Germany,Deutsche Post AG,Industrials,7373422343,728620645,1.32%,1.32,,Market Value,DHL.DE
2025-06-30,Germany,Deutz AG,Industrials,274635895,27138739,2.18%,2.18,,Ownership,
2025-06-30,Germany,GEA Group AG,Industrials,2195817428,216984439,1.91%,1.91,,Both,G1A.DE
2025-06-30,Germany,Heidelberg Materials AG,Industrials,4118511305,406979585,0.97%,0.97,,Market Value,HEIG.DE
2025-06-30,Germany,Hensoldt AG,Industrials,1531067120,151295702,1.15%,1.15,,Market Value,HAG.DE
2025-06-30,Germany,Knorr-Bremse AG,Industrials,4426466585,437410851,2.82%,2.82,,Both,KBX.DE
2025-06-30,Germany,MTU Aero Engines AG,Industrials,5164468625,510338115,2.14%,2.14,,Both,MTX.DE
2025-06-30,Germany,OSRAM Licht AG,Industrials,1284855931,126965812,2.19%,2.19,,Both,OSR.DE
2025-06-30,Germany,RENK Group AG,Industrials,1300206432,128482705,1.61%,1.61,,Market Value,R3NK.F
2025-06-30,Germany,Rheinmetall AG,Industrials,18457961400,1823963299,1.88%,1.88,,Both,RHM.DE
2025-06-30,Germany,Siemens AG,Industrials,38150918648,3769965379,1.84%,1.84,,Both,SIE.DE
2025-06-30,Germany,Argo Properties NV,Real Estate,97575763,9642160,1.28%,1.28,,Both,ARND.DE
2025-06-30,Germany,Aroundtown SA,Real Estate,840806005,83086060,1.48%,1.48,,Both,AT1.DE
2025-06-30,Germany,Deutsche EuroShop AG,Real Estate,67169699,6637519,0.36%,0.36,,Both,DEQ.DE
2025-06-30,Germany,Deutsche Wohnen SE,Real Estate,347657731,34354549,0.3%,0.3,,Both,DWNI.DE
2025-06-30,Germany,Grand City Properties SA,Real Estate,176405164,17431857,0.76%,0.76,,Both,GYC.DE
2025-06-30,Germany,LEG Immobilien SE,Real Estate,1740814571,172022350,2.57%,2.57,,Both,LEG.DE
2025-06-30,Germany,PATRIZIA SE,Real Estate,46680458,4612830,0.52%,0.52,,Both,PAT.DE
2025-06-30,Germany,TAG Immobilien AG,Real Estate,852624853,84253965,2.69%,2.69,,Both,TEG.DE
2025-06-30,Germany,TLG Immobilien AG,Real Estate,5452466,538797,0.03%,0.03,,Both,TLG.DE
2025-06-30,Germany,Vonovia SE,Real Estate,42854067556,4234717191,14.43%,14.43,,Both,VNA.DE
2025-06-30,Germany,AIXTRON SE,Technology,194358818,19205986,0.93%,0.93,,Market Value,AIXA.DE
2025-06-30,Germany,Atoss Software SE,Technology,462052406,45658706,1.73%,1.73,,Both,AOF.DE
2025-06-30,Germany,Bechtle AG,Technology,698065348,68980834,1.17%,1.17,,Both,BC8.DE
2025-06-30,Germany,Infineon Technologies AG,Technology,17087963772,1688584026,3.05%,3.05,,Both,IFX.DE
2025-06-30,Germany,IONOS Group SE,Technology,975742051,96420057,1.47%,1.47,,Both,IOS.DE
2025-06-30,Germany,Jenoptik AG,Technology,365541995,36121821,2.75%,2.75,,Both,JEN.DE
2025-06-30,Germany,LPKF Laser & Electronics SE,Technology,38453780,3799893,1.57%,1.57,,Ownership,LPK.DE
2025-06-30,Germany,Nemetschek SE,Technology,1132766960,111936812,0.67%,0.67,,Market Value,NEM.DE
2025-06-30,Germany,SAP SE,Technology,92354445569,9126203896,2.45%,2.45,,Both,SAP.DE
2025-06-30,Germany,Scout24 SE,Technology,2249449062,222284165,2.16%,2.16,,Both,G24.DE
2025-06-30,Germany,SUSS MicroTec SE,Technology,166313170,16434595,1.57%,1.57,,Ownership,SMHN.DE
2025-06-30,Germany,TeamViewer SE,Technology,623513005,61613784,3.23%,3.23,,Both,TMV.DE
2025-06-30,Germany,1&1 AG,Telecommunications,144048088,14234423,0.37%,0.37,,Both,1U1.DE
2025-06-30,Germany,Deutsche Telekom AG,Telecommunications,17137588600,1693487811,0.93%,0.93,,Both,DTE.DE
2025-06-30,Germany,Freenet AG,Telecommunications,794996924,78559337,2.04%,2.04,,Both,FNTN.DE
2025-06-30,Germany,United Internet AG,Telecommunications,426609635,42156352,0.79%,0.79,,Both,UTDI.DE
2025-06-30,Germany,Vantage Towers AG,Telecommunications,210672080,20818016,0.09%,0.09,,Both,VTWR.DE
2025-06-30,Germany,E.ON SE,Utilities,14056595506,1389032828,2.87%,2.87,,Both,EOAN.DE
2025-06-30,Germany,Energiekontor AG,Utilities,41316681,4082797,0.57%,0.57,,Both,EKT.F
2025-06-30,Germany,RWE AG,Utilities,1115529782,110233483,0.36%,0.36,,Both,RWE.DE
2025-06-30,India,Aarti Industries Ltd,Basic Materials,97148575,9599946,0.47%,0.47,,Both,AARTIIND.NS
2025-06-30,India,Aditya Birla Real Estate Ltd,Basic Materials,154398365,15257208,0.48%,0.48,,Both,ABREL.NS
2025-06-30,India,APL Apollo Tubes Ltd,Basic Materials,1071427442,105875416,1.88%,1.88,,Both,APLAPOLLO.NS
2025-06-30,India,Archean Chemical Industries Ltd,Basic Materials,38991459,3853025,0.42%,0.42,,Ownership,ACI.NS
2025-06-30,India,Arvind Ltd,Basic Materials,65088466,6431857,0.6%,0.6,,Both,ARVIND.NS
2025-06-30,India,Atul Ltd,Basic Materials,150281857,14850426,0.58%,0.58,,Both,ATUL.NS
2025-06-30,India,Balaji Amines Ltd,Basic Materials,23989852,2370609,0.34%,0.34,,Ownership,BALAMINES.NS
2025-06-30,India,BASF India Ltd,Basic Materials,70549303,6971482,0.27%,0.27,,Market Value,BASF.NS
2025-06-30,India,Bharat Forge Ltd,Basic Materials,494155313,48831024,0.67%,0.67,,Both,BHARATFORG.NS
2025-06-30,India,Carborundum Universal Ltd,Basic Materials,134405596,13281579,0.62%,0.62,,Both,CARBORUNIV.NS
2025-06-30,India,Century Plyboards India Ltd,Basic Materials,64959207,6419084,0.33%,0.33,,Both,CENTURYPLY.NS
2025-06-30,India,Chambal Fertilisers and Chemicals Ltd,Basic Materials,151394487,14960373,0.57%,0.57,,Both,CHAMBLFERT.NS
2025-06-30,India,Chemplast Sanmar Ltd,Basic Materials,40256889,3978071,0.49%,0.49,,Ownership,CHEMPLASTS.NS
2025-06-30,India,Clean Science & Technology Ltd,Basic Materials,48765942,4818912,0.27%,0.27,,Market Value,CLEAN.NS
2025-06-30,India,Coromandel International Ltd,Basic Materials,415809718,41089135,0.48%,0.48,,Both,COROMANDEL.NS
2025-06-30,India,Deepak Fertilisers & Petrochemicals Corp Ltd,Basic Materials,142275211,14059232,0.56%,0.56,,Both,DEEPAKFERT.NS
2025-06-30,India,Deepak Nitrite Ltd,Basic Materials,177037884,17494381,0.55%,0.55,,Both,DEEPAKNTR.NS
2025-06-30,India,Electrosteel Castings Ltd,Basic Materials,91392764,9031173,0.95%,0.95,,Both,ELECTCAST.NS
2025-06-30,India,GHCL Ltd,Basic Materials,56917767,5624452,0.82%,0.82,,Both,GHCL.NS
2025-06-30,India,Godawari Power and Ispat Ltd,Basic Materials,65809214,6503080,0.44%,0.44,,Both,GPIL.NS
2025-06-30,India,Gravita India Ltd,Basic Materials,74122515,7324576,0.45%,0.45,,Both,GRAVITA.NS
2025-06-30,India,Grindwell Norton Ltd,Basic Materials,105274676,10402944,0.47%,0.47,,Both,GRINDWELL.NS
2025-06-30,India,Gujarat Narmada Valley Fertilizers & Chemicals Ltd,Basic Materials,58718600,5802405,0.61%,0.61,,Both,GNFC.NS
2025-06-30,India,Gujarat State Fertilizers & Chemicals Ltd,Basic Materials,43537749,4302277,0.45%,0.45,,Ownership,GSFC.NS
2025-06-30,India,Himadri Speciality Chemical Ltd,Basic Materials,130296613,12875541,0.43%,0.43,,Both,HSCL.NS
2025-06-30,India,Jai Balaji Industries Ltd,Basic Materials,79454768,7851494,0.57%,0.57,,Both,JAIBALAJI.NS
2025-06-30,India,JK Paper Ltd,Basic Materials,38867049,3840731,0.52%,0.52,,Ownership,JKPAPER.NS
2025-06-30,India,JSW Steel Ltd,Basic Materials,1136680748,112323562,0.39%,0.39,,Both,JSWSTEEL.NS
2025-06-30,India,Jubilant Ingrevia Ltd,Basic Materials,80106585,7915905,0.56%,0.56,,Both,JUBLINDS.NS
2025-06-30,India,KPR Mill Ltd,Basic Materials,99617639,9843932,0.22%,0.22,,Market Value,KPRMILL.NS
2025-06-30,India,Linde India Ltd,Basic Materials,166671802,16470034,0.25%,0.25,,Market Value,LINDEINDIA.NS
2025-06-30,India,Lloyds Metals & Energy Ltd,Basic Materials,232688354,22993602,0.24%,0.24,,Market Value,LLOYDSMETAL.NS
2025-06-30,India,Maharashtra Seamless Ltd,Basic Materials,37157186,3671768,0.31%,0.31,,Ownership,MAHSEAMLES.BO
2025-06-30,India,National Aluminium Co Ltd,Basic Materials,230416254,22769080,0.55%,0.55,,Both,NATIONALUM.NS
2025-06-30,India,Navin Fluorine International Ltd,Basic Materials,901621659,89095690,3.2%,3.2,,Both,NAVINFLUOR.NS
2025-06-30,India,NOCIL Ltd,Basic Materials,14780010,1460519,0.38%,0.38,,Ownership,NOCIL.BO
2025-06-30,India,PI Industries Ltd,Basic Materials,446427599,44114707,0.61%,0.61,,Both,PIIND.NS
2025-06-30,India,Pidilite Industries Ltd,Basic Materials,1494517528,147683976,0.82%,0.82,,Both,PIDILITIND.NS
2025-06-30,India,PTC Industries Ltd,Basic Materials,112356149,11102715,0.41%,0.41,,Both,PTCIL.NS
2025-06-30,India,Rain Industries Ltd,Basic Materials,34464484,3405682,0.59%,0.59,,Ownership,RAIN.NS
2025-06-30,India,Ramkrishna Forgings Ltd,Basic Materials,118233754,11683524,0.82%,0.82,,Both,RKFORGE.NS
2025-06-30,India,Ratnamani Metals & Tubes Ltd,Basic Materials,95949175,9481425,0.4%,0.4,,Both,RATNAMANI.NS
2025-06-30,India,Raymond Ltd,Basic Materials,47638664,4707517,0.85%,0.85,,Ownership,RAYMOND.NS
2025-06-30,India,Raymond Realty Ltd,Basic Materials,218460558,21587652,0%,0.0,,Market Value,RAYMONDLSL.NS
2025-06-30,India,Sarda Energy & Minerals Ltd,Basic Materials,57636506,5695476,0.31%,0.31,,Both,SARDAEN.NS
2025-06-30,India,Shyam Metalics & Energy Ltd,Basic Materials,84391384,8339317,0.29%,0.29,,Both,SHYAMMETL.NS
2025-06-30,India,Solar Industries India Ltd,Basic Materials,551746207,54521992,0.29%,0.29,,Market Value,SOLARINDS.NS
2025-06-30,India,SRF Ltd,Basic Materials,2048062346,202383702,1.81%,1.81,,Both,SRF.NS
2025-06-30,India,Sumitomo Chemical India Ltd,Basic Materials,79587736,7864634,0.26%,0.26,,Market Value,SUMICHEM.NS
2025-06-30,India,Supreme Petrochem Ltd,Basic Materials,63057052,6231119,0.33%,0.33,,Both,SUPPETRO.NS
2025-06-30,India,Tata Chemicals Ltd,Basic Materials,131974707,13041366,0.47%,0.47,,Both,TATACHEM.NS
2025-06-30,India,Tata Steel Ltd,Basic Materials,2092215857,206746826,0.89%,0.89,,Both,TATASTEEL.NS
2025-06-30,India,Tube Investments of India Ltd,Basic Materials,437612923,43243666,0.62%,0.62,,Both,TIINDIA.NS
2025-06-30,India,UPL Ltd,Basic Materials,390545641,38592611,0.59%,0.7,,Both,UPL.NS
2025-06-30,India,Usha Martin Ltd,Basic Materials,82963705,8198238,0.63%,0.63,,Both,USHAMART.NS
2025-06-30,India,Vardhman Textiles Ltd,Basic Materials,63932740,6317652,0.37%,0.37,,Both,VTL.NS
2025-06-30,India,Vinati Organics Ltd,Basic Materials,57862747,5717832,0.24%,0.24,,Market Value,VINATIORGA.NS
2025-06-30,India,Welspun Corp Ltd,Basic Materials,130431417,12888862,0.45%,0.45,,Both,WELCORP.NS
2025-06-30,India,Welspun Living Ltd,Basic Materials,68227972,6742094,0.42%,0.42,,Both,WELSPUNLIV.NS
2025-06-30,India,Amber Enterprises India Ltd,Consumer Discretionary,208846130,20637581,0.77%,0.77,,Both,AMBER.NS
2025-06-30,India,Apollo Tyres Ltd,Consumer Discretionary,242124264,23926032,0.72%,0.72,,Both,APOLLOTYRE.NS
2025-06-30,India,Asahi India Glass Ltd,Consumer Discretionary,107263927,10599517,0.49%,0.49,,Both,ASAHIINDIA.BO
2025-06-30,India,Bajaj Auto Ltd,Consumer Discretionary,1794583276,177335620,0.65%,0.65,,Both,BAJAJ-AUTO.NS
2025-06-30,India,Bajaj Electricals Ltd,Consumer Discretionary,299939098,29639129,3.2%,3.2,,Both,BAJAJELEC.NS
2025-06-30,India,Balkrishna Industries Ltd,Consumer Discretionary,967892517,95644388,1.74%,1.74,,Both,BALKRISIND.NS
2025-06-30,India,Bata India Ltd,Consumer Discretionary,222716662,22008228,1.2%,1.2,,Both,BATAINDIA.NS
2025-06-30,India,Bosch Ltd,Consumer Discretionary,373126653,36871316,0.33%,0.33,,Market Value,BOSCHLTD.NS
2025-06-30,India,Ceat Ltd,Consumer Discretionary,109878889,10857920,0.62%,0.62,,Both,CEATLTD.NS
2025-06-30,India,Craftsman Automation Ltd,Consumer Discretionary,90272424,8920464,0.58%,0.58,,Ownership,CRAFTSMAN.NS
2025-06-30,India,Crompton Greaves Consumer Electricals Ltd,Consumer Discretionary,1114087490,110090960,4.13%,4.13,,Both,CROMPTON.NS
2025-06-30,India,Dixon Technologies India Ltd,Consumer Discretionary,709741359,70134624,0.66%,0.66,,Both,DIXON.NS
2025-06-30,India,Eicher Motors Ltd,Consumer Discretionary,1492767491,147511042,0.82%,0.82,,Both,EICHERMOT.NS
2025-06-30,India,EIH Ltd,Consumer Discretionary,152270584,15046946,0.56%,0.56,,Both,EIHOTEL.NS
2025-06-30,India,Electronics Mart India Ltd,Consumer Discretionary,171552277,16952309,2.58%,2.58,,Both,EMIL.NS
2025-06-30,India,Endurance Technologies Ltd,Consumer Discretionary,92844847,9174664,0.2%,0.2,,Market Value,ENDURANCE.NS
2025-06-30,India,FSN E-Commerce Ventures Ltd,Consumer Discretionary,575506073,56869875,0.82%,0.82,,Both,NYKAA.NS
2025-06-30,India,Hero MotoCorp Ltd,Consumer Discretionary,2646203161,261490278,2.65%,2.65,,Both,HEROMOTOCO.NS
2025-06-30,India,Honasa Consumer Ltd,Consumer Discretionary,71730847,7088238,0.6%,0.6,,Ownership,
2025-06-30,India,Hyundai Motor India Ltd,Consumer Discretionary,328695322,32480738,0.15%,0.15,,Market Value,HYUNDAI.NS
2025-06-30,India,Indian Hotels Co Ltd/The,Consumer Discretionary,951223647,93997218,0.74%,0.74,,Both,INDHOTEL.NS
2025-06-30,India,Indian Railway Catering & Tourism Corp Ltd,Consumer Discretionary,290250991,28681778,0.39%,0.39,,Market Value,IRCTC.NS
2025-06-30,India,InterGlobe Aviation Ltd,Consumer Discretionary,2738365107,270597459,1%,1.0,,Both,INDIGO.NS
2025-06-30,India,ITC Hotels Ltd,Consumer Discretionary,317390660,31363643,0.58%,0.58,,Both,ITCHOTELS.NS
2025-06-30,India,Jubilant Foodworks Ltd,Consumer Discretionary,847051431,83703216,1.55%,1.55,,Both,JUBLFOOD.NS
2025-06-30,India,Juniper Hotels Ltd,Consumer Discretionary,161361253,15945261,2.13%,2.13,,Both,
2025-06-30,India,Kalyan Jewellers India Ltd,Consumer Discretionary,336959869,33297417,0.5%,0.5,,Both,KALYANKJIL.NS
2025-06-30,India,Lemon Tree Hotels Ltd,Consumer Discretionary,95407302,9427878,0.73%,0.73,,Both,LEMONTREE.NS
2025-06-30,India,Mahindra & Mahindra Ltd,Consumer Discretionary,5710167164,564262494,1.22%,1.22,,Both,M&M.NS
2025-06-30,India,Mahindra Holidays & Resorts India Ltd,Consumer Discretionary,209174583,20670038,2.6%,2.6,,Both,MHRIL.NS
2025-06-30,India,Maruti Suzuki India Ltd,Consumer Discretionary,2568727230,253834326,0.56%,0.56,,Both,MARUTI.NS
2025-06-30,India,Motherson Sumi Wiring India Ltd,Consumer Discretionary,161127779,15922189,0.52%,0.52,,Both,MSUMI.NS
2025-06-30,India,MRF Ltd,Consumer Discretionary,411126801,40626382,0.58%,0.58,,Both,MRF.NS
2025-06-30,India,Nazara Technologies Ltd,Consumer Discretionary,87831600,8679269,0.65%,0.65,,Ownership,NAZARA.NS
2025-06-30,India,Network18 Media & Investments Ltd,Consumer Discretionary,384363269,37981686,3.59%,3.59,,Both,NETWORK18.NS
2025-06-30,India,Ola Electric Mobility Ltd,Consumer Discretionary,155186269,15335066,0.69%,0.69,,Both,OLAELEC.NS
2025-06-30,India,Orient Electric Ltd,Consumer Discretionary,39050703,3858880,0.69%,0.69,,Ownership,
2025-06-30,India,PVR Inox Ltd,Consumer Discretionary,101967099,10076099,0.91%,0.91,,Both,PVRINOX.NS
2025-06-30,India,Safari Industries India Ltd,Consumer Discretionary,57986626,5730074,0.47%,0.47,,Ownership,SAFARI.NS
2025-06-30,India,Samvardhana Motherson International Ltd,Consumer Discretionary,741300058,73253165,0.58%,0.58,,Both,MOTHERSON.NS
2025-06-30,India,Sansera Engineering Ltd,Consumer Discretionary,60654600,5993715,0.6%,0.6,,Ownership,SANSERA.NS
2025-06-30,India,Schaeffler India Ltd,Consumer Discretionary,216741667,21417796,0.29%,0.29,,Market Value,SCHAEFFLER.NS
2025-06-30,India,Schloss Bangalore Ltd,Consumer Discretionary,71437560,7059257,0.45%,0.45,,Ownership,
2025-06-30,India,Sona Blw Precision Forgings Ltd,Consumer Discretionary,279779186,27646984,0.79%,0.79,,Both,SONACOMS.NS
2025-06-30,India,Sundram Fasteners Ltd,Consumer Discretionary,145734835,14401102,0.57%,0.57,,Both,SUNDRMFAST.NS
2025-06-30,India,Swiggy Ltd,Consumer Discretionary,1577828139,155916493,1.34%,1.34,,Both,SWIGGY.NS
2025-06-30,India,Tata Motors Ltd,Consumer Discretionary,2208902173,218277436,0.74%,0.74,,Both,
2025-06-30,India,Tbo Tek Ltd,Consumer Discretionary,323765529,31993590,1.81%,1.81,,Both,TBO.NS
2025-06-30,India,Titan Co Ltd,Consumer Discretionary,1842216105,182042561,0.48%,0.48,,Both,TITAN.NS
2025-06-30,India,Trent Ltd,Consumer Discretionary,1544687714,152641651,0.59%,0.59,,Both,TRENT.NS
2025-06-30,India,TVS Motor Co Ltd,Consumer Discretionary,868188490,85791920,0.53%,0.53,,Both,TVSMOTOR.NS
2025-06-30,India,UNO Minda Ltd,Consumer Discretionary,242161529,23929714,0.32%,0.32,,Market Value,UNOMINDA.NS
2025-06-30,India,Varroc Engineering Ltd,Consumer Discretionary,233770079,23100495,2.28%,2.28,,Both,VARROC.NS
2025-06-30,India,Vedant Fashions Ltd,Consumer Discretionary,890412896,87988072,3.83%,3.83,,Both,MANYAVAR.NS
2025-06-30,India,Vishal Mega Mart Ltd,Consumer Discretionary,335673207,33170273,0.46%,0.46,,Both,VISHAL.NS
2025-06-30,India,Zee Entertainment Enterprises Ltd,Consumer Discretionary,639782315,63221470,3.86%,3.86,,Both,ZEEL.NS
2025-06-30,India,ZF Commercial Vehicle Control Systems India Ltd,Consumer Discretionary,120055443,11863538,0.4%,0.4,,Market Value,ZFCVINDIA.NS
2025-06-30,India,Avanti Feeds Ltd,Consumer Staples,68688739,6787626,0.58%,0.58,,Both,AVANTIFEED.NS
2025-06-30,India,Avenue Supermarts Ltd,Consumer Staples,842696131,83272837,0.25%,0.25,,Both,DMART.NS
2025-06-30,India,Bajaj Consumer Care Ltd,Consumer Staples,11605426,1146815,0.34%,0.34,,Both,BAJAJCON.NS
2025-06-30,India,Balrampur Chini Mills Ltd,Consumer Staples,82180777,8120871,0.58%,0.58,,Both,BALRAMCHIN.NS
2025-06-30,India,Bikaji Foods International Ltd,Consumer Staples,67382098,6658507,0.31%,0.31,,Both,BIKAJI.NS
2025-06-30,India,Britannia Industries Ltd,Consumer Staples,756649202,74769924,0.45%,0.45,,Both,BRITANNIA.NS
2025-06-30,India,CCL Products India Ltd,Consumer Staples,132438643,13087210,0.99%,0.99,,Both,CCLPROD.NS
2025-06-30,India,Colgate-Palmolive India Ltd,Consumer Staples,307014784,30338329,0.4%,0.4,,Both,COLPAL.NS
2025-06-30,India,Dabur India Ltd,Consumer Staples,239803941,23696744,0.24%,0.24,,Both,DABUR.NS
2025-06-30,India,Doms Industries Ltd,Consumer Staples,56148671,5548452,0.31%,0.31,,Both,DOMS.NS
2025-06-30,India,EID Parry India Ltd,Consumer Staples,170146364,16813380,0.73%,0.73,,Both,EIDPARRY.NS
2025-06-30,India,Emami Ltd,Consumer Staples,199475021,19711555,0.67%,0.67,,Both,EMAMILTD.NS
2025-06-30,India,Gillette India Ltd,Consumer Staples,80998395,8004031,0.19%,0.19,,Both,GILLETTE.NS
2025-06-30,India,Godrej Agrovet Ltd,Consumer Staples,45224227,4468930,0.25%,0.25,,Both,GODREJAGRO.NS
2025-06-30,India,Godrej Consumer Products Ltd,Consumer Staples,1226306464,121180120,0.86%,0.86,,Both,GODREJCP.NS
2025-06-30,India,Hindustan Unilever Ltd,Consumer Staples,2370409466,234237128,0.37%,0.37,,Both,HINDUNILVR.NS
2025-06-30,India,Jyothy Labs Ltd,Consumer Staples,46896592,4634188,0.31%,0.31,,Both,JYOTHYLAB.NS
2025-06-30,India,Kaveri Seed Co Ltd,Consumer Staples,7660624,757001,0.11%,0.11,,Both,KSCL.NS
2025-06-30,India,KRBL Ltd,Consumer Staples,47236136,4667741,0.48%,0.48,,Both,KRBL.NS
2025-06-30,India,LT Foods Ltd,Consumer Staples,121452756,12001616,0.61%,0.61,,Both,LTFOODS.NS
2025-06-30,India,Marico Ltd,Consumer Staples,1371423864,135520210,1.24%,1.24,,Both,MARICO.NS
2025-06-30,India,Medplus Health Services Ltd,Consumer Staples,74224297,7334634,0.58%,0.58,,Both,MEDPLUS.NS
2025-06-30,India,Mrs Bectors Food Specialities Ltd,Consumer Staples,59508806,5880491,0.6%,0.6,,Both,BECTORFOOD.NS
2025-06-30,India,Nestle India Ltd,Consumer Staples,1009560068,99761857,0.36%,0.36,,Both,NESTLEIND.NS
2025-06-30,India,Patanjali Foods Ltd,Consumer Staples,208027306,20556667,0.29%,0.29,,Both,PATANJALI.NS
2025-06-30,India,Procter & Gamble Health Ltd,Consumer Staples,59052308,5835381,0.51%,0.51,,Both,PGHL.NS
2025-06-30,India,Radico Khaitan Ltd,Consumer Staples,266152956,26300479,0.64%,0.64,,Both,RADICO.NS
2025-06-30,India,Shree Renuka Sugars Ltd,Consumer Staples,19095045,1886918,0.23%,0.23,,Both,RENUKA.NS
2025-06-30,India,Tata Consumer Products Ltd,Consumer Staples,955090313,94379311,0.74%,0.74,,Both,TATACONSUM.NS
2025-06-30,India,Triveni Engineering & Industries Ltd,Consumer Staples,21382077,2112916,0.22%,0.22,,Both,TRIVENI.NS
2025-06-30,India,United Breweries Ltd,Consumer Staples,119961011,11854206,0.2%,0.2,,Both,UBL.NS
2025-06-30,India,United Spirits Ltd,Consumer Staples,490297339,48449790,0.4%,0.4,,Both,UNITDSPR.NS
2025-06-30,India,Varun Beverages Ltd,Consumer Staples,3516309884,347471752,1.93%,1.93,,Both,VBL.NS
2025-06-30,India,Zydus Wellness Ltd,Consumer Staples,42521637,4201867,0.28%,0.28,,Both,ZYDUSWELL.NS
2025-06-30,India,Aegis Logistics Ltd,Energy,118321642,11692208,0.37%,0.37,,Both,AEGISLOG.NS
2025-06-30,India,Aegis Vopak Terminals Ltd,Energy,546450931,53998728,1.7%,1.7,,Both,AEGISVOPAK.NS
2025-06-30,India,Bharat Petroleum Corp Ltd,Energy,868143229,85787447,0.51%,0.51,,Both,BPCL.NS
2025-06-30,India,Castrol India Ltd,Energy,142392252,14070798,0.55%,0.55,,Both,CASTROLIND.NS
2025-06-30,India,Hindustan Petroleum Corp Ltd,Energy,554852512,54828949,0.5%,0.5,,Both,HINDPETRO.NS
2025-06-30,India,Indian Oil Corp Ltd,Energy,725963217,71737622,0.3%,0.3,,Both,IOC.NS
2025-06-30,India,Inox Wind Ltd,Energy,169595196,16758915,0.63%,0.63,,Both,INOXWIND.NS
2025-06-30,India,Mangalore Refinery & Petrochemicals Ltd,Energy,37836891,3738934,0.13%,0.13,,Both,MRPL.NS
2025-06-30,India,Petronet LNG Ltd,Energy,644132105,63651304,1.21%,1.21,,Both,PETRONET.NS
2025-06-30,India,Premier Energies Ltd,Energy,376349213,37189760,0.67%,0.67,,Both,PREMIERENE.NS
2025-06-30,India,Reliance Industries Ltd,Energy,19742449938,1950892807,0.82%,0.82,,Both,RELIANCE.NS
2025-06-30,India,Suzlon Energy Ltd,Energy,945350982,93416898,0.86%,0.86,,Both,SUZLON.NS
2025-06-30,India,WAAREE Energies Ltd,Energy,247122698,24419963,0.23%,0.23,,Both,WAAREEENER.NS
2025-06-30,India,360 ONE WAM Ltd,Financials,1297693000,128234335,2.34%,2.34,,Both,360ONE.NS
2025-06-30,India,Aavas Financiers Ltd,Financials,467057670,46153312,2.39%,2.39,,Both,AAVAS.NS
2025-06-30,India,Aditya Birla Sun Life Asset Management Co Ltd,Financials,637017964,62948305,2.34%,2.34,,Both,ABSLAMC.NS
2025-06-30,India,Angel One Ltd,Financials,268538742,26536235,0.86%,0.86,,Ownership,
2025-06-30,India,Aptus Value Housing Finance India Ltd,Financials,282944677,27959789,1.48%,1.48,,Both,APTUS.NS
2025-06-30,India,AU Small Finance Bank Ltd,Financials,394476926,38981089,0.55%,0.55,,Market Value,AUBANK.NS
2025-06-30,India,Axis Bank Ltd,Financials,9584898659,947152451,2.18%,2.18,,Both,AXISBANK.NS
2025-06-30,India,Bajaj Finance Ltd,Financials,4369610228,431792467,0.64%,0.64,,Both,BAJFINANCE.NS
2025-06-30,India,Bajaj Finserv Ltd,Financials,1999502612,197585167,0.52%,0.52,,Market Value,BAJAJFINSV.NS
2025-06-30,India,Bajaj Holdings & Investment Ltd,Financials,496539874,49066660,0.26%,0.26,,Market Value,BAJAJHLDNG.NS
2025-06-30,India,Bandhan Bank Ltd,Financials,555583973,54901230,1.54%,1.54,,Both,BANDHANBNK.NS
2025-06-30,India,Bank of Baroda,Financials,373835925,36941404,0.25%,0.25,,Market Value,BANKBARODA.NS
2025-06-30,India,BSE Ltd,Financials,745773848,73695253,0.56%,0.56,,Both,BSE.NS
2025-06-30,India,Can Fin Homes Ltd,Financials,92140889,9105101,0.74%,0.74,,Ownership,CANFINHOME.NS
2025-06-30,India,Canara Bank,Financials,271124924,26791795,0.22%,0.22,,Market Value,CANBK.NS
2025-06-30,India,Cholamandalam Financial Holdings Ltd,Financials,274149335,27090658,0.57%,0.57,,Both,CHOLAHLDNG.NS
2025-06-30,India,Cholamandalam Investment and Finance Co Ltd,Financials,1756525558,173574865,1.09%,1.09,,Both,CHOLAFIN.NS
2025-06-30,India,CreditAccess Grameen Ltd,Financials,137540971,13591408,0.6%,0.6,,Ownership,CREDITACC.NS
2025-06-30,India,Edelweiss Financial Services Ltd,Financials,88777332,8772724,0.69%,0.69,,Ownership,EDELWEISS.NS
2025-06-30,India,Equitas Small Finance Bank Ltd,Financials,109461431,10816668,1.21%,1.21,,Ownership,
2025-06-30,India,Federal Bank Ltd,Financials,498197287,49230440,0.81%,0.81,,Both,FEDERALBNK.NS
2025-06-30,India,Five-Star Business Finance Ltd,Financials,452521150,44716854,1.69%,1.69,,Both,FIVESTAR.NS
2025-06-30,India,Go Digit General Insurance Ltd,Financials,590100855,58312090,1.5%,1.5,,Both,GODIGIT.NS
2025-06-30,India,HDFC Asset Management Co Ltd,Financials,668119206,66021642,0.51%,0.51,,Market Value,HDFCAMC.NS
2025-06-30,India,HDFC Bank Ltd,Financials,21747704240,2149046339,1.2%,1.2,,Both,HDFCBANK.NS
2025-06-30,India,HDFC Life Insurance Co Ltd,Financials,2044149460,201997041,0.99%,0.99,,Both,HDFCLIFE.NS
2025-06-30,India,Home First Finance Co India Ltd,Financials,596582680,58952605,3.56%,3.56,,Both,HOMEFIRST.NS
2025-06-30,India,ICICI Bank Ltd,Financials,17802677371,1759209993,1.46%,1.46,,Both,ICICIBANK.NS
2025-06-30,India,ICICI Lombard General Insurance Co Ltd,Financials,3149770456,311251367,2.64%,2.64,,Both,ICICIGI.NS
2025-06-30,India,ICICI Prudential Life Insurance Co Ltd,Financials,2324134510,229664368,2.07%,2.07,,Both,ICICIPRULI.NS
2025-06-30,India,IDFC First Bank Ltd,Financials,350305654,34616209,0.56%,0.56,,Both,IDFCFIRSTB.NS
2025-06-30,India,IIFL Finance Ltd,Financials,156481852,15463092,0.66%,0.66,,Ownership,
2025-06-30,India,IndusInd Bank Ltd,Financials,1675185521,165537073,2.09%,2.09,,Both,INDUSINDBK.NS
2025-06-30,India,Jio Financial Services Ltd,Financials,1339437453,132359403,0.55%,0.55,,Market Value,JIOFIN.NS
2025-06-30,India,Kfin Technologies Ltd,Financials,223569203,22092473,0.82%,0.82,,Ownership,
2025-06-30,India,Kotak Mahindra Bank Ltd,Financials,6173712870,610068764,1.22%,1.22,,Both,KOTAKBANK.NS
2025-06-30,India,LIC Housing Finance Ltd,Financials,919950387,90906883,2.29%,2.29,,Both,LICHSGFIN.NS
2025-06-30,India,Mahindra & Mahindra Financial Services Ltd,Financials,361262544,35698938,0.82%,0.82,,Both,M&MFIN.NS
2025-06-30,India,Manappuram Finance Ltd,Financials,692848456,68465316,2.52%,2.52,,Both,MANAPPURAM.NS
2025-06-30,India,Max Financial Services Ltd,Financials,568589799,56186428,0.85%,0.85,,Both,MFSL.NS
2025-06-30,India,Multi Commodity Exchange of India Ltd,Financials,1755143536,173438297,3.26%,3.26,,Both,MCX.NS
2025-06-30,India,Muthoot Finance Ltd,Financials,962945159,95155505,0.77%,0.77,,Both,MUTHOOTFIN.NS
2025-06-30,India,Nippon Life India Asset Management Ltd,Financials,723318269,71476256,1.21%,1.21,,Both,NAM-INDIA.NS
2025-06-30,India,Nuvama Wealth Management Ltd,Financials,211139274,20864183,0.6%,0.6,,Ownership,NUVAMA.NS
2025-06-30,India,PB Fintech Ltd,Financials,802151784,79266360,0.81%,0.81,,Both,POLICYBZR.NS
2025-06-30,India,Piramal Enterprises Ltd,Financials,978209506,96663884,3.2%,3.2,,Both,
2025-06-30,India,PNB Housing Finance Ltd,Financials,285091470,28171929,0.84%,0.84,,Both,PNBHOUSING.NS
2025-06-30,India,Power Finance Corp Ltd,Financials,866706368,85645461,0.52%,0.52,,Market Value,PFC.NS
2025-06-30,India,Punjab National Bank,Financials,318375813,31460993,0.21%,0.21,,Market Value,PNB.NS
2025-06-30,India,RBL Bank Ltd,Financials,115459159,11409346,0.65%,0.65,,Ownership,RBLBANK.NS
2025-06-30,India,REC Ltd,Financials,655845647,64808803,0.52%,0.52,,Market Value,RECLTD.NS
2025-06-30,India,SBFC Finance Ltd,Financials,94154280,9304058,0.65%,0.65,,Ownership,SBFC.NS
2025-06-30,India,SBI Cards & Payment Services Ltd,Financials,1302585821,128717830,1.22%,1.22,,Both,SBICARD.NS
2025-06-30,India,SBI Life Insurance Co Ltd,Financials,2036786898,201269494,0.94%,0.94,,Both,SBILIFE.NS
2025-06-30,India,Shriram Finance Ltd,Financials,2053557719,202926739,1.31%,1.31,,Both,SHRIRAMFIN.NS
2025-06-30,India,South Indian Bank Ltd/The,Financials,62742162,6200002,0.66%,0.66,,Ownership,
2025-06-30,India,Star Health & Allied Insurance Co Ltd,Financials,726628522,71803366,2.48%,2.48,,Both,STARHEALTH.NS
2025-06-30,India,State Bank of India,Financials,3018865649,298315726,0.35%,0.35,,Market Value,SBIN.NS
2025-06-30,India,Sundaram Finance Ltd,Financials,433244986,42812038,0.64%,0.64,,Both,SUNDARMFIN.NS
2025-06-30,India,Union Bank of India Ltd,Financials,343286937,33922640,0.25%,0.25,,Market Value,UNIONBANK.NS
2025-06-30,India,UTI Asset Management Co Ltd,Financials,169970407,16795993,0.87%,0.87,,Ownership,UTIAMC.NS
2025-06-30,India,Yes Bank Ltd,Financials,441200293,43598159,0.59%,0.59,,Both,YESBANK.NS
2025-06-30,India,Acutaas Chemicals Ltd,Health Care,391842255,38720738,3.54%,3.54,,Both,ACUTAS.NS
2025-06-30,India,Ajanta Pharma Ltd,Health Care,142433643,14074888,0.38%,0.38,,Both,AJANTPHARM.NS
2025-06-30,India,Alembic Pharmaceuticals Ltd,Health Care,58117706,5743027,0.24%,0.24,,Market Value,APLLTD.BO
2025-06-30,India,Alivus Life Sciences Ltd,Health Care,52448176,5182780,0.36%,0.36,,Ownership,ALIVUS.NS
2025-06-30,India,Alkem Laboratories Ltd,Health Care,682682189,67460714,0.98%,0.98,,Both,ALKEM.NS
2025-06-30,India,Apollo Hospitals Enterprise Ltd,Health Care,1403253761,138665549,1.14%,1.14,,Both,APOLLOHOSP.NS
2025-06-30,India,Aster DM Healthcare Ltd,Health Care,182348306,18019141,0.5%,0.5,,Both,ASTERDM.NS
2025-06-30,India,Aurobindo Pharma Ltd,Health Care,426367379,42132413,0.55%,0.55,,Both,AUROPHARMA.NS
2025-06-30,India,Biocon Ltd,Health Care,253265093,25026937,0.45%,0.45,,Both,BIOCON.NS
2025-06-30,India,Caplin Point Laboratories Ltd,Health Care,59663450,5895773,0.31%,0.31,,Both,CAPLIPOINT.BO
2025-06-30,India,Cipla Ltd/India,Health Care,3337014798,329754321,2.33%,2.33,,Both,CIPLA.NS
2025-06-30,India,Cohance Lifesciences Ltd,Health Care,129934905,12839798,0.3%,0.3,,Both,COHANCE.NS
2025-06-30,India,Concord Biotech Ltd,Health Care,603061758,59592849,2.66%,2.66,,Both,CONCORDBIO.NS
2025-06-30,India,Divi's Laboratories Ltd,Health Care,2887972596,285381246,1.35%,1.35,,Both,DIVISLAB.NS
2025-06-30,India,Dr Lal PathLabs Ltd,Health Care,123224742,12176719,0.45%,0.45,,Both,LALPATHLAB.NS
2025-06-30,India,Dr Reddy's Laboratories Ltd,Health Care,940792113,92966403,0.74%,0.74,,Both,DRREDDY.NS
2025-06-30,India,Eris Lifesciences Ltd,Health Care,81016346,8005805,0.3%,0.3,,Both,ERIS.NS
2025-06-30,India,Fortis Healthcare Ltd,Health Care,734648706,72595898,1.04%,1.04,,Both,FORTIS.NS
2025-06-30,India,Gland Pharma Ltd,Health Care,532295011,52599881,1.49%,1.49,,Both,GLAND.NS
2025-06-30,India,GlaxoSmithKline Pharmaceuticals Ltd,Health Care,191630896,18936421,0.28%,0.28,,Both,GLAXO.NS
2025-06-30,India,Glenmark Pharmaceuticals Ltd,Health Care,1874632284,185245836,3.21%,3.21,,Both,GLENMARK.NS
2025-06-30,India,Global Health Ltd/India,Health Care,1190600899,117651798,3.3%,3.3,,Both,MEDANTA.NS
2025-06-30,India,Hikal Ltd,Health Care,41503277,4101236,0.79%,0.79,,Ownership,HIKAL.BO
2025-06-30,India,Inventurus Knowledge Solutions Ltd,Health Care,862420439,85221937,2.65%,2.65,,Both,IKS.NS
2025-06-30,India,Ipca Laboratories Ltd,Health Care,250894481,24792680,0.6%,0.6,,Both,IPCALAB.NS
2025-06-30,India,JB Chemicals & Pharmaceuticals Ltd,Health Care,555827042,54925249,1.8%,1.8,,Both,JBCHEPHARM.NS
2025-06-30,India,Jubilant Pharmova Ltd,Health Care,779375199,77015643,3.43%,3.43,,Both,JUBILANT.NS
2025-06-30,India,Jupiter Life Line Hospitals Ltd,Health Care,67234294,6643902,0.58%,0.58,,Both,JLHL.NS
2025-06-30,India,Krishna Institute of Medical Sciences Ltd,Health Care,219877880,21727707,0.69%,0.69,,Both,KIMS.NS
2025-06-30,India,Laurus Labs Ltd,Health Care,345094251,34101233,0.75%,0.75,,Both,LAURUSLABS.NS
2025-06-30,India,Lupin Ltd,Health Care,827450073,81766265,0.79%,0.79,,Both,LUPIN.NS
2025-06-30,India,Mankind Pharma Ltd,Health Care,1836137291,181441870,1.63%,1.63,,Both,MANKIND.NS
2025-06-30,India,Marksans Pharma Ltd,Health Care,75476955,7458418,0.54%,0.54,,Both,MARKSANS.NS
2025-06-30,India,Max Healthcare Institute Ltd,Health Care,1668230141,164849762,1.14%,1.14,,Both,MAXHEALTH.NS
2025-06-30,India,Metropolis Healthcare Ltd,Health Care,57817314,5713343,0.55%,0.55,,Ownership,METROPOLIS.NS
2025-06-30,India,Narayana Hrudayalaya Ltd,Health Care,227034097,22434864,0.43%,0.43,,Both,NH.NS
2025-06-30,India,Natco Pharma Ltd,Health Care,107350681,10608089,0.55%,0.55,,Both,NATCOPHARM.NS
2025-06-30,India,Neuland Laboratories Ltd,Health Care,151064838,14927798,0.83%,0.83,,Both,NEULANDLAB.NS
2025-06-30,India,Onesource Specialty Pharma Ltd,Health Care,102832559,10161621,0.35%,0.35,,Both,ONESOURCE.NS
2025-06-30,India,Piramal Pharma Ltd,Health Care,155004778,15317132,0.49%,0.49,,Both,PPLPHARMA.NS
2025-06-30,India,Poly Medicure Ltd,Health Care,106927787,10566300,0.4%,0.4,,Both,POLYMED.NS
2025-06-30,India,Rainbow Children's Medicare Ltd,Health Care,93293937,9219042,0.5%,0.5,,Both,RAINBOW.NS
2025-06-30,India,Sagility India Ltd,Health Care,60703903,5998587,0.27%,0.27,,Market Value,
2025-06-30,India,SAI Life Sciences Ltd,Health Care,117032477,11564817,0.62%,0.62,,Both,SAILIFE.NS
2025-06-30,India,Sanofi Consumer Healthcare India Ltd,Health Care,71060871,7022033,0.46%,0.46,,Both,SANOFICONR.BO
2025-06-30,India,Sanofi India Ltd,Health Care,67960183,6715632,0.39%,0.39,,Both,SANOFI.NS
2025-06-30,India,Strides Pharma Science Ltd,Health Care,72304725,7144948,0.74%,0.74,,Both,STAR.NS
2025-06-30,India,Sun Pharmaceutical Industries Ltd,Health Care,4618560862,456393061,0.97%,0.97,,Both,SUNPHARMA.NS
2025-06-30,India,Syngene International Ltd,Health Care,781676369,77243038,2.57%,2.57,,Both,SYNGENE.NS
2025-06-30,India,Torrent Pharmaceuticals Ltd,Health Care,336724729,33274181,0.25%,0.25,,Market Value,TORNTPHARM.NS
2025-06-30,India,Vijaya Diagnostic Centre Ltd,Health Care,65682560,6490564,0.55%,0.55,,Both,VIJAYA.NS
2025-06-30,India,Wockhardt Ltd,Health Care,162966282,16103865,0.5%,0.5,,Both,WOCKPHARMA.NS
2025-06-30,India,Zydus Lifesciences Ltd,Health Care,472786367,46719405,0.4%,0.4,,Both,ZYDUSLIFE.NS
2025-06-30,India,ABB India Ltd,Industrials,419525353,41456303,0.28%,0.28,,Market Value,ABB.NS
2025-06-30,India,Ahluwalia Contracts India Ltd,Industrials,70406164,6957337,0.88%,0.88,,Ownership,AHLUCONT.NS
2025-06-30,India,Amara Raja Energy & Mobility Ltd,Industrials,161442024,15953242,0.77%,0.77,,Both,AMARAJABAT.NS
2025-06-30,India,Ambuja Cements Ltd,Industrials,598462793,59138393,0.36%,0.36,,Market Value,AMBUJACEM.NS
2025-06-30,India,Apar Industries Ltd,Industrials,847211929,83719076,2.05%,2.05,,Both,APARINDS.NS
2025-06-30,India,Ashok Leyland Ltd,Industrials,1517654726,149970328,1.75%,1.75,,Both,ASHOKLEY.NS
2025-06-30,India,Asian Paints Ltd,Industrials,1315893348,130032842,0.5%,0.5,,Market Value,ASIANPAINT.NS
2025-06-30,India,Astral Ltd,Industrials,241203650,23835059,0.5%,0.5,,Market Value,ASTRAL.NS
2025-06-30,India,Berger Paints India Ltd,Industrials,150477421,14869751,0.18%,0.18,,Market Value,BERGEPAINT.BO
2025-06-30,India,Bharat Dynamics Ltd,Industrials,202445411,20005080,0.24%,0.24,,Market Value,BDL.NS
2025-06-30,India,Blue Star Ltd,Industrials,559025591,55241320,1.41%,1.41,,Both,BLUESTARCO.NS
2025-06-30,India,CG Power & Industrial Solutions Ltd,Industrials,579366207,57251322,0.47%,0.47,,Market Value,CGPOWER.NS
2025-06-30,India,CMS Info Systems Ltd,Industrials,114459400,11310553,1.18%,1.18,,Ownership,CMSINFO.NS
2025-06-30,India,Cochin Shipyard Ltd,Industrials,195822175,19350591,0.31%,0.31,,Market Value,
2025-06-30,India,Computer Age Management Services Ltd,Industrials,329382472,32548640,1.32%,1.32,,Both,CAMS.NS
2025-06-30,India,Container Corp Of India Ltd,Industrials,275891750,27262839,0.51%,0.51,,Market Value,CONCOR.NS
2025-06-30,India,Cummins India Ltd,Industrials,600828532,59372168,0.54%,0.54,,Both,CUMMINSIND.NS
2025-06-30,India,Dalmia Bharat Ltd,Industrials,154541851,15271387,0.32%,0.32,,Market Value,DALBHARAT.NS
2025-06-30,India,Delhivery Ltd,Industrials,263817061,26069652,0.78%,0.78,,Both,DELHIVERY.NS
2025-06-30,India,Elecon Engineering Co Ltd,Industrials,116789715,11540828,0.67%,0.67,,Ownership,ELECON.NS
2025-06-30,India,Elgi Equipments Ltd,Industrials,136662277,13504578,0.68%,0.68,,Both,ELGIEQUIP.NS
2025-06-30,India,Engineers India Ltd,Industrials,91403381,9032222,0.57%,0.57,,Ownership,ENGINERSIN.NS
2025-06-30,India,EPL Ltd,Industrials,57077898,5640276,0.62%,0.62,,Ownership,EPL.NS
2025-06-30,India,Escorts Kubota Ltd,Industrials,148808009,14704785,0.34%,0.34,,Market Value,ESCORTS.NS
2025-06-30,India,Exide Industries Ltd,Industrials,838461037,82854337,2.16%,2.16,,Both,EXIDEIND.NS
2025-06-30,India,Finolex Cables Ltd,Industrials,127786702,12627519,0.72%,0.72,,Ownership,FINCABLES.NS
2025-06-30,India,GE Vernova T&D India Ltd,Industrials,384829143,38027722,0.54%,0.54,,Both,GEVERNOVA.NS
2025-06-30,India,Genus Power Infrastructures Ltd,Industrials,78302229,7737604,0.59%,0.59,,Ownership,
2025-06-30,India,GMM Pfaudler Ltd,Industrials,60320585,5960709,0.95%,0.95,,Ownership,GMMPFAUDLR.NS
2025-06-30,India,GMR Airports Ltd,Industrials,275423314,27216549,0.26%,0.26,,Market Value,GMRAIRPORT.NS
2025-06-30,India,Grasim Industries Ltd,Industrials,2793918721,276087109,1.22%,1.22,,Both,GRASIM.NS
2025-06-30,India,Great Eastern Shipping Co Ltd/The,Industrials,260437755,25735719,1.58%,1.58,,Both,GESHIP.NS
2025-06-30,India,Gujarat Pipavav Port Ltd,Industrials,337380795,33339012,3.66%,3.66,,Both,GPPL.NS
2025-06-30,India,Havells India Ltd,Industrials,1842644206,182084865,1.61%,1.61,,Both,HAVELLS.NS
2025-06-30,India,HEG Ltd,Industrials,71753295,7090457,0.62%,0.62,,Ownership,HEG.NS
2025-06-30,India,Hindustan Aeronautics Ltd,Industrials,1242270354,122757627,0.32%,0.32,,Market Value,HAL.NS
2025-06-30,India,Hindustan Construction Co Ltd,Industrials,63935564,6317931,0.97%,0.97,,Ownership,HCC.NS
2025-06-30,India,Hitachi Energy India Ltd,Industrials,337910406,33391346,0.32%,0.32,,Market Value,POWERINDIA.NS
2025-06-30,India,International Gemmological Institute India Ltd,Industrials,115644679,11427679,0.6%,0.6,,Ownership,IGIL.NS
2025-06-30,India,ITD Cementation India Ltd,Industrials,111993210,11066851,0.59%,0.59,,Ownership,
2025-06-30,India,JK Cement Ltd,Industrials,294246524,29076605,0.52%,0.52,,Market Value,JKCEMENT.NS
2025-06-30,India,Jyoti CNC Automation Ltd,Industrials,202993292,20059220,0.71%,0.71,,Both,JYOTICNC.NS
2025-06-30,India,Kajaria Ceramics Ltd,Industrials,374862569,37042854,1.85%,1.85,,Both,KAJARIACER.BO
2025-06-30,India,KEC International Ltd,Industrials,794936090,78553326,2.76%,2.76,,Both,KEC.NS
2025-06-30,India,KEI Industries Ltd,Industrials,910578737,89980803,2.13%,2.13,,Both,KEI.NS
2025-06-30,India,Kirloskar Oil Engines Ltd,Industrials,89667570,8860695,0.61%,0.61,,Ownership,KIRLOSENG.NS
2025-06-30,India,Kirloskar Pneumatic Co Ltd,Industrials,73666455,7279510,0.68%,0.68,,Ownership,KIRLPNU.NS
2025-06-30,India,L&T Technology Services Ltd,Industrials,158736804,15685920,0.29%,0.29,,Market Value,LTTS.NS
2025-06-30,India,LMW Ltd,Industrials,115600703,11423333,0.55%,0.55,,Ownership,
2025-06-30,India,Mazagon Dock Shipbuilders Ltd,Industrials,292829460,28936575,0.19%,0.19,,Market Value,MAZDOCK.NS
2025-06-30,India,MTAR Technologies Ltd,Industrials,38395281,3794113,0.67%,0.67,,Ownership,MTAR.NS
2025-06-30,India,NBCC India Ltd,Industrials,147156106,14541548,0.38%,0.38,,Market Value,NBCC.NS
2025-06-30,India,NCC Ltd/India,Industrials,116502589,11512455,0.68%,0.68,,Ownership,NCC.NS
2025-06-30,India,Olectra Greentech Ltd,Industrials,66430475,6564471,0.59%,0.59,,Ownership,
2025-06-30,India,One 97 Communications Ltd,Industrials,1198836544,118465621,1.72%,1.72,,Both,PAYTM.NS
2025-06-30,India,One Mobikwik Systems Ltd,Industrials,68166550,6736025,3.03%,3.03,,Ownership,MOBIKWIK.NS
2025-06-30,India,PG Electroplast Ltd,Industrials,268313072,26513935,1.06%,1.06,,Both,PGEL.NS
2025-06-30,India,Polycab India Ltd,Industrials,912237228,90144691,0.78%,0.78,,Both,POLYCAB.NS
2025-06-30,India,Praj Industries Ltd,Industrials,81077856,8011883,0.73%,0.73,,Ownership,PRAJIND.NS
2025-06-30,India,Ramco Cements Ltd/The,Industrials,154848262,15301665,0.52%,0.52,,Market Value,RAMCOCEM.NS
2025-06-30,India,RR Kabel Ltd,Industrials,580146936,57328472,3.22%,3.22,,Both,RRKABEL.NS
2025-06-30,India,Shakti Pumps India Ltd,Industrials,74012240,7313679,0.55%,0.55,,Ownership,SHAKTIPUMP.BO
2025-06-30,India,Shree Cement Ltd,Industrials,343226106,33916629,0.26%,0.26,,Market Value,SHREECEM.NS
2025-06-30,India,Siemens Ltd,Industrials,382064383,37754517,0.28%,0.28,,Market Value,SIEMENS.NS
2025-06-30,India,SKF India Ltd,Industrials,141210001,13953971,0.5%,0.5,,Market Value,SKFINDIA.NS
2025-06-30,India,Sterling and Wilson Renewable,Industrials,205495297,20306461,2.33%,2.33,,Both,SWSOLAR.NS
2025-06-30,India,Supreme Industries Ltd,Industrials,1278910512,126378303,1.94%,1.94,,Both,SUPREMEIND.NS
2025-06-30,India,Texmaco Rail & Engineering Ltd,Industrials,47129218,4657175,0.57%,0.57,,Ownership,TEXRAIL.BO
2025-06-30,India,Thermax Ltd,Industrials,169853019,16784393,0.35%,0.35,,Market Value,THERMAX.NS
2025-06-30,India,Timken India Ltd,Industrials,160680828,15878023,0.52%,0.52,,Market Value,TIMKEN.NS
2025-06-30,India,Titagarh Rail System Ltd,Industrials,94949427,9382633,0.63%,0.63,,Ownership,TITAGARH.NS
2025-06-30,India,UltraTech Cement Ltd,Industrials,2380425588,235226893,0.57%,0.57,,Both,ULTRACEMCO.NS
2025-06-30,India,Voltamp Transformers Ltd,Industrials,68567044,6775600,0.6%,0.6,,Ownership,VOLTAMP.NS
2025-06-30,India,Voltas Ltd,Industrials,447735345,44243935,0.87%,0.87,,Both,VOLTAS.NS
2025-06-30,India,Anant Raj Ltd,Real Estate,137850680,13622012,0.6%,0.6,,Both,ANANTRAJ.NS
2025-06-30,India,Brigade Enterprises Ltd,Real Estate,191975516,18970475,0.6%,0.6,,Both,BRIGADE.NS
2025-06-30,India,Brookfield India Real Estate Trust,Real Estate,583250173,57635125,2.58%,2.58,,Both,BIRET.NS
2025-06-30,India,Embassy Developments Ltd,Real Estate,92301501,9120972,0.48%,0.48,,Both,EMBDL.NS
2025-06-30,India,Embassy Office Parks REIT,Real Estate,766534962,75746807,1.76%,1.76,,Both,EMBASSY.NS
2025-06-30,India,Godrej Properties Ltd,Real Estate,707636094,69926588,0.85%,0.85,,Both,GODREJPROP.NS
2025-06-30,India,Macrotech Developers Ltd,Real Estate,536046597,52970602,0.33%,0.33,,Both,
2025-06-30,India,Mahindra Lifespace Developers Ltd,Real Estate,60845399,6012569,0.67%,0.67,,Both,MAHLIFE.NS
2025-06-30,India,Mindspace Business Parks REIT,Real Estate,286864582,28347143,1%,1.0,,Both,MINDSPACE.NS
2025-06-30,India,Nexus Select Trust,Real Estate,298239553,29471185,1.19%,1.19,,Both,NEXUSSELECT.NS
2025-06-30,India,Oberoi Realty Ltd,Real Estate,361440380,35716511,0.44%,0.44,,Both,OBEROIRLTY.NS
2025-06-30,India,Phoenix Mills Ltd/The,Real Estate,435546389,43039457,0.66%,0.66,,Both,PHOENIXLTD.NS
2025-06-30,India,Prestige Estates Projects Ltd,Real Estate,344777840,34069966,0.41%,0.41,,Both,PRESTIGE.NS
2025-06-30,India,SignatureGlobal India Ltd,Real Estate,118885522,11747929,0.58%,0.58,,Both,SIGNATURE.NS
2025-06-30,India,Sobha Ltd,Real Estate,91190123,9011149,0.49%,0.49,,Both,SOBHA.NS
2025-06-30,India,Affle 3i Ltd,Technology,147512148,14576731,0.45%,0.45,,Both,AFFLE.NS
2025-06-30,India,AurionPro Solutions Ltd,Technology,43755769,4323821,0.47%,0.47,,Both,AURIONPRO.NS
2025-06-30,India,Birlasoft Ltd,Technology,91567220,9048412,0.64%,0.64,,Both,BSOFT.NS
2025-06-30,India,Coforge Ltd,Technology,2189280730,216338501,2.88%,2.88,,Both,COFORGE.NS
2025-06-30,India,Cyient Ltd,Technology,153759938,15194120,0.91%,0.91,,Both,CYIENT.NS
2025-06-30,India,Eternal Ltd,Technology,2730031486,269773954,0.91%,0.91,,Both,ETERNAL.NS
2025-06-30,India,Happiest Minds Technologies Ltd,Technology,36344707,3591481,0.31%,0.31,,Both,HAPPSTMNDS.NS
2025-06-30,India,HCL Technologies Ltd,Technology,2046385045,202217956,0.37%,0.37,,Both,HCLTECH.NS
2025-06-30,India,Hexaware Technologies Ltd,Technology,67352105,6655544,0.11%,0.11,,Both,HEXAWARE.NS
2025-06-30,India,IndiaMart InterMesh Ltd,Technology,93778724,9266947,0.51%,0.51,,Both,INDIAMART.NS
2025-06-30,India,Info Edge India Ltd,Technology,2256969215,223027285,1.98%,1.98,,Both,NAUKRI.NS
2025-06-30,India,Infosys Ltd,Technology,7747082216,765544652,0.99%,0.99,,Both,INFY.NS
2025-06-30,India,Intellect Design Arena Ltd,Technology,86714665,8568897,0.46%,0.46,,Both,INTELLECT.NS
2025-06-30,India,Just Dial Ltd,Technology,25930806,2562409,0.28%,0.28,,Both,JUSTDIAL.NS
2025-06-30,India,Kaynes Technology India Ltd,Technology,326572321,32270949,0.68%,0.68,,Both,KAYNES.NS
2025-06-30,India,KPIT Technologies Ltd,Technology,246016524,24310654,0.6%,0.6,,Both,KPITTECH.NS
2025-06-30,India,LTIMindtree Ltd,Technology,913386337,90258242,0.49%,0.49,,Both,LTIM.NS
2025-06-30,India,Mastek Ltd,Technology,34989504,3457563,0.39%,0.39,,Both,MASTEK.NS
2025-06-30,India,Mphasis Ltd,Technology,833810647,82394799,1.31%,1.31,,Both,MPHASIS.NS
2025-06-30,India,Netweb Technologies India Ltd,Technology,6577963,650016,0.05%,0.05,,Both,NETWEB.NS
2025-06-30,India,Newgen Software Technologies Ltd,Technology,82500527,8152468,0.42%,0.42,,Both,NEWGEN.NS
2025-06-30,India,Oracle Financial Services Software Ltd,Technology,285821602,28244079,0.31%,0.31,,Both,OFSS.NS
2025-06-30,India,Persistent Systems Ltd,Technology,781888418,77263992,0.7%,0.7,,Both,PERSISTENT.NS
2025-06-30,India,Rategain Travel Technologies Ltd,Technology,33921595,3352036,0.53%,0.53,,Both,RATEGAIN.NS
2025-06-30,India,Redington Ltd,Technology,287735945,28433248,0.96%,0.96,,Both,REDINGTON.NS
2025-06-30,India,Route Mobile Ltd,Technology,25485511,2518406,0.33%,0.33,,Both,ROUTE.NS
2025-06-30,India,Sonata Software Ltd,Technology,91030555,8995381,0.67%,0.67,,Both,SONATSOFTW.NS
2025-06-30,India,Syrma SGS Technology Ltd,Technology,45749750,4520860,0.38%,0.38,,Both,SYRMA.NS
2025-06-30,India,Tanla Platforms Ltd,Technology,51301963,5069514,0.5%,0.5,,Both,TANLA.NS
2025-06-30,India,Tata Consultancy Services Ltd,Technology,2986703881,295137591,0.2%,0.2,,Both,TCS.NS
2025-06-30,India,Tata Elxsi Ltd,Technology,268455864,26528046,0.58%,0.58,,Both,TATAELXSI.NS
2025-06-30,India,Tata Technologies Ltd,Technology,145013613,14329833,0.43%,0.43,,Both,TATATECH.NS
2025-06-30,India,Tech Mahindra Ltd,Technology,2291333952,226423111,1.18%,1.18,,Both,TECHM.NS
2025-06-30,India,Wipro Ltd,Technology,1508020955,149018346,0.46%,0.46,,Both,WIPRO.NS
2025-06-30,India,Zensar Technologies Ltd,Technology,122470781,12102215,0.54%,0.54,,Both,ZENSARTECH.NS
2025-06-30,India,Astra Microwave Products Ltd,Telecommunications,48021225,4745321,0.41%,0.41,,Both,ASTRAMICRO.NS
2025-06-30,India,Bharti Airtel Ltd,Telecommunications,14633759065,1446066491,0.98%,1.05,,Both,BHARTIARTL.NS
2025-06-30,India,Bharti Hexacom Ltd,Telecommunications,221747689,21912477,0.19%,0.19,,Both,BHARTIHEXA.NS
2025-06-30,India,GTPL Hathway Ltd,Telecommunications,38680787,3822325,2.42%,2.42,,Both,GTPL.NS
2025-06-30,India,HFCL Ltd,Telecommunications,104176893,10294465,0.71%,0.71,,Both,HFCL.NS
2025-06-30,India,Indus Towers Ltd,Telecommunications,1544225943,152596020,1.18%,1.18,,Both,INDUSTOWER.NS
2025-06-30,India,Railtel Corp of India Ltd,Telecommunications,48363843,4779178,0.3%,0.3,,Both,RAILTEL.NS
2025-06-30,India,Sterlite Technologies Ltd,Telecommunications,10784003,1065645,0.18%,0.18,,Both,STLTECH.NS
2025-06-30,India,STL Networks Ltd,Telecommunications,4060179,401215,0%,0.0,,Both,
2025-06-30,India,Tata Communications Ltd,Telecommunications,819840760,81014334,1.44%,1.44,,Both,TATACOMM.NS
2025-06-30,India,Tata Teleservices Maharashtra Ltd,Telecommunications,16513867,1631853,0.11%,0.11,,Both,TTML.NS
2025-06-30,India,Tejas Networks Ltd,Telecommunications,278804775,27550696,1.87%,1.87,,Both,TEJASNET.NS
2025-06-30,India,Vodafone Idea Ltd,Telecommunications,218227516,21564623,0.23%,0.23,,Both,IDEA.NS
2025-06-30,India,Adani Green Energy Ltd,Utilities,444459799,43920254,0.23%,0.23,,Both,ADANIGREEN.NS
2025-06-30,India,Adani Total Gas Ltd,Utilities,73999864,7312456,0.08%,0.08,,Both,ATGL.NS
2025-06-30,India,Gujarat Gas Ltd,Utilities,118629298,11722610,0.31%,0.31,,Both,GUJGASLTD.NS
2025-06-30,India,Gujarat State Petronet Ltd,Utilities,599278084,59218958,2.73%,2.73,,Both,GSPL.NS
2025-06-30,India,Indraprastha Gas Ltd,Utilities,211083807,20858702,0.59%,0.59,,Both,IGL.NS
2025-06-30,India,ION Exchange India Ltd,Utilities,67379144,6658216,0.72%,0.72,,Both,IONEXCHANG.NS
2025-06-30,India,KPI Green Energy Ltd,Utilities,94847301,9372541,0.79%,0.79,,Both,KPIGREEN.NS
2025-06-30,India,Mahanagar Gas Ltd,Utilities,125513416,12402879,0.73%,0.73,,Both,MGL.NS
2025-06-30,India,NTPC Green Energy Ltd,Utilities,90950960,8987515,0.09%,0.09,,Both,NTPCGREEN.NS
2025-06-30,India,Power Grid Corp of India Ltd,Utilities,1768343166,174742647,0.54%,0.54,,Both,POWERGRID.NS
2025-06-30,India,PTC India Ltd,Utilities,15319834,1513862,0.24%,0.24,,Both,PTC.BO
2025-06-30,India,ReNew Energy Global PLC,Utilities,31662863,3128834,0.19%,0.12,,Both,RNW
2025-06-30,India,SJVN Ltd,Utilities,89115370,8806128,0.19%,0.19,,Both,SJVN.NS
2025-06-30,India,Torrent Power Ltd,Utilities,370293590,36591360,0.42%,0.42,,Both,TORNTPOWER.NS
2025-06-30,India,VA Tech Wabag Ltd,Utilities,132030450,13046874,1.21%,1.21,,Both,WABAG.NS
2025-06-30,Singapore,Keppel Infrastructure Trust,Basic Materials,229712304,22699517,1.19%,1.19,,Both,A7RU.SI
2025-06-30,Singapore,Far East Orchard Ltd,Consumer Discretionary,6978373,689583,0.18%,0.18,,Both,
2025-06-30,Singapore,Genting Singapore Ltd,Consumer Discretionary,359845832,35558943,0.52%,0.52,,Both,G13.SI
2025-06-30,Singapore,SATS Ltd,Consumer Discretionary,380005163,37551030,1.06%,1.06,,Both,S58.SI
2025-06-30,Singapore,Singapore Airlines Ltd,Consumer Discretionary,1274664256,125958700,0.76%,0.76,,Both,C6L.SI
2025-06-30,Singapore,YHI International Ltd,Consumer Discretionary,1489244,147163,0.14%,0.14,,Both,
2025-06-30,Singapore,Sheng Siong Group Ltd,Consumer Staples,173665764,17161157,0.78%,0.78,,Both,OV8.SI
2025-06-30,Singapore,Thai Beverage PCL,Consumer Staples,460730709,45528100,0.5%,0.5,,Both,Y92.SI
2025-06-30,Singapore,DBS Group Holdings Ltd,Financials,13525219404,1336523751,1.34%,1.34,,Both,D05.SI
2025-06-30,Singapore,iFAST Corp Ltd,Financials,172527120,17048640,1.09%,1.09,,Both,AIY.SI
2025-06-30,Singapore,Oversea-Chinese Banking Corp Ltd,Financials,5440197388,537584848,0.93%,0.93,,Both,O39.SI
2025-06-30,Singapore,RHT Health Trust,Financials,1848287,182642,1.53%,1.53,,Ownership,RHT.SI
2025-06-30,Singapore,Singapore Exchange Ltd,Financials,1062626361,105005718,0.84%,0.84,,Market Value,S68.SI
2025-06-30,Singapore,United Overseas Bank Ltd,Financials,8069406019,797395774,1.7%,1.7,,Both,U11.SI
2025-06-30,Singapore,Raffles Medical Group Ltd,Health Care,78897365,7796413,0.54%,0.54,,Both,BSL.SI
2025-06-30,Singapore,Riverstone Holdings Ltd,Health Care,61834946,6110354,0.78%,0.78,,Both,AP4.SI
2025-06-30,Singapore,ComfortDelGro Corp Ltd,Industrials,419390658,41442993,1.7%,1.7,,Both,C52.SI
2025-06-30,Singapore,Hutchison Port Holdings Trust,Industrials,169168890,16716789,1.1%,1.1,,Both,NS8U.SI
2025-06-30,Singapore,Seatrium Ltd,Industrials,587516389,58056700,1.09%,1.09,,Both,S51.SI
2025-06-30,Singapore,Singapore Post Ltd,Industrials,128504800,12698479,1.18%,1.18,,Both,S08.SI
2025-06-30,Singapore,Singapore Technologies Engineering Ltd,Industrials,1629092825,160982324,0.84%,0.84,,Both,S63.SI
2025-06-30,Singapore,AIMS APAC REIT,Real Estate,122584819,12113483,1.43%,1.43,,Ownership,O5RU.SI
2025-06-30,Singapore,CapitaLand Ascendas REIT,Real Estate,1330928752,131518598,1.36%,1.36,,Both,A17U.SI
2025-06-30,Singapore,CapitaLand Integrated Commercial Trust,Real Estate,1721849411,170148266,1.36%,1.36,,Both,C38U.SI
2025-06-30,Singapore,CapitaLand Investment Ltd/Singapore,Real Estate,838780859,82885941,0.8%,0.8,,Market Value,9CI.SI
2025-06-30,Singapore,ESR-REIT,Real Estate,234172714,23140282,1.49%,1.49,,Ownership,9A4U.SI
2025-06-30,Singapore,Keppel DC REIT,Real Estate,569258243,56252482,1.36%,1.36,,Both,AJBU.SI
2025-06-30,Singapore,Mapletree Industrial Trust,Real Estate,593300494,58628269,1.28%,1.28,,Market Value,ME8U.SI
2025-06-30,Singapore,AEM Holdings Ltd,Technology,408983,40415,0.01%,0.01,,Both,AWX.SI
2025-06-30,Singapore,Sea Ltd,Technology,11170443710,1103831508,1.04%,1.21,,Both,SE
2025-06-30,Singapore,UMS Integration Ltd,Technology,105443881,10419665,1.4%,1.4,,Both,558.SI
2025-06-30,Singapore,Venture Corp Ltd,Technology,418695960,41374345,1.61%,1.61,,Both,V03.SI
2025-06-30,Singapore,NETLINK NBN TRUST,Telecommunications,357986606,35375219,1.31%,1.31,,Both,CJLU.SI
2025-06-30,Singapore,Singapore Telecommunications Ltd,Telecommunications,4147136977,409808292,0.83%,0.83,,Both,Z74.SI
2025-06-30,Singapore,StarHub Ltd,Telecommunications,89739162,8867769,0.57%,0.57,,Both,CC3.SI
2025-06-30,Singapore,Keppel Ltd,Utilities,1450975246,143381251,1.36%,1.36,,Both,BN4.SI
2025-06-30,Singapore,Sembcorp Industries Ltd,Utilities,828221902,81842535,0.86%,0.86,,Both,U96.SI
2025-06-30,Singapore,Gallant Venture Ltd,Utilities,11931395,1179027,0.31%,0.31,,Both,5IG.SI
2025-06-30,United Kingdom,Anglo American PLC,Basic Materials,9031014646,892419207,0%,2.57,,Both,AAL.L
2025-06-30,United Kingdom,Croda International PLC,Basic Materials,5248550880,518646885,9.27%,9.27,,Both,CRDA.L
2025-06-30,United Kingdom,Endeavour Mining PLC,Basic Materials,1208705499,119440843,1.61%,1.61,,Both,EDV.L
2025-06-30,United Kingdom,Ferrexpo PLC,Basic Materials,50382336,4978639,1.31%,1.31,,Ownership,
2025-06-30,United Kingdom,Hill & Smith PLC,Basic Materials,347471741,34336170,1.74%,1.74,,Ownership,HILS.L
2025-06-30,United Kingdom,Rio Tinto PLC,Basic Materials,16361705732,1616817270,1.71%,1.71,,Both,RIO.L
2025-06-30,United Kingdom,SolGold PLC,Basic Materials,78954961,7802105,2.76%,2.76,,Ownership,SOLG.L
2025-06-30,United Kingdom,Valterra Platinum Ltd,Basic Materials,3524231336,348254527,2.98%,2.98,,Both,
2025-06-30,United Kingdom,Victrex PLC,Basic Materials,841197074,83124705,8.98%,8.98,,Ownership,VCT.L
2025-06-30,United Kingdom,Zotefoams PLC,Basic Materials,64280981,6352064,2.93%,2.93,,Ownership,ZTF.L
2025-06-30,United Kingdom,B&M European Value Retail SA,Consumer Discretionary,757709109,74874661,2.01%,2.01,,Both,BME.L
2025-06-30,United Kingdom,Barratt Redrow PLC,Consumer Discretionary,1681079989,166119548,1.85%,1.85,,Market Value,BTRW.L
2025-06-30,United Kingdom,Bellway PLC,Consumer Discretionary,770025692,76091751,1.62%,1.62,,Market Value,BWY.L
2025-06-30,United Kingdom,Berkeley Group Holdings PLC,Consumer Discretionary,1095401053,108244420,2.08%,2.08,,Both,BKG.L
2025-06-30,United Kingdom,Burberry Group PLC,Consumer Discretionary,1736703074,171616063,2.95%,2.95,,Both,BRBY.L
2025-06-30,United Kingdom,Card Factory PLC,Consumer Discretionary,141691135,14001515,3.22%,3.22,,Ownership,CARD.L
2025-06-30,United Kingdom,Carnival PLC,Consumer Discretionary,3427022192,338648596,1.02%,1.02,,Market Value,CCL.L
2025-06-30,United Kingdom,Compass Group PLC,Consumer Discretionary,11268677931,1113538734,1.94%,1.94,,Market Value,CPG.L
2025-06-30,United Kingdom,Entain PLC,Consumer Discretionary,1265289002,125032264,1.58%,1.58,,Market Value,ENT.L
2025-06-30,United Kingdom,Games Workshop Group PLC,Consumer Discretionary,1288935368,127368931,1.74%,1.74,,Market Value,GAW.L
2025-06-30,United Kingdom,Howden Joinery Group PLC,Consumer Discretionary,2122932610,209782168,3.28%,3.28,,Both,HWDN.L
2025-06-30,United Kingdom,Inchcape PLC,Consumer Discretionary,730651836,72200938,1.95%,1.95,,Market Value,INCH.L
2025-06-30,United Kingdom,Informa PLC,Consumer Discretionary,6391707598,631610384,4.38%,4.38,,Both,INF.L
2025-06-30,United Kingdom,InterContinental Hotels Group PLC,Consumer Discretionary,1717919890,169759962,0.96%,0.96,,Market Value,IHG.L
2025-06-30,United Kingdom,International Consolidated Airlines Group SA,Consumer Discretionary,2502084115,247248843,1.13%,1.13,,Market Value,IAG.L
2025-06-30,United Kingdom,JD Sports Fashion PLC,Consumer Discretionary,2203204964,217714454,3.52%,3.52,,Both,JD.L
2025-06-30,United Kingdom,Kingfisher PLC,Consumer Discretionary,2563046647,253272987,3.6%,3.6,,Both,KGF.L
2025-06-30,United Kingdom,ME GROUP INTERNATIONAL PLC,Consumer Discretionary,326216330,32235771,2.72%,2.72,,Ownership,MEGP.L
2025-06-30,United Kingdom,Next PLC,Consumer Discretionary,4167110479,411782017,1.97%,1.97,,Market Value,NXT.L
2025-06-30,United Kingdom,On the Beach Group PLC,Consumer Discretionary,196697058,19437044,3.07%,3.07,,Ownership,OTB.L
2025-06-30,United Kingdom,Persimmon PLC,Consumer Discretionary,2194766604,216880600,3.81%,3.81,,Both,PSN.L
2025-06-30,United Kingdom,Playtech Plc,Consumer Discretionary,325256163,32140890,2.02%,2.02,,Ownership,PTEC.L
2025-06-30,United Kingdom,RM PLC,Consumer Discretionary,28867207,2852575,2.99%,2.99,,Ownership,RM.L
2025-06-30,United Kingdom,Saga PLC,Consumer Discretionary,104149220,10291730,2.99%,2.99,,Ownership,SAGA.L
2025-06-30,United Kingdom,Shoe Zone PLC,Consumer Discretionary,19137193,1891083,2.99%,2.99,,Ownership,SHOE.L
2025-06-30,United Kingdom,Taylor Wimpey PLC,Consumer Discretionary,1181030134,116706042,2.03%,2.03,,Both,TW.L
2025-06-30,United Kingdom,Vertu Motors PLC,Consumer Discretionary,81014116,8005585,2.84%,2.84,,Ownership,VTU.L
2025-06-30,United Kingdom,Watches of Switzerland Group PLC,Consumer Discretionary,584741535,57782497,4.41%,4.41,,Ownership,WOSG.L
2025-06-30,United Kingdom,WH Smith PLC,Consumer Discretionary,405535456,40073861,2.12%,2.12,,Ownership,SMWH.L
2025-06-30,United Kingdom,Whitbread PLC,Consumer Discretionary,2279668650,225270379,3.33%,3.33,,Both,WTB.L
2025-06-30,United Kingdom,Coca-Cola Europacific Partners PLC,Consumer Staples,3816322099,377118106,0.89%,0.89,,Market Value,CCEP.L
2025-06-30,United Kingdom,Cranswick PLC,Consumer Staples,668888642,66097675,1.66%,1.66,,Ownership,CWK.L
2025-06-30,United Kingdom,Diageo PLC,Consumer Staples,11723808156,1158513410,2.08%,2.08,,Both,DGE.L
2025-06-30,United Kingdom,Greggs PLC,Consumer Staples,544576788,53813531,2%,2.0,,Ownership,GRG.L
2025-06-30,United Kingdom,J Sainsbury PLC,Consumer Staples,1332596836,131683433,1.43%,1.43,,Ownership,SBRY.L
2025-06-30,United Kingdom,Marks & Spencer Group PLC,Consumer Staples,2917499536,288299014,2.89%,2.89,,Ownership,MKS.L
2025-06-30,United Kingdom,MP Evans Group PLC,Consumer Staples,181259415,17911540,2.21%,2.21,,Ownership,MPE.L
2025-06-30,United Kingdom,Reckitt Benckiser Group PLC,Consumer Staples,9406650044,929538429,2.02%,2.02,,Both,RKT.L
2025-06-30,United Kingdom,Tate & Lyle PLC,Consumer Staples,404216748,39943550,1.27%,1.27,,Ownership,TATE.L
2025-06-30,United Kingdom,Tesco PLC,Consumer Staples,8110335029,801440263,2.21%,2.21,,Both,TSCO.L
2025-06-30,United Kingdom,Unilever PLC,Consumer Staples,31005349376,3063860527,2.06%,2.06,,Both,ULVR.L
2025-06-30,United Kingdom,BP PLC,Energy,25388844147,2508853439,3.15%,3.15,,Both,BP.L
2025-06-30,United Kingdom,Hunting PLC,Energy,136212861,13460168,1.98%,1.98,,Both,HTG.L
2025-06-30,United Kingdom,John Wood Group PLC,Energy,6241798,616797,0.35%,0.35,,Both,
2025-06-30,United Kingdom,Petrofac Ltd,Energy,1,0,0%,0.0,,Ownership,PFC.L
2025-06-30,United Kingdom,Pod Point Group Holdings PLC,Energy,1963558,194033,1.43%,1.43,,Both,
2025-06-30,United Kingdom,Shell PLC,Energy,53450276808,5281804481,2.55%,2.55,,Both,SHEL.L
2025-06-30,United Kingdom,3i Group PLC,Financials,11507360157,1137124634,2.07%,2.07,,Market Value,III.L
2025-06-30,United Kingdom,Admiral Group PLC,Financials,2484997905,245560432,1.79%,1.79,,Market Value,ADM.L
2025-06-30,United Kingdom,Aviva PLC,Financials,3925387322,387895622,1.71%,1.71,,Market Value,AV.L
2025-06-30,United Kingdom,Barclays PLC,Financials,8689890253,858710263,1.31%,1.31,,Market Value,BARC.L
2025-06-30,United Kingdom,Beazley PLC,Financials,1703721675,168356935,2.11%,2.11,,Market Value,BEZ.L
2025-06-30,United Kingdom,Direct Line Insurance Group PLC,Financials,1028502916,101633736,1.84%,1.84,,Market Value,
2025-06-30,United Kingdom,Funding Circle Holdings PLC,Financials,151350232,14956000,2.73%,2.73,,Ownership,FCH.L
2025-06-30,United Kingdom,Georgia Capital PLC,Financials,240388297,23754488,2.45%,2.45,,Ownership,CGEO.L
2025-06-30,United Kingdom,Hiscox Ltd,Financials,1447811281,143068597,2.47%,2.47,,Both,HSX.L
2025-06-30,United Kingdom,HSBC Holdings PLC,Financials,43972731501,4345260383,2.06%,2.06,,Market Value,HSBA.L
2025-06-30,United Kingdom,International Personal Finance PLC,Financials,149868414,14809571,2.9%,2.9,,Ownership,IPF.L
2025-06-30,United Kingdom,Investec PLC,Financials,1062413560,104984689,1.5%,1.5,,Market Value,INVR.L
2025-06-30,United Kingdom,Just Group PLC,Financials,733602377,72492502,3.85%,3.85,,Ownership,
2025-06-30,United Kingdom,Legal & General Group PLC,Financials,3415810500,337540688,1.68%,1.68,,Market Value,LGEN.L
2025-06-30,United Kingdom,Lion Finance Group PLC,Financials,938492437,92739156,2.18%,2.18,,Ownership,LIOF.L
2025-06-30,United Kingdom,Lloyds Banking Group PLC,Financials,22165273707,2190309368,3.47%,3.47,,Both,LLOY.L
2025-06-30,United Kingdom,London Stock Exchange Group PLC,Financials,16766938994,1656861270,2.15%,2.15,,Market Value,LSEG.L
2025-06-30,United Kingdom,M&G PLC,Financials,4673629499,461834787,5.45%,5.45,,Both,MNG.L
2025-06-30,United Kingdom,Man Group PLC/Jersey,Financials,638064907,63051761,2.33%,2.33,,Ownership,EMG.L
2025-06-30,United Kingdom,NatWest Group PLC,Financials,17645784584,1743706294,3.07%,3.07,,Both,NWG.L
2025-06-30,United Kingdom,OSB Group PLC,Financials,1191934586,117783589,4.51%,4.51,,Both,OSB.L
2025-06-30,United Kingdom,Paragon Banking Group PLC,Financials,684521669,67642486,2.64%,2.64,,Ownership,PAG.L
2025-06-30,United Kingdom,Pensionbee Group PLC,Financials,184185470,18200685,3.36%,3.36,,Ownership,PBEE.L
2025-06-30,United Kingdom,Phoenix Group Holdings PLC,Financials,1022132430,101004222,1.12%,1.12,,Market Value,PHNX.L
2025-06-30,United Kingdom,Prudential PLC,Financials,16810194853,1661135691,5.14%,5.14,,Both,PRU.L
2025-06-30,United Kingdom,Rosebank Industries PLC,Financials,1673062133,165327246,8.8%,8.8,,Both,ROSE.L
2025-06-30,United Kingdom,St James's Place PLC,Financials,4274969435,422440333,4.87%,4.87,,Both,STJ.L
2025-06-30,United Kingdom,Standard Chartered PLC,Financials,11360493731,1122611711,2.91%,2.91,,Both,STAN.L
2025-06-30,United Kingdom,TBC Bank Group PLC,Financials,900287228,88963826,2.49%,2.49,,Ownership,TBCG.L
2025-06-30,United Kingdom,TP ICAP Group PLC,Financials,641907072,63431433,2.25%,2.25,,Ownership,TCAP.L
2025-06-30,United Kingdom,Vanquis Banking Group PLC,Financials,242413891,23954652,6.77%,6.77,,Ownership,VANQ.L
2025-06-30,United Kingdom,AstraZeneca PLC,Health Care,42285947867,4178577217,1.94%,1.94,,Both,AZN.L
2025-06-30,United Kingdom,ConvaTec Group PLC,Health Care,1385823039,136943095,1.69%,1.69,,Both,
2025-06-30,United Kingdom,Genus PLC,Health Care,348573617,34445054,1.86%,1.86,,Ownership,GNS.L
2025-06-30,United Kingdom,GSK PLC,Health Care,13406343138,1324776736,1.7%,1.7,,Both,GSK.L
2025-06-30,United Kingdom,Haleon PLC,Health Care,8701794488,859886606,1.87%,1.87,,Both,HLN.L
2025-06-30,United Kingdom,Hikma Pharmaceuticals PLC,Health Care,439248842,43405322,0.72%,0.72,,Ownership,HIK.L
2025-06-30,United Kingdom,NIOX GROUP PLC,Health Care,28289763,2795514,0.72%,0.72,,Ownership,NIOX.L
2025-06-30,United Kingdom,NMC Health PLC,Health Care,10434,1031,2.28%,2.28,,Ownership,NMC.L
2025-06-30,United Kingdom,Oxford Nanopore Technologies PLC,Health Care,180097899,17796763,0.99%,0.99,,Ownership,ONT.L
2025-06-30,United Kingdom,Smith & Nephew PLC,Health Care,2730733007,269843277,2.02%,2.02,,Both,SN.L
2025-06-30,United Kingdom,Ashtead Group PLC,Industrials,7013534859,693057587,2.53%,2.53,,Both,AHT.L
2025-06-30,United Kingdom,Avon Technologies PLC,Industrials,228776715,22607065,2.82%,2.82,,Ownership,AVON.L
2025-06-30,United Kingdom,Babcock International Group PLC,Industrials,1238661423,122401002,1.54%,1.54,,Market Value,BAB.L
2025-06-30,United Kingdom,Bunzl PLC,Industrials,1983086484,195962972,1.88%,1.88,,Market Value,BNZL.L
2025-06-30,United Kingdom,Coats Group PLC,Industrials,447424566,44213224,2.54%,2.54,,Ownership,COA.L
2025-06-30,United Kingdom,DCC PLC,Industrials,1066760269,105414219,1.65%,1.65,,Market Value,DCC.L
2025-06-30,United Kingdom,Diploma PLC,Industrials,3169795309,313230166,3.49%,3.49,,Both,DPLM.L
2025-06-30,United Kingdom,Experian PLC,Industrials,8885128401,878003142,1.86%,1.86,,Market Value,EXPN.L
2025-06-30,United Kingdom,Galliford Try Holdings PLC,Industrials,158155947,15628521,2.66%,2.66,,Ownership,GFRD.L
2025-06-30,United Kingdom,Halma PLC,Industrials,3077646205,304124253,1.83%,1.83,,Market Value,HLMA.L
2025-06-30,United Kingdom,IMI PLC,Industrials,1370441468,135423132,1.9%,1.9,,Market Value,IMI.L
2025-06-30,United Kingdom,International Workplace Group PLC,Industrials,734489306,72580146,2.5%,2.5,,Ownership,IWG.L
2025-06-30,United Kingdom,Intertek Group PLC,Industrials,1841986218,182019844,1.78%,1.78,,Market Value,ITRK.L
2025-06-30,United Kingdom,Invinity Energy Systems PLC,Industrials,40250967,3977486,2.77%,2.77,,Ownership,IES.L
2025-06-30,United Kingdom,James Fisher & Sons PLC,Industrials,72804537,7194338,2.98%,2.98,,Ownership,FSJ.L
2025-06-30,United Kingdom,JTC PLC,Industrials,879753283,86934720,4.34%,4.34,,Ownership,JTC.L
2025-06-30,United Kingdom,Melrose Industries PLC,Industrials,5994461868,592355689,6.4%,6.4,,Both,MRO.L
2025-06-30,United Kingdom,Mitie Group PLC,Industrials,633692973,62619739,2.57%,2.57,,Ownership,MTO.L
2025-06-30,United Kingdom,Mondi PLC,Industrials,1845101112,182327649,2.52%,2.52,,Both,MNDI.L
2025-06-30,United Kingdom,Rentokil Initial PLC,Industrials,3063983537,302774147,2.48%,2.48,,Both,RTO.L
2025-06-30,United Kingdom,Rolls-Royce Holdings PLC,Industrials,25158024434,2486044491,2.22%,2.22,,Market Value,RR.L
2025-06-30,United Kingdom,Rotork PLC,Industrials,1031945888,101973960,2.76%,2.76,,Both,ROR.L
2025-06-30,United Kingdom,Smiths Group PLC,Industrials,2128952473,210377034,2.06%,2.06,,Market Value,SMIN.L
2025-06-30,United Kingdom,Smurfit WestRock PLC,Industrials,7760426181,766863265,3.41%,3.41,,Both,SW
2025-06-30,United Kingdom,Spectris PLC,Industrials,1371541944,135531878,2.59%,2.59,,Both,
2025-06-30,United Kingdom,Speedy Hire PLC,Industrials,54976440,5432616,2.94%,2.94,,Ownership,SDY.L
2025-06-30,United Kingdom,Spirax Group PLC,Industrials,2213604148,218742072,3.64%,3.64,,Both,SPX.L
2025-06-30,United Kingdom,Volution Group PLC,Industrials,527938593,52169392,3.25%,3.25,,Ownership,FAN.L
2025-06-30,United Kingdom,Weir Group PLC/The,Industrials,1480256854,146274776,1.65%,1.65,,Market Value,WEIR.L
2025-06-30,United Kingdom,Wise PLC,Industrials,2392172089,236387649,1.62%,1.33,,Market Value,WISE.L
2025-06-30,United Kingdom,Xaar PLC,Industrials,33376954,3298216,2.46%,2.46,,Ownership,XAR.L
2025-06-30,United Kingdom,Assura PLC,Real Estate,684400104,67630474,3.02%,3.02,,Ownership,
2025-06-30,United Kingdom,Derwent London PLC,Real Estate,1895951700,187352560,5.88%,5.88,,Ownership,DLN.L
2025-06-30,United Kingdom,Grainger PLC,Real Estate,2051468843,202720322,9.07%,9.07,,Both,GRI.L
2025-06-30,United Kingdom,Great Portland Estates PLC,Real Estate,1906765074,188421107,9.44%,9.44,,Ownership,GPE.L
2025-06-30,United Kingdom,Land Securities Group PLC,Real Estate,1367820564,135164142,2.1%,2.1,,Ownership,LAND.L
2025-06-30,United Kingdom,LondonMetric Property PLC,Real Estate,4688385971,463292980,7.13%,7.13,,Both,LMP.L
2025-06-30,United Kingdom,Rightmove PLC,Real Estate,1768184175,174726936,2.09%,2.09,,Ownership,RMV.L
2025-06-30,United Kingdom,Segro PLC,Real Estate,10688250503,1056182545,8.38%,8.38,,Both,SGRO.L
2025-06-30,United Kingdom,Shaftesbury Capital PLC,Real Estate,9950140064,983244569,25.19%,25.19,,Both,SHC.L
2025-06-30,United Kingdom,UNITE Group PLC/The,Real Estate,5105999524,504560365,8.88%,8.88,,Both,UTG.L
2025-06-30,United Kingdom,Aptitude Software Group PLC,Technology,75607174,7471286,2.92%,2.92,,Ownership,APTD.L
2025-06-30,United Kingdom,Auto Trader Group PLC,Technology,2327896452,230036113,2.33%,2.33,,Both,AUTO.L
2025-06-30,United Kingdom,Baltic Classifieds Group PLC,Technology,382776347,37824871,1.53%,1.53,,Ownership,BCG.L
2025-06-30,United Kingdom,Big Technologies plc,Technology,67274166,6647842,1.76%,1.76,,Ownership,BIG.L
2025-06-30,United Kingdom,Bytes Technology Group PLC,Technology,270430353,26723159,1.58%,1.58,,Ownership,BYIT.L
2025-06-30,United Kingdom,Deliveroo PLC,Technology,470588795,46502248,1.29%,1.29,,Market Value,
2025-06-30,United Kingdom,iomart Group PLC,Technology,11734583,1159578,2.63%,2.63,,Ownership,IOM.L
2025-06-30,United Kingdom,MONY Group PLC,Technology,274866150,27161492,1.69%,1.69,,Ownership,MONY.L
2025-06-30,United Kingdom,Noventiq Holdings plc,Technology,59042164,5834379,2.17%,2.17,,Ownership,NVTQ.L
2025-06-30,United Kingdom,RELX PLC,Technology,20769014434,2052334994,2.07%,2.07,,Both,REL.L
2025-06-30,United Kingdom,Sage Group PLC/The,Technology,3493015234,345169840,2.07%,2.07,,Both,SGE.L
2025-06-30,United Kingdom,Softcat PLC,Technology,505878719,49989498,1.06%,1.06,,Market Value,SCT.L
2025-06-30,United Kingdom,Airtel Africa PLC,Telecommunications,414577766,40967397,0.45%,0.45,,Both,AAF.L
2025-06-30,United Kingdom,BT Group PLC,Telecommunications,3847666603,380215481,1.44%,1.44,,Both,BT-A.L
2025-06-30,United Kingdom,Filtronic PLC,Telecommunications,113554277,11221111,2.35%,2.35,,Both,FTC.L
2025-06-30,United Kingdom,Spirent Communications PLC,Telecommunications,249410493,24646036,1.59%,1.59,,Both,
2025-06-30,United Kingdom,Vodafone Group PLC,Telecommunications,4067681356,401956714,1.54%,1.54,,Both,VOD.L
2025-06-30,United Kingdom,Zegona Communications plc,Telecommunications,11174230,1104206,0.02%,0.02,,Ownership,ZEG.L
2025-06-30,United Kingdom,Centrica PLC,Utilities,2353350109,232551371,2.15%,2.15,,Both,CNA.L
2025-06-30,United Kingdom,Drax Group PLC,Utilities,494191986,48834648,1.47%,1.47,,Ownership,DRX.L
2025-06-30,United Kingdom,National Grid PLC,Utilities,12785417977,1263418676,1.77%,1.77,,Both,NG.L
2025-06-30,United Kingdom,Pennon Group PLC,Utilities,545642928,53918884,1.66%,1.66,,Ownership,PNN.L
2025-06-30,United Kingdom,Severn Trent PLC,Utilities,2100991828,207614043,1.84%,1.84,,Both,SVT.L
2025-06-30,United Kingdom,SSE PLC,Utilities,10747576273,1062044949,3.83%,3.83,,Both,SSE.L
2025-06-30,United Kingdom,Telecom Plus PLC,Utilities,500660191,49473818,2.35%,2.35,,Ownership,TEP.L
2025-06-30,United Kingdom,United Utilities Group PLC,Utilities,2266580860,223977080,2.1%,2.1,,Both,UU.L
2025-06-30,United Kingdom,Yu Group plc,Utilities,80854639,7989826,2.05%,2.05,,Ownership,YU.L
2025-06-30,United States,Air Products and Chemicals Inc,Basic Materials,10190382689,1006984662,1.6%,1.6,,Both,APD
2025-06-30,United States,Alcoa Corp,Basic Materials,991500611,97977273,1.28%,1.28,,Both,AA
2025-06-30,United States,Avery Dennison Corp,Basic Materials,1735936873,171540349,1.25%,1.25,,Both,AVY
2025-06-30,United States,Avient Corp,Basic Materials,372070713,36766971,1.24%,1.24,,Ownership,AVNT
2025-06-30,United States,Balchem Corp,Basic Materials,755709428,74677058,1.44%,1.44,,Both,BCPC
2025-06-30,United States,Cabot Corp,Basic Materials,523292217,51710250,1.28%,1.28,,Both,CBT
2025-06-30,United States,Celanese Corp,Basic Materials,1162136986,114839075,1.9%,1.9,,Both,CE
2025-06-30,United States,CF Industries Holdings Inc,Basic Materials,1279214762,126408368,0.85%,0.85,,Market Value,CF
2025-06-30,United States,Cleveland-Cliffs Inc,Basic Materials,446478075,44119695,1.17%,1.17,,Ownership,CLF
2025-06-30,United States,Commercial Metals Co,Basic Materials,712442991,70401592,1.29%,1.29,,Both,CMC
2025-06-30,United States,Dow Inc,Basic Materials,1758980691,173817474,0.93%,0.93,,Market Value,DOW
2025-06-30,United States,Eastman Chemical Co,Basic Materials,1206904309,119262855,1.38%,1.38,,Both,EMN
2025-06-30,United States,Ecolab Inc,Basic Materials,8435235968,833546051,1.09%,1.09,,Both,ECL
2025-06-30,United States,Fastenal Co,Basic Materials,6359648434,628442388,1.3%,1.3,,Both,FAST
2025-06-30,United States,Hexcel Corp,Basic Materials,583878267,57697191,1.27%,1.27,,Both,HXL
2025-06-30,United States,Huntsman Corp,Basic Materials,219105305,21651364,1.2%,1.2,,Ownership,HUN
2025-06-30,United States,International Flavors & Fragrances Inc,Basic Materials,1505656152,148784663,0.79%,0.79,,Market Value,IFF
2025-06-30,United States,International Paper Co,Basic Materials,2800754794,276762631,1.12%,1.12,,Both,IP
2025-06-30,United States,Linde PLC,Basic Materials,31255014348,3088531710,1.4%,1.4,,Both,LIN
2025-06-30,United States,LyondellBasell Industries NV,Basic Materials,2802135213,276899040,1.49%,1.49,,Both,LYB
2025-06-30,United States,Mosaic Co/The,Basic Materials,1598206255,157930201,1.36%,1.36,,Both,MOS
2025-06-30,United States,Mueller Industries Inc,Basic Materials,1288107256,127287099,1.45%,1.45,,Both,MLI
2025-06-30,United States,NewMarket Corp,Basic Materials,521319965,51515358,0.79%,0.79,,Market Value,NEU
2025-06-30,United States,Newmont Corp,Basic Materials,10050620676,993173777,1.53%,1.53,,Both,NEM
2025-06-30,United States,Nucor Corp,Basic Materials,4794218978,473751097,1.58%,1.58,,Both,NUE
2025-06-30,United States,Olin Corp,Basic Materials,281763541,27843073,1.2%,1.2,,Ownership,OLN
2025-06-30,United States,RBC Bearings Inc,Basic Materials,1387188981,137078074,1.13%,1.13,,Both,RBC
2025-06-30,United States,Reliance Inc,Basic Materials,2102272444,207740589,1.26%,1.26,,Both,RS
2025-06-30,United States,Royal Gold Inc,Basic Materials,688429040,68028602,0.58%,0.58,,Market Value,RGLD
2025-06-30,United States,Sensient Technologies Corp,Basic Materials,513352612,50728047,1.21%,1.21,,Ownership,SXT
2025-06-30,United States,Sigma Lithium Corp,Basic Materials,113846625,11250000,2.25%,2.25,,Ownership,SGML
2025-06-30,United States,Southern Copper Corp,Basic Materials,918949376,90807966,0.11%,0.11,,Market Value,SCCO
2025-06-30,United States,Steel Dynamics Inc,Basic Materials,3399395392,335918594,1.77%,1.77,,Both,STLD
2025-06-30,United States,UFP Industries Inc,Basic Materials,758011303,74904523,1.25%,1.25,,Both,UFPI
2025-06-30,United States,Uranium Energy Corp,Basic Materials,1063158685,105058320,3.48%,3.48,,Both,UEC
2025-06-30,United States,Westlake Corp,Basic Materials,1050320668,103789704,1.07%,1.07,,Both,WLK
2025-06-30,United States,Abercrombie & Fitch Co,Consumer Discretionary,529812562,52354572,1.33%,1.33,,Ownership,ANF
2025-06-30,United States,Airbnb Inc,Consumer Discretionary,4723840841,466796530,0.09%,0.56,,Market Value,ABNB
2025-06-30,United States,Amazon.com Inc,Consumer Discretionary,276067797907,27280235373,1.17%,1.17,,Market Value,AMZN
2025-06-30,United States,Asbury Automotive Group Inc,Consumer Discretionary,784718263,77543629,1.65%,1.65,,Ownership,ABG
2025-06-30,United States,Autoliv Inc,Consumer Discretionary,1357493791,134143679,1.55%,1.55,,Ownership,ALV
2025-06-30,United States,AutoZone Inc,Consumer Discretionary,9798360078,968246102,1.56%,1.56,,Both,AZO
2025-06-30,United States,Booking Holdings Inc,Consumer Discretionary,22079596425,2181842982,1.16%,1.16,,Market Value,BKNG
2025-06-30,United States,BorgWarner Inc,Consumer Discretionary,1115532010,110233704,1.5%,1.5,,Ownership,BWA
2025-06-30,United States,Caesars Entertainment Inc,Consumer Discretionary,805571170,79604254,1.35%,1.35,,Ownership,CZR
2025-06-30,United States,Capri Holdings Ltd,Consumer Discretionary,565748890,55905698,2.68%,2.68,,Ownership,CPRI
2025-06-30,United States,CarMax Inc,Consumer Discretionary,1907809549,188524319,1.87%,1.87,,Ownership,KMX
2025-06-30,United States,Carvana Co,Consumer Discretionary,2533001356,250303997,0.08%,0.35,,Market Value,CVNA
2025-06-30,United States,Chipotle Mexican Grill Inc,Consumer Discretionary,10112418244,999280438,1.32%,1.32,,Both,CMG
2025-06-30,United States,Copart Inc,Consumer Discretionary,5470526777,540581912,1.14%,1.14,,Market Value,CPRT
2025-06-30,United States,Costco Wholesale Corp,Consumer Discretionary,56690761521,5602019973,1.28%,1.28,,Both,COST
2025-06-30,United States,Coty Inc,Consumer Discretionary,530764012,52448592,1.29%,1.29,,Ownership,COTY
2025-06-30,United States,Coupang Inc,Consumer Discretionary,6794986341,671461243,1.35%,1.23,,Market Value,CPNG
2025-06-30,United States,Deckers Outdoor Corp,Consumer Discretionary,2223885242,219758021,1.43%,1.43,,Both,DECK
2025-06-30,United States,Domino's Pizza Inc,Consumer Discretionary,2019928893,199603634,1.29%,1.29,,Ownership,DPZ
2025-06-30,United States,DR Horton Inc,Consumer Discretionary,4928002371,486971192,1.23%,1.23,,Market Value,DHI
2025-06-30,United States,DraftKings Inc,Consumer Discretionary,3786260726,374147527,0.2%,0.98,,Market Value,DKNG
2025-06-30,United States,Expedia Group Inc,Consumer Discretionary,6673913168,659497136,2.21%,3.08,,Both,EXPE
2025-06-30,United States,Five Below Inc,Consumer Discretionary,1121609303,110834244,1.53%,1.53,,Ownership,FIVE
2025-06-30,United States,Flutter Entertainment PLC,Consumer Discretionary,9423216282,931175458,1.84%,1.84,,Both,FLUT
2025-06-30,United States,Foot Locker Inc,Consumer Discretionary,384295608,37975000,1.63%,1.63,,Ownership,
2025-06-30,United States,Ford Motor Co,Consumer Discretionary,4020860566,397330016,0.56%,0.92,,Market Value,F
2025-06-30,United States,Fox Corp,Consumer Discretionary,2966046849,293096322,1.19%,1.21,,Market Value,FOX
2025-06-30,United States,Garmin Ltd,Consumer Discretionary,4541849913,448812703,1.12%,1.12,,Market Value,GRMN
2025-06-30,United States,General Motors Co,Consumer Discretionary,4395104738,434311762,0.92%,0.92,,Market Value,GM
2025-06-30,United States,H&R Block Inc,Consumer Discretionary,935474809,92440963,1.26%,1.26,,Ownership,HRB
2025-06-30,United States,Hilton Worldwide Holdings Inc,Consumer Discretionary,6711591737,663220425,1.05%,1.05,,Market Value,HLT
2025-06-30,United States,Home Depot Inc/The,Consumer Discretionary,48670778028,4809507992,1.32%,1.32,,Both,HD
2025-06-30,United States,Integral Ad Science Holding Corp,Consumer Discretionary,204906340,20248262,1.48%,1.48,,Ownership,
2025-06-30,United States,KB Home,Consumer Discretionary,559912001,55328913,1.4%,1.4,,Ownership,KBH
2025-06-30,United States,Lennar Corp,Consumer Discretionary,3609681425,356698462,0.93%,1.25,,Market Value,LEN
2025-06-30,United States,Liberty Media Corp-Liberty Formula One,Consumer Discretionary,3318631915,327937776,2.08%,1.3,,Both,FWONA
2025-06-30,United States,Light & Wonder Inc,Consumer Discretionary,1523741050,150571761,1.85%,1.85,,Ownership,LNWO
2025-06-30,United States,Lithia Motors Inc,Consumer Discretionary,1503178131,148539792,1.69%,1.69,,Ownership,LAD
2025-06-30,United States,Lowe's Cos Inc,Consumer Discretionary,17683623797,1747445458,1.41%,1.41,,Both,LOW
2025-06-30,United States,Macy's Inc,Consumer Discretionary,594457863,58742637,1.86%,1.86,,Ownership,M
2025-06-30,United States,Marriott International Inc/MD,Consumer Discretionary,6333567018,625865097,0.84%,0.84,,Market Value,MAR
2025-06-30,United States,McDonald's Corp,Consumer Discretionary,27697155307,2736954189,1.31%,1.31,,Both,MCD
2025-06-30,United States,MercadoLibre Inc,Consumer Discretionary,9852160732,973562530,0.74%,0.74,,Market Value,MELI
2025-06-30,United States,Meritage Homes Corp,Consumer Discretionary,760479025,75148376,1.56%,1.56,,Ownership,MTH
2025-06-30,United States,Netflix Inc,Consumer Discretionary,79589242532,7864782803,1.38%,1.38,,Both,NFLX
2025-06-30,United States,News Corp,Consumer Discretionary,2310635689,228330453,0.55%,1.33,,Both,NWSA
2025-06-30,United States,NIKE Inc,Consumer Discretionary,8086379559,799073052,0.76%,0.76,,Market Value,NKE
2025-06-30,United States,NVR Inc,Consumer Discretionary,2672501905,264089045,1.22%,1.22,,Market Value,NVR
2025-06-30,United States,O'Reilly Automotive Inc,Consumer Discretionary,9811048431,969499929,1.26%,1.26,,Both,ORLY
2025-06-30,United States,Penn Entertainment Inc,Consumer Discretionary,400897002,39615503,1.47%,1.47,,Ownership,PENN
2025-06-30,United States,Planet Fitness Inc,Consumer Discretionary,1218874603,120445725,1.31%,1.31,,Ownership,PLNT
2025-06-30,United States,PulteGroup Inc,Consumer Discretionary,4046845579,399897781,1.89%,1.89,,Both,PHM
2025-06-30,United States,ROBLOX Corp,Consumer Discretionary,3441134309,340043115,0.2%,0.48,,Market Value,RBLX
2025-06-30,United States,Ross Stores Inc,Consumer Discretionary,5186908747,512555584,1.23%,1.23,,Market Value,ROST
2025-06-30,United States,Royal Caribbean Cruises Ltd,Consumer Discretionary,10170764030,1005046002,1.18%,1.18,,Market Value,RCL
2025-06-30,United States,Service Corp International/US,Consumer Discretionary,1491326795,147368676,1.27%,1.27,,Ownership,
2025-06-30,United States,Skechers USA Inc,Consumer Discretionary,1338930210,132309279,0.65%,1.4,,Ownership,
2025-06-30,United States,Somnigroup International Inc,Consumer Discretionary,2145199173,211982487,1.49%,1.49,,Ownership,SGI
2025-06-30,United States,Spotify Technology SA,Consumer Discretionary,8037973964,794289748,0.2%,0.2,,Market Value,SPOT
2025-06-30,United States,Starbucks Corp,Consumer Discretionary,12393199793,1224660790,1.18%,1.18,,Market Value,SBUX
2025-06-30,United States,Stride Inc,Consumer Discretionary,939698110,92858297,1.47%,1.47,,Ownership,LRN
2025-06-30,United States,Take-Two Interactive Software Inc,Consumer Discretionary,7307923455,722148231,1.63%,1.63,,Both,TTWO
2025-06-30,United States,Tapestry Inc,Consumer Discretionary,2299668915,227246748,1.25%,1.25,,Market Value,TPR
2025-06-30,United States,Target Corp,Consumer Discretionary,5757770680,568966539,1.27%,1.27,,Both,TGT
2025-06-30,United States,Taylor Morrison Home Corp,Consumer Discretionary,947472696,93626560,1.52%,1.52,,Ownership,
2025-06-30,United States,Tesla Inc,Consumer Discretionary,118324159472,11692457234,1.14%,1.14,,Market Value,TSLA
2025-06-30,United States,Texas Roadhouse Inc,Consumer Discretionary,1609100129,159006703,1.28%,1.28,,Ownership,TXRH
2025-06-30,United States,TJX Cos Inc/The,Consumer Discretionary,18141317588,1792673458,1.3%,1.3,,Both,TJX
2025-06-30,United States,Toll Brothers Inc,Consumer Discretionary,1566345893,154781851,1.38%,1.38,,Ownership,TOL
2025-06-30,United States,Tractor Supply Co,Consumer Discretionary,2728684221,269640821,0.96%,0.96,,Market Value,TSCO
2025-06-30,United States,Travel + Leisure Co,Consumer Discretionary,515436923,50934012,1.52%,1.52,,Ownership,TNL
2025-06-30,United States,Uber Technologies Inc,Consumer Discretionary,24091981992,2380701206,1.22%,1.22,,Market Value,UBER
2025-06-30,United States,Udemy Inc,Consumer Discretionary,195418846,19310735,1.85%,1.85,,Ownership,UDMY
2025-06-30,United States,Ulta Beauty Inc,Consumer Discretionary,2546416247,251629618,1.2%,1.2,,Market Value,ULTA
2025-06-30,United States,Viking Holdings Ltd,Consumer Discretionary,2388062482,235981549,0.28%,1.0,,Market Value,VIK
2025-06-30,United States,Walmart Inc,Consumer Discretionary,53378763102,5274737700,0.68%,0.68,,Market Value,WMT
2025-06-30,United States,Walt Disney Co/The,Consumer Discretionary,25938337078,2563152769,1.15%,1.15,,Market Value,DIS
2025-06-30,United States,Warner Bros Discovery Inc,Consumer Discretionary,3051471500,301537743,1.06%,1.06,,Market Value,WBD
2025-06-30,United States,Whirlpool Corp,Consumer Discretionary,724524178,71595421,1.27%,1.27,,Ownership,WHR
2025-06-30,United States,Wingstop Inc,Consumer Discretionary,1309036866,129355304,1.38%,1.38,,Ownership,WING
2025-06-30,United States,Wyndham Hotels & Resorts Inc,Consumer Discretionary,1106455197,109336759,1.75%,1.75,,Ownership,WH
2025-06-30,United States,Yum! Brands Inc,Consumer Discretionary,6008567368,593749555,1.44%,1.44,,Both,YUM
2025-06-30,United States,Albertsons Cos Inc,Consumer Staples,3244504794,320612745,2.64%,2.64,,Both,ACI
2025-06-30,United States,Archer-Daniels-Midland Co,Consumer Staples,3389815256,334971912,1.32%,1.32,,Both,ADM
2025-06-30,United States,Bunge Global SA,Consumer Staples,1494643406,147696414,1.37%,1.37,,Ownership,BG
2025-06-30,United States,Casey's General Stores Inc,Consumer Staples,2126661202,210150617,1.11%,1.11,,Both,CASY
2025-06-30,United States,Cencora Inc,Consumer Staples,6919609413,683776141,1.18%,1.18,,Both,COR
2025-06-30,United States,Church & Dwight Co Inc,Consumer Staples,3025824706,299003400,1.26%,1.26,,Both,CHD
2025-06-30,United States,Clorox Co/The,Consumer Staples,1896035392,187360830,1.27%,1.27,,Both,
2025-06-30,United States,Coca-Cola Co/The,Consumer Staples,38304679571,3785159597,1.24%,1.24,,Both,KO
2025-06-30,United States,Coca-Cola Consolidated Inc,Consumer Staples,2840289548,280669343,2.59%,3.22,,Both,COKE
2025-06-30,United States,Colgate-Palmolive Co,Consumer Staples,9524419322,941176055,1.28%,1.28,,Both,CL
2025-06-30,United States,Conagra Brands Inc,Consumer Staples,1725020581,170461632,1.74%,1.74,,Ownership,CAG
2025-06-30,United States,Constellation Brands Inc,Consumer Staples,2377482967,234936111,0.82%,0.82,,Market Value,STZ
2025-06-30,United States,Corteva Inc,Consumer Staples,4292408842,424163645,0.83%,0.83,,Market Value,CTVA
2025-06-30,United States,CVS Health Corp,Consumer Staples,13499684112,1334000426,1.53%,1.53,,Both,CVS
2025-06-30,United States,General Mills Inc,Consumer Staples,4164070870,411481652,1.46%,1.46,,Both,GIS
2025-06-30,United States,Hershey Co/The,Consumer Staples,2280274318,225330229,0.2%,0.67,,Market Value,HSY
2025-06-30,United States,Kellanova,Consumer Staples,2896589708,286232765,1.04%,1.04,,Market Value,
2025-06-30,United States,Kenvue Inc,Consumer Staples,5353944161,529061549,1.32%,1.32,,Both,KVUE
2025-06-30,United States,Keurig Dr Pepper Inc,Consumer Staples,5623726246,555720648,1.24%,1.24,,Both,KDP
2025-06-30,United States,Kimberly-Clark Corp,Consumer Staples,5498508692,543347006,1.27%,1.27,,Both,KMB
2025-06-30,United States,Kraft Heinz Co/The,Consumer Staples,2746545213,271405794,0.89%,0.89,,Market Value,KHC
2025-06-30,United States,Kroger Co/The,Consumer Staples,5108248356,504782588,1.06%,1.06,,Market Value,KR
2025-06-30,United States,Lamb Weston Holdings Inc,Consumer Staples,1792242428,177104304,2.42%,2.42,,Ownership,LW
2025-06-30,United States,McCormick & Co Inc/MD,Consumer Staples,2295387217,226823643,0%,1.11,,Market Value,
2025-06-30,United States,McKesson Corp,Consumer Staples,13431386386,1327251439,1.45%,1.45,,Both,MCK
2025-06-30,United States,Molson Coors Beverage Co,Consumer Staples,1341432766,132556574,1.36%,1.36,,Ownership,TAP
2025-06-30,United States,Mondelez International Inc,Consumer Staples,12317856611,1217215590,1.39%,1.39,,Both,MDLZ
2025-06-30,United States,Monster Beverage Corp,Consumer Staples,5418402332,535431123,0.88%,0.88,,Market Value,MNST
2025-06-30,United States,PepsiCo Inc,Consumer Staples,23202015203,2292757216,1.27%,1.27,,Both,PEP
2025-06-30,United States,Performance Food Group Co,Consumer Staples,1659163831,163953855,1.2%,1.2,,Ownership,PFGC
2025-06-30,United States,Post Holdings Inc,Consumer Staples,1379415904,136309960,2.24%,2.24,,Ownership,POST
2025-06-30,United States,Procter & Gamble Co/The,Consumer Staples,50775886265,5017528807,1.34%,1.34,,Both,PG
2025-06-30,United States,Simply Good Foods Co/The,Consumer Staples,368553245,36419384,1.14%,1.14,,Ownership,
2025-06-30,United States,Spectrum Brands Holdings Inc,Consumer Staples,170455518,16843930,1.3%,1.3,,Ownership,SPB
2025-06-30,United States,Sprouts Farmers Market Inc,Consumer Staples,2004507151,198079701,1.23%,1.23,,Both,SFM
2025-06-30,United States,Sysco Corp,Consumer Staples,4918631265,486045166,1.32%,1.32,,Both,SYY
2025-06-30,United States,Tyson Foods Inc,Consumer Staples,2457049757,242798676,0.44%,1.22,,Both,TSN
2025-06-30,United States,Walgreens Boots Alliance Inc,Consumer Staples,2006208596,198247833,2%,2.0,,Both,
2025-06-30,United States,Antero Midstream Corp,Energy,814680895,80504451,0.89%,0.89,,Both,AM
2025-06-30,United States,Baker Hughes Co,Energy,8648837441,854653541,2.25%,2.25,,Both,BKR
2025-06-30,United States,ChampionX Corp,Energy,1135413193,112198306,2.36%,2.36,,Both,
2025-06-30,United States,Cheniere Energy Inc,Energy,9574393962,946114407,1.75%,1.75,,Both,LNG
2025-06-30,United States,Chevron Corp,Energy,27045830200,2672592093,1.07%,1.07,,Both,CVX
2025-06-30,United States,Delek US Holdings Inc,Energy,390715792,38609424,3%,3.0,,Both,DKL
2025-06-30,United States,DT Midstream Inc,Energy,1454635388,143742936,1.29%,1.29,,Both,DTM
2025-06-30,United States,Enphase Energy Inc,Energy,414328333,40942749,0.79%,0.79,,Both,ENPH
2025-06-30,United States,Exxon Mobil Corp,Energy,61944381073,6121167730,1.32%,1.32,,Both,XOM
2025-06-30,United States,First Solar Inc,Energy,2116049677,209102017,1.18%,1.18,,Both,FSLR
2025-06-30,United States,Halliburton Co,Energy,1068671145,105603046,0.6%,0.6,,Both,HAL
2025-06-30,United States,Helmerich & Payne Inc,Energy,106979412,10571402,0.7%,0.7,,Both,HP
2025-06-30,United States,HF Sinclair Corp,Energy,258369950,25531384,0.33%,0.33,,Both,DINO
2025-06-30,United States,Kinder Morgan Inc,Energy,11646059542,1150830513,1.76%,1.76,,Both,KMI
2025-06-30,United States,Marathon Petroleum Corp,Energy,5225684760,516387320,1.01%,1.01,,Both,MPC
2025-06-30,United States,New Fortress Energy Inc,Energy,53407912,5277618,0.58%,0.58,,Both,NFE
2025-06-30,United States,NEXTracker Inc,Energy,1424136609,140729133,1.73%,1.73,,Both,
2025-06-30,United States,NOV Inc,Energy,120739123,11931097,0.26%,0.26,,Market Value,NOV
2025-06-30,United States,ONEOK Inc,Energy,5587970421,552187359,1.07%,1.07,,Both,OKE
2025-06-30,United States,Patterson-UTI Energy Inc,Energy,262983679,25987300,1.14%,1.14,,Both,PTEN
2025-06-30,United States,PBF Energy Inc,Energy,248931689,24598722,0.98%,0.98,,Both,PBF
2025-06-30,United States,Phillips 66,Energy,5197693830,513621336,1.07%,1.07,,Both,PSX
2025-06-30,United States,Schlumberger NV,Energy,6163675632,609076913,1.32%,1.32,,Both,
2025-06-30,United States,Shoals Technologies Group Inc,Energy,51399985,5079201,0.71%,0.71,,Both,SHLS
2025-06-30,United States,SunCoke Energy Inc,Energy,46341436,4579329,0.63%,0.63,,Ownership,SXC
2025-06-30,United States,Targa Resources Corp,Energy,7089626823,700576778,1.86%,1.86,,Both,TRGP
2025-06-30,United States,TechnipFMC PLC,Energy,1532254634,151413049,1.05%,1.05,,Both,FTI
2025-06-30,United States,Valaris Ltd,Energy,179607169,17748270,0.59%,0.59,,Both,VAL
2025-06-30,United States,Valero Energy Corp,Energy,8281817330,818385657,1.94%,1.94,,Both,VLO
2025-06-30,United States,Weatherford International PLC,Energy,420392306,41541973,1.14%,1.14,,Both,WFRD
2025-06-30,United States,Williams Cos Inc/The,Energy,7581690721,749201135,0.98%,0.98,,Both,WMB
2025-06-30,United States,Affiliated Managers Group Inc,Financials,726381351,71778941,1.28%,1.28,,Ownership,AMG
2025-06-30,United States,Aflac Inc,Financials,4265456721,421500313,0.74%,0.74,,Market Value,AFL
2025-06-30,United States,Allstate Corp/The,Financials,4774714649,471823735,0.89%,0.89,,Market Value,ALL
2025-06-30,United States,American International Group Inc,Financials,7864846300,777181764,1.58%,1.58,,Both,AIG
2025-06-30,United States,Ameriprise Financial Inc,Financials,6912607175,683084200,1.34%,1.34,,Both,AMP
2025-06-30,United States,Aon PLC,Financials,7476672778,738823560,0.96%,0.96,,Market Value,AON
2025-06-30,United States,Apollo Global Management Inc,Financials,10062548594,994352460,1.29%,1.29,,Both,APO
2025-06-30,United States,Arch Capital Group Ltd,Financials,5650025950,558319511,1.64%,1.64,,Both,ACGL
2025-06-30,United States,Arthur J Gallagher & Co,Financials,15376487298,1519460784,1.85%,1.85,,Both,AJG
2025-06-30,United States,Assurant Inc,Financials,1328717031,131300042,1.31%,1.31,,Ownership,AIZ
2025-06-30,United States,Bank of America Corp,Financials,50841995168,5024061501,1.41%,1.41,,Both,BAC
2025-06-30,United States,Bank of New York Mellon Corp/The,Financials,10809681609,1068182022,1.64%,1.64,,Both,BK
2025-06-30,United States,Bank OZK,Financials,697859100,68960453,1.29%,1.29,,Ownership,OZK
2025-06-30,United States,Berkshire Hathaway Inc,Financials,108515806704,10723223683,1.56%,0.54,,Market Value,BRK-B
2025-06-30,United States,Blackrock Inc,Financials,26420082574,2610757490,1.61%,1.61,,Both,BLK
2025-06-30,United States,Blackstone Inc,Financials,10612384025,1048685635,0.9%,0.57,,Market Value,BX
2025-06-30,United States,Brighthouse Financial Inc,Financials,416750159,41182067,1.33%,1.33,,Ownership,BHF
2025-06-30,United States,Brown & Brown Inc,Financials,4326011048,427484120,1.18%,1.18,,Market Value,BRO
2025-06-30,United States,Cboe Global Markets Inc,Financials,3229876733,319167241,1.31%,1.31,,Ownership,CBOE
2025-06-30,United States,Charles Schwab Corp/The,Financials,19345458259,1911663217,1.15%,1.12,,Market Value,SCHW
2025-06-30,United States,Chubb Ltd,Financials,11863222910,1172289980,1.01%,1.01,,Market Value,CB
2025-06-30,United States,Citigroup Inc,Financials,24517057442,2422705954,1.52%,1.52,,Both,C
2025-06-30,United States,Clearwater Analytics Holdings Inc,Financials,1001993245,99014125,0.83%,1.59,,Ownership,CWAN
2025-06-30,United States,CME Group Inc,Financials,15693381600,1550775379,1.56%,1.56,,Both,CME
2025-06-30,United States,Coinbase Global Inc,Financials,10559525994,1043462355,0.28%,1.17,,Market Value,COIN
2025-06-30,United States,Equitable Holdings Inc,Financials,7078347110,699462149,4.1%,4.1,,Both,EQH
2025-06-30,United States,Evercore Inc,Financials,1589447579,157064694,1.5%,1.5,,Ownership,EVR
2025-06-30,United States,Everest Group Ltd,Financials,6054604246,598298788,4.14%,4.14,,Both,EG
2025-06-30,United States,Fifth Third Bancorp,Financials,3561535038,351940773,1.28%,1.28,,Market Value,FITB
2025-06-30,United States,Globe Life Inc,Financials,1596094508,157721524,1.54%,1.54,,Ownership,GL
2025-06-30,United States,Goldman Sachs Group Inc/The,Financials,21181220252,2093068001,0.96%,0.93,,Market Value,GS
2025-06-30,United States,Hartford Insurance Group Inc/The,Financials,5047862338,498815413,1.38%,1.38,,Both,HIG
2025-06-30,United States,Huntington Bancshares Inc/OH,Financials,3737966707,369375249,1.51%,1.51,,Both,HBAN
2025-06-30,United States,Intercontinental Exchange Inc,Financials,15390645803,1520859887,1.45%,1.45,,Both,ICE
2025-06-30,United States,Jackson Financial Inc,Financials,1033537411,102131230,1.61%,1.61,,Ownership,JXN
2025-06-30,United States,Janus Henderson Group PLC,Financials,872110813,86179513,1.41%,1.41,,Ownership,JHG
2025-06-30,United States,JPMorgan Chase & Co,Financials,102477928890,10126577753,1.26%,1.26,,Market Value,JPM
2025-06-30,United States,KKR & Co Inc,Financials,15298242358,1511728842,1.28%,1.28,,Market Value,KKR
2025-06-30,United States,Lincoln National Corp,Financials,884082030,87362474,1.48%,1.48,,Ownership,LNC
2025-06-30,United States,Loews Corp,Financials,6702560768,662328011,3.45%,3.45,,Both,L
2025-06-30,United States,LPL Financial Holdings Inc,Financials,4007812963,396040689,1.32%,1.32,,Both,LPLA
2025-06-30,United States,M&T Bank Corp,Financials,4326505792,427533009,1.37%,1.37,,Both,MTB
2025-06-30,United States,MarketAxess Holdings Inc,Financials,1159649790,114593297,1.37%,1.37,,Ownership,MKTX
2025-06-30,United States,Marsh & McLennan Cos Inc,Financials,13217327341,1306098732,1.21%,1.21,,Market Value,MMC
2025-06-30,United States,MetLife Inc,Financials,7554136490,746478304,1.38%,1.38,,Both,MET
2025-06-30,United States,MGIC Investment Corp,Financials,970042852,95856878,1.45%,1.45,,Ownership,MTG
2025-06-30,United States,Moody's Corp,Financials,9827629578,971138431,1.08%,1.08,,Market Value,MCO
2025-06-30,United States,Morgan Stanley,Financials,22274093028,2201062584,0.97%,0.97,,Market Value,MS
2025-06-30,United States,Mr Cooper Group Inc,Financials,2606860627,257602560,2.7%,2.7,,Ownership,
2025-06-30,United States,MSCI Inc,Financials,5447046292,538261637,1.2%,1.2,,Market Value,MSCI
2025-06-30,United States,Nasdaq Inc,Financials,4520121848,446665598,0.87%,0.87,,Market Value,NDAQ
2025-06-30,United States,NU Holdings Ltd/Cayman Islands,Financials,6809357036,672881314,0.2%,1.02,,Market Value,NU
2025-06-30,United States,Pinnacle Financial Partners Inc,Financials,1148194224,113461291,1.33%,1.33,,Ownership,PNFP
2025-06-30,United States,PNC Financial Services Group Inc/The,Financials,14801986845,1462690282,1.98%,1.98,,Both,PNC
2025-06-30,United States,Progressive Corp/The,Financials,22160824457,2189869705,1.4%,1.4,,Both,PGR
2025-06-30,United States,Radian Group Inc,Financials,868113887,85784548,1.77%,1.77,,Ownership,RDN
2025-06-30,United States,Raymond James Financial Inc,Financials,3524440575,348275203,1.13%,1.13,,Market Value,RJF
2025-06-30,United States,Robinhood Markets Inc,Financials,10194208676,1007362736,0.56%,1.22,,Market Value,HOOD
2025-06-30,United States,S&P Global Inc,Financials,21802328895,2154444192,1.3%,1.3,,Both,SPGI
2025-06-30,United States,SLM Corp,Financials,891431172,88088695,1.29%,1.29,,Ownership,SLM
2025-06-30,United States,Stifel Financial Corp,Financials,1450932747,143377051,1.34%,1.34,,Ownership,SF
2025-06-30,United States,Travelers Cos Inc/The,Financials,8119734050,802369047,1.32%,1.32,,Both,TRV
2025-06-30,United States,Truist Financial Corp,Financials,4811689476,475477482,0.84%,0.84,,Market Value,TFC
2025-06-30,United States,Unum Group,Financials,11266799978,1113353160,7.91%,7.91,,Both,UNM
2025-06-30,United States,US Bancorp,Financials,9679693367,956519795,1.36%,1.36,,Both,USB
2025-06-30,United States,Voya Financial Inc,Financials,990477761,97876198,1.43%,1.43,,Ownership,VOYA
2025-06-30,United States,W R Berkley Corp,Financials,3677310460,363381371,1.3%,1.3,,Both,WRB
2025-06-30,United States,Webster Financial Corp,Financials,1333576213,131780212,1.43%,1.43,,Ownership,WBS
2025-06-30,United States,Wells Fargo & Co,Financials,39828108033,3935700469,1.51%,1.51,,Both,WFC
2025-06-30,United States,Western Alliance Bancorp,Financials,1389323642,137289015,1.59%,1.59,,Ownership,WAL
2025-06-30,United States,Willis Towers Watson PLC,Financials,4577536360,452339137,1.49%,1.49,,Both,WTW
2025-06-30,United States,XP Inc,Financials,2340205215,231252430,0.78%,2.13,,Ownership,XP
2025-06-30,United States,Abbott Laboratories,Health Care,30132593653,2977617286,1.26%,1.26,,Both,ABT
2025-06-30,United States,AbbVie Inc,Health Care,42699857307,4219478572,1.29%,1.29,,Both,ABBV
2025-06-30,United States,Agilent Technologies Inc,Health Care,3926680103,388023371,1.16%,1.16,,Market Value,A
2025-06-30,United States,Alnylam Pharmaceuticals Inc,Health Care,6677859862,659887137,1.55%,1.55,,Both,ALNY
2025-06-30,United States,Amedisys Inc,Health Care,898235326,88761063,2.75%,2.75,,Ownership,
2025-06-30,United States,Amgen Inc,Health Care,16518990079,1632359663,1.09%,1.09,,Market Value,AMGN
2025-06-30,United States,Apellis Pharmaceuticals Inc,Health Care,414671379,40976647,1.88%,1.88,,Ownership,
2025-06-30,United States,Arrowhead Pharmaceuticals Inc,Health Care,307783800,30414321,1.39%,1.39,,Ownership,ARWR
2025-06-30,United States,Baxter International Inc,Health Care,1642992179,162355819,1.04%,1.04,,Market Value,BAX
2025-06-30,United States,Becton Dickinson & Co,Health Care,6507628964,643065404,1.3%,1.3,,Both,BDX
2025-06-30,United States,Biogen Inc,Health Care,2839129878,280554747,1.52%,1.52,,Both,BIIB
2025-06-30,United States,Blueprint Medicines Corp,Health Care,1394345865,137785296,1.66%,1.66,,Ownership,
2025-06-30,United States,Boston Scientific Corp,Health Care,20961927258,2071398091,1.3%,1.3,,Both,BSX
2025-06-30,United States,Bridgebio Pharma Inc,Health Care,1086841088,107398548,1.31%,1.31,,Ownership,BBIO
2025-06-30,United States,Bristol-Myers Squibb Co,Health Care,15527667649,1534399997,1.63%,1.63,,Both,BMY
2025-06-30,United States,Cardinal Health Inc,Health Care,5825138226,575623608,1.44%,1.44,,Both,CAH
2025-06-30,United States,Centene Corp,Health Care,14475209759,1430399099,5.3%,5.3,,Both,CNC
2025-06-30,United States,Chemed Corp,Health Care,904576584,89387688,1.25%,1.25,,Ownership,CHE
2025-06-30,United States,Cigna Group/The,Health Care,11049885641,1091918302,1.24%,1.24,,Both,CI
2025-06-30,United States,Danaher Corp,Health Care,20680395962,2043577968,1.45%,1.45,,Both,DHR
2025-06-30,United States,Denali Therapeutics Inc,Health Care,558849747,55223944,2.72%,2.72,,Ownership,DNLI
2025-06-30,United States,DENTSPLY SIRONA Inc,Health Care,401756108,39700397,1.25%,1.25,,Ownership,XRAY
2025-06-30,United States,Dexcom Inc,Health Care,4514063348,446066914,1.3%,1.3,,Both,DXCM
2025-06-30,United States,Edwards Lifesciences Corp,Health Care,5780079890,571171071,1.24%,1.24,,Both,EW
2025-06-30,United States,Elevance Health Inc,Health Care,12221425798,1207686572,1.37%,1.37,,Both,ELV
2025-06-30,United States,Eli Lilly & Co,Health Care,87974383255,8693378584,1.18%,1.18,,Market Value,LLY
2025-06-30,United States,GE HealthCare Technologies Inc,Health Care,4666052463,461086046,1.36%,1.36,,Both,GEHC
2025-06-30,United States,Gilead Sciences Inc,Health Care,21465538368,2121163510,1.54%,1.54,,Both,GILD
2025-06-30,United States,Glaukos Corp,Health Care,772270172,76313544,1.29%,1.29,,Ownership,GKOS
2025-06-30,United States,HCA Healthcare Inc,Health Care,11519154215,1138290089,1.24%,1.24,,Both,HCA
2025-06-30,United States,Hologic Inc,Health Care,1791023749,176983878,1.22%,1.22,,Market Value,HOLX
2025-06-30,United States,Humana Inc,Health Care,4911796878,485369811,1.64%,1.64,,Both,HUM
2025-06-30,United States,ICON PLC,Health Care,1580572676,156187701,1.38%,1.38,,Ownership,ICLR
2025-06-30,United States,IDEXX Laboratories Inc,Health Care,2157340697,213182278,0.49%,0.49,,Market Value,IDXX
2025-06-30,United States,Insmed Inc,Health Care,2335729894,230810191,1.21%,1.21,,Market Value,INSM
2025-06-30,United States,Insulet Corp,Health Care,3392627941,335249853,1.52%,1.52,,Both,PODD
2025-06-30,United States,Intuitive Surgical Inc,Health Care,25924283875,2561764072,1.32%,1.32,,Both,ISRG
2025-06-30,United States,IQVIA Holdings Inc,Health Care,2676375203,264471793,0.97%,0.97,,Market Value,IQV
2025-06-30,United States,Johnson & Johnson,Health Care,48578414794,4800380920,1.31%,1.31,,Both,JNJ
2025-06-30,United States,Labcorp Holdings Inc,Health Care,2616225658,258527986,1.18%,1.18,,Market Value,LH
2025-06-30,United States,Medtronic PLC,Health Care,14262352713,1409365170,1.26%,1.26,,Both,MDT
2025-06-30,United States,Merck & Co Inc,Health Care,28504916142,2816774820,1.42%,1.42,,Both,MRK
2025-06-30,United States,Molina Healthcare Inc,Health Care,2112618504,208762958,1.29%,1.29,,Both,MOH
2025-06-30,United States,Natera Inc,Health Care,3004942960,296939925,1.29%,1.29,,Both,NTRA
2025-06-30,United States,Neogen Corp,Health Care,439065928,43387247,4.18%,4.18,,Ownership,NEOG
2025-06-30,United States,Option Care Health Inc,Health Care,707688948,69931811,1.31%,1.31,,Ownership,OPCH
2025-06-30,United States,ORIC Pharmaceuticals Inc,Health Care,197371716,19503712,2.25%,2.25,,Ownership,ORIC
2025-06-30,United States,Perrigo Co PLC,Health Care,963552473,95215518,2.59%,2.59,,Ownership,PRGO
2025-06-30,United States,Pfizer Inc,Health Care,22681625490,2241333784,1.63%,1.63,,Both,PFE
2025-06-30,United States,Quest Diagnostics Inc,Health Care,2367323168,233932149,1.17%,1.17,,Market Value,DGX
2025-06-30,United States,Regeneron Pharmaceuticals Inc,Health Care,6240703878,616688625,0.94%,1.09,,Market Value,REGN
2025-06-30,United States,ResMed Inc,Health Care,3743753653,369947099,0.98%,0.98,,Market Value,RMD
2025-06-30,United States,Royalty Pharma PLC,Health Care,1806217750,178485306,0.84%,0.84,,Market Value,RPRX
2025-06-30,United States,SpringWorks Therapeutics Inc,Health Care,863130119,85292066,2.41%,2.41,,Ownership,
2025-06-30,United States,STERIS PLC,Health Care,2875656103,284164165,1.2%,1.2,,Market Value,STE
2025-06-30,United States,Stryker Corp,Health Care,18757969392,1853609237,1.23%,1.23,,Market Value,SYK
2025-06-30,United States,Teleflex Inc,Health Care,665530036,65765787,1.26%,1.26,,Ownership,TFX
2025-06-30,United States,Tenet Healthcare Corp,Health Care,2094588459,206981280,1.27%,1.27,,Both,THC
2025-06-30,United States,Thermo Fisher Scientific Inc,Health Care,22591069694,2232385317,1.46%,1.46,,Both,TMO
2025-06-30,United States,UnitedHealth Group Inc,Health Care,38410151865,3795582069,1.34%,1.34,,Both,UNH
2025-06-30,United States,Upstream Bio Inc,Health Care,107771543,10649678,1.8%,1.8,,Ownership,UPB
2025-06-30,United States,Veeva Systems Inc,Health Care,3684664628,364108089,0.77%,0.77,,Market Value,VEEV
2025-06-30,United States,Vertex Pharmaceuticals Inc,Health Care,15888785268,1570084614,1.37%,1.37,,Both,VRTX
2025-06-30,United States,Viking Therapeutics Inc,Health Care,474068382,46846090,1.57%,1.57,,Ownership,VKTX
2025-06-30,United States,Waters Corp,Health Care,2652603667,262122757,1.26%,1.26,,Both,WAT
2025-06-30,United States,West Pharmaceutical Services Inc,Health Care,1998581360,197494131,1.26%,1.26,,Both,WST
2025-06-30,United States,Zimmer Biomet Holdings Inc,Health Care,2247618582,222103282,1.23%,1.23,,Market Value,ZBH
2025-06-30,United States,Zoetis Inc,Health Care,8044478544,794932512,1.14%,1.14,,Market Value,ZTS
2025-06-30,United States,3M Co,Industrials,12612654796,1246346710,1.54%,1.54,,Both,MMM
2025-06-30,United States,ABM Industries Inc,Industrials,388943330,38434275,1.31%,1.31,,Ownership,ABM
2025-06-30,United States,Accenture PLC,Industrials,22038735241,2177805196,1.16%,1.16,,Market Value,ACN
2025-06-30,United States,ADT Inc,Industrials,2224562897,219824985,3.32%,3.1,,Ownership,ADT
2025-06-30,United States,AECOM,Industrials,2032839276,200879401,1.35%,1.35,,Ownership,ACM
2025-06-30,United States,AerCap Holdings NV,Industrials,3204769743,316686240,1.49%,1.49,,Ownership,AER
2025-06-30,United States,Amcor PLC,Industrials,3283959286,324511526,1.55%,1.55,,Ownership,AMCR
2025-06-30,United States,American Express Co,Industrials,18829606085,1860688171,0.83%,0.83,,Market Value,AXP
2025-06-30,United States,AMETEK Inc,Industrials,6494193247,641737724,1.54%,1.54,,Both,AME
2025-06-30,United States,Automatic Data Processing Inc,Industrials,6786839551,670656200,0.54%,0.54,,Market Value,ADP
2025-06-30,United States,Axon Enterprise Inc,Industrials,6902019234,682037929,1.06%,1.06,,Market Value,AXON
2025-06-30,United States,Block Inc,Industrials,4253525134,420321268,0.54%,1.01,,Market Value,SQ
2025-06-30,United States,Bloom Energy Corp,Industrials,1685337602,166540273,3%,3.0,,Ownership,BE
2025-06-30,United States,Booz Allen Hamilton Holding Corp,Industrials,1700811507,168069360,1.3%,1.3,,Ownership,BAH
2025-06-30,United States,Capital One Financial Corp,Industrials,17080485850,1687845079,1.24%,1.24,,Market Value,COF
2025-06-30,United States,Carrier Global Corp,Industrials,5186330902,512498483,0.82%,0.82,,Market Value,CARR
2025-06-30,United States,Caterpillar Inc,Industrials,21537832030,2128307364,1.17%,1.17,,Market Value,CAT
2025-06-30,United States,Cintas Corp,Industrials,9204434807,909556094,1.01%,1.01,,Market Value,CTAS
2025-06-30,United States,Comfort Systems USA Inc,Industrials,2600747541,256998482,1.36%,1.36,,Ownership,FIX
2025-06-30,United States,Crane Co,Industrials,1928138393,190533157,1.74%,1.74,,Ownership,CR
2025-06-30,United States,CRH PLC,Industrials,10260754917,1013938646,1.64%,1.64,,Both,CRH
2025-06-30,United States,Crown Holdings Inc,Industrials,1862490933,184046062,1.54%,1.54,,Ownership,CCK
2025-06-30,United States,CSX Corp,Industrials,7441711327,735368769,1.21%,1.21,,Market Value,CSX
2025-06-30,United States,Cummins Inc,Industrials,5024482306,496505065,1.1%,1.1,,Market Value,CMI
2025-06-30,United States,Curtiss-Wright Corp,Industrials,2444278713,241536677,1.31%,1.31,,Ownership,CW
2025-06-30,United States,Deere & Co,Industrials,15706653894,1552086909,1.13%,1.13,,Market Value,DE
2025-06-30,United States,Eagle Materials Inc,Industrials,886744774,87625599,1.33%,1.33,,Ownership,EXP
2025-06-30,United States,Eaton Corp PLC,Industrials,16554819752,1635900249,1.17%,1.17,,Market Value,ETN
2025-06-30,United States,EMCOR Group Inc,Industrials,3486720259,344547789,1.44%,1.44,,Ownership,EME
2025-06-30,United States,Emerson Electric Co,Industrials,9138776795,903067956,1.2%,1.2,,Market Value,EMR
2025-06-30,United States,Fair Isaac Corp,Industrials,3654378764,361115326,0.81%,0.81,,Market Value,FICO
2025-06-30,United States,FedEx Corp,Industrials,6022922076,595168046,1.09%,1.09,,Market Value,FDX
2025-06-30,United States,Ferguson Enterprises Inc,Industrials,4432247502,437982104,1.02%,1.02,,Market Value,FERG
2025-06-30,United States,Fidelity National Information Services Inc,Industrials,6232078444,615836284,1.44%,1.44,,Both,FIS
2025-06-30,United States,Fiserv Inc,Industrials,12843701739,1269178112,1.33%,1.33,,Both,FI
2025-06-30,United States,Fortive Corp,Industrials,3581372783,353901082,2%,2.0,,Ownership,FTV
2025-06-30,United States,Gates Industrial Corp PLC,Industrials,816787959,80712665,1.36%,1.36,,Ownership,GTES
2025-06-30,United States,GE Vernova Inc,Industrials,18006728672,1779373763,1.24%,1.24,,Market Value,GEV
2025-06-30,United States,General Electric Co,Industrials,33924912333,3352363443,1.23%,1.23,,Market Value,GE
2025-06-30,United States,Global Payments Inc,Industrials,2621255776,259025048,1.33%,1.33,,Ownership,GPN
2025-06-30,United States,HEICO Corp,Industrials,3976493842,392945823,0.32%,1.08,,Market Value,HEI
2025-06-30,United States,Herc Holdings Inc,Industrials,2456018489,242696769,5.55%,5.55,,Ownership,HRI
2025-06-30,United States,Howmet Aerospace Inc,Industrials,16369165152,1617554389,2.15%,2.15,,Both,HWM
2025-06-30,United States,Illinois Tool Works Inc,Industrials,8165076795,806849689,1.11%,1.11,,Market Value,ITW
2025-06-30,United States,Ingersoll Rand Inc,Industrials,4147316476,409826030,1.22%,1.22,,Market Value,IR
2025-06-30,United States,Johnson Controls International plc,Industrials,7898120246,780469801,1.12%,1.12,,Market Value,JCI
2025-06-30,United States,Lincoln Electric Holdings Inc,Industrials,3583013053,354063169,3.06%,3.06,,Ownership,LECO
2025-06-30,United States,Littelfuse Inc,Industrials,1160938245,114720619,2.05%,2.05,,Ownership,LFUS
2025-06-30,United States,Mastercard Inc,Industrials,67998702513,6719438572,1.33%,1.32,,Both,MA
2025-06-30,United States,Mettler-Toledo International Inc,Industrials,3591546361,354906406,1.45%,1.45,,Ownership,MTD
2025-06-30,United States,Norfolk Southern Corp,Industrials,6084153409,601218752,1.05%,1.05,,Market Value,NSC
2025-06-30,United States,nVent Electric PLC,Industrials,2370940589,234289612,1.94%,1.94,,Ownership,NVT
2025-06-30,United States,Old Dominion Freight Line Inc,Industrials,3699099424,365534494,1.07%,1.07,,Market Value,ODFL
2025-06-30,United States,Oshkosh Corp,Industrials,997498607,98569978,1.35%,1.35,,Ownership,OSK
2025-06-30,United States,Otis Worldwide Corp,Industrials,7219868822,713446923,1.83%,1.83,,Both,OTIS
2025-06-30,United States,Owens Corning,Industrials,1656786509,163718935,1.4%,1.4,,Ownership,OC
2025-06-30,United States,PACCAR Inc,Industrials,4588111149,453384107,0.91%,0.91,,Market Value,PCAR
2025-06-30,United States,Packaging Corp of America,Industrials,2246134189,221956598,1.31%,1.31,,Ownership,PKG
2025-06-30,United States,Parker-Hannifin Corp,Industrials,13498522316,1333885621,1.49%,1.49,,Both,PH
2025-06-30,United States,PayPal Holdings Inc,Industrials,9172355002,906386059,1.25%,1.25,,Market Value,PYPL
2025-06-30,United States,PPG Industries Inc,Industrials,3612870414,357013589,1.38%,1.38,,Ownership,PPG
2025-06-30,United States,Quanta Services Inc,Industrials,6835325880,675447482,1.21%,1.21,,Market Value,PWR
2025-06-30,United States,Ralliant Corp,Industrials,1085896616,107305218,1.96%,1.96,,Ownership,RALY
2025-06-30,United States,Regal Rexnord Corp,Industrials,2592210763,256154902,2.66%,2.66,,Ownership,RRX
2025-06-30,United States,REV Group Inc,Industrials,702646437,69433524,2.99%,2.99,,Ownership,REVG
2025-06-30,United States,Rockwell Automation Inc,Industrials,3656196989,361294998,0.96%,0.96,,Market Value,ROK
2025-06-30,United States,RTX Corp,Industrials,23467968332,2319037949,1.19%,1.19,,Market Value,RTX
2025-06-30,United States,Ryder System Inc,Industrials,954881827,94358709,1.45%,1.45,,Ownership,R
2025-06-30,United States,Saia Inc,Industrials,1048395403,103599455,1.42%,1.42,,Ownership,SAIA
2025-06-30,United States,Sherwin-Williams Co/The,Industrials,12951465457,1279827016,1.49%,1.49,,Both,SHW
2025-06-30,United States,Spirit AeroSystems Holdings Inc,Industrials,958777758,94743694,2.12%,2.12,,Ownership,
2025-06-30,United States,StandardAero Inc,Industrials,2046081441,202187954,1.91%,1.91,,Ownership,SARO
2025-06-30,United States,StoneCo Ltd,Industrials,790677867,78132540,1.15%,1.79,,Ownership,STNE
2025-06-30,United States,Trane Technologies PLC,Industrials,13910613397,1374607290,1.41%,1.41,,Both,TT
2025-06-30,United States,TransDigm Group Inc,Industrials,12667932506,1251809096,1.47%,1.47,,Both,TDG
2025-06-30,United States,Union Pacific Corp,Industrials,18493985912,1827523139,1.33%,1.33,,Both,UNP
2025-06-30,United States,United Parcel Service Inc,Industrials,8206829577,810975580,0.43%,0.95,,Market Value,UPS
2025-06-30,United States,United Rentals Inc,Industrials,8162845685,806629217,1.65%,1.65,,Both,URI
2025-06-30,United States,Verisk Analytics Inc,Industrials,5535929005,547044775,1.26%,1.26,,Market Value,VRSK
2025-06-30,United States,Visa Inc,Industrials,70539210275,6970484330,1.15%,1.06,,Market Value,V
2025-06-30,United States,Vulcan Materials Co,Industrials,3687739772,364411966,1.06%,1.06,,Market Value,VMC
2025-06-30,United States,WESCO International Inc,Industrials,1266161960,125118527,1.38%,1.38,,Ownership,WCC
2025-06-30,United States,Westinghouse Air Brake Technologies Corp,Industrials,4084609669,403629522,1.13%,1.13,,Market Value,WAB
2025-06-30,United States,WillScot Holdings Corp,Industrials,1266240539,125126292,2.5%,2.5,,Ownership,WSC
2025-06-30,United States,Woodward Inc,Industrials,2039677687,201555153,1.38%,1.38,,Ownership,WWD
2025-06-30,United States,WW Grainger Inc,Industrials,5336852027,527372553,1.06%,1.06,,Market Value,GWW
2025-06-30,United States,Alexandria Real Estate Equities Inc,Real Estate,12069841986,1192707490,9.49%,9.49,,Both,ARE
2025-06-30,United States,American Homes 4 Rent,Real Estate,8062425061,796705936,5.5%,5.97,,Both,AMH
2025-06-30,United States,American Tower Corp,Real Estate,14002538507,1383691069,1.34%,1.34,,Market Value,AMT
2025-06-30,United States,Americold Realty Trust Inc,Real Estate,2087868015,206317185,4.36%,4.36,,Ownership,COLD
2025-06-30,United States,AvalonBay Communities Inc,Real Estate,14048792305,1388261738,4.79%,4.79,,Both,AVB
2025-06-30,United States,BXP Inc,Real Estate,6929506845,684754177,6.41%,6.41,,Both,BXP
2025-06-30,United States,CBRE Group Inc,Real Estate,5782153823,571376011,1.37%,1.37,,Market Value,CBRE
2025-06-30,United States,CoStar Group Inc,Real Estate,4922764569,486453607,1.43%,1.43,,Market Value,CSGP
2025-06-30,United States,Crown Castle Inc,Real Estate,6274584094,620036572,1.39%,1.39,,Market Value,CCI
2025-06-30,United States,CubeSmart,Real Estate,4634906644,458008305,4.73%,4.73,,Both,CUBE
2025-06-30,United States,Digital Realty Trust Inc,Real Estate,38530613488,3807485744,6.48%,6.36,,Both,DLR
2025-06-30,United States,EastGroup Properties Inc,Real Estate,2554259624,252404678,2.88%,2.88,,Ownership,EGP
2025-06-30,United States,Equinix Inc,Real Estate,8866074771,876120317,1.13%,1.13,,Market Value,EQIX
2025-06-30,United States,Equity Residential,Real Estate,23744385248,2346352683,9.15%,9.15,,Both,EQR
2025-06-30,United States,Extra Space Storage Inc,Real Estate,10643231542,1051733899,3.36%,3.36,,Both,EXR
2025-06-30,United States,Federal Realty Investment Trust,Real Estate,6986649063,690400809,8.43%,8.43,,Both,FRT
2025-06-30,United States,First Industrial Realty Trust Inc,Real Estate,2753422983,272085436,4.27%,4.27,,Ownership,FR
2025-06-30,United States,Host Hotels & Resorts Inc,Real Estate,5591291385,552515528,5.19%,5.19,,Both,HST
2025-06-30,United States,Invitation Homes Inc,Real Estate,17100730543,1689845602,8.41%,8.41,,Both,INVH
2025-06-30,United States,Iron Mountain Inc,Real Estate,4180351103,413090418,1.37%,1.37,,Market Value,IRM
2025-06-30,United States,Kilroy Realty Corp,Real Estate,3144656082,310745979,7.66%,7.66,,Ownership,KRC
2025-06-30,United States,Lineage Inc,Real Estate,6139038046,606642296,6.1%,6.1,,Both,LINE
2025-06-30,United States,LXP Industrial Trust,Real Estate,588589902,58162782,2.38%,2.38,,Ownership,LXP
2025-06-30,United States,Mid-America Apartment Communities Inc,Real Estate,8018277638,792343413,4.57%,4.57,,Both,MAA
2025-06-30,United States,PotlatchDeltic Corp,Real Estate,2201471964,217543204,7.21%,7.21,,Ownership,PCH
2025-06-30,United States,Prologis Inc,Real Estate,12840888910,1268900156,1.3%,1.27,,Market Value,PLD
2025-06-30,United States,Public Storage,Real Estate,11579047787,1144208602,2.22%,2.22,,Both,PSA
2025-06-30,United States,Rayonier Inc,Real Estate,3081829032,304537588,8.81%,8.81,,Ownership,RYN
2025-06-30,United States,Realty Income Corp,Real Estate,6736404720,665672374,1.28%,1.28,,Market Value,O
2025-06-30,United States,Regency Centers Corp,Real Estate,12312646937,1216700785,9.13%,9.13,,Both,REG
2025-06-30,United States,Simon Property Group Inc,Real Estate,10527512361,1040298859,1.98%,1.98,,Both,SPG
2025-06-30,United States,STAG Industrial Inc,Real Estate,2862793125,282893082,4.18%,4.09,,Ownership,STAG
2025-06-30,United States,Sun Communities Inc,Real Estate,9341794467,923129586,5.72%,5.72,,Both,SUI
2025-06-30,United States,Terreno Realty Corp,Real Estate,1583981057,156524507,2.7%,2.7,,Ownership,TRNO
2025-06-30,United States,UDR Inc,Real Estate,12135754196,1199220747,8.87%,8.87,,Both,UDR
2025-06-30,United States,VICI Properties Inc,Real Estate,4854134419,479671771,1.39%,1.39,,Market Value,VICI
2025-06-30,United States,Vornado Realty Trust,Real Estate,6730553484,665094171,9.06%,9.06,,Both,VNO
2025-06-30,United States,Welltower Inc,Real Estate,49409920671,4882547968,4.86%,4.86,,Both,WELL
2025-06-30,United States,Weyerhaeuser Co,Real Estate,6038009147,596658908,3.2%,3.2,,Both,WY
2025-06-30,United States,ACM Research Inc,Technology,338984974,33497532,0.81%,2.03,,Ownership,ACMR
2025-06-30,United States,Adobe Inc,Technology,20191206485,1995237654,1.22%,1.22,,Market Value,ADBE
2025-06-30,United States,Advanced Micro Devices Inc,Technology,30854435924,3048947689,1.33%,1.33,,Both,AMD
2025-06-30,United States,Akamai Technologies Inc,Technology,2559765873,252948790,2.17%,2.17,,Ownership,AKAM
2025-06-30,United States,Alphabet Inc,Technology,264784507335,26165252659,0.86%,1.22,,Market Value,GOOGL
2025-06-30,United States,Amphenol Corp,Technology,21534234842,2127951900,1.78%,1.78,,Both,APH
2025-06-30,United States,Analog Devices Inc,Technology,18540925422,1832161568,1.55%,1.55,,Both,ADI
2025-06-30,United States,ANSYS Inc,Technology,6658227260,657947099,2.13%,2.13,,Both,
2025-06-30,United States,Apple Inc,Technology,388039669380,38344977557,1.25%,1.25,,Market Value,AAPL
2025-06-30,United States,Applied Materials Inc,Technology,15952923214,1576422544,1.07%,1.07,,Market Value,AMAT
2025-06-30,United States,AppLovin Corp,Technology,9448974108,933720773,0.29%,0.79,,Market Value,APP
2025-06-30,United States,Autodesk Inc,Technology,7972020110,787772376,1.19%,1.19,,Market Value,ADSK
2025-06-30,United States,Blend Labs Inc,Technology,277776688,27449103,2.06%,3.22,,Ownership,BLND
2025-06-30,United States,Broadcom Inc,Technology,185734787433,18353783949,1.42%,1.42,,Both,AVGO
2025-06-30,United States,Cadence Design Systems Inc,Technology,12689537195,1253944010,1.49%,1.49,,Both,CDNS
2025-06-30,United States,Check Point Software Technologies Ltd,Technology,7361941605,727486151,3.03%,3.03,,Both,CHKP
2025-06-30,United States,Cloudflare Inc,Technology,5712768315,564519533,0.43%,0.83,,Market Value,NET
2025-06-30,United States,Cognizant Technology Solutions Corp,Technology,4852302650,479490761,1.25%,1.25,,Market Value,CTSH
2025-06-30,United States,Coherent Corp,Technology,1986700270,196320076,1.42%,1.42,,Ownership,COHR
2025-06-30,United States,Confluent Inc,Technology,1175718680,116181179,0.56%,1.37,,Ownership,CFLT
2025-06-30,United States,Corning Inc,Technology,5325185444,526219695,1.17%,1.17,,Market Value,GLW
2025-06-30,United States,Couchbase Inc,Technology,312168947,30847648,2.31%,2.31,,Ownership,
2025-06-30,United States,Crowdstrike Holdings Inc,Technology,16225056602,1603313992,1.26%,1.26,,Market Value,CRWD
2025-06-30,United States,CyberArk Software Ltd,Technology,4800922655,474413536,2.36%,2.36,,Both,
2025-06-30,United States,Dell Technologies Inc,Technology,5264135331,520186896,0.11%,0.63,,Market Value,DELL
2025-06-30,United States,DoorDash Inc,Technology,12571500878,1242279996,0.56%,1.19,,Market Value,DASH
2025-06-30,United States,Entegris Inc,Technology,2143207650,211785690,1.73%,1.73,,Ownership,ENTG
2025-06-30,United States,Five9 Inc,Technology,393509152,38885456,1.93%,1.93,,Ownership,FIVN
2025-06-30,United States,Flex Ltd,Technology,2908483852,287408110,1.54%,1.54,,Ownership,FLEX
2025-06-30,United States,Fortinet Inc,Technology,16401377277,1620737500,2%,2.0,,Both,FTNT
2025-06-30,United States,GCS Holdings Inc,Technology,93758264,9264925,2.19%,2.19,,Ownership,
2025-06-30,United States,Informatica Inc,Technology,1026342585,101420258,1.37%,1.37,,Ownership,
2025-06-30,United States,Intel Corp,Technology,15775304964,1558870813,1.6%,1.6,,Both,INTC
2025-06-30,United States,International Business Machines Corp,Technology,19613176417,1938118365,0.71%,0.71,,Market Value,IBM
2025-06-30,United States,Intuit Inc,Technology,32625039736,3223913726,1.47%,1.47,,Both,INTU
2025-06-30,United States,Jabil Inc,Technology,3339065317,329956947,1.41%,1.41,,Ownership,JBL
2025-06-30,United States,KBR Inc,Technology,909843143,89908114,1.45%,1.45,,Ownership,KBR
2025-06-30,United States,KLA Corp,Technology,16171264090,1597998369,1.35%,1.35,,Both,KLAC
2025-06-30,United States,Lam Research Corp,Technology,19482543575,1925209599,1.55%,1.55,,Both,LRCX
2025-06-30,United States,Life360 Inc,Technology,784109339,77483457,1.56%,1.56,,Ownership,360
2025-06-30,United States,Marvell Technology Inc,Technology,7289501454,720327821,1.08%,1.08,,Market Value,MRVL
2025-06-30,United States,Match Group Inc,Technology,1265893719,125092020,1.65%,1.65,,Ownership,MTCH
2025-06-30,United States,Meta Platforms Inc,Technology,233036651612,23028019765,0.56%,1.24,,Market Value,META
2025-06-30,United States,Microchip Technology Inc,Technology,5068184296,500823571,1.32%,1.32,,Both,MCHP
2025-06-30,United States,Micron Technology Inc,Technology,19926846465,1969114348,1.43%,1.43,,Both,MU
2025-06-30,United States,Microsoft Corp,Technology,504586427236,49861797013,1.35%,1.35,,Both,MSFT
2025-06-30,United States,MicroStrategy Inc,Technology,11961371366,1181988731,0.64%,1.05,,Market Value,
2025-06-30,United States,NVIDIA Corp,Technology,516856862682,51074326579,1.32%,1.32,,Market Value,NVDA
2025-06-30,United States,NXP Semiconductors NV,Technology,4464969984,441215647,0.8%,0.8,,Market Value,NXPI
2025-06-30,United States,Onestream Inc,Technology,2015908031,199206304,0.41%,2.94,,Ownership,OS
2025-06-30,United States,Onto Innovation Inc,Technology,728223433,71960970,1.46%,1.46,,Ownership,ONTO
2025-06-30,United States,Oracle Corp,Technology,42501668385,4199894106,0.68%,0.68,,Market Value,ORCL
2025-06-30,United States,Palantir Technologies Inc,Technology,36088382073,3566151375,0.81%,1.11,,Market Value,PLTR
2025-06-30,United States,Palo Alto Networks Inc,Technology,7129363935,704503487,0.52%,0.52,,Market Value,PANW
2025-06-30,United States,Pinterest Inc,Technology,4751628719,469542449,0.58%,1.94,,Both,PINS
2025-06-30,United States,Procore Technologies Inc,Technology,1750169117,172946739,1.69%,1.69,,Ownership,PCOR
2025-06-30,United States,Q2 Holdings Inc,Technology,782576773,77332013,1.33%,1.33,,Ownership,QTWO
2025-06-30,United States,Qorvo Inc,Technology,1558316873,153988446,1.95%,1.95,,Ownership,QRVO
2025-06-30,United States,QUALCOMM Inc,Technology,27084846707,2676447593,1.53%,1.53,,Both,QCOM
2025-06-30,United States,Rambus Inc,Technology,1277796774,126268247,1.84%,1.84,,Ownership,RMBS
2025-06-30,United States,Rogers Corp,Technology,901776279,89110970,7.02%,7.02,,Ownership,ROG
2025-06-30,United States,Roper Technologies Inc,Technology,10985694576,1085575123,1.78%,1.78,,Both,ROP
2025-06-30,United States,Salesforce Inc,Technology,28060160786,2772825359,1.06%,1.06,,Market Value,CRM
2025-06-30,United States,Science Applications International Corp,Technology,821190045,81147667,1.54%,1.54,,Ownership,SAIC
2025-06-30,United States,ServiceNow Inc,Technology,26064429269,2575612841,1.2%,1.2,,Market Value,NOW
2025-06-30,United States,Silvair Inc,Technology,4281236,423060,1.17%,1.5,,Ownership,
2025-06-30,United States,Snowflake Inc,Technology,10294961444,1017318838,1.36%,1.36,,Both,SNOW
2025-06-30,United States,Synopsys Inc,Technology,6389685200,631410536,0.79%,0.79,,Market Value,SNPS
2025-06-30,United States,TE Connectivity PLC,Technology,6055396389,598377065,1.2%,1.2,,Market Value,TEL
2025-06-30,United States,Texas Instruments Inc,Technology,28654755935,2831581562,1.5%,1.5,,Both,TXN
2025-06-30,United States,Tyler Technologies Inc,Technology,7497559860,740887562,2.9%,2.9,,Both,TYL
2025-06-30,United States,Unity Software Inc,Technology,1430804061,141387992,1.41%,1.41,,Ownership,U
2025-06-30,United States,Universal Display Corp,Technology,1259698003,124479777,1.7%,1.7,,Ownership,OLED
2025-06-30,United States,Vertiv Holdings Co,Technology,5342153841,527896463,1.08%,1.08,,Market Value,VRT
2025-06-30,United States,Vishay Intertechnology Inc,Technology,855071471,84495733,2.18%,3.93,,Ownership,VSH
2025-06-30,United States,Workday Inc,Technology,4369356963,431767440,0.25%,0.67,,Market Value,WDAY
2025-06-30,United States,Zoom Communications Inc,Technology,5420909291,535678853,1.01%,2.27,,Both,ZM
2025-06-30,United States,ADTRAN Holdings Inc,Telecommunications,17982272,1776957,0.25%,0.25,,Both,ADTN
2025-06-30,United States,Altice USA Inc,Telecommunications,26066998,2575867,0.62%,0.26,,Both,
2025-06-30,United States,Applied Optoelectronics Inc,Telecommunications,383980613,37943873,2.63%,2.63,,Both,AAOI
2025-06-30,United States,Arista Networks Inc,Telecommunications,12188358952,1204419000,0.94%,0.94,,Both,ANET
2025-06-30,United States,AT&T Inc,Telecommunications,22081304046,2182011724,1.05%,1.05,,Both,T
2025-06-30,United States,Cable One Inc,Telecommunications,84355251,8335746,1.09%,1.09,,Both,CABO
2025-06-30,United States,Charter Communications Inc,Telecommunications,11512477710,1137630336,1.6%,1.82,,Both,CHTR
2025-06-30,United States,Ciena Corp,Telecommunications,750906042,74202401,0.65%,0.65,,Both,CIEN
2025-06-30,United States,Cisco Systems Inc,Telecommunications,38041159269,3759119269,1.37%,1.37,,Both,CSCO
2025-06-30,United States,Cogent Communications Holdings Inc,Telecommunications,1464,145,0%,0.0,,Ownership,CCOI
2025-06-30,United States,Comcast Corp,Telecommunications,35424289443,3500527629,1.73%,2.63,,Both,CMCSA
2025-06-30,United States,Extreme Networks Inc,Telecommunications,63050961,6230517,0.26%,0.26,,Both,EXTR
2025-06-30,United States,Frontier Communications Parent Inc,Telecommunications,2088080363,206338168,2.27%,2.27,,Both,FYBR
2025-06-30,United States,Harmonic Inc,Telecommunications,14435121,1426438,0.13%,0.13,,Both,HLIT
2025-06-30,United States,IDT Corp,Telecommunications,26548912,2623488,0.05%,0.15,,Both,IDT
2025-06-30,United States,InterDigital Inc,Telecommunications,720522398,71199976,1.22%,1.22,,Both,IDCC
2025-06-30,United States,Iridium Communications Inc,Telecommunications,164921863,16297110,0.5%,0.5,,Both,IRDM
2025-06-30,United States,Juniper Networks Inc,Telecommunications,1860037087,183803580,1.38%,1.38,,Both,
2025-06-30,United States,Liberty Broadband Corp,Telecommunications,1600157893,158123056,0.56%,1.12,,Both,LBRDA
2025-06-30,United States,Liberty Global Ltd,Telecommunications,417119971,41218610,1.23%,1.19,,Both,LBTYA
2025-06-30,United States,Liberty Latin America Ltd,Telecommunications,8371534,827251,0%,0.07,,Both,LILA
2025-06-30,United States,Lumen Technologies Inc,Telecommunications,484963670,47922732,1.07%,1.07,,Both,LUMN
2025-06-30,United States,Lumentum Holdings Inc,Telecommunications,848601799,83856419,1.27%,1.27,,Both,LITE
2025-06-30,United States,Motorola Solutions Inc,Telecommunications,8679468106,857680377,1.22%,1.22,,Both,MSI
2025-06-30,United States,Ooma Inc,Telecommunications,8850892,874620,0.25%,0.25,,Both,OOMA
2025-06-30,United States,Roku Inc,Telecommunications,124121290,12265313,0.05%,0.1,,Both,ROKU
2025-06-30,United States,T-Mobile US Inc,Telecommunications,14903904971,1472761541,0.54%,0.54,,Both,TMUS
2025-06-30,United States,Telephone and Data Systems Inc,Telecommunications,122129467,12068487,0.19%,0.3,,Both,TDS
2025-06-30,United States,Ubiquiti Inc,Telecommunications,11872457,1173202,0%,0.0,,Market Value,UI
2025-06-30,United States,Verizon Communications Inc,Telecommunications,24784914367,2449174814,1.34%,1.34,,Both,VZ
2025-06-30,United States,Viasat Inc,Telecommunications,15746498,1556024,0.08%,0.08,,Both,VSAT
2025-06-30,United States,American States Water Co,Utilities,382991402,37846122,1.28%,1.28,,Ownership,AWR
2025-06-30,United States,American Water Works Co Inc,Utilities,3430328533,338975319,1.25%,1.25,,Both,AWK
2025-06-30,United States,Atmos Energy Corp,Utilities,2806905382,277370414,1.13%,1.13,,Market Value,ATO
2025-06-30,United States,California Water Service Group,Utilities,311256544,30757487,1.14%,1.14,,Ownership,CWT
2025-06-30,United States,CenterPoint Energy Inc,Utilities,3121835364,308490900,1.29%,1.29,,Both,CNP
2025-06-30,United States,Clean Harbors Inc,Utilities,1493986976,147631548,1.19%,1.19,,Both,CLH
2025-06-30,United States,CMS Energy Corp,Utilities,2374287979,234620392,1.13%,1.13,,Market Value,CMS
2025-06-30,United States,Consolidated Edison Inc,Utilities,4601167612,454674310,1.26%,1.26,,Both,ED
2025-06-30,United States,Constellation Energy Corp,Utilities,13533093393,1337301836,1.31%,1.31,,Both,CEG
2025-06-30,United States,Dominion Energy Inc,Utilities,5635180292,556852505,1.16%,1.16,,Both,D
2025-06-30,United States,Edison International,Utilities,2678885126,264719816,1.33%,1.33,,Both,EIX
2025-06-30,United States,Entergy Corp,Utilities,4666681244,461148181,1.29%,1.29,,Both,ETR
2025-06-30,United States,Essential Utilities Inc,Utilities,1035723142,102347218,0.98%,0.98,,Market Value,WTRG
2025-06-30,United States,Eversource Energy,Utilities,2729746028,269745746,1.15%,1.15,,Both,ES
2025-06-30,United States,Exelon Corp,Utilities,5869084331,579966237,1.32%,1.32,,Both,EXC
2025-06-30,United States,MDU Resources Group Inc,Utilities,405673297,40087483,1.18%,1.18,,Ownership,MDU
2025-06-30,United States,National Fuel Gas Co,Utilities,930644373,91963633,1.2%,1.2,,Both,NFG
2025-06-30,United States,New Jersey Resources Corp,Utilities,533012298,52670761,1.17%,1.17,,Ownership,NJR
2025-06-30,United States,NextEra Energy Inc,Utilities,23736724368,2345595657,1.64%,1.64,,Both,NEE
2025-06-30,United States,NiSource Inc,Utilities,2960855395,292583317,1.54%,1.54,,Both,NI
2025-06-30,United States,Northwestern Energy Group Inc,Utilities,399000052,39428051,1.25%,1.25,,Ownership,NWE
2025-06-30,United States,OGE Energy Corp,Utilities,1026348672,101420860,1.14%,1.14,,Both,OGE
2025-06-30,United States,Ormat Technologies Inc,Utilities,616107539,60881996,1.2%,1.2,,Ownership,ORA
2025-06-30,United States,PG&E Corp,Utilities,4201366523,415167102,1.36%,1.36,,Both,PCG
2025-06-30,United States,Pinnacle West Capital Corp,Utilities,1157528094,114383637,1.07%,1.07,,Market Value,PNW
2025-06-30,United States,PPL Corp,Utilities,3131205034,309416784,1.24%,1.24,,Both,PPL
2025-06-30,United States,Public Service Enterprise Group Inc,Utilities,5620027594,555355158,1.32%,1.32,,Both,PEG
2025-06-30,United States,Republic Services Inc,Utilities,6840467318,675955544,0.88%,0.88,,Market Value,RSG
2025-06-30,United States,Sempra,Utilities,6995827803,691307826,1.4%,1.4,,Both,SRE
2025-06-30,United States,Southern Co/The,Utilities,11682818979,1154462976,1.14%,1.14,,Both,SO
2025-06-30,United States,Southwest Gas Holdings Inc,Utilities,640963332,63338175,1.19%,1.19,,Both,SWX
2025-06-30,United States,Talen Energy Corp,Utilities,1702015610,168188346,1.27%,1.27,,Both,TLN
2025-06-30,United States,TXNM Energy Inc,Utilities,997397632,98560000,1.89%,1.89,,Both,TXNM
2025-06-30,United States,UGI Corp,Utilities,1203629368,118939234,1.52%,1.52,,Both,UGI
2025-06-30,United States,Vistra Corp,Utilities,9273488731,916379807,1.39%,1.39,,Both,VST
2025-06-30,United States,Waste Management Inc,Utilities,10551267216,1042646246,1.13%,1.13,,Market Value,WM
