Name,Country,Industry,mvUsd
1&1 AG,Germany,Telecommunications,14234423
10X Genomics Inc,United States,Health Care,841565
11 bit studios SA,Poland,Consumer Discretionary,737611
1st Source Corp,United States,Financials,855200
2G Energy AG,Germany,Energy,5540102
360 ONE WAM Ltd,India,Financials,128234335
3BB Internet Infrastructure Fund,Thailand,Telecommunications,5377006
3DG Holdings International Ltd,Hong Kong,Consumer Discretionary,16790
3M Co,United States,Industrials,1246346710
3M India Ltd,India,Industrials,11714045
3SBio Inc,China,Health Care,58006069
3billion Inc,South Korea,Health Care,4392345
3i Group PLC,United Kingdom,Financials,1137124634
3peak Inc,China,Technology,3873156
4D Molecular Therapeutics Inc,United States,Health Care,201152
4imprint Group PLC,United Kingdom,Consumer Discretionary,24137353
7-Eleven Malaysia Holdings Bhd,Malaysia,Consumer Staples,12623346
77 Bank Ltd/The,Japan,Financials,20807475
99 Speed Mart Retail Holdings Bhd,Malaysia,Consumer Staples,12050075
A O Smith Corp,United States,Industrials,91938582
A-Living Smart City Services Co Ltd,China,Real Estate,1115
A10 Networks Inc,United States,Technology,508363
A2A SpA,Italy,Utilities,55099498
AAC Technologies Holdings Inc,Hong Kong,Technology,70216573
AAK AB,Sweden,Consumer Staples,54065223
AAON Inc,United States,Industrials,51440846
AAR Corp,United States,Industrials,2062393
AB Grigeo,Lithuania,Basic Materials,2894933
AB SA,Poland,Technology,11977322
ABB India Ltd,India,Industrials,41456303
ABB Ltd,Switzerland,Industrials,1748024025
ABC-Mart Inc,Japan,Consumer Discretionary,52833901
ABLBio Inc,South Korea,Health Care,46985055
ABM Industries Inc,United States,Industrials,38434275
ABN AMRO Bank NV,Netherlands,Financials,311976613
ABSA Bank Kenya PLC,Kenya,Financials,16450547
ACADIA Pharmaceuticals Inc,United States,Health Care,31678716
ACEA SpA,Italy,Utilities,13623322
ACI Worldwide Inc,United States,Industrials,47550318
ACL Cables PLC,Sri Lanka,Industrials,3619561
ACM Research Inc,United States,Technology,33497532
ACS Actividades de Construccion y Servicios SA,Spain,Industrials,224947301
ACSL LTD,Japan,Industrials,568393
ADATA Technology Co Ltd,Taiwan,Technology,15554835
ADEKA Corp,Japan,Basic Materials,15106993
ADMA Biologics Inc,United States,Health Care,19680603
ADNH Catering Plc,United Arab Emirates,Consumer Discretionary,7776454
ADNOC Logistics & Services,United Arab Emirates,Industrials,46302508
ADT Inc,United States,Industrials,219824985
ADTRAN Holdings Inc,United States,Telecommunications,1776957
AECI Ltd,South Africa,Basic Materials,6714415
AECOM,United States,Industrials,200879401
AEM Holdings Ltd,Singapore,Technology,40415
AEON Financial Service Co Ltd,Japan,Financials,24574860
AEON REIT Investment Corp,Japan,Real Estate,26976108
AEON Thana Sinsap Thailand PCL,Thailand,Financials,35431498
AFC-HD AMS Life Science Co Ltd,Japan,Consumer Staples,987600
AFFIN Bank Bhd,Malaysia,Financials,14701910
AFRY AB,Sweden,Industrials,30567920
AG Anadolu Grubu Holding AS,Türkiye,Industrials,15901316
AG Barr PLC,United Kingdom,Consumer Staples,865831
AGC Inc,Japan,Industrials,48528224
AGCO Corp,United States,Industrials,78650835
AGNC Investment Corp,United States,Financials,109814370
AIA Engineering Ltd,India,Industrials,12783292
AIA Group Ltd,Hong Kong,Financials,1894319553
AIB Group PLC,Ireland,Financials,439261747
AIMA Technology Group Co Ltd,China,Consumer Discretionary,3601585
AIMS APAC REIT,Singapore,Real Estate,12113483
AIRO Group Holdings Inc,United States,Industrials,481400
AIXTRON SE,Germany,Technology,19205986
AJ Bell PLC,United Kingdom,Financials,22455762
AK Medical Holdings Ltd,China,Health Care,886673
AKR Corporindo Tbk PT,Indonesia,Energy,42250241
AKWEL SADIR,France,Consumer Discretionary,2873214
ALI Corp,Taiwan,Technology,851
ALK-Abello A/S,Denmark,Health Care,86576474
ALS Ltd,Australia,Industrials,68728487
ALSO Holding AG,Switzerland,Technology,39257331
AMC Entertainment Holdings Inc,United States,Consumer Discretionary,238418
AME Elite Consortium Bhd,Malaysia,Industrials,4081575
AMERISAFE Inc,United States,Financials,2339555
AMETEK Inc,United States,Industrials,641737724
AMG Critical Materials NV,Netherlands,Industrials,7519243
AMMB Holdings Bhd,Malaysia,Financials,44587602
AMN Healthcare Services Inc,United States,Industrials,2095938
AMP Ltd,Australia,Financials,31853137
ANA Holdings Inc,Japan,Consumer Discretionary,28833543
ANDRITZ AG,Austria,Industrials,103589248
ANE Cayman Inc,China,Industrials,6763750
ANI Pharmaceuticals Inc,United States,Health Care,625421
ANSYS Inc,United States,Technology,657947099
ANTA Sports Products Ltd,China,Consumer Discretionary,364608688
ANZ Group Holdings Ltd,Australia,Financials,1179596901
AO World PLC,United Kingdom,Consumer Discretionary,389170
AOKI Holdings Inc,Japan,Consumer Discretionary,3149776
AP Memory Technology Corp,Taiwan,Technology,39611461
AP Moller - Maersk A/S,Denmark,Industrials,194999469
AP Thailand PCL,Thailand,Real Estate,396281
APA Group,Australia,Energy,104492464
APAM Corp,South Korea,Consumer Discretionary,14601
APERAM SA,Netherlands,Basic Materials,4777292
APG SGA SA,Switzerland,Consumer Discretionary,1065011
API Group Corp,United States,Industrials,154148895
APL Apollo Tubes Ltd,India,Basic Materials,105875416
APR Corp/Korea,South Korea,Consumer Discretionary,8149776
APT Medical Inc,China,Health Care,89139969
ARB Corp Ltd,Australia,Consumer Discretionary,13149414
ARCLANDS CORP,Japan,Consumer Discretionary,4883606
ARE Holdings Inc,Japan,Basic Materials,6386410
ARGAN SA,France,Real Estate,23989567
ARM Holdings PLC,United States,Technology,56993941
ARMOUR Residential REIT Inc,United States,Financials,1083438
ARS Pharmaceuticals Inc,United States,Health Care,7654024
ASAHI YUKIZAI CORP,Japan,Basic Materials,1363782
ASE Technology Holding Co Ltd,Taiwan,Technology,110920928
ASGN Inc,United States,Industrials,26147292
ASIA Holdings Co Ltd,South Korea,Basic Materials,20434442
ASKA Pharmaceutical Holdings Co Ltd,Japan,Health Care,369307
ASKUL Corp,Japan,Consumer Discretionary,2684565
ASM International NV,Netherlands,Technology,1372560568
ASML Holding NV,Netherlands,Technology,6906240089
ASMPT Ltd,Hong Kong,Technology,62320419
ASMedia Technology Inc,Taiwan,Technology,107295289
ASOS PLC,United Kingdom,Consumer Discretionary,4
ASPEED Technology Inc,Taiwan,Technology,179586196
ASR Nederland NV,Netherlands,Financials,838195263
ASROCK Inc,Taiwan,Technology,7175476
ASX Ltd,Australia,Financials,87911372
AT&T Inc,United States,Telecommunications,2182011724
ATI Inc,United States,Industrials,146725505
ATS Corp,Canada,Industrials,32702392
AU Small Finance Bank Ltd,India,Financials,38981089
AUB Group Ltd,Australia,Financials,46703950
AUO Corp,Taiwan,Technology,12997846
AURAS Technology Co Ltd,Taiwan,Technology,78270813
AVI Ltd,South Africa,Consumer Staples,23768913
AVZ Minerals Ltd,Australia,Basic Materials,1608213
AXA SA,France,Financials,3040459743
AZ-COM MARUWA Holdings Inc,Japan,Industrials,2435584
AZEK Co Inc/The,United States,Industrials,540511
AZOOM Co Ltd,Japan,Industrials,5528824
AZZ Inc,United States,Industrials,2054373
Aadhar Housing Finance Ltd,India,Financials,5962713
Aalberts NV,Netherlands,Industrials,71917689
Aarti Industries Ltd,India,Basic Materials,9599946
Aavas Financiers Ltd,India,Financials,46153312
AbCellera Biologics Inc,Canada,Health Care,2164117
AbClon Inc,South Korea,Health Care,46541
Abacus Group,Australia,Real Estate,3859091
Abacus Storage King,Australia,Real Estate,6750419
AbbVie Inc,United States,Health Care,4219478572
Abbott Laboratories,United States,Health Care,2977617286
Abercrombie & Fitch Co,United States,Consumer Discretionary,52354572
Aberdeen Group PLC,United Kingdom,Financials,4626115
Ability Enterprise Co Ltd,Taiwan,Consumer Discretionary,395627
Ability Opto-Electronics Technology Co Ltd,Taiwan,Consumer Discretionary,2255494
Abitare In SpA,Italy,Consumer Discretionary,3006794
Able Global Bhd,Malaysia,Consumer Staples,1935026
Aboitiz Equity Ventures Inc,Philippines,Industrials,241630
Absa Group Ltd,South Africa,Financials,216813541
Absolute Clean Energy PCL,Thailand,Utilities,1483434
Abu Dhabi Commercial Bank PJSC,United Arab Emirates,Financials,264349217
Abu Dhabi Islamic Bank PJSC,United Arab Emirates,Financials,105737443
Abu Dhabi National Oil Co for Distribution PJSC,United Arab Emirates,Energy,32993588
Abu Dhabi Ports Co PJSC,United Arab Emirates,Industrials,100523351
Academy Sports & Outdoors Inc,United States,Consumer Discretionary,30495714
Acadia Realty Trust,United States,Real Estate,2016962
Accelleron Industries AG,Switzerland,Industrials,143664881
Accent Group Ltd,Australia,Consumer Discretionary,3543354
Accenture PLC,United States,Industrials,2177805196
Access Co Ltd,Japan,Technology,3041199
Acciona SA,Spain,Industrials,79126193
Accor SA,France,Consumer Discretionary,268228217
Accton Technology Corp,Taiwan,Telecommunications,237587009
Acer Inc,Taiwan,Technology,273286
Acerinox SA,Spain,Basic Materials,61692463
Achilles Corp,Japan,Basic Materials,174735
Ackermans & van Haaren NV,Belgium,Industrials,124697278
Acom Co Ltd,Japan,Financials,18153164
Acotec Scientific Holdings Ltd,China,Health Care,455134
Acrow Ltd,Australia,Basic Materials,5993959
Acter Group Corp Ltd,Taiwan,Industrials,55738339
Action Construction Equipment Ltd,India,Industrials,4537921
Activia Properties Inc,Japan,Real Estate,28717635
Actron Technology Corp,Taiwan,Consumer Discretionary,221051
Acuity Inc,United States,Industrials,115594816
Acushnet Holdings Corp,United States,Consumer Discretionary,20963130
Acutaas Chemicals Ltd,India,Health Care,38720738
Adani Green Energy Ltd,India,Utilities,43920254
Adani Total Gas Ltd,India,Utilities,7312456
Adastria Co Ltd,Japan,Consumer Discretionary,7162490
AddTech AB,Sweden,Industrials,224989256
Addnode Group AB,Sweden,Technology,2217163
Adecco Group AG,Switzerland,Industrials,78626207
Adeia Inc,United States,Technology,974826
Adesso SE,Germany,Technology,864653
Adi Sarana Armada Tbk PT,Indonesia,Consumer Discretionary,3841227
Adicon Holdings Ltd,China,Health Care,607884
Adimmune Corp,Taiwan,Health Care,4546
Aditya Birla Capital Ltd,India,Financials,22584635
Aditya Birla Fashion and Retail Ltd,India,Consumer Discretionary,3861375
Aditya Birla Lifestyle Brands Ltd,India,Consumer Discretionary,4376072
Aditya Birla Real Estate Ltd,India,Basic Materials,15257208
Aditya Birla Sun Life Asset Management Co Ltd,India,Financials,62948305
Adlink Technology Inc,Taiwan,Technology,179878
Admiral Group PLC,United Kingdom,Financials,245560432
Adnoc Gas PLC,United Arab Emirates,Energy,186871192
Adobe Inc,United States,Technology,1995237654
Adris Grupa DD,Croatia,Consumer Staples,15216611
Adtalem Global Education Inc,United States,Consumer Discretionary,3750231
Advan Group Co Ltd,Japan,Industrials,289824
Advance Auto Parts Inc,United States,Consumer Discretionary,46
Advance Residence Investment Corp,Japan,Real Estate,43764045
Advanced Ceramic X Corp,Taiwan,Technology,1027386
Advanced Drainage Systems Inc,United States,Industrials,90988761
Advanced Echem Materials Co Ltd,Taiwan,Technology,31637387
Advanced Energy Industries Inc,United States,Technology,58765737
Advanced Energy Solution Holding Co Ltd,Taiwan,Industrials,7801588
Advanced Info Service PCL,Thailand,Telecommunications,154243984
Advanced International Multitech Co Ltd,Taiwan,Consumer Discretionary,560743
Advanced Micro Devices Inc,United States,Technology,3048947689
Advanced Nano Products Co Ltd,South Korea,Basic Materials,391416
Advanced Wireless Semiconductor Co,Taiwan,Technology,2394625
Advancetek Enterprise Co Ltd,Taiwan,Real Estate,8651530
Advantech Co Ltd,Taiwan,Technology,75822723
Advantest Corp,Japan,Technology,829557579
Advtech Ltd,South Africa,Consumer Discretionary,25291412
Adyen NV,Netherlands,Industrials,1604926024
Aedas Homes SA,Spain,Consumer Discretionary,83976
Aedifica SA,Belgium,Real Estate,66411644
Aegean Airlines SA,Greece,Consumer Discretionary,7446904
Aegis Logistics Ltd,India,Energy,11692208
Aegis Vopak Terminals Ltd,India,Energy,53998728
Aegon Ltd,Netherlands,Financials,558181450
Aena SME SA,Spain,Industrials,331138622
Aeon Co Ltd,Japan,Consumer Staples,42866119
Aeon Delight Co Ltd,Japan,Industrials,4864329
Aeon Fantasy Co Ltd,Japan,Consumer Discretionary,10219361
Aeon Hokkaido Corp,Japan,Consumer Discretionary,2222423
Aeon Mall Co Ltd,Japan,Real Estate,33120119
AerCap Holdings NV,United States,Industrials,316686240
AeroVironment Inc,United States,Industrials,75690129
Aeroports de Paris SA,France,Industrials,82174779
Afcons Infrastructure Ltd,India,Industrials,7022006
Affiliated Managers Group Inc,United States,Financials,71778941
Affirm Holdings Inc,United States,Industrials,194498356
Affle 3i Ltd,India,Technology,14576731
Aflac Inc,United States,Financials,421500313
African Rainbow Minerals Ltd,South Africa,Basic Materials,46733472
Afrimat Ltd,South Africa,Basic Materials,9823680
AfroCentric Investment Corp Ltd,South Africa,Health Care,2368715
Ageas SA/NV,Belgium,Financials,79406041
Agilent Technologies Inc,United States,Health Care,388023371
Agility Global PLC,United Arab Emirates,Industrials,8402151
Agility Public Warehousing Co KSC,Kuwait,Industrials,668667
Agios Pharmaceuticals Inc,United States,Health Care,224705
Agnico Eagle Mines Ltd,Canada,Basic Materials,996265012
Agrana Beteiligungs AG,Austria,Consumer Staples,452635
Agree Realty Corp,United States,Real Estate,65029610
Agthia Group PJSC,United Arab Emirates,Consumer Staples,29669720
Aguas Andinas SA,Chile,Utilities,5768976
Ahluwalia Contracts India Ltd,India,Industrials,6957337
Ai Holdings Corp,Japan,Technology,3626799
Aica Kogyo Co Ltd,Japan,Basic Materials,23040949
Aichi Corp,Japan,Industrials,1686040
Aichi Financial Group Inc,Japan,Financials,3382852
Aichi Steel Corp,Japan,Basic Materials,5355630
Aida Engineering Ltd,Japan,Industrials,1719263
Aier Eye Hospital Group Co Ltd,China,Health Care,305
Aiful Corp,Japan,Financials,7116653
Ain Holdings Inc,Japan,Consumer Staples,7828205
Aiphone Co Ltd,Japan,Telecommunications,511156
Air Arabia PJSC,United Arab Emirates,Consumer Discretionary,39336672
Air Canada,Canada,Consumer Discretionary,32313335
Air China Ltd,China,Consumer Discretionary,16986380
Air France-KLM,France,Consumer Discretionary,28223009
Air Lease Corp,United States,Industrials,71910414
Air Liquide SA,France,Basic Materials,2483622535
Air New Zealand Ltd,New Zealand,Consumer Discretionary,5040194
Air Products and Chemicals Inc,United States,Basic Materials,1006984662
Air Water Inc,Japan,Basic Materials,46930256
AirAsia X Bhd,Malaysia,Consumer Discretionary,2852365
Airbnb Inc,United States,Consumer Discretionary,466796530
Airoha Technology Corp,Taiwan,Technology,10033205
Airport City Ltd,Israel,Real Estate,1830131
Airport Facilities Co Ltd,Japan,Real Estate,309212
Airports of Thailand PCL,Thailand,Industrials,12525115
Airtac International Group,Taiwan,Industrials,57418018
Airtel Africa PLC,United Kingdom,Telecommunications,40967397
Aisan Industry Co Ltd,Japan,Consumer Discretionary,2753467
Aisin Corp,Japan,Consumer Discretionary,130313266
Aitken Spence PLC,Sri Lanka,Industrials,5239618
Ajanta Pharma Ltd,India,Health Care,14074888
Ajinomoto Co Inc,Japan,Consumer Staples,376902064
Akamai Technologies Inc,United States,Technology,252948790
Akatsuki Inc,Japan,Consumer Discretionary,1447108
Akbank TAS,Türkiye,Financials,114534262
Akdital Holding,Morocco,Health Care,2043902
Akero Therapeutics Inc,United States,Health Care,5890464
Akeso Inc,China,Health Care,260491059
Aksa Akrilik Kimya Sanayii AS,Türkiye,Basic Materials,26882439
Aktor SA Holding Company Technical And Energy Projects,Greece,Industrials,5368016
Akzo Nobel India Ltd,India,Industrials,3944122
Akzo Nobel NV,Netherlands,Basic Materials,240440707
Al Rayan Bank,Qatar,Financials,1
Alamos Gold Inc,Canada,Basic Materials,156429085
Alamtri Minerals Indonesia Tbk PT,Indonesia,Energy,11510444
Alar Pharmaceuticals Inc,Taiwan,Health Care,504382
Alarm.com Holdings Inc,United States,Technology,33459232
Alaska Air Group Inc,United States,Consumer Discretionary,21484562
Albemarle Corp,United States,Basic Materials,29442178
Albertsons Cos Inc,United States,Consumer Staples,320612745
Alchip Technologies Ltd,Taiwan,Technology,204376795
Alcoa Corp,United States,Basic Materials,97977273
Alcon AG,Switzerland,Health Care,1043434280
Alconix Corp,Japan,Basic Materials,236298
Alcor Micro Corp/Taiwan,Taiwan,Technology,6718883
Aldar Properties PJSC,United Arab Emirates,Real Estate,143123983
Alef Education Holding PLC,United Arab Emirates,Consumer Discretionary,7238733
Alembic Pharmaceuticals Ltd,India,Health Care,5743027
Alexander & Baldwin Inc,United States,Real Estate,6359248
Alexander Forbes Group Holdings Ltd,South Africa,Financials,18633345
Alexander's Inc,United States,Real Estate,521616
Alexandria Real Estate Equities Inc,United States,Real Estate,1192707490
Alfa Laval AB,Sweden,Industrials,288033137
Alfa SAB de CV,Mexico,Consumer Staples,106298863
Alfen N.V.,Netherlands,Industrials,4058697
Alfresa Holdings Corp,Japan,Health Care,42939158
Algonquin Power & Utilities Corp,Canada,Utilities,51233246
Ali Alghanim Sons Automotive Co KSCC,Kuwait,Consumer Discretionary,27986624
Alibaba Group Holding Ltd,China,Consumer Discretionary,5810429170
Alibaba Health Information Technology Ltd,China,Consumer Staples,35256351
Alibaba Pictures Group Ltd,China,Consumer Discretionary,8561
Alight Inc,United States,Industrials,28595741
Align Technology Inc,United States,Health Care,152512888
Alignment Healthcare Inc,United States,Health Care,475748
Alimentation Couche-Tard Inc,Canada,Consumer Discretionary,491640482
Alior Bank SA,Poland,Financials,4832002
Alivus Life Sciences Ltd,India,Health Care,5182780
Alkane Resources Ltd,Australia,Basic Materials,406857
Alkem Laboratories Ltd,India,Health Care,67460714
Alkermes PLC,United States,Health Care,53326036
Alkyl Amines Chemicals,India,Basic Materials,3994454
All Ring Tech Co Ltd,Taiwan,Technology,34561002
AllDay Marts Inc,Philippines,Consumer Staples,1092191
AllHome Corp,Philippines,Consumer Discretionary,933313
Allcargo Logistics Ltd,India,Industrials,1050453
Allegion plc,United States,Industrials,107275722
Allegro MicroSystems Inc,United States,Technology,48137571
Allegro.eu SA,Poland,Consumer Discretionary,214557690
Alleima AB,Sweden,Basic Materials,30457041
Allfunds Group Plc,Netherlands,Financials,60951463
Alliance Aviation Services Ltd,Australia,Consumer Discretionary,8322277
Alliance Bank Malaysia Bhd,Malaysia,Financials,15926208
Alliance International Education Leasing Holdings Ltd,China,Financials,3403
Allianz Malaysia Bhd,Malaysia,Financials,7166413
Allianz SE,Germany,Financials,2508485964
Allied Supreme Corp,Taiwan,Basic Materials,7213019
Allis Electric Co Ltd,Taiwan,Industrials,3019667
Allison Transmission Holdings Inc,United States,Industrials,100346866
Allos SA,Brazil,Real Estate,72210553
Allreal Holding AG,Switzerland,Real Estate,78069730
Allstate Corp/The,United States,Financials,471823735
Ally Financial Inc,United States,Financials,93816333
Alm Brand A/S,Denmark,Financials,42933370
Almendral SA,Chile,Telecommunications,6108562
Almirall SA,Spain,Health Care,20983428
Alnylam Pharmaceuticals Inc,United States,Health Care,659887137
Alok Industries Ltd,India,Basic Materials,1880603
Alony Hetz Properties & Investments Ltd,Israel,Real Estate,2269192
Alpek SAB de CV,Mexico,Basic Materials,14097296
Alpen Co Ltd,Japan,Consumer Discretionary,3860689
Alpha Bank SA,Greece,Financials,156542156
Alpha Data PJSC,United Arab Emirates,Technology,3075990
Alpha Dhabi Holding PJSC,United Arab Emirates,Industrials,1004669
Alpha IVF Group Bhd,Malaysia,Health Care,4323341
Alpha Metallurgical Resources Inc,United States,Energy,542716
Alpha Networks Inc,Taiwan,Telecommunications,959248
Alphabet Inc,United States,Technology,26165252659
Alphamab Oncology,China,Health Care,782
Alphawave IP Group PLC,United Kingdom,Technology,16747237
Alps Alpine Co Ltd,Japan,Technology,33741608
Alrosa PJSC,Russia,Basic Materials,1031026
Alsea SAB de CV,Mexico,Consumer Discretionary,124327279
Alstom SA,France,Industrials,290042880
AltaGas Ltd,Canada,Utilities,110787221
Altaba Inc,United States,Financials,4263078
Altarea SCA,France,Real Estate,16153913
Altek Corp,Taiwan,Consumer Discretionary,366722
Alten SA,France,Technology,55470693
Alteogen Inc,South Korea,Health Care,145925461
Alterity Therapeutics ltd,Australia,Health Care,403963
Alternergy Holdings Corp,Philippines,Utilities,1437990
Altice USA Inc,United States,Telecommunications,2575867
Altron Ltd,South Africa,Technology,5547388
Altus SA,Poland,Financials,47745
Alupar Investimento SA,Brazil,Utilities,24366837
Alvotech SA,Iceland,Health Care,1649127
AlzChem Group AG,Germany,Basic Materials,15478386
AmTRAN Technology Co Ltd,Taiwan,Consumer Discretionary,272428
Amada Co Ltd,Japan,Industrials,98324133
Amadeus IT Group SA,Spain,Technology,964267831
Amano Corp,Japan,Industrials,28120697
Amara Raja Energy & Mobility Ltd,India,Industrials,15953242
Amata Corp PCL,Thailand,Real Estate,8340261
Amazing Microelectronic Corp,Taiwan,Technology,321611
Amazon.com Inc,United States,Consumer Discretionary,27280235373
Ambac Financial Group Inc,United States,Financials,532500
Ambassador Hotel/The,Taiwan,Consumer Discretionary,216125
Amber Enterprises India Ltd,India,Consumer Discretionary,20637581
Ambev SA,Brazil,Consumer Staples,62778514
Ambipar Participacoes e Empreendimentos S/A,Brazil,Utilities,1786892
Ambra SA,Poland,Consumer Staples,3158615
Ambu A/S,Denmark,Health Care,50361744
Ambuja Cements Ltd,India,Industrials,59138393
Amcor PLC,United States,Industrials,324511526
Amdocs Ltd,United States,Technology,114324
Amedisys Inc,United States,Health Care,88761063
Amentum Holdings Inc,United States,Industrials,51012710
Amer Sports Inc,United States,Consumer Discretionary,77476201
America Movil SAB de CV,Mexico,Telecommunications,55830820
American Airlines Group Inc,United States,Consumer Discretionary,15103668
American Assets Trust Inc,United States,Real Estate,2083487
American Eagle Outfitters Inc,United States,Consumer Discretionary,34517
American Express Co,United States,Industrials,1860688171
American Financial Group Inc/OH,United States,Financials,106707147
American Healthcare REIT Inc,United States,Real Estate,24607350
American Homes 4 Rent,United States,Real Estate,796705936
American International Group Inc,United States,Financials,777181764
American States Water Co,United States,Utilities,37846122
American Tower Corp,United States,Real Estate,1383691069
American Water Works Co Inc,United States,Utilities,338975319
American Well Corp,United States,Health Care,249542
Americana Restaurants International PLC - Foreign Co,United Arab Emirates,Consumer Discretionary,49003297
Americold Realty Trust Inc,United States,Real Estate,206317185
Ameriprise Financial Inc,United States,Financials,683084200
Ameris Bancorp,United States,Financials,53623619
Amgen Inc,United States,Health Care,1632359663
Amicogen Inc,South Korea,Health Care,8632
Amicus Therapeutics Inc,United States,Health Care,18539633
Amkor Technology Inc,United States,Technology,17221371
Amlex Holdings Bhd,Malaysia,Technology,460159
Amman Mineral Internasional PT,Indonesia,Basic Materials,10149366
Amorepacific Corp,South Korea,Consumer Discretionary,20214061
Amorepacific Holdings Corp,South Korea,Consumer Discretionary,422932
Amos Luzon Development and Energy Group Ltd,Israel,Industrials,6890115
Amot Investments Ltd,Israel,Real Estate,2017874
Amotiv Ltd,Australia,Consumer Discretionary,17198562
Amoy Diagnostics Co Ltd,China,Health Care,1803276
Amphastar Pharmaceuticals Inc,United States,Health Care,23
Amphenol Corp,United States,Technology,2127951900
Amplifon SpA,Italy,Health Care,65247738
Ampol Ltd,Australia,Energy,68051662
Amrize Ltd,Switzerland,Industrials,663332792
Amundi SA,France,Financials,46482507
Amuse Inc,Japan,Consumer Discretionary,236205
Amvis Holdings Inc,Japan,Health Care,1652593
Anadolu Efes Biracilik Ve Malt Sanayii AS,Türkiye,Consumer Staples,10592629
Analog Devices Inc,United States,Technology,1832161568
Anand Rathi Wealth Ltd,India,Financials,10857579
Anant Raj Ltd,India,Real Estate,13622012
Ancom Nylex Bhd,Malaysia,Basic Materials,3764743
Andersons Inc/The,United States,Consumer Staples,1036350
Andes Technology Corp,Taiwan,Technology,15208476
Andino Investment Holding SAA,Peru,Industrials,1833564
Aneka Tambang Tbk,Indonesia,Basic Materials,13363143
Anest Iwata Corp,Japan,Industrials,356434
Angang Steel Co Ltd,China,Basic Materials,3747665
Angel One Ltd,India,Financials,26536235
Angelalign Technology Inc,China,Health Care,316248
Angi Inc,United States,Technology,7209969
Anglo American PLC,United Kingdom,Basic Materials,892419207
Anglogold Ashanti Plc,South Africa,Basic Materials,547250741
Anheuser-Busch InBev SA/NV,Belgium,Consumer Staples,1257698963
Anhui Expressway Co Ltd,China,Industrials,11691516
Anhui Gujing Distillery Co Ltd,China,Consumer Staples,20592034
Anhui Zhongding Sealing Parts Co Ltd,China,Consumer Discretionary,27280013
Anicom Holdings Inc,Japan,Financials,3238880
Anima Holding SpA,Italy,Financials,2973356
Anji Microelectronics Technology Shanghai Co Ltd,China,Technology,12503158
Anjoy Foods Group Co Ltd,China,Consumer Staples,4217948
Anker Innovations Technology Co Ltd,China,Consumer Discretionary,11019445
Annaly Capital Management Inc,United States,Financials,128275426
Annehem Fastigheter AB,Sweden,Real Estate,626649
Anpec Electronics Corp,Taiwan,Technology,422806
Anritsu Corp,Japan,Telecommunications,14658210
Ansell Ltd,Australia,Health Care,35128231
AntarChile SA,Chile,Financials,42792755
Antares Vision SpA,Italy,Industrials,10107720
Antero Midstream Corp,United States,Energy,80504451
Antin Infrastructure Partners SA,France,Financials,17694019
Antofagasta PLC,United Kingdom,Basic Materials,35590268
Anycolor Inc,Japan,Consumer Discretionary,33536362
Aon PLC,United States,Financials,738823560
Aoyama Trading Co Ltd,Japan,Consumer Discretionary,5518779
Aozora Bank Ltd,Japan,Financials,25906176
Apar Industries Ltd,India,Industrials,83719076
Apartment Investment and Management Co,United States,Real Estate,6404979
Apellis Pharmaceuticals Inc,United States,Health Care,40976647
Apex Dynamics Inc,Taiwan,Industrials,14723744
Apex International Co Ltd,Taiwan,Technology,751
Apogee Enterprises Inc,United States,Industrials,355006
Apogee Therapeutics Inc,United States,Health Care,13098879
Apollo Commercial Real Estate Finance Inc,United States,Financials,1145676
Apollo Global Management Inc,United States,Financials,994352460
Apollo Hospitals Enterprise Ltd,India,Health Care,138665549
Apollo Tyres Ltd,India,Consumer Discretionary,23926032
Apotea Sverige AB,Sweden,Consumer Staples,2179041
AppLovin Corp,United States,Technology,933720773
Appfolio Inc,United States,Technology,34424787
Appian Corp,United States,Technology,53360
Appier Group Inc,Japan,Technology,5003261
Apple Hospitality REIT Inc,United States,Real Estate,15614367
Apple Inc,United States,Technology,38344977557
Applied Industrial Technologies Inc,United States,Industrials,107228255
Applied Materials Inc,United States,Technology,1576422544
Applied Optoelectronics Inc,United States,Telecommunications,37943873
AptarGroup Inc,United States,Industrials,118181614
Aptitude Software Group PLC,United Kingdom,Technology,7471286
Aptiv PLC,United States,Consumer Discretionary,184417079
Aptus Value Housing Finance India Ltd,India,Financials,27959789
Arakawa Chemical Industries Ltd,Japan,Basic Materials,988176
Aramark,United States,Consumer Discretionary,135218369
Aramex PJSC,United Arab Emirates,Industrials,17547163
Aramis Group SAS,France,Consumer Discretionary,288249
Arata Corp,Japan,Consumer Staples,4696061
Arbonia AG,Switzerland,Industrials,679420
Arbor Realty Trust Inc,United States,Financials,1724904
ArcBest Corp,United States,Industrials,1094928
Arca Continental SAB de CV,Mexico,Consumer Staples,50003285
Arcadis NV,Netherlands,Industrials,84209961
Arcadyan Technology Corp,Taiwan,Telecommunications,18491293
Arcelik AS,Türkiye,Consumer Discretionary,5233267
Arcellx Inc,United States,Health Care,14364848
ArcelorMittal SA,Netherlands,Basic Materials,292785037
Arch Capital Group Ltd,United States,Financials,558319511
Archean Chemical Industries Ltd,India,Basic Materials,3853025
Archer-Daniels-Midland Co,United States,Consumer Staples,334971912
Archicom SA,Poland,Consumer Discretionary,19907407
Archrock Inc,United States,Energy,3295512
Arcosa Inc,United States,Industrials,49475165
Arcs Co Ltd,Japan,Consumer Staples,3053058
Arctech Solar Holding Co Ltd,China,Energy,29289050
Arctic Paper SA,Poland,Basic Materials,3885161
Arcutis Biotherapeutics Inc,United States,Health Care,2450976
Ardagh Metal Packaging SA,United States,Industrials,1251712
Ardentec Corp,Taiwan,Technology,20779346
Arena REIT,Australia,Real Estate,12908652
Ares Management Corp,United States,Financials,322120997
Argenx SE,Belgium,Health Care,1027418024
Argo Graphics Inc,Japan,Technology,3779985
Argo Properties NV,Germany,Real Estate,9642160
Argosy Property Ltd,New Zealand,Real Estate,4873878
Ariake Japan Co Ltd,Japan,Consumer Staples,37324434
Arista Networks Inc,United States,Telecommunications,1204419000
Aristocrat Leisure Ltd,Australia,Consumer Discretionary,378265929
Ariston Holding NV,Italy,Industrials,64859666
Aritzia Inc,Canada,Consumer Discretionary,4343
Arkema SA,France,Basic Materials,172774835
Armstrong World Industries Inc,United States,Industrials,84412108
Arnoldo Mondadori Editore SpA,Italy,Consumer Discretionary,19228736
Aroa Biosurgery Ltd,New Zealand,Health Care,2026437
Aroundtown SA,Germany,Real Estate,83086060
Array Technologies Inc,United States,Energy,776493
Arrow Electronics Inc,United States,Technology,11368922
Arrowhead Pharmaceuticals Inc,United States,Health Care,30414321
Artea bankas AB,Lithuania,Financials,9122488
Arthur J Gallagher & Co,United States,Financials,1519460784
Artience Co Ltd,Japan,Basic Materials,3471179
Artisan Partners Asset Management Inc,United States,Financials,2621144
Artnature Inc,Japan,Consumer Staples,283425
Arvinas Inc,United States,Health Care,775751
Arvind Ltd,India,Basic Materials,6431857
Arwana Citramulia Tbk PT,Indonesia,Industrials,4034793
Aryzta AG,Switzerland,Consumer Staples,3044165
As One Corp,Japan,Health Care,28454360
Asahi Co Ltd,Japan,Consumer Discretionary,114089
Asahi Group Holdings Ltd,Japan,Consumer Staples,561738096
Asahi India Glass Ltd,India,Consumer Discretionary,10599517
Asahi Intecc Co Ltd,Japan,Health Care,43176890
Asahi Kasei Corp,Japan,Basic Materials,94907652
Asana Inc,United States,Technology,798701
Asanuma Corp,Japan,Industrials,458050
Asbury Automotive Group Inc,United States,Consumer Discretionary,77543629
Ascendis Pharma A/S,Denmark,Health Care,22355325
Ascentage Pharma Group International,China,Health Care,37776382
Ascentech KK,Japan,Technology,477995
Ascom Holding AG,Switzerland,Telecommunications,995850
Aselsan Elektronik Sanayi Ve Ticaret AS,Türkiye,Industrials,81475617
Ashimori Industry Co Ltd,Japan,Consumer Discretionary,780610
Ashmore Group PLC,United Kingdom,Financials,456885
Ashok Leyland Ltd,India,Industrials,149970328
Ashtead Group PLC,United Kingdom,Industrials,693057587
Asia Aviation PCL,Thailand,Consumer Discretionary,2589480
Asia Cement Co Ltd,South Korea,Industrials,14589426
Asia Cement Corp,Taiwan,Industrials,3994187
Asia Commercial Bank JSC,Vietnam,Financials,18057663
Asia Optical Co Inc,Taiwan,Consumer Discretionary,17223393
Asia Pile Holdings Corp,Japan,Industrials,2767625
Asia Poly Holdings Bhd,Malaysia,Basic Materials,853349
Asia Polymer Corp,Taiwan,Basic Materials,503176
Asia Sermkij Leasing PCL,Thailand,Financials,1468083
Asia Vital Components Co Ltd,Taiwan,Technology,231435036
AsiaInfo Technologies Ltd,China,Technology,462830
Asian Paints Ltd,India,Industrials,130032842
Asiana Airlines Inc,South Korea,Consumer Discretionary,350359
Asics Corp,Japan,Consumer Discretionary,523528868
Asker Healthcare Group AB,Sweden,Health Care,31109136
Asmodee Group AB,Sweden,Consumer Discretionary,67035132
Aspen Group Ltd/Australia,Australia,Real Estate,11640816
Aspen Insurance Holdings Ltd,United States,Financials,3776400
Aspen Pharmacare Holdings Ltd,South Africa,Health Care,24677609
Aspirasi Hidup Indonesia Tbk PT,Indonesia,Consumer Discretionary,7239554
Assa Abloy AB,Sweden,Industrials,574359697
Asseco Poland SA,Poland,Technology,1112233
Asset Five Group PCL,Thailand,Real Estate,1607130
Asset World Corp PCL,Thailand,Real Estate,6638302
Assetwise PCL,Thailand,Real Estate,2067044
Associated Banc-Corp,United States,Financials,48373150
Associated British Foods PLC,United Kingdom,Consumer Staples,134758480
Assura PLC,United Kingdom,Real Estate,67630474
Assurant Inc,United States,Financials,131300042
Assured Guaranty Ltd,United States,Financials,45605908
Astellas Pharma Inc,Japan,Health Care,275541628
Aster DM Healthcare Ltd,India,Health Care,18019141
Astera Labs Inc,United States,Technology,40104344
Aston Martin Lagonda Global Holdings PLC,United Kingdom,Consumer Discretionary,10635267
Astor Transformator Enerji Turizm Insaat Ve Petrol Sanayi Ticaret AS,Türkiye,Industrials,15556485
Astra Microwave Products Ltd,India,Telecommunications,4745321
Astra Otoparts Tbk PT,Indonesia,Consumer Discretionary,1827163
AstraZeneca PLC,United Kingdom,Health Care,4178577217
AstraZeneca Pharma India Ltd,India,Health Care,5609883
Astral Foods Ltd,South Africa,Consumer Staples,8047296
Astral Ltd,India,Industrials,23835059
Astramina Group Bhd,Malaysia,Consumer Staples,950006
Astro Malaysia Holdings Bhd,Malaysia,Consumer Discretionary,5139584
Astroscale Holdings Inc,Japan,Industrials,193568
Asustek Computer Inc,Taiwan,Technology,182013794
Asymchem Laboratories Tianjin Co Ltd,China,Health Care,37639654
Atal SA/Poland,Poland,Consumer Discretionary,19149900
Atco Ltd/Canada,Canada,Utilities,31985073
Ategrity Specialty Holdings LLC,United States,Financials,860800
Athens International Airport SA,Greece,Industrials,81142
Athens Water Supply & Sewage Co SA,Greece,Utilities,11562504
Atinum Investment Co Ltd,South Korea,Financials,268554
AtkinsRealis Group Inc,Canada,Industrials,155223734
Atkore Inc,United States,Industrials,467253
Atlanta Braves Holdings Inc,United States,Consumer Discretionary,125954
Atlantic Grupa dd,Croatia,Consumer Staples,1648085
Atlantic Union Bankshares Corp,United States,Financials,3404765
Atlas Arteria Ltd,Australia,Industrials,44886844
Atlas Copco AB,Sweden,Industrials,1389665188
Atlassian Corp,United States,Technology,380480585
Atmos Energy Corp,United States,Utilities,277370414
Atmus Filtration Technologies Inc,United States,Industrials,36
Atom Corp,Japan,Consumer Discretionary,49804
Atoss Software SE,Germany,Technology,45658706
Atour Lifestyle Holdings Ltd,China,Consumer Discretionary,133237489
Atrae Inc,Japan,Technology,286841
Atresmedia Corp de Medios de Comunicacion SA,Spain,Consumer Discretionary,886185
AtriCure Inc,United States,Health Care,342053
Atrium Ljungberg AB,Sweden,Real Estate,16809306
Attijariwafa Bank,Morocco,Financials,9241330
Atul Ltd,India,Basic Materials,14850426
Auckland International Airport Ltd,New Zealand,Industrials,114793808
Auction Technology Group PLC,United Kingdom,Technology,567031
Audinate Group Ltd,Australia,Technology,3454055
Aumas Resources Bhd,Malaysia,Basic Materials,6637280
Auren Energia SA,Brazil,Utilities,562835
AurionPro Solutions Ltd,India,Technology,4323821
Aurizon Holdings Ltd,Australia,Industrials,56476692
Aurobindo Pharma Ltd,India,Health Care,42132413
Aurora Design PCL,Thailand,Consumer Discretionary,3751206
Aurora Innovation Inc,United States,Industrials,42420661
Aurubis AG,Germany,Basic Materials,7370101
Aussie Broadband Ltd,Australia,Telecommunications,13548619
Austal Ltd,Australia,Industrials,20798887
Australian Agricultural Co Ltd,Australia,Consumer Staples,2677778
Australian Clinical Labs Ltd,Australia,Health Care,6796873
Australian Ethical Investment Ltd,Australia,Financials,1373486
Australian Finance Group Ltd,Australia,Financials,5995475
Auto Partner SA,Poland,Consumer Discretionary,22090514
Auto Trader Group PLC,United Kingdom,Technology,230036113
Auto1 Group SE,Germany,Consumer Discretionary,107588276
AutoNation Inc,United States,Consumer Discretionary,62612692
AutoWallis Nyrt,Hungary,Financials,1380040
AutoZone Inc,United States,Consumer Discretionary,968246102
Autobacs Seven Co Ltd,Japan,Consumer Discretionary,4023106
Autodesk Inc,United States,Technology,787772376
Autohellas Tourist and Trading SA,Greece,Consumer Discretionary,21366039
Autohome Inc,China,Technology,12120294
Autoliv Inc,United States,Consumer Discretionary,134143679
Automatic Data Processing Inc,United States,Industrials,670656200
Autoneum Holding AG,Switzerland,Consumer Discretionary,786591
Autopedia Sukses Lestari Tbk PT,Indonesia,Consumer Discretionary,108651
AvalonBay Communities Inc,United States,Real Estate,1388261738
Avangaad Bhd,Malaysia,Industrials,2285952
Avant Group Corp,Japan,Technology,120318
Avanti Feeds Ltd,India,Consumer Staples,6787626
Avantor Inc,United States,Health Care,106361781
Avanza Bank Holding AB,Sweden,Financials,11537279
AvePoint Inc,United States,Technology,8090890
Avenue Supermarts Ltd,India,Consumer Staples,83272837
Avery Dennison Corp,United States,Basic Materials,171540349
Avex Inc,Japan,Consumer Discretionary,4066666
Avia Avian Tbk PT,Indonesia,Industrials,6093289
Avidity Biosciences Inc,United States,Health Care,28261351
Avient Corp,United States,Basic Materials,36766971
Avis Budget Group Inc,United States,Consumer Discretionary,6789893
Avista Corp,United States,Utilities,29674168
Aviva PLC,United Kingdom,Financials,387895622
Avnet Inc,United States,Technology,43267684
Avolta AG,Switzerland,Consumer Discretionary,112985274
Avon Technologies PLC,United Kingdom,Industrials,22607065
Awa Bank Ltd/The,Japan,Financials,6159889
Axalta Coating Systems Ltd,United States,Industrials,31707643
Axcelis Technologies Inc,United States,Technology,4352001
Axfood AB,Sweden,Consumer Staples,42407672
Axial Retailing Inc,Japan,Consumer Staples,3565544
Axiata Group Bhd,Malaysia,Telecommunications,44164721
Axis Bank Ltd,India,Financials,947152451
Axis Capital Holdings Ltd,United States,Financials,100682560
Axogen Inc,United States,Health Care,662935
Axon Enterprise Inc,United States,Industrials,682037929
Axsome Therapeutics Inc,United States,Health Care,63393020
Axtra Future City Freehold and Leasehold Real Estate Investment Trust,Thailand,Real Estate,2463673
Ayala Corp,Philippines,Real Estate,44643053
Ayala Land Inc,Philippines,Real Estate,110198857
AyalaLand Logistics Holdings Corp,Philippines,Real Estate,1096859
Ayvens SA,France,Consumer Discretionary,54658115
Azbil Corp,Japan,Industrials,79581230
Azelis Group NV,Belgium,Industrials,122871137
Azimut Holding SpA,Italy,Financials,111250902
Azorim-Investment Development & Construction Co Ltd,Israel,Consumer Discretionary,848254
Azrieli Group Ltd,Israel,Real Estate,30769879
Azzas 2154 SA,Brazil,Consumer Discretionary,20170690
B Grimm Power PCL,Thailand,Utilities,1756712
B&M European Value Retail SA,United Kingdom,Consumer Discretionary,74874661
B2Gold Corp,Canada,Basic Materials,60355236
B3 SA - Brasil Bolsa Balcao,Brazil,Financials,67072007
BAIC Motor Corp Ltd,China,Consumer Discretionary,5486246
BASF India Ltd,India,Basic Materials,6971482
BASF SE,Germany,Basic Materials,678959269
BAWAG Group AG,Austria,Financials,253636737
BB Seguridade Participacoes SA,Brazil,Financials,36211350
BBB Foods Inc,Mexico,Consumer Staples,47877783
BBMG Corp,China,Industrials,94
BCE Inc,Canada,Telecommunications,49850340
BCPG PCL,Thailand,Utilities,425877
BDO Unibank Inc,Philippines,Financials,83884134
BE Semiconductor Industries NV,Netherlands,Technology,279464703
BEC World PCL,Thailand,Consumer Discretionary,0
BEML Ltd,India,Industrials,10001863
BES Engineering Corp,Taiwan,Industrials,482681
BFF Bank SpA,Italy,Financials,25045747
BFI Finance Indonesia Tbk PT,Indonesia,Financials,6120982
BGC Group Inc,United States,Financials,3419275
BGF retail Co Ltd,South Korea,Consumer Staples,7773286
BHI Co Ltd,South Korea,Industrials,8269608
BHP Group Ltd,Australia,Basic Materials,1512442334
BICO Group AB,Sweden,Health Care,1889351
BIDV Securities JSC,Vietnam,Financials,129653
BILL Holdings Inc,United States,Industrials,52564035
BIM Birlesik Magazalar AS,Türkiye,Consumer Staples,98220199
BIMobject AB,Sweden,Technology,1613416
BIPROGY Inc,Japan,Technology,62289593
BJ's Wholesale Club Holdings Inc,United States,Consumer Discretionary,173398619
BKW AG,Switzerland,Utilities,97991788
BLS International Services Ltd,India,Industrials,6728816
BML Inc,Japan,Health Care,3166527
BNK Financial Group Inc,South Korea,Financials,40506498
BNP Paribas SA,France,Financials,3180167763
BOC Aviation Ltd,Hong Kong,Industrials,32255733
BOC Hong Kong Holdings Ltd,Hong Kong,Financials,171042008
BOC Kenya PLC,Kenya,Basic Materials,79845
BOE Technology Group Co Ltd,China,Technology,43846874
BOK Financial Corp,United States,Financials,24763947
BP PLC,United Kingdom,Energy,2508853439
BP Plastics Holding Bhd,Malaysia,Industrials,623222
BPER Banca SPA,Italy,Financials,226412804
BRAC Bank PLC,Bangladesh,Financials,41118128
BRF SA,Brazil,Consumer Staples,1435801
BRONCO BILLY Co Ltd,Japan,Consumer Discretionary,347997
BSE Ltd,India,Financials,73695253
BT Group PLC,United Kingdom,Telecommunications,380215481
BTG Hotels Group Co Ltd,China,Consumer Discretionary,3649302
BTS Group Holdings PCL,Thailand,Industrials,7433016
BWP Trust,Australia,Real Estate,16798097
BXP Inc,United States,Real Estate,684754177
BYD Co Ltd,China,Consumer Discretionary,731140748
BYD Electronic International Co Ltd,China,Telecommunications,60306270
Babcock International Group PLC,United Kingdom,Industrials,122401002
Baby Bunting Group Ltd,Australia,Consumer Discretionary,414086
Bachem Holding AG,Switzerland,Health Care,52455025
Badger Meter Inc,United States,Industrials,83548036
Baidu Inc,China,Technology,298964768
Baiksan Co Ltd,South Korea,Basic Materials,4689463
Bajaj Auto Ltd,India,Consumer Discretionary,177335620
Bajaj Consumer Care Ltd,India,Consumer Staples,1146815
Bajaj Electricals Ltd,India,Consumer Discretionary,29639129
Bajaj Finance Ltd,India,Financials,431792467
Bajaj Finserv Ltd,India,Financials,197585167
Bajaj Holdings & Investment Ltd,India,Financials,49066660
Bajaj Housing Finance Ltd,India,Financials,15315442
Baker Hughes Co,United States,Energy,854653541
Bakkavor Group PLC,United Kingdom,Consumer Staples,731177
Balaji Amines Ltd,India,Basic Materials,2370609
Balchem Corp,United States,Basic Materials,74677058
Balfour Beatty PLC,United Kingdom,Industrials,83875535
Balkrishna Industries Ltd,India,Consumer Discretionary,95644388
Ball Corp,United States,Industrials,189169751
Baloise Holding AG,Switzerland,Financials,184578730
Balrampur Chini Mills Ltd,India,Consumer Staples,8120871
Baltic Classifieds Group PLC,United Kingdom,Technology,37824871
BancFirst Corp,United States,Financials,32325765
Banca Generali SpA,Italy,Financials,66125291
Banca IFIS SpA,Italy,Financials,715189
Banca Mediolanum SpA,Italy,Financials,145919578
Banca Monte dei Paschi di Siena SpA,Italy,Financials,267094541
Banca Popolare di Sondrio SPA,Italy,Financials,133014784
Banca Transilvania SA,Romania,Financials,10199555
Banco BPM SpA,Italy,Financials,398489527
Banco BTG Pactual SA,Brazil,Financials,143863719
Banco Bilbao Vizcaya Argentaria SA,Spain,Financials,2480615722
Banco Bradesco SA,Brazil,Financials,61051751
Banco Comercial Portugues SA,Portugal,Financials,133389073
Banco Itau Chile SA,Chile,Financials,44716260
Banco Popular SA,Colombia,Financials,958745
Banco Santander Brasil SA,Brazil,Financials,6696590
Banco Santander Chile,Chile,Financials,72965132
Banco Santander SA,Spain,Financials,1998606243
Banco de Chile,Chile,Financials,41360149
Banco de Credito e Inversiones SA,Chile,Financials,59588089
Banco de Sabadell SA,Spain,Financials,352801871
Banco del Bajio SA,Mexico,Financials,35105826
Banco do Brasil SA,Brazil,Financials,88814796
Bandai Namco Holdings Inc,Japan,Consumer Discretionary,183474249
Bandhan Bank Ltd,India,Financials,54901230
Bando Chemical Industries Ltd,Japan,Industrials,654772
Bangchak Corp PCL,Thailand,Energy,5749941
Bangkok Airways PCL,Thailand,Consumer Discretionary,6509740
Bangkok Aviation Fuel Services PCL,Thailand,Industrials,220652
Bangkok Bank PCL,Thailand,Financials,75875502
Bangkok Chain Hospital PCL,Thailand,Health Care,21233899
Bangkok Dusit Medical Services PCL,Thailand,Health Care,123769019
Bangkok Expressway & Metro PCL,Thailand,Industrials,8981881
Bangkok Land PCL,Thailand,Real Estate,249818
Bangkok Life Assurance PCL,Thailand,Financials,530777
Bangladesh Submarine Cables PLC,Bangladesh,Telecommunications,3862670
Bangun Kosambi Sukses PT,Indonesia,Real Estate,2516064
Bank BTPN Syariah Tbk PT,Indonesia,Financials,18167812
Bank CIMB Niaga Tbk PT,Indonesia,Financials,23817917
Bank Central Asia Tbk PT,Indonesia,Financials,538641563
Bank Hapoalim BM,Israel,Financials,360429291
Bank Jago Tbk PT,Indonesia,Financials,4654938
Bank Leumi Le-Israel BM,Israel,Financials,100610397
Bank Mandiri Persero Tbk PT,Indonesia,Financials,225430495
Bank Millennium SA,Poland,Financials,2520983
Bank Negara Indonesia Persero Tbk PT,Indonesia,Financials,70359991
Bank Neo Commerce Tbk PT,Indonesia,Financials,0
Bank OZK,United States,Financials,68960453
Bank Pan Indonesia Tbk PT,Indonesia,Financials,1763166
Bank Pembangunan Daerah Jawa Timur Tbk PT,Indonesia,Financials,731598
Bank Polska Kasa Opieki SA,Poland,Financials,29375517
Bank Rakyat Indonesia Persero Tbk PT,Indonesia,Financials,185651625
Bank St Petersburg PJSC,Russia,Financials,2551743
Bank Syariah Indonesia Tbk PT,Indonesia,Financials,32480833
Bank Tabungan Negara Persero Tbk PT,Indonesia,Financials,4167410
Bank for Foreign Trade of Vietnam JSC,Vietnam,Financials,18486483
Bank for Investment and Development of Vietnam JSC,Vietnam,Financials,31006100
Bank of America Corp,United States,Financials,5024061501
Bank of Baroda,India,Financials,36941404
Bank of China Ltd,China,Financials,439936884
Bank of Chongqing Co Ltd,China,Financials,1038
Bank of Communications Co Ltd,China,Financials,67933487
Bank of Cyprus Holdings PLC,United Kingdom,Financials,13148635
Bank of East Asia Ltd/The,Hong Kong,Financials,30568851
Bank of Hawaii Corp,United States,Financials,30569008
Bank of India,India,Financials,14235046
Bank of Ireland Group PLC,Ireland,Financials,765167596
Bank of Kaohsiung Co Ltd,Taiwan,Financials,1268490
Bank of Maharashtra,India,Financials,12384104
Bank of Montreal,Canada,Financials,1164249087
Bank of NT Butterfield & Son Ltd/The,United States,Financials,2863410
Bank of Nagoya Ltd/The,Japan,Financials,6798989
Bank of New York Mellon Corp/The,United States,Financials,1068182022
Bank of Ningbo Co Ltd,China,Financials,3289632
Bank of Nova Scotia/The,Canada,Financials,822149516
Bank of Queensland Ltd,Australia,Financials,16066526
Bank of Saga Ltd/The,Japan,Financials,523348
Bank of the Philippine Islands,Philippines,Financials,117043806
Bank of the Ryukyus Ltd,Japan,Financials,664905
Bankinter SA,Spain,Financials,188420242
Banner Corp,United States,Financials,1397572
Banque Cantonale Vaudoise,Switzerland,Financials,74489586
Baoshan Iron & Steel Co Ltd,China,Basic Materials,5828748
Bapcor Ltd,Australia,Consumer Discretionary,33685504
Barclays PLC,United Kingdom,Financials,858710263
Barratt Redrow PLC,United Kingdom,Consumer Discretionary,166119548
Barry Callebaut AG,Switzerland,Consumer Staples,76062392
Base Co Ltd,Japan,Technology,1659974
Bashneft PJSC,Russia,Energy,1678340
Basic-Fit NV,Netherlands,Consumer Discretionary,33355776
Basilea Pharmaceutica Ag Allschwil,Switzerland,Health Care,929799
Basler AG,Germany,Industrials,17481463
Basso Industry Corp,Taiwan,Industrials,35338
Bata India Ltd,India,Consumer Discretionary,22008228
Bath & Body Works Inc,United States,Consumer Discretionary,49795198
Baticim Bati Anadolu Cimento Sanayii AS,Türkiye,Industrials,10703758
Bavarian Nordic A/S,Denmark,Health Care,43672583
Baxter International Inc,United States,Health Care,162355819
BayCurrent Inc,Japan,Industrials,121915664
Bayer AG,Germany,Health Care,322762140
Bayerische Motoren Werke AG,Germany,Consumer Discretionary,312615293
BeOne Medicines Ltd,China,Health Care,359436270
Beazley PLC,United Kingdom,Financials,168356935
Bechtle AG,Germany,Technology,68980834
Becle SAB de CV,Mexico,Consumer Staples,33714257
Becton Dickinson & Co,United States,Health Care,643065404
Bega Cheese Ltd,Australia,Consumer Staples,17035812
Beiersdorf AG,Germany,Consumer Staples,276127812
Beijer Alma AB,Sweden,Basic Materials,3765934
Beijer Ref AB,Sweden,Industrials,629091131
Beijing Bei Mo Gao Ke Friction Material Co Ltd,China,Industrials,7390
Beijing Capital International Airport Co Ltd,China,Industrials,935171
Beijing Chunlizhengda Medical Instruments Co Ltd,China,Health Care,40997
Beijing Dabeinong Technology Group Co Ltd,China,Consumer Staples,2425190
Beijing Enterprises Holdings Ltd,China,Utilities,4115
Beijing Enterprises Water Group Ltd,China,Utilities,1616431
Beijing Gas Blue Sky Holdings Ltd,China,Utilities,27
Beijing Huafeng Test & Control Technology Co Ltd,China,Technology,10065404
Beijing Jingneng Clean Energy Co Ltd,China,Utilities,12118675
Beijing Jingyi Automation Equipment Co Ltd,China,Technology,7168875
Beijing Kingsoft Office Software Inc,China,Technology,34631447
Beijing New Building Materials PLC,China,Industrials,197405818
Beijing Oriental Yuhong Waterproof Technology Co Ltd,China,Industrials,10391836
Beijing Originwater Technology Co Ltd,China,Utilities,194813
Beijing Roborock Technology Co Ltd,China,Consumer Discretionary,31515
Beijing Sinnet Technology Co Ltd,China,Technology,48049771
Beijing Ultrapower Software Co Ltd,China,Consumer Discretionary,23343183
Beijing Yanjing Brewery Co Ltd,China,Consumer Staples,13627054
Beijing Yuanliu Hongyuan Electronic Technology Co Ltd,China,Technology,4701968
Beisen Holding Ltd,China,Technology,5080872
Bekaert SA,Belgium,Basic Materials,82730041
Belc Co Ltd,Japan,Consumer Staples,3405767
Belden Inc,United States,Industrials,47907155
Belimo Holding AG,Switzerland,Industrials,191164070
Bell Food Group AG,Switzerland,Consumer Staples,13422849
Bell System24 Holdings Inc,Japan,Industrials,4032246
BellRing Brands Inc,United States,Consumer Staples,66057347
Bellevue Gold Ltd,Australia,Basic Materials,15841796
Belluna Co Ltd,Japan,Consumer Discretionary,2178725
Bellway PLC,United Kingdom,Consumer Discretionary,76091751
Benchmark Electronics Inc,United States,Technology,1093220
Bendigo & Adelaide Bank Ltd,Australia,Financials,40989119
Benefit Systems SA,Poland,Industrials,148966096
Beneteau SACA,France,Consumer Discretionary,822072
Bentley Systems Inc,United States,Technology,56394602
Berger Paints India Ltd,India,Industrials,14869751
Berjaya Corp Bhd,Malaysia,Consumer Discretionary,7913549
Berkeley Group Holdings PLC,United Kingdom,Consumer Discretionary,108244420
Berkshire Hathaway Inc,United States,Financials,10723223683
Berkshire Hills Bancorp Inc,United States,Financials,701496
Berli Jucker PCL,Thailand,Consumer Discretionary,20483015
Bermaz Auto Bhd,Malaysia,Consumer Discretionary,9884
Bertrandt AG,Germany,Industrials,7119582
Besalco SA,Chile,Industrials,8480636
Beshom Holdings Bhd,Malaysia,Consumer Discretionary,110628
Best Buy Co Inc,United States,Consumer Discretionary,169023069
Bet Shemesh Engines Holdings 1997 Ltd,Israel,Industrials,34135516
Beta Bionics Inc,United States,Health Care,2208068
Betagro PCL,Thailand,Consumer Staples,665561
Bethel Automotive Safety Systems Co Ltd,China,Consumer Discretionary,69709624
Betmakers Technology Group Ltd,Australia,Consumer Discretionary,2126294
Beyond Meat Inc,United States,Consumer Staples,3
Bharat Dynamics Ltd,India,Industrials,20005080
Bharat Forge Ltd,India,Basic Materials,48831024
Bharat Petroleum Corp Ltd,India,Energy,85787447
Bharti Airtel Ltd,India,Telecommunications,1446066491
Bharti Hexacom Ltd,India,Telecommunications,21912477
Bic Camera Inc,Japan,Consumer Discretionary,4646475
Bicara Therapeutics Inc,United States,Health Care,398439
Bid Corp Ltd,South Africa,Consumer Staples,155783540
Bidvest Group Ltd,South Africa,Industrials,37696807
Biesse SpA,Italy,Industrials,9353810
Big Shopping Centers Ltd,Israel,Real Estate,26149139
Big Technologies plc,United Kingdom,Technology,6647842
Big Yellow Group PLC,United Kingdom,Real Estate,44939607
Bikaji Foods International Ltd,India,Consumer Staples,6658507
Bilfinger SE,Germany,Industrials,87671491
Bilia AB,Sweden,Consumer Discretionary,8201265
Bilibili Inc,China,Technology,134668043
Billerud Aktiebolag,Sweden,Basic Materials,47525469
Binastra Corp Bhd,Malaysia,Industrials,8427192
Binex Co Ltd,South Korea,Health Care,52048
Bio-Rad Laboratories Inc,United States,Health Care,49344872
Bio-Techne Corp,United States,Health Care,96517679
BioCryst Pharmaceuticals Inc,United States,Health Care,995922
BioGaia AB,Sweden,Health Care,10307542
BioMarin Pharmaceutical Inc,United States,Health Care,110216994
BioMerieux,France,Health Care,127982897
Bioceltix SA,Poland,Health Care,4164317
Biocon Ltd,India,Health Care,25026937
Biogen Inc,United States,Health Care,280554747
Biohaven Ltd,United States,Health Care,12720377
Bioneer Corp,South Korea,Health Care,324374
Birkenstock Holding Plc,United States,Consumer Discretionary,58311644
Birlasoft Ltd,India,Technology,9048412
Bizlink Holding Inc,Taiwan,Technology,271450772
BlackBerry Ltd,Canada,Technology,28
BlackLine Inc,United States,Technology,19734958
Blackbaud Inc,United States,Technology,21968617
Blackrock Inc,United States,Financials,2610757490
Blackstone Inc,United States,Financials,1048685635
Blackstone Mortgage Trust Inc,United States,Financials,34607612
Blend Labs Inc,United States,Technology,27449103
Block Inc,United States,Industrials,420321268
Bloks Group Ltd,China,Consumer Discretionary,5153350
Bloom Energy Corp,United States,Industrials,166540273
Bloomage Biotechnology Corp Ltd,China,Health Care,376353
Bloomberry Resorts Corp,Philippines,Consumer Discretionary,26504589
Blue Dart Express Ltd,India,Industrials,5484048
Blue Moon Group Holdings Ltd,China,Consumer Staples,262
Blue Owl Capital Inc,United States,Financials,183229033
Blue Star Ltd,India,Industrials,55241320
BlueLinx Holdings Inc,United States,Industrials,1115700
BlueScope Steel Ltd,Australia,Basic Materials,10115211
Bluebik Group PCL,Thailand,Technology,2921706
Blueprint Medicines Corp,United States,Health Care,137785296
Bluspring Enterprises Ltd,India,Industrials,2568
Boardwalk Real Estate Investment Trust,Canada,Real Estate,2032454
Bodycote PLC,United Kingdom,Industrials,29801074
Boer Power Holdings Ltd,China,Technology,27079
Boiron SA,France,Health Care,4797437
Boise Cascade Co,United States,Industrials,39817909
Boliden AB,Sweden,Basic Materials,18666784
Bollore SE,France,Consumer Discretionary,70037042
Bolsa Mexicana de Valores SAB de CV,Mexico,Financials,1137783
Bombardier Inc,Canada,Industrials,92878470
Bonduelle SCA,France,Consumer Staples,8551272
BoneSupport Holding AB,Sweden,Health Care,78635772
Booking Holdings Inc,United States,Consumer Discretionary,2181842982
Boot Barn Holdings Inc,United States,Consumer Discretionary,3911264
Booz Allen Hamilton Holding Corp,United States,Industrials,168069360
Boozt AB,Sweden,Consumer Discretionary,16548851
Bora Pharmaceuticals Co Ltd,Taiwan,Health Care,25391214
Boralex Inc,Canada,Utilities,45356
BorgWarner Inc,United States,Consumer Discretionary,110233704
Borosil Renewables Ltd,India,Industrials,1536222
Borouge PLC,United Arab Emirates,Basic Materials,1399288
Bosch Ltd,India,Consumer Discretionary,36871316
Boss Energy Ltd,Australia,Basic Materials,27020742
Bossard Holding AG,Switzerland,Industrials,25262163
Boston Scientific Corp,United States,Health Care,2071398091
Boubyan Bank KSCP,Kuwait,Financials,13423
Bound And Beyond PCL,Thailand,Consumer Discretionary,1038936
Boursa Kuwait Securities Co KPSC,Kuwait,Financials,38235908
Boutiques Inc,Japan,Consumer Discretionary,465561
Bouygues SA,France,Industrials,87143544
Bowhead Specialty Holdings Inc,United States,Financials,750600
Box Inc,United States,Technology,33042424
Boxer Retail Ltd,South Africa,Consumer Staples,14679527
Boyd Gaming Corp,United States,Consumer Discretionary,54933262
Boyd Group Services Inc,Canada,Consumer Discretionary,44863036
BrainBees Solutions Ltd,India,Consumer Discretionary,1880220
BrainPad Inc,Japan,Technology,139360
Brainscan SA,Poland,Health Care,278935
Brait PLC,South Africa,Financials,12932535
Brambles Ltd,Australia,Industrials,375891059
Braskem SA,Brazil,Basic Materials,39649526
Bravida Holding AB,Sweden,Industrials,44221068
Bravura Solutions Ltd,Australia,Technology,1031578
Braze Inc,United States,Technology,18490812
Bread Financial Holdings Inc,United States,Financials,16598558
Brembo NV,Italy,Consumer Discretionary,17835055
Brenntag SE,Germany,Basic Materials,187120271
Breville Group Ltd,Australia,Consumer Discretionary,35059596
Brickworks Ltd,Australia,Industrials,20603562
Bridgebio Pharma Inc,United States,Health Care,107398548
Bridgepoint Group PLC,United Kingdom,Financials,55923393
Bridgestone Corp,Japan,Consumer Discretionary,220850663
Brigade Enterprises Ltd,India,Real Estate,18970475
Bright Horizons Family Solutions Inc,United States,Consumer Discretionary,87526438
BrightSpring Health Services Inc,United States,Health Care,6489455
Brighthouse Financial Inc,United States,Financials,41182067
Brightoil Petroleum Holdings Ltd,China,Energy,1848033
Brighton-Best International Taiwan Inc,Taiwan,Basic Materials,6171791
Brii Biosciences Ltd,China,Health Care,65
Brilliance China Automotive Holdings Ltd,China,Consumer Discretionary,55695776
Brimstone Investment Corp Ltd,South Africa,Consumer Staples,1526398
Brink's Co/The,United States,Industrials,45512095
Brinker International Inc,United States,Consumer Discretionary,98731036
Bristol-Myers Squibb Co,United States,Health Care,1534399997
Britannia Industries Ltd,India,Consumer Staples,74769924
British Land Co PLC/The,United Kingdom,Real Estate,105768301
Brixmor Property Group Inc,United States,Real Estate,101506212
Broadcom Inc,United States,Technology,18353783949
Broadleaf Co Ltd,Japan,Technology,12643266
Broadridge Financial Solutions Inc,United States,Financials,118444559
Broadstone Net Lease Inc,United States,Real Estate,39554053
Broedrene A&O Johansen A/S,Denmark,Industrials,3341830
Brogent Technologies Inc,Taiwan,Consumer Discretionary,143669
Brookfield Asset Management Ltd,Canada,Financials,289934879
Brookfield Corp,Canada,Financials,1019744515
Brookfield India Real Estate Trust,India,Real Estate,57635125
Brookfield Infrastructure Corp,Canada,Utilities,64332647
Brookfield Renewable Corp,Canada,Utilities,58201595
Brother Industries Ltd,Japan,Technology,82518363
Browave Corp,Taiwan,Telecommunications,3000719
Brown & Brown Inc,United States,Financials,427484120
Brown-Forman Corp,United States,Consumer Staples,43893973
Bruker Corp,United States,Health Care,44459456
Brunel International NV,Netherlands,Industrials,293169
Brunello Cucinelli SpA,Italy,Consumer Discretionary,44900425
Brunswick Corp/DE,United States,Industrials,23570798
Bucher Industries AG,Switzerland,Industrials,72216834
Buckle Inc/The,United States,Consumer Discretionary,1408979
Budimex SA,Poland,Industrials,14400623
Budweiser Brewing Co APAC Ltd,Hong Kong,Consumer Staples,74148368
Bufab AB,Sweden,Industrials,1092355
Buffalo Inc /Japan,Japan,Technology,6344
Builders FirstSource Inc,United States,Industrials,133895707
Bukalapak.com PT Tbk,Indonesia,Technology,6830881
Bukwang Pharmaceutical Co Ltd,South Korea,Health Care,189290
Bumi Armada Bhd,Malaysia,Energy,14364122
Bumi Resources Minerals Tbk PT,Indonesia,Basic Materials,7660838
Bumi Serpong Damai Tbk PT,Indonesia,Real Estate,18096521
Bumrungrad Hospital PCL,Thailand,Health Care,39713230
Bunge Global SA,United States,Consumer Staples,147696414
Bunka Shutter Co Ltd,Japan,Industrials,5357535
Bunzl PLC,United Kingdom,Industrials,195962972
Burberry Group PLC,United Kingdom,Consumer Discretionary,171616063
Burckhardt Compression Holding AG,Switzerland,Industrials,58538407
Bure Equity AB,Sweden,Financials,33726939
Bureau Veritas SA,France,Industrials,359204638
Burgan Bank SAK,Kuwait,Financials,536688
Burlington Stores Inc,United States,Consumer Discretionary,168855928
Bursa Malaysia Bhd,Malaysia,Financials,20967467
Buzzi SpA,Italy,Industrials,118564576
Byggmax Group AB,Sweden,Consumer Discretionary,9369074
Bystronic AG,Switzerland,Industrials,7872186
Bytes Technology Group PLC,United Kingdom,Technology,26723159
C Sun Manufacturing Ltd,Taiwan,Technology,22402916
C Uyemura & Co Ltd,Japan,Basic Materials,5340150
C&A MODAS SA,Brazil,Consumer Discretionary,12126641
C&C Group PLC,United Kingdom,Consumer Staples,804551
C&D International Investment Group Ltd,China,Real Estate,159724131
C&D Property Management Group Co Ltd,China,Real Estate,1436104
C-Mer Medical Holdings Ltd,Hong Kong,Health Care,687439
C3.ai Inc,United States,Technology,982333
CA Immobilien Anlagen AG,Austria,Real Estate,6712370
CAC Holdings Corp,Japan,Technology,204863
CACI International Inc,United States,Technology,117166186
CAE Inc,Canada,Industrials,117925465
CALB Group Co Ltd,China,Consumer Discretionary,8094073
CANCOM SE,Germany,Technology,1238398
CAPITAL A BHD,Malaysia,Consumer Discretionary,14310948
CAR Group Ltd,Australia,Technology,125888925
CARsgen Therapeutics Holdings Ltd,Hong Kong,Health Care,18306382
CBIZ Inc,United States,Industrials,1842158
CBRE Group Inc,United States,Real Estate,571376011
CCC Intelligent Solutions Holdings Inc,United States,Technology,48122053
CCC SA,Poland,Consumer Discretionary,123197421
CCL Industries Inc,Canada,Industrials,5587
CCL Products India Ltd,India,Consumer Staples,13087210
CD Projekt SA,Poland,Consumer Discretionary,54196595
CDL Hospitality Trusts,Singapore,Real Estate,9318852
CDW Corp/DE,United States,Technology,119210611
CECONOMY AG,Germany,Consumer Discretionary,1066915
CELCOMDIGI BHD,Malaysia,Telecommunications,33971795
CEVA Inc,United States,Technology,666763
CF Industries Holdings Inc,United States,Basic Materials,126408368
CG Power & Industrial Solutions Ltd,India,Industrials,57251322
CGI Inc,Canada,Technology,276169551
CGN Mining Co Ltd,Hong Kong,Energy,10854516
CGN Power Co Ltd,China,Utilities,63997366
CH Karnchang PCL,Thailand,Industrials,28628673
CH Robinson Worldwide Inc,United States,Industrials,109183232
CHC Healthcare Group,Taiwan,Health Care,990956
CHIMNEY Co Ltd,Japan,Consumer Discretionary,35590
CI Financial Corp,Canada,Financials,8720893
CIC Holdings PLC,Sri Lanka,Basic Materials,1807115
CIE Automotive India Ltd,India,Consumer Discretionary,7785178
CIE Automotive SA,Spain,Consumer Discretionary,33029456
CIMB Group Holdings Bhd,Malaysia,Financials,216170715
CIMC Enric Holdings Ltd,China,Energy,11598711
CITIC Ltd,China,Industrials,70961376
CITIC Securities Co Ltd,China,Financials,125420735
CITIC Telecom International Holdings Ltd,Hong Kong,Telecommunications,7934713
CJ CGV Co Ltd,South Korea,Consumer Discretionary,282186
CJ CheilJedang Corp,South Korea,Consumer Staples,24030754
CJ Corp,South Korea,Industrials,43817143
CJ ENM Co Ltd,South Korea,Consumer Discretionary,35348646
CJ Logistics Corp,South Korea,Industrials,45446147
CK Asset Holdings Ltd,Hong Kong,Real Estate,136344716
CK Hutchison Holdings Ltd,Hong Kong,Industrials,302857712
CK Infrastructure Holdings Ltd,Hong Kong,Utilities,67861531
CK Power PCL,Thailand,Utilities,314786
CKD Corp,Japan,Industrials,10969846
CLS Holdings PLC,United Kingdom,Real Estate,550510
CMB Tech NV,Belgium,Industrials,2836452
CMC Corp,Japan,Technology,43560
CMC Magnetics Corp,Taiwan,Technology,254697
CMC Markets PLC,United Kingdom,Financials,20527220
CME Group Inc,United States,Financials,1550775379
CMG Pharmaceutical Co Ltd,South Korea,Health Care,252615
CMGE Technology Group Ltd,China,Consumer Discretionary,95254
CMK Corp,Japan,Technology,148466
CMS Energy Corp,United States,Utilities,234620392
CMS Info Systems Ltd,India,Industrials,11310553
CNA Financial Corp,United States,Financials,17067669
CNH Industrial NV,United States,Industrials,58677359
CNO Financial Group Inc,United States,Financials,3738402
COFCO Joycome Foods Ltd,China,Consumer Staples,495738
COLOPL Inc,Japan,Consumer Discretionary,1525735
COMSYS Holdings Corp,Japan,Industrials,47601896
COPT Defense Properties,United States,Real Estate,39370753
COSCO SHIPPING Development Co Ltd,China,Industrials,135
COSCO SHIPPING Energy Transportation Co Ltd,China,Industrials,11424428
COSCO SHIPPING Holdings Co Ltd,China,Industrials,1061140
COSCO SHIPPING International Singapore Co Ltd,Singapore,Industrials,441514
COSMO Pharmaceuticals NV,Switzerland,Health Care,71
COSON Co Ltd,South Korea,Consumer Discretionary,594
CP ALL PCL,Thailand,Consumer Staples,246171114
CP AXTRA PCL,Thailand,Consumer Discretionary,22104602
CPE Technology Bhd,Malaysia,Industrials,6333177
CPI Europe AG,Austria,Real Estate,5117555
CRE Logistics REIT Inc,Japan,Real Estate,5103548
CRH PLC,United States,Industrials,1013938646
CRISIL Ltd,India,Financials,14575637
CRISPR Therapeutics AG,United States,Health Care,19771528
CS Disco Inc,United States,Industrials,2862853
CS Wind Corp,South Korea,Energy,23620710
CSBC Corp Taiwan,Taiwan,Industrials,385863
CSC Financial Co Ltd,China,Financials,12311083
CSG Holding Co Ltd,China,Industrials,3811070
CSG Systems International Inc,United States,Technology,1950744
CSL Ltd,Australia,Health Care,1328080506
CSPC Pharmaceutical Group Ltd,China,Health Care,66926059
CSW Industrials Inc,United States,Industrials,56402538
CSX Corp,United States,Industrials,735368769
CTBC Financial Holding Co Ltd,Taiwan,Financials,438530400
CTCI Corp,Taiwan,Industrials,10177403
CTF Services Ltd,Hong Kong,Industrials,18354953
CTI Logistics Ltd,Australia,Industrials,2730878
CTOS Digital Bhd,Malaysia,Industrials,224
CTP NV,Netherlands,Real Estate,58671065
CTS Co Ltd,Japan,Technology,177443
CTS Corp,United States,Technology,125870
CTS Eventim AG & Co KGaA,Germany,Consumer Discretionary,193848455
CTS Global Equity Group,Philippines,Financials,75093
CTT-Correios de Portugal SA,Portugal,Industrials,889084
CVB Financial Corp,United States,Financials,28319906
CVC Capital Partners PLC,Netherlands,Financials,113568388
CVR Energy Inc,United States,Energy,2769927
CVS Group PLC,United Kingdom,Consumer Discretionary,8992922
CVS Health Corp,United States,Consumer Staples,1334000426
Cable One Inc,United States,Telecommunications,8335746
Cabot Corp,United States,Basic Materials,51710250
Cactus Inc,United States,Energy,2384183
Cadence Bank,United States,Financials,71234555
Cadence Design Systems Inc,United States,Technology,1253944010
Caesars Entertainment Inc,United States,Consumer Discretionary,79604254
Cafe de Coral Holdings Ltd,Hong Kong,Consumer Discretionary,3567866
Cafe24 Corp,South Korea,Technology,2181698
Cahya Mata Sarawak Bhd,Malaysia,Industrials,4426708
Cairn Homes PLC,Ireland,Consumer Discretionary,1841729
CaixaBank SA,Spain,Financials,298341855
Cal-Maine Foods Inc,United States,Consumer Staples,8829211
Calbee Inc,Japan,Consumer Staples,20487492
Caleres Inc,United States,Consumer Discretionary,377451
California Water Service Group,United States,Utilities,30757487
Caliway Biopharmaceuticals Co Ltd,Taiwan,Health Care,62387888
Camden Property Trust,United States,Real Estate,160216557
Cameco Corp,Canada,Energy,334202586
Camil Alimentos SA,Brazil,Consumer Staples,6426533
Camping World Holdings Inc,United States,Consumer Discretionary,1255987
Camplify Holdings Ltd,Australia,Technology,463891
Campus Activewear Ltd,India,Consumer Discretionary,345353
Camtek Ltd/Israel,Israel,Technology,2667109
Camurus AB,Sweden,Health Care,48818146
Can Fin Homes Ltd,India,Financials,9105101
CanSino Biologics Inc,China,Health Care,878
Canaan Inc,China,Technology,463456
Canada Goose Holdings Inc,Canada,Consumer Discretionary,-5035500
Canadian Apartment Properties REIT,Canada,Real Estate,67658871
Canadian Imperial Bank of Commerce,Canada,Financials,714508517
Canadian National Railway Co,Canada,Industrials,578704314
Canadian Pacific Kansas City Ltd,Canada,Industrials,995051700
Canadian Tire Corp Ltd,Canada,Consumer Discretionary,90141115
Canadian Utilities Ltd,Canada,Utilities,352251
Canal+ SA,United Kingdom,Consumer Discretionary,37134758
Canara Bank,India,Financials,26791795
Canfor Corp,Canada,Basic Materials,205297
Cannae Holdings Inc,United States,Financials,21
Canon Electronics Inc,Japan,Technology,902850
Canon Inc,Japan,Technology,193478491
Canon Marketing Japan Inc,Japan,Technology,40106215
Capcom Co Ltd,Japan,Consumer Discretionary,140468763
Capgemini SE,France,Technology,298661498
Capita PLC,United Kingdom,Industrials,11138317
CapitaLand Ascendas REIT,Singapore,Real Estate,131518598
CapitaLand Ascott Trust,Singapore,Real Estate,31187806
CapitaLand China Trust,Singapore,Real Estate,11423561
CapitaLand Integrated Commercial Trust,Singapore,Real Estate,170148266
CapitaLand Investment Ltd/Singapore,Singapore,Real Estate,82885941
Capital Appreciation Ltd,South Africa,Technology,3285552
Capital One Financial Corp,United States,Industrials,1687845079
Capital Securities Corp,Taiwan,Financials,14224253
Capitaland India Trust,Singapore,Real Estate,14225313
Capitec Bank Holdings Ltd,South Africa,Financials,251386689
Caplin Point Laboratories Ltd,India,Health Care,5895773
Capri Global Capital Ltd,India,Financials,1946498
Capri Holdings Ltd,United States,Consumer Discretionary,55905698
Capricorn Metals Ltd,Australia,Basic Materials,64627609
Capstone Copper Corp,Canada,Basic Materials,156432998
Captor Therapeutics SA,Poland,Health Care,1366959
CarMax Inc,United States,Consumer Discretionary,188524319
Carabao Group PCL,Thailand,Consumer Staples,12416425
Carasent AB,Sweden,Health Care,5626116
Carbacid Investments Ltd,Kenya,Industrials,1191464
Carborundum Universal Ltd,India,Basic Materials,13281579
Card Factory PLC,United Kingdom,Consumer Discretionary,14001515
Cardinal Health Inc,United States,Health Care,575623608
Care Ratings Ltd,India,Financials,1273926
CareTrust REIT Inc,United States,Real Estate,5095206
Career Technology MFG. Co Ltd,Taiwan,Technology,204643
Caregen Co Ltd,South Korea,Health Care,388485
Carel Industries SpA,Italy,Industrials,30835729
Cargojet Inc,Canada,Industrials,280633
Cargurus Inc,United States,Technology,2324860
Caris Life Sciences Inc,United States,Health Care,10045705
Carl Zeiss Meditec AG,Germany,Health Care,78605757
Carlisle Cos Inc,United States,Industrials,128855859
Carlit Co Ltd,Japan,Basic Materials,3201545
Carlo Rino Group Bhd,Malaysia,Consumer Discretionary,846693
Carlsberg AS,Denmark,Consumer Staples,278074550
Carlsberg Brewery Malaysia Bhd,Malaysia,Consumer Staples,21305158
Carlyle Group Inc/The,United States,Financials,147475338
Carmila SA,France,Real Estate,81498316
Carnival Corp,United States,Consumer Discretionary,66310503
Carnival PLC,United Kingdom,Consumer Discretionary,338648596
Carpenter Technology Corp,United States,Basic Materials,48817829
Carrefour SA,France,Consumer Staples,115116583
Carriage Services Inc,United States,Consumer Discretionary,1847896
Carrier Global Corp,United States,Industrials,512498483
Cars Motorcycles and Marine Engine Trade and Import Co SA,Greece,Consumer Discretionary,1491805
Carta Holdings Inc,Japan,Consumer Discretionary,556105
Carter's Inc,United States,Consumer Discretionary,30
Carvana Co,United States,Consumer Discretionary,250303997
Casella Waste Systems Inc,United States,Utilities,55947993
Casey's General Stores Inc,United States,Consumer Staples,210150617
Casio Computer Co Ltd,Japan,Consumer Discretionary,17701276
Castellum AB,Sweden,Real Estate,80296316
Castrol India Ltd,India,Energy,14070798
Catalyst Metals Ltd,Australia,Basic Materials,7218156
Catalyst Pharmaceuticals Inc,United States,Health Care,298722
Catapult Group International Ltd,Australia,Technology,9382415
Catcher Technology Co Ltd,Taiwan,Technology,2148
Catella AB,Sweden,Financials,339912
Catena AB,Sweden,Real Estate,49679078
Caterpillar Inc,United States,Industrials,2128307364
Cathay Financial Holding Co Ltd,Taiwan,Financials,202438720
Cathay General Bancorp,United States,Financials,36347965
Cathay Pacific Airways Ltd,Hong Kong,Consumer Discretionary,3607
Cathay Real Estate Development Co Ltd,Taiwan,Real Estate,6414998
Cava Group Inc,United States,Consumer Discretionary,56180568
Cavatina Holding SA,Poland,Real Estate,3266969
Cavco Industries Inc,United States,Consumer Discretionary,6311399
Cawachi Ltd,Japan,Consumer Staples,1204216
Cboe Global Markets Inc,United States,Financials,319167241
Ceat Ltd,India,Consumer Discretionary,10857920
Cebu Air Inc,Philippines,Consumer Discretionary,4466688
Cedar Woods Properties Ltd,Australia,Real Estate,2694326
Celanese Corp,United States,Basic Materials,114839075
Celestica Inc,Canada,Technology,241126939
Cellivery Therapeutics Inc,South Korea,Health Care,2483
Cellnex Telecom SA,Spain,Telecommunications,478662080
Cello World Ltd,India,Consumer Discretionary,3320967
Celltrion Inc,South Korea,Health Care,31855331
Celltrion Pharm Inc,South Korea,Health Care,93517
Celsius Holdings Inc,United States,Consumer Staples,13259375
Cembra Money Bank AG,Switzerland,Financials,84118368
Cementir Holding NV,Italy,Industrials,36375122
Cementos Argos SA,Colombia,Industrials,13261557
Cemex SAB de CV,Mexico,Industrials,177960894
Cencora Inc,United States,Consumer Staples,683776141
Cencosud SA,Chile,Consumer Staples,20120530
Cenergy Holdings SA,Greece,Industrials,3437033
Cenra Inc,Taiwan,Health Care,479577
Centene Corp,United States,Health Care,1430399099
Center Laboratories Inc,Taiwan,Health Care,1941561
CenterPoint Energy Inc,United States,Utilities,308490900
Centerspace,United States,Real Estate,1090643
Central Automotive Products Ltd,Japan,Consumer Discretionary,3844521
Central Bank of India Ltd,India,Financials,5133475
Central China Securities Co Ltd,China,Financials,1521581
Central Depository Services India Ltd,India,Financials,809559
Central Garden & Pet Co,United States,Consumer Discretionary,1338242
Central Glass Co Ltd,Japan,Basic Materials,6448927
Central Japan Railway Co,Japan,Industrials,280964154
Central Pattana PCL,Thailand,Real Estate,32332783
Central Plaza Hotel PCL,Thailand,Consumer Discretionary,1892526
Central Retail Corp PCL,Thailand,Consumer Discretionary,6327054
Central Security Patrols Co Ltd,Japan,Industrials,84759
Central Sports Co Ltd,Japan,Consumer Discretionary,58275
Centrica PLC,United Kingdom,Utilities,232551371
Centuria Capital Group,Australia,Financials,9807927
Centuria Industrial REIT,Australia,Real Estate,16032434
Century Aluminum Co,United States,Basic Materials,18921
Century Communities Inc,United States,Consumer Discretionary,434058
Century Iron & Steel Industrial Co Ltd,Taiwan,Basic Materials,52361974
Century Pacific Food Inc,Philippines,Consumer Staples,5310992
Century Plyboards India Ltd,India,Basic Materials,6419084
Cera Sanitaryware Ltd,India,Industrials,3610738
Certara Inc,United States,Health Care,424745
Cettire Ltd,Australia,Consumer Discretionary,140699
Cewe Stiftung & Co KGAA,Germany,Consumer Discretionary,6333508
Chaarat Gold Holdings Ltd,Kyrgyzstan,Basic Materials,35248
Chabiotech Co Ltd,South Korea,Health Care,234024
Chacha Food Co Ltd,China,Consumer Staples,11577861
Chagee Holdings Ltd,China,Consumer Discretionary,12576665
Chailease Holding Co Ltd,Taiwan,Financials,64033544
Chalet Hotels Ltd,India,Consumer Discretionary,7492440
Challenger Ltd,Australia,Financials,46577890
Chambal Fertilisers and Chemicals Ltd,India,Basic Materials,14960373
Champion Homes Inc,United States,Consumer Discretionary,40359846
Champion Iron Ltd,Australia,Basic Materials,10253190
Champion REIT,Hong Kong,Real Estate,114
ChampionX Corp,United States,Energy,112198306
Chang Hwa Commercial Bank Ltd,Taiwan,Financials,56320642
Chang Wah Electromaterials Inc,Taiwan,Technology,8433315
Chang Wah Technology Co Ltd,Taiwan,Technology,3064203
Change Holdings Inc,Japan,Technology,2270315
Changzhou Xingyu Automotive Lighting Systems Co Ltd,China,Consumer Discretionary,84194610
Channel Infrastructure NZ Ltd,New Zealand,Energy,621012
Chaowei Power Holdings Ltd,China,Consumer Discretionary,102
Chaozhou Three-Circle Group Co Ltd,China,Technology,248674434
Charles River Laboratories International Inc,United States,Health Care,76946228
Charles Schwab Corp/The,United States,Financials,1911663217
Charm Care Corp KK,Japan,Health Care,6887117
Charoen Pokphand Enterprise,Taiwan,Consumer Staples,12794083
Charoen Pokphand Indonesia Tbk PT,Indonesia,Consumer Staples,13098044
Chart Industries Inc,United States,Industrials,92901457
Charter Communications Inc,United States,Telecommunications,1137630336
Charter Hall Group,Australia,Real Estate,73290100
Charter Hall Long Wale REIT,Australia,Real Estate,23262507
Charter Hall Retail REIT,Australia,Real Estate,17938316
Charter Hall Social Infrastructure REIT,Australia,Real Estate,8093377
Chartwell Retirement Residences,Canada,Real Estate,4014432
Check Point Software Technologies Ltd,United States,Technology,727486151
Cheesecake Factory Inc/The,United States,Consumer Discretionary,2352382
Cheil Worldwide Inc,South Korea,Consumer Discretionary,2123435
Chemed Corp,United States,Health Care,89387688
Chemours Co/The,United States,Basic Materials,608819
Chemplast Sanmar Ltd,India,Basic Materials,3978071
Chemring Group PLC,United Kingdom,Industrials,23707296
Chenbro Micom Co Ltd,Taiwan,Technology,33859270
Cheng Shin Rubber Industry Co Ltd,Taiwan,Consumer Discretionary,32175328
Cheng Uei Precision Industry Co Ltd,Taiwan,Technology,9159399
Cheniere Energy Inc,United States,Energy,946114407
Chenming Electronic Technology Corp,Taiwan,Technology,9660961
Chennai Super Kings Cricket Ltd,India,Industrials,10648864
Chervon Holdings Ltd,China,Industrials,1667793
Cheryong Electric Co Ltd,South Korea,Technology,29369023
Chesapeake Utilities Corp,United States,Utilities,63957
Chesnara PLC,United Kingdom,Financials,1086440
Chevron Corp,United States,Energy,2672592093
Chiba Bank Ltd/The,Japan,Financials,92957076
Chicony Electronics Co Ltd,Taiwan,Technology,35783172
Chicony Power Technology Co Ltd,Taiwan,Technology,37503954
Chief Telecom Inc,Taiwan,Telecommunications,4950320
Chieftek Precision Co Ltd,Taiwan,Industrials,1429207
Chime Financial Inc,United States,Financials,24157000
Chimera Investment Corp,United States,Financials,1187716
China Airlines Ltd,Taiwan,Consumer Discretionary,9532498
China Aoyuan Group Ltd,China,Real Estate,15
China Bohai Bank Co Ltd,China,Financials,659904
China CITIC Bank Corp Ltd,China,Financials,79000215
China CITIC Financial Asset Management Co Ltd,China,Financials,5926482
China Conch Venture Holdings Ltd,China,Utilities,2299278
China Construction Bank Corp,China,Financials,1468774183
China Datang Corp Renewable Power Co Ltd,China,Utilities,5893610
China Dili Group,China,Consumer Staples,10123
China Dongxiang Group Co Ltd,China,Consumer Discretionary,1692586
China East Education Holdings Ltd,China,Consumer Discretionary,85946
China Eastern Airlines Corp Ltd,China,Consumer Discretionary,10869
China Education Group Holdings Ltd,China,Consumer Discretionary,15662835
China Electric Manufacturing Corp,Taiwan,Industrials,3404
China Everbright Bank Co Ltd,China,Financials,350
China Everbright Environment Group Ltd,China,Utilities,1816424
China Everbright Ltd,China,Financials,7289274
China Fangda Group Co Ltd,China,Industrials,159
China Feihe Ltd,China,Consumer Staples,30874879
China Galaxy Securities Co Ltd,China,Financials,97091066
China Gas Holdings Ltd,China,Utilities,380575
China General Plastics Corp,Taiwan,Industrials,9377
China Gold International Resources Corp Ltd,China,Basic Materials,22858382
China HK Power Smart Energy Group Ltd,China,Utilities,14
China ITS Holdings Co Ltd,China,Industrials,24462
China International Capital Corp Ltd,China,Financials,44302762
China Jinmao Holdings Group Ltd,China,Real Estate,774587
China Jushi Co Ltd,China,Basic Materials,54778033
China Kepei Education Group Ltd,China,Consumer Discretionary,11057
China Lesso Group Holdings Ltd,China,Industrials,9967396
China Life Insurance Co Ltd,China,Financials,243412320
China Lilang Ltd,China,Consumer Discretionary,299676
China Literature Ltd,China,Technology,30337958
China Longyuan Power Group Corp Ltd,China,Utilities,32936032
China Man-Made Fiber Corp,Taiwan,Basic Materials,540443
China Medical System Holdings Ltd,China,Health Care,85086726
China Mengniu Dairy Co Ltd,China,Consumer Staples,45839713
China Merchants Bank Co Ltd,China,Financials,718692438
China Merchants Port Holdings Co Ltd,China,Industrials,31753017
China Merchants Securities Co Ltd,China,Financials,13781019
China Merchants Shekou Industrial Zone Holdings Co Ltd,China,Real Estate,122
China Metal Products,Taiwan,Basic Materials,1043394
China Minsheng Banking Corp Ltd,China,Financials,1247
China Modern Dairy Holdings Ltd,China,Consumer Staples,67048
China Motor Corp,Taiwan,Consumer Discretionary,7635663
China National Accord Medicines Corp Ltd,China,Consumer Staples,1395058
China New Higher Education Group Ltd,China,Consumer Discretionary,145
China Oilfield Services Ltd,China,Energy,15950034
China Oriental Group Co Ltd,China,Basic Materials,618287
China Overseas Grand Oceans Group Ltd,China,Real Estate,962901
China Overseas Land & Investment Ltd,China,Real Estate,64434051
China Overseas Property Holdings Ltd,China,Real Estate,8999766
China Pacific Insurance Group Co Ltd,China,Financials,218853474
China Petrochemical Development Corp,Taiwan,Basic Materials,1770501
China Petroleum & Chemical Corp,China,Energy,135239953
China Railway Signal & Communication Corp Ltd,China,Industrials,4669304
China Reinsurance Group Corp,China,Financials,12410275
China Resources Beer Holdings Co Ltd,China,Consumer Staples,52891124
China Resources Beverage Holdings Co Ltd,China,Consumer Staples,12158882
China Resources Gas Group Ltd,China,Utilities,24590495
China Resources Land Ltd,China,Real Estate,140029293
China Resources Medical Holdings Co Ltd,China,Health Care,893643
China Resources Microelectronics Ltd,China,Technology,1975109
China Resources Mixc Lifestyle Services Ltd,China,Real Estate,58417223
China Resources Pharmaceutical Group Ltd,China,Health Care,17354130
China Resources Sanjiu Medical & Pharmaceutical Co Ltd,China,Health Care,1568793
China Risun Group Ltd,China,Basic Materials,645
China Ruyi Holdings Ltd,China,Consumer Discretionary,19765649
China Shineway Pharmaceutical Group Ltd,China,Health Care,2794436
China Southern Airlines Co Ltd,China,Consumer Discretionary,2048
China Steel Chemical Corp,Taiwan,Basic Materials,5326098
China Steel Corp,Taiwan,Basic Materials,9687988
China Suntien Green Energy Corp Ltd,China,Utilities,338194
China Taiping Insurance Holdings Co Ltd,China,Financials,5528354
China Tourism Group Duty Free Corp Ltd,China,Consumer Discretionary,722386
China Travel International Investment Hong Kong Ltd,Hong Kong,Consumer Discretionary,13629
China Vanke Co Ltd,China,Real Estate,4761415
China Water Affairs Group Ltd,China,Utilities,8013
China Yangtze Power Co Ltd,China,Utilities,119933258
China Yuhua Education Corp Ltd,China,Consumer Discretionary,4628130
China Zheshang Bank Co Ltd,China,Financials,11544459
Chinasoft International Ltd,China,Technology,16224111
ChipMOS Technologies Inc,Taiwan,Technology,8529898
Chipbond Technology Corp,Taiwan,Technology,20697871
Chipotle Mexican Grill Inc,United States,Consumer Discretionary,999280438
Chiyoda Co Ltd,Japan,Consumer Discretionary,114995
Chiyoda Corp,Japan,Industrials,3836120
Chiyoda Integre Co Ltd,Japan,Industrials,268893
Chocoladefabriken Lindt & Spruengli AG,Switzerland,Consumer Staples,665108103
Chofu Seisakusho Co Ltd,Japan,Industrials,2136317
Choice Hotels International Inc,United States,Consumer Discretionary,3720248
Choice Properties Real Estate Investment Trust,Canada,Real Estate,33911054
Cholamandalam Financial Holdings Ltd,India,Financials,27090658
Cholamandalam Investment and Finance Co Ltd,India,Financials,173574865
Chong Hong Construction Co Ltd,Taiwan,Real Estate,12832658
Chong Kun Dang Pharmaceutical Corp,South Korea,Health Care,14305418
Chongqing Brewery Co Ltd,China,Consumer Staples,491528
Chongqing Changan Automobile Co Ltd,China,Consumer Discretionary,8587068
Chongqing Rural Commercial Bank Co Ltd,China,Financials,845
Chongqing Zhifei Biological Products Co Ltd,China,Health Care,1067
Chori Co Ltd,Japan,Basic Materials,413943
Chow Sang Sang Holdings International Ltd,Hong Kong,Consumer Discretionary,10433473
Chow Tai Fook Jewellery Group Ltd,Hong Kong,Consumer Discretionary,56464864
Christian Dior SE,France,Consumer Discretionary,160106400
Chroma ATE Inc,Taiwan,Industrials,75412591
Chuan Hup Holdings Ltd,Singapore,Real Estate,802024
Chubb Ltd,United States,Financials,1172289980
Chubu Electric Power Co Inc,Japan,Utilities,161151119
Chubu Shiryo Co Ltd,Japan,Consumer Staples,422548
Chudenko Corp,Japan,Industrials,5663422
Chugai Pharmaceutical Co Ltd,Japan,Health Care,449799054
Chugai Ro Co Ltd,Japan,Industrials,2062418
Chugin Financial Group Inc,Japan,Financials,32428155
Chugoku Marine Paints Ltd,Japan,Industrials,3128322
Chularat Hospital PCL,Thailand,Health Care,593131
Chun Yuan Steel Industry Co Ltd,Taiwan,Basic Materials,938970
Chunbo Co Ltd,South Korea,Basic Materials,7232
Chung Hung Steel Corp,Taiwan,Basic Materials,4221536
Chung-Hsin Electric & Machinery Manufacturing Corp,Taiwan,Industrials,132691153
Chunghwa Precision Test Tech Co Ltd,Taiwan,Technology,16360639
Chunghwa Telecom Co Ltd,Taiwan,Telecommunications,225146650
Chuo Spring Co Ltd,Japan,Consumer Discretionary,361124
Church & Dwight Co Inc,United States,Consumer Staples,299003400
Churchill Downs Inc,United States,Consumer Discretionary,43935202
Cia Cervecerias Unidas SA,Chile,Consumer Staples,19537735
Cia Energetica de Minas Gerais,Brazil,Utilities,1220936
Cia Paranaense de Energia - Copel,Brazil,Utilities,97513891
Cia Sud Americana de Vapores SA,Chile,Industrials,16005617
Cia de Saneamento Basico do Estado de Sao Paulo SABESP,Brazil,Utilities,128625520
Cian PLC,Russia,Real Estate,106028
Cibus Nordic Real Estate AB publ,Sweden,Real Estate,3159795
Cie Financiere Richemont SA,Switzerland,Consumer Discretionary,2112832491
Cie Generale des Etablissements Michelin SCA,France,Consumer Discretionary,632110843
Cie de L'Odet SE,France,Consumer Discretionary,17514
Cie de Saint-Gobain SA,France,Industrials,955606666
Ciena Corp,United States,Telecommunications,74202401
Cigna Group/The,United States,Health Care,1091918302
Cimpress PLC,United States,Industrials,337178
Cincinnati Financial Corp,United States,Financials,230933371
Cinda International Holdings Ltd,China,Financials,85259
Cinemark Holdings Inc,United States,Consumer Discretionary,1908644
Cint Group AB,Sweden,Technology,4532959
Cintas Corp,United States,Industrials,909556094
Cipla Ltd/India,India,Health Care,329754321
Ciputra Development Tbk PT,Indonesia,Real Estate,34645427
Circle Internet Group Inc,United States,Financials,10387011
Cirrus Logic Inc,United States,Technology,68744287
Cisarua Mountain Dairy PT TBK,Indonesia,Consumer Staples,3491761
Cisco Systems Inc,United States,Telecommunications,3759119269
Citaglobal Bhd,Malaysia,Industrials,2302328
Citic Pacific Special Steel Group Co Ltd,China,Basic Materials,3001022
Citigroup Inc,United States,Financials,2422705954
Citizen Watch Co Ltd,Japan,Consumer Discretionary,9064894
Citizens Financial Group Inc,United States,Financials,249348208
City Bank PLC,Bangladesh,Financials,12148407
City Developments Ltd,Singapore,Real Estate,26358762
City Holding Co,United States,Financials,1338908
City Union Bank Ltd,India,Financials,8411302
Citycon Oyj,Finland,Real Estate,426541
Civil Engineering PCL,Thailand,Industrials,536436
Clal Insurance Enterprises Holdings Ltd,Israel,Financials,3217792
Clariant AG,Switzerland,Basic Materials,51869507
Clarity Pharmaceuticals Ltd,Australia,Health Care,5852287
Clarivate PLC,United States,Technology,19272531
Clarkson PLC,United Kingdom,Industrials,1334831
Clas Ohlson AB,Sweden,Consumer Discretionary,3218221
Classys Inc,South Korea,Financials,16404031
Clean Harbors Inc,United States,Utilities,147631548
Clean Science & Technology Ltd,India,Basic Materials,4818912
Cleanaway Co Ltd,Taiwan,Utilities,9625839
Cleanaway Waste Management Ltd,Australia,Utilities,59873642
Cleanup Corp,Japan,Industrials,1053438
Clear Secure Inc,United States,Technology,-5135211
Clearwater Analytics Holdings Inc,United States,Financials,99014125
Clearway Energy Inc,United States,Utilities,42498746
Cleveland-Cliffs Inc,United States,Basic Materials,44119695
Clevo Co,Taiwan,Technology,8586553
Clicks Group Ltd,South Africa,Consumer Staples,1001108
Clinuvel Pharmaceuticals Ltd,Australia,Health Care,4634987
Clipan Finance Indonesia Tbk PT,Indonesia,Financials,1018540
Cloetta AB,Sweden,Consumer Staples,1262927
Clorox Co/The,United States,Consumer Staples,187360830
Cloudflare Inc,United States,Technology,564519533
Co-Tech Development Corp,Taiwan,Technology,415682
CoStar Group Inc,United States,Real Estate,486453607
Coast Entertainment Holdings Ltd,Australia,Consumer Discretionary,283525
Coats Group PLC,United Kingdom,Industrials,44213224
Cobram Estate Olives Ltd,Australia,Consumer Staples,73735
Coca-Cola Bottlers Japan Holdings Inc,Japan,Consumer Staples,43026506
Coca-Cola Co/The,United States,Consumer Staples,3785159597
Coca-Cola Consolidated Inc,United States,Consumer Staples,280669343
Coca-Cola Embonor SA,Chile,Consumer Staples,2061938
Coca-Cola Europacific Partners PLC,United Kingdom,Consumer Staples,377118106
Coca-Cola Femsa SAB de CV,Mexico,Consumer Staples,60833708
Coca-Cola HBC AG,United Kingdom,Consumer Staples,116604127
Coca-Cola Icecek AS,Türkiye,Consumer Staples,48392030
Cochin Shipyard Ltd,India,Industrials,19350591
Cochlear Ltd,Australia,Health Care,253272656
Codan Ltd,Australia,Industrials,28247136
Coeur Mining Inc,United States,Basic Materials,4610106
Coface SA,France,Financials,43394433
Cofinimmo SA,Belgium,Real Estate,94808917
Coforge Ltd,India,Technology,216338501
Cogeco Communications Inc,Canada,Telecommunications,789647
Cogent Communications Holdings Inc,United States,Telecommunications,145
Cogna Educacao SA,Brazil,Consumer Discretionary,28775695
Cognex Corp,United States,Industrials,51051278
Cognizant Technology Solutions Corp,United States,Technology,479490761
Cohance Lifesciences Ltd,India,Health Care,12839798
Cohen & Steers Inc,United States,Financials,27879801
Coherent Corp,United States,Technology,196320076
Coinbase Global Inc,United States,Financials,1043462355
Colbun SA,Chile,Utilities,34797825
Coles Group Ltd,Australia,Consumer Staples,287756761
Colgate-Palmolive Co,United States,Consumer Staples,941176055
Colgate-Palmolive India Ltd,India,Consumer Staples,30338329
Colliers International Group Inc,Canada,Real Estate,74649661
Collins Foods Ltd,Australia,Consumer Discretionary,8835048
Coloplast A/S,Denmark,Health Care,262512388
Colowide Co Ltd,Japan,Consumer Discretionary,1605746
Colruyt Group N.V,Belgium,Consumer Staples,36413118
Colt CZ Group SE,Czech Republic,Industrials,1794552
Columbia Banking System Inc,United States,Financials,23813325
Columbia Sportswear Co,United States,Consumer Discretionary,8369731
Com7 PCL,Thailand,Consumer Discretionary,51383379
Comba Telecom Systems Holdings Ltd,China,Telecommunications,395
Combined Motor Holdings Ltd,South Africa,Consumer Discretionary,2995863
Comcast Corp,United States,Telecommunications,3500527629
Comer Industries SpA,Italy,Industrials,6006590
Comerica Inc,United States,Financials,97137997
Comet Holding AG,Switzerland,Technology,55670529
Comforia Residential REIT Inc,Japan,Real Estate,13965323
Comfort Systems USA Inc,United States,Industrials,256998482
ComfortDelGro Corp Ltd,Singapore,Industrials,41442993
Commerce Bancshares Inc/MO,United States,Financials,89281964
Commercial Bank PSQC/The,Qatar,Financials,54938468
Commercial Bank of Ceylon PLC,Sri Lanka,Financials,15650383
Commercial International Bank - Egypt (CIB),Egypt,Financials,18999287
Commercial Metals Co,United States,Basic Materials,70401592
Commerzbank AG,Germany,Financials,626475021
Commonwealth Bank of Australia,Australia,Financials,1711135483
Community Financial System Inc,United States,Financials,34545568
Community Health Systems Inc,United States,Health Care,1203940
Commvault Systems Inc,United States,Technology,30252880
Compal Electronics Inc,Taiwan,Technology,692
Compass Group PLC,United Kingdom,Consumer Discretionary,1113538734
Compeq Manufacturing Co Ltd,Taiwan,Technology,89731894
Computacenter PLC,United Kingdom,Technology,31083550
Computer Age Management Services Ltd,India,Industrials,32548640
Computer Engineering & Consulting Ltd,Japan,Technology,9768357
Computershare Ltd,Australia,Financials,210168028
Comture Corp,Japan,Technology,10592
Conagra Brands Inc,United States,Consumer Staples,170461632
Concentra Group Holdings Parent Inc,United States,Health Care,30739931
Concentradora Fibra Danhos SA de CV,Mexico,Real Estate,23273392
Concentrix Corp,United States,Technology,18933824
Concord Biotech Ltd,India,Health Care,59592849
Concord New Energy Group Ltd,China,Utilities,341732
Concordia Financial Group Ltd,Japan,Financials,118161111
Confluent Inc,United States,Technology,116181179
Consolidated Edison Inc,United States,Utilities,454674310
Constellation Brands Inc,United States,Consumer Staples,234936111
Constellation Energy Corp,United States,Utilities,1337301836
Constellation Software Inc/Canada,Canada,Technology,1125561326
Constellium SE,United States,Basic Materials,1499123
Construcciones y Auxiliar de Ferrocarriles SA,Spain,Industrials,1202422
Construtora Tenda S/A,Brazil,Consumer Discretionary,25831981
Consun Pharmaceutical Group Ltd,China,Health Care,1289182
Contact Energy Ltd,New Zealand,Utilities,75585957
Container Corp Of India Ltd,India,Industrials,27262839
Contemporary Amperex Technology Co Ltd,China,Industrials,1104851514
Continental AG,Germany,Consumer Discretionary,268885989
Continental Holdings Corp,Taiwan,Industrials,935561
Contineum Therapeutics Inc,United States,Health Care,673824
Controladora Alpek SAB de CV,Mexico,Basic Materials,42991580
Controladora Vuela Cia de Aviacion SAB de CV,Mexico,Consumer Discretionary,24293282
ConvaTec Group PLC,United Kingdom,Health Care,136943095
Converge Information and Communications Technology Solutions Inc,Philippines,Telecommunications,22158387
Convoy Global Holdings Ltd,Hong Kong,Financials,481766
Cooper Cos Inc/The,United States,Health Care,32145320
Copart Inc,United States,Consumer Discretionary,540581912
Copperwired PCL,Thailand,Consumer Discretionary,711021
CorVel Corp,United States,Health Care,34417836
Coraza Integrated Technology Bhd,Malaysia,Basic Materials,689598
Corbion NV,Netherlands,Consumer Staples,29431465
Corcept Therapeutics Inc,United States,Health Care,72047752
Core & Main Inc,United States,Industrials,108035371
Corebridge Financial Inc,United States,Financials,145631721
Corem Property Group AB,Sweden,Real Estate,1344678
Coretronic Corp,Taiwan,Technology,3041483
Corning Inc,United States,Technology,526219695
Coromandel International Ltd,India,Basic Materials,41089135
Corona Corp,Japan,Consumer Discretionary,168604
Coronado Global Resources Inc,Australia,Energy,905197
Coronation Fund Managers Ltd,South Africa,Financials,4317691
Corp ACCIONA Energias Renovables SA,Spain,Utilities,21998077
Corp Inmobiliaria Vesta SAB de CV,Mexico,Real Estate,97595428
Corpay Inc,United States,Industrials,261551806
Corporate Travel Management Ltd,Australia,Consumer Discretionary,2730340
Corporativo Fragua SAB de CV,Mexico,Consumer Staples,96091474
Corteva Inc,United States,Consumer Staples,424163645
Cosan SA,Brazil,Energy,72422124
Cosel Co Ltd,Japan,Industrials,119409
Cosmax Inc,South Korea,Consumer Discretionary,85452368
Cosmecca Korea Co Ltd,South Korea,Consumer Discretionary,12935307
Cosmo Energy Holdings Co Ltd,Japan,Energy,40507768
CosmoAM&T Co Ltd,South Korea,Consumer Discretionary,389767
Cosmochemical Co Ltd,South Korea,Basic Materials,371078
Cosmos Pharmaceutical Corp,Japan,Consumer Staples,62130158
Costco Wholesale Corp,United States,Consumer Discretionary,5602019973
Coty Inc,United States,Consumer Discretionary,52448592
Couchbase Inc,United States,Technology,30847648
Country Garden Holdings Co Ltd,China,Real Estate,30
Country Garden Services Holdings Co Ltd,China,Real Estate,136732
Coupang Inc,United States,Consumer Discretionary,671461243
Coursera Inc,United States,Consumer Discretionary,15293751
Cousins Properties Inc,United States,Real Estate,41351100
Cover Corp,Japan,Consumer Discretionary,1183594
Covestro AG,Germany,Basic Materials,390226116
Covivio SA/France,France,Real Estate,76998064
Coway Co Ltd,South Korea,Consumer Discretionary,25524129
Cowell e Holdings Inc,Hong Kong,Consumer Discretionary,38042389
Cracker Barrel Old Country Store Inc,United States,Consumer Discretionary,843087
Craftsman Automation Ltd,India,Consumer Discretionary,8920464
Crane Co,United States,Industrials,190533157
Crane NXT Co,United States,Industrials,32162615
Cranswick PLC,United Kingdom,Consumer Staples,66097675
Create Restaurants Holdings Inc,Japan,Consumer Discretionary,6335500
Create SD Holdings Co Ltd,Japan,Consumer Staples,6292623
Creative & Innovative System,South Korea,Industrials,332597
Credicorp Ltd,United States,Financials,186573485
Credit Agricole SA,France,Financials,50092448
Credit Clear Ltd,Australia,Industrials,1961967
Credit Corp Group Ltd,Australia,Financials,6839463
Credit Saison Co Ltd,Japan,Industrials,49105979
CreditAccess Grameen Ltd,India,Financials,13591408
Credito Emiliano SpA,Italy,Financials,13343148
Credo Technology Group Holding Ltd,United States,Technology,39952215
Creek & River Co Ltd,Japan,Industrials,6233824
Creepy Jar SA,Poland,Consumer Discretionary,2590642
Creotech Instruments SA,Poland,Industrials,6833788
Crest Group Bhd,Malaysia,Industrials,966631
Crest Nicholson Holdings plc,United Kingdom,Consumer Discretionary,9861986
Crocs Inc,United States,Consumer Discretionary,56709812
Croda International PLC,United Kingdom,Basic Materials,518646885
Crompton Greaves Consumer Electricals Ltd,India,Consumer Discretionary,110090960
Cromwell Property Group,Australia,Real Estate,3370046
Crowdstrike Holdings Inc,United States,Technology,1603313992
Crown Castle Inc,United States,Real Estate,620036572
Crown Holdings Inc,United States,Industrials,184046062
CryoPort Inc,United States,Industrials,1624042
CrystalGenomics Invites Co Ltd,South Korea,Health Care,63901
CubeSmart,United States,Real Estate,458008305
Cuckoo Holdings Co Ltd,South Korea,Consumer Discretionary,281231
Cuckoo Homesys Co Ltd,South Korea,Consumer Discretionary,8150271
Cuckoo International Mal bhd,Malaysia,Consumer Discretionary,4085026
Cullen/Frost Bankers Inc,United States,Financials,90483548
Cummins Inc,United States,Industrials,496505065
Cummins India Ltd,India,Industrials,59372168
Curbline Properties Corp,United States,Real Estate,2113761
Curro Holdings Ltd,South Africa,Consumer Discretionary,10179172
Currys PLC,United Kingdom,Consumer Discretionary,1674852
Curtiss-Wright Corp,United States,Industrials,241536677
Curves Holdings Co Ltd,Japan,Consumer Discretionary,2006366
Cury Construtora e Incorporadora SA,Brazil,Industrials,17027391
Cushman & Wakefield PLC,United States,Real Estate,2433120
Cyber Folks SA,Poland,Technology,18578586
CyberAgent Inc,Japan,Technology,145431689
CyberArk Software Ltd,United States,Technology,474413536
CyberPower Systems Inc,Taiwan,Industrials,9220765
CyberTAN Technology Inc,Taiwan,Telecommunications,1182278
Cyberlink Corp,Taiwan,Technology,149
Cyberoo SpA,Italy,Technology,1985332
Cybozu Inc,Japan,Technology,1268718
Cyclopharm Ltd,Australia,Health Care,1288789
Cydsa SAB de CV,Mexico,Basic Materials,19650454
Cyfrowy Polsat SA,Poland,Telecommunications,18193
Cyient Ltd,India,Technology,15194120
Cypark Resources Bhd,Malaysia,Utilities,2185014
Cyrela Brazil Realty SA Empreendimentos e Participacoes,Brazil,Real Estate,26751596
Cytokinetics Inc,United States,Health Care,39121739
D&L Industries Inc,Philippines,Consumer Staples,8092342
D&O Green Technologies Bhd,Malaysia,Technology,583505
D'Alba Global Co Ltd,South Korea,Consumer Discretionary,23397645
D'ieteren Group,Belgium,Consumer Discretionary,101610297
D-Link Corp,Taiwan,Telecommunications,829771
D2L Inc,Canada,Consumer Discretionary,798563
DB HiTek Co Ltd,South Korea,Technology,745659
DB Insurance Co Ltd,South Korea,Financials,3206112
DBS Group Holdings Ltd,Singapore,Financials,1336523751
DCB Bank Ltd,India,Financials,2389261
DCC PLC,United Kingdom,Industrials,105414219
DCM Holdings Co Ltd,Japan,Consumer Discretionary,11074111
DCM Shriram Ltd,India,Industrials,5491178
DENTSPLY SIRONA Inc,United States,Health Care,39700397
DFI Retail Group Holdings Ltd,Hong Kong,Consumer Staples,13303476
DIC Corp,Japan,Basic Materials,12547260
DKS Co Ltd,Japan,Basic Materials,208093
DKSH Holding AG,Switzerland,Industrials,53911763
DL Holdings Co Ltd,South Korea,Industrials,20511869
DMG Mori Co Ltd,Japan,Industrials,87694023
DNOW Inc,United States,Energy,1191917
DO & CO AG,Austria,Consumer Discretionary,139743901
DPC Dash Ltd,China,Consumer Discretionary,13061870
DR Horton Inc,United States,Consumer Discretionary,486971192
DRB-Hicom Bhd,Malaysia,Consumer Discretionary,1806458
DSM-Firmenich AG,Netherlands,Consumer Staples,802124517
DSV A/S,Denmark,Industrials,1876996118
DT Midstream Inc,United States,Energy,143742936
DTS Corp,Japan,Technology,15983315
DUG Technology Ltd,Australia,Technology,3600487
DWS Group GmbH & Co KGaA,Germany,Financials,37045984
DXC Technology Co,United States,Technology,16588901
DXN Holdings Bhd,Malaysia,Consumer Staples,3572984
DY POWER Corp,South Korea,Industrials,2112742
DYPNF Co Ltd,South Korea,Industrials,1793036
DaVita Inc,United States,Health Care,31894270
Dabur India Ltd,India,Consumer Staples,23696744
Dadelo SA,Poland,Consumer Discretionary,1746755
Daea TI Co Ltd,South Korea,Industrials,144764
Daeduck Co Ltd,South Korea,Technology,639527
Daeduck Electronics Co Ltd / New,South Korea,Technology,143478
Daejoo Electronic Materials Co Ltd,South Korea,Basic Materials,10797674
Daesang Corp,South Korea,Consumer Staples,15105751
Daetwyler Holding AG,Switzerland,Industrials,25327318
Daewoong Co Ltd,South Korea,Health Care,356766
Daewoong Pharmaceutical Co Ltd,South Korea,Health Care,19158221
Dagang NeXchange Bhd,Malaysia,Technology,4517333
Dah Sing Banking Group Ltd,Hong Kong,Financials,5565610
Dah Sing Financial Holdings Ltd,Hong Kong,Financials,8784394
Dai Nippon Printing Co Ltd,Japan,Industrials,106207530
Dai Nippon Toryo Co Ltd,Japan,Industrials,365512
Dai-Dan Co Ltd,Japan,Industrials,19630070
Dai-ichi Life Holdings Inc,Japan,Financials,545123835
Daicel Corp,Japan,Industrials,48526366
Daido Metal Co Ltd,Japan,Consumer Discretionary,124576
Daido Steel Co Ltd,Japan,Basic Materials,18473993
Daiei Kankyo Co Ltd,Japan,Utilities,21362733
Daifuku Co Ltd,Japan,Industrials,157594003
Daihen Corp,Japan,Industrials,26002736
Daiho Corp,Japan,Industrials,1904512
Daiichi Jitsugyo Co Ltd,Japan,Industrials,606518
Daiichi Sankyo Co Ltd,Japan,Health Care,707858276
Daiichikosho Co Ltd,Japan,Consumer Discretionary,5886164
Daiki Aluminium Industry Co Ltd,Japan,Basic Materials,384119
Daikin Industries Ltd,Japan,Industrials,496356909
Daikokutenbussan Co Ltd,Japan,Consumer Staples,1690058
Daikyonishikawa Corp,Japan,Consumer Discretionary,382099
Daimler Truck Holding AG,Germany,Industrials,68848150
Dainichiseika Color & Chemicals Manufacturing Co Ltd,Japan,Basic Materials,416525
Daiseki Co Ltd,Japan,Utilities,8287638
Daishi Hokuetsu Financial Group Inc,Japan,Financials,12532322
Daishin Securities Co Ltd,South Korea,Financials,6659738
Daisyo Corp,Japan,Consumer Discretionary,42608
Daito Pharmaceutical Co Ltd,Japan,Health Care,471937
Daito Trust Construction Co Ltd,Japan,Real Estate,109865637
Daiwa House Industry Co Ltd,Japan,Consumer Discretionary,347131017
Daiwa House Logistics Trust,Singapore,Real Estate,3140294
Daiwa House REIT Investment Corp,Japan,Real Estate,93790779
Daiwa Industries Ltd,Japan,Industrials,10021357
Daiwa Office Investment Corp,Japan,Real Estate,19982436
Daiwa Securities Group Inc,Japan,Financials,123069203
Daiwa Securities Living Investments Corp,Japan,Real Estate,22162494
Daiwabo Holdings Co Ltd,Japan,Technology,11343925
Dalata Hotel Group PLC,Ireland,Consumer Discretionary,1734077
Dalmia Bharat Ltd,India,Industrials,15271387
Dalrymple Bay Infrastructure Ltd,Australia,Industrials,12046392
Dana Gas PJSC,United Arab Emirates,Energy,18689110
Dana Inc,United States,Consumer Discretionary,2266441
Danaher Corp,United States,Health Care,2043577968
Danal Co Ltd,South Korea,Industrials,254830
Danaos Corp,Greece,Industrials,22548742
Danel Adir Yeoshua Ltd,Israel,Industrials,12351737
Danieli & C Officine Meccaniche SpA,Italy,Industrials,50860688
Danone SA,France,Consumer Staples,1164431725
Danske Bank A/S,Denmark,Financials,743375313
Daol Investment & Securities Co Ltd,South Korea,Financials,43864
Daou Data Corp,South Korea,Financials,2956592
Daou Technology Inc,South Korea,Financials,3202412
Darden Restaurants Inc,United States,Consumer Discretionary,120167951
Darfon Electronics Corp,Taiwan,Technology,211954
Darling Ingredients Inc,United States,Consumer Staples,59154037
Dassault Aviation SA,France,Industrials,130037463
Dassault Systemes SE,France,Technology,161535862
Dat Xanh Group JSC,Vietnam,Real Estate,24022022
Dat Xanh Real Estate Services JSC,Vietnam,Real Estate,3514686
Data Patterns India Ltd,India,Industrials,7122307
Data#3 Ltd,Australia,Technology,13926405
DataTec Ltd,South Africa,Technology,25400823
Datadog Inc,United States,Technology,367630851
Datalogic SpA,Italy,Industrials,3299269
Dave & Buster's Entertainment Inc,United States,Consumer Discretionary,-3939187
Davide Campari-Milano NV,Italy,Consumer Staples,63090490
Dawonsys Co Ltd,South Korea,Industrials,185952
Day One Biopharmaceuticals Inc,United States,Health Care,1098500
Dayamitra Telekomunikasi PT,Indonesia,Telecommunications,2382113
Dayang Enterprise Holdings Bhd,Malaysia,Energy,12465241
Dayforce Inc,United States,Technology,55
De' Longhi SpA,Italy,Consumer Discretionary,79852548
DeNA Co Ltd,Japan,Consumer Discretionary,6110481
Deckers Outdoor Corp,United States,Consumer Discretionary,219758021
Deep Yellow Ltd,Australia,Energy,657
Deepak Fertilisers & Petrochemicals Corp Ltd,India,Basic Materials,14059232
Deepak Nitrite Ltd,India,Basic Materials,17494381
Deere & Co,United States,Industrials,1552086909
Definity Financial Corp,Canada,Financials,69377407
Delek Automotive Systems Ltd,Israel,Consumer Discretionary,3832874
Delek US Holdings Inc,United States,Energy,38609424
Delhivery Ltd,India,Industrials,26069652
Deliveroo PLC,United Kingdom,Technology,46502248
Delivery Hero SE,Germany,Consumer Discretionary,16480583
Dell Technologies Inc,United States,Technology,520186896
Delpha Construction Co Ltd,Taiwan,Real Estate,6253146
Delta Air Lines Inc,United States,Consumer Discretionary,25719124
Delta Electronics Inc,Taiwan,Industrials,448294771
Delta Electronics Thailand PCL,Thailand,Technology,18111656
Demant A/S,Denmark,Health Care,74694800
Deme Group NV,Belgium,Industrials,22255294
Denali Therapeutics Inc,United States,Health Care,55223944
Denso Corp,Japan,Consumer Discretionary,392757729
Dentium Co Ltd,South Korea,Health Care,995219
Dentsu Group Inc,Japan,Consumer Discretionary,7591321
Dentsu Soken Inc,Japan,Technology,18092754
Depo Auto Parts Ind Co Ltd,Taiwan,Consumer Discretionary,7158633
Derichebourg SA,France,Utilities,1175619
Dermapharm Holding SE,Germany,Health Care,11737708
Derwent London PLC,United Kingdom,Real Estate,187352560
Descartes Systems Group Inc/The,Canada,Technology,117365174
Desktop SA,Brazil,Telecommunications,5437851
Deterra Royalties Ltd,Australia,Basic Materials,15105157
Deutsche Bank AG,Germany,Financials,705541698
Deutsche Beteiligungs AG,Germany,Financials,390741
Deutsche Boerse AG,Germany,Financials,1442537023
Deutsche EuroShop AG,Germany,Real Estate,6637519
Deutsche Lufthansa AG,Germany,Consumer Discretionary,44373410
Deutsche Pfandbriefbank AG,Germany,Financials,1198420
Deutsche Post AG,Germany,Industrials,728620645
Deutsche Telekom AG,Germany,Telecommunications,1693487811
Deutsche Wohnen SE,Germany,Real Estate,34354549
Deutz AG,Germany,Industrials,27138739
Devsisters Co Ltd,South Korea,Consumer Discretionary,10276687
Devyani International Ltd,India,Consumer Discretionary,1472174
Dexco SA,Brazil,Industrials,269802
Dexcom Inc,United States,Health Care,446066914
Dexelance SpA,Italy,Consumer Discretionary,5466410
Dexerials Corp,Japan,Technology,41161645
Dexus,Australia,Real Estate,60430720
Dexus Industria REIT,Australia,Real Estate,11797676
Dhani Services Ltd,India,Financials,14
DiDi Global Inc,China,Consumer Discretionary,63256599
DiaSorin SpA,Italy,Health Care,71235976
Diageo PLC,United Kingdom,Consumer Staples,1158513410
Diagnostyka SA,Poland,Health Care,77267105
Dialight PLC,United Kingdom,Industrials,2450119
Dialog Axiata PLC,Sri Lanka,Telecommunications,3798528
Dialog Group Bhd,Malaysia,Energy,13657701
Diamond Trust Bank Kenya Ltd,Kenya,Financials,4244058
DiamondRock Hospitality Co,United States,Real Estate,1403143
Dick's Sporting Goods Inc,United States,Consumer Discretionary,131556112
Dicker Data Ltd,Australia,Technology,8927367
DigiCo Infrastructure REIT,Australia,Real Estate,18610879
Digital Arts Inc,Japan,Technology,998373
Digital China Holdings Ltd,China,Technology,42066
Digital Core REIT Management Pte Ltd,Singapore,Real Estate,8145146
Digital Daesung Co Ltd,South Korea,Consumer Discretionary,1407741
Digital Domain Holdings Ltd,Hong Kong,Consumer Discretionary,13709990
Digital Garage Inc,Japan,Technology,8419917
Digital Holdings Inc,Japan,Consumer Discretionary,84413
Digital Information Technologies Corp,Japan,Technology,679567
Digital Mobility Solutions Lanka Ltd,Sri Lanka,Technology,1494421
Digital Realty Trust Inc,United States,Real Estate,3807485744
DigitalBridge Group Inc,United States,Real Estate,1868227
DigitalOcean Holdings Inc,United States,Technology,19836691
Digitide Solutions Ltd,India,Industrials,534804
Dilip Buildcon Ltd,India,Industrials,4253
Dillard's Inc,United States,Consumer Discretionary,10238088
Dimand SA,Greece,Real Estate,6555365
Dimerco Express Corp,Taiwan,Industrials,1995
DingDong Cayman Ltd,China,Consumer Staples,593476
Dino Polska SA,Poland,Consumer Staples,190607990
Diodes Inc,United States,Technology,1891875
Dios Fastigheter AB,Sweden,Real Estate,2950362
Diploma PLC,United Kingdom,Industrials,313230166
Dipula Properties Ltd,South Africa,Real Estate,6588318
Direcional Engenharia SA,Brazil,Consumer Discretionary,31670459
Direct Line Insurance Group PLC,United Kingdom,Financials,101633736
Dis-Chem Pharmacies Ltd,South Africa,Consumer Staples,16034452
Disc Medicine Inc,United States,Health Care,15253645
Disco Corp,Japan,Technology,314672814
Discovery Ltd,South Africa,Financials,38073928
Distribuidora Internacional de Alimentacion SA,Spain,Consumer Staples,644347
Divi's Laboratories Ltd,India,Health Care,285381246
Dixon Technologies India Ltd,India,Consumer Discretionary,70134624
DocMorris AG,Switzerland,Consumer Staples,7944427
Docusign Inc,United States,Technology,137613793
Doha Bank QPSC,Qatar,Financials,17495212
Dolby Laboratories Inc,United States,Technology,55029705
Dollar General Corp,United States,Consumer Discretionary,149104739
Dollar Tree Inc,United States,Consumer Discretionary,181322531
Dollarama Inc,Canada,Consumer Discretionary,514035409
Dom Development SA,Poland,Real Estate,10557486
Domain Holdings Australia Ltd,Australia,Technology,8786728
Dometic Group AB,Sweden,Consumer Discretionary,49473476
Dominion Energy Inc,United States,Utilities,556852505
Domino's Pizza Enterprises Ltd,Australia,Consumer Discretionary,12668324
Domino's Pizza Group PLC,United Kingdom,Consumer Discretionary,22598851
Domino's Pizza Inc,United States,Consumer Discretionary,199603634
Domo Inc,United States,Technology,7089775
Doms Industries Ltd,India,Consumer Staples,5548452
Donaldson Co Inc,United States,Industrials,68759415
Donegal Group Inc,United States,Financials,1053315
Dong-A ST Co Ltd,South Korea,Health Care,2446
Dong-A Socio Holdings Co Ltd,South Korea,Health Care,7430544
Dong-E-E-Jiao Co Ltd,China,Health Care,50140434
DongKook Pharmaceutical Co Ltd,South Korea,Health Care,24260471
Dongfang Electric Corp Ltd,China,Energy,6186874
Dongfeng Motor Group Co Ltd,China,Consumer Discretionary,13734
Dongjin Semichem Co Ltd,South Korea,Basic Materials,23645316
Dongsuh Cos Inc,South Korea,Consumer Staples,300961
Dongsung Pharmaceutical Co Ltd,South Korea,Health Care,849
Dongwon F&B Co Ltd,South Korea,Consumer Staples,14293390
Dongwon Industries Co Ltd,South Korea,Consumer Staples,239576
Dongwoon Anatech Co Ltd,South Korea,Technology,1653044
Dongyue Group Ltd,China,Basic Materials,39615602
DoorDash Inc,United States,Technology,1242279996
Doosan Bobcat Inc,South Korea,Industrials,12028036
Doosan Co Ltd,South Korea,Industrials,16408758
Doosan Enerbility Co Ltd,South Korea,Industrials,493363963
Doosan Fuel Cell Co Ltd,South Korea,Energy,459680
Doosan Robotics Inc,South Korea,Industrials,689456
Doosan Tesna Inc,South Korea,Technology,7804192
Dorman Products Inc,United States,Consumer Discretionary,27596334
Doshisha Co Ltd,Japan,Industrials,504366
Dottikon Es Holding AG,Switzerland,Basic Materials,9225639
DoubleUGames Co Ltd,South Korea,Consumer Discretionary,4332173
DoubleVerify Holdings Inc,United States,Technology,7247411
Douglas AG,Germany,Consumer Discretionary,21596488
Douglas Emmett Inc,United States,Real Estate,15
Doutor Nichires Holdings Co Ltd,Japan,Consumer Discretionary,6461730
Douzone Bizon Co Ltd,South Korea,Technology,49343548
Dover Corp,United States,Industrials,268977975
Dow Inc,United States,Basic Materials,173817474
Dowa Holdings Co Ltd,Japan,Basic Materials,23586281
Downer EDI Ltd,Australia,Industrials,39972025
Doximity Inc,United States,Health Care,6204848
Dr Agarwal's Health Care Ltd,India,Health Care,236007
Dr Ing hc F Porsche AG,Germany,Consumer Discretionary,303076061
Dr Lal PathLabs Ltd,India,Health Care,12176719
Dr Reddy's Laboratories Ltd,India,Health Care,92966403
Draegerwerk AG & Co KGaA,Germany,Health Care,11579893
DraftKings Inc,United States,Consumer Discretionary,374147527
Drax Group PLC,United Kingdom,Utilities,48834648
Dream Industrial Real Estate Investment Trust,Canada,Real Estate,2272321
Dreamtech Co Ltd,South Korea,Technology,4746424
DroneShield Ltd,Australia,Industrials,646241
Dropbox Inc,United States,Technology,51306970
DuPont de Nemours Inc,United States,Industrials,307314065
Duality Biotherapeutics Inc,China,Health Care,9527294
Dubai Electricity & Water Authority PJSC,United Arab Emirates,Utilities,222974825
Dubai Financial Market PJSC,United Arab Emirates,Financials,5126527
Dubai Islamic Bank PJSC,United Arab Emirates,Financials,44808751
Dubai Taxi Co PJSC,United Arab Emirates,Consumer Discretionary,31804536
Duc Giang Chemicals JSC,Vietnam,Basic Materials,21906924
Duerr AG,Germany,Industrials,26956896
Dufu Technology Corp Bhd,Malaysia,Technology,3475122
Duk San Neolux Co Ltd,South Korea,Basic Materials,11731849
Dun & Bradstreet Holdings Inc,United States,Technology,34636963
Dunelm Group PLC,United Kingdom,Consumer Discretionary,47647683
Duolingo Inc,United States,Consumer Discretionary,197909274
Duopharma Biotech Bhd,Malaysia,Health Care,1174063
Duskin Co Ltd,Japan,Consumer Discretionary,7790713
Dutch Bros Inc,United States,Consumer Discretionary,93525169
Dutch Lady Milk Industries BHD,Malaysia,Consumer Staples,5049268
DyDo Group Holdings Inc,Japan,Consumer Staples,2188562
Dyaco International Inc,Taiwan,Consumer Discretionary,614
Dycom Industries Inc,United States,Industrials,4807640
Dynamic Holding Co Ltd,Taiwan,Technology,357915
Dynapack International Technology Corp,Taiwan,Industrials,19674610
Dynatrace Inc,United States,Technology,87620147
Dynavox Group AB,Sweden,Technology,4105809
Dyne Therapeutics Inc,United States,Health Care,469517
Dyno Nobel Ltd,Australia,Basic Materials,10728617
E Ink Holdings Inc,Taiwan,Technology,148663556
E-Finance for Digital & Financial Investments,Egypt,Industrials,5056206
E-MART Inc,South Korea,Consumer Discretionary,1177794
E.ON SE,Germany,Utilities,1389032828
E.Sun Financial Holding Co Ltd,Taiwan,Financials,260572499
E1 Corp,South Korea,Energy,94240
E7 Group PJSC,United Arab Emirates,Industrials,16951215
EBOS Group Ltd,New Zealand,Health Care,78437184
ECO-Shop Marketing Bhd,Malaysia,Consumer Discretionary,2651341
ECOMATE HOLDINGS BHD,Malaysia,Consumer Discretionary,3580762
EDION Corp,Japan,Consumer Discretionary,9946005
EDP Renovaveis SA,Portugal,Utilities,47751543
EDP SA,Portugal,Utilities,539328560
EFG Holding S.A.E.,Egypt,Financials,2351416
EFG International AG,Switzerland,Financials,48595227
EG Industries Bhd,Malaysia,Technology,6617962
EHang Holdings Ltd,China,Industrials,7669336
EID Parry India Ltd,India,Consumer Staples,16813380
EIH Ltd,India,Consumer Discretionary,15046946
ELRIDGE ENERGY HOLDINGS Bhd,Malaysia,Energy,8337490
EM Systems Co Ltd,Japan,Technology,13514
EMCOR Group Inc,United States,Industrials,344547789
EML Payments Ltd,Australia,Industrials,549293
EMS-Chemie Holding AG,Switzerland,Basic Materials,113436001
EMSTEEL Building Materials PJSC,United Arab Emirates,Industrials,4980674
EN+ Group International PJSC,Russia,Basic Materials,2793834
ENEOS Holdings Inc,Japan,Energy,245748829
ENF Technology Co Ltd,South Korea,Basic Materials,6437406
ENN Energy Holdings Ltd,China,Utilities,108619044
ENN Natural Gas Co Ltd,China,Utilities,259030
EPAM Systems Inc,United States,Technology,127047115
EPE Capital Partners Ltd,South Africa,Financials,2407823
EPL Ltd,India,Industrials,5640276
EPR Properties,United States,Real Estate,55092579
EQT AB,Sweden,Financials,1036503651
EQT Holdings Ltd,Australia,Financials,12413848
ERG SpA,Italy,Utilities,12400137
ES-Con Japan Ltd,Japan,Real Estate,1923752
ESCO Technologies Inc,United States,Industrials,3743576
ESCON Japan Reit Investment Corp,Japan,Real Estate,368912
ESG Minerals Ltd,Australia,Basic Materials,70822
ESPEC Corp,Japan,Industrials,2344096
ESR Kendall Square REIT Co Ltd,South Korea,Real Estate,491051
ESR-REIT,Singapore,Real Estate,23140282
ESSA Industries Indonesia Tbk PT,Indonesia,Energy,6142372
EUCALIA Inc,Japan,Health Care,134584
EURO CREATIONS PCL,Thailand,Consumer Discretionary,283655
EVERGREEN Steel Corp,Taiwan,Basic Materials,4274442
EVERTEC Inc,United States,Industrials,2111521
EVN AG,Austria,Utilities,22105962
EVT Ltd,Australia,Consumer Discretionary,28190879
EXEO Group Inc,Japan,Industrials,45281737
EXOR NV,Netherlands,Financials,513364812
EZconn Corp,Taiwan,Telecommunications,39439682
Eagers Automotive Ltd,Australia,Consumer Discretionary,15722737
Eagle Industry Co Ltd,Japan,Industrials,2408557
Eagle Materials Inc,United States,Industrials,87625599
Earth Corp,Japan,Consumer Staples,3767448
East African Breweries PLC,Kenya,Consumer Staples,32739213
East Buy Holding Ltd,China,Consumer Discretionary,3433357
East Japan Railway Co,Japan,Industrials,370391610
East Money Information Co Ltd,China,Financials,35475052
East West Bancorp Inc,United States,Financials,174430529
EastGroup Properties Inc,United States,Real Estate,252404678
Eastern & Oriental Bhd,Malaysia,Real Estate,3044138
Eastern Bankshares Inc,United States,Financials,34613731
Eastern Communications Co Ltd,China,Telecommunications,1098049
Eastman Chemical Co,United States,Basic Materials,119262855
Eastroc Beverage Group Co Ltd,China,Consumer Staples,75370860
Eaton Corp PLC,United States,Industrials,1635900249
Ebara Corp,Japan,Industrials,87187887
Ebase Co Ltd,Japan,Technology,200465
Ebro Foods SA,Spain,Consumer Staples,3098656
Echo Marketing Inc,South Korea,Consumer Discretionary,4922521
Eckert & Ziegler SE,Germany,Health Care,19598600
Eclat Textile Co Ltd,Taiwan,Consumer Discretionary,30344379
Eco World Development Group Bhd,Malaysia,Real Estate,9207225
Ecolab Inc,United States,Basic Materials,833546051
Econframe Bhd,Malaysia,Industrials,545066
Econocom Group SA/NV,Belgium,Technology,2086803
Econpile Holdings Bhd,Malaysia,Industrials,2934530
Ecopetrol SA,Colombia,Energy,7143832
Ecopro BM Co Ltd,South Korea,Industrials,20385451
Ecopro Co Ltd,South Korea,Basic Materials,8924423
Ecopro HN Co Ltd,South Korea,Industrials,231779
Ecopro Materials Co Ltd,South Korea,Basic Materials,227942
Edelweiss Financial Services Ltd,India,Financials,8772724
Edenred SE,France,Industrials,161408834
Edgewell Personal Care Co,United States,Consumer Staples,213827
Edgewise Therapeutics Inc,United States,Health Care,626068
Edison International,United States,Utilities,264719816
Edwards Lifesciences Corp,United States,Health Care,571171071
Efor Cay Sanayi Ticaret AS,Türkiye,Consumer Staples,15128991
Egis Technology Inc,Taiwan,Technology,3999760
Eicher Motors Ltd,India,Consumer Discretionary,147511042
Eiffage SA,France,Industrials,318341144
Eiken Chemical Co Ltd,Japan,Health Care,3211732
Einhell Germany AG,Germany,Consumer Discretionary,13896933
EirGenix Inc,Taiwan,Health Care,4060824
Eisai Co Ltd,Japan,Health Care,176370933
Eizo Corp,Japan,Technology,3700844
Ekachai Medical Care PCL,Thailand,Health Care,6653565
Ekovest BHD,Malaysia,Industrials,8765894
Ekspress Grupp AS,Estonia,Consumer Discretionary,269296
El Al Israel Airlines,Israel,Consumer Discretionary,4151397
El Puerto de Liverpool SAB de CV,Mexico,Consumer Discretionary,57156029
El.En. SpA,Italy,Health Care,17799937
Elan Corp,Japan,Health Care,2152
Elan Microelectronics Corp,Taiwan,Technology,24091634
Elanco Animal Health Inc,United States,Health Care,12502254
Elang Mahkota Teknologi Tbk PT,Indonesia,Consumer Discretionary,3391964
Elastic NV,United States,Technology,29320192
Elders Ltd,Australia,Consumer Staples,9148550
Elecom Co Ltd,Japan,Technology,4007913
Elecon Engineering Co Ltd,India,Industrials,11540828
Electrolux AB,Sweden,Consumer Discretionary,31253693
Electrolux Professional AB,Sweden,Industrials,32497531
Electronic Arts Inc,United States,Consumer Discretionary,61646755
Electronics Mart India Ltd,India,Consumer Discretionary,16952309
Electrosteel Castings Ltd,India,Basic Materials,9031173
Elekta AB,Sweden,Health Care,47219555
Element Fleet Management Corp,Canada,Industrials,124456353
Elementis PLC,United Kingdom,Basic Materials,7261588
Elevance Health Inc,United States,Health Care,1207686572
Elgi Equipments Ltd,India,Industrials,13504578
Eli Lilly & Co,United States,Health Care,8693378584
Elia Group SA/NV,Belgium,Utilities,100881405
Elior Group SA,France,Consumer Discretionary,856978
Elis SA,France,Industrials,115076781
Elisa Oyj,Finland,Telecommunications,158289109
Elite Advanced Laser Corp,Taiwan,Technology,18741237
Elite Material Co Ltd,Taiwan,Technology,157715983
Elite Semiconductor Microelectronics Technology Inc,Taiwan,Technology,7511554
Elitegroup Computer Systems Co Ltd,Taiwan,Technology,172722
Elme Communities,United States,Real Estate,1464772
Elmos Semiconductor SE,Germany,Technology,13161793
ElringKlinger AG,Germany,Consumer Discretionary,2008675
Elsoft Research Bhd,Malaysia,Technology,384816
Emaar Development PJSC,United Arab Emirates,Real Estate,118545331
Emaar Properties PJSC,United Arab Emirates,Real Estate,513109784
Emami Ltd,India,Consumer Staples,19711555
Embark Early Education Ltd,Australia,Consumer Discretionary,1094926
Embassy Developments Ltd,India,Real Estate,9120972
Embassy Office Parks REIT,India,Real Estate,75746807
Embotelladora Andina SA,Chile,Consumer Staples,35183285
Embracer Group AB,Sweden,Consumer Discretionary,61379231
Emeco Holdings Ltd,Australia,Industrials,361
Emerald Resources NL,Australia,Basic Materials,28257559
Emerson Electric Co,United States,Industrials,903067956
Emirates Central Cooling Systems Corp,United Arab Emirates,Industrials,118465922
Emirates Integrated Telecommunications Co PJSC,United Arab Emirates,Telecommunications,8353883
Emirates NBD Bank PJSC,United Arab Emirates,Financials,218525757
Emirates Telecommunications Group Co PJSC,United Arab Emirates,Telecommunications,91550055
Emmi AG,Switzerland,Consumer Staples,48414842
Emperor Capital Group Ltd,Hong Kong,Financials,52074
Empire State Realty Trust Inc,United States,Real Estate,894479
Employers Holdings Inc,United States,Financials,3859135
Empresa Nacional de Telecomunicaciones SA,Chile,Telecommunications,23828316
Empresas CMPC SA,Chile,Basic Materials,22578352
Empresas Copec SA,Chile,Energy,21186161
Enagas SA,Spain,Energy,35328388
Enav SpA,Italy,Industrials,15148391
Enbridge Inc,Canada,Energy,1089654982
Ence Energia y Celulosa SA,Spain,Basic Materials,846925
Enchem Co Ltd,South Korea,Basic Materials,577142
Encompass Health Corp,United States,Health Care,139535772
Encore Capital Group Inc,United States,Financials,544650
Endeavour Group Ltd/Australia,Australia,Consumer Staples,20742687
Endeavour Mining PLC,United Kingdom,Basic Materials,119440843
Endesa SA,Spain,Utilities,124225837
Endo Lighting Corp,Japan,Industrials,1252795
Endurance Technologies Ltd,India,Consumer Discretionary,9174664
Enel Americas SA,Chile,Utilities,1128301
Enel Generacion Chile SA,Chile,Utilities,14213815
Enel SpA,Italy,Utilities,1175613678
EnerSys,United States,Industrials,38229061
Energiekontor AG,Germany,Utilities,4082797
Energisa S/A,Brazil,Utilities,145637691
Energix-Renewable Energies Ltd,Israel,Utilities,1433546
Energizer Holdings Inc,United States,Consumer Staples,387374
Energy Absolute PCL,Thailand,Utilities,386427
EnergyO Solutions Invest AB,Russia,Financials,10396
Enero Group Ltd,Australia,Consumer Discretionary,1221970
Enerpac Tool Group Corp,United States,Industrials,1253304
Eneva SA,Brazil,Utilities,41303764
Enghouse Systems Ltd,Canada,Technology,739499
Engie Brasil Energia SA,Brazil,Utilities,1058328
Engie SA,France,Utilities,870997947
Engineers India Ltd,India,Industrials,9032222
Eni SpA,Italy,Energy,377976102
Enity Holding AB,Sweden,Financials,8033241
Enka Insaat ve Sanayi AS,Türkiye,Industrials,31727543
Enlight Renewable Energy Ltd,Israel,Utilities,11920397
Enliven Therapeutics Inc,United States,Health Care,9834475
Ennoconn Corp,Taiwan,Technology,15059071
Ennostar Inc,Taiwan,Technology,7284069
Enphase Energy Inc,United States,Energy,40942749
Enplas Corp,Japan,Technology,134183
Ensign Group Inc/The,United States,Health Care,105399842
Enstar Group Ltd,United States,Financials,48460058
Entain PLC,United Kingdom,Consumer Discretionary,125032264
Entegris Inc,United States,Technology,211785690
Enter Air SA,Poland,Consumer Discretionary,2638331
Entergy Corp,United States,Utilities,461148181
EnviroSuite Ltd,Australia,Technology,2363925
Envision Greenwise Holdings Ltd,Hong Kong,Industrials,1028
Envista Holdings Corp,United States,Health Care,40228561
Enzychem Lifesciences Corp,South Korea,Health Care,114008
Eo Technics Co Ltd,South Korea,Technology,46237827
Eoflow Co Ltd,South Korea,Health Care,497835
Eoptolink Technology Inc Ltd,China,Telecommunications,10549302
Epb Group Bhd,Malaysia,Industrials,1258758
Epiroc AB,Sweden,Industrials,396512306
Episil Technologies Inc,Taiwan,Technology,3588895
Equasens,France,Technology,518850
Equatorial Energia SA,Brazil,Utilities,311146989
Equatorial Para Distribuidora de Energia SA,Brazil,Utilities,5611928
Equifax Inc,United States,Industrials,327843939
Equinix Inc,United States,Real Estate,876120317
Equinox Gold Corp,Canada,Basic Materials,2142146
Equitable Holdings Inc,United States,Financials,699462149
Equitas Small Finance Bank Ltd,India,Financials,10816668
Equity Commonwealth,United States,Real Estate,1492
Equity Group Holdings PLC/Kenya,Kenya,Financials,41401671
Equity LifeStyle Properties Inc,United States,Real Estate,162309273
Equity Residential,United States,Real Estate,2346352683
Erajaya Swasembada Tbk PT,Indonesia,Consumer Discretionary,9976547
Eramet SA,France,Basic Materials,6756732
Erawan Group PCL/The,Thailand,Consumer Discretionary,4
Eregli Demir ve Celik Fabrikalari TAS,Türkiye,Basic Materials,40197519
Erie Indemnity Co,United States,Financials,3385017
Eris Lifesciences Ltd,India,Health Care,8005805
Ermenegildo Zegna NV,United States,Consumer Discretionary,5051921
Eroad Ltd,New Zealand,Technology,2089446
Erste Group Bank AG,Austria,Financials,374786891
Esab Corp,United States,Industrials,83814316
Escorts Kubota Ltd,India,Industrials,14704785
Esprit Holdings Ltd,Hong Kong,Consumer Discretionary,125158
Essent Group Ltd,United States,Financials,75595611
Essential Properties Realty Trust Inc,United States,Real Estate,84187674
Essential Utilities Inc,United States,Utilities,102347218
Essentra PLC,United Kingdom,Industrials,191519
Essex Property Trust Inc,United States,Real Estate,235705197
EssilorLuxottica SA,France,Health Care,1708822375
Essity AB,Sweden,Consumer Staples,818412613
Esso SA Francaise,France,Energy,176782
Estee Lauder Cos Inc/The,United States,Consumer Discretionary,185737061
Eternal Ltd,India,Technology,269773954
Eternal Materials Co Ltd,Taiwan,Basic Materials,8088701
Etoro Group Ltd,Israel,Financials,16314550
Etron Technology Inc,Taiwan,Technology,275927
Etsy Inc,United States,Consumer Discretionary,65206796
Eugene Investment & Securities Co Ltd,South Korea,Financials,53387
Eugene Technology Co Ltd,South Korea,Technology,84365
Eurazeo SE,France,Financials,64168752
Eureka Forbes Ltd,India,Consumer Discretionary,5947063
Eurobank Ergasias Services and Holdings SA,Greece,Financials,205138145
Eurocommercial Properties NV,Netherlands,Real Estate,1672045
Eurofins Scientific SE,France,Health Care,162547236
Eurogroup Laminations SpA,Italy,Industrials,8605070
Euronet Worldwide Inc,United States,Industrials,48417060
Euronext NV,France,Financials,434364946
Eutelsat Communications SACA,France,Telecommunications,3483987
Eva Airways Corp,Taiwan,Consumer Discretionary,45763279
Eve Energy Co Ltd,China,Industrials,183943539
Ever Sunshine Services Group Ltd,China,Real Estate,205299
EverChina International Holdings Co Ltd,Hong Kong,Consumer Staples,26610
Everbright Securities Co Ltd,China,Financials,2820930
Evercore Inc,United States,Financials,157064694
Everest Group Ltd,United States,Financials,598298788
Everest Medicines Ltd,Hong Kong,Health Care,4797720
Evergrande Property Services Group Ltd,China,Real Estate,528029
Evergreen Aviation Technologies Corp,Taiwan,Industrials,3094790
Evergreen International Storage & Transport Corp,Taiwan,Industrials,13365257
Everlight Chemical Industrial Corp,Taiwan,Basic Materials,963318
Everlight Electronics Co Ltd,Taiwan,Technology,16977139
Eversource Energy,United States,Utilities,269745746
Everus Construction Group Inc,United States,Industrials,5214860
Evolent Health Inc,United States,Health Care,2016238
Evolution AB,Sweden,Consumer Discretionary,25722411
Evolution Mining Ltd,Australia,Basic Materials,162361817
Evonik Industries AG,Germany,Basic Materials,101687981
Evotec SE,Germany,Health Care,8260049
Exact Sciences Corp,United States,Health Care,48263130
Exedy Corp,Japan,Consumer Discretionary,4534722
Exelixis Inc,United States,Health Care,122099210
Exelon Corp,United States,Utilities,579966237
Exide Industries Ltd,India,Industrials,82854337
ExlService Holdings Inc,United States,Industrials,44019854
Exosens SAS,France,Technology,13262157
Exotic Food PCL,Thailand,Consumer Staples,2021848
Expedia Group Inc,United States,Consumer Discretionary,659497136
Expeditors International of Washington Inc,United States,Industrials,107912552
Experian PLC,United Kingdom,Industrials,878003142
Experience Co Ltd,Australia,Consumer Discretionary,1861499
Exponent Inc,United States,Industrials,43751595
Extra Space Storage Inc,United States,Real Estate,1051733899
Extreme Networks Inc,United States,Telecommunications,6230517
Exxon Mobil Corp,United States,Energy,6121167730
Eyebright Medical Technology Beijing Co Ltd,China,Health Care,39414353
Ez Tec Empreendimentos e Participacoes S/A,Brazil,Real Estate,15766963
Ezaki Glico Co Ltd,Japan,Consumer Staples,5741364
F&F Co Ltd / New,South Korea,Consumer Discretionary,97326462
F&G Annuities & Life Inc,United States,Financials,8503290
F-Secure Oyj,Finland,Technology,3308169
F5 Inc,United States,Technology,200120824
FACC AG,Austria,Industrials,489542
FAN Communications Inc,Japan,Technology,362663
FANUC Corp,Japan,Industrials,411045681
FCC Co Ltd,Japan,Consumer Discretionary,6446649
FDJ UNITED,France,Consumer Discretionary,82345906
FDK Corp,Japan,Industrials,19329
FDM Group Holdings PLC,United Kingdom,Industrials,338664
FIBI Holdings Ltd,Israel,Financials,42193371
FIBRA Macquarie Mexico,Mexico,Real Estate,12298430
FICA Empreendimentos Imobiliarios SA,Brazil,Real Estate,92234
FIDEA Holdings Co Ltd,Japan,Financials,535189
FIH Mobile Ltd,China,Telecommunications,999427
FIT Hon Teng Ltd,Hong Kong,Industrials,10416936
FLEXium Interconnect Inc,Taiwan,Technology,8012913
FLSmidth & Co A/S,Denmark,Industrials,68032247
FMC Corp,United States,Basic Materials,19242032
FNB Corp/PA,United States,Financials,50857402
FOCI Fiber Optic Communications Inc,Taiwan,Telecommunications,13725558
FP Corp,Japan,Industrials,30027195
FP Partner Inc,Japan,Financials,576788
FPT Corp,Vietnam,Technology,32860194
FPT DIGITAL RETAIL JSC,Vietnam,Consumer Discretionary,11132447
FSN E-Commerce Ventures Ltd,India,Consumer Discretionary,56869875
FSP Technology Inc,Taiwan,Industrials,917283
FTAI Aviation Ltd,United States,Industrials,142011818
FTI Consulting Inc,United States,Industrials,65039280
FUCHS SE,Germany,Basic Materials,144602246
FUJI OIL CO LTD /Osaka,Japan,Consumer Staples,51367141
FUJIFILM Holdings Corp,Japan,Technology,438724987
FULLCAST Holdings Co Ltd,Japan,Industrials,128661
Fabege AB,Sweden,Real Estate,39514347
Fabrinet,United States,Technology,124046430
Fabryki Mebli Forte SA,Poland,Consumer Discretionary,2109283
FactSet Research Systems Inc,United States,Financials,29360801
Fadu Inc,South Korea,Technology,5775527
Faes Farma SA,Spain,Health Care,7197851
Fagerhult Group AB,Sweden,Industrials,4
Fagron,Belgium,Health Care,2973322
Fair Isaac Corp,United States,Industrials,361115326
Fairfax Financial Holdings Ltd,Canada,Financials,432451279
Fais Holding SA,Greece,Consumer Discretionary,553822
Falabella SA,Chile,Consumer Discretionary,53576249
Famous Brands Ltd,South Africa,Consumer Discretionary,8630935
Far EasTone Telecommunications Co Ltd,Taiwan,Telecommunications,62094125
Far East Consortium International Ltd,Hong Kong,Real Estate,2179
Far East Horizon Ltd,China,Financials,17543646
Far East Hospitality Trust,Singapore,Real Estate,7715414
Far East Orchard Ltd,Singapore,Consumer Discretionary,689583
Far Eastern Department Stores Ltd,Taiwan,Consumer Discretionary,13548751
Far Eastern International Bank,Taiwan,Financials,12015716
Far Eastern New Century Corp,Taiwan,Industrials,44076281
Faraday Technology Corp,Taiwan,Technology,4831261
Farglory Land Development Co Ltd,Taiwan,Real Estate,11205512
Fast Accounting Co Ltd,Japan,Technology,868182
Fast Retailing Co Ltd,Japan,Consumer Discretionary,1069624769
Fastenal Co,United States,Basic Materials,628442388
Fastighets AB Balder,Sweden,Real Estate,105855208
Fastighetsbolaget Emilshus AB,Sweden,Real Estate,1239119
Fastly Inc,United States,Technology,201888
Fattal Holdings 1998 Ltd,Israel,Consumer Discretionary,8549628
Fawry for Banking & Payment Technology Services SAE,Egypt,Industrials,34922048
FedEx Corp,United States,Industrials,595168046
Federal Agricultural Mortgage Corp,United States,Financials,2447928
Federal Bank Ltd,India,Financials,49230440
Federal Corp,Taiwan,Consumer Discretionary,345
Federal Grid Co - Rosseti PJSC,Russia,Utilities,0
Federal Realty Investment Trust,United States,Real Estate,690400809
Federal Signal Corp,United States,Industrials,79164774
Feed One Co Ltd,Japan,Consumer Staples,290823
Feng Hsin Steel Co Ltd,Taiwan,Basic Materials,9035693
Feng TAY Enterprise Co Ltd,Taiwan,Consumer Discretionary,28464073
Ferguson Enterprises Inc,United States,Industrials,437982104
Ferrari Group PLC,United Kingdom,Industrials,10642912
Ferrari NV,Italy,Consumer Discretionary,1070138994
Ferrexpo PLC,United Kingdom,Basic Materials,4978639
Ferro SA,Poland,Industrials,6111637
Ferronordic AB,Sweden,Industrials,829503
Ferrotec Holdings Corp,Japan,Technology,6960843
Ferrovial SE,Spain,Industrials,491528650
Fertiglobe plc,United Arab Emirates,Basic Materials,11197359
Feytech Holdings Bhd,Malaysia,Consumer Discretionary,1762261
Fibergate Inc/Japan,Japan,Telecommunications,53834
Fibra MTY SAPI de CV,Mexico,Real Estate,24234086
Fibra Uno Administracion SA de CV,Mexico,Real Estate,82455808
Fidelity National Financial Inc,United States,Financials,186610734
Fidelity National Information Services Inc,United States,Industrials,615836284
Fiducian Group Ltd,Australia,Financials,2257743
Fielmann Group AG,Germany,Consumer Discretionary,36493498
Fiera Milano SpA,Italy,Industrials,10370965
Fifth Third Bancorp,United States,Financials,351940773
Filtronic PLC,United Kingdom,Telecommunications,11221111
FinVolution Group,China,Financials,16535509
Financial Partners Group Co Ltd,Japan,Financials,6667967
Financiere de Tubize SA,Belgium,Health Care,55494832
Fincantieri SpA,Italy,Industrials,89472427
Fine Foods & Pharmaceuticals NTM,Italy,Health Care,5741175
Fine Organic Industries Ltd,India,Basic Materials,3940370
FinecoBank Banca Fineco SpA,Italy,Financials,238997875
Fineos Corp Ltd,Australia,Technology,580650
Finnair Oyj,Finland,Consumer Discretionary,817113
Finning International Inc,Canada,Industrials,72746541
Finolex Cables Ltd,India,Industrials,12627519
Finolex Industries Ltd,India,Industrials,6632584
Fire Rock Holdings Ltd,Hong Kong,Consumer Discretionary,93
Firefinch Ltd,Australia,Basic Materials,16588
Firich Enterprises Co Ltd,Taiwan,Technology,142591
First Abu Dhabi Bank PJSC,United Arab Emirates,Financials,192617485
First American Financial Corp,United States,Financials,77143227
First BanCorp/Puerto Rico,United States,Financials,41403833
First Capital Real Estate Investment Trust,Canada,Real Estate,2917581
First Citizens BancShares Inc/NC,United States,Financials,173482151
First Commonwealth Financial Corp,United States,Financials,726471
First Financial Bancorp,United States,Financials,2111324
First Financial Bankshares Inc,United States,Financials,57679898
First Financial Holding Co Ltd,Taiwan,Financials,133013347
First Hawaiian Inc,United States,Financials,35362180
First Hi-Tec Enterprise Co Ltd,Taiwan,Technology,8948240
First Horizon Corp,United States,Financials,131398999
First Industrial Realty Trust Inc,United States,Real Estate,272085436
First International Bank Of Israel Ltd/The,Israel,Financials,61234374
First Interstate BancSystem Inc,United States,Financials,29082003
First Merchants Corp,United States,Financials,1586578
First National Financial Corp,Canada,Financials,740069
First Quantum Minerals Ltd,Canada,Basic Materials,206698010
First Real Estate Investment Trust,Singapore,Real Estate,1075608
First Solar Inc,United States,Energy,209102017
First Steamship Co Ltd,Taiwan,Industrials,375312
First Tractor Co Ltd,China,Industrials,5501592
FirstRand Ltd,South Africa,Financials,572847861
FirstService Corp,Canada,Real Estate,93659954
Firstgroup PLC,United Kingdom,Industrials,1750630
Firstsource Solutions Ltd,India,Industrials,12583277
Fiserv Inc,United States,Industrials,1269178112
Fisher & Paykel Healthcare Corp Ltd,New Zealand,Health Care,209545306
Fitipower Integrated Technology Inc,Taiwan,Technology,26455516
Fittech Co Ltd,Taiwan,Technology,183210
Five Below Inc,United States,Consumer Discretionary,110834244
Five-Star Business Finance Ltd,India,Financials,44716854
Five9 Inc,United States,Technology,38885456
Fiverr International Ltd,United States,Technology,995372
Fixstars Corp,Japan,Technology,3004303
Flagstar Financial Inc,United States,Financials,31501907
Flat Glass Group Co Ltd,China,Industrials,5599120
FleetPartners Group Ltd,Australia,Consumer Discretionary,4904263
Fleetwood Ltd,Australia,Consumer Discretionary,4727954
Fletcher Building Ltd,New Zealand,Industrials,29205097
Fleury SA,Brazil,Health Care,100186
Flex Ltd,United States,Technology,287408110
Flight Centre Travel Group Ltd,Australia,Consumer Discretionary,18068444
Floor & Decor Holdings Inc,United States,Consumer Discretionary,45647175
Flow Traders Ltd,Netherlands,Financials,1343711
Flowers Foods Inc,United States,Consumer Staples,20724590
Flowserve Corp,United States,Industrials,88246971
Flughafen Zurich AG,Switzerland,Industrials,149788598
Fluidra SA,Spain,Industrials,63399872
Flutter Entertainment PLC,United States,Consumer Discretionary,931175458
Flytech Technology Co Ltd,Taiwan,Technology,387774
Flywire Corp,United States,Industrials,1063273
Fnac Darty SA,France,Consumer Discretionary,672436
FocalTech Systems Co Ltd,Taiwan,Technology,444539
Focus Media Information Technology Co Ltd,China,Consumer Discretionary,44516720
Fomento Economico Mexicano SAB de CV,Mexico,Consumer Staples,270105699
Fomento de Construcciones y Contratas SA,Spain,Industrials,1685827
Food & Life Cos Ltd,Japan,Consumer Discretionary,127994838
Food Moments PCL,Thailand,Consumer Staples,2950632
Foosung Co Ltd,South Korea,Basic Materials,372544
Foot Locker Inc,United States,Consumer Discretionary,37975000
ForFarmers NV,Netherlands,Consumer Staples,1713958
Forbo Holding AG,Switzerland,Consumer Discretionary,21425035
Ford Motor Co,United States,Consumer Discretionary,397330016
Ford Otomotiv Sanayi AS,Türkiye,Consumer Discretionary,46517902
Forest Water Environment Engineering Co Ltd,Taiwan,Utilities,1642
FormFactor Inc,United States,Technology,2874955
Formosa International Hotels Corp,Taiwan,Consumer Discretionary,10435799
Formosa Petrochemical Corp,Taiwan,Energy,1412217
Formosa Sumco Technology Corp,Taiwan,Technology,1314066
Formosan Rubber Group Inc,Taiwan,Industrials,550713
Formula Systems 1985 Ltd,Israel,Technology,1745888
Fortescue Ltd,Australia,Basic Materials,118330087
Forth Corp PCL,Thailand,Telecommunications,4415171
Forth Smart Service PCL,Thailand,Industrials,2330339
Fortinet Inc,United States,Technology,1620737500
Fortis Healthcare Ltd,India,Health Care,72595898
Fortis Inc/Canada,Canada,Utilities,285688636
Fortive Corp,United States,Industrials,353901082
Fortrea Holdings Inc,United States,Health Care,21410
Fortress Real Estate Investments Ltd,South Africa,Real Estate,9646593
Fortum Oyj,Finland,Utilities,171226489
Fortuna Mining Corp,Canada,Basic Materials,13550939
Fortune Brands Innovations Inc,United States,Industrials,78394928
Fortune Electric Co Ltd,Taiwan,Industrials,19731596
Fortune Real Estate Investment Trust,Hong Kong,Real Estate,4959290
Forus SA,Chile,Consumer Discretionary,16865767
Forvia SE,France,Consumer Discretionary,599485
Foschini Group Ltd,South Africa,Consumer Discretionary,123444021
Foshan Haitian Flavouring & Food Co Ltd,China,Consumer Staples,32686215
Fositek Corp,Taiwan,Technology,67629604
Fossal SAA,Peru,Basic Materials,750
Fosun International Ltd,China,Industrials,1162469
Four Corners Property Trust Inc,United States,Real Estate,2317328
Fourlis Holdings SA,Greece,Consumer Discretionary,2550980
Fox Corp,United States,Consumer Discretionary,293096322
Fox Wizel Ltd,Israel,Consumer Discretionary,994527
Foxconn Industrial Internet Co Ltd,China,Telecommunications,16371818
Foxconn Technology Co Ltd,Taiwan,Technology,26541759
Foxsemicon Integrated Technology Inc,Taiwan,Technology,15551229
France Bed Holdings Co Ltd,Japan,Health Care,496451
Franchi Umberto Marmi SpA,Italy,Industrials,811277
Franchise Brands plc,United Kingdom,Industrials,4552607
Franco-Nevada Corp,Canada,Basic Materials,452457017
Franklin Electric Co Inc,United States,Industrials,45700633
Franklin Resources Inc,United States,Financials,59104331
Fraport AG Frankfurt Airport Services Worldwide,Germany,Industrials,39870486
Fraser & Neave Holdings Bhd,Malaysia,Consumer Staples,25548093
Frasers Centrepoint Trust,Singapore,Real Estate,40919821
Frasers Group PLC,United Kingdom,Consumer Discretionary,39857887
Frasers Logistics & Commercial Trust,Singapore,Real Estate,32797685
Frasers Property Ltd,Singapore,Real Estate,2608688
Freee KK,Japan,Technology,10897871
Freenet AG,Germany,Telecommunications,78559337
Freetrailer Group A/S,Denmark,Consumer Discretionary,3615774
Freightways Group Ltd,New Zealand,Industrials,18761688
Fresenius Medical Care AG,Germany,Health Care,187039932
Fresenius SE & Co KGaA,Germany,Health Care,539722559
Freshpet Inc,United States,Consumer Staples,31755126
Freshworks Inc,United States,Technology,23176238
Fresnillo PLC,United Kingdom,Basic Materials,76438673
Frontdoor Inc,United States,Consumer Discretionary,5028466
Frontier Communications Parent Inc,United States,Telecommunications,206338168
Frontier Real Estate Investment Corp,Japan,Real Estate,23184319
Frontken Corp Bhd,Malaysia,Industrials,19447545
Fu Shou Yuan International Group Ltd,China,Consumer Discretionary,7284566
Fubon Financial Holding Co Ltd,Taiwan,Financials,337639752
Fudo Tetra Corp,Japan,Industrials,136494
Fugro NV,Netherlands,Industrials,30651504
Fuji Co Ltd/Ehime,Japan,Consumer Staples,2682326
Fuji Corp/Aichi,Japan,Industrials,21826003
Fuji Electric Co Ltd,Japan,Industrials,207074621
Fuji Kyuko Co Ltd,Japan,Consumer Discretionary,2962000
Fuji Media Holdings Inc,Japan,Consumer Discretionary,14565599
Fuji Pharma Co Ltd,Japan,Health Care,242762
Fuji Seal International Inc,Japan,Industrials,4912054
Fujibo Holdings Inc,Japan,Basic Materials,488248
Fujicco Co Ltd,Japan,Consumer Staples,314507
Fujikura Ltd,Japan,Industrials,290868539
Fujimi Inc,Japan,Basic Materials,6508120
Fujio Food Group Inc,Japan,Consumer Discretionary,1332629
Fujita Kanko Inc,Japan,Consumer Discretionary,4067995
Fujitec Co Ltd,Japan,Industrials,44754154
Fujitsu General Ltd,Japan,Industrials,18426450
Fujitsu Ltd,Japan,Technology,765553812
Fujiya Co Ltd,Japan,Consumer Staples,1336419
Fukuda Corp,Japan,Industrials,2432040
Fukuda Denshi Co Ltd,Japan,Health Care,4957596
Fukui Bank Ltd/The,Japan,Financials,662241
Fukui Computer Holdings Inc,Japan,Technology,959682
Fukuoka Financial Group Inc,Japan,Financials,78917991
Fukuoka REIT Corp,Japan,Real Estate,7950129
Fukuyama Transporting Co Ltd,Japan,Industrials,4620338
Fulgent Sun International Holding Co Ltd,Taiwan,Consumer Discretionary,15153029
Full Truck Alliance Co Ltd,China,Industrials,537742852
Fulton Financial Corp,United States,Financials,37813355
Funai Soken Holdings Inc,Japan,Industrials,3750093
Funding Circle Holdings PLC,United Kingdom,Financials,14956000
Furukawa Battery Co Ltd/The,Japan,Consumer Discretionary,73458
Furukawa Co Ltd,Japan,Industrials,12510212
Furukawa Electric Co Ltd,Japan,Industrials,71538528
Furuno Electric Co Ltd,Japan,Industrials,5920523
Furuya Metal Co Ltd,Japan,Technology,2189451
Fusheng Precision Co Ltd,Taiwan,Consumer Discretionary,16917979
Fushun Special Steel Co Ltd,China,Basic Materials,4696080
Fuso Chemical Co Ltd,Japan,Basic Materials,17283651
Fuso Pharmaceutical Industries Ltd,Japan,Health Care,346374
Futaba Corp,Japan,Industrials,93669
Futaba Industrial Co Ltd,Japan,Consumer Discretionary,3411507
Futu Holdings Ltd,China,Financials,47495637
Future Corp,Japan,Technology,19442653
Future PLC,United Kingdom,Consumer Discretionary,5494418
Fuyao Glass Industry Group Co Ltd,China,Industrials,89188858
Fuyo General Lease Co Ltd,Japan,Consumer Discretionary,23651314
G R Infraprojects Ltd,India,Industrials,4122480
G-7 Holdings Inc,Japan,Consumer Staples,1220015
G-III Apparel Group Ltd,United States,Consumer Discretionary,10365690
G-SMATT GLOBAL Co Ltd,South Korea,Technology,321
G-Tekt Corp,Japan,Consumer Discretionary,4111276
G-bits Network Technology Xiamen Co Ltd,China,Consumer Discretionary,1610254
G8 Education Ltd,Australia,Consumer Discretionary,13369435
GAMSUNG Corp Co Ltd,South Korea,Consumer Discretionary,16546971
GATX Corp,United States,Industrials,58621223
GCC SAB de CV,Mexico,Industrials,97704950
GCI Liberty Inc,United States,Telecommunications,9817
GCM Grosvenor Inc,United States,Financials,2985948
GCS Holdings Inc,United States,Technology,9264925
GDEX Bhd,Malaysia,Industrials,5700036
GDI Property Group Partnership,Australia,Real Estate,774318
GDS Holdings Ltd,China,Technology,238470615
GE HealthCare Technologies Inc,United States,Health Care,461086046
GE Vernova Inc,United States,Industrials,1779373763
GE Vernova T&D India Ltd,India,Industrials,38027722
GEA Group AG,Germany,Industrials,216984439
GEK TERNA SA,Greece,Industrials,46930288
GEN Ilac VE Saglik Urunleri Sanayi VE Ticaret AS,Türkiye,Health Care,30862961
GENDA INC,Japan,Consumer Discretionary,8782052
GF Securities Co Ltd,China,Financials,18281919
GFL Environmental Inc,Canada,Utilities,171778989
GFPT PCL,Thailand,Consumer Staples,0
GFT Technologies SE,Germany,Technology,9002490
GHCL Ltd,India,Basic Materials,5624452
GI Innovation Inc,South Korea,Health Care,9722832
GL Events SACA,France,Consumer Discretionary,818682
GLOBALFOUNDRIES Inc,United States,Technology,887462
GLP J-Reit,Japan,Real Estate,78719713
GMM Pfaudler Ltd,India,Industrials,5960709
GMO Financial Holdings Inc,Japan,Financials,1353305
GMO Payment Gateway Inc,Japan,Industrials,68911739
GMO internet group Inc,Japan,Technology,27942119
GMR Airports Ltd,India,Industrials,27216549
GMexico Transportes SAB de CV,Mexico,Industrials,57328364
GN Store Nord AS,Denmark,Health Care,54443
GOLFZON Co Ltd,South Korea,Consumer Discretionary,10073323
GOME Retail Holdings Ltd,China,Consumer Discretionary,2
GPI SpA,Italy,Health Care,1373796
GPS Participacoes e Empreendimentos SA,Brazil,Industrials,37435925
GPT Group/The,Australia,Real Estate,78995814
GQG Partners Inc,Australia,Financials,31154552
GRAIL Inc,United States,Health Care,1110569
GREE Holdings Inc,Japan,Consumer Discretionary,1580789
GRENKE AG,Germany,Consumer Discretionary,6027873
GRK Infra Oyj,Finland,Industrials,1901637
GS Holdings Corp,South Korea,Industrials,31898269
GS P&L Co Ltd,South Korea,Consumer Staples,2822565
GS Retail Co Ltd,South Korea,Consumer Staples,10478107
GS Yuasa Corp,Japan,Consumer Discretionary,59023986
GSK PLC,United Kingdom,Health Care,1324776736
GT Capital Holdings Inc,Philippines,Consumer Discretionary,581337
GTPL Hathway Ltd,India,Telecommunications,3822325
GUR-Sel Turizm Tasimacilik VE Servis Ticaret AS,Türkiye,Consumer Discretionary,2193741
GWA Group Ltd,Australia,Industrials,5687
GXO Logistics Inc,United States,Industrials,26296588
Gadang Holdings BHD,Malaysia,Industrials,573767
Gakken Holdings Co Ltd,Japan,Consumer Discretionary,126400
Galapagos NV,Netherlands,Health Care,26370253
Galaxy Cosmos Mezz PLC,Greece,Financials,31016
Galaxy Entertainment Group Ltd,Hong Kong,Consumer Discretionary,341909133
Galaxy Surfactants Ltd,India,Basic Materials,2544051
Galderma Group AG,Switzerland,Health Care,427928436
Galenica AG,Switzerland,Consumer Staples,92154942
Galilei Co Ltd,Japan,Industrials,3816718
Gallant Micro Machining Co Ltd,Taiwan,Technology,12411269
Gallant Venture Ltd,Singapore,Utilities,1179027
Galliford Try Holdings PLC,United Kingdom,Industrials,15628521
Galp Energia SGPS SA,Portugal,Energy,156469272
Gamania Digital Entertainment Co Ltd,Taiwan,Consumer Discretionary,768177
GameStop Corp,United States,Consumer Discretionary,76701038
Games Workshop Group PLC,United Kingdom,Consumer Discretionary,127368931
Gaming and Leisure Properties Inc,United States,Real Estate,175169221
Gamuda Bhd,Malaysia,Industrials,106655631
Ganfeng Lithium Group Co Ltd,China,Basic Materials,13926436
Gaotu Techedu Inc,China,Consumer Discretionary,1768900
Gap Inc/The,United States,Consumer Discretionary,71746612
Garden Reach Shipbuilders & Engineers Ltd,India,Industrials,7814944
Garmin Ltd,United States,Consumer Discretionary,448812703
Garofalo Health Care SpA,Italy,Health Care,11403378
Gartner Inc,United States,Technology,381357317
Garware Hi-Tech Films Ltd,India,Industrials,2584392
Gas Malaysia Bhd,Malaysia,Utilities,16743106
Gates Industrial Corp PLC,United States,Industrials,80712665
Gateway Distriparks Ltd,India,Industrials,938328
Gav-Yam Lands Corp Ltd,Israel,Real Estate,690854
Gazprom Neft PJSC,Russia,Energy,4207169
Gazprom PJSC,Russia,Energy,18790389
Gaztransport Et Technigaz SA,France,Energy,149623394
Geberit AG,Switzerland,Industrials,497767779
Gecina SA,France,Real Estate,783902696
Gecoss Corp,Japan,Industrials,258825
Geely Automobile Holdings Ltd,China,Consumer Discretionary,143096236
Gelex Group JSC,Vietnam,Industrials,1118782
GemVax & Kael Co Ltd,South Korea,Technology,957042
Gemadept Corp,Vietnam,Industrials,6518219
Gemdale Corp,China,Real Estate,490473
Gemlife Communities Group,Australia,Real Estate,2293725
Gemtek Technology Corp,Taiwan,Telecommunications,1020241
Gen Digital Inc,United States,Technology,18115163
GeneDx Holdings Corp,United States,Health Care,6277080
Genenta Science S.P.A.,Italy,Health Care,949260
Generac Holdings Inc,United States,Industrials,83748206
General Electric Co,United States,Industrials,3352363443
General Insurance Corp of India,India,Financials,18003880
General Interface Solution GIS Holding Ltd,Taiwan,Industrials,5636697
General Mills Inc,United States,Consumer Staples,411481652
General Motors Co,United States,Consumer Discretionary,434311762
Generalfinance SpA,Italy,Financials,4908059
Generali,Italy,Financials,623951699
Generation Development Group Ltd,Australia,Financials,16479673
Genertec Universal Medical Group Co Ltd,China,Health Care,1496482
Genesis Energy Ltd,New Zealand,Utilities,7300863
Genesis Minerals Ltd,Australia,Basic Materials,57278849
Genesys Logic Inc,Taiwan,Technology,418253
Genetec Technology Bhd,Malaysia,Industrials,3976369
Genetic Signatures Ltd,Australia,Health Care,1629967
Genexine Inc,South Korea,Health Care,1635
Genius Electronic Optical Co Ltd,Taiwan,Technology,19757726
Genius Sports Ltd,United Kingdom,Consumer Discretionary,14300166
Genky DrugStores Co Ltd,Japan,Consumer Staples,3216913
Genmab A/S,Denmark,Health Care,250409244
Genomma Lab Internacional SAB de CV,Mexico,Health Care,10288985
Genpact Ltd,United States,Industrials,52818734
Genscript Biotech Corp,China,Health Care,42561029
Gentera SAB de CV,Mexico,Financials,78528843
Gentex Corp,United States,Consumer Discretionary,51815103
Gentherm Inc,United States,Consumer Discretionary,854358
Genting Malaysia Bhd,Malaysia,Consumer Discretionary,14067636
Genting Singapore Ltd,Singapore,Consumer Discretionary,35558943
Gentrack Group Ltd,New Zealand,Technology,13162463
Genuine Parts Co,United States,Consumer Discretionary,208112157
Genuit Group PLC,United Kingdom,Industrials,973482
Genus PLC,United Kingdom,Health Care,34445054
Genus Power Infrastructures Ltd,India,Industrials,7737604
Genworth Financial Inc,United States,Financials,26992018
Geo Holdings Corp,Japan,Consumer Discretionary,1805097
Georg Fischer AG,Switzerland,Industrials,116901005
George Weston Ltd,Canada,Consumer Staples,142491965
Georgia Capital PLC,United Kingdom,Financials,23754488
Gerdau SA,Brazil,Basic Materials,142874307
Gerresheimer AG,Germany,Health Care,42442460
Gestamp Automocion SA,Spain,Consumer Discretionary,10982234
Getac Holdings Corp,Taiwan,Technology,28669553
Getinge AB,Sweden,Health Care,128984376
Getlink SE,France,Industrials,59873306
Getty Realty Corp,United States,Real Estate,3051069
Giant Biogene Holding Co ltd,China,Consumer Staples,192847366
Giant Manufacturing Co Ltd,Taiwan,Consumer Discretionary,15352092
Giant Network Group Co Ltd,China,Consumer Discretionary,65891277
Gibraltar Industries Inc,United States,Industrials,105433
GigaDevice Semiconductor Inc,China,Technology,74234018
Gigabyte Technology Co Ltd,Taiwan,Technology,76396223
Gigastorage Corp,Taiwan,Technology,342
Giken Ltd,Japan,Industrials,603079
Gildan Activewear Inc,Canada,Consumer Discretionary,101140280
Gilead Sciences Inc,United States,Health Care,2121163510
Gillette India Ltd,India,Consumer Staples,8004031
Gimv NV,Belgium,Financials,26723028
Ginebra San Miguel Inc,Philippines,Consumer Staples,967611
Giordano International Ltd,Hong Kong,Consumer Discretionary,350335
Gitlab Inc,United States,Technology,97021099
Givaudan SA,Switzerland,Basic Materials,769425645
Glacier Bancorp Inc,United States,Financials,54143633
Glanbia PLC,Ireland,Consumer Staples,51124190
Gland Pharma Ltd,India,Health Care,52599881
Glaukos Corp,United States,Health Care,76313544
GlaxoSmithKline Pharmaceuticals Ltd,India,Health Care,18936421
Glenmark Pharmaceuticals Ltd,India,Health Care,185245836
Global Brands Manufacture Ltd,Taiwan,Technology,14594167
Global Data Centre Group,Australia,Financials,137374
Global Dominion Access SA,Spain,Industrials,679663
Global Health Ltd/India,India,Health Care,117651798
Global Link Management KK,Japan,Real Estate,3061888
Global Mixed Mode Technology Inc,Taiwan,Technology,1385015
Global Net Lease Inc,United States,Real Estate,1379053
Global One Real Estate Investment Corp,Japan,Real Estate,11800303
Global Payments Inc,United States,Industrials,259025048
Global Ports Investments PLC,Russia,Industrials,189525
Global Power Synergy PCL,Thailand,Utilities,1006749
Global Security Experts Inc,Japan,Industrials,2092025
Global Tax Free Co Ltd,South Korea,Consumer Discretionary,5972575
Global Unichip Corp,Taiwan,Technology,158702821
Global-e Online Ltd,United States,Technology,43539247
Globaltrans Investment PLC,Russia,Industrials,322445
Globalwafers Co Ltd,Taiwan,Technology,30013761
Globalworth Real Estate Investments Ltd,Romania,Real Estate,1815797
Globant SA,United States,Technology,9990674
Globe Life Inc,United States,Financials,157721524
Globe Telecom Inc,Philippines,Telecommunications,68506670
Globe Union Industrial Corp,Taiwan,Industrials,580
Globus Medical Inc,United States,Health Care,68037843
Gloria Material Technology Corp,Taiwan,Basic Materials,10830972
Glory Ltd,Japan,Industrials,2038218
Glory Sun Land Group Ltd,China,Real Estate,4898
GnCenergy Co Ltd,South Korea,Industrials,2005221
Go Digit General Insurance Ltd,India,Financials,58312090
GoDaddy Inc,United States,Technology,336434367
GoTo Gojek Tokopedia Tbk PT,Indonesia,Technology,27888192
Godawari Power and Ispat Ltd,India,Basic Materials,6503080
Godo Steel Ltd,Japan,Basic Materials,212884
Godrej Agrovet Ltd,India,Consumer Staples,4468930
Godrej Consumer Products Ltd,India,Consumer Staples,121180120
Godrej Industries Ltd,India,Industrials,10055712
Godrej Properties Ltd,India,Real Estate,69926588
GoerTek Inc,China,Industrials,109947119
Golar LNG Ltd,United States,Energy,41
Gold Circuit Electronics Ltd,Taiwan,Technology,133787225
Gold Fields Ltd,South Africa,Basic Materials,350954726
Gold Road Resources Ltd,Australia,Basic Materials,60598291
Goldcrest Co Ltd,Japan,Real Estate,2458214
Goldcup Electric Apparatus Co Ltd,China,Industrials,18607066
Golden Solar New Energy Technology Holdings Ltd,China,Consumer Discretionary,1949
Goldman Sachs Group Inc/The,United States,Financials,2093068001
Goldsun Building Materials Co Ltd,Taiwan,Industrials,26607724
Goldwin Inc,Japan,Consumer Discretionary,30106486
Goneo Group Co Ltd,China,Industrials,14929651
Goodman Group,Australia,Real Estate,774086349
Goodman Property Trust,New Zealand,Real Estate,11229793
Goodyear Tire & Rubber Co/The,United States,Consumer Discretionary,29112344
Grab Holdings Ltd,United States,Consumer Discretionary,181579087
Graco Inc,United States,Industrials,170661196
Grafton Group PLC,United Kingdom,Industrials,54263642
Graham Holdings Co,United States,Consumer Discretionary,2667253
GrainCorp Ltd,Australia,Consumer Staples,37328528
Grainger PLC,United Kingdom,Real Estate,202720322
GrameenPhone Ltd,Bangladesh,Telecommunications,28625717
Grand Baoxin Auto Group Ltd,China,Consumer Discretionary,0
Grand Canyon Education Inc,United States,Consumer Discretionary,65736090
Grand City Properties SA,Germany,Real Estate,17431857
Grand Pacific Petrochemical,Taiwan,Basic Materials,784549
Grand Process Technology Corp,Taiwan,Technology,56865671
Granges AB,Sweden,Basic Materials,23774668
Granite Construction Inc,United States,Industrials,24812037
Granite Real Estate Investment Trust,Canada,Real Estate,40490301
Grape King Bio Ltd,Taiwan,Consumer Staples,18748528
Graphic Packaging Holding Co,United States,Industrials,48085807
Graphisoft Park SE,Hungary,Real Estate,368091
Graphite India Ltd,India,Industrials,5219775
Grasim Industries Ltd,India,Industrials,276087109
Gravita India Ltd,India,Basic Materials,7324576
Great Eastern Shipping Co Ltd/The,India,Industrials,25735719
Great Lakes Dredge & Dock Corp,United States,Industrials,1021522
Great Portland Estates PLC,United Kingdom,Real Estate,188421107
Great Tree Pharmacy Co Ltd,Taiwan,Consumer Staples,6054647
Great Wall Enterprise Co Ltd,Taiwan,Consumer Staples,21117988
Great Wall Motor Co Ltd,China,Consumer Discretionary,34405456
Great-West Lifeco Inc,Canada,Financials,131083811
Greatech Technology Bhd,Malaysia,Industrials,16460512
Greatek Electronics Inc,Taiwan,Technology,11722905
Greater Than AB,Sweden,Technology,546496
Greatland Resources Ltd,Australia,Basic Materials,941516
Gree Electric Appliances Inc of Zhuhai,China,Consumer Discretionary,295
Green Cross Corp/South Korea,South Korea,Health Care,12677828
Green Cross Holdings Corp,South Korea,Health Care,13574252
Greenbrier Cos Inc/The,United States,Industrials,1982268
Greencore Group PLC,United Kingdom,Consumer Staples,1369120
Greens Co Ltd,Japan,Consumer Discretionary,286490
Greentown China Holdings Ltd,China,Real Estate,6113006
Greentown Service Group Co Ltd,China,Real Estate,6451154
Greggs PLC,United Kingdom,Consumer Staples,53813531
Greif Inc,United States,Industrials,1040295
Grendene SA,Brazil,Consumer Discretionary,623732
Grenergy Renovables SA,Spain,Utilities,2526712
Griffon Corp,United States,Industrials,2015722
Grifols SA,Spain,Health Care,66386499
Grindr Inc,United States,Technology,16617944
Grindrod Ltd,South Africa,Industrials,1943955
Grindwell Norton Ltd,India,Basic Materials,10402944
Group 1 Automotive Inc,United States,Consumer Discretionary,70560982
Groupe Bruxelles Lambert NV,Belgium,Financials,148578998
Groupe LDLC,France,Technology,1476408
Growthpoint Properties Australia Ltd,Australia,Real Estate,4911995
Growthpoint Properties Ltd,South Africa,Real Estate,50217159
Gruma SAB de CV,Mexico,Consumer Staples,26089106
Grupa Kety SA,Poland,Basic Materials,26123722
Grupo Aeroportuario del Centro Norte SAB de CV,Mexico,Industrials,133047802
Grupo Aeroportuario del Sureste SAB de CV,Mexico,Industrials,227820536
Grupo Argos SA/Colombia,Colombia,Industrials,1425788
Grupo Bimbo SAB de CV,Mexico,Consumer Staples,587380
Grupo Catalana Occidente SA,Spain,Financials,23124845
Grupo Cibest SA,Colombia,Financials,121637077
Grupo Comercial Chedraui SA de CV,Mexico,Consumer Discretionary,39046660
Grupo Financiero Banorte SAB de CV,Mexico,Financials,236075991
Grupo Mateus SA,Brazil,Consumer Discretionary,55066896
Grupo Mexico SAB de CV,Mexico,Basic Materials,319439248
Grupo Pochteca SAB de CV,Mexico,Basic Materials,642241
Grupo Rotoplas SAB de CV,Mexico,Utilities,9955620
Grupo Televisa SAB,Mexico,Consumer Discretionary,476903
Grupo Traxion SAB de CV,Mexico,Industrials,7871107
Grupo de Inversiones Suramericana SA,Colombia,Financials,2449299
Guan Chong Bhd,Malaysia,Consumer Staples,23605696
Guangdong Chj Industry Co Ltd,China,Consumer Discretionary,17000304
Guangdong Haid Group Co Ltd,China,Consumer Staples,176473588
Guangdong Investment Ltd,China,Utilities,1168432
Guangdong Land Holdings Ltd,China,Real Estate,1
Guangdong Provincial Expressway Development Co Ltd,China,Industrials,7696552
Guangshen Railway Co Ltd,China,Industrials,5173111
Guangxi Liugong Machinery Co Ltd,China,Industrials,8597021
Guangzhou Automobile Group Co Ltd,China,Consumer Discretionary,1675239
Guangzhou Baiyunshan Pharmaceutical Holdings Co Ltd,China,Health Care,587389
Guangzhou Tinci Materials Technology Co Ltd,China,Basic Materials,4713682
Guardant Health Inc,United States,Health Care,79264726
Gudeng Precision Industrial Co Ltd,Taiwan,Technology,52655866
Guidewire Software Inc,United States,Technology,48206268
Gujarat Gas Ltd,India,Utilities,11722610
Gujarat Narmada Valley Fertilizers & Chemicals Ltd,India,Basic Materials,5802405
Gujarat Pipavav Port Ltd,India,Industrials,33339012
Gujarat State Fertilizers & Chemicals Ltd,India,Basic Materials,4302277
Gujarat State Petronet Ltd,India,Utilities,59218958
Gulf Bank KSCP,Kuwait,Financials,101552524
Gulf Development PCL,Thailand,Utilities,130478750
Gulf International Services QSC,Qatar,Energy,10498215
Guming Holdings Ltd,China,Consumer Discretionary,6379363
GungHo Online Entertainment Inc,Japan,Consumer Discretionary,5793195
Gunkul Engineering PCL,Thailand,Utilities,591052
Gunma Bank Ltd/The,Japan,Financials,79103770
Gunze Ltd,Japan,Consumer Discretionary,9734611
Guotai Haitong Securities Co Ltd,China,Financials,65301345
Guotai Junan International Holdings Ltd,Hong Kong,Financials,16175181
Guzman y Gomez Ltd,Australia,Consumer Discretionary,914608
Gwangju Shinsegae Co Ltd,South Korea,Consumer Discretionary,1122992
H & M Hennes & Mauritz AB,Sweden,Consumer Discretionary,65720824
H Lundbeck A/S,Denmark,Health Care,39231489
H World Group Ltd,China,Consumer Discretionary,206999572
H&R Block Inc,United States,Consumer Discretionary,92440963
H&R Real Estate Investment Trust,Canada,Real Estate,1877293
H.U. Group Holdings Inc,Japan,Health Care,3905661
H2O America,United States,Utilities,5259728
H2O Retailing Corp,Japan,Consumer Discretionary,10614324
HA Sustainable Infrastructure Capital Inc,United States,Real Estate,27979283
HAESUNG DS Co Ltd,South Korea,Technology,10244
HB Fuller Co,United States,Industrials,40584047
HBL Engineering Ltd,India,Industrials,8839810
HBX Group International PLC,Spain,Consumer Discretionary,62836905
HCA Healthcare Inc,United States,Health Care,1138290089
HCI Group Inc,United States,Financials,4687760
HCL Technologies Ltd,India,Technology,202217956
HD HYUNDAI MIPO,South Korea,Industrials,75387828
HD Hyundai Co Ltd,South Korea,Energy,13809855
HD Hyundai Construction Equipment Co Ltd,South Korea,Industrials,9876120
HD Hyundai Electric Co Ltd,South Korea,Industrials,207621801
HD Hyundai Heavy Industries Co Ltd,South Korea,Industrials,163028530
HD Hyundai Marine Solution Co Ltd,South Korea,Industrials,24295486
HD Korea Shipbuilding & Offshore Engineering Co Ltd,South Korea,Industrials,213093423
HD Renewable Energy Co Ltd,Taiwan,Energy,24906203
HD-Hyundai Marine Engine,South Korea,Industrials,15198279
HDC Holdings Co Ltd,South Korea,Industrials,27039102
HDFC Asset Management Co Ltd,India,Financials,66021642
HDFC Bank Ltd,India,Financials,2149046339
HDFC Life Insurance Co Ltd,India,Financials,201997041
HEG Ltd,India,Industrials,7090457
HEICO Corp,United States,Industrials,392945823
HELLENiQ ENERGY Holdings S.A.,Greece,Energy,4548385
HERON NEUTRON MEDICAL CORP,Taiwan,Health Care,10190880
HF Sinclair Corp,United States,Energy,25531384
HFCL Ltd,India,Telecommunications,10294465
HI-LEX CORP,Japan,Consumer Discretionary,226079
HIS Co Ltd,Japan,Consumer Discretionary,2738180
HK inno N Corp,South Korea,Health Care,12346456
HL Holdings Corp,South Korea,Consumer Discretionary,11118511
HL Mando Co Ltd,South Korea,Consumer Discretionary,264314
HLB Global Co Ltd,South Korea,Consumer Staples,11657
HLB Inc,South Korea,Health Care,1689760
HLB Life Science CO LTD,South Korea,Health Care,323698
HLB Therapeutics Co Ltd,South Korea,Health Care,37341
HMC Capital Ltd,Australia,Real Estate,13375093
HMM Co Ltd,South Korea,Industrials,68271384
HMS Networks AB,Sweden,Telecommunications,25144980
HNI Corp,United States,Consumer Discretionary,1487252
HOCHTIEF AG,Germany,Industrials,67186290
HP Inc,United States,Technology,86855772
HPSP Co Ltd,South Korea,Technology,3192177
HS Hyosung Advanced Materials Corp,South Korea,Basic Materials,100573
HS Hyosung Corp,South Korea,Industrials,8045
HS Industries Co Ltd,South Korea,Consumer Discretionary,4938959
HSBC Holdings PLC,United Kingdom,Financials,4345260383
HSS Engineers Bhd,Malaysia,Industrials,792778
HTC Corp,Taiwan,Telecommunications,1965
HUA ENG Wire & Cable Co Ltd,Taiwan,Industrials,876
HUB24 Ltd,Australia,Financials,94745984
HUGO BOSS AG,Germany,Consumer Discretionary,79325854
HUTCHMED China Ltd,Hong Kong,Health Care,26414385
HUYA Inc,China,Technology,161663
HYBE Co Ltd,South Korea,Consumer Discretionary,106774717
HYUNDAI Corp,South Korea,Industrials,328399
Ha Do Group JSC,Vietnam,Real Estate,2746591
Haad Thip PCL,Thailand,Consumer Staples,1220603
Hachijuni Bank Ltd/The,Japan,Financials,65624226
Haci Omer Sabanci Holding AS,Türkiye,Financials,13782526
Hackett Group Inc/The,United States,Technology,467728
Hacksaw AB,Sweden,Consumer Discretionary,18939394
Haemonetics Corp,United States,Health Care,36821527
Haidilao International Holding Ltd,China,Consumer Discretionary,17403580
Haier Smart Home Co Ltd,China,Consumer Discretionary,164079024
Hainan Drinda New Energy Technology Co Ltd,China,Energy,1034026
Hainan Jinpan Smart Technology Co Ltd,China,Industrials,2568353
Hainan Meilan International Airport Co Ltd,China,Industrials,607924
Haitian International Holdings Ltd,China,Industrials,65081047
Hakuhodo DY Holdings Inc,Japan,Consumer Discretionary,16090753
Hakuto Co Ltd,Japan,Technology,2817762
Haleon PLC,United Kingdom,Health Care,859886606
Halfords Group PLC,United Kingdom,Consumer Discretionary,9043162
Halliburton Co,United States,Energy,105603046
Halma PLC,United Kingdom,Industrials,304124253
Halows Co Ltd,Japan,Consumer Staples,1956142
Halozyme Therapeutics Inc,United States,Health Care,45026847
Hamakyorex Co Ltd,Japan,Industrials,4316857
Hamamatsu Photonics KK,Japan,Technology,79661528
Hamilton Lane Inc,United States,Financials,46641368
Hammerson PLC,United Kingdom,Real Estate,33824943
Han Kuk Carbon Co Ltd,South Korea,Basic Materials,3987176
Hana Financial Group Inc,South Korea,Financials,263696333
Hana Materials Inc,South Korea,Technology,4468150
Hana Microelectronics PCL,Thailand,Technology,1269525
Hana Micron Inc,South Korea,Technology,332016
Hana Tour Service Inc,South Korea,Consumer Discretionary,183695
Hanall Biopharma Co Ltd,South Korea,Health Care,4648003
Hancock & Gore Ltd,Australia,Financials,2621104
Hancock Whitney Corp,United States,Financials,60224482
Hancom Inc,South Korea,Technology,34837
Handsome Co Ltd,South Korea,Consumer Discretionary,5739778
Hanesbrands Inc,United States,Consumer Discretionary,169300
Hang Lung Group Ltd,Hong Kong,Real Estate,26610608
Hang Lung Properties Ltd,Hong Kong,Real Estate,20527515
Hang Seng Bank Ltd,Hong Kong,Financials,220654079
Hangcha Group Co Ltd,China,Industrials,36948732
Hangzhou GreatStar Industrial Co Ltd,China,Industrials,334761
Hangzhou Honghua Digital Technology Stock Co Ltd,China,Industrials,19940716
Hangzhou Oxygen Plant Group Co Ltd,China,Basic Materials,23018714
Hangzhou Robam Appliances Co Ltd,China,Consumer Discretionary,18988597
Hangzhou Silan Microelectronics Co Ltd,China,Technology,1294664
Hangzhou Steam Turbine Power Group Co Ltd,China,Industrials,5586674
Hangzhou Tigermed Consulting Co Ltd,China,Health Care,3915631
Hanil Cement Co Ltd/New,South Korea,Industrials,2607029
Hanil Holdings Co Ltd,South Korea,Industrials,4530240
Hanjin Kal Corp,South Korea,Consumer Discretionary,1827302
Hankook & Co Co Ltd,South Korea,Consumer Discretionary,6293865
Hankook Shell Oil Co Ltd,South Korea,Energy,380875
Hankyu Hanshin Holdings Inc,Japan,Industrials,91548938
Hankyu Hanshin REIT Inc,Japan,Real Estate,6416691
Hanmi Pharm Co Ltd,South Korea,Health Care,44412460
Hanmi Science Co ltd,South Korea,Health Care,171851
Hanmi Semiconductor Co Ltd,South Korea,Technology,44428976
HannStar Display Corp,Taiwan,Technology,10
Hannover Rueck SE,Germany,Financials,303180169
HannsTouch Holdings Co,Taiwan,Technology,55
Hannstar Board Corp,Taiwan,Technology,6110841
Hanon Systems,South Korea,Consumer Discretionary,412767
Hanover Insurance Group Inc/The,United States,Financials,77168544
Hansa Biopharma AB,Sweden,Health Care,785508
Hansen Technologies Ltd,Australia,Technology,21661908
Hansoh Pharmaceutical Group Co Ltd,China,Health Care,39649678
Hansol Chemical Co Ltd,South Korea,Basic Materials,87332832
Hanssem Co Ltd,South Korea,Consumer Discretionary,227767
Hanwa Co Ltd,Japan,Basic Materials,21990374
Hanwha Aerospace Co Ltd,South Korea,Industrials,308120244
Hanwha Engine,South Korea,Industrials,3249238
Hanwha General Insurance Co Ltd,South Korea,Financials,105414
Hanwha Investment & Securities Co Ltd,South Korea,Financials,4942
Hanwha Life Insurance Co Ltd,South Korea,Financials,539615
Hanwha Solutions Corp,South Korea,Energy,27414654
Hanwha Systems Co Ltd,South Korea,Industrials,6375663
Hanwha Vision Co Ltd,South Korea,Industrials,32380060
Hanyang Eng Co Ltd,South Korea,Industrials,738579
Hanza AB,Sweden,Industrials,9517430
Happiest Minds Technologies Ltd,India,Technology,3591481
Happinet Corp,Japan,Consumer Discretionary,3940185
Hapvida Participacoes e Investimentos S/A,Brazil,Health Care,148606860
Harel Insurance Investments & Financial Services Ltd,Israel,Financials,51178690
Harim Holdings Co Ltd,South Korea,Consumer Staples,4677773
Harley-Davidson Inc,United States,Consumer Discretionary,21606555
Harmonic Drive Systems Inc,Japan,Industrials,47449478
Harmonic Inc,United States,Telecommunications,1426438
Harmony Biosciences Holdings Inc,United States,Health Care,351487
Harmony Gold Mining Co Ltd,South Africa,Basic Materials,42753135
Harrow Inc,United States,Health Care,6654849
Hartalega Holdings Bhd,Malaysia,Health Care,5311224
Hartford Insurance Group Inc/The,United States,Financials,498815413
Harvey Norman Holdings Ltd,Australia,Consumer Discretionary,10100689
Harvia Oyj,Finland,Consumer Discretionary,2177126
Hasbro Inc,United States,Consumer Discretionary,123709918
Haseko Corp,Japan,Consumer Discretionary,65622895
Hatton National Bank PLC,Sri Lanka,Financials,15131882
Havas NV,Netherlands,Consumer Discretionary,19362864
Havells India Ltd,India,Industrials,182084865
Hayleys Fabric PLC,Sri Lanka,Consumer Discretionary,1847727
Hays PLC,United Kingdom,Industrials,27071666
Hayward Holdings Inc,United States,Industrials,1714139
Hazama Ando Corp,Japan,Industrials,12723234
HeadHunter Group PLC,Russia,Industrials,878964
Healius Ltd,Australia,Health Care,13811022
Health & Happiness H&H International Holdings Ltd,China,Consumer Staples,727
HealthEquity Inc,United States,Health Care,83193897
Healthcare Realty Trust Inc,United States,Real Estate,66085194
Healthpeak Properties Inc,United States,Real Estate,138552323
Heartland Group Holdings Ltd,New Zealand,Financials,2193
Hecla Mining Co,United States,Basic Materials,126
Heidelberg Materials AG,Germany,Industrials,406979585
Heilongjiang Agriculture Co Ltd,China,Consumer Staples,1768560
Heineken Holding NV,Netherlands,Consumer Staples,373240719
Heineken Malaysia Bhd,Malaysia,Consumer Staples,14541845
Heineken NV,Netherlands,Consumer Staples,478881467
Heiwa Corp,Japan,Consumer Discretionary,13977223
Heiwa Real Estate Co Ltd,Japan,Real Estate,3814628
Heiwa Real Estate REIT Inc,Japan,Real Estate,8480779
Heiwado Co Ltd,Japan,Consumer Staples,7225615
Helen of Troy Ltd,United States,Consumer Discretionary,85
Helia Group Ltd,Australia,Financials,21497733
Helical PLC,United Kingdom,Real Estate,6994013
Helios Technologies Inc,United States,Industrials,48120
Hella GmbH & Co KGaA,Germany,Consumer Discretionary,46148584
Hellenic Exchanges - Athens Stock Exchange SA,Greece,Financials,11461119
Hellenic Telecommunications Organization SA,Greece,Telecommunications,21905124
Hello Group Inc,China,Technology,14975902
HelloFresh SE,Germany,Consumer Staples,40569676
Helmerich & Payne Inc,United States,Energy,10571402
Helvetia Holding AG,Switzerland,Financials,135025369
Hemnet Group AB,Sweden,Real Estate,51400977
Henan Pinggao Electric Co Ltd,China,Industrials,27824099
Henderson Land Development Co Ltd,Hong Kong,Real Estate,30980147
Hengan International Group Co Ltd,China,Consumer Staples,12582394
Henkel AG & Co KGaA,Germany,Consumer Discretionary,341877664
Henry Schein Inc,United States,Health Care,89475658
Hensoldt AG,Germany,Industrials,151295702
Hera SpA,Italy,Utilities,62102129
Herc Holdings Inc,United States,Industrials,242696769
Hermes International SCA,France,Consumer Discretionary,1660409456
Hero MotoCorp Ltd,India,Consumer Discretionary,261490278
Hershey Co/The,United States,Consumer Staples,225330229
Hesai Group,China,Industrials,20618732
Hewlett Packard Enterprise Co,United States,Technology,104548130
Hexagon AB,Sweden,Technology,352681098
Hexaware Technologies Ltd,India,Technology,6655544
Hexcel Corp,United States,Basic Materials,57697191
Hexpol AB,Sweden,Basic Materials,52197106
HiProMine SA,Poland,Consumer Staples,1766584
Hiab Oyj,Finland,Industrials,99230939
Hiap Teck Venture Bhd,Malaysia,Basic Materials,1473028
Hibiya Engineering Ltd,Japan,Industrials,680640
Hiday Hidaka Corp,Japan,Consumer Discretionary,240934
Hidrovias do Brasil SA,Brazil,Industrials,26953974
Highfield Resources Ltd,Australia,Basic Materials,160721
Hightech Payment Systems SA,Morocco,Industrials,9850927
Highwealth Construction Corp,Taiwan,Real Estate,32340116
Highwoods Properties Inc,United States,Real Estate,43203441
Hikal Ltd,India,Health Care,4101236
Hikari Tsushin Inc,Japan,Telecommunications,122145974
Hikma Pharmaceuticals PLC,United Kingdom,Health Care,43405322
Hilan Ltd,Israel,Technology,1709718
Hill & Smith PLC,United Kingdom,Basic Materials,34336170
Hillenbrand Inc,United States,Industrials,2127320
Hilltop Holdings Inc,United States,Financials,243
Hilton Food Group PLC,United Kingdom,Consumer Staples,903761
Hilton Grand Vacations Inc,United States,Consumer Discretionary,23162818
Hilton Worldwide Holdings Inc,United States,Consumer Discretionary,663220425
Himadri Speciality Chemical Ltd,India,Basic Materials,12875541
Hims & Hers Health Inc,United States,Health Care,78464349
Hindustan Aeronautics Ltd,India,Industrials,122757627
Hindustan Construction Co Ltd,India,Industrials,6317931
Hindustan Copper Ltd,India,Basic Materials,4616826
Hindustan Petroleum Corp Ltd,India,Energy,54828949
Hindustan Unilever Ltd,India,Consumer Staples,234237128
Hinge Health Inc,United States,Health Care,15525000
Hioki EE Corp,Japan,Industrials,2451894
Hipages Group Holdings Ltd,Australia,Technology,1052760
Hirata Corp,Japan,Industrials,3166973
Hirogin Holdings Inc,Japan,Financials,32801729
Hirose Electric Co Ltd,Japan,Technology,64116498
Hisaka Works Ltd,Japan,Industrials,243359
Hisamitsu Pharmaceutical Co Inc,Japan,Health Care,32937323
Hiscox Ltd,United Kingdom,Financials,143068597
Hisense Home Appliances Group Co Ltd,China,Consumer Discretionary,19437197
Hitachi Construction Machinery Co Ltd,Japan,Industrials,32813394
Hitachi Energy India Ltd,India,Industrials,33391346
Hitachi Ltd,Japan,Industrials,2504002682
Hitit Bilgisayar Hizmetleri AS,Türkiye,Technology,5068637
Hito Communications Holdings Inc,Japan,Industrials,1092780
Hiwin Technologies Corp,Taiwan,Industrials,57279239
Ho Chi Minh City Development Joint Stock Commercial Bank,Vietnam,Financials,4425056
Ho Tung Chemical Corp,Taiwan,Basic Materials,554864
Hoa Phat Group JSC,Vietnam,Industrials,25846600
Hoa Sen Group,Vietnam,Basic Materials,3781285
Hoang Huy Investment Financial Services JSC,Vietnam,Real Estate,3330686
Hochiki Corp,Japan,Industrials,2503731
Hochschild Mining PLC,United Kingdom,Basic Materials,1101257
Hodogaya Chemical Co Ltd,Japan,Basic Materials,244775
Hogy Medical Co Ltd,Japan,Health Care,3781318
Hokkaido Gas Co Ltd,Japan,Utilities,616844
Hokkan Holdings Ltd,Japan,Industrials,341042
Hokkoku Financial Holdings Inc,Japan,Financials,4030960
Hokuetsu Corp,Japan,Basic Materials,6542692
Hokuhoku Financial Group Inc,Japan,Financials,10927263
Hokuto Corp,Japan,Consumer Staples,1965483
Holcim AG,Switzerland,Industrials,941272316
Holding Co ADMIE IPTO SA,Greece,Utilities,19285387
Hollywood Bowl Group PLC,United Kingdom,Consumer Discretionary,4583690
Holmen AB,Sweden,Basic Materials,487751338
Hologic Inc,United States,Health Care,176983878
Holtek Semiconductor Inc,Taiwan,Technology,252287
Holy Stone Enterprise Co Ltd,Taiwan,Technology,1250553
Home BancShares Inc/AR,United States,Financials,64544719
Home Depot Inc/The,United States,Consumer Discretionary,4809507992
Home First Finance Co India Ltd,India,Financials,58952605
Home Product Center PCL,Thailand,Consumer Discretionary,15570183
HomeCo Daily Needs REIT,Australia,Real Estate,18672514
Hon Hai Precision Industry Co Ltd,Taiwan,Technology,929310108
Hon Precision Inc,Taiwan,Technology,60426341
Honasa Consumer Ltd,India,Consumer Discretionary,7088238
Honda Motor Co Ltd,Japan,Consumer Discretionary,453762264
Honest Co Inc/The,United States,Consumer Staples,1132525
Honeywell Automation India Ltd,India,Industrials,11195708
Hong Kong & China Gas Co Ltd,Hong Kong,Utilities,88566081
Hong Kong Exchanges & Clearing Ltd,Hong Kong,Financials,1327421280
Hong Leong Bank Bhd,Malaysia,Financials,72093599
Hong Leong Capital Bhd,Malaysia,Financials,2290352
Hong Leong Financial Group Bhd,Malaysia,Financials,22729191
Hong Leong Industries Bhd,Malaysia,Consumer Discretionary,18994453
Hong Pu Real Estate Development Co Ltd,Taiwan,Real Estate,980304
Hongfa Technology Co Ltd,China,Technology,166437368
Hongkong Land Holdings Ltd,Hong Kong,Real Estate,8408384
Honma Golf Ltd,Japan,Consumer Discretionary,8251602
Hoosiers Holdings Co Ltd,Japan,Real Estate,446116
Hope Bancorp Inc,United States,Financials,576984
Hopson Development Holdings Ltd,China,Real Estate,416
Horace Mann Educators Corp,United States,Financials,515640
Horiba Ltd,Japan,Industrials,39950281
Horizon Construction Development Ltd,China,Industrials,1114288
Horizon Robotics,China,Technology,89707839
Hormel Foods Corp,United States,Consumer Staples,85936953
Hornbach Baumarkt AG,Germany,Consumer Discretionary,10488948
Hornbach Holding AG & Co KGaA,Germany,Consumer Discretionary,1436025
Hoshino Resorts REIT Inc,Japan,Real Estate,12895489
Hoshizaki Corp,Japan,Industrials,118234676
Hosiden Corp,Japan,Technology,6259784
Hosokawa Micron Corp,Japan,Industrials,54172
Hospital Mater Dei SA,Brazil,Health Care,3747717
Host Hotels & Resorts Inc,United States,Real Estate,552515528
Hotai Finance Co Ltd,Taiwan,Financials,4407284
Hotai Motor Co Ltd,Taiwan,Consumer Discretionary,60546400
Hotel Shilla Co Ltd,South Korea,Consumer Discretionary,1086061
Houlihan Lokey Inc,United States,Financials,126723309
House Foods Group Inc,Japan,Consumer Staples,22418176
Housing & Urban Development Corp Ltd,India,Financials,15096289
Howard Hughes Holdings Inc,United States,Real Estate,25950578
Howden Joinery Group PLC,United Kingdom,Consumer Discretionary,209782168
Howmet Aerospace Inc,United States,Industrials,1617554389
Hoya Corp,Japan,Health Care,736241462
Hsin Kuang Steel Co Ltd,Taiwan,Basic Materials,851008
Hsing TA Cement Co,Taiwan,Industrials,108
Hu Lane Associate Inc,Taiwan,Technology,15208435
Hua Hong Semiconductor Ltd,China,Technology,67372371
Hua Nan Financial Holdings Co Ltd,Taiwan,Financials,102693202
Huadong Medicine Co Ltd,China,Health Care,4854198
Huafon Chemical Co Ltd,China,Basic Materials,8275334
Huagong Tech Co Ltd,China,Technology,40321364
Huaku Development Co Ltd,Taiwan,Real Estate,16405347
Hualan Biological Engineering Inc,China,Health Care,367271
Huaming Power Equipment Co Ltd,China,Industrials,8238602
Huang Hsiang Construction Corp,Taiwan,Real Estate,1186977
Huangshan Tourism Development Co Ltd,China,Consumer Discretionary,1563750
Huatai Securities Co Ltd,China,Financials,54611794
HubSpot Inc,United States,Technology,260492821
Hubbell Inc,United States,Industrials,20489113
Hubei Xingfa Chemicals Group Co Ltd,China,Basic Materials,6617870
Hubei Zhenhua Chemical Co Ltd,China,Basic Materials,4088098
Huber + Suhner AG,Switzerland,Telecommunications,37031461
Hudaco Industries Ltd,South Africa,Industrials,3168871
Hudbay Minerals Inc,Canada,Basic Materials,60033535
Hufvudstaden AB,Sweden,Real Estate,27756918
Hugel Inc,South Korea,Health Care,4442913
Huhtamaki Oyj,Finland,Industrials,71589422
Hulic Co Ltd,Japan,Real Estate,77257281
Hulic Reit Inc,Japan,Real Estate,12161833
Human Technologies Inc/Tokyo,Japan,Technology,990865
Humana AB,Sweden,Health Care,6157679
Humana Inc,United States,Health Care,485369811
Humansoft Holding Co KSC,Kuwait,Consumer Discretionary,4789287
Humanwell Healthcare Group Co Ltd,China,Health Care,50084374
Hume Cement Industries Bhd,Malaysia,Industrials,5139706
Humedix Co Ltd,South Korea,Health Care,6134134
Humm Group Ltd,Australia,Financials,631647
Hunan Gold Corp Ltd,China,Basic Materials,7951666
Hunan Valin Steel Co Ltd,China,Basic Materials,1689201
Hundsun Technologies Inc,China,Technology,4511810
Hung Sheng Construction Ltd,Taiwan,Real Estate,766263
Hunting PLC,United Kingdom,Energy,13460168
Huntington Bancshares Inc/OH,United States,Financials,369375249
Huntsman Corp,United States,Basic Materials,21651364
Huons Co Ltd,South Korea,Health Care,248364
Huons Global Co Ltd,South Korea,Health Care,58790
Huron Consulting Group Inc,United States,Industrials,1468927
Husqvarna AB,Sweden,Consumer Discretionary,12462830
Hutchison Port Holdings Trust,Singapore,Industrials,16716789
Hwaseung Enterprise Co Ltd,South Korea,Consumer Discretionary,7899555
Hy-Lok Corp,South Korea,Industrials,7762646
Hyakugo Bank Ltd/The,Japan,Financials,7599962
Hyakujushi Bank Ltd/The,Japan,Financials,5154290
Hyatt Hotels Corp,United States,Consumer Discretionary,615856
Hydro One Ltd,Canada,Utilities,145786700
Hygeia Healthcare Holdings Co Ltd,China,Health Care,13962552
Hygon Information Technology Co Ltd,China,Technology,141802227
Hyosung Corp,South Korea,Industrials,469582
Hyosung Heavy Industries Corp,South Korea,Technology,79358858
Hyosung TNC Corp,South Korea,Basic Materials,41672371
Hypera SA,Brazil,Health Care,5263059
Hypoport SE,Germany,Financials,33196478
Hyprop Investments Ltd,South Africa,Real Estate,12901883
Hysan Development Co Ltd,Hong Kong,Real Estate,148979
Hyundai Autoever Corp,South Korea,Technology,10468975
Hyundai Bioscience Co Ltd,South Korea,Consumer Staples,298811
Hyundai Department Store Co Ltd,South Korea,Consumer Discretionary,492106
Hyundai Elevator Co Ltd,South Korea,Industrials,8971444
Hyundai Engineering & Construction Co Ltd,South Korea,Industrials,59740244
Hyundai Ezwel Co Ltd,South Korea,Technology,1045991
Hyundai GF Holdings,South Korea,Consumer Discretionary,15599836
Hyundai Glovis Co Ltd,South Korea,Industrials,78175055
Hyundai Green Food,South Korea,Consumer Discretionary,16835408
Hyundai HT Co Ltd,South Korea,Industrials,205368
Hyundai Home Shopping Network Corp,South Korea,Consumer Discretionary,13692843
Hyundai Marine & Fire Insurance Co Ltd,South Korea,Financials,10473195
Hyundai Mobis Co Ltd,South Korea,Consumer Discretionary,333930727
Hyundai Motor Co,South Korea,Consumer Discretionary,517454269
Hyundai Motor India Ltd,India,Consumer Discretionary,32480738
Hyundai Rotem Co Ltd,South Korea,Industrials,191011182
Hyundai Wia Corp,South Korea,Consumer Discretionary,19321360
I'll Inc,Japan,Technology,356947
I-TAIL Corp PCL,Thailand,Consumer Staples,19568929
IAC Inc,United States,Technology,30371721
IBF Financial Holdings Co Ltd,Taiwan,Financials,18923837
IBRACO Bhd,Malaysia,Real Estate,1442790
ICADE,France,Real Estate,23597805
ICICI Bank Ltd,India,Financials,1759209993
ICICI Lombard General Insurance Co Ltd,India,Financials,311251367
ICICI Prudential Life Insurance Co Ltd,India,Financials,229664368
ICL Group Ltd,Israel,Basic Materials,146033036
ICON PLC,United States,Health Care,156187701
ICOP SpA,Italy,Industrials,7619578
ICT Zone Asia Bhd,Malaysia,Technology,720295
ICU Medical Inc,United States,Health Care,36633302
ID Logistics Group SACA,France,Industrials,31056540
IDBI Bank Ltd,India,Financials,7794572
IDEX Corp,United States,Industrials,153188688
IDEXX Laboratories Inc,United States,Health Care,213182278
IDFC First Bank Ltd,India,Financials,34616209
IDGC of the North-West PJSC,Russia,Utilities,52464
IDI Insurance Co Ltd,Israel,Financials,26092132
IDICO Corp JSC,Vietnam,Industrials,7697864
IDOM Inc,Japan,Consumer Discretionary,5861207
IDP Education Ltd,Australia,Consumer Discretionary,10369899
IDT Corp,United States,Telecommunications,2623488
IEI Integration Corp,Taiwan,Technology,641088
IFCI Ltd,India,Financials,2242242
IG Group Holdings PLC,United Kingdom,Financials,88004908
IGB Real Estate Investment Trust,Malaysia,Real Estate,549142
IGG Inc,Hong Kong,Consumer Discretionary,1113732
IGM Financial Inc,Canada,Financials,32336884
IGO Ltd,Australia,Basic Materials,65731969
IHH Healthcare Bhd,Malaysia,Health Care,35889511
IHI Corp,Japan,Industrials,266080737
IIFL Finance Ltd,India,Financials,15463092
IJM Corp Bhd,Malaysia,Industrials,48439292
IMAX China Holding Inc,Hong Kong,Consumer Discretionary,531809
IMAX Corp,United States,Consumer Discretionary,709261
IMCD NV,Netherlands,Basic Materials,446442277
IMI PLC,United Kingdom,Industrials,135423132
INESA Intelligent Tech Inc,China,Technology,1240830
INFRONEER Holdings Inc,Japan,Industrials,44025685
ING Groep NV,Netherlands,Financials,1336682616
ING-Grad doo,Croatia,Industrials,4299320
INVISIO AB,Sweden,Industrials,37
IOI Properties Group Bhd,Malaysia,Real Estate,18653431
ION Exchange India Ltd,India,Utilities,6658216
IONOS Group SE,Germany,Technology,96420057
IP Group PLC,United Kingdom,Financials,7861123
IPG Photonics Corp,United States,Technology,16670554
IPH Ltd,Australia,Industrials,16101848
IPSOS SA,France,Consumer Discretionary,89139125
IQVIA Holdings Inc,United States,Health Care,264471793
IRB Infrastructure Developers Ltd,India,Industrials,7169257
IRB-Brasil Resseguros SA,Brazil,Financials,196855
IRCON International Ltd,India,Industrials,5746811
IRESS Ltd,Australia,Technology,57401546
IRPC PCL,Thailand,Energy,312775
ISC Co Ltd,South Korea,Technology,46595064
ISS A/S,Denmark,Industrials,141152964
ISU Abxis Co Ltd,South Korea,Health Care,1958022
ISU Specialty Chemical,South Korea,Basic Materials,477191
ITC Hotels Ltd,India,Consumer Discretionary,31363643
ITD Cementation India Ltd,India,Industrials,11066851
ITE Technology Inc,Taiwan,Technology,10130588
ITEQ Corp,Taiwan,Technology,746
ITMAX SYSTEM Bhd,Malaysia,Industrials,3543522
ITOCHU Corp,Japan,Industrials,1174117674
ITT Inc,United States,Industrials,140815148
ITV PLC,United Kingdom,Consumer Discretionary,14288610
IVE Group Ltd,Australia,Consumer Discretionary,8726991
Iberdrola SA,Spain,Utilities,3328560866
Ibiden Co Ltd,Japan,Technology,148587728
Ibotta Inc,United States,Technology,781154
Ibstock PLC,United Kingdom,Industrials,3784434
Ichia Technologies Inc,Taiwan,Technology,791233
Ichibanya Co Ltd,Japan,Consumer Discretionary,865203
Ichigo Inc,Japan,Real Estate,10051935
Ichigo Office REIT Investment Corp,Japan,Real Estate,6053480
Ichikoh Industries Ltd,Japan,Consumer Discretionary,291966
Ichitan Group PCL,Thailand,Consumer Staples,2646265
Ichiyoshi Securities Co Ltd,Japan,Financials,372040
Icom Inc,Japan,Telecommunications,666467
Ideal Holdings SA,Greece,Technology,689061
Ideaya Biosciences Inc,United States,Health Care,642981
Idec Corp/Japan,Japan,Industrials,2878467
Idemitsu Kosan Co Ltd,Japan,Energy,77081019
Ignitis Grupe AB,Lithuania,Utilities,18245266
Iguatemi SA,Brazil,Real Estate,89057630
Iida Group Holdings Co Ltd,Japan,Consumer Discretionary,34122360
Iino Kaiun Kaisha Ltd,Japan,Industrials,4041834
Illimity Bank SpA,Italy,Financials,8380872
Illinois Tool Works Inc,United States,Industrials,806849689
Illumina Inc,United States,Health Care,57376044
Iluka Resources Ltd,Australia,Basic Materials,44975654
Ilyang Pharmaceutical Co Ltd,South Korea,Health Care,113309
Imdex Ltd,Australia,Basic Materials,19008659
Imerys SA,France,Basic Materials,22078795
Immobiliare Grande Distribuzione SIIQ SpA,Italy,Real Estate,2639869
Immunovant Inc,United States,Health Care,11002592
Immutep Ltd,Australia,Health Care,1957163
Impack Pratama Industri Tbk PT,Indonesia,Industrials,2815465
Impala Platinum Holdings Ltd,South Africa,Basic Materials,153305580
Imperial Hotel Ltd,Japan,Consumer Discretionary,2108552
Impinj Inc,United States,Technology,10161239
Implenia AG,Switzerland,Industrials,1302507
InPost SA,Netherlands,Industrials,303982059
InRetail Peru Corp,Peru,Consumer Staples,9581450
Inaba Denki Sangyo Co Ltd,Japan,Industrials,10234435
Inaba Seisakusho Co Ltd,Japan,Industrials,73477
Inabata & Co Ltd,Japan,Industrials,6588229
Inari Amertron Bhd,Malaysia,Technology,26684079
Inchcape PLC,United Kingdom,Consumer Discretionary,72200938
Incyte Corp,United States,Health Care,94980704
Independence Realty Trust Inc,United States,Real Estate,17641919
Independent Bank Corp,United States,Financials,31052613
Index Livingmall PCL,Thailand,Consumer Discretionary,2813426
India Cements Ltd/The,India,Industrials,239095
IndiaMart InterMesh Ltd,India,Technology,9266947
Indian Bank,India,Financials,22555533
Indian Energy Exchange Ltd,India,Financials,10264102
Indian Hotels Co Ltd/The,India,Consumer Discretionary,93997218
Indian Oil Corp Ltd,India,Energy,71737622
Indian Railway Catering & Tourism Corp Ltd,India,Consumer Discretionary,28681778
Indian Railway Finance Corp Ltd,India,Industrials,10189990
Indian Renewable Energy Development Agency Ltd,India,Financials,16950958
Indigo Paints Ltd,India,Industrials,1437735
Indofood CBP Sukses Makmur Tbk PT,Indonesia,Consumer Staples,90406644
Indorama Ventures PCL,Thailand,Basic Materials,41825184
Indosat Tbk PT,Indonesia,Telecommunications,20401626
Indra Sistemas SA,Spain,Technology,83758582
Indraprastha Gas Ltd,India,Utilities,20858702
Indus Holding AG,Germany,Industrials,1013758
Indus Towers Ltd,India,Telecommunications,152596020
IndusInd Bank Ltd,India,Financials,165537073
Industria de Diseno Textil SA,Spain,Consumer Discretionary,1331679135
Industrial & Commercial Bank of China Ltd,China,Financials,859952890
Industrial & Infrastructure Fund Investment Corp,Japan,Real Estate,33693969
Industrial Bank Co Ltd,China,Financials,10886450
Industrial Bank of Korea,South Korea,Financials,53599733
Industrie De Nora SpA,Italy,Industrials,11301123
Industries Qatar QSC,Qatar,Basic Materials,125341822
Industrivarden AB,Sweden,Financials,222797508
Indutrade AB,Sweden,Industrials,121865122
Ines Corp,Japan,Technology,799004
Infibeam Avenues Ltd,India,Industrials,2504473
Inficon Holding AG,Switzerland,Industrials,54293674
Infineon Technologies AG,Germany,Technology,1688584026
Info Edge India Ltd,India,Technology,223027285
Infomart Corp,Japan,Technology,4202604
Infomedia Ltd,Australia,Technology,4309849
Infomina Bhd,Malaysia,Technology,2914179
Inforich Inc,Japan,Consumer Discretionary,1938448
Informa PLC,United Kingdom,Consumer Discretionary,631610384
Informatica Inc,United States,Technology,101420258
Infortrend Technology Inc,Taiwan,Technology,219
Infosys Ltd,India,Technology,765544652
Infrastrutture Wireless Italiane SpA,Italy,Telecommunications,50794799
Infratil Ltd,New Zealand,Utilities,110889634
Ingenia Communities Group,Australia,Real Estate,22848285
Ingersoll Rand Inc,United States,Industrials,409826030
Inghams Group Ltd,Australia,Consumer Staples,11564620
Ingram Micro Holding Corp,United States,Technology,8336000
Ingredion Inc,United States,Consumer Staples,82778515
Inmobiliaria Colonial Socimi SA,Spain,Real Estate,55701188
Inner Mongolia BaoTou Steel Union Co Ltd,China,Basic Materials,1
Inner Mongolia ERDOS Resources Co Ltd,China,Basic Materials,4933613
Inner Mongolia Yili Industrial Group Co Ltd,China,Consumer Staples,140064898
InnoCare Pharma Ltd,China,Health Care,12838167
Innocean Worldwide Inc,South Korea,Consumer Discretionary,12697775
Innodisk Corp,Taiwan,Technology,12999627
Innolux Corp,Taiwan,Technology,27518383
Innoscripta SE,Germany,Technology,5904466
Innospec Inc,United States,Basic Materials,11229799
Innovent Biologics Inc,China,Health Care,186770563
Innoviva Inc,United States,Health Care,1383498
Innox Advanced Materials Co Ltd,South Korea,Technology,11435672
Inox Wind Ltd,India,Energy,16758915
Insight Enterprises Inc,United States,Technology,46971546
Insignia Financial Ltd,Australia,Financials,18172331
Insmed Inc,United States,Health Care,230810191
Insource Co Ltd,Japan,Industrials,8305737
Insperity Inc,United States,Industrials,22631092
Inspire Medical Systems Inc,United States,Health Care,31065640
Instalco AB,Sweden,Industrials,273643
Installed Building Products Inc,United States,Industrials,10385170
Instituto de Diagnostico SA,Chile,Health Care,4521707
Instone Real Estate Group SE,Germany,Consumer Discretionary,6674559
Insulet Corp,United States,Health Care,335249853
Insurance Australia Group Ltd,Australia,Financials,185998317
Insyde Software Corp,Taiwan,Technology,571204
Intact Financial Corp,Canada,Financials,669739233
Intage Holdings Inc,Japan,Industrials,900741
Intapp Inc,United States,Technology,34944520
Intea Fastigheter AB,Sweden,Real Estate,5149364
Integra LifeSciences Holdings Corp,United States,Health Care,29264
IntegraFin Holdings PLC,United Kingdom,Financials,17558790
Integral Ad Science Holding Corp,United States,Consumer Discretionary,20248262
Integral Diagnostics Ltd,Australia,Health Care,3857940
Integrated Diagnostics Holdings PLC,Egypt,Health Care,4727666
Integrated Service Technology Inc,Taiwan,Technology,6758472
Intel Corp,United States,Technology,1558870813
Intelbras SA Industria de Telecomunicacao Eletronica Brasileira,Brazil,Industrials,26231419
Intellect Design Arena Ltd,India,Technology,8568897
Intellia Therapeutics Inc,United States,Health Care,534088
Intellian Technologies Inc,South Korea,Telecommunications,6951676
Inter & Co Inc,Brazil,Financials,55131107
Inter RAO UES PJSC,Russia,Utilities,2304648
InterContinental Hotels Group PLC,United Kingdom,Consumer Discretionary,169759962
InterDigital Inc,United States,Telecommunications,71199976
InterGlobe Aviation Ltd,India,Consumer Discretionary,270597459
Interactive Brokers Group Inc,United States,Financials,297080549
Interconexion Electrica SA ESP,Colombia,Utilities,8970242
Intercontinental Exchange Inc,United States,Financials,1520859887
Intercos SpA,Italy,Consumer Discretionary,17295832
Interlink Communication PCL,Thailand,Telecommunications,2261792
Interlink Telecom PCL,Thailand,Telecommunications,1264407
Intermediate Capital Group PLC,United Kingdom,Financials,86476230
Intermestic Inc,Japan,Consumer Discretionary,1536294
International Bancshares Corp,United States,Financials,44862705
International Business Machines Corp,United States,Technology,1938118365
International CSRC Investment Holdings Co,Taiwan,Basic Materials,10196
International Consolidated Airlines Group SA,United Kingdom,Consumer Discretionary,247248843
International Container Terminal Services Inc,Philippines,Industrials,97611350
International Flavors & Fragrances Inc,United States,Basic Materials,148784663
International Game Technology PLC,United States,Consumer Discretionary,56355536
International Games System Co Ltd,Taiwan,Consumer Discretionary,105825482
International Gemmological Institute India Ltd,India,Industrials,11427679
International Money Express Inc,United States,Industrials,1124026
International Paper Co,United States,Basic Materials,276762631
International Personal Finance PLC,United Kingdom,Financials,14809571
International Workplace Group PLC,United Kingdom,Industrials,72580146
Internet Initiative Japan Inc,Japan,Telecommunications,47735336
Interparfums Inc,United States,Consumer Discretionary,6756162
Interparfums SA,France,Consumer Discretionary,18107368
Interpublic Group of Cos Inc/The,United States,Consumer Discretionary,2942569
Interpump Group SpA,Italy,Industrials,42651879
Interroll Holding AG,Switzerland,Industrials,37513583
Intershop Holding AG,Switzerland,Real Estate,21730103
Intertek Group PLC,United Kingdom,Industrials,182019844
Intesa Sanpaolo SpA,Italy,Financials,1394110232
Intloop Inc,Japan,Industrials,2173408
Intracom Holdings SA,Greece,Technology,38737
Intred SpA,Italy,Telecommunications,3543859
Intrum AB,Sweden,Financials,22188685
Intuit Inc,United States,Technology,3223913726
Intuitive Surgical Inc,United States,Health Care,2561764072
Inui Global Logistics Co Ltd,Japan,Industrials,57514
Inventec Corp,Taiwan,Technology,14723131
Inventurus Knowledge Solutions Ltd,India,Health Care,85221937
Invesco Ltd,United States,Financials,51838103
Investec Ltd,South Africa,Financials,11467989
Investec PLC,United Kingdom,Financials,104984689
Investis Holding SA,Switzerland,Real Estate,6069994
Investment & Industrial Development Corp,Vietnam,Real Estate,6904252
Investment AB Latour,Sweden,Industrials,57650170
Investment AB Oresund,Sweden,Financials,892516
Investor AB,Sweden,Financials,1289276704
Invicta Holdings Ltd,South Africa,Industrials,4079616
Invincible Investment Corp,Japan,Real Estate,48162939
Invinity Energy Systems PLC,United Kingdom,Industrials,3977486
Invitation Homes Inc,United States,Real Estate,1689845602
Iochpe Maxion SA,Brazil,Consumer Discretionary,10923031
IonQ Inc,United States,Technology,114767370
Ionis Pharmaceuticals Inc,United States,Health Care,17789536
Ipca Laboratories Ltd,India,Health Care,24792680
IperionX Ltd,Australia,Basic Materials,11892876
Ipsen SA,France,Health Care,88802578
Iren SpA,Italy,Utilities,24977279
Iridium Communications Inc,United States,Telecommunications,16297110
Irish Continental Group PLC,Ireland,Industrials,1221366
Iriso Electronics Co Ltd,Japan,Technology,2426053
Iron Force Industrial Co Ltd,Taiwan,Consumer Discretionary,246
Iron Mountain Inc,United States,Real Estate,413090418
Is Yatirim Menkul Degerler AS,Türkiye,Financials,41243004
Ise Chemicals Corp,Japan,Basic Materials,1762609
Iseki & Co Ltd,Japan,Industrials,104474
Isetan Mitsukoshi Holdings Ltd,Japan,Consumer Discretionary,19464571
Ishihara Sangyo Kaisha Ltd,Japan,Basic Materials,542926
Isik Plastik Sanayi Ve Dis Ticaret Pazarlama AS,Türkiye,Industrials,3967733
Iskandar Waterfront City Bhd,Malaysia,Real Estate,1852512
Isracard Ltd,Israel,Industrials,343064
Israel Canada T.R Ltd,Israel,Real Estate,958461
Israel Corp Ltd,Israel,Basic Materials,40011061
Israel Discount Bank Ltd,Israel,Financials,10881094
Istyle Inc,Japan,Consumer Discretionary,147503
IsuPetasys Co Ltd,South Korea,Technology,32828887
Isuzu Motors Ltd,Japan,Industrials,139876378
Italgas SpA,Italy,Utilities,2193044
Italian Wine Brands SpA,Italy,Consumer Staples,6758434
Italmobiliare SpA,Italy,Financials,487681
Italtile Ltd,South Africa,Consumer Discretionary,2698628
Itau Unibanco Holding SA,Brazil,Financials,639335402
Itausa SA,Brazil,Financials,199613893
Ito En Ltd,Japan,Consumer Staples,18978954
Itochu Enex Co Ltd,Japan,Consumer Discretionary,5169217
Itochu-Shokuhin Co Ltd,Japan,Consumer Staples,2758979
Itoham Yonekyu Holdings Inc,Japan,Consumer Staples,9618648
Itoki Corp,Japan,Consumer Discretionary,13281431
Itron Inc,United States,Industrials,71726898
Ivanhoe Mines Ltd,Canada,Basic Materials,73978179
Iveco Group NV,Italy,Industrials,171600305
Iwatani Corp,Japan,Utilities,77996156
Iyogin Holdings Inc,Japan,Financials,34724066
Izostal SA,Poland,Basic Materials,701222
Izumi Co Ltd,Japan,Consumer Discretionary,14041721
J D Wetherspoon PLC,United Kingdom,Consumer Discretionary,1305199
J Front Retailing Co Ltd,Japan,Consumer Discretionary,126217900
J M Smucker Co/The,United States,Consumer Staples,110717652
J Sainsbury PLC,United Kingdom,Consumer Staples,131683433
J Trust Co Ltd,Japan,Financials,1702223
J&T Global Express Ltd,China,Industrials,24842611
J-Oil Mills Inc,Japan,Consumer Staples,248316
JAC Recruitment Co Ltd,Japan,Industrials,1822860
JAFCO Group Co ltd,Japan,Financials,16091293
JASMINE INTERNATIONAL PCL,Thailand,Telecommunications,278873
JB Chemicals & Pharmaceuticals Ltd,India,Health Care,54925249
JB Financial Group Co Ltd,South Korea,Financials,62043478
JB Hi-Fi Ltd,Australia,Consumer Discretionary,69158811
JB Hunt Transport Services Inc,United States,Industrials,145865146
JBCC Holdings Inc,Japan,Technology,2476754
JBG SMITH Properties,United States,Real Estate,1020735
JBM Auto Ltd,India,Consumer Discretionary,1332939
JBT Marel Corp,United States,Industrials,69076262
JCDecaux SE,France,Consumer Discretionary,28389370
JCET Group Co Ltd,China,Technology,38807781
JCHX Mining Management Co Ltd,China,Basic Materials,48509289
JCR Pharmaceuticals Co Ltd,Japan,Health Care,6021834
JCU Corp,Japan,Industrials,3819592
JCY International Bhd,Malaysia,Technology,4916281
JD Health International Inc,China,Consumer Staples,60635494
JD Logistics Inc,China,Industrials,35256043
JD Sports Fashion PLC,United Kingdom,Consumer Discretionary,217714454
JD.com Inc,China,Consumer Discretionary,640136161
JDC Corp,Japan,Industrials,330
JDE Peet's NV,Netherlands,Consumer Staples,98332900
JFE Holdings Inc,Japan,Basic Materials,93950101
JFrog Ltd,United States,Technology,61291452
JG Summit Holdings Inc,Philippines,Industrials,283756
JGC Holdings Corp,Japan,Industrials,31328215
JINS Holdings Inc,Japan,Consumer Discretionary,12687763
JK Cement Ltd,India,Industrials,29076605
JK Lakshmi Cement Ltd,India,Industrials,5875613
JK Paper Ltd,India,Basic Materials,3840731
JK Tyre & Industries Ltd,India,Consumer Discretionary,5023116
JM AB,Sweden,Consumer Discretionary,1632179
JM Financial Ltd,India,Financials,8938766
JM Holdings Co Ltd,Japan,Consumer Staples,346311
JMDC Inc,Japan,Industrials,14968443
JNBY Design Ltd,China,Consumer Discretionary,6560777
JOST Werke SE,Germany,Consumer Discretionary,17965187
JOYY Inc,China,Technology,7808219
JP-Holdings Inc,Japan,Consumer Discretionary,1193116
JPC connectivity Inc,Taiwan,Technology,692744
JPMorgan Chase & Co,United States,Financials,10126577753
JPP Holding Co Ltd,Taiwan,Industrials,5490209
JR Global Reit,South Korea,Real Estate,368467
JS Global Lifestyle Co Ltd,China,Consumer Discretionary,3141768
JSB Co Ltd,Japan,Real Estate,16163799
JSE Ltd,South Africa,Financials,128347
JSL Construction & Development Co Ltd,Taiwan,Real Estate,2788650
JSL SA,Brazil,Industrials,7007463
JSP Corp,Japan,Industrials,343214
JSW Holdings Ltd/India,India,Financials,4326922
JSW Infrastructure Ltd,India,Industrials,13050008
JSW Steel Ltd,India,Basic Materials,112323562
JTC PLC,United Kingdom,Industrials,86934720
JTEKT Corp,Japan,Consumer Discretionary,39605153
JUMBO SA,Greece,Consumer Discretionary,71857463
JVCKenwood Corp,Japan,Consumer Discretionary,31241716
JVM Co Ltd,South Korea,Health Care,4872498
JW Pharmaceutical Corp,South Korea,Health Care,8149
JX Advanced Metals Corp,Japan,Basic Materials,1849264
JYP Entertainment Corp,South Korea,Consumer Discretionary,32697744
Jabil Inc,United States,Technology,329956947
Jaccs Co Ltd,Japan,Financials,6002021
Jack Henry & Associates Inc,United States,Industrials,112654716
Jackson Financial Inc,United States,Financials,102131230
Jacobio Pharmaceuticals Group Co Ltd,Hong Kong,Health Care,221
Jacquet Metals SACA,France,Basic Materials,7258518
Jahwa Electronics Co Ltd,South Korea,Technology,7365536
Jai Balaji Industries Ltd,India,Basic Materials,7851494
Jalles Machado SA,Brazil,Consumer Staples,4370389
James Fisher & Sons PLC,United Kingdom,Industrials,7194338
James Hardie Industries PLC,Australia,Industrials,216701298
Jamf Holding Corp,United States,Technology,2314734
Jammu & Kashmir Bank Ltd/The,India,Financials,5113150
Janus Henderson Group PLC,United States,Financials,86179513
Janux Therapeutics Inc,United States,Health Care,9907082
Japan Airlines Co Ltd,Japan,Consumer Discretionary,46884102
Japan Airport Terminal Co Ltd,Japan,Industrials,21453475
Japan Aviation Electronics Industry Ltd,Japan,Technology,8627603
Japan Display Inc,Japan,Technology,202811
Japan Elevator Service Holdings Co Ltd,Japan,Industrials,11572269
Japan Excellent Inc,Japan,Real Estate,7000097
Japan Exchange Group Inc,Japan,Financials,167597105
Japan Eyewear Holdings Co Ltd,Japan,Consumer Discretionary,4869397
Japan Hotel REIT Investment Corp,Japan,Real Estate,46479768
Japan Investment Adviser Co Ltd,Japan,Industrials,2765454
Japan Lifeline Co Ltd,Japan,Health Care,4041587
Japan Logistics Fund Inc,Japan,Real Estate,27480047
Japan Material Co Ltd,Japan,Technology,20705692
Japan Metropolitan Fund Invest,Japan,Real Estate,99455028
Japan Post Bank Co Ltd,Japan,Financials,327102468
Japan Post Holdings Co Ltd,Japan,Financials,326966597
Japan Post Insurance Co Ltd,Japan,Financials,71611282
Japan Prime Realty Investment Corp,Japan,Real Estate,34048746
Japan Pulp & Paper Co Ltd,Japan,Basic Materials,2734619
Japan Real Estate Investment Corp,Japan,Real Estate,82535303
Japan Securities Finance Co Ltd,Japan,Financials,8304493
Japan Steel Works Ltd/The,Japan,Industrials,95909069
Japan Transcity Corp,Japan,Industrials,488065
Japan Wool Textile Co Ltd/The,Japan,Basic Materials,3870645
Jasa Marga Persero Tbk PT,Indonesia,Industrials,29195362
Jason Furniture Hangzhou Co Ltd,China,Consumer Discretionary,16891
Jazeera Airways Co KSCP,Kuwait,Consumer Discretionary,39042940
Jefferies Financial Group Inc,United States,Financials,107356251
Jefferson Capital Inc,United States,Financials,553500
Jeju Bank,South Korea,Financials,6402271
Jenoptik AG,Germany,Technology,36121821
Jentech Precision Industrial Co Ltd,Taiwan,Technology,178864388
Jeol Ltd,Japan,Industrials,31135146
Jeronimo Martins SGPS SA,Portugal,Consumer Staples,46181323
Jiangsu Eastern Shenghong Co Ltd,China,Basic Materials,1120157
Jiangsu Expressway Co Ltd,China,Industrials,19140876
Jiangsu Financial Leasing Co Ltd,China,Financials,1577276
Jiangsu Hengli Hydraulic Co Ltd,China,Industrials,10914360
Jiangsu Hengrui Pharmaceuticals Co Ltd,China,Health Care,65325950
Jiangsu Jiejie Microelectronics Co Ltd,China,Technology,1456063
Jiangsu Shemar Electric Co Ltd,China,Industrials,4937832
Jiangsu Xinquan Automotive Trim Co Ltd,China,Consumer Discretionary,43933263
Jiangsu Yanghe Distillery Co Ltd,China,Consumer Staples,2705726
Jiangsu Yangnong Chemical Co Ltd,China,Basic Materials,62867291
Jiangsu Yoke Technology Co Ltd,China,Basic Materials,15756605
Jiangsu Yuyue Medical Equipment & Supply Co Ltd,China,Health Care,1987763
Jiangsu Zhongtian Technology Co Ltd,China,Telecommunications,5092660
Jiangxi Copper Co Ltd,China,Basic Materials,44052531
Jinan Acetate Chemical Co Ltd,Taiwan,Basic Materials,4779907
Jinke Smart Services Group Co Ltd,China,Real Estate,362920
Jinmao Property Services Co Ltd,Hong Kong,Real Estate,334
Jinsung T.E.C.,South Korea,Industrials,5601946
Jinxin Fertility Group Ltd,China,Health Care,10050541
Jio Financial Services Ltd,India,Financials,132359403
Jishan Bhd,Malaysia,Industrials,855005
Joby Aviation Inc,United States,Industrials,8251176
John Keells Holdings PLC,Sri Lanka,Industrials,31870638
John Wiley & Sons Inc,United States,Consumer Discretionary,1611589
John Wood Group PLC,United Kingdom,Energy,616797
Johns Lyng Group Ltd,Australia,Industrials,23071526
Johnson & Johnson,United States,Health Care,4800380920
Johnson Controls International plc,United States,Industrials,780469801
Johnson Electric Holdings Ltd,Hong Kong,Industrials,18202650
Johnson Health Tech Co Ltd,Taiwan,Consumer Discretionary,9711949
Johnson Matthey PLC,United Kingdom,Basic Materials,977240
Joinn Laboratories China Co Ltd,China,Health Care,19579
Jollibee Foods Corp,Philippines,Consumer Discretionary,84127573
Jones Lang LaSalle Inc,United States,Real Estate,160187341
Joshin Denki Co Ltd,Japan,Consumer Discretionary,356646
Joy City Property Ltd,China,Real Estate,1107356
Joyful Honda Co Ltd,Japan,Consumer Discretionary,5657996
Jubilant Foodworks Ltd,India,Consumer Discretionary,83703216
Jubilant Ingrevia Ltd,India,Basic Materials,7915905
Jubilant Pharmova Ltd,India,Health Care,77015643
Judo Capital Holdings Ltd,Australia,Financials,15283068
Julius Baer Group Ltd,Switzerland,Financials,146431337
Jumbo Interactive Ltd,Australia,Consumer Discretionary,9262878
Juniper Hotels Ltd,India,Consumer Discretionary,15945261
Juniper Networks Inc,United States,Telecommunications,183803580
Jupiter Fund Management PLC,United Kingdom,Financials,851204
Jupiter Life Line Hospitals Ltd,India,Health Care,6643902
Jupiter Wagons Ltd,India,Industrials,6791085
Juroku Financial Group Inc,Japan,Financials,9535773
Just Dial Ltd,India,Technology,2562409
Just Eat Takeaway.com NV,Netherlands,Technology,333834665
Just Group PLC,United Kingdom,Financials,72492502
Justsystems Corp,Japan,Technology,13644729
Jusung Engineering Co Ltd,South Korea,Technology,10782174
Juventus Football Club SpA,Italy,Consumer Discretionary,4
Jyothy Labs Ltd,India,Consumer Staples,4634188
Jyoti CNC Automation Ltd,India,Industrials,20059220
Jyske Bank A/S,Denmark,Financials,152478488
K Car Co Ltd,South Korea,Consumer Discretionary,5329967
K Wah International Holdings Ltd,Hong Kong,Real Estate,5862529
K's Holdings Corp,Japan,Consumer Discretionary,21090827
K+S AG,Germany,Basic Materials,37539176
KAP Ltd,South Africa,Industrials,15197835
KAWADA TECHNOLOGIES Inc,Japan,Industrials,187545
KB Components AB,Sweden,Industrials,1492563
KB Financial Group Inc,South Korea,Financials,631209447
KB Home,United States,Consumer Discretionary,55328913
KBC Ancora,Belgium,Financials,56642058
KBC Corp Ltd,China,Industrials,976135
KBC Group NV,Belgium,Financials,7975549
KBR Inc,United States,Technology,89908114
KCB Group PLC,Kenya,Financials,22131701
KCC Corp,South Korea,Industrials,880795
KCC Glass Corp,South Korea,Industrials,10691959
KCE Electronics PCL,Thailand,Technology,655637
KCG Corp PCL,Thailand,Consumer Staples,2111259
KDDI Corp,Japan,Telecommunications,889590130
KDX Realty Investment Corp,Japan,Real Estate,87435234
KE Holdings Inc,China,Real Estate,367502253
KEC International Ltd,India,Industrials,78553326
KEE TAI Properties Co Ltd,Taiwan,Real Estate,879360
KEI Industries Ltd,India,Industrials,89980803
KEPCO Engineering & Construction Co Inc,South Korea,Industrials,5038259
KEPCO Plant Service & Engineering Co Ltd,South Korea,Industrials,667753
KGHM Polska Miedz SA,Poland,Basic Materials,7553513
KGI Financial Holding Co Ltd,Taiwan,Financials,98105232
KH Neochem Co Ltd,Japan,Basic Materials,17529595
KH Vatec Co Ltd,South Korea,Technology,69772
KION Group AG,Germany,Industrials,76018740
KISWIRE Ltd,South Korea,Basic Materials,92728
KIWOOM Securities Co Ltd,South Korea,Financials,37212521
KKR & Co Inc,United States,Financials,1511728842
KLA Corp,United States,Technology,1597998369
KLN Logistics Group Ltd,Hong Kong,Industrials,2469915
KMC Kuei Meng International Inc,Taiwan,Consumer Discretionary,2986239
KMD Brands Ltd,New Zealand,Consumer Discretionary,3563062
KNT-CT Holdings Co Ltd,Japan,Consumer Discretionary,45594
KOC Holding AS,Türkiye,Energy,114958802
KOMEDA Holdings Co Ltd,Japan,Consumer Discretionary,10222136
KPI Green Energy Ltd,India,Utilities,9372541
KPIT Technologies Ltd,India,Technology,24310654
KPJ Healthcare Bhd,Malaysia,Health Care,11660765
KPR Mill Ltd,India,Basic Materials,9843932
KRBL Ltd,India,Consumer Staples,4667741
KRUK SA,Poland,Financials,66906796
KSB Ltd,India,Industrials,5072940
KSB SE & Co KGaA,Germany,Industrials,4365792
KT Nasmedia Co Ltd,South Korea,Consumer Discretionary,3335202
KUO SAB De CV,Mexico,Consumer Staples,2216562
KWS Saat SE & Co KGaA,Germany,Consumer Staples,17006477
KYB Corp,Japan,Consumer Discretionary,5093489
Kadant Inc,United States,Industrials,40019017
Kadokawa Corp,Japan,Consumer Discretionary,47428087
Kaga Electronics Co Ltd,Japan,Technology,4524751
Kagome Co Ltd,Japan,Consumer Staples,30941046
Kaimei Electronic Corp,Taiwan,Technology,177167
Kaisa Group Holdings Ltd,China,Real Estate,36
Kaiser Aluminum Corp,United States,Basic Materials,430821
Kajaria Ceramics Ltd,India,Industrials,37042854
Kajima Corp,Japan,Industrials,189852117
Kakaku.com Inc,Japan,Technology,50261597
Kakao Corp,South Korea,Technology,194465417
Kakao Games Corp,South Korea,Consumer Discretionary,205410
KakaoBank Corp,South Korea,Financials,61364483
Kakaopay Corp,South Korea,Industrials,1132599
Kaken Pharmaceutical Co Ltd,Japan,Health Care,8923056
KalVista Pharmaceuticals Inc,United States,Health Care,2325461
Kalbe Farma Tbk PT,Indonesia,Health Care,55067826
Kalmar Oyj,Finland,Industrials,79281979
Kalyan Jewellers India Ltd,India,Consumer Discretionary,33297417
Kameda Seika Co Ltd,Japan,Consumer Staples,11617702
Kamei Corp,Japan,Energy,434030
Kamigumi Co Ltd,Japan,Industrials,41226784
Kanaden Corp,Japan,Industrials,114673
Kanadevia Corp,Japan,Industrials,7783057
Kanagawa Chuo Kotsu Co Ltd,Japan,Consumer Discretionary,4902
Kanamic Network Co Ltd,Japan,Health Care,226441
Kanamoto Co Ltd,Japan,Industrials,27854421
Kandenko Co Ltd,Japan,Industrials,56107556
Kaneka Corp,Japan,Basic Materials,21697743
Kanematsu Corp,Japan,Industrials,14521938
Kangji Medical Holdings Ltd,China,Health Care,15490
Kangwon Land Inc,South Korea,Consumer Discretionary,1490239
Kansai Electric Power Co Inc/The,Japan,Utilities,201209428
Kansai Nerolac Paints Ltd,India,Industrials,5153842
Kansai Paint Co Ltd,Japan,Industrials,25588256
Kanto Denka Kogyo Co Ltd,Japan,Basic Materials,533904
Kanzhun Ltd,China,Industrials,128473565
Kao Corp,Japan,Consumer Staples,188350655
Kaori Heat Treatment Co Ltd,Taiwan,Industrials,69247124
Kappa Create Co Ltd,Japan,Consumer Discretionary,2085
Kardex Holding AG,Switzerland,Industrials,46332980
Karnataka Bank Ltd/The,India,Financials,4175875
Karur Vysya Bank Ltd/The,India,Financials,12423545
Kasikornbank PCL,Thailand,Financials,152977988
Kasumigaseki Capital Co Ltd,Japan,Real Estate,1544394
Katakura Industries Co Ltd,Japan,Industrials,2284911
Katitas Co Ltd,Japan,Consumer Discretionary,8889289
Kato Sangyo Co Ltd,Japan,Consumer Staples,6751012
Kaveri Seed Co Ltd,India,Consumer Staples,757001
Kawai Musical Instruments Manufacturing Co Ltd,Japan,Consumer Discretionary,710330
Kawasaki Heavy Industries Ltd,Japan,Industrials,238853332
Kawasaki Kisen Kaisha Ltd,Japan,Industrials,76453197
Kaynes Technology India Ltd,India,Technology,32270949
KeePer Technical Laboratory Co Ltd,Japan,Industrials,2039877
Keepers Holdings Inc/The,Philippines,Consumer Staples,1571753
Kehua Data Co Ltd,China,Industrials,4170791
Keihan Holdings Co Ltd,Japan,Industrials,37241715
Keihanshin Building Co Ltd,Japan,Real Estate,3079287
Keikyu Corp,Japan,Industrials,35697395
Keio Corp,Japan,Consumer Discretionary,26302803
Keisei Electric Railway Co Ltd,Japan,Industrials,92131943
Keiyo Bank Ltd/The,Japan,Financials,4147563
Kelington Group Bhd,Malaysia,Industrials,11511265
Kellanova,United States,Consumer Staples,286232765
Keller Group PLC,United Kingdom,Industrials,18387479
Kelsian Group Ltd,Australia,Consumer Discretionary,5120305
Kemira Oyj,Finland,Basic Materials,74610282
Kemper Corp,United States,Financials,11343421
Kenda Rubber Industrial Co Ltd,Taiwan,Consumer Discretionary,4240466
Kenko Mayonnaise Co Ltd,Japan,Consumer Staples,188891
Kennametal Inc,United States,Industrials,584516
Kennedy-Wilson Holdings Inc,United States,Real Estate,548930
Kenon Holdings Ltd/Singapore,Israel,Utilities,565541
Kenvue Inc,United States,Consumer Staples,529061549
Kepler Weber SA,Brazil,Industrials,211540
Keppel DC REIT,Singapore,Real Estate,56252482
Keppel Infrastructure Trust,Singapore,Basic Materials,22699517
Keppel Ltd,Singapore,Utilities,143381251
Keppel REIT,Singapore,Real Estate,28998701
Kering SA,France,Consumer Discretionary,323277931
Kerjaya Prospek Group Bhd,Malaysia,Industrials,2974186
Kernel Holding SA,Ukraine,Consumer Staples,1575925
Kerry Group PLC,Ireland,Consumer Staples,41490462
Kerry Properties Ltd,Hong Kong,Real Estate,6671
Keshun Waterproof Technologies Co Ltd,China,Industrials,233720
Kesko Oyj,Finland,Consumer Staples,108596979
Kesm Industries Bhd,Malaysia,Technology,455410
Keurig Dr Pepper Inc,United States,Consumer Staples,555720648
Kewpie Corp,Japan,Consumer Staples,43801691
Key Coffee Inc,Japan,Consumer Staples,62386
KeyCorp,United States,Financials,192498038
Keyence Corp,Japan,Industrials,1505833292
Keyera Corp,Canada,Energy,103740009
Keyfield International Bhd,Malaysia,Industrials,3390471
Keymed Biosciences Inc,China,Health Care,39428905
Keysight Technologies Inc,United States,Industrials,310809648
Kfin Technologies Ltd,India,Financials,22092473
Khang Dien House Trading and Investment JSC,Vietnam,Real Estate,29046491
Ki-Star Real Estate Co Ltd,Japan,Real Estate,6314168
Kia Corp,South Korea,Consumer Discretionary,311594273
Kiatnakin Phatra Bank PCL,Thailand,Financials,1240832
Kier Group PLC,United Kingdom,Industrials,12315335
Kikkoman Corp,Japan,Consumer Staples,46040982
Kilroy Realty Corp,United States,Real Estate,310745979
Kim Teck Cheong Consolidated Bhd,Malaysia,Consumer Staples,327752
Kimberly-Clark Corp,United States,Consumer Staples,543347006
Kimco Realty Corp,United States,Real Estate,172950563
Kinaxis Inc,Canada,Technology,53058459
Kinden Corp,Japan,Industrials,64906573
Kinder Morgan Inc,United States,Energy,1150830513
Kindom Development Co Ltd,Taiwan,Real Estate,10137108
Kinepolis Group NV,Belgium,Consumer Discretionary,25358304
Kinergy Advancement Bhd,Malaysia,Industrials,4467403
Kinetik Holdings Inc,United States,Energy,724094
King Slide Works Co Ltd,Taiwan,Basic Materials,63497127
King Yuan Electronics Co Ltd,Taiwan,Technology,52183824
King's Town Bank Co Ltd,Taiwan,Financials,24456155
Kingboard Holdings Ltd,China,Basic Materials,68211249
Kingboard Laminates Holdings Ltd,China,Technology,57444518
Kingdee International Software Group Co Ltd,China,Technology,47007621
Kingfisher PLC,United Kingdom,Consumer Discretionary,253272987
Kingsoft Cloud Holdings Ltd,China,Technology,83323964
Kingsoft Corp Ltd,China,Technology,197818972
Kingspan Group PLC,Ireland,Industrials,445102346
Kinh Bac City Development Holding Corp,Vietnam,Real Estate,7861940
Kinik Co,Taiwan,Industrials,65329358
Kinjiro Co Ltd,Japan,Technology,2280951
Kinnevik AB,Sweden,Financials,44841633
Kino Polska TV SA,Poland,Consumer Discretionary,2633974
Kinpo Electronics,Taiwan,Technology,12607840
Kinross Gold Corp,Canada,Basic Materials,476327310
Kinsale Capital Group Inc,United States,Financials,125811581
Kinsus Interconnect Technology Corp,Taiwan,Technology,13342290
Kintetsu Department Store Co Ltd,Japan,Consumer Discretionary,981060
Kintetsu Group Holdings Co Ltd,Japan,Industrials,56965003
Kioxia Holdings Corp,Japan,Technology,22057313
Kirby Corp,United States,Industrials,78256075
Kirin Holdings Co Ltd,Japan,Consumer Staples,72295679
Kirloskar Brothers Ltd,India,Industrials,8024726
Kirloskar Oil Engines Ltd,India,Industrials,8860695
Kirloskar Pneumatic Co Ltd,India,Industrials,7279510
Kissei Pharmaceutical Co Ltd,Japan,Health Care,7067430
Kitazato Corp,Japan,Health Care,8092625
Kite Realty Group Trust,United States,Real Estate,65503823
Kitz Corp,Japan,Industrials,5807282
Kiwi Property Group Ltd,New Zealand,Real Estate,7505741
Kiyo Bank Ltd/The,Japan,Financials,28305264
Klabin SA,Brazil,Basic Materials,34716498
Klaviyo Inc,United States,Technology,52558039
Klepierre SA,France,Real Estate,559214742
Klinique Medical Clinic PCL/The,Thailand,Health Care,1193129
Knife River Corp,United States,Industrials,53259650
Knight-Swift Transportation Holdings Inc,United States,Industrials,59407480
Knorr-Bremse AG,Germany,Industrials,437410851
Knowles Corp,United States,Consumer Discretionary,1255460
KoMiCo Ltd,South Korea,Technology,18983529
Koa Corp,Japan,Industrials,7587
Koatsu Gas Kogyo Co Ltd,Japan,Basic Materials,278074
Kobayashi Pharmaceutical Co Ltd,Japan,Consumer Staples,26855157
Kobe Bussan Co Ltd,Japan,Consumer Staples,39562584
Kobe Steel Ltd,Japan,Basic Materials,62297511
Kocaer Celik Sanayi Ve Ticaret AS,Türkiye,Basic Materials,8168541
Koei Tecmo Holdings Co Ltd,Japan,Consumer Discretionary,28774075
Koenig & Bauer AG,Germany,Industrials,1733351
Kogan.com Ltd,Australia,Consumer Discretionary,428012
Koh Young Technology Inc,South Korea,Technology,723154
Kohl's Corp,United States,Consumer Discretionary,3572293
Kohnan Shoji Co Ltd,Japan,Consumer Discretionary,9547001
Koito Manufacturing Co Ltd,Japan,Consumer Discretionary,30371614
Kojamo Oyj,Finland,Real Estate,176200056
Kojima Co Ltd,Japan,Consumer Discretionary,197504
Kokusai Electric Corp,Japan,Technology,38837984
Kokuyo Co Ltd,Japan,Industrials,26415013
Kolmar Korea Co Ltd,South Korea,Consumer Discretionary,20464484
Kolon Industries Inc,South Korea,Basic Materials,404695
Komatsu Ltd,Japan,Industrials,642621542
Komatsu Matere Co Ltd,Japan,Basic Materials,343255
Komax Holding AG,Switzerland,Industrials,888347
Komercni Banka AS,Czech Republic,Financials,3615144
Komeri Co Ltd,Japan,Consumer Discretionary,23658412
Konami Group Corp,Japan,Consumer Discretionary,224250223
Kone Oyj,Finland,Industrials,340498415
Konecranes Oyj,Finland,Industrials,140813126
Konica Minolta Inc,Japan,Technology,38764381
Koninklijke Ahold Delhaize NV,Netherlands,Consumer Staples,941527242
Koninklijke BAM Groep NV,Netherlands,Industrials,2964266
Koninklijke KPN NV,Netherlands,Telecommunications,423781336
Koninklijke Philips NV,Netherlands,Health Care,337438193
Koninklijke Vopak NV,Netherlands,Industrials,53672580
Konishi Co Ltd,Japan,Basic Materials,4538319
Konoike Transport Co Ltd,Japan,Industrials,5181279
Kontoor Brands Inc,United States,Consumer Discretionary,38709283
Kontron AG,Germany,Technology,7948667
Korea Aerospace Industries Ltd,South Korea,Industrials,83778403
Korea Asset In Trust Co Ltd,South Korea,Real Estate,62149
Korea District Heating Corp,South Korea,Utilities,2913318
Korea Electric Terminal Co Ltd,South Korea,Technology,6174872
Korea Investment Holdings Co Ltd,South Korea,Financials,69466114
Korea Petrochemical Ind Co Ltd,South Korea,Basic Materials,3481
Korea United Pharm Inc,South Korea,Health Care,79176
Korea Zinc Co Ltd,South Korea,Basic Materials,41228566
Korean Air Lines Co Ltd,South Korea,Consumer Discretionary,48207429
Korean Reinsurance Co,South Korea,Financials,42997151
Korn Ferry,United States,Industrials,46023521
Kosaido Holdings Co Ltd,Japan,Consumer Discretionary,6404231
Kose Corp,Japan,Consumer Discretionary,7745895
Koshidaka Holdings Co Ltd,Japan,Consumer Discretionary,5773879
Kossan Rubber Industries Bhd,Malaysia,Health Care,20670508
Kotak Mahindra Bank Ltd,India,Financials,610068764
Kotobuki Spirits Co Ltd,Japan,Consumer Staples,21783974
Kraft Heinz Co/The,United States,Consumer Staples,271405794
Krafton Inc,South Korea,Consumer Discretionary,101862763
Kratos Defense & Security Solutions Inc,United States,Industrials,5738247
Krishna Institute of Medical Sciences Ltd,India,Health Care,21727707
Krka dd Novo mesto,Slovenia,Health Care,10750989
Kroger Co/The,United States,Consumer Staples,504782588
Krones AG,Germany,Industrials,85969346
Krosaki Harima Corp,Japan,Industrials,2678709
Krung Thai Bank PCL,Thailand,Financials,5666819
Krungthai Card PCL,Thailand,Financials,3218348
Krystal Biotech Inc,United States,Health Care,38860767
Kuaishou Technology,China,Technology,348619751
Kubota Corp,Japan,Industrials,92740589
Kuehne + Nagel International AG,Switzerland,Industrials,164158426
Kuk-il Paper Manufacturing Co Ltd,South Korea,Basic Materials,4799
Kulicke & Soffa Industries Inc,United States,Technology,303650
Kum Yang Co Ltd,South Korea,Basic Materials,4137
Kumagai Gumi Co Ltd,Japan,Industrials,14138807
Kumba Iron Ore Ltd,South Africa,Basic Materials,45422027
Kumho Petrochemical Co Ltd,South Korea,Basic Materials,40106916
Kumiai Chemical Industry Co Ltd,Japan,Basic Materials,4872620
Kung Long Batteries Industrial Co Ltd,Taiwan,Industrials,864354
Kunlun Energy Co Ltd,China,Energy,38965186
Kuo Toong International Co Ltd,Taiwan,Industrials,385545
Kuo Yang Construction Co Ltd,Taiwan,Real Estate,1044776
Kura Sushi Inc,Japan,Consumer Discretionary,1646911
Kurabo Industries Ltd,Japan,Basic Materials,4918062
Kuraray Co Ltd,Japan,Basic Materials,18307518
Kureha Corp,Japan,Basic Materials,6986953
Kurimoto Ltd,Japan,Basic Materials,384686
Kurita Water Industries Ltd,Japan,Industrials,77404120
Kusuri no Aoki Holdings Co Ltd,Japan,Consumer Staples,19309444
Kuwait Finance House KSCP,Kuwait,Financials,111121272
Kwang Dong Pharmaceutical Co Ltd,South Korea,Health Care,91313
Kweichow Moutai Co Ltd,China,Consumer Staples,210292910
Kymera Therapeutics Inc,United States,Health Care,1805387
Kyndryl Holdings Inc,United States,Technology,19907377
Kyocera Corp,Japan,Technology,245869038
Kyodo Printing Co Ltd,Japan,Industrials,289799
Kyoei Steel Ltd,Japan,Basic Materials,12286608
Kyokuto Kaihatsu Kogyo Co Ltd,Japan,Industrials,3762284
Kyokuto Securities Co Ltd,Japan,Financials,337789
Kyokuyo Co Ltd,Japan,Consumer Staples,553519
Kyorin Pharmaceutical Co Ltd,Japan,Health Care,2751564
Kyoritsu Maintenance Co Ltd,Japan,Consumer Discretionary,25924265
Kyosan Electric Manufacturing Co Ltd,Japan,Industrials,1394133
Kyoto Financial Group Inc,Japan,Financials,74911371
Kyowa Kirin Co Ltd,Japan,Health Care,67973003
Kyudenko Corp,Japan,Industrials,57074731
Kyung Dong Navien Co Ltd,South Korea,Industrials,23231368
Kyushu Electric Power Co Inc,Japan,Utilities,64493992
Kyushu Financial Group Inc,Japan,Financials,29335275
Kyushu Railway Co,Japan,Consumer Discretionary,47104743
L E Lundbergforetagen AB,Sweden,Financials,73770633
L&C Bio Co Ltd,South Korea,Health Care,12644249
L&F Co Ltd,South Korea,Basic Materials,6896780
L&K Engineering Co Ltd,Taiwan,Industrials,49319136
L&P Global Bhd,Malaysia,Industrials,453153
L&T Finance Ltd,India,Financials,23959623
L&T Technology Services Ltd,India,Industrials,15685920
L'Oreal SA,France,Consumer Discretionary,1936704303
LAMDA Development SA,Greece,Real Estate,14970008
LANXESS AG,Germany,Basic Materials,81940332
LB Group Co Ltd,China,Basic Materials,1142574
LCI Industries,United States,Consumer Discretionary,-3419625
LEC Inc,Japan,Consumer Staples,283480
LEENO Industrial Inc,South Korea,Technology,61311981
LEG Immobilien SE,Germany,Real Estate,172022350
LG Chem Ltd,South Korea,Industrials,159193505
LG Corp,South Korea,Industrials,84446824
LG Display Co Ltd,South Korea,Technology,231920
LG Electronics Inc,South Korea,Consumer Discretionary,100535269
LG Energy Solution Ltd,South Korea,Industrials,65139
LG H&H Co Ltd,South Korea,Consumer Staples,25811310
LG Innotek Co Ltd,South Korea,Technology,15956911
LG Uplus Corp,South Korea,Telecommunications,79769632
LGMS Bhd,Malaysia,Technology,2778767
LHV Group AS,Estonia,Financials,11583707
LIC Housing Finance Ltd,India,Financials,90906883
LIFENET INSURANCE CO,Japan,Financials,8445282
LIFULL Co Ltd,Japan,Real Estate,97166
LIG Nex1 Co Ltd,South Korea,Industrials,68120622
LISI SA,France,Industrials,3738301
LITALICO Inc,Japan,Industrials,1805829
LKQ Corp,United States,Consumer Discretionary,108578273
LMW Ltd,India,Industrials,11423333
LONGi Green Energy Technology Co Ltd,China,Energy,2698536
LOTTE Fine Chemical Co Ltd,South Korea,Basic Materials,3580054
LOTTE Reit Co Ltd,South Korea,Real Estate,697174
LPI Capital Bhd,Malaysia,Financials,8506833
LPKF Laser & Electronics SE,Germany,Technology,3799893
LPL Financial Holdings Inc,United States,Financials,396040689
LPN Development PCL,Thailand,Real Estate,0
LPP SA,Poland,Consumer Discretionary,184065622
LS Corp,South Korea,Industrials,67970585
LS Electric Co Ltd,South Korea,Technology,12424148
LS Marine Solution Co Ltd,South Korea,Telecommunications,5480240
LS Materials Ltd,South Korea,Industrials,6284
LSR Group PJSC,Russia,Real Estate,273702
LT Foods Ltd,India,Consumer Staples,12001616
LTC Properties Inc,United States,Real Estate,1377824
LTIMindtree Ltd,India,Technology,90258242
LU-VE SpA,Italy,Industrials,20448989
LUKOIL PJSC,Russia,Energy,34311961
LVMH Moet Hennessy Louis Vuitton SE,France,Consumer Discretionary,2667391446
LX Hausys Ltd,South Korea,Industrials,85500
LX Holdings Corp,South Korea,Industrials,90625
LX INTERNATIONAL CORP,South Korea,Industrials,374927
LX Semicon Co Ltd,South Korea,Technology,15740048
LXP Industrial Trust,United States,Real Estate,58162782
LY Corp,Japan,Technology,110651131
La Comer SAB de CV,Mexico,Consumer Staples,12579388
La-Z-Boy Inc,United States,Consumer Discretionary,404187
LaSalle Logiport REIT,Japan,Real Estate,32905582
Labcorp Holdings Inc,United States,Health Care,258527986
Label Vie,Morocco,Consumer Staples,1927545
Laboratorios Farmaceuticos Rovi SA,Spain,Health Care,28688464
Ladder Capital Corp,United States,Financials,1132921
Lagardere SA,France,Consumer Discretionary,6770335
Lagercrantz Group AB,Sweden,Technology,94614985
Lai Yih Footwear Co Ltd,Taiwan,Consumer Discretionary,21403533
Lake Materials Co Ltd,South Korea,Basic Materials,3986764
Lam Research Corp,United States,Technology,1925209599
Lamar Advertising Co,United States,Real Estate,116240186
Lamb Weston Holdings Inc,United States,Consumer Staples,177104304
Lancashire Holdings Ltd,United Kingdom,Financials,32910856
Land & Houses PCL,Thailand,Real Estate,2784159
Land Securities Group PLC,United Kingdom,Real Estate,135164142
LandMark Optoelectronics Corp,Taiwan,Technology,50423250
Landis+Gyr Group AG,Switzerland,Industrials,72164120
Landstar System Inc,United States,Industrials,40190265
Lantheus Holdings Inc,United States,Health Care,32630542
Lao Feng Xiang Co Ltd,China,Consumer Discretionary,13683718
Laobaixing Pharmacy Chain JSC,China,Consumer Staples,6452542
Laopu Gold Co Ltd,China,Consumer Discretionary,12841
Largan Precision Co Ltd,Taiwan,Technology,110684909
Lark Distilling Co Ltd,Australia,Consumer Staples,1598576
Las Vegas Sands Corp,United States,Consumer Discretionary,131695589
Lasertec Corp,Japan,Technology,33384339
Last One Mile Co Ltd,Japan,Technology,554931
Latam Airlines Group SA,Chile,Consumer Discretionary,58587962
Lattice Semiconductor Corp,United States,Technology,60384927
Laurus Labs Ltd,India,Health Care,34101233
Lazard Inc,United States,Financials,66546773
Lealea Enterprise Co Ltd,Taiwan,Basic Materials,430680
Lear Corp,United States,Consumer Discretionary,48397439
Lee & Man Paper Manufacturing Ltd,China,Basic Materials,174
Lee Swee Kiat Group Bhd,Malaysia,Consumer Discretionary,826591
Legal & General Group PLC,United Kingdom,Financials,337540688
Legalzoom.com Inc,United States,Industrials,1007338
Legend Biotech Corp,United States,Health Care,8329503
Legend Holdings Corp,China,Technology,6950276
Leggett & Platt Inc,United States,Consumer Discretionary,10705784
Legrand SA,France,Industrials,838745778
Leidos Holdings Inc,United States,Technology,257226891
Lemon Tree Hotels Ltd,India,Consumer Discretionary,9427878
Lemonade Inc,United States,Financials,3750092
Lendlease Corp Ltd,Australia,Industrials,32415802
Lendlease Global Commercial REIT,Singapore,Real Estate,12388239
Lennar Corp,United States,Consumer Discretionary,356698462
Lennox International Inc,United States,Industrials,264651150
Lenovo Group Ltd,Hong Kong,Technology,188053200
Lens Technology Co Ltd,China,Technology,982808
Lenta International Co PJSC,Russia,Consumer Staples,2008190
Lenzing AG,Austria,Basic Materials,2201341
Leo Lithium Ltd,Australia,Basic Materials,28400
Leonardo DRS Inc,United States,Industrials,44336296
Leonardo SpA,Italy,Industrials,351375524
Leonteq AG,Switzerland,Financials,469862
Leopalace21 Corp,Japan,Real Estate,4600246
Lepidico Ltd,Australia,Basic Materials,126155
Lepu Medical Technology Beijing Co Ltd,China,Health Care,4852236
Li Auto Inc,China,Consumer Discretionary,341238812
Li Cheng Enterprise Co Ltd,Taiwan,Basic Materials,29507
Li Peng Enterprise Co Ltd,Taiwan,Basic Materials,421214
Li-S Energy Ltd,Australia,Industrials,3479
Lianson Fleet Group Bhd,Malaysia,Energy,2913616
Liberty Broadband Corp,United States,Telecommunications,158123056
Liberty Energy Inc,United States,Energy,2508931
Liberty Financial Group Ltd,Australia,Financials,5852583
Liberty Global Ltd,United States,Telecommunications,41218610
Liberty Latin America Ltd,United States,Telecommunications,827251
Liberty Media Corp-Liberty Formula One,United States,Consumer Discretionary,327937776
Liberty Media Corp-Liberty Live,United States,Consumer Discretionary,68738251
Libstar Holdings Ltd,South Africa,Consumer Staples,2237905
Liechtensteinische Landesbank AG,Liechtenstein,Financials,1044241
Lien Hwa Industrial Holdings Corp,Taiwan,Consumer Staples,1011956
Lifco AB,Sweden,Industrials,252106559
Life Corp,Japan,Consumer Staples,4200510
Life Healthcare Group Holdings Ltd,South Africa,Health Care,11010465
Life Time Group Holdings Inc,United States,Consumer Discretionary,50919248
Life360 Inc,United States,Technology,77483457
Lifedrink Co Inc,Japan,Consumer Staples,12654186
Lifestyle Communities Ltd,Australia,Real Estate,19267620
Lifetech Scientific Corp,China,Health Care,5701585
LigaChem Biosciences Inc,South Korea,Health Care,27820217
Ligand Pharmaceuticals Inc,United States,Health Care,1599819
Light & Wonder Inc,United States,Consumer Discretionary,150571761
Lightspeed Commerce Inc,Canada,Technology,741275
Lim Seong Hai Capital Bhd,Malaysia,Industrials,4588529
Linamar Corp,Canada,Consumer Discretionary,2799104
Lincoln Electric Holdings Inc,United States,Industrials,354063169
Lincoln National Corp,United States,Financials,87362474
Lindab International AB,Sweden,Industrials,41969297
Linde India Ltd,India,Basic Materials,16470034
Linde PLC,United States,Basic Materials,3088531710
Lindsay Corp,United States,Industrials,969360
Linea Directa Aseguradora SA Cia de Seguros y Reaseguros,Spain,Financials,1598255
Lineage Inc,United States,Real Estate,606642296
Link And Motivation Inc,Japan,Industrials,1231092
Link Bilgisayar Sistemleri Yazilimi Ve Donanimi Sanayi Ve Ticaret AS,Türkiye,Technology,6639275
Link REIT,Hong Kong,Real Estate,249503692
Linklogis Inc,China,Technology,4575
Lintec Corp,Japan,Basic Materials,7998199
Lion Corp,Japan,Consumer Staples,17335246
Lion Finance Group PLC,United Kingdom,Financials,92739156
Lionsgate Studios Corp,United States,Consumer Discretionary,1589506
Liontown Resources Ltd,Australia,Basic Materials,8688050
Liontrust Asset Management PLC,United Kingdom,Financials,702237
Liquidity Services Inc,United States,Consumer Discretionary,268077
Lite-On Technology Corp,Taiwan,Technology,97487803
Lithia Motors Inc,United States,Consumer Discretionary,148539792
Lithium Americas Corp,Canada,Basic Materials,6536
Lithium Argentina AG,Canada,Basic Materials,11159
Littelfuse Inc,United States,Industrials,114720619
Litu Holdings Ltd,China,Industrials,64420
LivaNova PLC,United States,Health Care,1181865
Live Nation Entertainment Inc,United States,Consumer Discretionary,192927989
Live Oak Bancshares Inc,United States,Financials,62759
LiveRamp Holdings Inc,United States,Technology,1479928
Livzon Pharmaceutical Group Inc,China,Health Care,9974650
Lixil Corp,Japan,Industrials,56681258
Lloyds Banking Group PLC,United Kingdom,Financials,2190309368
Lloyds Metals & Energy Ltd,India,Basic Materials,22993602
Loar Holdings Inc,United States,Industrials,72022868
Loblaw Cos Ltd,Canada,Consumer Staples,361132620
Localiza Rent a Car SA,Brazil,Consumer Discretionary,333310272
Loews Corp,United States,Financials,662328011
Log-in Logistica Intermodal SA,Brazil,Industrials,10016702
Logan Group Co Ltd,China,Real Estate,110
Logista Integral SA,Spain,Industrials,43515754
Logitech International SA,Switzerland,Technology,39334451
Logo Yazilim Sanayi Ve Ticaret AS,Türkiye,Technology,5715190
Lojas Quero-Quero SA,Brazil,Consumer Discretionary,2789687
Lojas Renner SA,Brazil,Consumer Discretionary,124722427
London Stock Exchange Group PLC,United Kingdom,Financials,1656861270
LondonMetric Property PLC,United Kingdom,Real Estate,463292980
Longfor Group Holdings Ltd,China,Real Estate,12123991
Longshine Technology Group Co Ltd,China,Technology,1286026
Lonking Holdings Ltd,China,Industrials,869804
Lonza Group AG,Switzerland,Health Care,1290517493
Loomis AB,Sweden,Industrials,61209515
Lotes Co Ltd,Taiwan,Technology,72368540
Lotte Chemical Corp,South Korea,Industrials,2143744
Lotte Chilsung Beverage Co Ltd,South Korea,Consumer Staples,27385367
Lotte Corp,South Korea,Consumer Discretionary,719719
Lotte Energy Materials Corp,South Korea,Technology,333303
Lotte Rental Co Ltd,South Korea,Consumer Discretionary,14771843
Lotte Shopping Co Ltd,South Korea,Consumer Discretionary,756405
Lotte Tour Development Co Ltd,South Korea,Consumer Discretionary,389489
Lotte Wellfood Co Ltd,South Korea,Consumer Staples,17152650
Lottery Corp Ltd/The,Australia,Consumer Discretionary,120501183
Lottomatica Group Spa,Italy,Consumer Discretionary,286187934
Lotus Bakeries NV,Belgium,Consumer Staples,85795311
Lotus Pharmaceutical Co Ltd,Taiwan,Health Care,29336694
Lotus Resources Ltd,Australia,Basic Materials,6705541
Louis Hachette Group,France,Consumer Discretionary,13764524
Louisiana-Pacific Corp,United States,Industrials,72298930
Lovisa Holdings Ltd,Australia,Consumer Discretionary,3409078
Lowe's Cos Inc,United States,Consumer Discretionary,1747445458
Lucid Group Inc,United States,Consumer Discretionary,16468660
Lufax Holding Ltd,China,Financials,46316265
Luk Fook Holdings International Ltd,Hong Kong,Consumer Discretionary,14928949
Luka Koper,Slovenia,Industrials,16509727
Lulu Retail Holdings PLC,United Arab Emirates,Consumer Staples,11663967
Lululemon Athletica Inc,United States,Consumer Discretionary,210214823
Lumen Technologies Inc,United States,Telecommunications,47922732
Lumentum Holdings Inc,United States,Telecommunications,83856419
Lumosa Therapeutics Co Ltd,Taiwan,Health Care,4382568
Lundin Gold Inc,Canada,Basic Materials,67984045
Lundin Mining Corp,Canada,Basic Materials,32752406
Lung Kee Group Holdings Ltd,China,Industrials,2216718
Lung Yen Life Service Corp,Taiwan,Consumer Discretionary,266575
Lunit Inc,South Korea,Health Care,812145
Lupin Ltd,India,Health Care,81766265
LuxNet Corp,Taiwan,Telecommunications,11165274
Luxshare Precision Industry Co Ltd,China,Consumer Discretionary,160971576
Luye Pharma Group Ltd,China,Health Care,1910397
Luzhou Laojiao Co Ltd,China,Consumer Staples,3262679
Lyft Inc,United States,Consumer Discretionary,44208628
Lynas Rare Earths Ltd,Australia,Basic Materials,70237637
LyondellBasell Industries NV,United States,Basic Materials,276899040
M&A Capital Partners Co Ltd,Japan,Financials,1877538
M&A Research Institute Holdings Inc,Japan,Financials,265693
M&G PLC,United Kingdom,Financials,461834787
M&T Bank Corp,United States,Financials,427533009
M.Video PJSC,Russia,Consumer Discretionary,220584
M3 Inc,Japan,Health Care,28932986
M31 Technology Corp,Taiwan,Industrials,19819702
MA Financial Group Ltd,Australia,Financials,8867961
MAC Copper Ltd,Australia,Basic Materials,5445302
MACOM Technology Solutions Holdings Inc,United States,Technology,116802270
MARA Holdings Inc,United States,Financials,59255410
MARR SpA,Italy,Consumer Staples,169668
MARUKA FURUSATO Corp,Japan,Industrials,526816
MAS P.L.C.,South Africa,Real Estate,1864508
MBK PCL,Thailand,Real Estate,33012424
MBM Resources BHD,Malaysia,Consumer Discretionary,5019637
MCJ Co Ltd,Japan,Technology,7725869
MCS Steel PCL,Thailand,Basic Materials,2923394
MD Entertainment Tbk PT,Indonesia,Consumer Discretionary,958423
MDU Resources Group Inc,United States,Utilities,40087483
ME GROUP INTERNATIONAL PLC,United Kingdom,Consumer Discretionary,32235771
MEB Corp PCL,Thailand,Consumer Discretionary,3937008
MEIJI Holdings Co Ltd,Japan,Consumer Staples,68611081
MEITEC Group Holdings Inc,Japan,Industrials,11398376
MEKO AB,Sweden,Consumer Discretionary,840216
METAWATER Co Ltd,Japan,Utilities,2363185
METRO AG,Germany,Consumer Staples,5024078
MFA Financial Inc,United States,Financials,716472
MFE-MediaForEurope NV,Italy,Consumer Discretionary,12637772
MFEC PCL,Thailand,Technology,2011199
MFO SA,Poland,Basic Materials,1665160
MGB Bhd,Malaysia,Industrials,916549
MGIC Investment Corp,United States,Financials,95856878
MGM China Holdings Ltd,Hong Kong,Consumer Discretionary,58102747
MGM Resorts International,United States,Consumer Discretionary,59044535
MGP Ingredients Inc,United States,Consumer Staples,342108
MIMAKI ENGINEERING CO LTD,Japan,Industrials,221403
MINEBEA MITSUMI Inc,Japan,Technology,64993714
MINISO Group Holding Ltd,China,Consumer Discretionary,283182379
MIRAIT ONE corp,Japan,Industrials,26235833
MISC Bhd,Malaysia,Industrials,15242732
MISUMI Group Inc,Japan,Industrials,62718175
MIXI Inc,Japan,Consumer Discretionary,6975828
MJL Bangladesh PLC,Bangladesh,Energy,5478033
MKS Inc,United States,Industrials,85390580
MLP Group SA,Poland,Real Estate,18326924
MLP Saglik Hizmetleri AS,Türkiye,Health Care,42879968
MN Holdings Bhd,Malaysia,Industrials,4914100
MNC Solution Co Ltd,South Korea,Industrials,2427673
MNRB Holdings Bhd,Malaysia,Financials,2961739
MNTN Inc,United States,Consumer Discretionary,109350
MOG Digitech Holdings Ltd,China,Technology,168
MOL Hungarian Oil & Gas PLC,Hungary,Energy,28612062
MONY Group PLC,United Kingdom,Technology,27161492
MOS Food Services Inc,Japan,Consumer Discretionary,4458832
MP Evans Group PLC,United Kingdom,Consumer Staples,17911540
MPI Corp,Taiwan,Technology,98051998
MR DIY Group M Bhd,Malaysia,Consumer Discretionary,33371634
MRC Global Inc,United States,Energy,1069380
MRF Ltd,India,Consumer Discretionary,40626382
MRV Engenharia e Participacoes SA,Brazil,Consumer Discretionary,27357487
MS&AD Insurance Group Holdings Inc,Japan,Financials,374393740
MSA Safety Inc,United States,Industrials,52167167
MSC Industrial Direct Co Inc,United States,Industrials,39950473
MSCI Inc,United States,Financials,538261637
MSM Malaysia Holdings Bhd,Malaysia,Consumer Staples,1686482
MTAR Technologies Ltd,India,Industrials,3794113
MTI Ltd,Japan,Technology,297055
MTN Group Ltd,South Africa,Telecommunications,297486805
MTR Corp Ltd,Hong Kong,Industrials,72066415
MTU Aero Engines AG,Germany,Industrials,510338115
MYR Group Inc,United States,Industrials,11141393
Maas Group Holdings Ltd,Australia,Industrials,6584959
Mabanee Co KPSC,Kuwait,Real Estate,36788725
Mabuchi Motor Co Ltd,Japan,Industrials,16624337
Macerich Co/The,United States,Real Estate,51474631
Machvision Inc,Taiwan,Technology,1710991
Macnica Holdings Inc,Japan,Technology,30561225
Macquarie Group Ltd,Australia,Financials,347527897
Macquarie Technology Group Ltd,Australia,Technology,20770532
Macronix International Co Ltd,Taiwan,Technology,5483968
Macrotech Developers Ltd,India,Real Estate,52970602
Macy's Inc,United States,Consumer Discretionary,58742637
Madara Cosmetics AS,Latvia,Consumer Discretionary,225265
Made.com Group PLC,United Kingdom,Consumer Discretionary,1286
Madison Square Garden Entertainment Corp,United States,Consumer Discretionary,6335365
Madison Square Garden Sports Corp,United States,Consumer Discretionary,39215109
Madrigal Pharmaceuticals Inc,United States,Health Care,53405973
Maeda Kosen Co Ltd,Japan,Industrials,28202670
Maeil Dairies Co Ltd,South Korea,Consumer Staples,5761516
Maezawa Kyuso Industries Co Ltd,Japan,Industrials,346862
Magazine Luiza SA,Brazil,Consumer Discretionary,53714930
Magellan Financial Group Ltd,Australia,Financials,11497036
Magna International Inc,Canada,Consumer Discretionary,145418671
Magnera Corp,United States,Basic Materials,488431
Magnite Inc,United States,Technology,2622230
Magnitogorsk Iron & Steel Works PJSC,Russia,Basic Materials,2596357
Magyar Telekom Telecommunications PLC,Hungary,Telecommunications,23672441
Mah Sing Group Bhd,Malaysia,Real Estate,16385061
Mahanagar Gas Ltd,India,Utilities,12402879
Maharashtra Seamless Ltd,India,Basic Materials,3671768
Mahindra & Mahindra Financial Services Ltd,India,Financials,35698938
Mahindra & Mahindra Ltd,India,Consumer Discretionary,564262494
Mahindra Holidays & Resorts India Ltd,India,Consumer Discretionary,20670038
Mahindra Lifespace Developers Ltd,India,Real Estate,6012569
Mainfreight Ltd,New Zealand,Industrials,61679846
Major Cineplex Group PCL,Thailand,Consumer Discretionary,4540562
Makalot Industrial Co Ltd,Taiwan,Consumer Discretionary,43586959
MakeMyTrip Ltd,United States,Consumer Discretionary,104634782
Makino Milling Machine Co Ltd,Japan,Industrials,12526293
Makita Corp,Japan,Industrials,136617031
Malayan Banking Bhd,Malaysia,Financials,127272349
Malayan Cement Bhd,Malaysia,Industrials,5241521
Malayan Flour Mills Bhd,Malaysia,Consumer Staples,290660
Malaysia Smelting Corp Bhd,Malaysia,Basic Materials,3493946
Malaysian Pacific Industries Bhd,Malaysia,Technology,35668666
Malaysian Resources Corp Bhd,Malaysia,Industrials,17530484
Malee Group PCL,Thailand,Consumer Staples,1674311
Man Group PLC/Jersey,United Kingdom,Financials,63051761
Man Wah Holdings Ltd,Hong Kong,Consumer Discretionary,34887391
Management Solutions Co Ltd,Japan,Industrials,695346
Manappuram Finance Ltd,India,Financials,68465316
Mandatum Oyj,Finland,Financials,40916286
Mandom Corp,Japan,Consumer Staples,7247981
Mangalore Refinery & Petrochemicals Ltd,India,Energy,3738934
Mangata Holding SA,Poland,Industrials,1108604
Manhattan Associates Inc,United States,Technology,157542158
Mani Inc,Japan,Health Care,3687601
Manila Water Co Inc,Philippines,Utilities,28664573
Manitou BF SA,France,Industrials,618685
Mankind Pharma Ltd,India,Health Care,181441870
ManpowerGroup Inc,United States,Industrials,1597376
Manulife Financial Corp,Canada,Financials,619039084
Mao Geping Cosmetics Co LTD,China,Consumer Discretionary,9040636
Maoyan Entertainment,China,Technology,7244
Maoye International Holdings Ltd,China,Consumer Discretionary,212710
Map Aktif Adiperkasa PT,Indonesia,Consumer Discretionary,4152574
Mapfre SA,Spain,Financials,5369766
Maple Leaf Foods Inc,Canada,Consumer Staples,1871609
Maplebear Inc,United States,Technology,127044732
Mapletree Industrial Trust,Singapore,Real Estate,58628269
Mapletree Logistics Trust,Singapore,Real Estate,54781287
Mapletree Pan Asia Commercial Trust,Singapore,Real Estate,39378659
Marathon Petroleum Corp,United States,Energy,516387320
Maravai LifeSciences Holdings Inc,United States,Health Care,2
Marcopolo SA,Brazil,Industrials,38481792
Marcus & Millichap Inc,United States,Real Estate,236221
Marex Group PLC,United Kingdom,Financials,27115890
Marfrig Global Foods SA,Brazil,Consumer Staples,4
Marico Bangladesh Ltd,Bangladesh,Consumer Staples,3769729
Marico Ltd,India,Consumer Staples,135520210
Marine & General Bhd,Malaysia,Industrials,413846
Markel Group Inc,United States,Financials,283183703
MarketAxess Holdings Inc,United States,Financials,114593297
Marketech International Corp,Taiwan,Technology,4263693
Marks & Spencer Group PLC,United Kingdom,Consumer Staples,288299014
Marksans Pharma Ltd,India,Health Care,7458418
Marley Spoon Group SE,Australia,Consumer Discretionary,8554
Marqeta Inc,United States,Industrials,4057278
Marriott International Inc/MD,United States,Consumer Discretionary,625865097
Marriott Vacations Worldwide Corp,United States,Consumer Discretionary,27971027
Mars Group Holdings Corp,Japan,Consumer Discretionary,3183008
Marseille-Kliniken AG,Germany,Health Care,0
Marsh & McLennan Cos Inc,United States,Financials,1306098732
Marshalls PLC,United Kingdom,Industrials,1261498
Martin Marietta Materials Inc,United States,Industrials,226602454
Marubeni Corp,Japan,Industrials,521484379
Marudai Food Co Ltd,Japan,Consumer Staples,380873
Maruha Nichiro Corp,Japan,Consumer Staples,6421870
Marui Group Co Ltd,Japan,Financials,46221978
Maruichi Steel Tube Ltd,Japan,Basic Materials,21082747
Marusan Securities Co Ltd,Japan,Financials,268011
Maruti Suzuki India Ltd,India,Consumer Discretionary,253834326
Maruwa Co Ltd/Aichi,Japan,Industrials,57821907
Maruzen Showa Unyu Co Ltd,Japan,Industrials,5676409
Marvell Technology Inc,United States,Technology,720327821
Marvelous Inc,Japan,Consumer Discretionary,70124
MasTec Inc,United States,Industrials,12501893
Masan Consumer Corp,Vietnam,Consumer Staples,4856463
Masan Group Corp,Vietnam,Consumer Staples,14617691
Masco Corp,United States,Industrials,119973412
Masimo Corp,United States,Health Care,6415070
Mastek Ltd,India,Technology,3457563
Master Drilling Group Ltd,South Africa,Basic Materials,3879261
Master Style PcL,Thailand,Health Care,1755339
Mastercard Inc,United States,Industrials,6719438572
Mastersystem Infotama PT,Indonesia,Technology,6020338
Matas A/S,Denmark,Consumer Discretionary,5457063
Match Group Inc,United States,Technology,125092020
Materion Corp,United States,Basic Materials,245571
Matrix Concepts Holdings Bhd,Malaysia,Real Estate,11079609
Matson Inc,United States,Industrials,10198658
Matsuda Sangyo Co Ltd,Japan,Basic Materials,1996413
Matsui Securities Co Ltd,Japan,Financials,5961464
MatsukiyoCocokara & Co,Japan,Consumer Staples,60217619
Matsuya Co Ltd,Japan,Consumer Discretionary,165094
Matsuyafoods Holdings Co Ltd,Japan,Consumer Discretionary,2338122
Mattel Inc,United States,Consumer Discretionary,55650727
Mavi Giyim Sanayi Ve Ticaret AS,Türkiye,Consumer Discretionary,14402238
Max Co Ltd,Japan,Industrials,9400557
Max Financial Services Ltd,India,Financials,56186428
Max Healthcare Institute Ltd,India,Health Care,164849762
Max Stock Ltd,Israel,Consumer Discretionary,7970399
Maxell Ltd,Japan,Industrials,4387783
Maximus Inc,United States,Industrials,47886439
Maxis Bhd,Malaysia,Telecommunications,39266701
Maxscend Microelectronics Co Ltd,China,Technology,74118
Maxvalu Tokai Co Ltd,Japan,Consumer Staples,1391211
Mayne Pharma Group Ltd,Australia,Health Care,786731
Mayora Indah Tbk PT,Indonesia,Consumer Staples,45690797
Mayr Melnhof Karton AG,Austria,Industrials,9620831
Mazagon Dock Shipbuilders Ltd,India,Industrials,28936575
Mazda Motor Corp,Japan,Consumer Discretionary,55022211
McCormick & Co Inc/MD,United States,Consumer Staples,226823643
McDonald's Corp,United States,Consumer Discretionary,2736954189
McDonald's Holdings Co Japan Ltd,Japan,Consumer Discretionary,90073589
McGrath RentCorp,United States,Industrials,2130881
McKesson Corp,United States,Consumer Staples,1327251439
McMillan Shakespeare Ltd,Australia,Financials,7477533
Mcnex Co Ltd,South Korea,Technology,52329
Mebuki Financial Group Inc,Japan,Financials,77063773
MedAdvisor Ltd,Australia,Health Care,991541
Medacta Group SA,Switzerland,Health Care,23028619
Medartis Holding AG,Switzerland,Health Care,1030505
Media Do Co Ltd,Japan,Consumer Discretionary,44443
MediaTek Inc,Taiwan,Technology,871701733
Medibank Pvt Ltd,Australia,Financials,110309541
Medical Properties Trust Inc,United States,Real Estate,45027
Medicalgorithmics SA,Poland,Health Care,982090
Medicover AB,Sweden,Health Care,5332710
Medigen Biotechnology Corp,Taiwan,Health Care,403
Medigen Vaccine Biologics Corp,Taiwan,Health Care,926
Medikaloka Hermina Tbk PT,Indonesia,Health Care,5396600
Medinice SA,Poland,Health Care,286710
Mediobanca Banca di Credito Finanziario SpA,Italy,Financials,321876625
Medios AG,Germany,Health Care,5394909
Medipal Holdings Corp,Japan,Consumer Staples,52182477
Medley Inc,Japan,Industrials,4709073
Medlive Technology Co Ltd,China,Consumer Discretionary,4993070
Medmix AG,Switzerland,Health Care,713084
Medpace Holdings Inc,United States,Health Care,66597326
Medplus Health Services Ltd,India,Consumer Staples,7334634
Medtronic PLC,United States,Health Care,1409365170
Medytox Inc,South Korea,Health Care,15325429
Meeza QSTP LLC,Qatar,Technology,15339027
Mega Financial Holding Co Ltd,Taiwan,Financials,199767061
Mega First Corp BHD,Malaysia,Utilities,5022439
Mega Lifesciences PCL,Thailand,Health Care,18946820
Mega Or Holdings Ltd,Israel,Industrials,626164
MegaStudyEdu Co Ltd,South Korea,Consumer Discretionary,4549508
Megacable Holdings SAB de CV,Mexico,Telecommunications,3
Megachips Corp,Japan,Technology,5295489
Megaport Ltd,Australia,Technology,17179052
Megmilk Snow Brand Co Ltd,Japan,Consumer Staples,6402823
Meidensha Corp,Japan,Industrials,13132490
Meiko Electronics Co Ltd,Japan,Technology,7132126
Meisei Industrial Co Ltd,Japan,Industrials,582575
Meitu Inc,China,Technology,61645567
Meituan,China,Technology,1282552797
Melco International Development Ltd,Hong Kong,Consumer Discretionary,477
Melexis NV,Belgium,Technology,37126230
Melia Hotels International SA,Spain,Consumer Discretionary,19034915
Melisron Ltd,Israel,Real Estate,23101463
Melrose Industries PLC,United Kingdom,Industrials,592355689
Melstacorp PLC,Sri Lanka,Consumer Staples,5194883
Menicon Co Ltd,Japan,Health Care,5310495
Menora Mivtachim Holdings Ltd,Israel,Financials,30389002
MercadoLibre Inc,United States,Consumer Discretionary,973562530
Mercari Inc,Japan,Technology,41471111
Mercedes-Benz Group AG,Germany,Consumer Discretionary,467376917
Mercialys SA,France,Real Estate,1436298
Merck & Co Inc,United States,Health Care,2816774820
Merck KGaA,Germany,Health Care,384170562
Mercor SA,Poland,Industrials,2005939
Mercuries & Associates Holding Ltd,Taiwan,Financials,483783
Mercuries Life Insurance Co Ltd,Taiwan,Financials,311
Mercury General Corp,United States,Financials,67
Mercury NZ Ltd,New Zealand,Utilities,23865637
Mercury Systems Inc,United States,Industrials,54
Merdeka Copper Gold Tbk PT,Indonesia,Basic Materials,19149758
Merida Industry Co Ltd,Taiwan,Consumer Discretionary,14437245
Meridian Energy Ltd,New Zealand,Utilities,64166620
Merit Medical Systems Inc,United States,Health Care,53696969
Meritage Homes Corp,United States,Consumer Discretionary,75148376
Meritz Financial Group Inc,South Korea,Financials,446165281
Merlin Properties Socimi SA,Spain,Real Estate,114422967
Merry Electronics Co Ltd,Taiwan,Consumer Discretionary,20345304
Mersen SA,France,Industrials,20042180
Merus NV,United States,Health Care,14824994
Meshulam Levinstein Contracting & Engineering Ltd,Israel,Industrials,9792750
Mesoblast Ltd,Australia,Health Care,13282684
MetLife Inc,United States,Financials,746478304
Meta Bright Group Bhd,Malaysia,Consumer Discretionary,1425009
Meta Platforms Inc,United States,Technology,23028019765
Metagenomi Inc,United States,Health Care,373419
Metair Investments Ltd,South Africa,Consumer Discretionary,2403326
Metalurgica Gerdau SA,Brazil,Basic Materials,31491534
Metaplanet Inc,Japan,Financials,36835853
Metcash Ltd,Australia,Consumer Staples,27755471
Meteoric Resources NL,Australia,Basic Materials,653371
Methanex Corp,Canada,Basic Materials,30234487
Metlen Energy & Metals SA,Greece,Utilities,141177592
Metro Bank Holdings PLC,United Kingdom,Financials,19793325
Metro Brands Ltd,India,Consumer Discretionary,2924641
Metro Inc/CN,Canada,Consumer Staples,186736616
Metropole Television SA,France,Consumer Discretionary,18324945
Metropolis Healthcare Ltd,India,Health Care,5713343
Metropolitan Bank & Trust Co,Philippines,Financials,8008065
Metsa Board Oyj,Finland,Basic Materials,10971960
Metso Oyj,Finland,Industrials,149958454
Mettler-Toledo International Inc,United States,Industrials,354906406
Mezzion Pharma Co Ltd,South Korea,Health Care,344102
Mi Technovation Bhd,Malaysia,Technology,19840233
MiCo Ltd,South Korea,Technology,9870620
Micreed Co Ltd,Japan,Consumer Staples,83864
Micro-Star International Co Ltd,Taiwan,Technology,39226372
Micro-X Ltd,Australia,Health Care,642753
MicroStrategy Inc,United States,Technology,1181988731
Microba Life Sciences Ltd,Australia,Health Care,842086
Microbio Co Ltd,Taiwan,Consumer Staples,835
Microchip Technology Inc,United States,Technology,500823571
Micron Technology Inc,United States,Technology,1969114348
Micronics Japan Co Ltd,Japan,Technology,7779134
Microport Cardioflow Medtech Corp,China,Health Care,53
Microport Scientific Corp,China,Health Care,11208514
Microsoft Corp,United States,Technology,49861797013
Mid-America Apartment Communities Inc,United States,Real Estate,792343413
Midac Holdings Co Ltd,Japan,Utilities,5131642
Middleby Corp/The,United States,Industrials,19285344
Midea Group Co Ltd,China,Consumer Discretionary,348590329
Midea Real Estate Holding Ltd,China,Real Estate,267543
Midi Utama Indonesia Tbk PT,Indonesia,Consumer Staples,18337028
Mie Kotsu Group Holdings Inc,Japan,Industrials,163730
Mieco Chipboard BHD,Malaysia,Industrials,3976240
Migdal Insurance & Financial Holdings Ltd,Israel,Financials,457232
Migros Ticaret AS,Türkiye,Consumer Staples,48444173
Milbon Co Ltd,Japan,Consumer Staples,1247797
Military Commercial Joint Stock Bank,Vietnam,Financials,28205112
Millennium Group Corp Asia Co Ltd,Thailand,Consumer Discretionary,2579610
MillerKnoll Inc,United States,Consumer Discretionary,767867
Millrose Properties Inc,United States,Real Estate,14843960
Minda Corp Ltd,India,Consumer Discretionary,3864214
Mindspace Business Parks REIT,India,Real Estate,28347143
Mineral Resources Ltd,Australia,Basic Materials,172837380
Minerals Technologies Inc,United States,Basic Materials,1200691
Ming Yang Smart Energy Group Ltd,China,Energy,2468078
Ministop Co Ltd,Japan,Consumer Staples,218698
Minkabu The Infonoid Inc,Japan,Industrials,1225626
Minor Hotels Europe & Americas SA,Spain,Consumer Discretionary,409541
Minor International PCL,Thailand,Consumer Discretionary,106279016
Minth Group Ltd,China,Consumer Discretionary,21540810
Mirae Asset Securities Co Ltd,South Korea,Financials,20547764
Mirai Corp,Japan,Real Estate,4998797
Mirarth Holdings Inc,Japan,Real Estate,414408
Miroku Jyoho Service Co Ltd,Japan,Technology,335339
Mirum Pharmaceuticals Inc,United States,Health Care,25894104
Mirvac Group,Australia,Real Estate,73968456
Misitano & Stracuzzi SpA,Italy,Consumer Staples,501484
Misto Holdings Corp,South Korea,Consumer Discretionary,902995
Mitac Holdings Corp,Taiwan,Technology,31704442
Mitani Sekisan Co Ltd,Japan,Industrials,4333276
Mitchells & Butlers PLC,United Kingdom,Consumer Discretionary,17658235
Mitie Group PLC,United Kingdom,Industrials,62619739
Mitra Adiperkasa Tbk PT,Indonesia,Consumer Discretionary,14470300
Mitra Keluarga Karyasehat Tbk PT,Indonesia,Health Care,52313740
Mitra Pinasthika Mustika Tbk PT,Indonesia,Consumer Discretionary,3566368
Mitsuba Corp,Japan,Consumer Discretionary,121671
Mitsubishi Chemical Group Corp,Japan,Basic Materials,56761622
Mitsubishi Corp,Japan,Industrials,1051591197
Mitsubishi Electric Corp,Japan,Industrials,672198033
Mitsubishi Estate Co Ltd,Japan,Real Estate,365200860
Mitsubishi Estate Logistics REIT Investment Corp,Japan,Real Estate,10494112
Mitsubishi Gas Chemical Co Inc,Japan,Basic Materials,39829028
Mitsubishi HC Capital Inc,Japan,Financials,95729180
Mitsubishi Heavy Industries Ltd,Japan,Industrials,1454316742
Mitsubishi Kakoki Kaisha Ltd,Japan,Industrials,1440277
Mitsubishi Logisnext Co Ltd,Japan,Industrials,20122116
Mitsubishi Logistics Corp,Japan,Industrials,89360960
Mitsubishi Materials Corp,Japan,Industrials,25255931
Mitsubishi Motors Corp,Japan,Consumer Discretionary,28562437
Mitsubishi Pencil Co Ltd,Japan,Consumer Staples,4103756
Mitsubishi Research Institute Inc,Japan,Technology,10252706
Mitsubishi Shokuhin Co Ltd,Japan,Consumer Staples,5116368
Mitsubishi Steel Manufacturing Co Ltd,Japan,Basic Materials,511713
Mitsubishi UFJ Financial Group Inc,Japan,Financials,2393312509
Mitsuboshi Belting Ltd,Japan,Industrials,3666980
Mitsui & Co Ltd,Japan,Industrials,809952399
Mitsui Chemicals Inc,Japan,Basic Materials,89376727
Mitsui DM Sugar Co Ltd,Japan,Consumer Staples,2578158
Mitsui E&S Co Ltd,Japan,Industrials,11892932
Mitsui Fudosan Co Ltd,Japan,Real Estate,576632188
Mitsui Fudosan Logistics Park Inc,Japan,Real Estate,34381653
Mitsui High-Tec Inc,Japan,Technology,3907491
Mitsui Mining & Smelting Co Ltd,Japan,Basic Materials,39036629
Mitsui OSK Lines Ltd,Japan,Industrials,160842072
Mitsui-Soko Holdings Co Ltd,Japan,Industrials,20379810
Mitsuuroko Group Holdings Co Ltd,Japan,Utilities,3943508
Miura Co Ltd,Japan,Industrials,53324237
Mixue Group,China,Consumer Discretionary,10810369
Miyakoshi Holdings Inc,Japan,Real Estate,736909
Miyazaki Bank Ltd/The,Japan,Financials,448035
Mizrahi Tefahot Bank Ltd,Israel,Financials,96459935
Mizuho Financial Group Inc,Japan,Financials,1172808821
Mizuho Leasing Co Ltd,Japan,Consumer Discretionary,9964048
Mizuno Corp,Japan,Consumer Discretionary,5433542
Mobico Group PLC,United Kingdom,Consumer Discretionary,180783
Mobile TeleSystems PJSC,Russia,Telecommunications,116089
Mobile World Investment Corp,Vietnam,Consumer Discretionary,58543087
Mobileye Global Inc,United States,Technology,1249610
Mobimo Holding AG,Switzerland,Real Estate,66347612
Mobvista Inc,China,Technology,7360484
Mochida Pharmaceutical Co Ltd,Japan,Health Care,3523597
Modec Inc,Japan,Energy,12821821
Modern Times Group MTG AB,Sweden,Consumer Discretionary,10172828
Moderna Inc,United States,Health Care,92964339
Modine Manufacturing Co,United States,Industrials,41081099
Moelis & Co,United States,Financials,31248245
Mohawk Industries Inc,United States,Industrials,48276304
Molecure SA,Poland,Health Care,898713
Molina Healthcare Inc,United States,Health Care,208762958
Molson Coors Beverage Co,United States,Consumer Staples,132556574
Molson Coors Canada Inc,Canada,Consumer Staples,1368897
Molten Ventures PLC,United Kingdom,Financials,992334
Moltiply Group SpA,Italy,Financials,21542834
Momentum Group Ltd,South Africa,Financials,67276595
Monadelphous Group Ltd,Australia,Industrials,14461932
Monarch Casino & Resort Inc,United States,Consumer Discretionary,3682344
Moncler SpA,Italy,Consumer Discretionary,180187111
Monday.com Ltd,United States,Technology,161921664
Monde Nissin Corp,Philippines,Consumer Staples,377409
Mondelez International Inc,United States,Consumer Staples,1217215590
Mondi PLC,United Kingdom,Industrials,182327649
Monex Group Inc,Japan,Financials,3377097
Money Forward Inc,Japan,Technology,27063734
MongoDB Inc,United States,Technology,158843156
Mongolian Mining Corp,Hong Kong,Energy,7072363
Monogatari Corp/The,Japan,Consumer Discretionary,6653429
Monolithic Power Systems Inc,United States,Technology,430679695
MonotaRO Co Ltd,Japan,Consumer Discretionary,32392287
Monster Beverage Corp,United States,Consumer Staples,535431123
Montage Technology Co Ltd,China,Technology,36568178
Montana Aerospace AG,Switzerland,Industrials,1116730
Montea NV,Belgium,Real Estate,33873492
Moody's Corp,United States,Financials,971138431
Moog Inc,United States,Industrials,56442552
Moonpig Group PLC,United Kingdom,Consumer Discretionary,395068
Morgan Advanced Materials PLC,United Kingdom,Industrials,443506
Morgan Sindall Group PLC,United Kingdom,Industrials,42780423
Morgan Stanley,United States,Financials,2201062584
Mori Hills REIT Investment Corp,Japan,Real Estate,24614679
Mori Trust Reit Inc,Japan,Real Estate,12600041
Morimatsu International Holdings Co Ltd,Hong Kong,Industrials,3467806
Morinaga & Co Ltd/Japan,Japan,Consumer Staples,20077197
Morinaga Milk Industry Co Ltd,Japan,Consumer Staples,30104805
Moriroku Co Ltd,Japan,Industrials,43310
Morita Holdings Corp,Japan,Industrials,7132246
Moriya Transportation Engineering & Manufacturing Co Ltd,Japan,Industrials,2865738
Morningstar Inc,United States,Financials,93224025
Mosaic Co/The,United States,Basic Materials,157930201
Mosenergo PJSC,Russia,Utilities,251126
Motech Industries Inc,Taiwan,Energy,778378
Motherson Sumi Wiring India Ltd,India,Consumer Discretionary,15922189
Motilal Oswal Financial Services Ltd,India,Financials,25413900
Motiva Infraestrutura de Mobilidade SA,Brazil,Industrials,75607845
Motor Oil Hellas Corinth Refineries SA,Greece,Energy,68332489
Motorola Solutions Inc,United States,Telecommunications,857680377
Motus Holdings Ltd,South Africa,Consumer Discretionary,27372797
Mount Gibson Iron Ltd,Australia,Basic Materials,416719
Moura Dubeux Engenharia S/A,Brazil,Real Estate,8239381
Mpact Ltd,South Africa,Industrials,3969058
Mphasis Ltd,India,Technology,82394799
Mr Cooper Group Inc,United States,Financials,257602560
Mr Price Group Ltd,South Africa,Consumer Discretionary,114224862
Mrs Bectors Food Specialities Ltd,India,Consumer Staples,5880491
Muangthai Capital PCL,Thailand,Financials,44420070
Mueller Industries Inc,United States,Basic Materials,127287099
Mueller Water Products Inc,United States,Industrials,3013871
Muenchener Rueckversicherungs-Gesellschaft AG in Muenchen,Germany,Financials,865213557
Muhibbah Engineering M Bhd,Malaysia,Industrials,1654541
Multi Bintang Indonesia Tbk PT,Indonesia,Consumer Staples,5780722
Multi Commodity Exchange of India Ltd,India,Financials,173438297
MultiChoice Group,South Africa,Telecommunications,31376065
Multiplan Empreendimentos Imobiliarios SA,Brazil,Real Estate,101939243
Munters Group AB,Sweden,Industrials,40299961
Murapol SA,Poland,Consumer Discretionary,22503444
Murata Manufacturing Co Ltd,Japan,Technology,401200633
Murphy USA Inc,United States,Consumer Discretionary,93967139
Musashi Seimitsu Industry Co Ltd,Japan,Consumer Discretionary,33340779
Musashino Bank Ltd/The,Japan,Financials,5113196
Muthoot Finance Ltd,India,Financials,95155505
Muyuan Foods Co Ltd,China,Consumer Staples,9351671
My EG Services Bhd,Malaysia,Technology,22551054
MyState Ltd,Australia,Financials,714355
Mycronic AB,Sweden,Technology,66608653
Myer Holdings Ltd,Australia,Consumer Discretionary,18835837
Myoung Shin Industrial Co Ltd,South Korea,Consumer Discretionary,6683
N-able Inc/US,United States,Technology,327199
NARI Technology Co Ltd,China,Industrials,17758009
NAURA Technology Group Co Ltd,China,Technology,351148625
NAVER Corp,South Korea,Technology,488765510
NBCC India Ltd,India,Industrials,14541548
NBT Bancorp Inc,United States,Financials,1646253
NBTM New Materials Group Co Ltd,China,Industrials,61759616
NCC AB,Sweden,Industrials,1940048
NCC Group PLC,United Kingdom,Technology,4779417
NCC Ltd/India,India,Industrials,11512455
NCR Voyix Corp,United States,Technology,82
NCSoft Corp,South Korea,Consumer Discretionary,29146261
NEC Corp,Japan,Technology,637097459
NEOWIZ HOLDINGS Corp,South Korea,Consumer Discretionary,17872
NEPI Rockcastle NV,South Africa,Real Estate,56274293
NET Lease Office Properties,United States,Real Estate,194454
NETLINK NBN TRUST,Singapore,Telecommunications,35375219
NEXTDC Ltd,Australia,Technology,71986938
NEXTracker Inc,United States,Energy,140729133
NGK Insulators Ltd,Japan,Industrials,69669263
NH Foods Ltd,Japan,Consumer Staples,64041298
NH Investment & Securities Co Ltd,South Korea,Financials,1528282
NHK Spring Co Ltd,Japan,Consumer Discretionary,22741074
NHN Corp,South Korea,Consumer Discretionary,8394
NICE Holdings Co Ltd,South Korea,Industrials,232308
NICE Information Service Co Ltd,South Korea,Industrials,4546290
NIDEC CORP,Japan,Industrials,266927322
NIKE Inc,United States,Consumer Discretionary,799073052
NIO Inc,China,Consumer Discretionary,54611719
NIOX GROUP PLC,United Kingdom,Health Care,2795514
NIPPON EXPRESS HOLDINGS INC,Japan,Industrials,20369531
NIPPON REIT Investment Corp,Japan,Real Estate,9427211
NKMax Co Ltd,South Korea,Health Care,28430
NKT A/S,Denmark,Industrials,201783469
NMC Health PLC,United Kingdom,Health Care,1031
NMDC Steel Ltd,India,Basic Materials,3012095
NMI Holdings Inc,United States,Financials,4855900
NN Group NV,Netherlands,Financials,1056185639
NNN REIT Inc,United States,Real Estate,102169277
NOCIL Ltd,India,Basic Materials,1460519
NOF Corp,Japan,Basic Materials,70935451
NOK Corp,Japan,Consumer Discretionary,19577897
NOS SGPS SA,Portugal,Telecommunications,32875749
NOV Inc,United States,Energy,11931097
NP3 Fastigheter AB,Sweden,Real Estate,1869484
NPR-RIKEN CORP,Japan,Consumer Discretionary,494129
NRW Holdings Ltd,Australia,Basic Materials,13218569
NS Solutions Corp,Japan,Technology,30834191
NS United Kaiun Kaisha Ltd,Japan,Industrials,1891157
NSD Co Ltd,Japan,Technology,25803552
NSI NV,Netherlands,Real Estate,775946
NSK Ltd,Japan,Consumer Discretionary,39993347
NTG Nordic Transport Group A/S,Denmark,Industrials,1020152
NTN Corp,Japan,Consumer Discretionary,1172584
NTPC Green Energy Ltd,India,Utilities,8987515
NTT UD REIT Investment Corp,Japan,Real Estate,10627602
NU Holdings Ltd/Cayman Islands,United States,Financials,672881314
NVIDIA Corp,United States,Technology,51074326579
NVR Inc,United States,Consumer Discretionary,264089045
NX Filtration NV,Netherlands,Industrials,558381
NXP Semiconductors NV,United States,Technology,441215647
Nabtesco Corp,Japan,Industrials,31024108
Nachi-Fujikoshi Corp,Japan,Industrials,2629725
Nagaileben Co Ltd,Japan,Health Care,2185445
Nagase & Co Ltd,Japan,Basic Materials,29765347
Nagawa Co Ltd,Japan,Consumer Discretionary,3495490
Nagoya Railroad Co Ltd,Japan,Industrials,34934600
Naim Holdings Bhd,Malaysia,Industrials,207730
Nakanishi Inc,Japan,Health Care,22681906
Nakayama Steel Works Ltd,Japan,Basic Materials,975340
Nam Long Investment Corp,Vietnam,Real Estate,8186815
Namchow Holdings Co Ltd,Taiwan,Consumer Staples,840437
Namura Shipbuilding Co Ltd,Japan,Industrials,28328841
Namyang Dairy Products Co Ltd,South Korea,Consumer Staples,30683
Nan Kang Rubber Tire Co Ltd,Taiwan,Consumer Discretionary,6180691
Nan Liu Enterprise Co Ltd,Taiwan,Consumer Staples,501061
Nan Pao Resins Chemical Co Ltd,Taiwan,Basic Materials,8181593
Nan Ya Plastics Corp,Taiwan,Basic Materials,39628479
Nan Ya Printed Circuit Board Corp,Taiwan,Technology,3754492
Nanjing Sample Technology Co Ltd,China,Technology,87325
Nankai Electric Railway Co Ltd,Japan,Industrials,25173343
Nanoform Finland Plc,Finland,Health Care,1681776
Nanosonics Ltd,Australia,Health Care,11025128
Nantex Industry Co Ltd,Taiwan,Basic Materials,3616322
Nanto Bank Ltd/The,Japan,Financials,5498333
Nanya Technology Corp,Taiwan,Technology,8618750
Napco Security Technologies Inc,United States,Industrials,5962791
Narayana Hrudayalaya Ltd,India,Health Care,22434864
Nasdaq Inc,United States,Financials,446665598
Naspers Ltd,South Africa,Technology,832700803
NatWest Group PLC,United Kingdom,Financials,1743706294
Natco Pharma Ltd,India,Health Care,10608089
Natera Inc,United States,Health Care,296939925
National Agricultural Holdings Ltd,China,Financials,7550
National Aluminium Co Ltd,India,Basic Materials,22769080
National Australia Bank Ltd,Australia,Financials,1141407977
National Bank of Canada,Canada,Financials,528077147
National Bank of Greece SA,Greece,Financials,120060810
National Bank of Kuwait SAKP,Kuwait,Financials,534333991
National Beverage Corp,United States,Consumer Staples,10418548
National Central Cooling Co PJSC,United Arab Emirates,Industrials,40140092
National Fuel Gas Co,United States,Utilities,91963633
National Grid PLC,United Kingdom,Utilities,1263418676
National Health Investors Inc,United States,Real Estate,49775313
National Investments Co KSCP,Kuwait,Financials,4674252
National Presto Industries Inc,United States,Industrials,940416
National Storage Affiliates Trust,United States,Real Estate,21990790
National Storage REIT,Australia,Real Estate,24776389
Nationgate Holdings Bhd,Malaysia,Technology,11200142
Natura & Co Holding SA,Brazil,Consumer Discretionary,58993621
Nature Holdings Co Ltd/The,South Korea,Consumer Discretionary,3502261
Naturgy Energy Group SA,Spain,Utilities,6289284
Navigator Global Investments Ltd,Australia,Financials,29355700
Navin Fluorine International Ltd,India,Basic Materials,89095690
Navios Maritime Partners LP,Greece,Industrials,13010339
Nazara Technologies Ltd,India,Consumer Discretionary,8679269
Nebius Group NV,Netherlands,Technology,3953882
Nedbank Group Ltd,South Africa,Financials,121240883
Neinor Homes SA,Spain,Real Estate,5216010
Nemak SAB de CV,Mexico,Consumer Discretionary,14812155
Nemetschek SE,Germany,Technology,111936812
Neo Corporate PCL,Thailand,Consumer Staples,1028772
NeoPharm Co Ltd,South Korea,Consumer Discretionary,4271662
Neoenergia SA,Brazil,Utilities,1923988
Neogen Corp,United States,Health Care,43387247
Neowiz,South Korea,Consumer Discretionary,8589216
Neste Oyj,Finland,Energy,89352585
Nestle India Ltd,India,Consumer Staples,99761857
Nestle Malaysia Bhd,Malaysia,Consumer Staples,30236116
Nestle SA,Switzerland,Consumer Staples,5749551711
Net Protections Holdings Inc,Japan,Industrials,114345
NetApp Inc,United States,Technology,276543386
NetDragon Websoft Holdings Ltd,China,Consumer Discretionary,755904
NetEase Cloud Music Inc,China,Consumer Discretionary,288586
NetEase Inc,China,Consumer Discretionary,513415523
NetScout Systems Inc,United States,Technology,1582630
Netcare Ltd,South Africa,Health Care,28148227
Netcompany Group A/S,Denmark,Technology,39658454
Netflix Inc,United States,Consumer Discretionary,7864782803
Netjoy Holdings Ltd,China,Technology,768168
Netmarble Corp,South Korea,Consumer Discretionary,1387421
Neturen Co Ltd,Japan,Basic Materials,408625
Netwealth Group Ltd,Australia,Financials,55909164
Netweb Technologies India Ltd,India,Technology,650016
Network18 Media & Investments Ltd,India,Consumer Discretionary,37981686
Neuca SA,Poland,Health Care,7470906
Neuland Laboratories Ltd,India,Health Care,14927798
Neuren Pharmaceuticals Ltd,Australia,Health Care,16311087
Neurocrine Biosciences Inc,United States,Health Care,122278271
New China Life Insurance Co Ltd,China,Financials,1081003
New Fortress Energy Inc,United States,Energy,5277618
New Gold Inc,Canada,Basic Materials,16117284
New Horizon Health Ltd,China,Health Care,1574539
New India Assurance Co Ltd/The,India,Financials,5759953
New Jersey Resources Corp,United States,Utilities,52670761
New Oriental Education & Technology Group Inc,China,Consumer Discretionary,557939578
New Wave Group AB,Sweden,Consumer Discretionary,13736034
New World Development Co Ltd,Hong Kong,Real Estate,2557955
New York Times Co/The,United States,Consumer Discretionary,6866283
NewMarket Corp,United States,Basic Materials,51515358
Newamsterdam Pharma Co NV,Netherlands,Health Care,9052247
Neway Valve Suzhou Co Ltd,China,Industrials,21995647
Newborn Town Inc,China,Technology,39337531
Newell Brands Inc,United States,Consumer Discretionary,20196427
Newgen Software Technologies Ltd,India,Technology,8152468
Newland Digital Technology Co Ltd,China,Technology,3326983
Newmark Group Inc,United States,Real Estate,1068775
Newmont Corp,United States,Basic Materials,993173777
News Corp,United States,Consumer Discretionary,228330453
NexPoint Residential Trust Inc,United States,Real Estate,899640
Nexans SA,France,Industrials,77352935
Nexchip Semiconductor Corp,China,Technology,1839344
Nexen Corp,South Korea,Consumer Discretionary,602626
Nexen Tire Corp,South Korea,Consumer Discretionary,11216463
Nexi SpA,Italy,Industrials,75217887
Nexon Co Ltd,Japan,Consumer Discretionary,54600358
Nexon Games Co Ltd,South Korea,Consumer Discretionary,10
Nexstar Media Group Inc,United States,Consumer Discretionary,39675422
Next PLC,United Kingdom,Consumer Discretionary,411782017
Next Vision Stabilized Systems Ltd,Israel,Industrials,24112787
NextEra Energy Inc,United States,Utilities,2345595657
Nextage Co Ltd,Japan,Consumer Discretionary,3162128
Nextbiomedical Co Ltd,South Korea,Health Care,4697945
Nexteer Automotive Group Ltd,Hong Kong,Consumer Discretionary,9712510
Nexus AG,Germany,Technology,5440750
Nexus Select Trust,India,Real Estate,29471185
Ngern Tid Lor PCL,Thailand,Financials,0
NiSource Inc,United States,Utilities,292583317
Nibe Industrier AB,Sweden,Industrials,34500605
Nice Information & Telecommunication Inc,South Korea,Industrials,4656726
Nice Ltd,Israel,Technology,40055847
Nichias Corp,Japan,Industrials,34324749
Nichiban Co Ltd,Japan,Industrials,150036
Nichicon Corp,Japan,Technology,4531444
Nichiden Corp,Japan,Industrials,3129469
Nichidenbo Corp,Taiwan,Industrials,1209188
Nichiha Corp,Japan,Industrials,19898961
Nichirei Corp,Japan,Consumer Staples,46946410
Nichireki Group Co Ltd,Japan,Industrials,443993
Nick Scali Ltd,Australia,Consumer Discretionary,19984859
Nickel Asia Corp,Philippines,Basic Materials,17605128
Nien Made Enterprise Co Ltd,Taiwan,Consumer Discretionary,54811930
Nifco Inc/Japan,Japan,Consumer Discretionary,46015424
Nihon Chouzai Co Ltd,Japan,Consumer Staples,426017
Nihon Kohden Corp,Japan,Health Care,56721173
Nihon M&A Center Holdings Inc,Japan,Financials,23267360
Nihon Nohyaku Co Ltd,Japan,Basic Materials,13973
Nihon Parkerizing Co Ltd,Japan,Industrials,7303796
Nihon Tokushu Toryo Co Ltd,Japan,Consumer Discretionary,393820
Nihon Trim Co Ltd,Japan,Consumer Discretionary,282758
Nikkiso Co Ltd,Japan,Industrials,2327085
Nikkon Holdings Co Ltd,Japan,Industrials,17688433
Nikola Corp,United States,Industrials,123
Nikon Corp,Japan,Consumer Discretionary,13963353
Nine Entertainment Co Holdings Ltd,Australia,Consumer Discretionary,22502677
Ninety One Ltd,South Africa,Financials,10795423
Ninety One PLC,United Kingdom,Financials,12473624
Ningbo Deye Technology Co Ltd,China,Industrials,24653031
Ningbo Orient Wires & Cables Co Ltd,China,Industrials,2887484
Ningbo Sanxing Medical Electric Co Ltd,China,Industrials,31676834
Ningbo Shanshan Co Ltd,China,Basic Materials,594292
Ningbo Tuopu Group Co Ltd,China,Consumer Discretionary,5554612
Ningxia Baofeng Energy Group Co Ltd,China,Basic Materials,51548003
Nintendo Co Ltd,Japan,Consumer Discretionary,1786891900
Nippn Corp,Japan,Consumer Staples,8845745
Nippon Accommodations Fund Inc,Japan,Real Estate,31021073
Nippon Beet Sugar Manufacturing Co Ltd,Japan,Consumer Staples,266953
Nippon Building Fund Inc,Japan,Real Estate,66779844
Nippon Carbon Co Ltd,Japan,Industrials,404413
Nippon Ceramic Co Ltd,Japan,Technology,1609179
Nippon Chemi-Con Corp,Japan,Technology,250650
Nippon Denko Co Ltd,Japan,Basic Materials,369014
Nippon Densetsu Kogyo Co Ltd,Japan,Industrials,4188589
Nippon Dry-Chemical Co Ltd,Japan,Industrials,2304130
Nippon Electric Glass Co Ltd,Japan,Technology,4240560
Nippon Fine Chemical Co Ltd,Japan,Basic Materials,50054
Nippon Gas Co Ltd,Japan,Utilities,17394979
Nippon Hotel & Residential Investment Corp,Japan,Real Estate,1923646
Nippon Kanzai Holdings Co Ltd,Japan,Real Estate,2716946
Nippon Kayaku Co Ltd,Japan,Basic Materials,24325908
Nippon Life India Asset Management Ltd,India,Financials,71476256
Nippon Light Metal Holdings Co Ltd,Japan,Basic Materials,4882207
Nippon Paint Holdings Co Ltd,Japan,Industrials,221508444
Nippon Paper Industries Co Ltd,Japan,Basic Materials,4801575
Nippon Parking Development Co Ltd,Japan,Industrials,1813795
Nippon Prologis REIT Inc,Japan,Real Estate,66812858
Nippon Rietec Co Ltd,Japan,Industrials,1757261
Nippon Sanso Holdings Corp,Japan,Basic Materials,62516733
Nippon Seiki Co Ltd,Japan,Consumer Discretionary,3286056
Nippon Sharyo Ltd,Japan,Industrials,59680
Nippon Sheet Glass Co Ltd,Japan,Industrials,233183
Nippon Shinyaku Co Ltd,Japan,Health Care,23088366
Nippon Shokubai Co Ltd,Japan,Basic Materials,24476541
Nippon Signal Co Ltd,Japan,Industrials,14901878
Nippon Soda Co Ltd,Japan,Basic Materials,7297279
Nippon Steel Corp,Japan,Basic Materials,228661037
Nippon Telegraph & Telephone Corp,Japan,Telecommunications,502547925
Nippon Television Holdings Inc,Japan,Consumer Discretionary,23479563
Nippon Thompson Co Ltd,Japan,Industrials,177082
Nippon Yakin Kogyo Co Ltd,Japan,Basic Materials,387626
Nippon Yusen KK,Japan,Industrials,242379459
Nipro Corp,Japan,Health Care,26814143
Nirvana Development PCL,Thailand,Real Estate,794544
Nishi-Nippon Financial Holdings Inc,Japan,Financials,34482653
Nishi-Nippon Railroad Co Ltd,Japan,Industrials,7625589
Nishimatsu Construction Co Ltd,Japan,Industrials,8446797
Nishimatsuya Chain Co Ltd,Japan,Consumer Discretionary,6775910
Nishio Holdings Co Ltd,Japan,Industrials,3190574
Nissan Chemical Corp,Japan,Basic Materials,70082613
Nissan Motor Co Ltd,Japan,Consumer Discretionary,64019530
Nissan Shatai Co Ltd,Japan,Consumer Discretionary,3496678
Nissei ASB Machine Co Ltd,Japan,Industrials,19128318
Nissha Co Ltd,Japan,Technology,3475373
Nisshin Oillio Group Ltd/The,Japan,Consumer Staples,13416037
Nisshin Seifun Group Inc,Japan,Consumer Staples,50036569
Nisshinbo Holdings Inc,Japan,Industrials,4190085
Nissin Corp,Japan,Industrials,525014
Nissin Foods Holdings Co Ltd,Japan,Consumer Staples,31574491
Nisso Holdings Co Ltd,Japan,Industrials,49796
Nissui Corp,Japan,Consumer Staples,14611874
Niterra Co Ltd,Japan,Consumer Discretionary,117654810
Nitori Holdings Co Ltd,Japan,Consumer Discretionary,83292278
Nitta Corp,Japan,Industrials,3690443
Nittetsu Mining Co Ltd,Japan,Basic Materials,4357946
Nitto Boseki Co Ltd,Japan,Basic Materials,33543230
Nitto Denko Corp,Japan,Basic Materials,216152190
Nitto Kogyo Corp,Japan,Industrials,3771771
Nittoku Co Ltd,Japan,Industrials,1437274
Noah Holdings Ltd,China,Financials,318917
Nobia AB,Sweden,Consumer Discretionary,1739750
Noevir Holdings Co Ltd,Japan,Consumer Discretionary,4661393
Nohmi Bosai Ltd,Japan,Industrials,3760517
Nojima Corp,Japan,Consumer Discretionary,21514295
Nokia Oyj,Finland,Telecommunications,410914445
Nolato AB,Sweden,Industrials,5103249
Nomad Foods Ltd,United States,Consumer Staples,15602885
Nomura Co Ltd,Japan,Industrials,3507487
Nomura Holdings Inc,Japan,Financials,354501781
Nomura Micro Science Co Ltd,Japan,Industrials,2996694
Nomura Real Estate Holdings Inc,Japan,Real Estate,53852951
Nomura Real Estate Master Fund Inc,Japan,Real Estate,78320853
Nomura Research Institute Ltd,Japan,Technology,237533700
NongShim Co Ltd,South Korea,Consumer Staples,32734100
Nongfu Spring Co Ltd,China,Consumer Staples,85615717
Nordea Bank Abp,Finland,Financials,2542533816
Nordex SE,Germany,Energy,7549554
Nordic American Tankers Ltd,United States,Industrials,1264422
Nordnet AB publ,Sweden,Financials,267144197
Nordson Corp,United States,Industrials,139217666
Norfolk Southern Corp,United States,Industrials,601218752
Norion Bank AB,Sweden,Financials,5
Noritake Co Ltd,Japan,Industrials,4706497
Noritsu Koki Co Ltd,Japan,Consumer Discretionary,33185147
Noritz Corp,Japan,Consumer Discretionary,2533966
Norma Group SE,Germany,Industrials,564311
Norte Grande SA,Chile,Financials,10585397
North Pacific Bank Ltd,Japan,Financials,7833982
North West Co Inc/The,Canada,Consumer Discretionary,1620804
Northam Platinum Holdings Ltd,South Africa,Basic Materials,220495299
Northeast Group Sdn Bhd,Malaysia,Industrials,2604798
Northern Star Resources Ltd,Australia,Basic Materials,391480285
Northern Trust Corp,United States,Financials,270951625
Northland Power Inc,Canada,Utilities,49717144
Northwest Bancshares Inc,United States,Financials,102
Northwest Natural Holding Co,United States,Utilities,1431429
Northwestern Energy Group Inc,United States,Utilities,39428051
Norwegian Cruise Line Holdings Ltd,United States,Consumer Discretionary,39567882
Notion VTEC Bhd,Malaysia,Technology,1792535
Nova Ljubljanska Banka dd,Slovenia,Financials,29247001
Nova Ltd,Israel,Technology,93524269
Novaland Investment Group Corp,Vietnam,Real Estate,7307984
Novanta Inc,United States,Technology,29981898
Novartis AG,Switzerland,Health Care,5545575995
Novatek Microelectronics Corp,Taiwan,Technology,117674122
Novatek PJSC,Russia,Energy,3885939
Noventiq Holdings plc,United Kingdom,Technology,5834379
Novo Nordisk A/S,Denmark,Health Care,5537177056
Novocure Ltd,United States,Health Care,18
Novolipetsk Steel PJSC,Russia,Basic Materials,1319271
Novonesis Novozymes B,Denmark,Health Care,789591006
Nucor Corp,United States,Basic Materials,473751097
Nufarm Ltd,Australia,Basic Materials,7159791
Nuix Ltd,Australia,Technology,8706115
Nusantara Sejahtera Raya Tbk PT,Indonesia,Consumer Discretionary,2673483
Nutanix Inc,United States,Technology,263862854
Nutrien Ltd,Canada,Basic Materials,388724850
Nuvalent Inc,United States,Health Care,51972355
Nuvama Wealth Management Ltd,India,Financials,20864183
Nuvoton Technology Corp,Taiwan,Technology,5261872
Nxera Pharma Co Ltd,Japan,Health Care,4826169
Nyfosa AB,Sweden,Real Estate,33085655
O'Reilly Automotive Inc,United States,Consumer Discretionary,969499929
O-Bank Co Ltd,Taiwan,Financials,1511897
OBI Pharma Inc,Taiwan,Health Care,3218389
OBIC Business Consultants Co Ltd,Japan,Technology,47275753
OC Oerlikon Corp AG Pfaffikon,Switzerland,Industrials,19023925
OCI International Holdings Ltd,Hong Kong,Financials,260
OCI NV,Netherlands,Basic Materials,26626931
OFX Group Ltd,Australia,Industrials,2039513
OGE Energy Corp,United States,Utilities,101420860
OKUMA Corp,Japan,Industrials,9283884
OMV AG,Austria,Energy,69036340
OMV Petrom SA,Romania,Energy,16325100
ON Semiconductor Corp,United States,Technology,225085227
ON24 Inc,United States,Technology,359466
ONE Gas Inc,United States,Utilities,47921997
ONEOK Inc,United States,Energy,552187359
OPAP SA,Greece,Consumer Discretionary,9200956
OPC Energy Ltd,Israel,Utilities,17502940
OPENLANE Inc,United States,Consumer Discretionary,1904215
OPKO Health Inc,United States,Health Care,52110
OR PJSC,Russia,Consumer Discretionary,2
OR Royalties Inc,Canada,Basic Materials,4386581
ORIC Pharmaceuticals Inc,United States,Health Care,19503712
ORIX Corp,Japan,Financials,596717631
ORLEN SA,Poland,Energy,20740794
OSAKA Titanium Technologies Co Ltd,Japan,Basic Materials,435831
OSB Group PLC,United Kingdom,Financials,117783589
OSG Corp,Japan,Industrials,3716422
OSI Systems Inc,United States,Industrials,3024367
OSRAM Licht AG,Germany,Industrials,126965812
OTP Bank Nyrt,Hungary,Financials,135673578
OUE Real Estate Investment Trust,Singapore,Real Estate,9350539
OUTsurance Group Ltd,South Africa,Financials,30002511
OVH Groupe SA,France,Technology,4009737
OVS SpA,Italy,Consumer Discretionary,14340456
Obara Group Inc,Japan,Industrials,528648
Obayashi Corp,Japan,Industrials,171250688
Oberoi Realty Ltd,India,Real Estate,35716511
Obic Co Ltd,Japan,Technology,14496070
Objective Corp Ltd,Australia,Technology,2808175
Ocado Group PLC,United Kingdom,Consumer Staples,30998824
Oceana Group Ltd,South Africa,Consumer Staples,5400193
OceanaGold Corp,Canada,Basic Materials,3077792
Oceaneering International Inc,United States,Energy,1484857
Ocumension Therapeutics,China,Health Care,1471766
Odakyu Electric Railway Co Ltd,Japan,Consumer Discretionary,43798764
Odigma Consultancy Solutions Ltd,India,Consumer Discretionary,1179
Odine Solutions Teknoloji Ticaret VE Sanayi AS,Türkiye,Telecommunications,6409841
Odontoprev SA,Brazil,Health Care,829377
Oesterreichische Post AG,Austria,Industrials,25540034
Ogaki Kyoritsu Bank Ltd/The,Japan,Financials,7004102
Ohara Inc,Japan,Technology,94001
Ohsho Food Service Corp,Japan,Consumer Discretionary,6161442
Oiles Corp,Japan,Industrials,398854
Oisix ra daichi Inc,Japan,Consumer Staples,951962
Oita Bank Ltd/The,Japan,Financials,3381162
Okabe Co Ltd,Japan,Industrials,134621
Okamoto Industries Inc,Japan,Industrials,3437552
Okamura Corp,Japan,Consumer Discretionary,29510008
Okasan Securities Group Inc,Japan,Financials,6329724
Oki Electric Industry Co Ltd,Japan,Technology,7957208
Okinawa Cellular Telephone Co,Japan,Telecommunications,31603668
Okinawa Financial Group Inc,Japan,Financials,806583
Okta Inc,United States,Technology,218220814
Okumura Corp,Japan,Industrials,5007027
Okura Industrial Co Ltd,Japan,Industrials,252671
Okuwa Co Ltd,Japan,Consumer Staples,358064
Ola Electric Mobility Ltd,India,Consumer Discretionary,15335066
Olaplex Holdings Inc,United States,Consumer Staples,105183
Old Dominion Freight Line Inc,United States,Industrials,365534494
Old Mutual Ltd,South Africa,Financials,27054162
Old National Bancorp/IN,United States,Financials,79396494
Old Republic International Corp,United States,Financials,115070870
Olectra Greentech Ltd,India,Industrials,6564471
Olin Corp,United States,Basic Materials,27843073
Ollie's Bargain Outlet Holdings Inc,United States,Consumer Discretionary,83621921
Olympic Industries Ltd,Bangladesh,Consumer Staples,1888640
Olympus Corp,Japan,Health Care,315132775
Omada Health Inc,United States,Health Care,5490000
Omega Healthcare Investors Inc,United States,Real Estate,121800484
Omni Bridgeway Ltd,Australia,Financials,6632281
OmniVision Integrated Circuits Group Inc,China,Technology,114597468
Omnia Holdings Ltd,South Africa,Basic Materials,21621361
Omnicell Inc,United States,Health Care,88729
Omnicom Group Inc,United States,Consumer Discretionary,5988573
Omron Corp,Japan,Industrials,58348992
On Holding AG,United States,Consumer Discretionary,182525297
On the Beach Group PLC,United Kingdom,Consumer Discretionary,19437044
Oncoclinicas do Brasil Servicos Medicos SA,Brazil,Health Care,660400
One 97 Communications Ltd,India,Industrials,118465621
One Mobikwik Systems Ltd,India,Industrials,6736025
One REIT Inc,Japan,Real Estate,4196594
One Software Technologies Ltd,Israel,Technology,6472922
One United Properties SA,Romania,Real Estate,9840156
OneMain Holdings Inc,United States,Financials,85541040
Oneness Biotech Co Ltd,Taiwan,Health Care,251
Onesource Specialty Pharma Ltd,India,Health Care,10161621
Onestream Inc,United States,Technology,199206304
Onewo Inc,China,Real Estate,1073
Onex Corp,Canada,Financials,63405387
Ono Pharmaceutical Co Ltd,Japan,Health Care,54872686
Ontex Group NV,Belgium,Consumer Staples,939343
Onto Innovation Inc,United States,Technology,71960970
Onward Holdings Co Ltd,Japan,Consumer Discretionary,22854061
Ooma Inc,United States,Telecommunications,874620
Ooredoo QPSC,Qatar,Telecommunications,142637285
Open House Group Co Ltd,Japan,Real Estate,64126024
Open Text Corp,Canada,Technology,98619449
Open Up Group Inc,Japan,Industrials,6380724
Opendoor Technologies Inc,United States,Real Estate,1
Opmobility,France,Consumer Discretionary,15115865
Oponeo.pl SA,Poland,Consumer Discretionary,14321710
OppFi Inc,United States,Financials,1593461
Oppein Home Group Inc,China,Industrials,315
Oppenheimer Holdings Inc,United States,Financials,1585057
Opple Lighting Co Ltd,China,Industrials,281
Optex Group Co Ltd,Japan,Industrials,14123627
Opthea Ltd,Australia,Health Care,770873
Optim Corp,Japan,Technology,74671
Option Care Health Inc,United States,Health Care,69931811
Optorun Co Ltd,Japan,Industrials,11422916
Oracle Corp,United States,Technology,4199894106
Oracle Corp Japan,Japan,Technology,66983248
Oracle Financial Services Software Ltd,India,Technology,28244079
Orange Belgium SA,Belgium,Telecommunications,17096617
Orange Polska SA,Poland,Telecommunications,97913485
Orange SA,France,Telecommunications,662744498
Orbia Advance Corp SAB de CV,Mexico,Industrials,76830095
Organo Corp,Japan,Industrials,18380013
Organogenesis Holdings Inc,United States,Health Care,237534
Organon & Co,United States,Health Care,19777721
Orica Ltd,Australia,Basic Materials,154469032
Orient Corp,Japan,Financials,2711191
Orient Electric Ltd,India,Consumer Discretionary,3858880
Orient Overseas International Ltd,Hong Kong,Industrials,2031911
Orient Securities Co Ltd/China,China,Financials,5781267
Orient Semiconductor Electronics Ltd,Taiwan,Technology,8602182
Oriental Food Industries Holdings BHD,Malaysia,Consumer Staples,2971629
Oriental Kopi Holdings Bhd,Malaysia,Consumer Discretionary,3387550
Oriental Land Co Ltd/Japan,Japan,Consumer Discretionary,207331206
Oriental Shiraishi Corp,Japan,Industrials,205853
Oriental Union Chemical Corp,Taiwan,Basic Materials,749514
Origin Energy Ltd,Australia,Utilities,186191482
Origin Enterprises PLC,Ireland,Consumer Staples,1888326
Origin Property PCL,Thailand,Real Estate,368883
Oriola Oyj,Finland,Health Care,2426862
Orion Corp/Republic of Korea,South Korea,Consumer Staples,44564734
Orion Minerals Ltd,Australia,Basic Materials,1478446
Orion Oyj,Finland,Health Care,172460767
Orix JREIT Inc,Japan,Real Estate,80549419
Orizon Valorizacao de Residuos SA,Brazil,Utilities,17198092
Ormat Technologies Inc,United States,Utilities,60881996
Oro Co Ltd,Japan,Technology,280860
Orora Ltd,Australia,Industrials,21454124
Orsted AS,Denmark,Utilities,570146630
Orzel Bialy SA,Poland,Utilities,2587102
Osaka Gas Co Ltd,Japan,Utilities,160077925
Osaka Organic Chemical Industry Ltd,Japan,Basic Materials,361799
Osaka Soda Co Ltd,Japan,Basic Materials,26797313
Osaka Steel Co Ltd,Japan,Basic Materials,1723150
Osaki Electric Co Ltd,Japan,Industrials,150710
Oscar Health Inc,United States,Financials,358434
Oscotec Inc,South Korea,Health Care,7539247
Oshkosh Corp,United States,Industrials,98569978
Osotspa PCL,Thailand,Consumer Staples,9955927
Otis Worldwide Corp,United States,Industrials,713446923
Otokar Otomotiv Ve Savunma Sanayi A.S.,Türkiye,Industrials,18534434
Otoki Corp,South Korea,Consumer Staples,506805
Otsuka Corp,Japan,Technology,93803409
Otsuka Holdings Co Ltd,Japan,Health Care,257971457
Oulmes,Morocco,Consumer Staples,4036216
Ouro Fino Saude Animal Participacoes SA,Brazil,Health Care,2409096
Outokumpu Oyj,Finland,Basic Materials,996957
Oversea-Chinese Banking Corp Ltd,Singapore,Financials,537584848
Owens Corning,United States,Industrials,163718935
Oxford Industries Inc,United States,Consumer Discretionary,368730
Oxford Instruments PLC,United Kingdom,Industrials,36663281
Oxford Nanopore Technologies PLC,United Kingdom,Health Care,17796763
Oyo Corp,Japan,Industrials,17930
Ozon Holdings PLC,Russia,Consumer Discretionary,1519282
P&H Tech Co Ltd,South Korea,Basic Materials,1021208
PACCAR Inc,United States,Industrials,453384107
PACS Group Inc,United States,Health Care,200570
PAL GROUP Holdings Co Ltd,Japan,Consumer Discretionary,20375381
PALTAC Corp,Japan,Consumer Staples,22932915
PATRIZIA SE,Germany,Real Estate,4612830
PAX Global Technology Ltd,China,Industrials,1027086
PAZ Corp SA,Chile,Real Estate,7789230
PB Fintech Ltd,India,Financials,79266360
PBF Energy Inc,United States,Energy,24598722
PC1 Group JSC,Vietnam,Industrials,3621362
PCBL CHEMICAL Ltd,India,Basic Materials,3266673
PCC Exol SA,Poland,Basic Materials,896576
PCC Rokita SA,Poland,Basic Materials,6964283
PCCW Ltd,Hong Kong,Telecommunications,6750839
PChome Online Inc,Taiwan,Technology,4999
PDD Holdings Inc,China,Consumer Discretionary,1772835112
PESTEC International Bhd,Malaysia,Industrials,964256
PEXA Group Ltd,Australia,Technology,20983427
PG Electroplast Ltd,India,Industrials,26513935
PG&E Corp,United States,Utilities,415167102
PGF Capital Bhd,Malaysia,Industrials,1337608
PHA Co Ltd,South Korea,Consumer Discretionary,450223
PHC Holdings Corp,Japan,Health Care,1473998
PI Advanced Materials Co Ltd,South Korea,Industrials,7535433
PI Industries Ltd,India,Basic Materials,44114707
PIA Corp,Japan,Consumer Discretionary,81443
PICC Property & Casualty Co Ltd,China,Financials,300220155
PIE Industrial BHD,Malaysia,Industrials,5765907
PIK-Spetsializirovannyy Zastroyshchik PAO,Russia,Real Estate,317487
PILLAR Corp /Japan,Japan,Industrials,15620488
PJT Partners Inc,United States,Financials,918446
PKSHA Technology Inc,Japan,Technology,1657015
PLDT Inc,Philippines,Telecommunications,3821678
PLS Plantations Bhd,Malaysia,Consumer Staples,1035554
PLYTEC Holding Bhd,Malaysia,Industrials,926256
PNB Housing Finance Ltd,India,Financials,28171929
PNC Financial Services Group Inc/The,United States,Financials,1462690282
PNC Infratech Ltd,India,Industrials,4483505
POSCO Future M Co Ltd,South Korea,Basic Materials,31317266
PPB Group Bhd,Malaysia,Consumer Staples,10800043
PPC Ltd,South Africa,Industrials,11128312
PPG Industries Inc,United States,Industrials,357013589
PPK Group Ltd,Australia,Basic Materials,1583
PPK Mining Equipment Pty Ltd,Australia,Industrials,46900
PPL Corp,United States,Utilities,309416784
PRADA SpA,Hong Kong,Consumer Discretionary,166116010
PROG Holdings Inc,United States,Consumer Discretionary,1229824
PRTR Group PCL,Thailand,Industrials,1480281
PSK Inc,South Korea,Technology,13688237
PSP Swiss Property AG,Switzerland,Real Estate,183805547
PT Tower Bersama Infrastructure Tbk,Indonesia,Telecommunications,85
PTC Inc,United States,Technology,151155278
PTC India Ltd,India,Utilities,1513862
PTC Industries Ltd,India,Basic Materials,11102715
PTG Energy PCL,Thailand,Consumer Discretionary,1631
PTT Global Chemical PCL,Thailand,Basic Materials,500526
PVR Inox Ltd,India,Consumer Discretionary,10076099
PWR Holdings Ltd,Australia,Consumer Discretionary,3133247
PZ Cussons PLC,United Kingdom,Consumer Staples,3389028
Pacific Basin Shipping Ltd,Hong Kong,Industrials,21644107
Pacific Current Group Ltd,Australia,Financials,542439
Pacific Edge Ltd,New Zealand,Health Care,881871
Pacific Electric Wire & Cable Co Ltd,Taiwan,Technology,9989
Pacific Industrial Co Ltd,Japan,Consumer Discretionary,887881
Pacific Premier Bancorp Inc,United States,Financials,976994
Pack Corp/The,Japan,Industrials,552875
Packaging Corp of America,United States,Industrials,221956598
Padini Holdings Bhd,Malaysia,Consumer Discretionary,3905387
Pagegroup PLC,United Kingdom,Industrials,19611130
PagerDuty Inc,United States,Technology,242112
Pagseguro Digital Ltd,United States,Industrials,528542
Pakuwon Jati Tbk PT,Indonesia,Real Estate,11191605
Paladin Energy Ltd,Australia,Basic Materials,25887602
Palantir Technologies Inc,United States,Technology,3566151375
Palfinger AG,Austria,Industrials,6489572
Palo Alto Networks Inc,United States,Technology,704503487
Palomar Holdings Inc,United States,Financials,3436073
Pan African Resources PLC,South Africa,Basic Materials,6823099
Pan American Silver Corp,Canada,Basic Materials,195345499
Pan Jit International Inc,Taiwan,Technology,8572676
Pan Ocean Co Ltd,South Korea,Industrials,8586117
Pan Pacific International Holdings Corp,Japan,Consumer Discretionary,474587014
Pan-International Industrial Corp,Taiwan,Technology,4578033
Panasonic Holdings Corp,Japan,Consumer Discretionary,437853546
Pandora A/S,Denmark,Consumer Discretionary,93861457
Pandox AB,Sweden,Real Estate,36937696
Panin Financial Tbk PT,Indonesia,Financials,1537419
Pantai Indah Kapuk Dua Tbk PT,Indonesia,Industrials,8212004
Papa John's International Inc,United States,Consumer Discretionary,386234
Papoutsanis SA,Greece,Consumer Staples,1725090
Par Pacific Holdings Inc,United States,Energy,4165210
Parade Technologies Ltd,Taiwan,Technology,22034780
Paradise Co Ltd,South Korea,Consumer Discretionary,191113
Paradox Interactive AB,Sweden,Consumer Discretionary,5235068
Paragon Banking Group PLC,United Kingdom,Financials,67642486
Paramount Bed Holdings Co Ltd,Japan,Health Care,17048767
Paramount Global,United States,Consumer Discretionary,73607658
Park Hotels & Resorts Inc,United States,Real Estate,2190550
Park Systems Corp,South Korea,Industrials,71927594
Park24 Co Ltd,Japan,Industrials,49135970
Parker-Hannifin Corp,United States,Industrials,1333885621
Parkin Co PJSC,United Arab Emirates,Industrials,81594505
Parkland Corp,Canada,Energy,117831254
Parkway Life Real Estate Investment Trust,Singapore,Real Estate,24581007
Parque Arauco SA,Chile,Real Estate,5953188
Parsons Corp,United States,Technology,37131286
Partners Group Holding AG,Switzerland,Financials,305455025
Pasona Group Inc,Japan,Industrials,1137244
Patanjali Foods Ltd,India,Consumer Staples,20556667
Patrick Industries Inc,United States,Industrials,2224261
Patterson-UTI Energy Inc,United States,Energy,25987300
PayPal Holdings Inc,United States,Industrials,906386059
PayPoint PLC,United Kingdom,Industrials,5977535
Paychex Inc,United States,Industrials,292477586
Paycom Software Inc,United States,Technology,17010445
Paylocity Holding Corp,United States,Industrials,34041796
Paymentus Holdings Inc,United States,Industrials,10779826
Peab AB,Sweden,Industrials,28231989
Pearl Abyss Corp,South Korea,Consumer Discretionary,885492
Pearson PLC,United Kingdom,Consumer Discretionary,6782260
Pebblebrook Hotel Trust,United States,Real Estate,394125
Pecca Group Bhd,Malaysia,Consumer Discretionary,7854649
Pegasus Hava Tasimaciligi AS,Türkiye,Consumer Discretionary,41979217
Pegasystems Inc,United States,Technology,42812662
Pegatron Corp,Taiwan,Technology,334952
Pegavision Corp,Taiwan,Health Care,9917179
Peijia Medical Ltd,China,Health Care,1730828
Pekat Group Bhd,Malaysia,Energy,1853159
Peloton Interactive Inc,United States,Consumer Discretionary,1712792
Pembangunan Jaya Ancol Tbk PT,Indonesia,Consumer Discretionary,268643
Pembina Pipeline Corp,Canada,Energy,224432297
Penn Entertainment Inc,United States,Consumer Discretionary,39615503
Pennon Group PLC,United Kingdom,Utilities,53918884
PennyMac Financial Services Inc,United States,Financials,39975767
PennyMac Mortgage Investment Trust,United States,Financials,2981913
Pensionbee Group PLC,United Kingdom,Financials,18200685
Penske Automotive Group Inc,United States,Consumer Discretionary,32425358
Penta-Ocean Construction Co Ltd,Japan,Industrials,8112929
Pentair PLC,United States,Industrials,43997304
Pentamaster Corp Bhd,Malaysia,Industrials,26290443
Pentixapharm Holding AG,Germany,Health Care,227805
Penumbra Inc,United States,Health Care,123073332
People & Technology Inc,South Korea,Industrials,580129
People's Insurance Co Group of China Ltd/The,China,Financials,2980133
People's Leasing & Finance PLC,Sri Lanka,Financials,1126655
PeopleIN Ltd,Australia,Industrials,1570443
Pepco Group NV,Poland,Consumer Discretionary,26218155
Pepkor Holdings Ltd,South Africa,Consumer Discretionary,113373323
PepsiCo Inc,United States,Consumer Staples,2292757216
PeptiDream Inc,Japan,Health Care,16072610
Peptron Inc,South Korea,Health Care,1333281
Perdana Petroleum Bhd,Malaysia,Energy,890476
Perenti Ltd,Australia,Basic Materials,13416539
Perfect World Co Ltd/China,China,Consumer Discretionary,1980551
Performance Food Group Co,United States,Consumer Staples,163953855
Perimeter Solutions Inc,United States,Basic Materials,333175
Perion Network Ltd,Israel,Technology,3988979
Pernod Ricard SA,France,Consumer Staples,450248347
Perpetual Ltd,Australia,Financials,62935820
Perrigo Co PLC,United States,Health Care,95215518
Persimmon PLC,United Kingdom,Consumer Discretionary,216880600
Persistent Systems Ltd,India,Technology,77263992
Persol Holdings Co Ltd,Japan,Industrials,53783560
Petco Health & Wellness Co Inc,United States,Consumer Discretionary,3769922
Petershill Partners PLC,United Kingdom,Financials,11857514
Petra Energy Bhd,Malaysia,Energy,1675609
PetroChina Co Ltd,China,Energy,354021421
PetroVietNam Ca Mau Fertilizer JSC,Vietnam,Basic Materials,4915518
PetroVietnam Technical Services Corp,Vietnam,Energy,3598024
Petrofac Ltd,United Kingdom,Energy,0
Petroleo Brasileiro SA - Petrobras,Brazil,Energy,877026452
Petronas Chemicals Group Bhd,Malaysia,Basic Materials,2446440
Petronas Dagangan Bhd,Malaysia,Energy,379141
Petronas Gas Bhd,Malaysia,Utilities,38261
Petronet LNG Ltd,India,Energy,63651304
Pets at Home Group Plc,United Kingdom,Consumer Discretionary,28792615
Peugeot Invest SA,France,Financials,9813390
Pfeiffer Vacuum Technology AG,Germany,Industrials,12588956
Pfisterer Holding SE,Germany,Industrials,1913376
Pfizer Inc,United States,Health Care,2241333784
Pfizer Ltd,India,Health Care,1917348
Pharma Foods International Co Ltd,Japan,Health Care,301609
Pharma Mar SA,Spain,Health Care,1963289
PharmaEngine Inc,Taiwan,Health Care,610884
PharmaEssentia Corp,Taiwan,Health Care,62656442
PharmaResearch Co Ltd,South Korea,Health Care,15560105
Pharmanutra SpA,Italy,Health Care,13557558
Pharmaron Beijing Co Ltd,China,Health Care,7515121
Phihong Technology Co Ltd,Taiwan,Industrials,415389
Philex Mining Corp,Philippines,Basic Materials,56986
Philippine Seven Corp,Philippines,Consumer Staples,421939
Phillips 66,United States,Energy,513621336
Phillips Edison & Co Inc,United States,Real Estate,55410139
Phison Electronics Corp,Taiwan,Technology,38940726
Phoenix Financial Ltd,Israel,Financials,72157912
Phoenix Group Holdings PLC,United Kingdom,Financials,101004222
Phoenix Mills Ltd/The,India,Real Estate,43039457
Phoenix Silicon International Corp,Taiwan,Technology,11083733
Phoenix Vega Mezz PLC,Greece,Financials,1826306
PhosAgro PJSC,Russia,Basic Materials,2800578
Phreesia Inc,United States,Health Care,1278309
Phu Nhuan Jewelry JSC,Vietnam,Consumer Discretionary,10367866
Piaggio & C SpA,Italy,Consumer Discretionary,276640
Pick n Pay Stores Ltd,South Africa,Consumer Staples,6201420
Picton Property Income Ltd,United Kingdom,Real Estate,723478
Pidilite Industries Ltd,India,Basic Materials,147683976
Piedmont Realty Trust Inc,United States,Real Estate,813185
Pieno Zvaigzdes,Lithuania,Consumer Staples,1460351
Pierce Group AB,Sweden,Consumer Discretionary,930292
Pigeon Corp,Japan,Consumer Staples,8168860
Pilbara Minerals Ltd,Australia,Basic Materials,13458799
Pilgrim's Pride Corp,United States,Consumer Staples,18231204
Pilot Corp,Japan,Consumer Staples,9838356
Ping An Healthcare and Technology Co Ltd,China,Health Care,86
Ping An Insurance Group Co of China Ltd,China,Financials,617894426
Pinnacle Financial Partners Inc,United States,Financials,113461291
Pinnacle Investment Management Group Ltd,Australia,Financials,41754049
Pinnacle West Capital Corp,United States,Utilities,114383637
Pinterest Inc,United States,Technology,469542449
Piolax Inc,Japan,Consumer Discretionary,2458087
Pioneer Motor PCL,Thailand,Industrials,462
Piper Sandler Cos,United States,Financials,59820192
Piraeus Financial Holdings SA,Greece,Financials,193022430
Piramal Enterprises Ltd,India,Financials,96663884
Piramal Pharma Ltd,India,Health Care,15317132
Pirelli & C SpA,Italy,Consumer Discretionary,11767858
Pitney Bowes Inc,United States,Industrials,3611210
Pixart Imaging Inc,Taiwan,Technology,15964124
Plan B Media Pcl,Thailand,Consumer Discretionary,3358653
Planet Fitness Inc,United States,Consumer Discretionary,120445725
Planet Labs PBC,United States,Industrials,11062387
Planisware SA,France,Technology,1159965
Platinum Group PCL/The,Thailand,Real Estate,2750003
Platzer Fastigheter Holding AB,Sweden,Real Estate,226335
PlayWay SA,Poland,Consumer Discretionary,6016990
Playtech Plc,United Kingdom,Consumer Discretionary,32140890
Playtika Holding Corp,United States,Consumer Discretionary,255
Plaza SA,Chile,Real Estate,43611598
Plexus Corp,United States,Technology,5875972
Plug Power Inc,United States,Energy,67823
Plus Alpha Consulting Co Ltd,Japan,Technology,2965461
Plus500 Ltd,United Kingdom,Financials,56802004
Pluxee NV,France,Industrials,38726187
Pod Point Group Holdings PLC,United Kingdom,Energy,194033
Poh Kong Holdings Bhd,Malaysia,Consumer Discretionary,2483223
Pola Orbis Holdings Inc,Japan,Consumer Discretionary,2395513
Polaris Group,Taiwan,Health Care,1970
Polaris Inc,United States,Consumer Discretionary,691294
Poltreg SA,Poland,Health Care,564787
Poly Developments and Holdings Group Co Ltd,China,Real Estate,11308
Poly Medicure Ltd,India,Health Care,10566300
Poly Property Group Co Ltd,China,Real Estate,571616
Poly Property Services Co Ltd,China,Real Estate,6566656
PolyNovo Ltd,Australia,Health Care,6522674
PolyPeptide Group AG,Switzerland,Health Care,425732
Polycab India Ltd,India,Industrials,90144691
Pony AI Inc,China,Industrials,19430
Pool Corp,United States,Consumer Discretionary,111904419
Poonawalla Fincorp Ltd,India,Financials,9108919
Poongsan Holdings Corp,South Korea,Basic Materials,18168548
Pop Mart International Group Ltd,China,Consumer Discretionary,399672457
Popular Inc,United States,Financials,93578099
Porr Ag,Austria,Industrials,1083844
Porsche Automobil Holding SE,Germany,Consumer Discretionary,100607743
Portland General Electric Co,United States,Utilities,41554292
Posco DX Co Ltd,South Korea,Technology,588961
Posiflex Technology Inc,Taiwan,Technology,1519535
Post Holdings Inc,United States,Consumer Staples,136309960
PostNL NV,Netherlands,Industrials,964496
Postal Savings Bank of China Co Ltd,China,Financials,74129985
Poste Italiane SpA,Italy,Financials,242603389
PotlatchDeltic Corp,United States,Real Estate,217543204
Pou Chen Corp,Taiwan,Consumer Discretionary,30641280
Power Assets Holdings Ltd,Hong Kong,Utilities,144747593
Power Corp of Canada,Canada,Financials,277298590
Power Finance Corp Ltd,India,Financials,85645461
Power Grid Corp of India Ltd,India,Utilities,174742647
Power Integrations Inc,United States,Technology,32896535
PowerCell Sweden AB,Sweden,Industrials,7854567
Powerchip Semiconductor Manufacturing Corp,Taiwan,Technology,3295933
Powertech Technology Inc,Taiwan,Technology,51955779
Powerwell Holdings Bhd,Malaysia,Industrials,2119701
Powszechna Kasa Oszczednosci Bank Polski SA,Poland,Financials,89158593
Powszechny Zaklad Ubezpieczen SA,Poland,Financials,84672593
Poya International Co Ltd,Taiwan,Consumer Discretionary,37626027
Pozavarovalnica Sava dd,Slovenia,Financials,8212611
Poznanska Korporacja Budowlana Pekabex SA,Poland,Industrials,2141896
Praemium Ltd,Australia,Financials,39337
Praj Industries Ltd,India,Industrials,8011883
Praram 9 Hospital PCL,Thailand,Health Care,7787241
Praxis Precision Medicines Inc,United States,Health Care,210250
Precinct Properties Group,New Zealand,Real Estate,10105985
Precious Shipping PCL,Thailand,Industrials,5993980
Premier Energies Ltd,India,Energy,37189760
Premier Foods PLC,United Kingdom,Consumer Staples,1763060
Premier Investments Ltd,Australia,Consumer Discretionary,54566896
Premium Group Co Ltd,Japan,Financials,9904658
President Chain Store Corp,Taiwan,Consumer Staples,65379858
President Securities Corp,Taiwan,Financials,4737470
Press Kogyo Co Ltd,Japan,Consumer Discretionary,292035
Press Metal Aluminium Holdings Bhd,Malaysia,Basic Materials,53436580
Prestige Consumer Healthcare Inc,United States,Health Care,41847548
Prestige Estates Projects Ltd,India,Real Estate,34069966
Prestige International Inc,Japan,Industrials,5760047
PriceSmart Inc,United States,Consumer Discretionary,2485351
Prima Meat Packers Ltd,Japan,Consumer Staples,3344102
Primaris Real Estate Investment Trust,Canada,Real Estate,1003193
Primarius Technologies Co Ltd,China,Technology,4059666
Primary Health Properties PLC,United Kingdom,Real Estate,30671268
Primax Electronics Ltd,Taiwan,Technology,15412515
Prime Bank PLC,Bangladesh,Financials,10529602
Prime US REIT,Singapore,Real Estate,1256060
Primerica Inc,United States,Financials,120962
Primo Brands Corp,United States,Consumer Staples,105007995
Primoris Services Corp,United States,Industrials,6347589
Principal Financial Group Inc,United States,Financials,223389409
Priortech Ltd,Israel,Technology,11414907
Privia Health Group Inc,United States,Health Care,728295
Pro Medicus Ltd,Australia,Health Care,191794913
ProSiebenSat.1 Media SE,Germany,Consumer Discretionary,26457039
Procore Technologies Inc,United States,Technology,172946739
Procrea Holdings Inc,Japan,Financials,332162
Procter & Gamble Co/The,United States,Consumer Staples,5017528807
Procter & Gamble Health Ltd,India,Consumer Staples,5835381
Profile Systems & Software SA,Greece,Technology,9973734
Profoto Holding AB,Sweden,Consumer Discretionary,2194294
Progress Software Corp,United States,Technology,2445072
Progressive Corp/The,United States,Financials,2189869705
Progyny Inc,United States,Health Care,1696772
Prologis Inc,United States,Real Estate,1268900156
Prologis Property Mexico SA de CV,Mexico,Real Estate,40671175
Promotora de Informaciones SA,Spain,Consumer Discretionary,992248
Promotora y Operadora de Infraestructura SAB de CV,Mexico,Industrials,224593986
Pronexus Inc,Japan,Industrials,13064
Propel Funeral Partners Ltd,Australia,Consumer Discretionary,20816845
Prosegur Cash SA,Spain,Industrials,681700
Prosperity Bancshares Inc,United States,Financials,53398134
Prosperity REIT,Hong Kong,Real Estate,537233
Prosus NV,Netherlands,Technology,2556434052
Prothena Corp PLC,United States,Health Care,348746
Provident Financial Services Inc,United States,Financials,1820578
Proximus SADP,Belgium,Telecommunications,43130304
Proya Cosmetics Co Ltd,China,Consumer Discretionary,21476407
Prudent Corporate Advisory Services Ltd,India,Financials,6466825
Prudential Financial Inc,United States,Financials,114765904
Prudential PLC,United Kingdom,Financials,1661135691
Pruksa Holding PCL,Thailand,Real Estate,157886
Prysmian SpA,Italy,Industrials,269218384
Public Bank Bhd,Malaysia,Financials,241084878
Public Financial Holdings Ltd,Hong Kong,Financials,956209
Public Power Corp SA,Greece,Utilities,62214801
Public Service Enterprise Group Inc,United States,Utilities,555355158
Public Storage,United States,Real Estate,1144208602
Publicis Groupe SA,France,Consumer Discretionary,75885831
Puig Brands SA,Spain,Consumer Discretionary,104099763
Pulmonx Corp,United States,Health Care,391608
Pulse Biosciences Inc,United States,Health Care,301800
PulteGroup Inc,United States,Consumer Discretionary,399897781
Puma SE,Germany,Consumer Discretionary,127788388
Pumtech Korea Co Ltd,South Korea,Industrials,14230222
Punjab National Bank,India,Financials,31460993
Puradelta Lestari Tbk PT,Indonesia,Real Estate,3703559
Purcari Wineries PLC,Moldova,Consumer Staples,4534348
Pure Biologics SA,Poland,Health Care,92840
Pure Health Holding PJSC,United Arab Emirates,Health Care,12396885
Pure Storage Inc,United States,Technology,229311141
PureTech Health PLC,United Kingdom,Health Care,412935
Puregold Price Club Inc,Philippines,Consumer Staples,500408
Pylon Technologies Co Ltd,China,Industrials,2992631
Q Technology Group Co Ltd,China,Consumer Discretionary,5366981
Q2 Holdings Inc,United States,Technology,77332013
QB Net Holdings Co Ltd,Japan,Consumer Discretionary,2150952
QBE Insurance Group Ltd,Australia,Financials,336852275
QES Group Bhd,Malaysia,Industrials,3083791
QIAGEN NV,Germany,Health Care,172175095
QLM Life & Medical Insurance Co WLL,Qatar,Financials,8843158
QNA Technology SA,Poland,Health Care,603985
QRT Inc,South Korea,Industrials,1345569
QT Group Oyj,Finland,Technology,26440157
QUALCO GROUP SA,Greece,Technology,11621239
QUALCOMM Inc,United States,Technology,2676447593
QVC Group Inc,United States,Consumer Discretionary,8189
QXO Inc,United States,Industrials,25985964
Qantas Airways Ltd,Australia,Consumer Discretionary,171682268
Qatar Electricity & Water Co QSC,Qatar,Utilities,6980091
Qatar Fuel QSC,Qatar,Energy,22591947
Qatar Gas Transport Co Ltd,Qatar,Industrials,118793629
Qatar Islamic Bank QPSC,Qatar,Financials,26670468
Qatar National Bank QPSC,Qatar,Financials,448700997
Qatar Navigation QSC,Qatar,Industrials,12910609
Qifu Technology Inc,China,Financials,85609854
QinetiQ Group PLC,United Kingdom,Industrials,84097012
Qingdao Haier Biomedical Co Ltd,China,Health Care,808997
Qingdao Port International Co Ltd,China,Industrials,1527231
Qisda Corp,Taiwan,Technology,20963472
Qol Holdings Co Ltd,Japan,Consumer Staples,1812349
Qoria Ltd,Australia,Technology,16948681
Qorvo Inc,United States,Technology,153988446
Quadient SA,France,Technology,799108
Quaker Chemical Corp,United States,Basic Materials,268768
Qualitas Controladora SAB de CV,Mexico,Financials,10
Quality Houses PCL,Thailand,Real Estate,584539
Qualys Inc,United States,Technology,6480726
Quanta Computer Inc,Taiwan,Technology,199025024
Quanta Services Inc,United States,Industrials,675447482
Quanta Storage Inc,Taiwan,Technology,5632714
QuantumScape Corp,United States,Consumer Discretionary,2272442
Qube Holdings Ltd,Australia,Industrials,63594367
Quebecor Inc,Canada,Telecommunications,20905351
Quess Corp Ltd,India,Industrials,2157044
Quest Diagnostics Inc,United States,Health Care,233932149
Quest Holdings SA,Greece,Technology,19493694
QuidelOrtho Corp,United States,Health Care,9269838
Quilter PLC,United Kingdom,Financials,64963847
Quinenco SA,Chile,Financials,54962498
Qunabox Group Ltd,China,Technology,3419
R Bio Co Ltd,South Korea,Health Care,0
R&B Food Supply PCL,Thailand,Consumer Staples,4572098
RAI Way SpA,Italy,Telecommunications,19398152
RB Global Inc,Canada,Consumer Discretionary,255431906
RBC Bearings Inc,United States,Basic Materials,137078074
RBL Bank Ltd,India,Financials,11409346
RDC Semiconductor Co Ltd,Taiwan,Technology,14073223
RE/MAX Holdings Inc,United States,Real Estate,677304
REA Group Ltd,Australia,Real Estate,120186671
REC Ltd,India,Financials,64808803
REDtone Digital Bhd,Malaysia,Telecommunications,371447
RELX PLC,United Kingdom,Technology,2052334994
REN - Redes Energeticas Nacionais SGPS SA,Portugal,Utilities,32682314
RENK Group AG,Germany,Industrials,128482705
RENOVA Inc,Japan,Utilities,1031846
REV Group Inc,United States,Industrials,69433524
REZIL Inc,Japan,Utilities,2436579
RFHIC Corp,South Korea,Telecommunications,3054663
RGT BHD,Malaysia,Industrials,653034
RH,United States,Consumer Discretionary,23132556
RHB Bank Bhd,Malaysia,Financials,52199529
RHI Magnesita NV,United Kingdom,Basic Materials,12820098
RHT Health Trust,Singapore,Financials,182642
RITES Ltd,India,Industrials,4788130
RLH Properties SAB de CV,Mexico,Consumer Discretionary,16523130
RLI Corp,United States,Financials,74532629
RLJ Lodging Trust,United States,Real Estate,1248149
RM PLC,United Kingdom,Consumer Discretionary,2852575
ROBLOX Corp,United States,Consumer Discretionary,340043115
ROCKWOOL A/S,Denmark,Industrials,74256039
RPM International Inc,United States,Industrials,115735223
RPMGlobal Holdings Ltd,Australia,Technology,28517156
RR Kabel Ltd,India,Industrials,57328472
RS GROUP PLC,United Kingdom,Industrials,60502413
RS Technologies Co Ltd,Japan,Technology,2176088
RTL Group SA,Germany,Consumer Discretionary,32117681
RTX Corp,United States,Industrials,2319037949
RWE AG,Germany,Utilities,110233483
RXO Inc,United States,Industrials,16867953
RYODEN CORP,Japan,Industrials,177204
Racing Force SpA,Italy,Consumer Discretionary,2909962
RadNet Inc,United States,Health Care,41908581
Radian Group Inc,United States,Financials,85784548
Radiant Opto-Electronics Corp,Taiwan,Technology,22886948
Radico Khaitan Ltd,India,Consumer Staples,26300479
Radium Development Bhd,Malaysia,Real Estate,11756323
Radium Life Tech Co Ltd,Taiwan,Real Estate,499428
Rafako SA,Poland,Industrials,84390
Raffles Medical Group Ltd,Singapore,Health Care,7796413
Raia Drogasil SA,Brazil,Consumer Staples,44082826
Raiffeisen Bank International AG,Austria,Financials,86637729
Rail Vikas Nigam Ltd,India,Industrials,6991200
Railtel Corp of India Ltd,India,Telecommunications,4779178
Rain Industries Ltd,India,Basic Materials,3405682
Rainbow Children's Medicare Ltd,India,Health Care,9219042
Rainbow Robotics,South Korea,Industrials,1253064
Raito Kogyo Co Ltd,Japan,Industrials,8685427
Raizen SA,Brazil,Energy,35162896
Raiznext Corp,Japan,Industrials,2333709
Rajesh Exports Ltd,India,Consumer Discretionary,2490709
Rajthanee Hospital PCL,Thailand,Health Care,2152664
Raksul Inc,Japan,Industrials,711193
Rakus Co Ltd,Japan,Technology,26110336
Rakuten Bank Ltd,Japan,Financials,133444895
Rakuten Group Inc,Japan,Technology,60863544
Ral Yatirim Holding AS,Türkiye,Basic Materials,2447636
Ralliant Corp,United States,Industrials,107305218
Rallis India Ltd,India,Basic Materials,2091370
Ralph Lauren Corp,United States,Consumer Discretionary,15197032
Rambus Inc,United States,Technology,126268247
Ramco Cements Ltd/The,India,Industrials,15301665
Ramelius Resources Ltd,Australia,Basic Materials,33577551
Rami Levy Chain Stores Hashikma Marketing 2006 Ltd,Israel,Consumer Staples,5305574
Ramkrishna Forgings Ltd,India,Basic Materials,11683524
Ramsay Health Care Ltd,Australia,Health Care,57923278
Randstad NV,Netherlands,Industrials,58015611
Range Intelligent Computing Technology Group Co Ltd,China,Industrials,9168701
Rank Group PLC,United Kingdom,Consumer Discretionary,71665
Ratchthani Leasing PCL,Thailand,Financials,2100583
Rategain Travel Technologies Ltd,India,Technology,3352036
Rathbones Group PLC,United Kingdom,Financials,24107127
Rational AG,Germany,Industrials,110304731
Ratnamani Metals & Tubes Ltd,India,Basic Materials,9481425
Ratos AB,Sweden,Financials,1369807
Raubex Group Ltd,South Africa,Industrials,9071540
Ray Co Ltd/KR,South Korea,Health Care,2109799
RaySearch Laboratories AB,Sweden,Health Care,8084655
Raydium Semiconductor Corp,Taiwan,Technology,14846981
Raymond James Financial Inc,United States,Financials,348275203
Raymond Lifestyle Ltd,India,Basic Materials,1381868
Raymond Ltd,India,Basic Materials,4707517
Raymond Realty Ltd,India,Basic Materials,21587652
Rayonier Inc,United States,Real Estate,304537588
ReNew Energy Global PLC,India,Utilities,3128834
Reach Ten Holdings Bhd,Malaysia,Telecommunications,4424329
ReadyTech Holdings Ltd,Australia,Technology,5522987
Realord Group Holdings Ltd,Hong Kong,Utilities,899
Realtek Semiconductor Corp,Taiwan,Technology,139559036
Realty Income Corp,United States,Real Estate,665672374
Rechi Precision Co Ltd,Taiwan,Industrials,663320
Reckitt Benckiser Group PLC,United Kingdom,Consumer Staples,929538429
Record PLC,United Kingdom,Financials,3759418
Recordati Industria Chimica e Farmaceutica SpA,Italy,Health Care,88437268
Recruit Holdings Co Ltd,Japan,Industrials,1394996769
Recticel SA,Belgium,Industrials,2144095
Recursion Pharmaceuticals Inc,United States,Health Care,16039886
Red Rock Resorts Inc,United States,Consumer Discretionary,2153418
Red Star Macalline Group Corp Ltd,China,Consumer Discretionary,323
Redcare Pharmacy NV,Germany,Consumer Staples,53158150
Redco Properties Group Ltd,China,Real Estate,18
Reddit Inc,United States,Technology,301049959
Rede D'Or Sao Luiz SA,Brazil,Health Care,55138255
Redefine Properties Ltd,South Africa,Real Estate,4911843
Redeia Corp SA,Spain,Utilities,59279060
Redington Ltd,India,Technology,28433248
Redox Ltd/Australia,Australia,Industrials,3267270
Reece Ltd,Australia,Industrials,20500496
Regal Rexnord Corp,United States,Industrials,256154902
Regency Centers Corp,United States,Real Estate,1216700785
Regeneron Pharmaceuticals Inc,United States,Health Care,616688625
Region Group,Australia,Real Estate,21715470
Regional SAB de CV,Mexico,Financials,24926828
Regions Financial Corp,United States,Financials,242510957
Regis Healthcare Ltd,Australia,Health Care,15074337
Regis Resources Ltd,Australia,Basic Materials,62847045
Reinet Investments SCA,South Africa,Financials,84663713
Reinsurance Group of America Inc,United States,Financials,167955379
Reit 1 Ltd,Israel,Real Estate,615455
Relaxo Footwears Ltd,India,Consumer Discretionary,619773
Relay Therapeutics Inc,United States,Health Care,2892124
Reliance Inc,United States,Basic Materials,207740589
Reliance Industries Ltd,India,Energy,1950892807
Reliance Worldwide Corp Ltd,Australia,Industrials,31123166
Relo Group Inc,Japan,Real Estate,41140139
Remed Co Ltd,South Korea,Health Care,1682416
Remegen Co Ltd,China,Health Care,6465
Remgro Ltd,South Africa,Financials,90649524
Remitly Global Inc,United States,Industrials,36526795
Remixpoint Inc,Japan,Utilities,377
Remy Cointreau SA,France,Consumer Staples,56930136
RenaissanceRe Holdings Ltd,United States,Financials,137049767
Renasant Corp,United States,Financials,2227624
Renata PLC,Bangladesh,Health Care,2373463
Renault SA,France,Consumer Discretionary,189678558
Renesas Electronics Corp,Japan,Technology,420432909
Rengo Co Ltd,Japan,Industrials,27161668
Renishaw PLC,United Kingdom,Industrials,22925837
Rentokil Initial PLC,United Kingdom,Industrials,302774147
Repligen Corp,United States,Health Care,39867148
Reply SpA,Italy,Technology,134824540
Repsol SA,Spain,Energy,249465355
Republic Bancorp Inc/KY,United States,Financials,577715
Republic Services Inc,United States,Utilities,675955544
ResMed Inc,United States,Health Care,369947099
Resideo Technologies Inc,United States,Industrials,40373859
Resilient REIT Ltd,South Africa,Real Estate,912576
Resona Holdings Inc,Japan,Financials,440234503
Resonac Holdings Corp,Japan,Basic Materials,99918836
Resorttrust Inc,Japan,Consumer Discretionary,49577089
Restar Corp,Japan,Technology,2080013
Restaurant Brands Asia Ltd,India,Consumer Discretionary,1314616
Restaurant Brands International Inc,Canada,Consumer Discretionary,250539052
Retail Estates NV,Belgium,Real Estate,993359
Retail Partners Co Ltd,Japan,Consumer Staples,183187
Retailors Ltd,Israel,Consumer Discretionary,13122210
Reunert Ltd,South Africa,Industrials,3497090
Revenio Group Oyj,Finland,Health Care,794910
Revolution Medicines Inc,United States,Health Care,77292884
Revvity Inc,United States,Health Care,122222162
Reway Group SpA,Italy,Industrials,5049903
Rexel SA,France,Industrials,475573272
Rexford Industrial Realty Inc,United States,Real Estate,104116307
Reynolds Consumer Products Inc,United States,Consumer Staples,14256424
Rheinmetall AG,Germany,Industrials,1823963299
Rheon Automatic Machinery Co Ltd,Japan,Industrials,261392
Rhi Magnesita India Ltd,India,Industrials,3188489
Rhythm Pharmaceuticals Inc,United States,Health Care,13104911
Rich Development Co Ltd,Taiwan,Real Estate,963212
RichWave Technology Corp,Taiwan,Technology,336465
Richter Gedeon Nyrt,Hungary,Health Care,97301023
Ricoh Co Ltd,Japan,Technology,27628806
Ricoh Leasing Co Ltd,Japan,Financials,3419017
Rieter Holding AG,Switzerland,Industrials,768264
Rigaku Holdings Corp,Japan,Industrials,3137146
Rightmove PLC,United Kingdom,Real Estate,174726936
Riken Keiki Co Ltd,Japan,Industrials,5124563
Riken Technos Corp,Japan,Industrials,534659
Riken Vitamin Co Ltd,Japan,Consumer Staples,2874054
Ringer Hut Co Ltd,Japan,Consumer Discretionary,1531
Ringkjoebing Landbobank A/S,Denmark,Financials,135952501
Rinnai Corp,Japan,Consumer Discretionary,62996171
Rio Tinto Ltd,Australia,Basic Materials,17548822
Rio Tinto PLC,United Kingdom,Basic Materials,1616817270
RioCan Real Estate Investment Trust,Canada,Real Estate,51975534
Rion Co Ltd,Japan,Health Care,2274364
Rise Consulting Group Inc,Japan,Industrials,1893364
Riso Kagaku Corp,Japan,Technology,2143972
Riso Kyoiku Co Ltd,Japan,Consumer Discretionary,229994
Ritek Corp,Taiwan,Technology,809
Rithm Capital Corp,United States,Financials,72762402
Riverstone Holdings Ltd,Singapore,Health Care,6110354
Rivian Automotive Inc,United States,Consumer Discretionary,106850992
Rizzoli Corriere Della Sera Mediagroup SpA,Italy,Consumer Discretionary,125394
Robert Half Inc,United States,Industrials,43804127
Robert Walters PLC,United Kingdom,Industrials,312437
Robertet SA,France,Basic Materials,9077546
Robinhood Markets Inc,United States,Financials,1007362736
Robinsons Land Corp,Philippines,Real Estate,171515
Roche Holding AG,Switzerland,Health Care,5837378741
Rock Field Co Ltd,Japan,Consumer Staples,325320
Rocket Internet SE,Germany,Financials,11965968
Rocket Lab Corp,United States,Industrials,164673419
Rockwell Automation Inc,United States,Industrials,361294998
Rogers Corp,United States,Technology,89110970
Rohm Co Ltd,Japan,Technology,2046777
Rohto Pharmaceutical Co Ltd,Japan,Health Care,64980668
Roivant Sciences Ltd,United States,Health Care,6952114
Rokko Butter Co Ltd,Japan,Consumer Staples,225881
Roku Inc,United States,Telecommunications,12265313
Roland Corp,Japan,Consumer Discretionary,1156925
Rollins Inc,United States,Consumer Discretionary,215270454
Rolls-Royce Holdings PLC,United Kingdom,Industrials,2486044491
Root Inc/OH,United States,Financials,11079259
Roper Technologies Inc,United States,Technology,1085575123
Rorze Corp,Japan,Technology,66083445
Rorze Systems Corp,South Korea,Technology,1984376
Ros Agro PLC,Russia,Consumer Staples,337617
Rosebank Industries PLC,United Kingdom,Financials,165327246
Ross Stores Inc,United States,Consumer Discretionary,512555584
Rosseti Centre PJSC,Russia,Utilities,469881
Rosseti Moscow Region PJSC,Russia,Utilities,79510
Rosseti South PJSC,Russia,Utilities,78201
Rosseti Tsentr i Privolzhye PAO,Russia,Utilities,489680
Rosseti Volga PJSC,Russia,Utilities,30049
Rostelecom PJSC,Russia,Telecommunications,437050
Rotork PLC,United Kingdom,Industrials,101973960
Round One Corp,Japan,Consumer Discretionary,60840430
Route Mobile Ltd,India,Technology,2518406
Royal Bank of Canada,Canada,Financials,2553577911
Royal Caribbean Cruises Ltd,United States,Consumer Discretionary,1005046002
Royal Gold Inc,United States,Basic Materials,68028602
Royal Holdings Co Ltd,Japan,Consumer Discretionary,6253608
Royal Unibrew A/S,Denmark,Consumer Staples,86027963
Royalty Pharma PLC,United States,Health Care,178485306
Rubis SCA,France,Consumer Discretionary,31600553
Rubrik Inc,United States,Technology,212136577
Ruentex Development Co Ltd,Taiwan,Real Estate,21106765
Ruentex Industries Ltd,Taiwan,Basic Materials,16580408
Ruisen Life Service Co Ltd,China,Real Estate,1096870
Rukun Raharja Tbk PT,Indonesia,Utilities,5819032
Rumo SA,Brazil,Industrials,178124428
Run Long Construction Co Ltd,Taiwan,Industrials,3671628
Rural Funds Trust,Australia,Real Estate,727891
RusHydro PJSC,Russia,Utilities,0
Rush Enterprises Inc,United States,Consumer Discretionary,2033100
Rush Street Interactive Inc,United States,Consumer Discretionary,4470000
Russel Metals Inc,Canada,Basic Materials,1731665
Rvrc Holding AB,Sweden,Consumer Discretionary,10112571
Ryan Specialty Holdings Inc,United States,Financials,88305208
Ryanair Holdings PLC,Ireland,Consumer Discretionary,518440299
Ryder System Inc,United States,Industrials,94358709
Ryman Healthcare Ltd,New Zealand,Health Care,26017497
Ryman Hospitality Properties Inc,United States,Real Estate,56122707
Ryobi Ltd,Japan,Consumer Discretionary,15087542
Ryohin Keikaku Co Ltd,Japan,Consumer Discretionary,185119586
Ryoyo Ryosan Holdings Inc,Japan,Technology,5233665
Ryvu Therapeutics SA,Poland,Health Care,4242078
S Foods Inc,Japan,Consumer Staples,2318129
S&P Global Inc,United States,Financials,2154444192
S&S Tech Corp,South Korea,Technology,15727
S&T Bancorp Inc,United States,Financials,480390
S-1 Corp,South Korea,Industrials,13814297
S-Oil Corp,South Korea,Energy,17751599
S4 Capital PLC,United Kingdom,Consumer Discretionary,3408292
SAF-Holland SE,Germany,Consumer Discretionary,9782516
SAI Life Sciences Ltd,India,Health Care,11564817
SAMART Aviation Solutions PCL,Thailand,Industrials,3423686
SAMG Entertainment Co Ltd,South Korea,Consumer Discretionary,12007474
SAMT Co Ltd,South Korea,Technology,3254294
SAP SE,Germany,Technology,9126203896
SATS Ltd,Singapore,Consumer Discretionary,37551030
SBA Communications Corp,United States,Real Estate,346244573
SBFC Finance Ltd,India,Financials,9304058
SBI ARUHI Corp,Japan,Financials,152977
SBI Cards & Payment Services Ltd,India,Financials,128717830
SBI Holdings Inc,Japan,Financials,172001897
SBI Life Insurance Co Ltd,India,Financials,201269494
SBI Shinsei Bank Ltd,Japan,Financials,1
SBI Sumishin Net Bank Ltd,Japan,Financials,59853043
SBM Offshore NV,Netherlands,Energy,117514036
SBS Holdings Inc,Japan,Industrials,16089661
SCB X PCL,Thailand,Financials,45484969
SCG Packaging PCL,Thailand,Industrials,4427939
SCGJWD Logistics PCL,Thailand,Industrials,2245062
SCOR SE,France,Financials,137729131
SCREEN Holdings Co Ltd,Japan,Technology,78845447
SCSK Corp,Japan,Technology,102642898
SD Biosensor Inc,South Korea,Health Care,331534
SD Guthrie Bhd,Malaysia,Consumer Staples,26979112
SDI Corp,Taiwan,Technology,5195195
SDIC Capital Co Ltd,China,Financials,10498
SDS Optic SA,Poland,Health Care,234604
SEB SA,France,Consumer Discretionary,52934317
SEEK Ltd,Australia,Industrials,41002110
SEI Investments Co,United States,Financials,55684625
SEMrush Holdings Inc,United States,Technology,140519
SENG FONG HOLDINGS BHD,Malaysia,Basic Materials,3823774
SERENDIP HOLDINGS Co Ltd,Japan,Consumer Discretionary,1515992
SES SA,France,Telecommunications,53942109
SF Holding Co Ltd,China,Industrials,382472129
SFA Engineering Corp,South Korea,Industrials,7782864
SFA Semicon Co Ltd,South Korea,Technology,4096
SFL Corp Ltd,United States,Industrials,33
SFP Tech Holdings Bhd,Malaysia,Industrials,448308
SFS Group AG,Switzerland,Industrials,50585576
SG Holdings Co Ltd,Japan,Industrials,65473495
SG Micro Corp,China,Technology,24342584
SGH Ltd,Australia,Industrials,110709504
SGL Carbon SE,Germany,Basic Materials,682196
SGS SA,Switzerland,Industrials,441828093
SHIFT Inc,Japan,Technology,33105506
SHIFT UP Corp,South Korea,Consumer Discretionary,1279097
SHO-BOND Holdings Co Ltd,Japan,Industrials,18935214
SIA Engineering Co Ltd,Singapore,Industrials,9699670
SICC Co Ltd,China,Technology,461205
SIG Group AG,Switzerland,Industrials,248171202
SIGMAXYZ Holdings Inc,Japan,Industrials,1489746
SISB PCL,Thailand,Consumer Discretionary,6690507
SITC International Holdings Co Ltd,Hong Kong,Industrials,72355108
SITE Centers Corp,United States,Real Estate,1548791
SJM Holdings Ltd,Hong Kong,Consumer Discretionary,61074
SJVN Ltd,India,Utilities,8806128
SK Biopharmaceuticals Co Ltd,South Korea,Health Care,12365336
SK Bioscience Co Ltd,South Korea,Health Care,743352
SK Chemicals Co Ltd,South Korea,Basic Materials,2640357
SK Gas Ltd,South Korea,Utilities,50236046
SK Hynix Inc,South Korea,Technology,2628942427
SK IE Technology Co Ltd,South Korea,Industrials,472664
SK Inc,South Korea,Energy,44961690
SK Innovation Co Ltd,South Korea,Energy,95105924
SK Networks Co Ltd,South Korea,Telecommunications,110211
SK REITs Co Ltd,South Korea,Real Estate,554212
SK Securities Co Ltd,South Korea,Financials,150338
SK Square Co Ltd,South Korea,Financials,571349345
SK Telecom Co Ltd,South Korea,Telecommunications,82462794
SK oceanplant Co Ltd,South Korea,Industrials,338453
SKAN Group AG,Switzerland,Industrials,25034544
SKC Co Ltd,South Korea,Basic Materials,1476874
SKF AB,Sweden,Basic Materials,111970200
SKF India Ltd,India,Industrials,13953971
SKP Resources Bhd,Malaysia,Industrials,18219001
SKY Network Television Ltd,New Zealand,Telecommunications,360034
SKY Perfect JSAT Holdings Inc,Japan,Telecommunications,4900253
SKYCITY Entertainment Group Ltd,New Zealand,Consumer Discretionary,4014330
SL Green Realty Corp,United States,Real Estate,55947139
SLM Corp,United States,Financials,88088695
SLP Resources Bhd,Malaysia,Industrials,1608997
SM Entertainment Co Ltd,South Korea,Consumer Discretionary,59874885
SM Investments Corp,Philippines,Consumer Discretionary,46052685
SM Prime Holdings Inc,Philippines,Real Estate,18513636
SMC Corp,Japan,Industrials,293524758
SMRT Holdings Bhd,Malaysia,Consumer Discretionary,1546536
SMS Co Ltd,Japan,Industrials,6795117
SMU SA,Chile,Consumer Staples,11850
SNS Network Technology Bhd,Malaysia,Technology,2914368
SNT Dynamics Co Ltd,South Korea,Consumer Discretionary,35587962
SNT Motiv Co Ltd,South Korea,Consumer Discretionary,14319549
SOHO China Ltd,China,Real Estate,325613
SOITEC,France,Technology,29053628
SOL SpA,Italy,Basic Materials,68199375
SOLUM Co Ltd,South Korea,Technology,21220598
SOOP Co Ltd,South Korea,Technology,8308219
SOSiLA Logistics REIT Inc,Japan,Real Estate,4815705
SP Setia Bhd Group,Malaysia,Real Estate,8955622
SPAR Group Ltd/The,South Africa,Consumer Staples,8442429
SPCG PCL,Thailand,Utilities,680402
SPIE SA,France,Industrials,178524430
SPS Commerce Inc,United States,Technology,53798146
SPX Technologies Inc,United States,Industrials,97222708
SRA Holdings,Japan,Technology,421837
SRE Holdings Corp,Japan,Real Estate,10886939
SRF Ltd,India,Basic Materials,202383702
SRG Global Ltd,Australia,Industrials,18599606
SS&C Technologies Holdings Inc,United States,Technology,217782216
SSAB AB,Sweden,Basic Materials,147951215
SSE PLC,United Kingdom,Utilities,1062044949
SSI Securities Corp,Vietnam,Financials,12336692
SSP Group Plc,United Kingdom,Consumer Discretionary,33448536
SSR Mining Inc,Canada,Basic Materials,18486810
SSY Group Ltd,China,Health Care,6119589
ST Corp,Japan,Consumer Staples,250974
ST Pharm Co Ltd,South Korea,Health Care,14259214
STAAR Surgical Co,United States,Health Care,16377
STAG Industrial Inc,United States,Real Estate,282893082
STARK Corp PCL,Thailand,Industrials,15009
STERIS PLC,United States,Health Care,284164165
STL Networks Ltd,India,Telecommunications,401215
STMicroelectronics NV,France,Technology,379237237
STRATEC SE,Germany,Health Care,284329
SUMCO Corp,Japan,Technology,91333430
SUN Tekstil Sanayi Ve Ticaret AS,Türkiye,Consumer Discretionary,7404149
SUNeVision Holdings Ltd,Hong Kong,Technology,25524871
SUPCON Technology Co Ltd,China,Industrials,26951931
SUSS MicroTec SE,Germany,Technology,16434595
SWCC Corp,Japan,Industrials,10340780
Saab AB,Sweden,Industrials,446186266
Sabra Health Care REIT Inc,United States,Real Estate,54384871
Sabre Corp,United States,Consumer Discretionary,522993
Sabre Insurance Group PLC,United Kingdom,Financials,3412846
Sacyr SA,Spain,Industrials,42274388
Safari Industries India Ltd,India,Consumer Discretionary,5730074
Safaricom PLC,Kenya,Telecommunications,75568530
Safe Fertility Group PCL,Thailand,Health Care,2346608
Safehold Inc,United States,Financials,623271
Safestore Holdings PLC,United Kingdom,Real Estate,35232456
Safety Insurance Group Inc,United States,Financials,79
Safie Inc,Japan,Technology,8376891
Saga PLC,United Kingdom,Consumer Discretionary,10291730
Sagami Holdings Corp,Japan,Consumer Discretionary,253928
Sagax AB,Sweden,Real Estate,85207256
Sage Group PLC/The,United Kingdom,Technology,345169840
Sagility India Ltd,India,Health Care,5998587
Saia Inc,United States,Industrials,103599455
Saibu Gas Holdings Co Ltd,Japan,Utilities,2083659
Saigon Thuong Tin Commercial JSB,Vietnam,Financials,38539270
SailPoint Inc,United States,Technology,123378529
Sailun Group Co Ltd,China,Consumer Discretionary,36082816
Saipem SpA,Italy,Energy,153111959
Saizeriya Co Ltd,Japan,Consumer Discretionary,29754854
Sakai Chemical Industry Co Ltd,Japan,Basic Materials,768785
Sakai Moving Service Co Ltd,Japan,Industrials,2034437
Sakata INX Corp,Japan,Basic Materials,2174191
Sakata Seed Corp,Japan,Consumer Staples,5061012
Sakura Development Co Ltd,Taiwan,Real Estate,2641
Sakura Internet Inc,Japan,Technology,2616702
Sala Corp,Japan,Utilities,826114
Salesforce Inc,United States,Technology,2772825359
Salfacorp SA,Chile,Industrials,18085774
Salik Co PJSC,United Arab Emirates,Industrials,199512762
Salvatore Ferragamo SpA,Italy,Consumer Discretionary,5146827
Sam Chun Dang Pharm Co Ltd,South Korea,Health Care,1354144
Sam Engineering & Equipment M Bhd,Malaysia,Industrials,23617521
Sam-A Aluminum Co Ltd,South Korea,Basic Materials,83705
Sambu Engineering & Construction Co Ltd,South Korea,Industrials,13238
Sampath Bank PLC,Sri Lanka,Financials,2462285
Sampo Corp,Taiwan,Consumer Discretionary,210812
Sampo Oyj,Finland,Financials,304539638
Samsara Inc,United States,Technology,154222207
Samsonite Group SA,Hong Kong,Consumer Discretionary,139343855
Samsung Biologics Co Ltd,South Korea,Health Care,133587105
Samsung C&T Corp,South Korea,Industrials,172608643
Samsung Card Co Ltd,South Korea,Financials,2212167
Samsung E&A Co Ltd,South Korea,Industrials,39053322
Samsung Electro-Mechanics Co Ltd,South Korea,Technology,44967029
Samsung Electronics Co Ltd,South Korea,Telecommunications,4169102217
Samsung Fire & Marine Insurance Co Ltd,South Korea,Financials,163728926
Samsung Heavy Industries Co Ltd,South Korea,Industrials,30957411
Samsung Life Insurance Co Ltd,South Korea,Financials,112600103
Samsung SDI Co Ltd,South Korea,Industrials,154967677
Samsung SDS Co Ltd,South Korea,Technology,77208885
Samsung Securities Co Ltd,South Korea,Financials,42771626
Samty Residential Investment Corp,Japan,Real Estate,2675399
Samvardhana Motherson International Ltd,India,Consumer Discretionary,73253165
Samwha Capacitor Co Ltd,South Korea,Industrials,183434
Samyang Corp,South Korea,Consumer Staples,63468
Samyang Foods Co Ltd,South Korea,Consumer Staples,31974625
Samyang Holdings Corp,South Korea,Industrials,259158
Samyang Packaging Corp,South Korea,Industrials,3570186
San Miguel Food and Beverage Inc,Philippines,Consumer Staples,4634294
San ju San Financial Group Inc,Japan,Financials,1012158
San-A Co Ltd,Japan,Consumer Staples,37289065
San-Ai Obbli Co Ltd,Japan,Energy,4348863
San-In Godo Bank Ltd/The,Japan,Financials,8658246
Sancy Bhd,Malaysia,Health Care,1670823
Sandfire Resources Ltd,Australia,Basic Materials,34950327
Sandisk Corp/DE,United States,Technology,78271696
Sandoz Group AG,Switzerland,Health Care,410176630
Sands China Ltd,Hong Kong,Consumer Discretionary,163144207
Sandvik AB,Sweden,Industrials,509350609
Sanergy Group Ltd,Hong Kong,Basic Materials,47
Sangetsu Corp,Japan,Consumer Discretionary,7160165
Sanken Electric Co Ltd,Japan,Technology,5942712
Sanki Engineering Co Ltd,Japan,Industrials,15327446
Sankyo Co Ltd,Japan,Consumer Discretionary,62651221
Sankyo Seiko Co Ltd,Japan,Consumer Discretionary,174548
Sankyo Tateyama Inc,Japan,Industrials,67874
Sankyu Inc,Japan,Industrials,37176014
Sanlam Ltd,South Africa,Financials,254441506
Sanlorenzo SpA/Ameglia,Italy,Consumer Discretionary,628853
Sanmina Corp,United States,Technology,63670699
Sanofi Consumer Healthcare India Ltd,India,Health Care,7022033
Sanofi India Ltd,India,Health Care,6715632
Sanofi SA,France,Health Care,2000355101
Sanoh Industrial Co Ltd,Japan,Consumer Discretionary,69012
Sanoma Oyj,Finland,Consumer Discretionary,16080652
Sanrio Co Ltd,Japan,Consumer Discretionary,105317208
Sansan Inc,Japan,Technology,17640051
Sansera Engineering Ltd,India,Consumer Discretionary,5993715
Sanshin Electronics Co Ltd,Japan,Technology,208025
Sansiri PCL,Thailand,Real Estate,947393
Santam Ltd,South Africa,Financials,19368468
Santander Bank Polska SA,Poland,Financials,5552770
Santec Holdings Corp,Japan,Industrials,533116
Santen Pharmaceutical Co Ltd,Japan,Health Care,110272222
Santos Brasil Participacoes SA,Brazil,Industrials,12603954
Sanwa Holdings Corp,Japan,Industrials,123245174
Sany Heavy Equipment International Holdings Co Ltd,China,Industrials,8732006
Sany Heavy Industry Co Ltd,China,Industrials,72000851
Sanyang Motor Co Ltd,Taiwan,Consumer Discretionary,15660539
Sanyo Chemical Industries Ltd,Japan,Basic Materials,2398643
Sanyo Denki Co Ltd,Japan,Industrials,23583279
Sanyo Electric Railway Co Ltd,Japan,Industrials,110976
Sao Carlos Empreendimentos e Participacoes SA,Brazil,Real Estate,3200650
Sapiens International Corp NV,Israel,Technology,1342034
Sapphire Foods India Ltd,India,Consumer Discretionary,2684896
Sappi Ltd,South Africa,Basic Materials,16218459
Sapporo Holdings Ltd,Japan,Consumer Staples,45834615
Saputo Inc,Canada,Consumer Staples,65009548
Saramin Co Ltd,South Korea,Industrials,3566359
Sarana Menara Nusantara Tbk PT,Indonesia,Telecommunications,3666088
Sarantis SA,Greece,Consumer Staples,4648446
Saratovskiy Neftepererabatyvayuschiy Zavod PJSC,Russia,Energy,21474
Sarda Energy & Minerals Ltd,India,Basic Materials,5695476
Saregama India Ltd,India,Consumer Discretionary,3553270
Sarepta Therapeutics Inc,United States,Health Care,15619260
Sartorius AG,Germany,Health Care,251938858
Sartorius Stedim Biotech,France,Health Care,110202673
Satellite Chemical Co Ltd,China,Basic Materials,53823416
Sato Corp,Japan,Technology,3675890
Saul Centers Inc,United States,Real Estate,873984
Savills PLC,United Kingdom,Real Estate,31025078
Savior Lifetec Corp,Taiwan,Health Care,541677
Sawai Group Holdings Co Ltd,Japan,Health Care,18782726
Sberbank of Russia PJSC,Russia,Financials,41972336
Scales Corp Ltd,New Zealand,Consumer Staples,8004551
ScanSource Inc,United States,Technology,681503
Scandic Hotels Group AB,Sweden,Consumer Discretionary,42006173
Scanway SA,Poland,Industrials,898789
Scentre Group,Australia,Real Estate,209534303
Schaeffler AG,Germany,Consumer Discretionary,65205876
Schaeffler India Ltd,India,Consumer Discretionary,21417796
Schindler Holding AG,Switzerland,Industrials,421855587
Schloss Bangalore Ltd,India,Consumer Discretionary,7059257
Schlumberger NV,United States,Energy,609076913
Schneider Electric Infrastructure Ltd,India,Industrials,6099989
Schneider Electric SE,France,Industrials,3510937746
Schneider National Inc,United States,Industrials,353435
Schoeller-Bleckmann Oilfield Equipment AG,Austria,Energy,946795
Scholar Rock Holding Corp,United States,Health Care,41628347
Schott Pharma AG & Co KGaA,Germany,Health Care,21896409
Schouw & Co A/S,Denmark,Industrials,25390370
Schroders PLC,United Kingdom,Financials,1249096
Schrodinger Inc/United States,United States,Technology,310592
SciDev Ltd,Australia,Utilities,1345368
Scicom MSC Bhd,Malaysia,Industrials,1507280
Science Applications International Corp,United States,Technology,81147667
Scientech Corp,Taiwan,Technology,21104854
Scientex BHD,Malaysia,Industrials,4813784
Scilex Holding Co,United States,Health Care,80363
ScinoPharm Taiwan Ltd,Taiwan,Health Care,336288
Scope Fluidics SA,Poland,Health Care,3311795
Scope Metals Group Ltd,Israel,Industrials,9610743
Scorpio Tankers Inc,United States,Industrials,3194104
Scotts Miracle-Gro Co/The,United States,Basic Materials,13609659
Scout24 SE,Germany,Technology,222284165
Sdiptech AB,Sweden,Industrials,890463
SeAH Holdings Corp,South Korea,Basic Materials,2512711
SeAH Steel Holdings Corp,South Korea,Basic Materials,23706252
Sea Harvest Group Ltd,South Africa,Consumer Staples,8199188
Sea Ltd,Singapore,Technology,1103831508
Seagate Technology Holdings PLC,United States,Technology,200104452
Seal Inc Bhd,Malaysia,Real Estate,1815706
Sealed Air Corp,United States,Industrials,37434437
Seaport Entertainment Group Inc,United States,Real Estate,248269
Seatrium Ltd,Singapore,Industrials,58056700
Seazen Group Ltd,China,Real Estate,708795
Sebang Global Battery Co Ltd,South Korea,Consumer Discretionary,1638502
Secom Co Ltd,Japan,Industrials,245907032
Sectra AB,Sweden,Health Care,105766356
Secunet Security Networks AG,Germany,Technology,8046742
Secure Trust Bank PLC,United Kingdom,Financials,1340175
Securitas AB,Sweden,Industrials,129759972
Security Bank Corp,Philippines,Financials,20179
Seegene Inc,South Korea,Health Care,809793
Sega Sammy Holdings Inc,Japan,Consumer Discretionary,61783564
Segezha Group PJSC,Russia,Basic Materials,434910
Segro PLC,United Kingdom,Real Estate,1056182545
Seibu Holdings Inc,Japan,Consumer Discretionary,204078542
Seika Corp,Japan,Industrials,303583
Seikagaku Corp,Japan,Health Care,404013
Seiko Epson Corp,Japan,Technology,61200728
Seiko Group Corp,Japan,Consumer Discretionary,2592537
Seino Holdings Co Ltd,Japan,Industrials,28678687
Seiren Co Ltd,Japan,Consumer Discretionary,22908506
Sekisui Chemical Co Ltd,Japan,Consumer Discretionary,96590363
Sekisui House Ltd,Japan,Consumer Discretionary,255068947
Sekisui House Reit Inc,Japan,Real Estate,35187396
Sekisui Jushi Corp,Japan,Industrials,2692715
Select Harvests Ltd,Australia,Consumer Staples,3262054
Select Medical Holdings Corp,United States,Health Care,574715
Selective Insurance Group Inc,United States,Financials,61437276
Sella Capital Real Estate Ltd,Israel,Real Estate,247667
Selvita SA,Poland,Health Care,1089916
Sembcorp Industries Ltd,Singapore,Utilities,81842535
Semen Indonesia Persero Tbk PT,Indonesia,Industrials,8058824
Sempra,United States,Utilities,691307826
Semtech Corp,United States,Technology,14269070
Senao International Co Ltd,Taiwan,Consumer Discretionary,732300
Sendas Distribuidora S/A,Brazil,Consumer Staples,103905135
Senior PLC,United Kingdom,Industrials,891585
Senko Group Holdings Co Ltd,Japan,Industrials,23859788
Sensata Technologies Holding PLC,United States,Industrials,53385030
SenseTime Group Inc,China,Technology,2480803
Senshu Electric Co Ltd,Japan,Industrials,1308844
Senshu Ikeda Holdings Inc,Japan,Financials,3771675
Sensient Technologies Corp,United States,Basic Materials,50728047
SentinelOne Inc,United States,Technology,74691203
Sentul City Tbk PT,Indonesia,Real Estate,14738420
Seojin System Co Ltd,South Korea,Telecommunications,266961
Septeni Holdings Co Ltd,Japan,Consumer Discretionary,2073050
Serco Group PLC,United Kingdom,Industrials,47887351
Sercomm Corp,Taiwan,Telecommunications,11128646
Serena Energia SA,Brazil,Utilities,529409
Seres Group Co Ltd,China,Consumer Discretionary,74285093
Seria Co Ltd,Japan,Consumer Discretionary,12852012
Serko Ltd,New Zealand,Technology,5004383
Sermsang Power Corp Co Ltd,Thailand,Utilities,832299
Sern Kou Resource Bhd,Malaysia,Consumer Discretionary,5697233
Service Corp International/US,United States,Consumer Discretionary,147368676
Service Properties Trust,United States,Real Estate,1375445
Service Stream Ltd,Australia,Telecommunications,8556839
ServiceNow Inc,United States,Technology,2575612841
ServiceTitan Inc,United States,Technology,13686564
ServisFirst Bancshares Inc,United States,Financials,47309236
Sesa SpA,Italy,Technology,35847157
Seven & i Holdings Co Ltd,Japan,Consumer Staples,971899765
Seven Bank Ltd,Japan,Financials,16174357
Seven West Media Ltd,Australia,Consumer Discretionary,4251444
Severn Trent PLC,United Kingdom,Utilities,207614043
Shaftesbury Capital PLC,United Kingdom,Real Estate,983244569
Shake Shack Inc,United States,Consumer Discretionary,8150723
Shakey's Pizza Asia Ventures Inc,Philippines,Consumer Discretionary,805692
Shakti Pumps India Ltd,India,Industrials,7313679
Shandong Chenming Paper Holdings Ltd,China,Basic Materials,113018
Shandong Gold Mining Co Ltd,China,Basic Materials,106685422
Shandong Himile Mechanical Science & Technology Co Ltd,China,Industrials,3306925
Shandong Hualu Hengsheng Chemical Co Ltd,China,Basic Materials,20964353
Shandong Nanshan Aluminum Co Ltd,China,Basic Materials,4069403
Shandong Sinocera Functional Material Co Ltd,China,Basic Materials,11697024
Shandong Weigao Group Medical Polymer Co Ltd,China,Health Care,117282281
Shanghai Bailian Group Co Ltd,China,Consumer Staples,2463502
Shanghai Baosight Software Co Ltd,China,Technology,9759398
Shanghai Chlor-Alkali Chemical Co Ltd,China,Basic Materials,775066
Shanghai Commercial & Savings Bank Ltd/The,Taiwan,Financials,74625366
Shanghai Conant Optical Co Ltd,China,Health Care,9366675
Shanghai Electric Group Co Ltd,China,Industrials,734
Shanghai Flyco Electrical Appliance Co Ltd,China,Consumer Discretionary,944448
Shanghai Fosun Pharmaceutical Group Co Ltd,China,Health Care,3279
Shanghai Fudan Microelectronics Group Co Ltd,China,Technology,11548637
Shanghai Haohai Biological Technology Co Ltd,China,Health Care,685790
Shanghai Huace Navigation Technology Ltd,China,Telecommunications,6339289
Shanghai Jin Jiang Online Network Service Co Ltd,China,Industrials,33634
Shanghai Jinjiang International Hotels Co Ltd,China,Consumer Discretionary,5767263
Shanghai Jinqiao Export Processing Zone Development Co Ltd,China,Real Estate,1656030
Shanghai Junshi Biosciences Co Ltd,China,Health Care,8391305
Shanghai Lujiazui Finance & Trade Zone Development Co Ltd,China,Real Estate,6554485
Shanghai M&G Stationery Inc,China,Consumer Staples,448241
Shanghai Mechanical and Electrical Industry Co Ltd,China,Industrials,2365475
Shanghai MicroPort MedBot Group Co Ltd,China,Health Care,5523220
Shanghai Pharmaceuticals Holding Co Ltd,China,Health Care,13874571
Shanghai United Imaging Healthcare Co Ltd,China,Health Care,763999
Shanghai Waigaoqiao Free Trade Zone Group Co Ltd,China,Real Estate,141862
Shanghai Zhenhua Heavy Industries Co Ltd,China,Industrials,255972
Shangri-La Asia Ltd,Hong Kong,Consumer Discretionary,36922
Shanxi Xinghuacun Fen Wine Factory Co Ltd,China,Consumer Staples,23326997
Sharingtechnology Inc,Japan,Technology,729357
SharkNinja Inc,United States,Consumer Discretionary,81983221
Sharp Corp/Japan,Japan,Technology,14629671
Sheela Foam Ltd,India,Consumer Discretionary,3664660
Shell PLC,United Kingdom,Energy,5281804481
Sheng Siong Group Ltd,Singapore,Consumer Staples,17161157
Shengyi Technology Co Ltd,China,Technology,241567247
Shennan Circuits Co Ltd,China,Technology,2585971
Shenwan Hongyuan Group Co Ltd,China,Financials,8428788
Shenzhen Dobot Corp Ltd,China,Industrials,3883761
Shenzhen Envicool Technology Co Ltd,China,Industrials,21567727
Shenzhen Expressway Corp Ltd,China,Industrials,8343911
Shenzhen Fastprint Circuit Tech Co Ltd,China,Technology,813643
Shenzhen Inovance Technology Co Ltd,China,Industrials,55022539
Shenzhen International Holdings Ltd,China,Industrials,2914461
Shenzhen Kedali Industry Co Ltd,China,Consumer Discretionary,35559946
Shenzhen Kstar Science And Technology Co Ltd,China,Industrials,6307281
Shenzhen Megmeet Electrical Co Ltd,China,Industrials,10939503
Shenzhen Mindray Bio-Medical Electronics Co Ltd,China,Health Care,119029945
Shenzhen Noposin Crop Science Co Ltd,China,Basic Materials,2212451
Shenzhen Senior Technology Material Co Ltd,China,Basic Materials,1285792
Shenzhen Sunlord Electronics Co Ltd,China,Technology,59038586
Shenzhen Sunway Communication Co Ltd,China,Telecommunications,71684984
Shenzhen Transsion Holdings Co Ltd,China,Telecommunications,7958262
Shenzhen VMAX New Energy Group Co Ltd,China,Consumer Discretionary,2264901
Shenzhou International Group Holdings Ltd,Hong Kong,Consumer Discretionary,169558024
Sherwin-Williams Co/The,United States,Industrials,1279827016
Shibaura Machine Co Ltd,Japan,Industrials,6826922
Shibaura Mechatronics Corp,Japan,Technology,36689258
Shibusawa Logistics Corp,Japan,Industrials,569864
Shibuya Corp,Japan,Industrials,3592388
Shiga Bank Ltd/The,Japan,Financials,13436912
Shihlin Electric & Engineering Corp,Taiwan,Industrials,16910311
Shikoku Bank Ltd/The,Japan,Financials,528591
Shikoku Kasei Holdings Corp,Japan,Basic Materials,3279394
Shimadaya Corp,Japan,Consumer Staples,104625
Shimadzu Corp,Japan,Industrials,104192154
Shimamura Co Ltd,Japan,Consumer Discretionary,69140382
Shimano Inc,Japan,Consumer Discretionary,143116137
Shimao Services Holdings Ltd,China,Real Estate,27
Shimizu Corp,Japan,Industrials,114377149
Shin Foong Specialty & Applied Materials Co Ltd,Taiwan,Basic Materials,232343
Shin Kong Financial Holding Co Ltd,Taiwan,Financials,122398167
Shin Nippon Air Technologies Co Ltd,Japan,Industrials,542337
Shin Nippon Biomedical Laboratories Ltd,Japan,Health Care,757
Shin Poong Pharmaceutical Co Ltd,South Korea,Health Care,394621
Shin Zu Shing Co Ltd,Taiwan,Industrials,57487072
Shin-Etsu Chemical Co Ltd,Japan,Basic Materials,1215126655
Shin-Etsu Polymer Co Ltd,Japan,Basic Materials,6824260
Shinagawa Refractories Co Ltd,Japan,Industrials,2046688
Shindengen Electric Manufacturing Co Ltd,Japan,Industrials,268060
Shinfox Energy Co Ltd,Taiwan,Energy,5323954
Shinhan Alpha REIT Co Ltd,South Korea,Real Estate,99281
Shinhan Financial Group Co Ltd,South Korea,Financials,413322685
Shining Building Business Co Ltd,Taiwan,Real Estate,527437
Shinko Shoji Co Ltd,Japan,Technology,231673
Shinkong Insurance Co Ltd,Taiwan,Financials,2090031
Shinkong Synthetic Fibers Corp,Taiwan,Basic Materials,6711783
Shinmaywa Industries Ltd,Japan,Industrials,4824484
Shinnihon Corp,Japan,Industrials,9222655
Shinsegae Inc,South Korea,Consumer Discretionary,12698022
Shinsegae International Inc,South Korea,Consumer Discretionary,9261
Shinsho Corp,Japan,Basic Materials,8395
Shinsung Delta Tech Co Ltd,South Korea,Consumer Discretionary,529054
Shinsung E&G Co Ltd,South Korea,Industrials,124575
Shinwa Co Ltd/Nagoya,Japan,Industrials,222825
Shiny Chemical Industrial Co Ltd,Taiwan,Basic Materials,11726588
Shionogi & Co Ltd,Japan,Health Care,175364972
Ship Healthcare Holdings Inc,Japan,Health Care,21752353
Shiseido Co Ltd,Japan,Consumer Discretionary,488177052
Shizuoka Financial Group Inc,Japan,Financials,86862220
Shizuoka Gas Co Ltd,Japan,Utilities,2156519
Shoals Technologies Group Inc,United States,Energy,5079201
Shochiku Co Ltd,Japan,Consumer Discretionary,469
Shoe Zone PLC,United Kingdom,Consumer Discretionary,1891083
Shoei Co Ltd,Japan,Consumer Discretionary,14515559
Shoei Foods Corp,Japan,Consumer Staples,2481332
Shofu Inc,Japan,Health Care,16658221
Shopify Inc,Canada,Technology,1869567094
Shoprite Holdings Ltd,South Africa,Consumer Staples,115859564
Shoucheng Holdings Ltd,China,Industrials,2318104
Showa Sangyo Co Ltd,Japan,Consumer Staples,3565765
Shree Cement Ltd,India,Industrials,33916629
Shree Renuka Sugars Ltd,India,Consumer Staples,1886918
Shriram Finance Ltd,India,Financials,202926739
Shriram Pistons & Rings Ltd,India,Consumer Discretionary,491129
Shufersal Ltd,Israel,Consumer Staples,28522647
Shui On Land Ltd,China,Real Estate,430870
Shun Tak Holdings Ltd,Hong Kong,Real Estate,654075
ShunSin Technology Holding Ltd,Taiwan,Technology,5896652
Shurgard Self Storage Ltd,Belgium,Real Estate,30474943
Shyam Metalics & Energy Ltd,India,Basic Materials,8339317
SiS Distribution Thailand PCL,Thailand,Consumer Discretionary,4582326
SiTime Corp,United States,Technology,3507297
Siam Cement PCL/The,Thailand,Industrials,13673535
Siam Global House PCL,Thailand,Consumer Discretionary,13806370
Siam Wellness Group Pcl,Thailand,Consumer Discretionary,4377239
Sibanye Stillwater Ltd,South Africa,Basic Materials,14780607
Sichuan Biokin Pharmaceutical Co Ltd,China,Health Care,16424994
Sichuan Expressway Co Ltd,China,Industrials,9641228
Sichuan Kelun Pharmaceutical Co Ltd,China,Health Care,3174212
Sichuan Kelun-Biotech Biopharmaceutical Co Ltd,China,Health Care,90228005
Siegfried Holding AG,Switzerland,Health Care,107335010
Siemens AG,Germany,Industrials,3769965379
Siemens Energy AG,Germany,Energy,2260217076
Siemens Energy India Ltd,India,Industrials,10041233
Siemens Healthineers AG,Germany,Health Care,1104874465
Siemens Ltd,India,Industrials,37754517
Sieyuan Electric Co Ltd,China,Technology,109382690
Sigma Healthcare Ltd,Australia,Consumer Staples,95965232
Sigma Lithium Corp,United States,Basic Materials,11250000
SignatureGlobal India Ltd,India,Real Estate,11747929
Signet Jewelers Ltd,United States,Consumer Discretionary,158145
Signify NV,Netherlands,Industrials,72132964
Sigurd Microelectronics Corp,Taiwan,Technology,17068141
Sihuan Pharmaceutical Holdings Group Ltd,China,Health Care,1463079
Siix Corp,Japan,Technology,715753
Sika AG,Switzerland,Industrials,1203554806
Silergy Corp,Taiwan,Technology,37859800
Silex Systems Ltd,Australia,Technology,2492894
Silgan Holdings Inc,United States,Industrials,48626008
Silicon Integrated Systems Corp,Taiwan,Technology,6888860
Silicon Laboratories Inc,United States,Technology,45856664
Silicon2 Co Ltd,South Korea,Consumer Discretionary,25035008
Siltronic AG,Germany,Technology,13759543
Silvair Inc,United States,Technology,423060
Silvano Fashion Group AS,Estonia,Consumer Discretionary,1366628
Silver Grant International Holdings Group Ltd,China,Real Estate,5992
Simcere Pharmaceutical Group Ltd,China,Health Care,11078920
Sime Darby Bhd,Malaysia,Consumer Discretionary,11522329
Sime Darby Property Bhd,Malaysia,Real Estate,13344376
Simmons First National Corp,United States,Financials,19
Simon Property Group Inc,United States,Real Estate,1040298859
Simplex Holdings Inc,Japan,Technology,8021139
Simplo Technology Co Ltd,Taiwan,Industrials,41030018
Simply Good Foods Co/The,United States,Consumer Staples,36419384
Simpson Manufacturing Co Inc,United States,Industrials,77528267
Sims Ltd,Australia,Utilities,9707505
Sinanen Holdings Co Ltd,Japan,Energy,138461
Sinar Eka Selaras Tbk PT,Indonesia,Consumer Discretionary,583923
Sinbon Electronics Co Ltd,Taiwan,Industrials,53144081
Sincere Navigation Corp,Taiwan,Industrials,216223
Sinch AB,Sweden,Technology,37510635
Sinclair Inc,United States,Consumer Discretionary,489518
Sindoh Co Ltd,South Korea,Technology,14421145
Sinfonia Technology Co Ltd,Japan,Industrials,22507156
Singamas Container Holdings Ltd,Hong Kong,Industrials,523710
Singapore Airlines Ltd,Singapore,Consumer Discretionary,125958700
Singapore Exchange Ltd,Singapore,Financials,105005718
Singapore Post Ltd,Singapore,Industrials,12698479
Singapore Technologies Engineering Ltd,Singapore,Industrials,160982324
Singapore Telecommunications Ltd,Singapore,Telecommunications,409808292
Sinko Industries Ltd,Japan,Industrials,2966697
Sino Biopharmaceutical Ltd,China,Health Care,89934720
Sino Land Co Ltd,Hong Kong,Real Estate,53788003
Sino-American Silicon Products Inc,Taiwan,Technology,26988582
SinoPac Financial Holdings Co Ltd,Taiwan,Financials,181641899
Sinon Corp,Taiwan,Basic Materials,1665026
Sinopec Engineering Group Co Ltd,China,Industrials,11883822
Sinopec Kantons Holdings Ltd,China,Energy,5544624
Sinopec Oilfield Service Corp,China,Energy,3419056
Sinopec Shanghai Petrochemical Co Ltd,China,Energy,9100318
Sinopharm Group Co Ltd,China,Consumer Staples,14455074
Sinotruk Hong Kong Ltd,China,Industrials,26483777
Sintokogio Ltd,Japan,Industrials,475477
Sinyi Realty Inc,Taiwan,Real Estate,4748041
Sirius Real Estate Ltd,United Kingdom,Real Estate,1954310
Sirius XM Holdings Inc,United States,Consumer Discretionary,39300774
SiriusPoint Ltd,United States,Financials,1147406
Sistema AFK PAO,Russia,Financials,1852461
SiteMinder Ltd,Australia,Technology,14154563
SiteOne Landscape Supply Inc,United States,Consumer Discretionary,923982
Sitronix Technology Corp,Taiwan,Technology,14024061
Six Flags Entertainment Corp,United States,Consumer Discretionary,882
Sixt SE,Germany,Consumer Discretionary,66253412
Skandinaviska Enskilda Banken AB,Sweden,Financials,190442215
Skanska AB,Sweden,Industrials,207529
Skechers USA Inc,United States,Consumer Discretionary,132309279
SkiStar AB,Sweden,Consumer Discretionary,1097090
Skshu Paint Co Ltd,China,Industrials,17030223
SkyWorld Development Bhd,Malaysia,Real Estate,2159705
Skylark Holdings Co Ltd,Japan,Consumer Discretionary,5371427
Skyworks Solutions Inc,United States,Technology,138431184
Slide Insurance Holdings Inc,United States,Financials,866400
Sligro Food Group NV,Netherlands,Consumer Staples,164157
SmarTone Telecommunications Holdings Ltd,Hong Kong,Telecommunications,601544
SmartCentres Real Estate Investment Trust,Canada,Real Estate,19
SmartGroup Corp Ltd,Australia,Industrials,20036243
SmartRent Inc,United States,Technology,247500
Smartfit Escola de Ginastica e Danca SA,Brazil,Consumer Discretionary,85315297
Smartpay Holdings Ltd,New Zealand,Industrials,5117757
Smartsens Technology Shanghai Co Ltd,China,Technology,8684950
Smith & Nephew PLC,United Kingdom,Health Care,269843277
Smithfield Foods Inc,United States,Consumer Staples,31294900
Smiths Group PLC,United Kingdom,Industrials,210377034
Smoore International Holdings Ltd,China,Consumer Staples,28670956
Smurfit WestRock PLC,United Kingdom,Industrials,766863265
Snam SpA,Italy,Energy,85033649
Snap-on Inc,United States,Industrials,158093443
Snowflake Inc,United States,Technology,1017318838
SoFi Technologies Inc,United States,Financials,169159792
Sobha Ltd,India,Real Estate,9011149
Sociedad Matriz SAAM SA,Chile,Industrials,14105154
Sociedad Quimica y Minera de Chile SA,Chile,Basic Materials,95244276
Sociedad de Inversiones Oro Blanco SA,Chile,Financials,3567128
Societe BIC SA,France,Consumer Staples,25628804
Societe Generale SA,France,Financials,99016063
Socionext Inc,Japan,Technology,62041085
Sodexo SA,France,Consumer Discretionary,102019700
Sofina SA,Belgium,Financials,111131948
Soft-World International Corp,Taiwan,Consumer Discretionary,157702
SoftBank Corp,Japan,Telecommunications,843946235
SoftBank Group Corp,Japan,Telecommunications,1191014349
Softcat PLC,United Kingdom,Technology,49989498
Softwareone Holding AG,Switzerland,Technology,5491373
Sohgo Security Services Co Ltd,Japan,Industrials,52505953
Sojitz Corp,Japan,Industrials,97543858
Sok Marketler Ticaret AS,Türkiye,Consumer Staples,874515
SolGold PLC,United Kingdom,Basic Materials,7802105
Solar Applied Materials Technology Corp,Taiwan,Basic Materials,52207509
Solar Industries India Ltd,India,Basic Materials,54521992
SolarEdge Technologies Inc,United States,Energy,245
Solasto Corp,Japan,Health Care,4045718
Soleno Therapeutics Inc,United States,Health Care,6944105
Sollers PJSC,Russia,Consumer Discretionary,27956
Solus Advanced Materials Co Ltd,South Korea,Industrials,292810
Solusi Sinergi Digital Tbk PT,Indonesia,Technology,1822790
Solvar Ltd,Australia,Financials,705286
Solvay SA,Belgium,Basic Materials,54685829
Solventum Corp,United States,Health Care,140494586
Somboon Advance Technology PCL,Thailand,Consumer Discretionary,2488468
Somec SpA,Italy,Industrials,695725
Somnigroup International Inc,United States,Consumer Discretionary,211982487
Sompo Holdings Inc,Japan,Financials,1044146981
Sona Blw Precision Forgings Ltd,India,Consumer Discretionary,27646984
Sonae SGPS SA,Portugal,Consumer Staples,26654562
Sonata Software Ltd,India,Technology,8995381
Songwon Industrial Co Ltd,South Korea,Basic Materials,110099
Sonic Healthcare Ltd,Australia,Health Care,156107278
Sonix Technology Co Ltd,Taiwan,Technology,269397
Sonoco Products Co,United States,Industrials,53618135
Sonos Inc,United States,Consumer Discretionary,288519
Sonoscape Medical Corp,China,Health Care,1863678
Sonova Holding AG,Switzerland,Health Care,339362297
Sony Group Corp,Japan,Consumer Discretionary,3224769736
Sopra Steria Group,France,Technology,86678793
Sorento Capital Bhd,Malaysia,Industrials,3579979
Sotera Health Co,United States,Health Care,9607046
Sotetsu Holdings Inc,Japan,Consumer Discretionary,24895066
Soulbrain Co Ltd,South Korea,Basic Materials,320895
Soulbrain Holdings Co Ltd,South Korea,Basic Materials,100095
Sourcenext Corp,Japan,Technology,100246
South Bow Corp,Canada,Energy,26136901
South Indian Bank Ltd/The,India,Financials,6200002
South32 Ltd,Australia,Basic Materials,118721586
SouthState Corp,United States,Financials,109029045
Southern Co/The,United States,Utilities,1154462976
Southern Copper Corp,United States,Basic Materials,90807966
Southern Cross Electrical Engineering Ltd,Australia,Industrials,3042164
Southern Score Builders Bhd,Malaysia,Industrials,6957606
Southwest Airlines Co,United States,Consumer Discretionary,40667887
Southwest Gas Holdings Inc,United States,Utilities,63338175
Space42 PLC,United Arab Emirates,Telecommunications,273470
Spark New Zealand Ltd,New Zealand,Telecommunications,25529589
Spartan Resources Ltd/Australia,Australia,Basic Materials,24801847
Sparx Group Co Ltd,Japan,Financials,1727616
Spectris PLC,United Kingdom,Industrials,135531878
Spectrum Brands Holdings Inc,United States,Consumer Staples,16843930
Speedy Hire PLC,United Kingdom,Industrials,5432616
Sphere Entertainment Co,United States,Consumer Discretionary,550631
Spigen Korea Co Ltd,South Korea,Consumer Discretionary,2839226
Spinneys 1961 Holding PLC,United Arab Emirates,Consumer Staples,40273500
Spirax Group PLC,United Kingdom,Industrials,218742072
Spire Healthcare Group PLC,United Kingdom,Health Care,8948718
Spire Inc,United States,Utilities,45155045
Spirent Communications PLC,United Kingdom,Telecommunications,24646036
Spirit AeroSystems Holdings Inc,United States,Industrials,94743694
Sporton International Inc,Taiwan,Industrials,16913329
Sportradar Group AG,United States,Technology,25552800
Sports Toto Bhd,Malaysia,Consumer Discretionary,3419
Spotify Technology SA,United States,Consumer Discretionary,794289748
SpringWorks Therapeutics Inc,United States,Health Care,85292066
Springer Nature AG & Co KGaA,Germany,Consumer Discretionary,17164664
Sprinklr Inc,United States,Technology,22588005
Spritzer BHD,Malaysia,Consumer Staples,3633773
Sprott Inc,Canada,Financials,40160773
Sprout Social Inc,United States,Technology,10693813
Sprouts Farmers Market Inc,United States,Consumer Staples,198079701
Spur Corp Ltd,South Africa,Consumer Discretionary,2633824
Square Enix Holdings Co Ltd,Japan,Consumer Discretionary,100343687
Square Pharmaceuticals PLC,Bangladesh,Health Care,35893264
Sri Trang Agro-Industry PCL,Thailand,Basic Materials,8467384
Sri Trang Gloves Thailand PCL,Thailand,Health Care,37
Srinanaporn Marketing PCL,Thailand,Consumer Staples,690573
Srisawad Corp PCL,Thailand,Financials,25621976
St Galler Kantonalbank AG,Switzerland,Financials,38262080
St James's Place PLC,United Kingdom,Financials,422440333
St Joe Co/The,United States,Real Estate,1095526
St Marc Holdings Co Ltd,Japan,Consumer Discretionary,300160
St Shine Optical Co Ltd,Taiwan,Health Care,713885
Stabilus SE,Germany,Industrials,1547535
Stadio Holdings Ltd,South Africa,Consumer Discretionary,3151100
Stadler Rail AG,Switzerland,Industrials,23656581
Stalprofil SA,Poland,Basic Materials,399019
Stanbic Holdings Plc,Kenya,Financials,8792271
Standard Bank Group Ltd,South Africa,Financials,226111067
Standard Chartered Bank Kenya Ltd,Kenya,Financials,5813791
Standard Chartered PLC,United Kingdom,Financials,1122611711
Standard Foods Corp,Taiwan,Consumer Staples,8128977
StandardAero Inc,United States,Industrials,202187954
Standex International Corp,United States,Industrials,1328359
Stanley Black & Decker Inc,United States,Industrials,104854575
Stanley Electric Co Ltd,Japan,Consumer Discretionary,25474389
Stanmore Resources Ltd,Australia,Energy,13055663
Stantec Inc,Canada,Industrials,157513126
Star Asia Investment Corp,Japan,Real Estate,9024409
Star Bulk Carriers Corp,United States,Industrials,1443601
Star Health & Allied Insurance Co Ltd,India,Financials,71803366
Star Holdings,United States,Real Estate,151756
Star Mica Holdings Co Ltd,Japan,Real Estate,7032261
Star Micronics Co Ltd,Japan,Industrials,1615441
Star Petroleum Refining PCL,Thailand,Energy,6952238
Star7 S.P.A.,Italy,Industrials,1946544
StarHub Ltd,Singapore,Telecommunications,8867769
StarPower Semiconductor Ltd,China,Technology,2662124
Starbreeze AB,Sweden,Consumer Discretionary,700182
Starbucks Corp,United States,Consumer Discretionary,1224660790
Starflex PCL,Thailand,Industrials,925828
Starhill Global REIT,Singapore,Real Estate,10439140
Starts Corp Inc,Japan,Real Estate,6130305
Starts Proceed Investment Corp,Japan,Real Estate,1212866
Starwood Property Trust Inc,United States,Financials,71491969
Starz Entertainment Corp,United States,Consumer Discretionary,293069
Starzen Co Ltd,Japan,Consumer Staples,322875
State Bank of India,India,Financials,298315726
State Street Corp,United States,Financials,250002043
Steadfast Group Ltd,Australia,Financials,152896757
Stecon Group PCL,Thailand,Industrials,6504264
Steel Dynamics Inc,United States,Basic Materials,335918594
Steel Hawk Bhd,Malaysia,Energy,463248
Steelcase Inc,United States,Consumer Discretionary,410984
Stef SA,France,Industrials,1055733
Steico SE,Germany,Industrials,2769089
Stella Chemifa Corp,Japan,Basic Materials,305113
Stella International Holdings Ltd,Hong Kong,Consumer Discretionary,18840764
Stella-Jones Inc,Canada,Basic Materials,2618212
Stellantis NV,Italy,Consumer Discretionary,394648052
StepStone Group Inc,United States,Financials,757908
Stepan Co,United States,Basic Materials,33621
Sterling and Wilson Renewable,India,Industrials,20306461
Sterlite Technologies Ltd,India,Telecommunications,1065645
Steven Madden Ltd,United States,Consumer Discretionary,255147
Steyr Motors AG,Austria,Industrials,8101913
Stifel Financial Corp,United States,Financials,143377051
Stillfront Group AB,Sweden,Consumer Discretionary,722022
Stitch Fix Inc,United States,Consumer Discretionary,188704
Stock Yards Bancorp Inc,United States,Financials,1297878
Stockland,Australia,Real Estate,144696957
StoneCo Ltd,United States,Industrials,78132540
Stoneweg Europe Stapled Trust,Singapore,Real Estate,10465070
Stora Enso Oyj,Finland,Basic Materials,1041116
Storskogen Group AB,Sweden,Financials,35302432
Strabag SE,Austria,Industrials,50522094
Strandline Resources Ltd,Australia,Basic Materials,169508
Strategic Education Inc,United States,Consumer Discretionary,8160306
Straumann Holding AG,Switzerland,Health Care,288369058
Strauss Group Ltd,Israel,Consumer Staples,7076848
Stride Inc,United States,Consumer Discretionary,92858297
Strides Pharma Science Ltd,India,Health Care,7144948
Strike Co Ltd,Japan,Industrials,1549793
Strix Group PLC,United Kingdom,Industrials,324627
Stroeer SE & Co KGaA,Germany,Consumer Discretionary,45072886
Stryker Corp,United States,Health Care,1853609237
Studio Dragon Corp,South Korea,Consumer Discretionary,12104638
Subaru Corp,Japan,Consumer Discretionary,505054167
Suedzucker AG,Germany,Consumer Staples,15470430
Sugi Holdings Co Ltd,Japan,Consumer Staples,43958942
Suheung Co Ltd,South Korea,Health Care,7420673
Sulzer AG,Switzerland,Industrials,64836139
Sumber Alfaria Trijaya Tbk PT,Indonesia,Consumer Staples,18786779
Sumida Corp,Japan,Technology,269401
Sumiseki Holdings Inc,Japan,Energy,6387
Sumitomo Bakelite Co Ltd,Japan,Industrials,38205639
Sumitomo Chemical Co Ltd,Japan,Basic Materials,48806562
Sumitomo Chemical India Ltd,India,Basic Materials,7864634
Sumitomo Corp,Japan,Industrials,418409071
Sumitomo Densetsu Co Ltd,Japan,Industrials,4227269
Sumitomo Electric Industries Ltd,Japan,Consumer Discretionary,353101318
Sumitomo Heavy Industries Ltd,Japan,Industrials,11460708
Sumitomo Metal Mining Co Ltd,Japan,Basic Materials,94844317
Sumitomo Mitsui Construction Co Ltd,Japan,Industrials,4418310
Sumitomo Mitsui Financial Group Inc,Japan,Financials,1727574491
Sumitomo Mitsui Trust Group Inc,Japan,Financials,393290542
Sumitomo Osaka Cement Co Ltd,Japan,Industrials,8635333
Sumitomo Pharma Co Ltd,Japan,Health Care,4065683
Sumitomo Realty & Development Co Ltd,Japan,Real Estate,207664182
Sumitomo Riko Co Ltd,Japan,Consumer Discretionary,3067055
Sumitomo Rubber Industries Ltd,Japan,Consumer Discretionary,30971780
Sumitomo Warehouse Co Ltd/The,Japan,Industrials,7583068
Summarecon Agung Tbk PT,Indonesia,Real Estate,10226240
Summerset Group Holdings Ltd,New Zealand,Health Care,33434245
Summit Real Estate Holdings Ltd,Israel,Real Estate,1043728
Summit Therapeutics Inc,United States,Health Care,46757842
Sun Art Retail Group Ltd,China,Consumer Discretionary,6174979
Sun Communities Inc,United States,Real Estate,923129586
Sun Frontier Fudousan Co Ltd,Japan,Real Estate,3324137
Sun Hung Kai & Co Ltd,Hong Kong,Financials,433
Sun Hung Kai Properties Ltd,Hong Kong,Real Estate,360054292
Sun International Ltd/South Africa,South Africa,Consumer Discretionary,8540057
Sun Life Financial Inc,Canada,Financials,353950749
Sun Pharma Advanced Research Co Ltd,India,Health Care,1164022
Sun Pharmaceutical Industries Ltd,India,Health Care,456393061
Sun TV Network Ltd,India,Consumer Discretionary,6569121
SunCoke Energy Inc,United States,Energy,4579329
SunPower Corp,United States,Energy,11
Sunac China Holdings Ltd,China,Real Estate,109
Sunac Services Holdings Ltd,China,Real Estate,1
Suncorp Group Ltd,Australia,Financials,254373680
Sundaram Finance Ltd,India,Financials,42812038
Sundram Fasteners Ltd,India,Consumer Discretionary,14401102
Sundrug Co Ltd,Japan,Consumer Staples,60921210
Sung Kwang Bend Co Ltd,South Korea,Basic Materials,4942991
Sungrow Power Supply Co Ltd,China,Energy,7383237
Sungwoo Hitech Co Ltd,South Korea,Consumer Discretionary,28944
Sunny Optical Technology Group Co Ltd,China,Technology,143310671
Sunonwealth Electric Machine Industry Co Ltd,Taiwan,Industrials,23645642
Sunplus Technology Co Ltd,Taiwan,Technology,292566
Sunrex Technology Corp,Taiwan,Technology,1680106
Sunrise Communications AG,Switzerland,Telecommunications,106661133
Sunrisemezz PLC,Greece,Financials,881358
Sunrun Inc,United States,Utilities,3361620
Sunshine 100 China Holdings Ltd,China,Real Estate,4312
Sunshine Holdings PLC,Sri Lanka,Consumer Discretionary,2757013
Sunshine Insurance Group Co Ltd,China,Financials,3375446
Sunstone Hotel Investors Inc,United States,Real Estate,2142675
Suntec Real Estate Investment Trust,Singapore,Real Estate,33456393
Suntory Beverage & Food Ltd,Japan,Consumer Staples,45628546
Sunway Bhd,Malaysia,Real Estate,25084052
Sunway Real Estate Investment Trust,Malaysia,Real Estate,8336658
Sunwoda Electronic Co Ltd,China,Consumer Staples,1610255
Suofeiya Home Collection Co Ltd,China,Consumer Discretionary,15455548
Supalai PCL,Thailand,Real Estate,5273938
Super Group Ltd/South Africa,South Africa,Industrials,4583473
Super Hi International Holding Ltd,Hong Kong,Consumer Discretionary,3039606
Super Micro Computer Inc,United States,Technology,145240743
Super Retail Group Ltd,Australia,Consumer Discretionary,11069230
Superior Plus Corp,Canada,Utilities,1261536
Superloop Ltd,Australia,Telecommunications,27794039
Supermarket Income Reit PLC,United Kingdom,Real Estate,2637
Supermax Corp Bhd,Malaysia,Health Care,2041
Supernus Pharmaceuticals Inc,United States,Health Care,989886
Supply Network Ltd,Australia,Industrials,10509101
Suprajit Engineering Ltd,India,Consumer Discretionary,3488487
Supreme Electronics Co Ltd,Taiwan,Technology,9325171
Supreme Industries Ltd,India,Industrials,126378303
Supreme Petrochem Ltd,India,Basic Materials,6231119
Surgery Partners Inc,United States,Health Care,26608932
Surgutneftegas PAO,Russia,Energy,3430719
Surmodics Inc,United States,Health Care,938836
Suruga Bank Ltd,Japan,Financials,3615685
Surya Citra Media Tbk PT,Indonesia,Consumer Discretionary,5530302
Surya Semesta Internusa Tbk PT,Indonesia,Industrials,6392474
Suzano SA,Brazil,Basic Materials,166257180
Suzhou TFC Optical Communication Co Ltd,China,Telecommunications,12260305
Suzlon Energy Ltd,India,Energy,93416898
Suzuken Co Ltd/Aichi Japan,Japan,Consumer Staples,38969518
Suzuki Motor Corp,Japan,Consumer Discretionary,345471531
Svenska Cellulosa AB SCA,Sweden,Basic Materials,645914590
Svenska Handelsbanken AB,Sweden,Financials,23593201
Swan Energy Ltd,India,Industrials,5350170
Swatch Group AG/The,Switzerland,Consumer Discretionary,120953062
Sweco AB,Sweden,Industrials,62019048
Swedbank AB,Sweden,Financials,1038283651
Swedish Logistic Property AB,Sweden,Real Estate,49474661
Swedish Orphan Biovitrum AB,Sweden,Health Care,103384401
Swiggy Ltd,India,Consumer Discretionary,155916493
Swire Pacific Ltd,Hong Kong,Consumer Staples,77941673
Swire Properties Ltd,Hong Kong,Real Estate,31616755
Swiss Life Holding AG,Switzerland,Financials,11042808
Swiss Prime Site AG,Switzerland,Real Estate,253172053
Swiss Re AG,Switzerland,Financials,1015210661
Swisscom AG,Switzerland,Telecommunications,389818153
Swissquote Group Holding SA,Switzerland,Financials,132700029
Syarikat Takaful Malaysia Keluarga Bhd,Malaysia,Financials,13793796
Sydbank AS,Denmark,Financials,78787998
Syensqo SA,Belgium,Basic Materials,121071085
Sylvamo Corp,United States,Basic Materials,576551
Symal Group Ltd,Australia,Industrials,2221077
Symphony Communication PCL,Thailand,Telecommunications,1176644
Symphony Ltd,India,Consumer Discretionary,2306214
Symrise AG,Germany,Basic Materials,682328388
Synaptics Inc,United States,Technology,25875755
Synchrony Financial,United States,Industrials,294076595
Syncmold Enterprise Corp,Taiwan,Technology,273982
Synektik SA,Poland,Health Care,18109076
Syngene International Ltd,India,Health Care,77243038
Synlab AG,Germany,Health Care,18786250
Synnex Technology International Corp,Taiwan,Technology,33637371
Synnex Thailand PCL,Thailand,Technology,3124541
Synopsys Inc,United States,Technology,631410536
Synovus Financial Corp,United States,Financials,89346841
Synsam AB,Sweden,Consumer Discretionary,2120055
Syntara Ltd,Australia,Health Care,1480063
Syrma SGS Technology Ltd,India,Technology,4520860
Sysco Corp,United States,Consumer Staples,486045166
Sysmex Corp,Japan,Health Care,107798253
Systemair AB,Sweden,Industrials,1077860
Systena Corp,Japan,Technology,4847872
Systex Corp,Taiwan,Technology,8791923
T Hasegawa Co Ltd,Japan,Basic Materials,4085001
T Rowe Price Group Inc,United States,Financials,78328182
T&D Holdings Inc,Japan,Financials,172301702
T&L Co Ltd,South Korea,Health Care,6195525
T-Mobile US Inc,United States,Telecommunications,1472761541
T3 Entertainment Co Ltd,South Korea,Consumer Discretionary,2378484
T3EX Global Holdings Corp,Taiwan,Industrials,1103269
TA Chen Stainless Pipe,Taiwan,Basic Materials,37802885
TA-I Technology Co Ltd,Taiwan,Technology,247926
TAB Gida Sanayi Ve Ticaret AS,Türkiye,Consumer Discretionary,12899091
TAC Consumer PCL,Thailand,Consumer Staples,2342989
TAG Immobilien AG,Germany,Real Estate,84253965
TAL Education Group,China,Consumer Discretionary,41126404
TAV Havalimanlari Holding AS,Türkiye,Industrials,52353632
TBC Bank Group PLC,United Kingdom,Financials,88963826
TBS Energi Utama Tbk PT,Indonesia,Energy,1384571
TBS Holdings Inc,Japan,Consumer Discretionary,16133218
TC Energy Corp,Canada,Energy,481977174
TCC Group Holdings Co Ltd,Taiwan,Industrials,71007607
TCC Steel,South Korea,Basic Materials,301676
TCI Co Ltd,Taiwan,Consumer Staples,3408140
TCL Electronics Holdings Ltd,China,Consumer Discretionary,7813
TCL Zhonghuan Renewable Energy Technology Co Ltd,China,Energy,4249265
TD SYNNEX Corp,United States,Technology,124618195
TDC Soft Inc,Japan,Technology,1357293
TDK Corp,Japan,Industrials,407383875
TE Connectivity PLC,United States,Technology,598377065
TEGNA Inc,United States,Consumer Discretionary,13425816
TELUS Corp,Canada,Telecommunications,76175510
TES Co Ltd/Korea,South Korea,Technology,93616
TFF Group,France,Industrials,5334423
TFI International Inc,Canada,Industrials,88366575
TFS Financial Corp,United States,Financials,5220106
TG Therapeutics Inc,United States,Health Care,18687196
THG PLC,United Kingdom,Consumer Staples,7012555
THK Co Ltd,Japan,Industrials,35889525
TIDLOR Holdings PCL,Thailand,Financials,63897367
TIM SA/Brazil,Brazil,Telecommunications,1141590
TIME dotCom Bhd,Malaysia,Telecommunications,9484632
TIS Inc,Japan,Technology,122682023
TJX Cos Inc/The,United States,Consumer Discretionary,1792673458
TK Corp,South Korea,Industrials,13390659
TKC Corp,Japan,Industrials,16081312
TKG Huchems Co Ltd,South Korea,Basic Materials,391320
TKH Group NV,Netherlands,Industrials,38013693
TKO Group Holdings Inc,United States,Consumer Discretionary,132440859
TKP Corp,Japan,Industrials,8684274
TLG Immobilien AG,Germany,Real Estate,538797
TMBThanachart Bank PCL,Thailand,Financials,2428519
TMK CHEMICAL BHD,Malaysia,Basic Materials,2014606
TMX Group Ltd,Canada,Financials,115095795
TOA Paint Thailand PCL,Thailand,Industrials,185136
TOC Co Ltd,Japan,Real Estate,1933420
TOKAI Holdings Corp,Japan,Utilities,5537153
TOMONY Holdings Inc,Japan,Financials,4808017
TOPPAN Holdings Inc,Japan,Industrials,97498579
TORM PLC,Denmark,Industrials,20921710
TOTO Ltd,Japan,Industrials,86891549
TOTVS SA,Brazil,Technology,1371275
TP ICAP Group PLC,United Kingdom,Financials,63431433
TPG Inc,United States,Financials,83794015
TPG RE Finance Trust Inc,United States,Financials,2410184
TPG Telecom Ltd,Australia,Telecommunications,17495781
TPI Polene Power PCL,Thailand,Utilities,568534
TPK Holding Co Ltd,Taiwan,Technology,335691
TPR Co Ltd,Japan,Consumer Discretionary,704697
TQM Alpha PCL,Thailand,Financials,9193438
TRE Holdings Corp,Japan,Utilities,16638972
TRYT Inc,Japan,Industrials,159255
TS Tech Co Ltd,Japan,Consumer Discretionary,13736837
TSE Co Ltd,South Korea,Technology,3862286
TSEC Corp,Taiwan,Energy,696231
TSI Holdings Co Ltd,Japan,Consumer Discretionary,1931791
TSRC Corp,Taiwan,Basic Materials,8061171
TT Vision Holdings Bhd,Malaysia,Technology,2427574
TTK Prestige Ltd,India,Consumer Discretionary,2894127
TTM Technologies Inc,United States,Technology,11050545
TTW PCL,Thailand,Utilities,804950
TTY Biopharm Co Ltd,Taiwan,Health Care,9197460
TUI AG,Germany,Consumer Discretionary,88899203
TV Asahi Holdings Corp,Japan,Consumer Discretionary,15567248
TVC Holdings PLC,Ireland,Financials,30
TVS Holdings Ltd,India,Consumer Discretionary,6192590
TVS Motor Co Ltd,India,Consumer Discretionary,85791920
TVS Supply Chain Solutions Ltd/India,India,Industrials,3221135
TX Group AG,Switzerland,Consumer Discretionary,5374030
TXC Corp,Taiwan,Technology,12162828
TXNM Energy Inc,United States,Utilities,98560000
TYC Brother Industrial Co Ltd,Taiwan,Consumer Discretionary,248529
Ta Ya Electric Wire & Cable,Taiwan,Industrials,15011941
Taaleem Holdings PJSC,United Arab Emirates,Consumer Discretionary,56631766
Taaleem Management Services Co SAE,Egypt,Consumer Discretionary,4480975
Tabcorp Holdings Ltd,Australia,Consumer Discretionary,13112444
Tachi-S Co Ltd,Japan,Consumer Discretionary,454128
Tachibana Eletech Co Ltd,Japan,Industrials,504708
Tactile Systems Technology Inc,United States,Health Care,1464216
Tadano Ltd,Japan,Industrials,5501760
Taewoong Co Ltd,South Korea,Industrials,7178432
TaiMed Biologics Inc,Taiwan,Health Care,7750361
Taichung Commercial Bank Co Ltd,Taiwan,Financials,40854493
Taiflex Scientific Co Ltd,Taiwan,Technology,274367
Taigen Biopharmaceuticals Holdings Ltd,Taiwan,Health Care,633943
Taihan Electric Wire Co Ltd,South Korea,Industrials,1071829
Taihei Dengyo Kaisha Ltd,Japan,Industrials,5914826
Taiheiyo Cement Corp,Japan,Industrials,46979813
Taiho Kogyo Co Ltd,Japan,Consumer Discretionary,33362
Taikisha Ltd,Japan,Industrials,12790195
Taisei Corp,Japan,Industrials,156260989
Taishin Financial Holding Co Ltd,Taiwan,Financials,1241
Taiwan Business Bank,Taiwan,Financials,40834724
Taiwan Cogeneration Corp,Taiwan,Industrials,6682194
Taiwan Cooperative Financial Holding Co Ltd,Taiwan,Financials,94735588
Taiwan Fertilizer Co Ltd,Taiwan,Basic Materials,14765552
Taiwan Glass Industry Corp,Taiwan,Industrials,151871
Taiwan High Speed Rail Corp,Taiwan,Industrials,24666045
Taiwan Hon Chuan Enterprise Co Ltd,Taiwan,Industrials,27794727
Taiwan Land Development Corp,Taiwan,Real Estate,185422
Taiwan Mobile Co Ltd,Taiwan,Telecommunications,52220011
Taiwan PCB Techvest Co Ltd,Taiwan,Technology,736840
Taiwan Paiho Ltd,Taiwan,Basic Materials,12349927
Taiwan Secom Co Ltd,Taiwan,Industrials,11393465
Taiwan Semiconductor Manufacturing Co Ltd,Taiwan,Technology,17406706904
Taiwan Speciality Chemicals Corp,Taiwan,Basic Materials,10699130
Taiwan Styrene Monomer,Taiwan,Industrials,192801
Taiwan Surface Mounting Technology Corp,Taiwan,Technology,15933162
Taiwan TEA Corp,Taiwan,Consumer Staples,5661
Taiwan Union Technology Corp,Taiwan,Technology,56742605
Taiwan-Asia Semiconductor Corp,Taiwan,Technology,59
Taiyen Biotech Co Ltd,Taiwan,Consumer Staples,809757
Taiyo Holdings Co Ltd,Japan,Basic Materials,47449533
Taiyo Yuden Co Ltd,Japan,Technology,24860725
Takamatsu Construction Group Co Ltd,Japan,Industrials,2495522
Takaoka Toko Co Ltd,Japan,Industrials,106554
Takara Bio Inc,Japan,Health Care,1849052
Takara Holdings Inc,Japan,Consumer Staples,47888938
Takara Leben Real Estate Investment Corp,Japan,Real Estate,4975580
Takara Standard Co Ltd,Japan,Consumer Discretionary,6290124
Takasago International Corp,Japan,Basic Materials,5170549
Takasago Thermal Engineering Co Ltd,Japan,Industrials,76173779
Takashimaya Co Ltd,Japan,Consumer Discretionary,38375546
Take-Two Interactive Software Inc,United States,Consumer Discretionary,722148231
Takeda Pharmaceutical Co Ltd,Japan,Health Care,742597752
Takeuchi Manufacturing Co Ltd,Japan,Industrials,4842469
Taki Chemical Co Ltd,Japan,Basic Materials,253901
Takkt AG,Germany,Industrials,602139
Takuma Co Ltd,Japan,Utilities,8650246
Talaat Moustafa Group,Egypt,Real Estate,23200772
Talabat Holding PLC,United Arab Emirates,Consumer Discretionary,172756067
Talanx AG,Germany,Financials,173521094
Talen Energy Corp,United States,Utilities,168188346
Taliworks Corp Bhd,Malaysia,Utilities,1891001
Tallink Grupp AS,Estonia,Consumer Discretionary,4813312
Tama Home Co Ltd,Japan,Consumer Discretionary,2125873
Tamburi Investment Partners SpA,Italy,Financials,16018861
Tamilnad Mercantile Bank Ltd,India,Financials,2833564
Tamron Co Ltd,Japan,Consumer Discretionary,2576835
Tanger Inc,United States,Real Estate,3101362
Tanla Platforms Ltd,India,Technology,5069514
Tanseisha Co Ltd,Japan,Industrials,4970293
Tapdi Oksijen Ozel Saglik Hizmetleri Sanayi VE Ticaret AS,Türkiye,Health Care,2992763
Tapestry Inc,United States,Consumer Discretionary,227246748
Tapex Co Ltd,South Korea,Industrials,1046803
Targa Resources Corp,United States,Energy,700576778
Target Corp,United States,Consumer Discretionary,568966539
Tarsus Pharmaceuticals Inc,United States,Health Care,19094551
Tata Chemicals Ltd,India,Basic Materials,13041366
Tata Communications Ltd,India,Telecommunications,81014334
Tata Consultancy Services Ltd,India,Technology,295137591
Tata Consumer Products Ltd,India,Consumer Staples,94379311
Tata Elxsi Ltd,India,Technology,26528046
Tata Investment Corp Ltd,India,Financials,8098746
Tata Motors Ltd,India,Consumer Discretionary,218277436
Tata Steel Ltd,India,Basic Materials,206746826
Tata Technologies Ltd,India,Technology,14329833
Tata Teleservices Maharashtra Ltd,India,Telecommunications,1631853
Tate & Lyle PLC,United Kingdom,Consumer Staples,39943550
Tatung Co Ltd,Taiwan,Industrials,1291
Tayca Corp,Japan,Basic Materials,252237
Taylor Morrison Home Corp,United States,Consumer Discretionary,93626560
Taylor Wimpey PLC,United Kingdom,Consumer Discretionary,116706042
Tbo Tek Ltd,India,Consumer Discretionary,31993590
TeamLease Services Ltd,India,Industrials,1061548
TeamViewer SE,Germany,Technology,61613784
Tecan Group AG,Switzerland,Health Care,50486885
Tech Mahindra Ltd,India,Technology,226423111
TechMatrix Corp,Japan,Technology,6910807
TechWing Inc,South Korea,Technology,3907186
Technip Energies NV,France,Energy,20989495
TechnipFMC PLC,United States,Energy,151413049
Techno Electric & Engineering Co Ltd,India,Industrials,9516845
TechnoPro Holdings Inc,Japan,Technology,42211256
Technogym SpA,Italy,Consumer Discretionary,24139411
Technology One Ltd,Australia,Technology,116336890
Technoprobe SpA,Italy,Technology,16421528
Techtronic Industries Co Ltd,Hong Kong,Industrials,267645873
Teck Resources Ltd,Canada,Basic Materials,432287069
Tecnicas Reunidas SA,Spain,Energy,1310091
Teco Electric and Machinery Co Ltd,Taiwan,Industrials,24571636
Teejay Lanka PLC,Sri Lanka,Basic Materials,3405983
Teijin Ltd,Japan,Basic Materials,25624801
Teikoku Sen-I Co Ltd,Japan,Consumer Discretionary,236656
Tejas Networks Ltd,India,Telecommunications,27550696
Tel Aviv Stock Exchange Ltd,Israel,Financials,31402809
Teladoc Health Inc,United States,Health Care,1550380
Tele2 AB,Sweden,Telecommunications,205583164
Telecom Egypt Co,Egypt,Telecommunications,2772608
Telecom Italia SpA/Milano,Italy,Telecommunications,316478884
Telecom Plus PLC,United Kingdom,Utilities,49473818
Teledyne Technologies Inc,United States,Industrials,313052149
Teleflex Inc,United States,Health Care,65765787
Telefonaktiebolaget LM Ericsson,Sweden,Telecommunications,323140745
Telefonica Brasil SA,Brazil,Telecommunications,34072039
Telefonica SA,Spain,Telecommunications,458364875
Telekom Austria AG,Austria,Telecommunications,19993046
Telekom Malaysia Bhd,Malaysia,Telecommunications,53219980
Teleperformance SE,France,Industrials,349997622
Telephone and Data Systems Inc,United States,Telecommunications,12068487
Television Broadcasts Ltd,Hong Kong,Consumer Discretionary,584817
Television Francaise 1 SA,France,Consumer Discretionary,20069387
Telia Co AB,Sweden,Telecommunications,185181899
Telix Pharmaceuticals Ltd,Australia,Health Care,80862299
Telkom Indonesia Persero Tbk PT,Indonesia,Telecommunications,46522704
Telkom SA SOC Ltd,South Africa,Telecommunications,5385288
Telstra Group Ltd,Australia,Telecommunications,348356015
Temenos AG,Switzerland,Technology,128694599
Temple & Webster Group Ltd,Australia,Consumer Discretionary,17782942
Tempus AI Inc,United States,Health Care,8678420
Tenable Holdings Inc,United States,Technology,44754446
Tenaris SA,Italy,Energy,158215447
Tencent Holdings Ltd,China,Technology,8347307312
Tencent Music Entertainment Group,China,Consumer Discretionary,151647184
Tenet Healthcare Corp,United States,Health Care,206981280
Tennant Co,United States,Industrials,179521
Tera Yatirim Menkul Degerler AS,Türkiye,Financials,16253911
Teradyne Inc,United States,Technology,149823175
Terex Corp,United States,Industrials,24869849
Terna - Rete Elettrica Nazionale,Italy,Utilities,104160872
TerraSky Co Ltd,Japan,Technology,151079
Terreno Realty Corp,United States,Real Estate,156524507
Terumo Corp,Japan,Health Care,482470017
Terveystalo Oyj,Finland,Health Care,2520091
Tesco PLC,United Kingdom,Consumer Staples,801440263
Tesla Inc,United States,Consumer Discretionary,11692457234
Tess Holdings Co Ltd,Japan,Utilities,128852
Tessenderlo Group SA,Belgium,Basic Materials,14439127
Test Research Inc,Taiwan,Technology,12699471
Tetra Tech Inc,United States,Industrials,104842890
Teva Pharmaceutical Industries Ltd,Israel,Health Care,662052093
Texas Capital Bancshares Inc,United States,Financials,45363602
Texas Instruments Inc,United States,Technology,2831581562
Texas Roadhouse Inc,United States,Consumer Discretionary,159006703
Texmaco Rail & Engineering Ltd,India,Industrials,4657175
Text SA,Poland,Technology,3236731
Thai Airways International PCL,Thailand,Consumer Discretionary,2200502
Thai Beverage PCL,Singapore,Consumer Staples,45528100
Thai Credit Bank PCL,Thailand,Financials,5921674
Thai Life Insurance PCL,Thailand,Financials,43485801
Thai Oil PCL,Thailand,Energy,12091029
Thai Optical Group PCL,Thailand,Health Care,2347174
Thai Vegetable Oil PCL,Thailand,Consumer Staples,727704
Thaicom PCL,Thailand,Telecommunications,409895
Thales SA,France,Industrials,503895739
Thanachart Capital PCL,Thailand,Financials,20772910
The Campbell's Company,United States,Consumer Staples,36048293
Theme International Holdings Ltd,Hong Kong,Basic Materials,866
Thermax Ltd,India,Industrials,16784393
Thermo Fisher Scientific Inc,United States,Health Care,2232385317
Thinking Electronic Industrial Co Ltd,Taiwan,Technology,2689734
Thomas Cook India Ltd,India,Consumer Discretionary,3415996
Thomson Reuters Corp,Canada,Technology,268578740
Thonburi Healthcare Group PCL,Thailand,Health Care,120737
Thong Guan Industries Bhd,Malaysia,Industrials,2527150
Thor Industries Inc,United States,Consumer Discretionary,52627030
Three Squirrels Inc,China,Consumer Staples,2270562
Thule Group AB,Sweden,Consumer Discretionary,70633951
Thunder Software Technology Co Ltd,China,Technology,7125
Thyssenkrupp Nucera AG & Co KGaa,Germany,Energy,10447723
Tian Di Science & Technology Co Ltd,China,Industrials,3580629
Tian Lun Gas Holdings Ltd,China,Utilities,335557
Tiangong International Co Ltd,China,Basic Materials,849577
Tianjin Capital Environmental Protection Group Co Ltd,China,Utilities,1024204
Tianli International Holdings Ltd,China,Consumer Discretionary,62380757
Tianneng Power International Ltd,China,Consumer Discretionary,1921455
Tianqi Lithium Corp,China,Basic Materials,5674938
Tidewater Inc,United States,Energy,46
TietoEVRY Oyj,Finland,Technology,55479010
Tiger Brands Ltd,South Africa,Consumer Staples,10445735
Time Technoplast Ltd,India,Industrials,5207821
Timee Inc,Japan,Industrials,18223323
Timken Co/The,United States,Basic Materials,23708469
Timken India Ltd,India,Industrials,15878023
Tinexta Spa,Italy,Financials,13664600
Tingyi Cayman Islands Holding Corp,China,Consumer Staples,112879670
Tipco Asphalt PCL,Thailand,Industrials,9990339
Tiptree Inc,United States,Financials,1766142
Tisco Financial Group PCL,Thailand,Financials,700880
Titagarh Rail System Ltd,India,Industrials,9382633
Titan Co Ltd,India,Consumer Discretionary,182042561
Titan SA,Greece,Industrials,30572914
Toa Corp/Hyogo,Japan,Consumer Discretionary,301751
Toa Corp/Tokyo,Japan,Industrials,5824911
Toagosei Co Ltd,Japan,Basic Materials,6855446
Toast Inc,United States,Technology,241034462
Tobu Railway Co Ltd,Japan,Industrials,60149026
Tocalo Co Ltd,Japan,Industrials,26476790
Toda Corp,Japan,Industrials,22900148
Toei Animation Co Ltd,Japan,Consumer Discretionary,24149963
Toei Co Ltd,Japan,Consumer Discretionary,7599965
Toenec Corp,Japan,Industrials,2166515
Tofas Turk Otomobil Fabrikasi AS,Türkiye,Consumer Discretionary,13215104
Toho Bank Ltd/The,Japan,Financials,811201
Toho Co Ltd/Tokyo,Japan,Consumer Discretionary,36093251
Toho Gas Co Ltd,Japan,Utilities,30853073
Toho Holdings Co Ltd,Japan,Consumer Staples,20438896
Toho Titanium Co Ltd,Japan,Basic Materials,1505459
Tohoku Electric Power Co Inc,Japan,Utilities,53650836
Tokai Carbon Co Ltd,Japan,Basic Materials,17397731
Tokai Carbon Korea Co Ltd,South Korea,Technology,36224124
Tokai Corp/Gifu,Japan,Industrials,2472072
Tokai Rika Co Ltd,Japan,Consumer Discretionary,5956304
Tokai Tokyo Financial Holdings Inc,Japan,Financials,5328293
Token Corp,Japan,Consumer Discretionary,4443315
Tokio Marine Holdings Inc,Japan,Financials,1575828160
Tokmanni Group Corp,Finland,Consumer Discretionary,1134348
Tokushu Tokai Paper Co Ltd,Japan,Basic Materials,305324
Tokuyama Corp,Japan,Basic Materials,10229803
Tokyo Cement Co Lanka PLC,Sri Lanka,Industrials,3533846
Tokyo Century Corp,Japan,Consumer Discretionary,42701319
Tokyo Electric Power Co Holdings Inc,Japan,Utilities,66675629
Tokyo Electron Device Ltd,Japan,Technology,2469277
Tokyo Electron Ltd,Japan,Technology,1413241168
Tokyo Energy & Systems Inc,Japan,Industrials,311768
Tokyo Gas Co Ltd,Japan,Utilities,192695423
Tokyo Individualized Educational Institute Inc,Japan,Consumer Discretionary,117892
Tokyo Keiki Inc,Japan,Industrials,934646
Tokyo Kiraboshi Financial Group Inc,Japan,Financials,7669273
Tokyo Metro Co Ltd,Japan,Industrials,53025699
Tokyo Ohka Kogyo Co Ltd,Japan,Basic Materials,59512322
Tokyo Seimitsu Co Ltd,Japan,Technology,56535313
Tokyo Steel Manufacturing Co Ltd,Japan,Basic Materials,4621382
Tokyo Tatemono Co Ltd,Japan,Real Estate,20864563
Tokyotokeiba Co Ltd,Japan,Consumer Discretionary,10072640
Tokyu Construction Co Ltd,Japan,Industrials,6975870
Tokyu Corp,Japan,Consumer Discretionary,94677088
Tokyu Fudosan Holdings Corp,Japan,Real Estate,87137776
Tokyu REIT Inc,Japan,Real Estate,8864415
Toll Brothers Inc,United States,Consumer Discretionary,154781851
TomTom NV,Netherlands,Technology,755248
Tomoku Co Ltd,Japan,Industrials,91462
Tomy Co Ltd,Japan,Consumer Discretionary,23394581
Ton Yi Industrial Corp,Taiwan,Industrials,8360601
Tong Hsing Electronic Industries Ltd,Taiwan,Technology,9559724
Tong Yang Industry Co Ltd,Taiwan,Consumer Discretionary,31691710
Tong-Tai Machine & Tool Co Ltd,Taiwan,Industrials,865
TongFu Microelectronics Co Ltd,China,Technology,3576639
Tongcheng Travel Holdings Ltd,China,Consumer Discretionary,32428471
Tongwei Co Ltd,China,Energy,13885
Tongyang Life Insurance Co Ltd,South Korea,Financials,366389
Top Glove Corp Bhd,Malaysia,Health Care,4863415
TopBuild Corp,United States,Industrials,109891924
Topco Scientific Co Ltd,Taiwan,Technology,24740510
Topcon Corp,Japan,Industrials,24082637
Topgolf Callaway Brands Corp,United States,Consumer Discretionary,132294
Topkey Corp,Taiwan,Consumer Discretionary,397953
Topre Corp,Japan,Consumer Discretionary,19389775
Topsports International Holdings Ltd,China,Consumer Discretionary,11527710
Topy Industries Ltd,Japan,Consumer Discretionary,354384
Toray Industries Inc,Japan,Basic Materials,172906779
Toridoll Holdings Corp,Japan,Consumer Discretionary,16556440
Torishima Pump Manufacturing Co Ltd,Japan,Industrials,24935
Toro Co/The,United States,Industrials,13705559
Toromont Industries Ltd,Canada,Industrials,90836611
Toronto-Dominion Bank/The,Canada,Financials,1512358525
Torrent Pharmaceuticals Ltd,India,Health Care,33274181
Torrent Power Ltd,India,Utilities,36591360
Tosei Corp,Japan,Real Estate,24629511
Tosei Reit Investment Corp,Japan,Real Estate,792789
Toshiba TEC Corp,Japan,Technology,3395611
Tosho Co Ltd,Japan,Consumer Discretionary,37277
Tosoh Corp,Japan,Basic Materials,72589096
TotalEnergies SE,France,Energy,2077602179
Totech Corp,Japan,Industrials,3342452
Totetsu Kogyo Co Ltd,Japan,Industrials,5263218
Tovis Co Ltd,South Korea,Technology,5037051
Towa Corp,Japan,Technology,10172301
Towa Pharmaceutical Co Ltd,Japan,Health Care,3788110
Tower Semiconductor Ltd,Israel,Technology,12956189
Towne Bank/Portsmouth VA,United States,Financials,572173
Towngas Smart Energy Co Ltd,China,Utilities,451751
Toya SA,Poland,Industrials,3206106
Toyo Construction Co Ltd,Japan,Industrials,6624389
Toyo Corp/Chuo-ku,Japan,Industrials,287344
Toyo Denki Seizo KK,Japan,Industrials,900417
Toyo Kanetsu KK,Japan,Industrials,359140
Toyo Seikan Group Holdings Ltd,Japan,Industrials,37520560
Toyo Suisan Kaisha Ltd,Japan,Consumer Staples,84432271
Toyo Tire Corp,Japan,Consumer Discretionary,41372443
Toyobo Co Ltd,Japan,Basic Materials,16211589
Toyoda Gosei Co Ltd,Japan,Consumer Discretionary,29744499
Toyota Boshoku Corp,Japan,Consumer Discretionary,17191603
Toyota Industries Corp,Japan,Consumer Discretionary,449368344
Toyota Motor Corp,Japan,Consumer Discretionary,3057321944
Toyota Tsusho Corp,Japan,Industrials,199694331
Track & Field Co SA,Brazil,Consumer Discretionary,8104896
Tracsis PLC,United Kingdom,Technology,2466630
Tractor Supply Co,United States,Consumer Discretionary,269640821
Trade Desk Inc/The,United States,Consumer Discretionary,183747924
Trade Estates Real Estate Investment SA,Greece,Real Estate,5133636
Tradeweb Markets Inc,United States,Financials,203856290
Trainline PLC,United Kingdom,Consumer Discretionary,27431690
Trane Technologies PLC,United States,Industrials,1374607290
TransDigm Group Inc,United States,Industrials,1251809096
TransMedics Group Inc,United States,Health Care,5397119
TransUnion,United States,Industrials,146759008
Transaction Co Ltd,Japan,Consumer Staples,12982630
Transcend Information Inc,Taiwan,Technology,210416
Transcom Inc/Taiwan,Taiwan,Technology,5345340
Transcontinental Inc,Canada,Industrials,1354606
Transcosmos Inc,Japan,Industrials,22461836
Transformers & Rectifiers India Ltd,India,Industrials,6852362
Transmissora Alianca de Energia Eletrica S/A,Brazil,Utilities,997971
Transurban Group,Australia,Industrials,480896221
Traton SE,Germany,Industrials,76391456
Travel + Leisure Co,United States,Consumer Discretionary,50934012
TravelSky Technology Ltd,China,Technology,9280662
Travelers Cos Inc/The,United States,Financials,802369047
Travere Therapeutics Inc,United States,Health Care,1050800
Travis Perkins PLC,United Kingdom,Industrials,2460692
Treasury Wine Estates Ltd,Australia,Consumer Staples,77975764
TreeHouse Foods Inc,United States,Consumer Staples,14876
Trelleborg AB,Sweden,Industrials,123930747
Trend Micro Inc/Japan,Japan,Technology,90831967
Trent Ltd,India,Consumer Discretionary,152641651
Trex Co Inc,United States,Industrials,54794756
Tri Chemical Laboratories Inc,Japan,Basic Materials,2488369
Tri Pointe Homes Inc,United States,Consumer Discretionary,887539
TriMas Corp,United States,Industrials,191258
TriNet Group Inc,United States,Industrials,4312481
Trial Holdings Inc,Japan,Consumer Discretionary,6400
Trident Ltd/India,India,Basic Materials,3725148
Trifast PLC,United Kingdom,Industrials,2778124
Trigano SA,France,Consumer Discretionary,105130998
Trimble Inc,United States,Industrials,194800487
Trimegah Bangun Persada Tbk PT,Indonesia,Basic Materials,3940899
Trinity Industries Inc,United States,Industrials,690754
Trip.com Group Ltd,China,Consumer Discretionary,646736441
TripAdvisor Inc,United States,Consumer Discretionary,6655
Triple Flag Precious Metals Corp,Canada,Basic Materials,24750255
Tripod Technology Corp,Taiwan,Technology,65450524
Triputra Agro Persada PT,Indonesia,Consumer Staples,5516851
Tritax Big Box REIT PLC,United Kingdom,Real Estate,84994685
Triumph Financial Inc,United States,Financials,304373
Triumph Group Inc,United States,Industrials,12192625
Triveni Engineering & Industries Ltd,India,Consumer Staples,2112916
Triveni Turbine Ltd,India,Industrials,9192541
Troax Group AB,Sweden,Basic Materials,959232
True Corp PCL,Thailand,Telecommunications,34755443
Truist Financial Corp,United States,Financials,475477482
Truly International Holdings Ltd,Hong Kong,Technology,139
Trusco Nakayama Corp,Japan,Industrials,41394353
Trustmark Corp,United States,Financials,608991
Trustpilot Group PLC,United Kingdom,Technology,1121230
Truworths International Ltd,South Africa,Consumer Discretionary,69487628
Tryg A/S,Denmark,Financials,164309633
Tsingtao Brewery Co Ltd,China,Consumer Staples,82998225
Tsogo Sun Limited,South Africa,Consumer Discretionary,6994741
Tsubaki Nakashima Co Ltd,Japan,Industrials,174810
Tsubakimoto Chain Co,Japan,Industrials,6554941
Tsuburaya Fields Holdings Inc,Japan,Consumer Discretionary,16538992
Tsugami Corp,Japan,Industrials,8084413
Tsukishima Holdings Co Ltd,Japan,Industrials,16557988
Tsumura & Co,Japan,Health Care,27970459
Tsuruha Holdings Inc,Japan,Consumer Staples,60105649
Tsurumi Manufacturing Co Ltd,Japan,Industrials,2197431
Tsutsumi Jewelry Co Ltd,Japan,Consumer Discretionary,235360
Tuas Ltd,Australia,Telecommunications,15822080
Tube Investments of India Ltd,India,Basic Materials,43243666
Tuhu Car Inc,China,Consumer Discretionary,13833398
Tung Ho Steel Enterprise Corp,Taiwan,Basic Materials,17184760
Tung Thih Electronic Co Ltd,Taiwan,Consumer Discretionary,233450
Turk Hava Yollari AO,Türkiye,Consumer Discretionary,76155223
Turk Traktor ve Ziraat Makineleri AS,Türkiye,Industrials,39794511
Turk Tuborg Bira ve Malt Sanayii AS,Türkiye,Consumer Staples,4
Turkcell Iletisim Hizmetleri AS,Türkiye,Telecommunications,60405594
Turkiye Garanti Bankasi AS,Türkiye,Financials,84743591
Turkiye Is Bankasi AS,Türkiye,Financials,43390252
Turkiye Petrol Rafinerileri AS,Türkiye,Energy,44008909
Turkiye Sise ve Cam Fabrikalari AS,Türkiye,Industrials,397717
Turpaz Industries Ltd,Israel,Consumer Staples,13596121
Tutor Perini Corp,United States,Industrials,691081
Tv Tokyo Holdings Corp,Japan,Consumer Discretionary,8306470
Twilio Inc,United States,Technology,225022083
Twist Bioscience Corp,United States,Health Care,737382
Two Harbors Investment Corp,United States,Financials,955396
Tyler Technologies Inc,United States,Technology,740887562
Tyro Payments Ltd,Australia,Industrials,7272621
Tyson Foods Inc,United States,Consumer Staples,242798676
U Consumer Finance,Egypt,Financials,234620
U-Haul Holding Co,United States,Consumer Discretionary,83943061
U-Ming Marine Transport Corp,Taiwan,Industrials,9159299
U-Next Holdings Co Ltd,Japan,Consumer Discretionary,9029199
UACJ Corp,Japan,Basic Materials,17757095
UBCare Co Ltd,South Korea,Health Care,420902
UBE Corp,Japan,Basic Materials,26059188
UBS Group AG,Switzerland,Financials,4837837552
UBTech Robotics Corp Ltd,China,Industrials,16055671
UCB SA,Belgium,Health Care,613349257
UDR Inc,United States,Real Estate,1199220747
UEM Sunrise Bhd,Malaysia,Real Estate,8611884
UFP Industries Inc,United States,Basic Materials,74904523
UGI Corp,United States,Utilities,118939234
UL Solutions Inc,United States,Industrials,88218669
ULS Group Inc,Japan,Technology,2022825
UMB Financial Corp,United States,Financials,93828800
UMS Integration Ltd,Singapore,Technology,10419665
UNIQA Insurance Group AG,Austria,Financials,1844743
UNITE Group PLC/The,United Kingdom,Real Estate,504560365
UNO Minda Ltd,India,Consumer Discretionary,23929714
UOB-Kay Hian Holdings Ltd,Singapore,Financials,6965045
UOL Group Ltd,Singapore,Real Estate,39099193
UPC Technology Corp,Taiwan,Basic Materials,93346
UPI Semiconductor Corp,Taiwan,Technology,5254519
UPL Ltd,India,Basic Materials,38592611
UPM-Kymmene Oyj,Finland,Basic Materials,331476619
US Bancorp,United States,Financials,956519795
US Foods Holding Corp,United States,Consumer Staples,184412613
USS Co Ltd,Japan,Consumer Discretionary,75226308
UT Group Co Ltd,Japan,Industrials,1393671
UTI Asset Management Co Ltd,India,Financials,16795993
UUE Holdings Bhd,Malaysia,Industrials,3047082
UWC BHD,Malaysia,Basic Materials,12015422
Uber Technologies Inc,United States,Consumer Discretionary,2380701206
Ubiquiti Inc,United States,Telecommunications,1173202
Ubisoft Entertainment SA,France,Consumer Discretionary,9483423
Uchi Technologies Bhd,Malaysia,Industrials,5007980
Uchida Yoko Co Ltd,Japan,Technology,695058
Udemy Inc,United States,Consumer Discretionary,19310735
Ufaorgsintez OAO,Russia,Basic Materials,15
UiPath Inc,United States,Technology,55643520
Ujjivan Small Finance Bank Ltd,India,Financials,2213067
Uju Electronics Co Ltd,South Korea,Technology,4672252
Ulta Beauty Inc,United States,Consumer Discretionary,251629618
UltraTech Cement Ltd,India,Industrials,235226893
Ultragenyx Pharmaceutical Inc,United States,Health Care,35765078
Ultrajaya Milk Industry & Trading Co Tbk PT,Indonesia,Consumer Staples,5703385
Ultrapar Participacoes SA,Brazil,Energy,58057813
Ulvac Inc,Japan,Technology,43719205
Umedic Group Bhd,Malaysia,Health Care,408621
Umicore SA,Belgium,Basic Materials,299996180
Under Armour Inc,United States,Consumer Discretionary,25772508
Uni-Charm Indonesia Tbk PT,Indonesia,Consumer Staples,1831093
Uni-President China Holdings Ltd,China,Consumer Staples,24456157
Uni-President Enterprises Corp,Taiwan,Consumer Staples,176373292
UniCredit SpA,Italy,Financials,2780675855
UniFirst Corp/MA,United States,Industrials,35684253
UniTest Inc,South Korea,Technology,2035743
Unibail-Rodamco-Westfield,France,Real Estate,200730867
Unicaja Banco SA,Spain,Financials,58062664
Unicharm Corp,Japan,Consumer Staples,80918000
Unid Co Ltd,South Korea,Basic Materials,5377532
Unilever Indonesia Tbk PT,Indonesia,Consumer Staples,467054
Unilever PLC,United Kingdom,Consumer Staples,3063860527
Unimicron Technology Corp,Taiwan,Technology,105443533
Unimot SA,Poland,Utilities,5749867
Union Bank of India Ltd,India,Financials,33922640
Union Bank of the Philippines,Philippines,Financials,3548407
Union Pacific Corp,United States,Industrials,1827523139
Union Tool Co,Japan,Industrials,2544339
Unipol Assicurazioni SpA,Italy,Financials,311120998
Unipres Corp,Japan,Consumer Discretionary,387469
Unipro PJSC,Russia,Utilities,0
Unisem M Bhd,Malaysia,Technology,36192712
Unison Co Ltd/South Korea,South Korea,Energy,101711
Unisplendour Corp Ltd,China,Technology,6865350
Unitech Printed Circuit Board Corp,Taiwan,Technology,510356
United Airlines Holdings Inc,United States,Consumer Discretionary,141463810
United Arrows Ltd,Japan,Consumer Discretionary,4826834
United Bankshares Inc/WV,United States,Financials,60617917
United Breweries Ltd,India,Consumer Staples,11854206
United Community Banks Inc/GA,United States,Financials,42061484
United Fire Group Inc,United States,Financials,1185310
United Integrated Services Co Ltd,Taiwan,Industrials,60354991
United Internet AG,Germany,Telecommunications,42156352
United Laboratories International Holdings Ltd/The,Hong Kong,Health Care,32123875
United Microelectronics Corp,Taiwan,Technology,164648512
United Overseas Bank Ltd,Singapore,Financials,797395774
United Paper PCL,Thailand,Industrials,2658746
United Parcel Service Inc,United States,Industrials,810975580
United Parks & Resorts Inc,United States,Consumer Discretionary,7303959
United Plantations BHD,Malaysia,Consumer Staples,5631430
United Renewable Energy Co Ltd/Taiwan,Taiwan,Energy,21628
United Rentals Inc,United States,Industrials,806629217
United Spirits Ltd,India,Consumer Staples,48449790
United Super Markets Holdings Inc,Japan,Consumer Staples,3781638
United Therapeutics Corp,United States,Health Care,136453320
United U-Li Corp BHD,Malaysia,Basic Materials,1423541
United Urban Investment Corp,Japan,Real Estate,69685205
United Utilities Group PLC,United Kingdom,Utilities,223977080
UnitedHealth Group Inc,United States,Health Care,3795582069
Unity Software Inc,United States,Technology,141387992
Universal Display Corp,United States,Technology,124479777
Universal Entertainment Corp,Japan,Consumer Discretionary,1250344
Universal Health Services Inc,United States,Health Care,81432541
Universal Insurance Holdings Inc,United States,Financials,2426375
Universal Microwave Technology Inc,Taiwan,Telecommunications,27500753
Universal Music Group NV,Netherlands,Consumer Discretionary,832969563
Universal Robina Corp,Philippines,Consumer Staples,33474516
Universal Store Holdings Ltd,Australia,Consumer Discretionary,724739
Universal Technical Institute Inc,United States,Consumer Discretionary,6944061
Universal Vision Biotechnology Co Ltd,Taiwan,Health Care,5649126
Unum Group,United States,Financials,1113353160
Upbound Group Inc,United States,Consumer Discretionary,439903
Upstart Holdings Inc,United States,Financials,67776555
Upstream Bio Inc,United States,Health Care,10649678
Upwork Inc,United States,Industrials,1310790
Uranium Energy Corp,United States,Basic Materials,105058320
Urban Edge Properties,United States,Real Estate,2198559
Urban Outfitters Inc,United States,Consumer Discretionary,55428539
Urteste SA,Poland,Health Care,564511
User Local inc,Japan,Technology,1835997
Usha Martin Ltd,India,Basic Materials,8198238
Ushio Inc,Japan,Industrials,13076668
V-Guard Industries Ltd,India,Industrials,7585810
V-Mart Retail Ltd,India,Consumer Discretionary,1085202
VA Tech Wabag Ltd,India,Utilities,13046874
VAT Group AG,Switzerland,Industrials,197287149
VBG Group AB,Sweden,Consumer Discretionary,182702
VF Corp,United States,Consumer Discretionary,35997923
VGI PCL,Thailand,Consumer Discretionary,120467
VGP NV,Belgium,Real Estate,26016201
VICI Properties Inc,United States,Real Estate,479671771
VIDENDUM PLC,United Kingdom,Consumer Discretionary,89462
VIGO PHOTONICS SA,Poland,Technology,2868835
VIP Industries Ltd,India,Consumer Discretionary,879985
VK IPJSC,Russia,Technology,424084
VNDirect Securities Corp,Vietnam,Financials,5034083
VNV Global AB,Sweden,Financials,94875
VP Bank AG,Switzerland,Financials,13703
VS Industry Bhd,Malaysia,Industrials,3629177
VS International Group Ltd,China,Industrials,100474
VSTECS Holdings Ltd,Hong Kong,Technology,10929470
VT Co Ltd,South Korea,Consumer Discretionary,14507115
VT Holdings Co Ltd,Japan,Consumer Discretionary,2154054
VTB Bank PJSC,Russia,Financials,1606239
VTEX,United States,Technology,2781339
VTech Holdings Ltd,Hong Kong,Telecommunications,17998376
VZ Holding AG,Switzerland,Financials,69543811
Vaibhav Global Ltd,India,Consumer Discretionary,1473820
Vail Resorts Inc,United States,Consumer Discretionary,51684928
Vaisala Oyj,Finland,Industrials,7187275
Valamar Riviera DD,Croatia,Consumer Discretionary,8920940
Valaris Ltd,United States,Energy,17748270
Vale Indonesia Tbk PT,Indonesia,Basic Materials,39700913
Valeo SE,France,Consumer Discretionary,64316163
Valero Energy Corp,United States,Energy,818385657
Valiant Holding AG,Switzerland,Financials,55012866
Valid Solucoes e Servicos de Seguranca em Meios de Pagamento e Identificacao SA,Brazil,Industrials,11399250
Valley National Bancorp,United States,Financials,31276405
Vallourec SACA,France,Energy,128452229
Valmet Oyj,Finland,Industrials,30298933
Valmont Industries Inc,United States,Industrials,77859513
Valneva SE,France,Health Care,3558976
Valor Holdings Co Ltd,Japan,Consumer Staples,5632086
Valqua Ltd,Japan,Basic Materials,399571
Valterra Platinum Ltd,United Kingdom,Basic Materials,348254527
Value Added Technology Co Ltd,South Korea,Health Care,9440990
Value Partners Group Ltd,Hong Kong,Financials,165936
Valvoline Inc,United States,Consumer Discretionary,57739329
Van Lanschot Kempen NV,Netherlands,Financials,61047253
Van de Velde NV,Belgium,Consumer Discretionary,784
Vanda Pharmaceuticals Inc,United States,Health Care,542800
Vanguard International Semiconductor Corp,Taiwan,Technology,299339
Vanquis Banking Group PLC,United Kingdom,Financials,23954652
Vantage Towers AG,Germany,Telecommunications,20818016
Vantiva SA,France,Consumer Discretionary,4645
Vardhman Textiles Ltd,India,Basic Materials,6317652
Varonis Systems Inc,United States,Technology,65160564
Varroc Engineering Ltd,India,Consumer Discretionary,23100495
Varun Beverages Ltd,India,Consumer Staples,347471752
Vastned NV,Belgium,Real Estate,565962
Vatti Corp Ltd,China,Consumer Discretionary,47
Vault Minerals Ltd,Australia,Basic Materials,45005911
Vaxcyte Inc,United States,Health Care,32109282
Vector Inc,Japan,Consumer Discretionary,12085
Vector Ltd,New Zealand,Utilities,6652676
Vedant Fashions Ltd,India,Consumer Discretionary,87988072
Veem Ltd,Australia,Industrials,2205412
Veeva Systems Inc,United States,Health Care,364108089
Ventas Inc,United States,Real Estate,338908305
Ventia Services Group Pty Ltd,Australia,Industrials,47348323
Ventive Hospitality Ltd,India,Consumer Discretionary,3715412
Venture Corp Ltd,Singapore,Technology,41374345
Venus MedTech Hangzhou Inc,China,Health Care,64
Venustech Group Inc,China,Technology,6525174
Veolia Environnement SA,France,Utilities,447338359
Vera Therapeutics Inc,United States,Health Care,11445542
Veracyte Inc,United States,Health Care,1184346
Verallia SA,France,Industrials,83905515
Veralto Corp,United States,Industrials,259089689
Verbund AG,Austria,Utilities,20377653
Vercom SA,Poland,Technology,9562809
VeriSign Inc,United States,Technology,295289047
Veris Residential Inc,United States,Real Estate,3698244
Verisilicon Microelectronics Shanghai Co Ltd,China,Technology,6062277
Verisk Analytics Inc,United States,Industrials,547044775
Verizon Communications Inc,United States,Telecommunications,2449174814
Verona Pharma PLC,United Kingdom,Health Care,28205553
Verra Mobility Corp,United States,Industrials,49577479
Vertex Inc,United States,Technology,15985165
Vertex Pharmaceuticals Inc,United States,Health Care,1570084614
Vertiv Holdings Co,United States,Technology,527896463
Vertu Motors PLC,United Kingdom,Consumer Discretionary,8005585
Vestas Wind Systems A/S,Denmark,Energy,73278393
Vestis Corp,United States,Industrials,22204
Vesuvius India Ltd,India,Industrials,6377909
Vesuvius PLC,United Kingdom,Industrials,829490
Vetoquinol SA,France,Health Care,5396434
Vetropack Holding AG,Switzerland,Industrials,964922
ViTrox Corp Bhd,Malaysia,Technology,17232990
Via Technologies Inc,Taiwan,Technology,6334013
Viasat Inc,United States,Telecommunications,1556024
Viatris Inc,United States,Health Care,101067704
Viavi Solutions Inc,United States,Telecommunications,10
Vibra Energia SA,Brazil,Energy,158641338
Vicat SACA,France,Industrials,23320246
Vicinity Ltd,Australia,Real Estate,107266514
Vicor Corp,United States,Industrials,1001730
Victoria PLC,United Kingdom,Consumer Discretionary,228304
Victoria's Secret & Co,United States,Consumer Discretionary,84766
Victorian Plumbing Group PLC,United Kingdom,Consumer Discretionary,6429682
Victrex PLC,United Kingdom,Basic Materials,83124705
Vidente Co Ltd,South Korea,Technology,268476
Vidrala SA,Spain,Industrials,55891710
Vienna Insurance Group AG Wiener Versicherung Gruppe,Austria,Financials,11433540
Viet Dragon Securities Corp,Vietnam,Financials,35709
Vietcap Securities JSC,Vietnam,Financials,8788304
Vietnam Construction and Import-Export JSC,Vietnam,Industrials,3309285
Vietnam Dairy Products JSC,Vietnam,Consumer Staples,557557
Vietnam Export Import Commercial JSB,Vietnam,Financials,12865354
Vietnam International Commercial JSB,Vietnam,Financials,6746005
Vietnam Joint Stock Commercial Bank for Industry and Trade,Vietnam,Financials,50281015
Vietnam Prosperity JSC Bank,Vietnam,Financials,27861046
Vietnam Technological & Commercial Joint Stock Bank,Vietnam,Financials,48783699
Vieworks Co Ltd,South Korea,Health Care,4653117
Vijaya Diagnostic Centre Ltd,India,Health Care,6490564
Viking Holdings Ltd,United States,Consumer Discretionary,235981549
Viking Therapeutics Inc,United States,Health Care,46846090
Vina Concha y Toro SA,Chile,Consumer Staples,10671080
Vinati Organics Ltd,India,Basic Materials,5717832
Vinci SA,France,Industrials,1415671945
Vincom Retail JSC,Vietnam,Consumer Discretionary,10710364
Vingroup JSC,Vietnam,Real Estate,16969612
Vinhomes JSC,Vietnam,Real Estate,54963139
Viohalco SA,Greece,Basic Materials,1096259
Vipshop Holdings Ltd,China,Consumer Discretionary,50724610
Virbac SACA,France,Health Care,34173732
Virgin Australia Holdings Ltd,Australia,Consumer Discretionary,1396573
Viridian Therapeutics Inc,United States,Health Care,23640
Viridien,France,Energy,946598
Virtu Financial Inc,United States,Financials,3551310
Virtus Investment Partners Inc,United States,Financials,7176728
VisEra Technologies Co Ltd,Taiwan,Technology,13852595
Visa Inc,United States,Industrials,6970484330
Viscofan SA,Spain,Consumer Staples,88527194
Vishal Mega Mart Ltd,India,Consumer Discretionary,33170273
Vishay Intertechnology Inc,United States,Technology,84495733
Vision Inc/Tokyo Japan,Japan,Telecommunications,2742739
Visional Inc,Japan,Industrials,12752521
Vista Group International Ltd,New Zealand,Technology,2894022
Vista Land & Lifescapes Inc,Philippines,Real Estate,789919
Vistra Corp,United States,Utilities,916379807
Vistry Group PLC,United Kingdom,Consumer Discretionary,45463938
Vital Healthcare Property Trust,New Zealand,Real Estate,10050
Vital KSK Holdings Inc,Japan,Consumer Staples,498410
Vitasoy International Holdings Ltd,Hong Kong,Consumer Staples,2339
Vitec Software Group AB,Sweden,Technology,36031194
Vitrolife AB,Sweden,Health Care,22084639
Vitru Brasil Empreendimentos Participacoes e Comercio SA,Brazil,Consumer Discretionary,4668014
Vitzrocell Co Ltd,South Korea,Industrials,7421427
Viva Energy Group Ltd,Australia,Energy,28774260
Viva Leisure Ltd,Australia,Consumer Discretionary,2688833
Vivara Participacoes SA,Brazil,Consumer Discretionary,10742120
Vivendi SE,France,Consumer Discretionary,103713937
Vnet Group Inc,China,Technology,107829419
Vobile Group Ltd,Hong Kong,Technology,12253638
Vodacom Group Ltd,South Africa,Telecommunications,7641693
Vodafone Group PLC,United Kingdom,Telecommunications,401956714
Vodafone Idea Ltd,India,Telecommunications,21564623
Vodafone Qatar QSC,Qatar,Telecommunications,11390781
Volati AB,Sweden,Industrials,586122
Volcano Bhd,Malaysia,Industrials,689989
Volkswagen AG,Germany,Consumer Discretionary,173600759
Voltamp Transformers Ltd,India,Industrials,6775600
Voltas Ltd,India,Industrials,44243935
Voltronic Power Technology Corp,Taiwan,Industrials,36609357
Volution Group PLC,United Kingdom,Industrials,52169392
Volvo AB,Sweden,Industrials,400409823
Volvo Car AB,Sweden,Consumer Discretionary,17776789
Vonovia SE,Germany,Real Estate,4234717191
Vontier Corp,United States,Industrials,66535276
Vontobel Holding AG,Switzerland,Financials,49004772
Vornado Realty Trust,United States,Real Estate,665094171
Voronoi Inc,South Korea,Health Care,234968
Vossloh AG,Germany,Industrials,20600839
Voxel SA,Poland,Health Care,12217653
Voya Financial Inc,United States,Financials,97876198
Voyager Technologies Inc,United States,Industrials,13737500
Vulcan Energy Resources Ltd,Australia,Basic Materials,14623
Vulcan Materials Co,United States,Industrials,364411966
Vulcan Steel Ltd,Australia,Basic Materials,3826041
VusionGroup,France,Industrials,39739961
W R Berkley Corp,United States,Financials,363381371
W-Scope Chungju Plant Co Ltd,South Korea,Industrials,79943
W-Scope Corp,Japan,Industrials,216788
WA1 Resources Ltd,Australia,Basic Materials,7668193
WAAREE Energies Ltd,India,Energy,24419963
WATAMI Co Ltd,Japan,Consumer Discretionary,241978
WCT Holdings Bhd,Malaysia,Industrials,7643880
WD-40 Co,United States,Consumer Staples,22442231
WDB Holdings Co Ltd,Japan,Industrials,59776
WEB Travel Group Ltd,Australia,Consumer Discretionary,15627072
WEG SA,Brazil,Industrials,6568666
WESCO International Inc,United States,Industrials,125118527
WEX Inc,United States,Industrials,42811531
WH Group Ltd,Hong Kong,Consumer Staples,71402121
WH Smith PLC,United Kingdom,Consumer Discretionary,40073861
WHA Corp PCL,Thailand,Real Estate,20344934
WHA Utilities and Power PCL,Thailand,Utilities,8038404
WK Kellogg Co,United States,Consumer Staples,16
WNC Corp /Taiwan,Taiwan,Telecommunications,48879185
WONIK IPS Co Ltd,South Korea,Technology,11604807
WP Carey Inc,United States,Real Estate,148628085
WPG Holdings Ltd,Taiwan,Technology,43316932
WPP PLC,United Kingdom,Consumer Discretionary,3892691
WSFS Financial Corp,United States,Financials,36859735
WSP Global Inc,Canada,Industrials,336674951
WT Microelectronics Co Ltd,Taiwan,Technology,42799403
WUS Printed Circuit Co Ltd,Taiwan,Technology,250501
WUS Printed Circuit Kunshan Co Ltd,China,Technology,4349958
WW Grainger Inc,United States,Industrials,527372553
WaFd Inc,United States,Financials,2051855
WaVe Life Sciences Ltd,United States,Health Care,650000
Wacker Chemie AG,Germany,Basic Materials,34003737
Wacker Neuson SE,Germany,Industrials,1416244
Wacoal Holdings Corp,Japan,Consumer Discretionary,14283144
Wacom Co Ltd,Japan,Technology,4309606
Wafer Works Corp,Taiwan,Technology,1733505
Waffer Technology Corp,Taiwan,Basic Materials,78254
Waga Energy SA,France,Energy,1453533
Wah Lee Industrial Corp,Taiwan,Technology,10291769
Wakita & Co Ltd,Japan,Industrials,3411175
Wal-Mart de Mexico SAB de CV,Mexico,Consumer Discretionary,181211465
Walgreens Boots Alliance Inc,United States,Consumer Staples,198247833
Walker & Dunlop Inc,United States,Financials,30422058
Wallenstam AB,Sweden,Real Estate,30587217
Walmart Inc,United States,Consumer Discretionary,5274737700
Walsin Lihwa Corp,Taiwan,Industrials,27938131
Walsin Technology Corp,Taiwan,Technology,11213725
Walt Disney Co/The,United States,Consumer Discretionary,2563152769
Walton Hi-Tech Industries Ltd,Bangladesh,Consumer Discretionary,938944
Wan Hai Lines Ltd,Taiwan,Industrials,402307
Wanda Film Holding Co Ltd,China,Consumer Discretionary,3989167
Wanhua Chemical Group Co Ltd,China,Basic Materials,74396992
Want Want China Holdings Ltd,China,Consumer Staples,35974154
Warabeya Nichiyo Holdings Co Ltd,Japan,Consumer Staples,1067912
Warehouses De Pauw CVA,Belgium,Real Estate,261636369
Warner Bros Discovery Inc,United States,Consumer Discretionary,301537743
Warner Music Group Corp,United States,Consumer Discretionary,31484755
Warpaint London plc,United Kingdom,Consumer Discretionary,5714360
Warsaw Stock Exchange,Poland,Financials,1794
Wartsila OYJ Abp,Finland,Industrials,7460457
Wasco Bhd,Malaysia,Energy,383802
Wasion Holdings Ltd,China,Industrials,5658451
Waste Connections Inc,Canada,Utilities,745321366
Waste Management Inc,United States,Utilities,1042646246
Watches of Switzerland Group PLC,United Kingdom,Consumer Discretionary,57782497
Waters Corp,United States,Health Care,262122757
Watsco Inc,United States,Industrials,78201628
Watts Water Technologies Inc,United States,Industrials,80386113
Wayfair Inc,United States,Consumer Discretionary,39750559
Waypoint REIT Ltd,Australia,Real Estate,10418827
Waystar Holding Corp,United States,Health Care,46576801
We Buy Cars Holdings Ltd,South Africa,Consumer Discretionary,39447851
Weatherford International PLC,United States,Energy,41541973
Weathernews Inc,Japan,Industrials,1468524
Webjet Group Ltd,Australia,Consumer Discretionary,147353
Webster Financial Corp,United States,Financials,131780212
Webtoon Entertainment Inc,United States,Consumer Discretionary,1271200
Webuild SpA,Italy,Industrials,25005571
Wei Chuan Foods Corp,Taiwan,Consumer Staples,679344
Weibo Corp,China,Technology,7581795
Weifu High-Technology Group Co Ltd,China,Consumer Discretionary,2961727
Weilong Delicious Global Holdings Ltd,China,Consumer Staples,4931847
Weimob Inc,China,Technology,7215559
Weir Group PLC/The,United Kingdom,Industrials,146274776
Weis Markets Inc,United States,Consumer Staples,713737
Welcia Holdings Co Ltd,Japan,Consumer Staples,29677119
Well Chip Group Bhd,Malaysia,Financials,2212175
Wellneo Sugar Co Ltd,Japan,Consumer Staples,202949
Wells Fargo & Co,United States,Financials,3935700469
Welltower Inc,United States,Real Estate,4882547968
Welspun Corp Ltd,India,Basic Materials,12888862
Welspun Living Ltd,India,Basic Materials,6742094
Weltrend Semiconductor,Taiwan,Technology,274952
Wemade Co Ltd,South Korea,Consumer Discretionary,603315
Wendel SE,France,Financials,54161717
Wendy's Co/The,United States,Consumer Discretionary,15417754
Wens Foodstuff Group Co Ltd,China,Consumer Staples,4768628
Wereldhave NV,Netherlands,Real Estate,872849
Werner Enterprises Inc,United States,Industrials,1888
WesBanco Inc,United States,Financials,158
Wesfarmers Ltd,Australia,Consumer Discretionary,1081433498
West African Resources Ltd,Australia,Basic Materials,23931172
West Fraser Timber Co Ltd,Canada,Basic Materials,56718797
West Holdings Corp,Japan,Utilities,779705
West Japan Railway Co,Japan,Industrials,131906489
West Pharmaceutical Services Inc,United States,Health Care,197494131
Westamerica BanCorp,United States,Financials,755373
Western Alliance Bancorp,United States,Financials,137289015
Western Digital Corp,United States,Technology,216166539
Western Mining Co Ltd,China,Basic Materials,2312318
Western Union Co/The,United States,Industrials,10958327
Westgold Resources Ltd,Australia,Basic Materials,35581308
Westinghouse Air Brake Technologies Corp,United States,Industrials,403629522
Westlake Corp,United States,Basic Materials,103789704
Westlife Foodworld Ltd,India,Consumer Discretionary,2674567
Westpac Banking Corp,Australia,Financials,645356450
Westshore Terminals Investment Corp,Canada,Industrials,670107
Weyerhaeuser Co,United States,Real Estate,596658908
Wharf Holdings Ltd/The,Hong Kong,Real Estate,6812389
Wharf Real Estate Investment Co Ltd,Hong Kong,Real Estate,66057986
Wheaton Precious Metals Corp,Canada,Basic Materials,645915547
Whirlpool Corp,United States,Consumer Discretionary,71595421
Whirlpool of India Ltd,India,Consumer Discretionary,9129150
Whitbread PLC,United Kingdom,Consumer Discretionary,225270379
White Mountains Insurance Group Ltd,United States,Financials,54758686
Wickes Group PLC,United Kingdom,Consumer Discretionary,669589
Widodo Makmur Perkasa Tbk PT,Indonesia,Consumer Staples,29714
Wienerberger AG,Austria,Industrials,97753622
Wihlborgs Fastigheter AB,Sweden,Real Estate,59942675
WillScot Holdings Corp,United States,Industrials,125126292
Williams Cos Inc/The,United States,Energy,749201135
Williams-Sonoma Inc,United States,Consumer Discretionary,203290276
Willis Towers Watson PLC,United States,Financials,452339137
Wilmington PLC,United Kingdom,Consumer Discretionary,7281350
Win Semiconductors Corp,Taiwan,Technology,10895657
WinWay Technology Co Ltd,Taiwan,Technology,98592358
Winbond Electronics Corp,Taiwan,Technology,17101273
WingArc1st Inc,Japan,Technology,18859427
Wingstop Inc,United States,Consumer Discretionary,129355304
Winnebago Industries Inc,United States,Consumer Discretionary,166025
Winning Health Technology Group Co Ltd,China,Health Care,454796
Winpak Ltd,Canada,Industrials,885046
Wintrust Financial Corp,United States,Financials,87417554
Wipro Ltd,India,Technology,149018346
Wirtualna Polska Holding SA,Poland,Technology,11689654
Wisdom Marine Lines Co Ltd,Taiwan,Industrials,12447782
WisdomTree Inc,United States,Financials,6205801
Wise PLC,United Kingdom,Industrials,236387649
WiseTech Global Ltd,Australia,Technology,262482971
Wistron Corp,Taiwan,Technology,163339008
Wittchen SA,Poland,Consumer Discretionary,1935278
Wiwynn Corp,Taiwan,Technology,222756400
Wix.com Ltd,United States,Technology,68814424
Wiz Co,Brazil,Financials,22916
Wizz Air Holdings Plc,Hungary,Consumer Discretionary,18153503
Wockhardt Ltd,India,Health Care,16103865
Wolters Kluwer NV,Netherlands,Industrials,664326371
Wonik Materials Co Ltd,South Korea,Basic Materials,5450627
Woodward Inc,United States,Industrials,201555153
Woolworths Group Ltd,Australia,Consumer Staples,407482330
Woolworths Holdings Ltd/South Africa,South Africa,Consumer Discretionary,66916403
Woori Financial Group Inc,South Korea,Financials,65816297
Woori Technology Investment Co Ltd,South Korea,Financials,1305449
Workday Inc,United States,Technology,431767440
Workiva Inc,United States,Technology,32294710
Workman Co Ltd,Japan,Consumer Discretionary,15499241
Workspace Group PLC,United Kingdom,Real Estate,3665713
World Co Ltd,Japan,Consumer Discretionary,18245827
World Holdings Co Ltd,Japan,Industrials,425248
World Kinect Corp,United States,Energy,1362217
Worldex Industry & Trading Co Ltd,South Korea,Technology,4561951
Worldline SA/France,France,Industrials,20471089
Worley Ltd,Australia,Industrials,105361576
Worthington Enterprises Inc,United States,Consumer Discretionary,246287
Wowprime Corp,Taiwan,Consumer Discretionary,1790198
WuXi AppTec Co Ltd,China,Health Care,109437700
WuXi XDC Cayman Inc,China,Health Care,71030013
Wuhan DR Laser Technology Corp Ltd,China,Technology,3531115
Wuliangye Yibin Co Ltd,China,Consumer Staples,31071125
Wuxi Autowell Technology Co Ltd,China,Technology,4018851
Wuxi Biologics Cayman Inc,China,Health Care,175284889
Wuxi Lead Intelligent Equipment Co Ltd,China,Industrials,137319601
Wuxi NCE Power Co Ltd,China,Technology,2574845
Wyndham Hotels & Resorts Inc,United States,Consumer Discretionary,109336759
Wynn Macau Ltd,Hong Kong,Consumer Discretionary,38761357
Wynn Resorts Ltd,United States,Consumer Discretionary,106282384
X-Fab Silicon Foundries SE,France,Technology,776460
X5 Retail Group NV,Russia,Consumer Staples,1026461
XD Inc,China,Consumer Discretionary,4259522
XLSMART Telecom Sejahtera Tbk PT,Indonesia,Telecommunications,17701266
XP Inc,United States,Financials,231252430
XPEC Entertainment Inc,Taiwan,Consumer Discretionary,12265
XPO Inc,United States,Industrials,168840258
XPS Pensions Group PLC,United Kingdom,Financials,9985055
XPeng Inc,China,Consumer Discretionary,129797495
XTB SA,Poland,Financials,98632613
XXF Group Holdings Ltd,China,Consumer Discretionary,7848328
Xaar PLC,United Kingdom,Industrials,3298216
Xebio Holdings Co Ltd,Japan,Consumer Discretionary,287337
Xencor Inc,United States,Health Care,234739
Xenia Hotels & Resorts Inc,United States,Real Estate,1026743
Xenon Pharmaceuticals Inc,United States,Health Care,19823104
Xeris Biopharma Holdings Inc,United States,Health Care,2623139
Xero Ltd,Australia,Technology,309977395
Xerox Holdings Corp,United States,Technology,1020472
Xi'an Triangle Defense Co Ltd,China,Industrials,2812310
Xiamen Faratronic Co Ltd,China,Technology,22463312
Xiaomi Corp,China,Telecommunications,2009651983
XinTec Inc,Taiwan,Technology,10558075
Xinhua Winshare Publishing and Media Co Ltd,China,Consumer Discretionary,8081975
Xinyi Energy Holdings Ltd,China,Utilities,496
Xinyi Glass Holdings Ltd,Hong Kong,Industrials,29579910
Xinyi Solar Holdings Ltd,China,Energy,14923778
Xior Student Housing NV,Belgium,Real Estate,1661602
Xtpl SA,Poland,Technology,1821244
Xuji Electric Co Ltd,China,Industrials,4692736
Xxentria Technology Materials Corp,Taiwan,Industrials,245806
Xylem Inc/NY,United States,Industrials,331618241
YA-MAN Ltd,Japan,Consumer Staples,9969
YAKUODO Holdings Co Ltd,Japan,Consumer Staples,231285
YAMABIKO Corp,Japan,Industrials,2991731
YC INOX Co Ltd,Taiwan,Basic Materials,613293
YDUQS Participacoes SA,Brazil,Consumer Discretionary,580807
YETI Holdings Inc,United States,Consumer Discretionary,24030564
YG Entertainment Inc,South Korea,Consumer Discretionary,30799855
YHI International Ltd,Singapore,Consumer Discretionary,147163
YIT Oyj,Finland,Industrials,851455
YTL Corp Bhd,Malaysia,Utilities,16358962
YTL Power International Bhd,Malaysia,Utilities,28461354
Yadea Group Holdings Ltd,China,Consumer Discretionary,81316960
Yageo Corp,Taiwan,Technology,84722287
Yahagi Construction Co Ltd,Japan,Industrials,488104
Yakult Honsha Co Ltd,Japan,Consumer Staples,30293654
Yamada Holdings Co Ltd,Japan,Consumer Discretionary,33986647
Yamae Group Holdings Co Ltd,Japan,Consumer Staples,11432
Yamagata Bank Ltd/The,Japan,Financials,496416
Yamaguchi Financial Group Inc,Japan,Financials,30030307
Yamaha Corp,Japan,Consumer Discretionary,18222751
Yamaha Motor Co Ltd,Japan,Consumer Discretionary,42093690
Yamaichi Electronics Co Ltd,Japan,Technology,1350888
Yamami Co,Japan,Consumer Staples,1794247
Yamanashi Chuo Bank Ltd/The,Japan,Financials,17212503
Yamashin-Filter Corp,Japan,Industrials,142006
Yamato Holdings Co Ltd,Japan,Industrials,60292813
Yamato Kogyo Co Ltd,Japan,Basic Materials,35105322
Yamazaki Baking Co Ltd,Japan,Consumer Staples,50047744
Yamazen Corp,Japan,Industrials,4652799
YanTai Shuangta Food Co Ltd,China,Consumer Staples,698401
Yang Ming Marine Transport Corp,Taiwan,Industrials,40381051
Yangtze Optical Fibre & Cable Joint Stock Ltd Co,China,Telecommunications,4911210
Yangzijiang Financial Holding Ltd,China,Financials,8738815
Yangzijiang Shipbuilding Holdings Ltd,China,Industrials,63902151
Yankey Engineering Co Ltd,Taiwan,Industrials,17869
Yanlord Land Group Ltd,China,Real Estate,2537707
Yantai Changyu Pioneer Wine Co Ltd,China,Consumer Staples,2577123
Yantai Jereh Oilfield Services Group Co Ltd,China,Energy,8089277
Yaoko Co Ltd,Japan,Consumer Staples,26827837
Yapi ve Kredi Bankasi AS,Türkiye,Financials,47561892
Yaskawa Electric Corp,Japan,Industrials,85727121
Yeahka Ltd,China,Industrials,671
Yellow Cake PLC,United Kingdom,Basic Materials,14689082
Yellow Hat Ltd,Japan,Consumer Discretionary,5097262
Yelp Inc,United States,Technology,1324981
Yeong Guan Energy Technology Group Co Ltd,Taiwan,Basic Materials,56284
Yes Bank Ltd,India,Financials,43598159
YiChang HEC ChangJiang Pharmaceutical Co Ltd,China,Health Care,6115214
Yidu Tech Inc,China,Health Care,2632189
Yieh Phui Enterprise Co Ltd,Taiwan,Basic Materials,6504787
Yifeng Pharmacy Chain Co Ltd,China,Consumer Staples,73340995
Yihai International Holding Ltd,China,Consumer Staples,14842013
Yihai Kerry Arawana Holdings Co Ltd,China,Consumer Staples,22785
Yinson Holdings BHD,Malaysia,Energy,9847041
Yizumi Holdings Co Ltd,China,Industrials,12366223
Yodogawa Steel Works Ltd,Japan,Basic Materials,7580721
Yokogawa Bridge Holdings Corp,Japan,Industrials,3668308
Yokogawa Electric Corp,Japan,Industrials,113085832
Yokohama Rubber Co Ltd/The,Japan,Consumer Discretionary,33949469
Yokorei Co Ltd,Japan,Consumer Staples,250667
Yokowo Co Ltd,Japan,Industrials,93530
Yondoshi Holdings Inc,Japan,Consumer Discretionary,363165
Yonex Co Ltd,Japan,Consumer Discretionary,10596559
Yorozu Corp,Japan,Consumer Discretionary,195098
Yoshinoya Holdings Co Ltd,Japan,Consumer Discretionary,7913933
YouGov PLC,United Kingdom,Consumer Discretionary,4978091
Youdao Inc,China,Consumer Discretionary,9
Youngone Corp,South Korea,Consumer Discretionary,69923703
Youngone Holdings Co Ltd,South Korea,Consumer Discretionary,41863496
Ypsomed Holding AG,Switzerland,Health Care,46235619
Yu Group plc,United Kingdom,Utilities,7989826
Yuan High-Tech Development Co Ltd,Taiwan,Technology,1699644
Yuan Longping High-tech Agriculture Co Ltd,China,Consumer Staples,877689
Yuanta Financial Holding Co Ltd,Taiwan,Financials,172011542
Yuanta Securities Korea Co Ltd,South Korea,Financials,307335
Yuasa Trading Co Ltd,Japan,Industrials,3287251
Yubico AB,Sweden,Technology,3520787
Yue Yuen Industrial Holdings Ltd,Hong Kong,Consumer Discretionary,17758884
Yuexiu Property Co Ltd,China,Real Estate,7796713
Yuexiu Real Estate Investment Trust,China,Real Estate,93
Yuhan Corp,South Korea,Health Care,1612723
Yukiguni Factory Co Ltd,Japan,Consumer Staples,192668
Yulon Finance Corp,Taiwan,Financials,15888970
Yulon Motor Co Ltd,Taiwan,Consumer Discretionary,10975093
Yulon Nissan Motor Co Ltd,Taiwan,Consumer Discretionary,1054817
Yum China Holdings Inc,China,Consumer Discretionary,241157696
Yum! Brands Inc,United States,Consumer Discretionary,593749555
YungShin Global Holding Corp,Taiwan,Health Care,1245320
Yungjin Pharmaceutical Co Ltd,South Korea,Health Care,136325
Yungshin Construction & Development Co Ltd,Taiwan,Real Estate,4598641
Yunnan Energy Investment Co Ltd,China,Basic Materials,1478626
Yunnan Energy New Material Co Ltd,China,Industrials,39029
Yunnan Yuntianhua Co Ltd,China,Basic Materials,42747323
Yunsung F&C Co Ltd,South Korea,Industrials,2344
Yurtec Corp,Japan,Industrials,4825600
Yushin Co,Japan,Industrials,295334
Yutong Bus Co Ltd,China,Industrials,43207646
ZEEKR Intelligent Technology Holding Ltd,China,Consumer Discretionary,9251936
ZERIA Pharmaceutical Co Ltd,Japan,Health Care,3698134
ZF Commercial Vehicle Control Systems India Ltd,India,Consumer Discretionary,11863538
ZIGExN Co Ltd,Japan,Technology,366323
ZIM Integrated Shipping Services Ltd,United States,Industrials,56170
ZJLD Group Inc,China,Consumer Staples,4917922
ZOZO Inc,Japan,Consumer Discretionary,65375361
ZTO Express Cayman Inc,China,Industrials,90077749
Zabka Group SA,Poland,Consumer Staples,138876128
Zacros Corp,Japan,Industrials,3682142
Zai Lab Ltd,China,Health Care,45765374
Zalando SE,Germany,Consumer Discretionary,266100760
Zamet Industry SA,Poland,Industrials,311709
Zavarovalnica Triglav DD,Slovenia,Financials,16589064
Zealand Pharma A/S,Denmark,Health Care,86683517
Zebra Technologies Corp,United States,Industrials,163503265
Zee Entertainment Enterprises Ltd,India,Consumer Discretionary,63221470
Zegona Communications plc,United Kingdom,Telecommunications,1104206
Zehnder Group AG,Switzerland,Industrials,1388146
Zen Technologies Ltd,India,Industrials,8739275
Zeng Hsing Industrial Co Ltd,Taiwan,Consumer Discretionary,615046
Zenkoku Hosho Co Ltd,Japan,Financials,51013692
Zenrin Co Ltd,Japan,Technology,211159
Zensar Technologies Ltd,India,Technology,12102215
Zensho Holdings Co Ltd,Japan,Consumer Discretionary,84168936
Zeon Corp,Japan,Basic Materials,23524891
Zeta Global Holdings Corp,United States,Technology,21337847
Zhejiang Cfmoto Power Co Ltd,China,Consumer Discretionary,36273070
Zhejiang China Commodities City Group Co Ltd,China,Consumer Discretionary,8056168
Zhejiang Dingli Machinery Co Ltd,China,Industrials,661720
Zhejiang Expressway Co Ltd,China,Industrials,15278726
Zhejiang JIULI Hi-tech Metals Co Ltd,China,Basic Materials,94161512
Zhejiang Jingsheng Mechanical & Electrical Co Ltd,China,Technology,76268923
Zhejiang Leapmotor Technology Co Ltd,China,Consumer Discretionary,36878949
Zhejiang NHU Co Ltd,China,Consumer Staples,29389248
Zhejiang Orient Gene Biotech Co Ltd,China,Health Care,131310
Zhejiang Sanhua Intelligent Controls Co Ltd,China,Industrials,41883898
Zhejiang Shuanghuan Driveline Co Ltd,China,Consumer Discretionary,90660627
Zhejiang Wolwo Bio-Pharmaceutical Co Ltd,China,Health Care,1051716
Zhen Ding Technology Holding Ltd,Taiwan,Technology,37341399
Zhihu Inc,China,Technology,6041747
ZhongAn Online P&C Insurance Co Ltd,China,Financials,122720692
Zhongji Innolight Co Ltd,China,Telecommunications,10748759
Zhongsheng Group Holdings Ltd,China,Consumer Discretionary,10264654
Zhongyu Energy Holdings Ltd,China,Utilities,412678
Zhou Hei Ya International Holdings Co Ltd,China,Consumer Staples,399202
Zhuzhou CRRC Times Electric Co Ltd,China,Industrials,126198726
Ziff Davis Inc,United States,Technology,122049
Zignago Vetro SpA,Italy,Industrials,2968475
Zigup PLC,United Kingdom,Industrials,17911495
Zillow Group Inc,United States,Real Estate,229711161
Zimmer Biomet Holdings Inc,United States,Health Care,222103282
Zinus Inc,South Korea,Consumer Discretionary,7108742
Zions Bancorp NA,United States,Financials,80882526
Zip Co Ltd,Australia,Industrials,59508594
Zoetis Inc,United States,Health Care,794932512
Zojirushi Corp,Japan,Consumer Discretionary,2456814
Zoom Communications Inc,United States,Technology,535678853
ZoomInfo Technologies Inc,United States,Technology,31993601
Zoomlion Heavy Industry Science and Technology Co Ltd,China,Industrials,39703339
Zotefoams PLC,United Kingdom,Basic Materials,6352064
Zscaler Inc,United States,Technology,31256494
Zuken Inc,Japan,Technology,3254332
Zurich Insurance Group AG,Switzerland,Financials,700482095
Zurn Elkay Water Solutions Corp,United States,Industrials,64266436
Zydus Lifesciences Ltd,India,Health Care,46719405
Zydus Wellness Ltd,India,Consumer Staples,4201867
Zyle Motors Corp,South Korea,Consumer Discretionary,190
Zymeworks Inc,United States,Health Care,2531335
Zyxel Group Corp,Taiwan,Telecommunications,688746
a2 Milk Co Ltd/The,Australia,Consumer Staples,54219886
adidas AG,Germany,Consumer Discretionary,2123284738
agilon health Inc,United States,Health Care,3298660
baudroie inc,Japan,Technology,9779082
bpost SA,Belgium,Industrials,719792
dip Corp,Japan,Industrials,861837
dormakaba Holding AG,Switzerland,Industrials,75944661
eBay Inc,United States,Consumer Discretionary,3827765
eClerx Services Ltd,India,Industrials,9383346
eGuarantee Inc,Japan,Financials,18603614
eMemory Technology Inc,Taiwan,Technology,134594001
eWeLL Co Ltd/JP,Japan,Technology,8090393
easyJet PLC,United Kingdom,Consumer Discretionary,29967925
elf Beauty Inc,United States,Consumer Discretionary,8265305
en Japan Inc,Japan,Industrials,6815323
euglena Co Ltd,Japan,Consumer Staples,2191253
f-code Inc,Japan,Technology,2030392
flatexDEGIRO AG,Germany,Financials,57578509
giftee Inc,Japan,Technology,12
grems Inc,Japan,Utilities,2046197
i-SENS Inc,South Korea,Health Care,315336
iA Financial Corp Inc,Canada,Financials,133353881
iFAST Corp Ltd,Singapore,Financials,17048640
iFamilySC Co Ltd,South Korea,Consumer Discretionary,6234087
iM Financial Group Co Ltd,South Korea,Financials,1164644
iMarketKorea Inc,South Korea,Technology,276361
iQIYI Inc,China,Consumer Discretionary,29623155
iRay Group,China,Health Care,1426485
ideaForge Technology Ltd,India,Industrials,768102
iomart Group PLC,United Kingdom,Technology,1159578
m-up Holdings Inc,Japan,Technology,2606229
mBank SA,Poland,Financials,1527434
momo.com Inc,Taiwan,Consumer Discretionary,10216346
nCino Inc,United States,Technology,24712166
nVent Electric PLC,United States,Industrials,234289612
nib holdings Ltd/Australia,Australia,Financials,30645476
oOh!media Ltd,Australia,Consumer Discretionary,763484
thyssenkrupp AG,Germany,Industrials,81509909
u-blox Holding AG,Switzerland,Technology,3710750
voestalpine AG,Austria,Basic Materials,92104137
zooplus SE,Germany,Consumer Discretionary,29836206
