As_Of,Country,Name,Industry,Market Value(NOK),Market Value(USD),Voting,Ownership,Incorporation Country,Selection Reason,Yahoo_Ticker,fetched_at,pe_ratio,forward_pe,price_to_book,dividend_yield,market_cap,analyst_recommendation,target_mean_price,high_52w,low_52w,beta,sector,price,change
2025-12-31,Canada,Agnico Eagle Mines Ltd,Basic Materials,14687137081,1456067760,1.71%,1.71,,Both,AEM.TO,2026-09-06 10:09:40,17.515152,16.439806,3.6356628,0.86,143412658176.0,buy,285.0489,348.94,188.48,0.668,Basic Materials,283.22,-0.9096655
2025-12-31,Canada,Alamos Gold Inc,Basic Materials,2360307371,233998461,1.44%,1.44,,Both,AGI.TO,2026-09-06 10:09:40,13.253886,12.137735,3.2188594,0.43,21415804928.0,none,66.0313,75.78,38.03,1.394,Basic Materials,51.16,-1.6532114
2025-12-31,Canada,Capstone Copper Corp,Basic Materials,2532327709,251052381,3.27%,3.27,,Both,CS.TO,2026-09-06 10:11:21,17.5,10.995032,2.3153129,,11497437184.0,buy,17.58421,18.04,9.3,2.212,Basic Materials,15.05,-1.1818737
2025-12-31,Canada,First Quantum Minerals Ltd,Basic Materials,4031144745,399643570,1.78%,1.78,,Both,FM.TO,2026-09-06 10:12:20,,15.981347,2.3654542,,37188911104.0,buy,48.2683,49.27,24.49,2.033,Basic Materials,44.58,-1.0213124
2025-12-31,Canada,Franco-Nevada Corp,Basic Materials,5762413275,571279763,1.43%,1.43,,Both,FNV.TO,2026-09-06 10:12:20,34.71415,28.388823,6.216459,0.67,70971777024.0,buy,386.96924,388.22,254.13,0.958,Basic Materials,367.97,-1.4093212
2025-12-31,Canada,Kinross Gold Corp,Basic Materials,6780165438,672178672,1.98%,1.98,,Both,K.TO,2026-09-06 10:13:40,11.728022,10.077314,3.8029666,0.52,50640617472.0,buy,52.0432,53.57,30.31,1.477,Basic Materials,42.69,-1.9297041
2025-12-31,Canada,Nutrien Ltd,Basic Materials,4102813565,406748744,1.36%,1.36,,Market Value,NTR.TO,2026-09-06 10:15:01,16.080408,16.089811,1.4671838,2.81,52488335360.0,buy,107.52756,116.95,74.77,1.076,Basic Materials,109.99,-1.0970248
2025-12-31,Canada,Pan American Silver Corp,Basic Materials,3944878727,391091245,1.79%,1.79,,Both,PAAS.TO,2026-09-06 10:15:18,15.179488,10.89879,2.896968,1.43,29454462976.0,buy,92.178406,95.39,46.6,1.586,Basic Materials,71.04,-2.1217978
2025-12-31,Canada,SSR Mining Inc,Basic Materials,922865463,91491939,2.05%,2.05,,Ownership,SSRM.TO,2026-09-06 10:16:44,13.983695,7.985966,2.2530348,0.08,10493172736.0,strong_buy,57.69931,54.5,25.83,0.982,Basic Materials,51.46,-3.9925363
2025-12-31,Canada,Teck Resources Ltd,Basic Materials,4039938857,400515410,0.67%,1.71,,Both,TECK-B.TO,2026-09-06 10:17:00,18.779959,19.155659,1.6995288,0.52,46896451584.0,hold,88.17647,99.81,47.46,1.603,Basic Materials,95.59,0.6634343
2025-12-31,Canada,Wheaton Precious Metals Corp,Basic Materials,8620918447,854669044,1.6%,1.6,,Both,WPM.TO,,,,,,,,,,,,,,
2025-12-31,Canada,Alimentation Couche-Tard Inc,Consumer Discretionary,5568523954,552057774,1.09%,1.09,,Both,ATD.TO,2026-09-06 10:10:01,17.22689,16.56572,3.3614974,1.05,75272937472.0,buy,100.23074,95.15,68.3,0.711,Consumer Cyclical,82.0,0.10987222
2025-12-31,Canada,Aritzia Inc,Consumer Discretionary,1080296375,107099479,0.43%,1.09,,Both,ATZ.TO,2026-09-06 10:10:07,33.5953,21.327732,10.370759,,14743052288.0,none,189.14285,174.52,79.4,1.7,Consumer Cyclical,128.67,2.0542483
2025-12-31,Canada,BOYD GROUP INC,Consumer Discretionary,570664025,56575048,1.27%,1.27,,Both,BYD.TO,2026-09-06 10:10:44,198.82541,18.758966,1.4609201,0.5,3485993984.0,buy,222.40051,248.23,114.59,0.673,Consumer Cyclical,125.26,0.6994153
2025-12-31,Canada,Canadian Tire Corp Ltd,Consumer Discretionary,830176375,82302837,0%,1.22,,Both,CTC-A.TO,2026-09-06 10:11:27,15.129236,12.336929,1.6744142,3.75,10012834816.0,none,206.6,208.08,159.2,0.949,Consumer Cyclical,191.99,0.6342419
2025-12-31,Canada,Dollarama Inc,Consumer Discretionary,5488925038,544166419,1.33%,1.33,,Both,DOL.TO,2026-09-06 10:11:43,36.462963,30.43418,35.02174,0.25,,buy,209.23529,209.96,166.0,0.36,Consumer Defensive,177.21,0.18090752
2025-12-31,Canada,Exchange Income Corp,Consumer Discretionary,327165106,32434814,0.97%,0.97,,Both,EIF.TO,2026-09-06 10:11:53,32.644985,22.732162,3.7064614,2.39,6792143872.0,strong_buy,151.81818,136.75,69.67,0.899,Industrials,120.46,1.0740047
2025-12-31,Canada,Gildan Activewear Inc,Consumer Discretionary,1501731683,148880144,1.28%,1.28,,Both,GIL.TO,2026-09-06 10:12:36,41.27933,9.65114,2.9478583,1.86,13683824640.0,buy,103.02615,100.44,65.15,1.085,Consumer Cyclical,73.89,-0.21607515
2025-12-31,Canada,Linamar Corp,Consumer Discretionary,312794471,31010124,0.86%,0.86,,Ownership,LNR.TO,2026-09-06 10:14:07,8.981675,7.8303003,0.92860234,1.24,6071203328.0,buy,116.16667,110.58,70.0,1.305,Consumer Cyclical,102.93,2.7348018
2025-12-31,Canada,Magna International Inc,Consumer Discretionary,1967377001,195043745,1.3%,1.3,,Both,MG.TO,2026-09-06 10:14:29,25.291777,8.88054,1.5596322,2.88,25508016128.0,buy,93.88819,101.1,60.67,1.833,Consumer Cyclical,95.35,3.0476599
2025-12-31,Canada,RB Global Inc,Consumer Discretionary,2571577693,254943584,1.33%,1.33,,Both,RBA.TO,2026-09-06 10:15:50,36.01246,17.13718,2.769519,1.58,21409120256.0,buy,154.29016,166.51,112.2,0.518,Industrials,115.6,0.75829786
2025-12-31,Canada,Restaurant Brands International Inc,Consumer Discretionary,2593021729,257069524,0.83%,0.83,,Market Value,QSR.TO,2026-09-06 10:15:45,20.128857,17.936008,7.237167,3.3,50809090048.0,buy,116.58,113.1,84.78,0.534,Consumer Cyclical,110.91,0.28029403
2025-12-31,Canada,Canada Packers Inc,Consumer Staples,25198221,2498126,0%,0.72,,Both,CPKR.TO,2026-09-06 10:11:16,7.6790695,6.980973,1.7733619,5.57,491476896.0,none,21.4,24.0,13.63,,Consumer Defensive,16.51,-1.1377277
2025-12-31,Canada,George Weston Ltd,Consumer Staples,1429597569,141728842,0.54%,0.54,,Both,WN.TO,,,,,,,,,,,,,,
2025-12-31,Canada,Loblaw Cos Ltd,Consumer Staples,4525875237,448690646,0.84%,0.84,,Both,L.TO,2026-09-06 10:13:57,28.013275,21.904528,2.015087,0.98,73161121792.0,none,69.2,69.59,52.92,0.355,Consumer Defensive,63.31,1.393342
2025-12-31,Canada,Maple Leaf Foods Inc,Consumer Staples,185711638,18411262,0.81%,0.81,,Both,MFI.TO,2026-09-06 10:14:29,45.775864,14.754262,2.4293165,3.16,3311721216.0,none,35.9,32.275555,23.35,0.862,Consumer Defensive,26.55,-0.41260543
2025-12-31,Canada,Metro Inc/CN,Consumer Staples,1377351508,136549221,0.89%,0.89,,Both,MRU.TO,2026-09-06 10:14:40,21.38955,16.450102,3.8195624,1.81,18844493824.0,none,98.9,101.3,86.63,0.345,Consumer Defensive,90.05,0.40138322
2025-12-31,Canada,Molson Coors Canada Inc,Consumer Staples,13117727,1300478,0.28%,0.28,,Both,TPX-B.TO,2026-09-06 10:17:11,,,0.13993393,4.58,10758391808.0,none,,74.0,55.0,0.379,Consumer Defensive,57.7,-0.034650825
2025-12-31,Canada,Premium Brands Holdings Corp,Consumer Staples,130389919,12926723,0.39%,0.36,,Both,PBH.TO,2026-09-06 10:15:23,127.01613,11.005321,1.733665,4.32,,none,112.75,106.79,78.25,0.855,Consumer Defensive,78.75,-0.45506334
2025-12-31,Canada,Saputo Inc,Consumer Staples,975797193,96739537,0.79%,0.79,,Both,SAP.TO,2026-09-06 10:16:17,23.06322,17.068535,2.2590632,2.02,15929264128.0,none,46.9,45.09,32.49,0.132,Consumer Defensive,40.13,-0.4218317
2025-12-31,Canada,Cameco Corp,Energy,4393837092,435600519,1.09%,1.09,,Both,CCO.TO,2026-09-06 10:10:54,172.14815,53.254505,8.513341,0.17,60730720256.0,buy,179.73334,182.72,103.67,1.012,Energy,139.44,0.56978625
2025-12-31,Canada,Enbridge Inc,Energy,11858031571,1175593131,1.12%,1.12,,Both,ENB.TO,2026-09-06 10:11:59,26.764479,21.703737,2.5865672,5.6,151400808448.0,buy,79.80952,80.65,62.42,0.769,Energy,69.32,-0.54518974
2025-12-31,Canada,Gibson Energy Inc,Energy,397349228,39392796,1.31%,1.31,,Both,GEI.TO,2026-09-06 10:12:36,31.24,20.58839,5.2548356,5.7,5392024064.0,buy,32.61538,32.99,22.09,0.59,Energy,31.24,-0.69929856
2025-12-31,Canada,Keyera Corp,Energy,987474527,97897215,1.33%,1.08,,Both,KEY.TO,2026-09-06 10:13:46,36.816994,17.414183,3.1297925,3.99,,buy,64.33333,61.41,40.09,0.819,Energy,56.33,-3.6599956
2025-12-31,Canada,Pembina Pipeline Corp,Energy,2113405208,209520832,0.95%,0.95,,Both,PPL.TO,2026-09-06 10:15:39,23.573944,21.262674,2.5360808,4.39,38935105536.0,buy,72.72222,72.72,50.15,0.7,Energy,66.95,-0.16403313
2025-12-31,Canada,Rockpoint Gas Storage Inc,Energy,36057315,3574685,0.13%,0.13,,Both,RPT.TO,,,,,,,,,,,,,,
2025-12-31,Canada,Secure Waste Infrastructure Corp,Energy,761533081,75497611,2.75%,2.75,,Both,SES.TO,2026-09-06 10:16:23,41.728817,23.44762,6.907969,1.71,5368021504.0,hold,24.375,25.07,15.44,0.728,Industrials,24.62,1.1503725
2025-12-31,Canada,South Bow Corp,Energy,247671783,24553927,0.43%,0.43,,Both,SOBO.TO,2026-09-06 10:16:33,16.819672,19.051582,2.9109619,5.48,10700570624.0,strong_buy,50.90494,54.9,35.28,,Energy,51.3,-0.48496607
2025-12-31,Canada,TC Energy Corp,Energy,5782265050,573247848,1%,1.0,,Both,TRP.TO,2026-09-06 10:17:16,24.652422,22.082035,3.5673647,4.06,90144088064.0,buy,99.52174,100.18,69.41,0.95,Energy,86.53,-0.16153154
2025-12-31,Canada,Bank of Montreal,Financials,10502244247,1041181762,1.13%,1.13,,Both,BMO.TO,2026-09-06 10:10:33,19.800978,14.766018,1.9916807,2.82,168740585472.0,hold,254.57143,259.2,168.92,1.128,Financial Services,242.76,-0.32846242
2025-12-31,Canada,Bank of Nova Scotia/The,Financials,13630646583,1351328372,1.48%,1.48,,Both,BNS.TO,2026-09-06 10:10:33,16.947712,13.660755,1.7724823,3.52,158021287936.0,hold,132.85715,131.72,87.31,1.209,Financial Services,129.65,-0.8564735
2025-12-31,Canada,Brookfield Corp,Financials,12191676252,1208670324,1.06%,1.06,,Market Value,BN.TO,2026-09-06 10:10:33,74.28,,2.1233635,0.7,124364300288.0,buy,76.39685,68.44,52.04,1.818,Financial Services,55.71,-0.053825963
2025-12-31,Canada,Canadian Imperial Bank of Commerce,Financials,9502635390,942081561,1.12%,1.12,,Market Value,CM.TO,2026-09-06 10:11:06,15.619001,14.326319,2.2561862,2.63,147766493184.0,buy,170.25,172.87,107.38,1.254,Financial Services,162.75,-0.15337422
2025-12-31,Canada,Fairfax Financial Holdings Ltd,Financials,4881951202,483991653,0.68%,1.08,,Market Value,FFH.TO,2026-09-06 10:12:15,8.14342,10.007851,1.2724957,0.9,47713742848.0,none,2639.3765,2700.0,2066.16,0.431,Financial Services,2297.34,-0.68605417
2025-12-31,Canada,iA Financial Corp Inc,Financials,1663953721,164962671,1.38%,1.38,,Ownership,IAG.TO,2026-09-06 10:13:13,17.54389,12.903258,2.530285,2.16,18018144256.0,none,219.2857,223.72,145.44,0.696,Financial Services,203.86,-0.28370273
2025-12-31,Canada,Intact Financial Corp,Financials,5984485278,593295754,1.6%,1.6,,Both,IFC.TO,2026-09-06 10:13:19,14.796996,14.218703,2.3172665,2.19,46917705728.0,none,326.23077,305.52,242.87,0.281,Financial Services,266.05,-1.0193908
2025-12-31,Canada,Manulife Financial Corp,Financials,7720709500,765423249,1.25%,1.25,,Both,MFC.TO,2026-09-06 10:14:29,16.623306,12.244173,2.0083163,3.16,101778358272.0,buy,65.2,63.58,42.15,0.759,Financial Services,61.34,-0.1302475
2025-12-31,Canada,National Bank of Canada,Financials,6605512578,654863766,1.33%,1.33,,Both,NA.TO,2026-09-06 10:14:45,18.2199,15.153433,2.52831,2.42,83926425600.0,hold,223.75,237.13,145.04,1.165,Financial Services,217.91,0.004593743
2025-12-31,Canada,Power Corp of Canada,Financials,3866021488,383273419,0.64%,1.13,,Ownership,POW.TO,2026-09-06 10:15:34,23.46798,13.679828,2.5243747,2.8,59809886208.0,hold,98.88889,97.66,57.1,0.915,Financial Services,95.28,1.3401427
2025-12-31,Canada,Royal Bank of Canada,Financials,34568401134,3427075960,1.43%,1.43,,Both,RY.TO,2026-09-06 10:16:06,18.378311,16.30454,3.0134609,2.42,403533627392.0,buy,300.85715,306.38,199.17,0.915,Financial Services,291.48,-0.30440336
2025-12-31,Canada,Sun Life Financial Inc,Financials,3947641188,391365113,1.13%,1.13,,Ownership,SLF.TO,2026-09-06 10:16:33,18.998304,12.918044,2.5517917,3.35,62402134016.0,buy,113.92308,118.99,79.36,0.802,Financial Services,112.09,0.7188385
2025-12-31,Canada,Toronto-Dominion Bank/The,Financials,21135163374,2095318497,1.31%,1.31,,Both,TD.TO,2026-09-06 10:17:00,18.012848,15.027078,2.293817,2.66,275663093760.0,buy,179.2143,175.33,102.5,0.866,Financial Services,168.24,-0.9770385
2025-12-31,Canada,Bausch Health Cos Inc,Health Care,256931063,25471883,0.99%,0.99,,Both,BHC.TO,2026-09-06 10:10:28,,1.5610163,-1.3868858,,3388354560.0,hold,,11.08,6.1,0.369,Healthcare,9.06,-2.789692
2025-12-31,Canada,AbCellera Biologics Inc,Health Care,6084793,603240,0.06%,0.06,,Both,ABCL.TO,,,,,,,,,,,,,,
2025-12-31,Canada,AtkinsRealis Group Inc,Industrials,1230445280,121985088,1.14%,1.14,,Both,ATRL.TO,2026-09-06 10:10:07,30.200691,17.79213,2.6075525,0.09,13967774720.0,buy,115.4,106.82,79.16,0.93,Industrials,87.28,1.4883707
2025-12-31,Canada,ATS Corp,Industrials,300235231,29765014,1.1%,1.1,,Ownership,ATS.TO,2026-09-06 10:10:07,56.5625,14.098696,1.4625081,,2664145152.0,buy,37.757,49.48,25.59,1.158,Industrials,27.15,0.481122
2025-12-31,Canada,Bombardier Inc,Industrials,1723373169,170853455,0.51%,1.0,,Both,BBD-B.TO,2026-09-06 10:10:17,24.036613,22.05344,-22.70724,,31087546368.0,buy,356.23013,377.77,150.81,2.044,Industrials,315.12,3.5557044
2025-12-31,Canada,CAE Inc,Industrials,973427275,96504585,0.99%,0.99,,Market Value,CAE.TO,2026-09-06 10:10:49,37.898876,22.717476,2.003921,,10855969792.0,buy,43.78571,47.65,31.42,1.017,Industrials,33.73,-0.029644743
2025-12-31,Canada,Canadian National Railway Co,Industrials,5647710594,559908256,0.92%,0.92,,Market Value,CNR.TO,2026-09-06 10:11:11,21.86923,18.940622,4.711374,2.15,103183835136.0,buy,190.10526,185.25,126.11,0.988,Industrials,170.58,0.41797063
2025-12-31,Canada,Canadian Pacific Kansas City Ltd,Industrials,9735537436,965171232,1.46%,1.46,,Both,CP.TO,2026-09-06 10:11:16,29.481394,21.151176,2.3980403,0.85,111440871424.0,buy,139.52632,133.38,96.5,1.22,Industrials,126.77,0.6990208
2025-12-31,Canada,Element Fleet Management Corp,Industrials,1207174084,119678005,1.14%,1.14,,Both,EFN.TO,2026-09-06 10:11:53,25.582525,11.882751,2.805095,2.28,10434398208.0,buy,40.0,38.26,25.32,0.447,Industrials,26.35,0.07596072
2025-12-31,Canada,Finning International Inc,Industrials,952196577,94399796,1.33%,1.33,,Ownership,FTT.TO,2026-09-06 10:12:31,21.904306,17.00806,3.9724066,1.42,11954491392.0,strong_buy,121.66667,109.58,57.01,1.331,Industrials,91.56,1.6655564
2025-12-31,Canada,Stantec Inc,Industrials,1232198296,122158880,1.13%,1.13,,Both,STN.TO,2026-09-06 10:16:44,22.97517,14.698428,3.3706453,0.97,11440041984.0,buy,140.36365,160.05,93.28,0.721,Industrials,101.78,1.1026131
2025-12-31,Canada,TFI International Inc,Industrials,1055098375,104601375,1.23%,1.23,,Both,TFII.TO,2026-09-06 10:17:06,33.65897,17.338263,4.1813374,1.4,15575579648.0,none,233.01033,233.85,113.72,1.474,Industrials,189.5,3.4388666
2025-12-31,Canada,Toromont Industries Ltd,Industrials,1289459182,127835665,1.3%,1.3,,Both,TIH.TO,2026-09-06 10:17:06,31.53577,21.27443,4.692246,1.13,16178789376.0,none,253.88889,243.5,142.71,0.952,Industrials,198.36,1.9740882
2025-12-31,Canada,WSP Global Inc,Industrials,2821674065,279737883,1.14%,1.14,,Both,WSP.TO,,,,,,,,,,,,,,
2025-12-31,Canada,Boardwalk Real Estate Investment Trust,Real Estate,254883289,25268869,0.98%,0.98,,Ownership,BEI-UN.TO,2026-09-06 10:10:23,,13.63734,0.6258679,2.83,3196599552.0,buy,79.36364,72.71,60.75,0.816,Real Estate,63.55,0.29987156
2025-12-31,Canada,Canadian Apartment Properties REIT,Real Estate,550781740,54603939,1.24%,1.24,,Both,CAR-UN.TO,2026-09-06 10:10:49,,13.059524,0.60758793,4.72,5063855104.0,buy,40.98077,43.04,32.2,0.908,Real Estate,32.91,0.3353677
2025-12-31,Canada,Chartwell Retirement Residences,Real Estate,597705668,59255929,1.33%,1.33,,Both,CSH-UN.TO,2026-09-06 10:11:21,1047.0,87.25001,3.7016087,2.98,6904393728.0,strong_buy,25.97727,23.38,18.85,0.87,Real Estate,20.94,-0.19065304
2025-12-31,Canada,Choice Properties Real Estate Investment Trust,Real Estate,364413844,36127616,0.47%,0.47,,Market Value,CHP-UN.TO,2026-09-06 10:11:00,,14.807693,1.2051021,5.06,11146686464.0,none,17.03125,16.87,14.27,0.766,Real Estate,15.4,0.7853396
2025-12-31,Canada,Colliers International Group Inc,Real Estate,857390249,85000793,0.76%,1.13,,Both,CIGI.TO,2026-09-06 10:11:06,46.91781,11.614798,3.2640796,0.31,7001223168.0,buy,191.26088,239.26,125.08,1.247,Real Estate,137.0,-1.325264
2025-12-31,Canada,Dream Industrial Real Estate Investment Trust,Real Estate,353254574,35021297,1.31%,1.31,,Both,DIR-UN.TO,2026-09-06 10:11:43,22.98276,11.79646,0.79208505,5.38,3835120384.0,strong_buy,16.225,14.85,11.805,1.227,Real Estate,13.33,-0.14981616
2025-12-31,Canada,First Capital Real Estate Investment Trust,Real Estate,388733628,38538655,1.32%,1.32,,Both,FCR-UN.TO,2026-09-06 10:12:15,4.6769547,16.837036,0.99776125,3.99,4831370240.0,none,24.3625,23.84,18.26,0.878,Real Estate,22.73,0.13215321
2025-12-31,Canada,FirstService Corp,Real Estate,851279375,84394967,0.75%,1.15,,Both,FSV.TO,2026-09-06 10:12:25,40.80982,21.50274,5.224498,0.87,8714738688.0,none,233.8439,290.34,169.6,0.898,Real Estate,199.56,1.2840677
2025-12-31,Canada,Granite Real Estate Investment Trust,Real Estate,480193754,47605918,1.32%,1.32,,Both,GRT-UN.TO,2026-09-06 10:12:52,14.636364,13.275863,0.9407603,4.04,5497537536.0,strong_buy,106.3,101.5,75.0,,Real Estate,88.55,0.67076397
2025-12-31,Canada,RioCan Real Estate Investment Trust,Real Estate,540693049,53603756,1.31%,1.31,,Both,REI-UN.TO,2026-09-06 10:15:55,24.255814,12.876544,0.8475541,5.61,6072678400.0,buy,24.22917,23.25,18.06,0.981,Real Estate,20.86,1.0658973
2025-12-31,Canada,SmartCentres Real Estate Investment Trust,Real Estate,322024423,31925172,0.99%,0.99,,Both,SRU-UN.TO,2026-09-06 10:16:39,30.296701,13.924242,0.7854253,6.71,4700995584.0,buy,30.08333,30.9,25.01,0.829,Real Estate,27.57,0.18168327
2025-12-31,Canada,BlackBerry Ltd,Technology,229,23,0%,0.0,,Both,BB.TO,2026-09-06 10:10:17,76.0,33.627327,5.9988503,,6236108800.0,hold,11.221807,18.45,4.35,1.437,Technology,10.64,0.2827586
2025-12-31,Canada,Celestica Inc,Technology,4537628660,449855868,1.32%,1.32,,Both,CLS.TO,2026-09-06 10:11:06,32.466217,16.033258,14.543293,,54536757248.0,strong_buy,672.3024,655.5,315.41,1.464,Technology,432.45,1.1507995
2025-12-31,Canada,CGI Inc,Technology,2413645729,239286371,0.6%,1.19,,Both,GIB-A.TO,2026-09-06 10:12:36,12.673291,10.43984,2.06372,0.67,21125832704.0,none,120.92308,134.25,83.34,0.174,Technology,102.02,-1.1817137
2025-12-31,Canada,Constellation Software Inc/Canada,Technology,7836305356,776883304,1.52%,1.52,,Both,CSU.TO,2026-09-06 10:11:27,48.075672,16.55319,11.2036495,0.18,64082337792.0,buy,3932.5872,4634.98,2196.0,0.7,Technology,3023.96,-0.57276374
2025-12-31,Canada,Descartes Systems Group Inc/The,Technology,998493502,98989625,1.31%,1.31,,Both,DSG.TO,2026-09-06 10:11:48,39.255394,24.57493,4.13343,,9351439360.0,buy,,150.74,85.26,0.198,Technology,109.13,-2.108007
2025-12-31,Canada,Kinaxis Inc,Technology,470956251,46690121,1.32%,1.32,,Both,KXS.TO,2026-09-06 10:13:51,41.88416,23.98476,8.9020405,,4816877568.0,buy,208.65227,192.08,117.22,0.751,Technology,177.17,0.016935067
2025-12-31,Canada,Lightspeed Commerce Inc,Technology,7713188,764678,0.05%,0.05,,Both,LSPD.TO,2026-09-06 10:14:07,,11.339832,0.9785774,,1883895040.0,hold,17.521004,19.25,10.8,1.803,Technology,14.57,-0.13708332
2025-12-31,Canada,Open Text Corp,Technology,1059681212,105055712,1.28%,1.28,,Both,OTEX.TO,2026-09-06 10:15:12,9.27731,5.61463,1.4202428,4.76,8036977152.0,none,31.328354,56.0,27.63,1.028,Technology,33.12,-3.2992733
2025-12-31,Canada,Shopify Inc,Technology,27592503505,2735492597,0.84%,1.3,,Both,SHOP.TO,2026-09-06 10:16:28,97.93171,59.394737,14.684515,,260517134336.0,none,230.43356,253.1,129.01,2.616,Technology,200.76,-0.09952836
2025-12-31,Canada,Thomson Reuters Corp,Technology,1511463576,149844954,0.25%,0.25,,Both,TRI.TO,2026-09-06 10:17:16,27.85524,20.780714,4.0969415,2.47,63354765312.0,buy,176.8718,243.65,107.91,0.19,Industrials,146.24,-5.020456
2025-12-31,Canada,BCE Inc,Telecommunications,595270869,59014546,0.26%,0.26,,Both,BCE.TO,2026-09-06 10:10:23,4.8649855,12.210198,1.4808961,5.34,30577522688.0,buy,37.16667,36.25,29.66,0.614,Communication Services,32.79,-0.121842556
2025-12-31,Canada,Quebecor Inc,Telecommunications,256489835,25428140,0.07%,0.3,,Both,QBR-B.TO,2026-09-06 10:15:45,15.671569,13.4843025,5.220444,2.82,14408931328.0,buy,73.53467,70.75,41.56,0.599,Communication Services,63.94,3.2289312
2025-12-31,Canada,TELUS Corp,Telecommunications,856433227,84905915,0.41%,0.41,,Both,T.TO,2026-09-06 10:16:55,,17.607302,1.5879982,10.77,21089251328.0,hold,14.30556,22.97,12.93,0.734,Communication Services,13.39,-0.07462146
2025-12-31,Canada,Algonquin Power & Utilities Corp,Utilities,677345400,67151331,1.42%,1.42,,Both,AQN.TO,2026-09-06 10:09:56,23.787878,13.886274,0.9838199,4.65,6043729920.0,hold,9.62456,9.69,7.26,0.888,Utilities,7.85,1.9480532
2025-12-31,Canada,AltaGas Ltd,Utilities,1214888035,120442758,1.27%,1.27,,Both,ALA.TO,2026-09-06 10:09:45,26.535355,18.50241,1.7557814,2.54,16392772608.0,buy,60.18182,57.52,39.45,0.475,Energy,52.54,0.6127914
2025-12-31,Canada,Atco Ltd/Canada,Utilities,396746730,39333065,0%,0.95,,Ownership,ACO-X.TO,2026-09-06 10:09:35,45.4875,14.033369,1.722359,2.86,8189750272.0,none,82.0,81.41,47.52,0.406,Utilities,72.78,1.3084667
2025-12-31,Canada,Brookfield Infrastructure Corp,Utilities,716849461,71067723,1.31%,1.31,,Both,BIPC.TO,2026-09-06 10:10:28,,,-2.980712,4.88,6356634112.0,none,,70.05,46.74,1.294,Utilities,51.66,0.7017556
2025-12-31,Canada,Brookfield Renewable Corp,Utilities,687517614,68159794,1.23%,0.52,,Market Value,BEPC.TO,2026-09-06 10:10:23,,-33.149143,-3.2966473,4.95,8153437184.0,hold,45.40473,63.11,42.68,1.158,Utilities,43.92,1.1282475
2025-12-31,Canada,Capital Power Corp,Utilities,903062409,89528684,1.34%,1.34,,Both,CPX.TO,2026-09-06 10:11:16,110.57895,21.851425,2.3089602,4.41,9900751872.0,buy,77.92308,77.02,56.25,0.398,Utilities,63.03,1.1392796
2025-12-31,Canada,Fortis Inc/Canada,Utilities,3337958455,330921790,1.26%,1.26,,Both,FTS.TO,2026-09-06 10:12:31,22.491177,19.702467,1.6502655,3.35,39068524544.0,hold,83.03571,83.75,67.15,0.414,Utilities,76.47,-0.13059746
2025-12-31,Canada,GFL Environmental Inc,Utilities,1484340262,147155977,0.73%,0.95,,Both,GFL.TO,2026-09-06 10:12:36,,45.66538,2.9646888,0.16,21815820288.0,buy,72.5,67.1,46.12,0.491,Industrials,60.45,0.76679295
2025-12-31,Canada,Hydro One Ltd,Utilities,1741957472,172695884,0.72%,0.72,,Market Value,H.TO,2026-09-06 10:12:52,22.504238,22.253695,2.4525514,2.66,31871105024.0,none,57.51923,60.57,48.22,0.376,Utilities,53.11,0.37800184
2025-12-31,Canada,Northland Power Inc,Utilities,732653883,72634557,2.13%,2.13,,Both,NPI.TO,2026-09-06 10:14:56,,11.452534,1.3649117,3.44,,buy,26.61538,25.99,15.96,0.602,Utilities,20.92,2.4485798
2025-12-31,Canada,TransAlta Corp,Utilities,457505523,45356630,1.21%,1.21,,Ownership,TA.TO,2026-09-06 10:16:55,,29.70528,6.2335215,1.72,5234764800.0,buy,23.81818,25.03,15.62,0.46,Utilities,16.55,1.7835118
2025-12-31,Canada,Waste Connections Inc,Utilities,6945901681,688609594,1.53%,1.53,,Both,WCN.TO,,,,,,,,,,,,,,
2025-12-31,Germany,BASF SE,Basic Materials,5657528017,560881546,1.2%,1.2,,Both,BAS.DE,2026-09-06 10:10:17,22.514769,17.921858,1.2740557,4.22,45938794496.0,buy,52.52632,55.05,41.48,0.749,Basic Materials,53.36,-0.2803172
2025-12-31,Germany,Brenntag SE,Basic Materials,1501762374,148883187,1.77%,1.77,,Both,BNR.DE,2026-09-06 10:10:33,24.269842,14.682124,1.9915986,3.11,8830609408.0,hold,57.73333,66.86,43.72,0.531,Basic Materials,61.16,-0.03269117
2025-12-31,Germany,Covestro AG,Basic Materials,945060446,93692327,0.64%,0.64,,Both,1COV.DE,2026-09-06 10:09:24,,61.998676,1.700933,,11320645632.0,none,62.0,61.0,53.52,0.913,,59.98,0.30100384
2025-12-31,Germany,Evonik Industries AG,Basic Materials,812955400,80595567,1.1%,1.1,,Both,EVK.DE,2026-09-06 10:12:09,71.53847,12.301099,1.1026143,5.38,8667599872.0,hold,18.3,19.21,12.49,0.553,Basic Materials,18.6,-0.958468
2025-12-31,Germany,FUCHS SE,Basic Materials,811147094,80416294,3.16%,1.71,,Both,FPE3.DE,2026-09-06 10:12:25,16.440155,15.95139,2.7235513,2.89,5577980416.0,buy,47.55556,42.88,31.8,0.776,Basic Materials,42.58,0.9483203
2025-12-31,Germany,Henkel AG & Co KGaA,Basic Materials,2580936485,255871405,0.84%,0.75,,Both,HEN3.DE,2026-09-06 10:12:57,16.259575,12.879739,1.477029,2.71,30938705920.0,hold,79.16444,84.2,61.28,0.574,Consumer Defensive,76.42,1.2453561
2025-12-31,Germany,K+S AG,Basic Materials,138958803,13776234,0.53%,0.53,,Both,SDF.DE,2026-09-06 10:16:23,2.8477159,14.709738,0.56079435,0.42,,hold,16.46154,18.69,10.35,0.24,Basic Materials,16.83,0.0
2025-12-31,Germany,LANXESS AG,Basic Materials,536127346,53151117,2.97%,2.97,,Both,LXS.DE,2026-09-06 10:14:13,,27.093554,0.3853029,0.64,,hold,17.2,24.82,11.03,1.142,Basic Materials,15.52,-1.7721502
2025-12-31,Germany,Symrise AG,Basic Materials,3815152872,378230357,3.35%,3.35,,Both,SY1.DE,2026-09-06 10:16:50,51.07345,20.740318,3.3213315,1.38,12401088512.0,buy,98.63125,95.0,64.7,0.584,Basic Materials,90.4,-1.1805879
2025-12-31,Germany,Wacker Chemie AG,Basic Materials,296154090,29360414,0.69%,0.69,,Both,WCH.DE,,,,,,,,,,,,,,
2025-12-31,Germany,adidas AG,Consumer Discretionary,19811192883,1964061415,5.5%,5.5,,Both,ADS.DE,2026-09-06 10:09:35,19.121794,12.782453,4.383928,1.88,26110627840.0,buy,201.59286,196.4,129.95,1.192,Consumer Cyclical,149.15,0.30262068
2025-12-31,Germany,Bayerische Motoren Werke AG,Consumer Discretionary,5011002872,496785703,0.63%,0.74,,Market Value,BMW.DE,2026-09-06 10:10:33,6.044273,6.852798,0.3944352,7.01,37590540288.0,buy,72.62,97.92,56.4,0.768,Consumer Cyclical,62.8,1.6839395
2025-12-31,Germany,Continental AG,Consumer Discretionary,2220769801,220164848,1.38%,1.38,,Both,CON.DE,2026-09-06 10:11:16,,11.121714,3.405997,3.77,,buy,77.625,77.5,53.1,1.321,Consumer Cyclical,71.56,1.908283
2025-12-31,Germany,Delivery Hero SE,Consumer Discretionary,1460192429,144761985,1.82%,1.82,,Both,DHER.DE,2026-09-06 10:11:37,,47.45732,9.144936,,11176248320.0,hold,38.62385,39.83,14.8,1.86,Consumer Cyclical,36.47,-0.21887282
2025-12-31,Germany,Douglas AG,Consumer Discretionary,244096116,24199439,1.53%,1.53,,Ownership,DOU.DE,2026-09-06 10:11:43,27.758621,6.34053,1.0822802,,866923072.0,none,10.24444,13.26,7.6,1.096,Consumer Cyclical,8.05,0.7509439
2025-12-31,Germany,Dr Ing hc F Porsche AG,Consumer Discretionary,3344498315,331570145,0%,0.68,,Market Value,P911.DE,2026-09-06 10:15:18,48.065216,20.760954,1.762666,2.28,40284422144.0,hold,45.58095,50.66,35.62,0.882,Consumer Cyclical,44.22,-1.2946385
2025-12-31,Germany,Einhell Germany AG,Consumer Discretionary,169363340,16790508,0%,1.5,,Ownership,EIN3.DE,,,,,,,,,,,,,,
2025-12-31,Germany,HUGO BOSS AG,Consumer Discretionary,633601652,62814620,2.1%,2.1,,Ownership,BOSS.DE,2026-09-06 10:10:39,12.31746,11.905785,1.6622398,0.1,2677827328.0,none,40.60909,43.0,33.85,0.667,Consumer Cyclical,38.8,0.6485084
2025-12-31,Germany,Mercedes-Benz Group AG,Consumer Discretionary,8688978565,861416455,1.27%,1.27,,Market Value,MBG.DE,2026-09-06 10:14:18,9.03125,6.928452,0.4805648,7.43,45650292736.0,buy,57.15455,62.34,42.625,0.678,Consumer Cyclical,47.685,1.1668676
2025-12-31,Germany,Porsche Automobil Holding SE,Consumer Discretionary,1335065999,132357079,0%,0.92,,Market Value,PAH3.DE,2026-09-06 10:15:18,93.58064,1.9654938,0.24867989,5.21,8884312064.0,hold,35.625,41.52,26.84,0.959,Consumer Cyclical,29.01,3.6071439
2025-12-31,Germany,Puma SE,Consumer Discretionary,890123701,88245954,2.28%,2.28,,Ownership,PUM.DE,2026-09-06 10:15:45,,70.57813,1.9189885,2.24,,buy,29.61579,30.31,15.3,1.022,Consumer Cyclical,23.83,-1.7724661
2025-12-31,Germany,Schaeffler AG,Consumer Discretionary,1288344595,127725166,1.38%,1.38,,Both,SHA.DE,2026-09-06 10:16:23,,,,,,,,,,,,,
2025-12-31,Germany,TUI AG,Consumer Discretionary,996082517,98750603,1.84%,1.84,,Ownership,TUI1.DE,2026-09-06 10:17:22,6.252727,5.0316763,1.9412926,1.45,3490110464.0,buy,9.95769,9.558,6.08,1.386,Consumer Cyclical,6.878,0.88002264
2025-12-31,Germany,Volkswagen AG,Consumer Discretionary,2060466916,204272584,0.09%,0.33,,Market Value,VOW3.DE,2026-09-06 10:17:38,7.7948227,3.5326648,0.23243183,6.47,40755306496.0,buy,104.5,109.15,69.2,0.993,Consumer Cyclical,81.3,6.4693584
2025-12-31,Germany,Zalando SE,Consumer Discretionary,1680542643,166607280,2.12%,2.12,,Both,ZAL.DE,,,,,,,,,,,,,,
2025-12-31,Germany,Beiersdorf AG,Consumer Staples,2482347500,246097394,0.92%,0.92,,Both,BEI.DE,2026-09-06 10:10:23,17.776745,18.786589,1.852148,1.31,16669470720.0,hold,82.10526,110.15,67.08,0.488,Consumer Defensive,76.44,0.02617675
2025-12-31,Germany,HelloFresh SE,Consumer Staples,168771348,16731819,1.46%,1.46,,Both,HFG.DE,2026-09-06 10:13:03,,6.1255307,0.6380214,,405735776.0,hold,4.96583,8.22,2.612,0.347,Consumer Defensive,2.799,5.902389
2025-12-31,Germany,KWS Saat SE & Co KGaA,Consumer Staples,171448170,16997196,0.64%,0.64,,Both,KWS.DE,2026-09-06 10:13:51,16.239496,13.717154,1.4341373,1.62,2550900224.0,buy,85.41667,80.6,61.3,0.305,Basic Materials,77.3,0.38961434
2025-12-31,Germany,METRO AG,Consumer Staples,54114816,5364888,0.22%,0.22,,Both,B4B.DE,2026-09-06 10:10:12,,,,,,,,,,,,,
2025-12-31,Germany,Redcare Pharmacy NV,Consumer Staples,270444632,26811604,1.7%,1.7,,Both,RDC.DE,2026-09-06 10:15:50,,49.83931,2.6797767,,1201680512.0,buy,87.5,90.1,30.2,1.422,Healthcare,59.55,4.2907195
2025-12-31,Germany,Suedzucker AG,Consumer Staples,124532152,12345990,0.56%,0.56,,Both,SZU.DE,2026-09-06 10:16:55,,16.240494,1.1815373,1.69,2576793088.0,none,11.5,13.57,8.92,-0.205,Consumer Defensive,12.62,-0.62992066
2025-12-31,Germany,Siemens Energy AG,Energy,23721468884,2351722182,1.93%,1.93,,Both,ENR.DE,2026-09-06 10:12:04,47.417477,23.596483,11.622115,0.48,124666339328.0,buy,196.3164,191.66,87.4,1.868,Industrials,146.52,0.77029604
2025-12-31,Germany,Nordex SE,Energy,7978814,791011,0.01%,0.01,,Both,NDX1.DE,2026-09-06 10:14:50,22.414633,14.797818,5.994781,,8707418112.0,buy,48.90667,51.7,19.11,1.154,Industrials,36.76,-0.21716024
2025-12-31,Germany,Allianz SE,Financials,31182614366,3091412520,1.77%,1.77,,Both,ALV.DE,2026-09-06 10:09:45,14.768929,13.443322,2.7090724,3.79,,buy,439.21683,454.6,338.8,0.67,Financial Services,450.6,-0.595628
2025-12-31,Germany,Commerzbank AG,Financials,3992878937,395849937,0.83%,0.83,,Both,CBK.DE,2026-09-06 10:10:49,16.114944,10.979631,1.3463079,2.64,45460430848.0,buy,41.18462,42.1,29.01,0.679,Financial Services,42.06,1.1057762
2025-12-31,Germany,Deutsche Bank AG,Financials,5232254098,518720324,0.7%,0.7,,Both,DBK.DE,2026-09-06 10:11:32,10.81155,9.297913,0.84791416,2.81,66836033536.0,buy,33.88972,35.72,23.815,0.996,Financial Services,35.57,0.05626008
2025-12-31,Germany,Deutsche Boerse AG,Financials,12069101741,1196518412,2.42%,2.42,,Both,DB1.DE,2026-09-06 10:11:32,24.270922,20.676449,4.8971133,1.49,50714918912.0,buy,290.53845,291.8,200.1,0.312,Financial Services,281.3,-0.9158176
2025-12-31,Germany,DWS Group GmbH & Co KGaA,Financials,436736736,43297634,0.33%,0.33,,Both,DWS.DE,2026-09-06 10:11:48,14.921413,13.810948,2.0274959,3.95,15189999616.0,hold,68.42857,76.6,50.2,1.16,Financial Services,75.95,0.330251
2025-12-31,Germany,flatexDEGIRO AG,Financials,745669601,73924922,1.56%,1.56,,Both,FTK.DE,2026-09-06 10:12:31,19.641304,14.928086,3.9675045,0.83,3866918656.0,buy,46.0625,43.24,26.62,1.026,Financial Services,36.14,-3.523758
2025-12-31,Germany,Hannover Rueck SE,Financials,3872977388,383963020,1.02%,1.02,,Both,HNR1.DE,2026-09-06 10:13:03,11.495369,11.048684,2.3690264,4.8,31427614720.0,buy,282.4,281.2,223.4,0.125,Financial Services,260.6,-1.0630175
2025-12-31,Germany,Muenchener Rueckversicherungs-Gesellschaft AG in Muenchen,Financials,10616623531,1052521207,1.22%,1.22,,Both,MUV2.DE,2026-09-06 10:14:45,9.813988,10.224047,1.9778818,4.55,66379706368.0,none,552.0118,575.6,437.4,0.325,Financial Services,527.6,-0.0757622
2025-12-31,Germany,Rocket Internet SE,Financials,128994294,12788362,0.43%,0.43,,Both,RKET.DE,2026-09-06 10:16:01,,,,,,,,,,,,,
2025-12-31,Germany,Talanx AG,Financials,1645703598,163153373,0.47%,0.47,,Both,TLX.DE,2026-09-06 10:17:11,12.631579,10.933752,2.294952,2.83,32846727168.0,none,128.42857,128.8,97.65,0.347,Financial Services,127.2,-1.0116755
2025-12-31,Germany,Bayer AG,Health Care,7150606459,708903816,1.66%,1.66,,Both,BAYN.DE,2026-09-06 10:10:17,,10.1679325,1.6222229,0.23,47991414784.0,buy,57.38889,53.92,25.78,0.834,Healthcare,48.85,-0.99311244
2025-12-31,Germany,BioNTech SE,Health Care,330105610,32726333,0%,0.14,,Market Value,22UA.DE,2026-09-06 10:09:24,,,1.2689385,,22533031936.0,none,,105.7,68.3,1.293,Healthcare,89.7,1.4705831
2025-12-31,Germany,Carl Zeiss Meditec AG,Health Care,451355004,44746874,1.06%,1.06,,Both,AFX.DE,2026-09-06 10:09:40,23.036495,20.577017,1.3163712,1.74,2762638592.0,hold,27.24286,48.36,22.62,1.355,Healthcare,31.56,-1.8656728
2025-12-31,Germany,Draegerwerk AG & Co KGaA,Health Care,89328000,8855887,1.32%,0.71,,Ownership,DRW3.DE,2026-09-06 10:11:48,12.162459,12.514161,1.2518219,2.05,2078608000.0,buy,109.0,117.0,62.5,0.628,Healthcare,110.8,0.18083596
2025-12-31,Germany,Fresenius Medical Care AG,Health Care,2078165763,206027230,1.47%,1.47,,Both,FME.DE,2026-09-06 10:12:20,11.813253,9.04514,0.8311787,3.86,10436822016.0,none,42.80294,47.86,34.57,0.828,Healthcare,39.22,1.6062249
2025-12-31,Germany,Fresenius SE & Co KGaA,Health Care,4866578128,482467582,1.49%,1.49,,Both,FRE.DE,2026-09-06 10:12:25,15.750903,11.033113,1.2474625,2.41,,strong_buy,55.58571,52.96,35.11,0.835,Healthcare,43.63,-1.3453871
2025-12-31,Germany,Gerresheimer AG,Health Care,148321414,14704433,1.31%,1.31,,Both,GXI.DE,2026-09-06 10:12:52,,8.931335,0.90339893,0.15,976791232.0,hold,27.375,44.76,14.83,0.476,Healthcare,28.28,1.507538
2025-12-31,Germany,Merck KGaA,Health Care,3911202540,387752623,2.08%,0.62,,Both,MRK.DE,2026-09-06 10:14:34,24.926607,15.226784,1.9524289,1.62,59064578048.0,buy,153.5,148.8,100.7,0.805,Healthcare,135.85,-1.4508523
2025-12-31,Germany,QIAGEN NV,Health Care,1649804619,163559944,1.65%,1.65,,Both,QIA.DE,2026-09-06 10:15:45,22.150888,16.720266,2.6768754,0.82,7730140672.0,buy,38.85714,47.595,27.56,0.626,Healthcare,37.435,-0.093407646
2025-12-31,Germany,Sartorius AG,Health Care,877536147,86998037,0.42%,0.45,,Market Value,SRT3.DE,2026-09-06 10:16:39,84.11348,37.53016,6.0511746,0.31,16379202560.0,buy,269.10526,267.7,189.9,1.471,Healthcare,237.2,-3.1045775
2025-12-31,Germany,Siemens Healthineers AG,Health Care,12471723386,1236433910,2.08%,2.08,,Both,SHL.DE,2026-09-06 10:16:28,19.796953,16.522903,2.2764418,2.56,43648761856.0,buy,45.52105,49.71,32.81,0.835,Healthcare,39.0,0.489561
2025-12-31,Germany,STRATEC SE,Health Care,39621819,3928067,1.23%,1.23,,Ownership,SBS.DE,2026-09-06 10:16:17,,13.893523,1.2312006,2.48,293565984.0,buy,25.6,33.1,16.3,0.845,Healthcare,24.15,-1.8292714
2025-12-31,Germany,Basler AG,Industrials,219096771,21721030,3.84%,3.84,,Ownership,BSL.DE,2026-09-06 10:10:39,24.361702,19.68487,4.583667,0.48,704347456.0,strong_buy,29.66667,31.9,11.42,2.515,Technology,22.9,0.43859816
2025-12-31,Germany,Bertrandt AG,Industrials,65389580,6482656,2.94%,2.94,,Ownership,BDT.DE,2026-09-06 10:10:23,,4.214379,0.31937245,,92163616.0,hold,12.625,21.4,8.08,0.672,Consumer Cyclical,9.12,0.44052818
2025-12-31,Germany,Bilfinger SE,Industrials,950746968,94256083,1.99%,1.99,,Ownership,GBF.DE,2026-09-06 10:12:36,16.40159,11.982153,2.2703505,3.39,3047527168.0,strong_buy,114.6,129.3,72.9,0.551,Industrials,82.5,1.4136466
2025-12-31,Germany,Daimler Truck Holding AG,Industrials,1594382865,158065488,0.47%,0.47,,Market Value,DTG.DE,2026-09-06 10:11:48,31.53793,9.556549,1.5402492,4.15,34764546048.0,buy,50.97778,50.08,33.46,0.924,Industrials,45.73,0.21915072
2025-12-31,Germany,Deutsche Post AG,Industrials,8975506280,889822520,1.41%,1.41,,Market Value,DHL.DE,2026-09-06 10:11:37,16.756098,14.466279,2.737188,3.46,61005598720.0,hold,54.89938,58.3,37.14,1.134,Industrials,54.96,-0.43478566
2025-12-31,Germany,GEA Group AG,Industrials,2106729278,208858988,1.89%,1.89,,Both,G1A.DE,2026-09-06 10:12:31,24.235073,17.262,4.2252145,2.0,,buy,69.79412,68.1,53.45,0.751,Industrials,64.95,1.3260508
2025-12-31,Germany,Heidelberg Materials AG,Industrials,8826427374,875042989,1.87%,1.87,,Both,HEIG.DE,2026-09-06 10:12:57,,,,,,,,,,,,,
2025-12-31,Germany,HOCHTIEF AG,Industrials,1080879381,107157277,0.35%,0.35,,Market Value,HOT.DE,2026-09-06 10:13:08,36.101696,23.741346,24.737238,1.55,32054771712.0,hold,475.74,554.0,217.0,0.78,Industrials,426.0,0.7568619
2025-12-31,Germany,Knorr-Bremse AG,Industrials,5071398279,502773242,2.79%,2.79,,Both,KBX.DE,2026-09-06 10:13:46,28.653847,19.259924,5.219176,1.82,16813160448.0,buy,119.53333,115.6,77.4,1.11,Consumer Cyclical,104.3,1.2621388
2025-12-31,Germany,MTU Aero Engines AG,Industrials,4791528606,475027249,2.11%,2.11,,Both,MTX.DE,2026-09-06 10:14:45,20.162415,16.78708,4.121804,1.04,18725427200.0,hold,404.65,404.8,265.2,0.895,Industrials,347.6,0.8998566
2025-12-31,Germany,OSRAM Licht AG,Industrials,1326563465,131514146,2.12%,2.12,,Both,OSR.DE,,,,,,,,,,,,,,
2025-12-31,Germany,Rheinmetall AG,Industrials,17251530301,1710299083,2.03%,2.03,,Both,RHM.DE,2026-09-06 10:15:55,39.67767,19.262733,9.704729,1.11,48254779392.0,strong_buy,1669.8572,2008.0,928.8,0.431,Industrials,1034.0,-3.382541
2025-12-31,Germany,Siemens AG,Industrials,40757194248,4040626584,1.8%,1.8,,Both,SIE.DE,2026-09-06 10:16:28,27.23776,20.967737,3.0917606,1.96,212739031040.0,buy,300.75696,291.7,198.0,1.283,Industrials,272.65,0.7575712
2025-12-31,Germany,Argo Properties NV,Real Estate,76234466,7557807,0.85%,0.85,,Both,ARND.DE,,,,,,,,,,,,,,
2025-12-31,Germany,Aroundtown SA,Real Estate,714876152,70872091,1.48%,1.48,,Both,AT1.DE,2026-09-06 10:10:01,5.14054,8.165193,0.25232157,4.21,2149127424.0,hold,2.94857,3.364,1.862,1.308,Real Estate,1.902,-1.2461085
2025-12-31,Germany,Deutsche EuroShop AG,Real Estate,46305723,4590702,0.27%,0.27,,Both,DEQ.DE,2026-09-06 10:11:37,6.3146853,10.143218,0.7211308,5.52,1367933952.0,underperform,19.425,21.1,17.4,0.422,Real Estate,18.06,-0.22099952
2025-12-31,Germany,Deutsche Wohnen SE,Real Estate,290585558,28808355,0.3%,0.3,,Both,DWNI.DE,2026-09-06 10:11:48,4.530184,5.9897075,0.47193283,0.23,6851092992.0,none,20.085,23.95,17.1,1.142,Real Estate,17.26,-0.8045943
2025-12-31,Germany,Grand City Properties SA,Real Estate,168996967,16754187,0.82%,0.82,,Both,GYC.DE,2026-09-06 10:12:52,4.183036,7.8122396,0.40186995,3.2,1650297344.0,hold,10.92727,11.58,8.55,1.007,Real Estate,9.37,0.86114013
2025-12-31,Germany,Instone Real Estate Group SE,Real Estate,43903607,4352559,1.02%,1.02,,Both,INS.DE,2026-09-06 10:13:24,6.7090907,7.631299,0.5247067,5.83,319720608.0,strong_buy,12.375,10.18,7.26,1.463,Real Estate,7.38,-0.27027
2025-12-31,Germany,LEG Immobilien SE,Real Estate,1166882325,115683521,2.09%,2.09,,Both,LEG.DE,2026-09-06 10:13:57,3.2738173,8.40802,0.42105803,5.94,3776333824.0,buy,73.97143,71.65,48.04,1.389,Real Estate,49.14,-0.3245433
2025-12-31,Germany,TAG Immobilien AG,Real Estate,580594574,57559553,1.96%,1.96,,Both,TEG.DE,2026-09-06 10:17:00,68.5,9.836379,0.71156514,3.17,2346026240.0,strong_buy,17.97778,16.8,12.03,1.381,Real Estate,12.33,-2.2979395
2025-12-31,Germany,TLG Immobilien AG,Real Estate,4549056,450989,0.03%,0.03,,Both,TLG.DE,2026-09-06 10:17:11,,,,,,,,,,,,,
2025-12-31,Germany,Vonovia SE,Real Estate,34555910299,3425837631,14.01%,14.01,,Both,VNA.DE,2026-09-06 10:17:38,4.342404,10.2318325,0.58769375,6.53,16247542784.0,buy,27.5625,28.9,18.66,1.471,Real Estate,19.15,-0.31233457
2025-12-31,Germany,AIXTRON SE,Technology,481587311,47744074,2.07%,2.07,,Both,AIXA.DE,2026-09-06 10:09:40,69.51923,26.655361,4.102826,0.41,4077208832.0,none,48.94,62.66,11.675,0.865,Technology,36.15,2.0321796
2025-12-31,Germany,Atoss Software SE,Technology,261031442,25878390,1.2%,1.2,,Both,AOF.DE,2026-09-06 10:09:51,30.5919,25.89041,17.893585,2.32,1561995904.0,buy,123.375,124.0,65.0,1.215,Technology,98.2,0.924968
2025-12-31,Germany,Bechtle AG,Technology,881058487,87347238,1.35%,1.35,,Both,BC8.DE,2026-09-06 10:10:23,18.584616,16.670502,2.2038434,1.93,,strong_buy,43.42857,45.14,24.56,0.869,Technology,36.24,-1.948045
2025-12-31,Germany,Infineon Technologies AG,Technology,13950658684,1383054044,2.39%,2.39,,Both,IFX.DE,2026-09-06 10:13:19,69.34146,20.286495,4.255351,0.62,73889554432.0,buy,87.31818,88.83,31.27,1.933,Technology,56.86,2.3951051
2025-12-31,Germany,IONOS Group SE,Technology,199684037,19796471,0.45%,0.45,,Both,IOS.DE,2026-09-06 10:13:30,20.915665,15.340838,14.136807,,4685306368.0,buy,36.8625,42.45,20.9,0.495,Technology,34.72,1.2244955
2025-12-31,Germany,Jenoptik AG,Technology,33872866,3358121,0.26%,0.26,,Market Value,JEN.DE,2026-09-06 10:13:35,26.569536,16.54317,2.23348,1.0,2296393216.0,buy,46.8125,48.42,16.04,1.227,Technology,40.12,2.608697
2025-12-31,Germany,LPKF Laser & Electronics SE,Technology,7849883,778229,0.48%,0.48,,Ownership,LPK.DE,2026-09-06 10:14:07,,36.438354,5.159038,,325804064.0,none,22.75,30.8,5.35,2.332,Industrials,13.3,2.307694
2025-12-31,Germany,Nemetschek SE,Technology,1253052856,124226380,0.99%,0.99,,Both,NEM.DE,2026-09-06 10:14:50,29.67136,21.679028,7.1614733,1.08,7293835776.0,buy,85.19118,116.4,50.45,0.535,Technology,63.2,-6.0223036
2025-12-31,Germany,SAP SE,Technology,71171614716,7055881145,2.35%,2.35,,Both,SAP.DE,2026-09-06 10:16:12,27.796408,22.19595,4.789888,1.35,214312648704.0,strong_buy,207.77077,244.3,127.5,0.775,Technology,185.68,0.053880185
2025-12-31,Germany,Scout24 SE,Technology,1490503816,147767025,1.96%,1.96,,Both,G24.DE,2026-09-06 10:12:31,19.168766,15.975949,4.5981874,1.97,5299621376.0,none,105.90556,113.9,62.7,0.591,Communication Services,76.1,-2.1221886
2025-12-31,Germany,TeamViewer SE,Technology,507331250,50296302,4.33%,4.33,,Both,TMV.DE,2026-09-06 10:17:11,8.788462,6.1851487,4.3331227,,1076003072.0,none,7.82857,9.34,4.086,1.01,Technology,6.855,-0.652175
2025-12-31,Germany,1&1 AG,Telecommunications,144141080,14289999,0.28%,0.28,,Both,1U1.DE,2026-09-06 10:09:24,34.77941,18.602125,0.6938536,0.21,,buy,25.27778,27.3,18.62,0.325,Communication Services,23.65,0.63829625
2025-12-31,Germany,Deutsche Telekom AG,Telecommunications,22676216118,2248096891,1.41%,1.41,,Both,DTE.DE,2026-09-06 10:11:48,15.955056,11.149803,2.2694583,3.52,135826137088.0,strong_buy,36.93333,34.36,23.53,0.325,Communication Services,28.4,-1.2173927
2025-12-31,Germany,Freenet AG,Telecommunications,861610809,85419215,2.08%,2.08,,Both,FNTN.DE,2026-09-06 10:12:20,11.95098,10.107082,2.0923445,8.49,2876366848.0,hold,26.97778,33.92,22.28,0.241,Communication Services,24.38,0.16433446
2025-12-31,Germany,United Internet AG,Telecommunications,531895818,52731608,0.84%,0.84,,Both,UTDI.DE,2026-09-06 10:17:32,15.565714,12.911605,1.0113987,1.84,4708088320.0,buy,32.09,30.22,22.24,0.491,Communication Services,27.24,-0.2928255
2025-12-31,Germany,Vantage Towers AG,Telecommunications,208972036,20717274,0.09%,0.09,,Both,VTWR.DE,2026-09-06 10:17:43,,,,,,,,,,,,,
2025-12-31,Germany,E.ON SE,Utilities,13180796249,1306730669,2.61%,2.61,,Both,EOAN.DE,2026-09-06 10:12:04,13.565892,13.996081,2.1557033,3.27,45728866304.0,buy,20.73106,20.39,14.98,0.809,Utilities,17.5,0.2578062
2025-12-31,Germany,RWE AG,Utilities,4491062947,445239391,1.13%,1.13,,Both,RWE.DE,2026-09-06 10:16:06,12.949002,17.613014,1.047421,2.05,45551132672.0,buy,67.58333,62.0,35.22,0.572,Utilities,58.4,0.7243911
2025-12-31,India,Aarti Industries Ltd,Basic Materials,71684818,7106760,0.47%,0.47,,Both,AARTIIND.NS,2026-09-06 10:09:29,33.761124,24.56636,2.994094,0.2,178914934784.0,none,535.375,551.75,338.05,0.636,Basic Materials,493.25,-1.7234497
2025-12-31,India,Aditya Birla Real Estate Ltd,Basic Materials,72770343,7214378,0.35%,0.35,,Both,ABREL.NS,2026-09-06 10:09:29,,23.475243,4.100713,0.18,151712792576.0,strong_buy,1872.5834,1965.3,1080.1,0.417,Real Estate,1372.0,-0.35587364
2025-12-31,India,APL Apollo Tubes Ltd,Basic Materials,1484429598,147164839,2.49%,2.49,,Both,APLAPOLLO.NS,2026-09-06 10:09:56,50.767147,35.358116,11.797029,0.38,624731422720.0,strong_buy,2249.1052,2301.4,1653.3,0.332,Basic Materials,2250.0,4.1956143
2025-12-31,India,Archean Chemical Industries Ltd,Basic Materials,32500966,3222113,0.42%,0.42,,Ownership,ACI.NS,2026-09-06 10:09:35,63.70394,16.17258,3.1997523,0.5,61895864320.0,buy,589.1667,726.0,479.8,0.177,Basic Materials,501.35,1.2419212
2025-12-31,India,Arvind Ltd,Basic Materials,55409718,5493263,0.59%,0.59,,Both,ARVIND.NS,2026-09-06 10:10:01,34.97786,21.601562,3.5841365,0.81,144963223552.0,strong_buy,616.5,600.0,277.9,0.176,Consumer Cyclical,553.0,-2.4691358
2025-12-31,India,Atul Ltd,Basic Materials,116932280,11592547,0.58%,0.58,,Both,ATUL.NS,2026-09-06 10:10:07,23.603449,20.557934,3.017065,0.47,187720630272.0,none,7904.25,7180.0,5560.5,0.187,Basic Materials,6376.0,-1.4376255
2025-12-31,India,Balaji Amines Ltd,Basic Materials,13805939,1368707,0.34%,0.34,,Ownership,BALAMINES.NS,2026-09-06 10:10:17,40.012722,27.423838,4.1246037,0.44,81520918528.0,none,2085.6667,2550.0,968.1,0.859,Basic Materials,2516.0,4.0615416
2025-12-31,India,BASF India Ltd,Basic Materials,49921314,4949148,0.26%,0.26,,Market Value,BASF.NS,2026-09-06 10:10:17,27.172007,22.270115,4.238373,0.65,167731855360.0,none,4350.0,4829.9,3122.2,0.383,Basic Materials,3875.0,1.1115775
2025-12-31,India,Bharat Forge Ltd,Basic Materials,415108954,41153479,0.53%,0.53,,Both,BHARATFORG.NS,2026-09-06 10:10:28,131.54001,40.59481,9.76155,0.43,935141376000.0,hold,1990.7084,2295.0,1140.6,0.524,Industrials,1956.0,-1.2619889
2025-12-31,India,Carborundum Universal Ltd,Basic Materials,108130452,10719943,0.59%,0.59,,Both,CARBORUNIV.NS,2026-09-06 10:10:49,101.98556,37.425484,5.5196533,0.37,215271079936.0,underperform,1033.8334,1306.9,735.2,0.346,Industrials,1130.0,4.8237476
2025-12-31,India,Century Plyboards India Ltd,Basic Materials,43486794,4311237,0.21%,0.21,,Market Value,CENTURYPLY.NS,2026-09-06 10:11:00,57.270992,29.037567,6.3943033,0.13,166685294592.0,none,894.75,859.0,618.5,0.2,Basic Materials,750.25,0.14014786
2025-12-31,India,Chambal Fertilisers and Chemicals Ltd,Basic Materials,122433367,12137919,0.56%,0.56,,Both,CHAMBLFERT.NS,2026-09-06 10:11:00,8.712357,8.590445,1.6127979,2.86,168073641984.0,none,549.6667,559.0,399.75,0.292,Basic Materials,419.5,0.28687838
2025-12-31,India,Chemplast Sanmar Ltd,Basic Materials,21685380,2149866,0.47%,0.47,,Ownership,CHEMPLASTS.NS,2026-09-06 10:11:00,,58.29552,1.5408738,,27036735488.0,none,277.25,451.3,166.15,-0.123,Basic Materials,171.0,2.3768191
2025-12-31,India,Clean Science & Technology Ltd,Basic Materials,248673355,24653223,2.38%,2.38,,Both,CLEAN.NS,2026-09-06 10:11:06,38.11045,25.816721,5.606247,0.72,88747237376.0,buy,965.2857,1212.0,652.0,0.27,Basic Materials,835.0,-2.1044624
2025-12-31,India,Coromandel International Ltd,Basic Materials,327671371,32485006,0.44%,0.44,,Both,COROMANDEL.NS,2026-09-06 10:11:16,31.271759,20.079231,4.549729,0.57,571439185920.0,none,2333.6667,2499.0,1706.5,0.127,Basic Materials,1940.1,0.45564786
2025-12-31,India,Deepak Fertilisers & Petrochemicals Corp Ltd,Basic Materials,101590819,10071610,0.56%,0.56,,Both,DEEPAKFERT.NS,2026-09-06 10:11:37,17.517649,10.932978,2.5175936,0.73,172463407104.0,none,1896.6666,1681.0,866.4,0.049,Basic Materials,1364.8,0.6563924
2025-12-31,India,Deepak Nitrite Ltd,Basic Materials,136424627,13524999,0.51%,0.51,,Both,DEEPAKNTR.NS,2026-09-06 10:11:37,29.895416,27.644217,4.0077863,0.44,233927704576.0,none,1892.5,1904.4,1280.0,0.454,Basic Materials,1715.1,-0.5912058
2025-12-31,India,Electrosteel Castings Ltd,Basic Materials,54196496,5372985,1%,1.0,,Both,ELECTCAST.NS,2026-09-06 10:11:59,42.641026,19.33721,0.86779106,1.07,51402047488.0,none,76.0,103.95,60.15,0.072,Industrials,83.15,-0.8348205
2025-12-31,India,GHCL Ltd,Basic Materials,49637032,4920965,0.82%,0.82,,Both,GHCL.NS,2026-09-06 10:12:36,7.780949,5.910569,1.1038958,2.74,39984005120.0,none,800.0,667.2,416.6,-0.106,Basic Materials,436.2,-0.3085306
2025-12-31,India,Godawari Power and Ispat Ltd,Basic Materials,75930030,7527626,0.38%,0.38,,Both,GPIL.NS,2026-09-06 10:12:47,19.140923,10.684889,2.542407,0.42,156410134528.0,none,290.0,320.0,221.21,0.721,Basic Materials,240.41,0.21259266
2025-12-31,India,Gravita India Ltd,Basic Materials,58523745,5801985,0.38%,0.38,,Both,GRAVITA.NS,2026-09-06 10:12:47,30.9974,21.845436,4.9560637,0.64,121557524480.0,none,2061.889,1913.6,1266.9,0.475,Industrials,1668.9,-0.94373363
2025-12-31,India,Grindwell Norton Ltd,Basic Materials,79449600,7876553,0.41%,0.41,,Both,GRINDWELL.NS,2026-09-06 10:12:47,50.316856,38.59365,8.670659,0.96,219779203072.0,none,2169.3333,2455.0,1329.0,0.51,Industrials,1985.0,0.5368707
2025-12-31,India,Gujarat Narmada Valley Fertilizers & Chemicals Ltd,Basic Materials,49651825,4922431,0.61%,0.61,,Both,GNFC.NS,2026-09-06 10:12:41,8.471456,9.539001,0.9643668,3.52,87870529536.0,none,,619.0,365.0,0.208,Basic Materials,598.0,1.8132331
2025-12-31,India,Gujarat State Fertilizers & Chemicals Ltd,Basic Materials,36805363,3648846,0.45%,0.45,,Ownership,GSFC.NS,2026-09-06 10:12:52,9.375719,9.311428,0.53238934,3.07,64931913728.0,none,185.0,213.45,138.83,0.25,Basic Materials,162.95,0.6734192
2025-12-31,India,Himadri Speciality Chemical Ltd,Basic Materials,116193029,11519259,0.43%,0.43,,Both,HSCL.NS,2026-09-06 10:13:08,42.1761,32.5534,7.1886454,0.12,338367414272.0,none,720.0,819.5,418.5,0.234,Basic Materials,670.6,1.2990899
2025-12-31,India,Hindustan Copper Ltd,Basic Materials,197442903,19574288,0.35%,0.35,,Both,HINDCOPPER.NS,2026-09-06 10:13:03,44.43782,25.202898,15.108603,0.83,504496422912.0,none,715.0,760.05,241.52,1.512,Basic Materials,521.7,0.61716723
2025-12-31,India,Jai Balaji Industries Ltd,Basic Materials,41824889,4146477,0.57%,0.57,,Ownership,JAIBALAJI.NS,2026-09-06 10:13:35,44.113922,,2.8685486,,63583924224.0,none,133.0,108.0,53.65,0.383,Basic Materials,69.7,-1.6231498
2025-12-31,India,JK Paper Ltd,Basic Materials,26119935,2589504,0.39%,0.39,,Ownership,JKPAPER.NS,2026-09-06 10:13:35,23.193253,6.595935,1.3330814,0.99,73551953920.0,none,511.0,444.8,304.85,0.32,Basic Materials,405.65,-1.0971595
2025-12-31,India,JSW Steel Ltd,Basic Materials,1232172089,122156287,0.39%,0.39,,Both,JSWSTEEL.NS,2026-09-06 10:13:40,13.072218,18.186049,3.2323854,0.54,3234295971840.0,buy,1379.8286,1351.0,1073.2,0.627,Basic Materials,1325.0,1.2996942
2025-12-31,India,Jubilant Ingrevia Ltd,Basic Materials,40648443,4029845,0.32%,0.32,,Ownership,JUBLINDS.NS,2026-09-06 10:13:40,,,,,,,,,,,,,
2025-12-31,India,KPR Mill Ltd,Basic Materials,96134919,9530718,0.27%,0.27,,Market Value,KPRMILL.NS,2026-09-06 10:13:51,44.361183,32.32564,7.1031337,0.42,405546696704.0,none,1203.0,1334.0,796.1,0.297,Consumer Cyclical,1184.0,0.7316637
2025-12-31,India,Linde India Ltd,Basic Materials,131152568,13002332,0.23%,0.23,,Market Value,LINDEINDIA.NS,2026-09-06 10:14:02,99.36028,74.00349,12.729025,0.06,543089950720.0,none,6683.0,8049.0,5673.0,-0.064,Basic Materials,6368.0,-0.078455985
2025-12-31,India,Lloyds Metals & Energy Ltd,Basic Materials,135598498,13443097,0.17%,0.17,,Market Value,LLOYDSMETAL.NS,,,,,,,,,,,,,,
2025-12-31,India,National Aluminium Co Ltd,Basic Materials,327735714,32491385,0.51%,0.51,,Both,NATIONALUM.NS,2026-09-06 10:14:45,10.174055,9.647096,3.1797974,1.07,687083945984.0,buy,410.69232,445.15,198.68,0.715,Basic Materials,374.1,0.026739601
2025-12-31,India,Navin Fluorine International Ltd,Basic Materials,1215975689,120550592,3.57%,3.57,,Both,NAVINFLUOR.NS,2026-09-06 10:14:45,55.52454,42.521896,11.0283165,0.18,438838296576.0,buy,8187.448,8775.5,4498.5,0.259,Basic Materials,8553.0,-1.6557432
2025-12-31,India,Paradeep Phosphates Ltd,Basic Materials,72189416,7156785,0.38%,0.38,,Both,PARADEEP.NS,2026-09-06 10:15:18,15.248302,13.730132,2.4043374,0.96,163265773568.0,buy,162.0,202.19,99.7,-0.086,Basic Materials,157.21,2.396931
2025-12-31,India,PCBL CHEMICAL Ltd,Basic Materials,66944349,6636795,0.5%,0.5,,Both,PCBL.NS,2026-09-06 10:15:23,48.270107,20.417202,3.1331875,1.42,125160456192.0,none,362.9091,425.95,226.5,0.581,Basic Materials,318.1,1.2251412
2025-12-31,India,PI Industries Ltd,Basic Materials,308135792,30548269,0.56%,0.56,,Both,PIIND.NS,2026-09-06 10:15:28,32.050446,23.210924,3.329821,0.62,373955657728.0,hold,2915.0386,3832.9,2353.5,0.366,Basic Materials,2465.0,1.8637174
2025-12-31,India,Pidilite Industries Ltd,Basic Materials,1367743512,135596700,0.81%,0.81,,Both,PIDILITIND.NS,2026-09-06 10:15:28,62.890778,51.357693,15.310389,0.71,1658634895360.0,buy,1786.3334,1707.5,1259.0,0.402,Basic Materials,1629.5,-0.53714514
2025-12-31,India,PTC Industries Ltd,Basic Materials,101623269,10074827,0.33%,0.33,,Both,PTCIL.NS,2026-09-06 10:15:39,283.8988,61.1486,23.556799,,355023552512.0,none,23895.0,24125.0,13460.0,0.316,Industrials,23680.0,-0.5877414
2025-12-31,India,Rain Industries Ltd,Basic Materials,32025477,3174973,0.59%,0.59,,Ownership,RAIN.NS,2026-09-06 10:15:50,13.469925,-141.4342,0.90409786,0.46,72307589120.0,none,,252.0,99.9,1.106,Basic Materials,214.98,1.5445604
2025-12-31,India,Ramkrishna Forgings Ltd,Basic Materials,45842537,4544782,0.43%,0.43,,Both,RKFORGE.NS,2026-09-06 10:16:01,120.60996,35.039104,3.8620036,0.29,127620333568.0,hold,634.0,772.8,460.15,0.424,Industrials,701.95,-3.4257364
2025-12-31,India,Ratnamani Metals & Tubes Ltd,Basic Materials,73794132,7315875,0.39%,0.39,,Both,RATNAMANI.NS,2026-09-06 10:15:50,44.296608,30.571108,4.655041,0.37,191351160832.0,strong_buy,2659.8,3345.0,1936.5,0.357,Basic Materials,2730.0,2.2586827
2025-12-31,India,Raymond Realty Ltd,Basic Materials,32916562,3263314,0.84%,0.84,,Ownership,RAYMONDLSL.NS,2026-09-06 10:15:50,93.647896,14.057083,0.42039096,0.15,40496259072.0,none,946.0,1350.0,628.25,,Consumer Cyclical,664.9,2.6317897
2025-12-31,India,Sarda Energy & Minerals Ltd,Basic Materials,55520315,5504228,0.27%,0.27,,Market Value,SARDAEN.NS,2026-09-06 10:16:17,15.855181,10.73315,2.4307964,0.39,179009683456.0,none,,639.75,453.1,0.527,Basic Materials,508.0,0.28625253
2025-12-31,India,Shyam Metalics & Energy Ltd,Basic Materials,73416210,7278408,0.28%,0.28,,Market Value,SHYAMMETL.NS,2026-09-06 10:16:28,26.259882,15.739107,2.628267,0.51,295861125120.0,none,1161.6666,1111.0,746.0,0.512,Basic Materials,1063.0,-1.2448926
2025-12-31,India,Solar Industries India Ltd,Basic Materials,380695961,37741810,0.31%,0.31,,Market Value,SOLARINDS.NS,2026-09-06 10:16:33,97.08891,60.91418,30.914429,0.05,1940559233024.0,none,21521.54,21695.0,11646.0,0.245,Basic Materials,21445.0,-0.25581396
2025-12-31,India,SRF Ltd,Basic Materials,1827565267,181182960,1.79%,1.79,,Both,SRF.NS,2026-09-06 10:16:39,34.967052,28.240032,5.3763895,0.39,754946146304.0,buy,2917.6897,3210.0,2355.0,0.126,Industrials,2547.0,-2.6748185
2025-12-31,India,Sudarshan Chemical Industries Ltd,Basic Materials,27488510,2725183,0.33%,0.33,,Ownership,SUDARSCHEM.NS,2026-09-06 10:16:50,135.08287,19.136448,2.785455,0.41,97320263680.0,strong_buy,1335.5714,1603.0,726.4,0.502,Basic Materials,1222.5,-2.145205
2025-12-31,India,Sumitomo Chemical India Ltd,Basic Materials,67025066,6644797,0.25%,0.25,,Market Value,SUMICHEM.NS,2026-09-06 10:16:50,42.838654,34.014606,7.311255,0.26,247825858560.0,none,582.6667,617.45,362.6,0.207,Basic Materials,496.5,-0.37122628
2025-12-31,India,Supreme Petrochem Ltd,Basic Materials,44551156,4416756,0.33%,0.33,,Both,SUPPETRO.NS,2026-09-06 10:16:50,,,,,,,,,,,,,
2025-12-31,India,Tata Chemicals Ltd,Basic Materials,110285292,10933572,0.5%,0.5,,Both,TATACHEM.NS,2026-09-06 10:16:55,,20.091022,0.75047785,1.76,159146246144.0,none,700.6667,1026.65,580.3,0.576,Basic Materials,624.7,-2.5960808
2025-12-31,India,Tata Steel Ltd,Basic Materials,2244857676,222552905,0.89%,0.89,,Both,TATASTEEL.NS,2026-09-06 10:17:00,21.356333,10.546927,2.3067617,2.12,2355025936384.0,buy,218.08571,224.4,160.06,0.857,Basic Materials,188.79,2.4918547
2025-12-31,India,Tube Investments of India Ltd,Basic Materials,340651274,33771821,0.6%,0.6,,Both,TIINDIA.NS,2026-09-06 10:17:06,86.19808,36.28783,6.7369156,0.16,522258120704.0,none,3331.8333,3419.9,2164.9,-0.3,Industrials,2698.0,-1.3672554
2025-12-31,India,UPL Ltd,Basic Materials,515654140,51121427,0.69%,0.69,,Both,UPL.NS,2026-09-06 10:17:27,23.868391,12.354805,1.4163959,1.03,492082200576.0,buy,731.2353,812.2,557.95,0.541,Basic Materials,582.15,-0.5466732
2025-12-31,India,Usha Martin Ltd,Basic Materials,97369067,9653070,0.63%,0.63,,Both,USHAMART.NS,2026-09-06 10:17:32,29.290619,21.974249,4.72534,0.73,155852947456.0,none,603.0,529.3,379.0,0.271,Basic Materials,512.0,-0.70784914
2025-12-31,India,Vardhman Textiles Ltd,Basic Materials,52915127,5245952,0.37%,0.37,,Both,VTL.NS,2026-09-06 10:17:43,19.979818,13.561644,1.6079608,0.85,171948621824.0,none,611.6667,688.0,385.5,0.206,Consumer Cyclical,594.0,0.9088551
2025-12-31,India,Vinati Organics Ltd,Basic Materials,44046826,4366758,0.24%,0.24,,Market Value,VINATIORGA.NS,2026-09-06 10:17:38,30.265896,23.295443,4.2912545,0.65,135796506624.0,none,1642.2142,1849.9,1203.0,0.238,Basic Materials,1309.0,-0.35776442
2025-12-31,India,Welspun Corp Ltd,Basic Materials,108754323,10781793,0.45%,0.45,,Both,WELCORP.NS,,,,,,,,,,,,,,
2025-12-31,India,Welspun Living Ltd,Basic Materials,106597248,10567943,0.76%,0.76,,Both,WELSPUNLIV.NS,,,,,,,,,,,,,,
2025-12-31,India,Amber Enterprises India Ltd,Consumer Discretionary,251218616,24905558,1%,1.0,,Both,AMBER.NS,2026-09-06 10:09:45,285.70337,39.330723,6.0163765,,263591297024.0,buy,8414.417,8974.0,5400.5,0.195,Consumer Cyclical,7474.0,0.86369777
2025-12-31,India,Apollo Tyres Ltd,Consumer Discretionary,213805997,21196509,0.6%,0.6,,Both,APOLLOTYRE.NS,2026-09-06 10:09:56,15.969237,12.8485565,1.6305438,2.56,272547659776.0,none,498.08334,540.5,365.3,0.149,Consumer Cyclical,430.85,-0.6914832
2025-12-31,India,Bajaj Auto Ltd,Consumer Discretionary,2066010866,204822214,0.71%,0.71,,Both,BAJAJ-AUTO.NS,2026-09-06 10:10:12,28.32866,25.02638,8.578844,1.26,3275387043840.0,buy,11616.125,12470.0,8491.5,0.635,Consumer Cyclical,11919.0,-0.0083892625
2025-12-31,India,Bajaj Electricals Ltd,Consumer Discretionary,192117213,19046305,3.11%,3.11,,Both,BAJAJELEC.NS,2026-09-06 10:10:12,,20.774675,2.3958597,0.87,38205222912.0,none,394.07144,653.8,301.0,-0.14,Consumer Cyclical,331.0,-0.95751405
2025-12-31,India,Balkrishna Industries Ltd,Consumer Discretionary,1093526282,108411082,2.17%,2.17,,Both,BALKRISIND.NS,2026-09-06 10:10:17,31.397108,22.627594,4.0250573,0.75,440956485632.0,none,2408.8948,2775.0,1970.0,0.321,Consumer Cyclical,2281.0,-1.9894319
2025-12-31,India,Bosch Ltd,Consumer Discretionary,389814574,38645820,0.33%,0.33,,Market Value,BOSCHLTD.NS,2026-09-06 10:10:39,58.47968,41.036877,9.301945,0.58,,none,51439.0,50000.0,28610.0,0.673,Consumer Cyclical,46820.0,-0.38297874
2025-12-31,India,Ceat Ltd,Consumer Discretionary,98344864,9749810,0.57%,0.57,,Both,CEATLTD.NS,2026-09-06 10:10:54,22.83033,14.02581,2.2914824,1.05,134820159488.0,buy,3895.3333,4438.0,3061.2,0.464,Consumer Cyclical,3333.0,0.53388685
2025-12-31,India,Craftsman Automation Ltd,Consumer Discretionary,110067810,10912011,0.53%,0.53,,Both,CRAFTSMAN.NS,2026-09-06 10:11:21,58.626205,32.105816,8.302527,0.1,297114337280.0,none,11371.125,11539.0,6324.0,0.339,Consumer Cyclical,11360.0,1.2477719
2025-12-31,India,Crompton Greaves Consumer Electricals Ltd,Consumer Discretionary,751775897,74530297,4.12%,4.12,,Both,CROMPTON.NS,2026-09-06 10:11:21,,20.737593,5.0448256,1.29,149645819904.0,strong_buy,336.30304,335.0,217.4,0.333,Consumer Cyclical,232.4,2.6003265
2025-12-31,India,Dixon Technologies India Ltd,Consumer Discretionary,574579845,56963261,0.7%,0.7,,Both,DIXON.NS,2026-09-06 10:11:43,46.2969,50.628956,15.862319,0.07,865818968064.0,buy,14694.893,18471.0,9600.0,-0.151,Technology,14240.0,-1.4191761
2025-12-31,India,Eicher Motors Ltd,Consumer Discretionary,1189271998,117903215,0.53%,0.53,,Both,EICHERMOT.NS,2026-09-06 10:11:53,36.36342,28.090836,8.339208,1.07,2094737784832.0,buy,8363.135,8230.0,6442.0,0.224,Consumer Cyclical,7630.5,-0.7737321
2025-12-31,India,EIH Ltd,Consumer Discretionary,122938615,12188009,0.48%,0.48,,Both,EIHOTEL.NS,2026-09-06 10:11:53,25.641476,21.144926,3.4677408,0.51,182481256448.0,none,350.0,434.8,271.15,-0.296,Consumer Cyclical,291.8,0.3611308
2025-12-31,India,Electronics Mart India Ltd,Consumer Discretionary,115055055,11406441,2.58%,2.58,,Both,EMIL.NS,2026-09-06 10:11:59,32.14153,26.707932,4.094608,,66407641088.0,none,193.25,196.74,84.9,0.522,Consumer Cyclical,172.6,-2.0208886
2025-12-31,India,Endurance Technologies Ltd,Consumer Discretionary,129606143,12849021,0.32%,0.32,,Market Value,ENDURANCE.NS,2026-09-06 10:11:59,40.17244,26.952219,5.7004857,0.41,389959614464.0,none,3157.25,3079.9,2142.8,0.724,Consumer Cyclical,2772.3,0.6389116
2025-12-31,India,FSN E-Commerce Ventures Ltd,Consumer Discretionary,735206753,72887649,0.86%,0.86,,Both,NYKAA.NS,2026-09-06 10:15:07,369.44446,113.27556,66.20869,,952642371584.0,none,339.56,349.55,227.9,0.356,Consumer Cyclical,332.5,-0.50868106
2025-12-31,India,Gabriel India Ltd,Consumer Discretionary,68257230,6766952,0.42%,0.42,,Ownership,GABRIEL.NS,2026-09-06 10:12:31,76.45234,33.815044,14.247425,0.37,240235282432.0,none,1570.4286,1600.0,795.7,0.711,Consumer Cyclical,1355.5,0.72075725
2025-12-31,India,Hero MotoCorp Ltd,Consumer Discretionary,3274923080,324672540,2.53%,2.53,,Both,HEROMOTOCO.NS,2026-09-06 10:13:03,19.493176,16.276548,4.907067,3.49,1060748328960.0,buy,6258.857,6388.5,4671.5,0.468,Consumer Cyclical,5300.0,-0.16012056
2025-12-31,India,Hyundai Motor India Ltd,Consumer Discretionary,383067559,37976928,0.18%,0.18,,Market Value,HYUNDAI.NS,2026-09-06 10:13:13,36.230694,24.124725,8.953369,0.95,1791653183488.0,buy,2318.1482,2890.0,1658.0,,Consumer Cyclical,2205.0,2.4628253
2025-12-31,India,Indian Hotels Co Ltd/The,Consumer Discretionary,1110821318,110125695,0.94%,0.94,,Both,INDHOTEL.NS,2026-09-06 10:13:24,47.84053,38.506012,7.8520327,0.45,1041556111360.0,buy,830.5517,792.55,565.0,-0.162,Consumer Cyclical,720.0,-1.6393442
2025-12-31,India,Indian Railway Catering & Tourism Corp Ltd,Consumer Discretionary,254337724,25214783,0.41%,0.41,,Both,IRCTC.NS,2026-09-06 10:13:30,27.382318,21.294643,8.856788,2.0,381600006144.0,buy,629.5,739.0,470.7,0.167,Consumer Cyclical,477.0,0.5056877
2025-12-31,India,InterGlobe Aviation Ltd,Consumer Discretionary,3108376642,308161296,1.42%,1.42,,Both,INDIGO.NS,2026-09-06 10:13:24,,21.397085,27.602158,0.24,1924439605248.0,strong_buy,5615.75,5970.0,3895.2,0.606,Industrials,4977.0,-0.060240965
2025-12-31,India,ITC Hotels Ltd,Consumer Discretionary,228279390,22631386,0.49%,0.49,,Both,ITCHOTELS.NS,2026-09-06 10:13:30,38.966187,27.686913,2.8824131,0.62,336030498816.0,none,212.5,251.23,137.3,,Consumer Cyclical,161.32,0.6677113
2025-12-31,India,Jubilant Foodworks Ltd,Consumer Discretionary,287748310,28527075,0.7%,0.7,,Both,JUBLFOOD.NS,2026-09-06 10:13:40,85.43363,53.03679,13.849994,0.25,,buy,568.2759,667.75,408.55,0.172,Consumer Cyclical,482.7,-0.04141265
2025-12-31,India,Kalyan Jewellers India Ltd,Consumer Discretionary,196186139,19449694,0.35%,0.35,,Market Value,KALYANKJIL.NS,2026-09-06 10:13:40,43.29718,31.408619,9.790553,0.42,618411261952.0,strong_buy,730.5,648.95,327.05,-0.225,Consumer Cyclical,598.8,2.3065095
2025-12-31,India,Lemon Tree Hotels Ltd,Consumer Discretionary,163412385,16200538,1.15%,1.15,,Both,LEMONTREE.NS,2026-09-06 10:13:57,35.353535,21.25691,5.9733763,,83143999488.0,strong_buy,150.04546,180.68,99.61,-0.18,Consumer Cyclical,105.0,0.10487236
2025-12-31,India,Lenskart Solutions Ltd,Consumer Discretionary,104555616,10365537,0.12%,0.12,,Market Value,LENSKART.NS,2026-09-06 10:13:57,181.18037,96.99866,13.572777,,1182660165632.0,buy,677.2727,694.8,356.1,,Healthcare,683.05,1.5763217
2025-12-31,India,LG Electronics India Ltd,Consumer Discretionary,383314402,38001400,0.33%,0.33,,Market Value,LGEINDIA.NS,2026-09-06 10:14:02,60.943886,40.998985,14.521885,,1113186762752.0,buy,1873.069,1755.0,1304.1,,Technology,1640.0,-1.3415177
2025-12-31,India,Mahindra & Mahindra Ltd,Consumer Discretionary,6067066728,601482819,1.17%,1.17,,Both,M&M.NS,2026-09-06 10:14:13,19.304548,20.12209,3.805408,1.04,3806416338944.0,strong_buy,4173.5884,3839.9,2896.0,0.28,Consumer Cyclical,3170.0,0.63492066
2025-12-31,India,Mahindra Holidays & Resorts India Ltd,Consumer Discretionary,182177261,18060868,2.6%,2.6,,Both,MHRIL.NS,2026-09-06 10:14:29,79.52108,19.397198,5.3809857,,41858015232.0,none,295.0,368.9,205.2,-0.084,Consumer Cyclical,207.55,-0.17315213
2025-12-31,India,Maruti Suzuki India Ltd,Consumer Discretionary,2357192960,233689711,0.4%,0.4,,Both,MARUTI.NS,2026-09-06 10:14:18,27.855434,20.951963,3.7244735,1.1,3991026008064.0,buy,15933.154,17370.0,12201.0,0.228,Consumer Cyclical,12694.0,-1.2677919
2025-12-31,India,Motherson Sumi Wiring India Ltd,Consumer Discretionary,188888797,18726243,0.52%,0.52,,Both,MSUMI.NS,2026-09-06 10:14:40,38.904255,24.877045,11.217792,1.59,242519883776.0,none,48.57143,53.59,35.7,0.04,Consumer Cyclical,36.57,-1.2422336
2025-12-31,India,MRF Ltd,Consumer Discretionary,418584030,41497995,0.58%,0.58,,Both,MRF.NS,2026-09-06 10:14:34,22.788668,19.41559,2.628654,0.36,551348600832.0,hold,139232.3,163600.0,122000.0,0.146,Consumer Cyclical,130000.0,-0.39077467
2025-12-31,India,Network18 Media & Investments Ltd,Consumer Discretionary,209042864,20724297,2.78%,2.78,,Both,NETWORK18.NS,2026-09-06 10:14:50,,,0.8784014,,43724443648.0,none,,58.1,27.01,0.238,Communication Services,28.31,2.7586217
2025-12-31,India,PVR Inox Ltd,Consumer Discretionary,75353933,7470512,0.67%,0.67,,Ownership,PVRINOX.NS,2026-09-06 10:15:45,43.203373,20.991388,1.6388702,,120785952768.0,strong_buy,1418.3125,1284.5,907.4,0.327,Communication Services,1230.0,-1.4028057
2025-12-31,India,Safari Industries India Ltd,Consumer Discretionary,51777772,5133196,0.43%,0.43,,Ownership,SAFARI.NS,2026-09-06 10:16:12,45.772312,30.657269,6.786016,0.26,75646935040.0,strong_buy,2124.9,2507.1,1363.1,-0.395,Consumer Cyclical,1543.9,2.2789018
2025-12-31,India,Samvardhana Motherson International Ltd,Consumer Discretionary,639463823,63395792,0.45%,0.45,,Both,MOTHERSON.NS,2026-09-06 10:14:34,38.629807,23.190205,4.1298313,0.31,1692368764928.0,buy,171.45454,173.27,95.09,1.044,Consumer Cyclical,160.7,-0.80247104
2025-12-31,India,Sansera Engineering Ltd,Consumer Discretionary,59202712,5869297,0.51%,0.51,,Ownership,SANSERA.NS,2026-09-06 10:16:12,72.79043,42.008198,7.602846,0.11,235386257408.0,none,3932.75,4084.9,1364.2,0.779,Consumer Cyclical,3772.0,-0.46443152
2025-12-31,India,Saregama India Ltd,Consumer Discretionary,91654444,9086528,1.21%,1.21,,Ownership,SAREGAMA.NS,2026-09-06 10:16:17,42.619255,31.39936,5.6700435,1.83,94328889344.0,none,632.5,574.5,307.05,0.617,Communication Services,491.4,-0.45578852
2025-12-31,India,Schaeffler India Ltd,Consumer Discretionary,196793722,19509929,0.29%,0.29,,Market Value,SCHAEFFLER.NS,2026-09-06 10:16:17,49.29523,39.333263,10.086755,0.88,618790584320.0,none,4823.7144,4467.7,3518.4,0.111,Consumer Cyclical,3958.9,0.21008973
2025-12-31,India,Senco Gold Ltd,Consumer Discretionary,45878483,4548346,0.79%,0.79,,Ownership,SENCO.NS,2026-09-06 10:16:23,10.291164,13.344701,2.3378341,0.49,58799468544.0,none,490.5,430.0,276.0,0.36,Consumer Cyclical,358.75,2.778975
2025-12-31,India,SKF India Ltd,Consumer Discretionary,50250823,4981815,0.49%,0.49,,Ownership,SKFINDIA.NS,2026-09-06 10:16:28,36.74528,26.541842,5.7937818,2.58,77024346112.0,hold,1819.8572,5074.0,1404.0,0.375,Industrials,1558.0,1.1294316
2025-12-31,India,Sona Blw Precision Forgings Ltd,Consumer Discretionary,255558166,25335776,0.76%,0.76,,Both,SONACOMS.NS,2026-09-06 10:16:39,70.44643,46.77199,8.200641,0.46,492437340160.0,buy,770.7778,844.0,402.3,0.454,Consumer Cyclical,789.0,-1.375
2025-12-31,India,Sundram Fasteners Ltd,Consumer Discretionary,120661291,11962238,0.55%,0.55,,Both,SUNDRMFAST.NS,2026-09-06 10:16:50,41.47766,28.979591,5.9326906,0.7,253624942592.0,none,1295.5,1250.3,730.1,0.21,Consumer Cyclical,1207.0,0.6588295
2025-12-31,India,Swiggy Ltd,Consumer Discretionary,2242307363,222300069,1.87%,1.87,,Both,SWIGGY.NS,2026-09-06 10:16:50,,-49.926495,3.928851,,723382501376.0,buy,365.74075,474.0,235.75,,Consumer Cyclical,276.1,2.525072
2025-12-31,India,Tata Motors Passenger Vehicles Limited,Consumer Discretionary,857188566,84980802,0.56%,0.56,,Both,TMPV.NS,2026-09-06 10:17:11,,6.535738,1.0235398,0.96,1147220656128.0,hold,360.96,739.7,294.3,0.778,Consumer Cyclical,311.5,-0.16025642
2025-12-31,India,Tbo Tek Ltd,Consumer Discretionary,403722392,40024627,1.99%,1.99,,Both,TBO.NS,,,,,,,,,,,,,,
2025-12-31,India,Tenneco Clean Air India Ltd,Consumer Discretionary,149427004,14814041,0.65%,0.65,,Both,TENNIND.NS,2026-09-06 10:17:06,34.818916,24.89928,17.486864,,209531191296.0,none,616.75,657.0,438.05,,Consumer Cyclical,519.15,0.668996
2025-12-31,India,Thomas Cook India Ltd,Consumer Discretionary,242951823,24085996,3.09%,3.09,,Both,THOMASCOOK.NS,2026-09-06 10:17:06,23.824787,17.286821,2.0395844,0.47,52447432704.0,none,131.0,181.41,86.35,-0.257,Consumer Cyclical,111.5,4.881952
2025-12-31,India,Titan Co Ltd,Consumer Discretionary,1883725257,186750604,0.47%,0.47,,Both,TITAN.NS,2026-09-06 10:17:06,77.51698,56.450573,28.381144,0.3,4454307856384.0,buy,5400.6484,5186.7,3303.1,0.184,Consumer Cyclical,5020.0,-0.13924806
2025-12-31,India,Trent Ltd,Consumer Discretionary,904392480,89660550,0.53%,0.53,,Both,TRENT.NS,2026-09-06 10:17:16,84.03535,55.99768,21.78062,0.14,1521311678464.0,none,3396.8718,5555.5,2183.6667,0.371,Consumer Cyclical,2853.0,1.3283101
2025-12-31,India,TVS Motor Co Ltd,Consumer Discretionary,1090955231,108156191,0.54%,2.75,,Both,TVSMOTOR.NS,2026-09-06 10:17:22,57.142265,36.045742,58.78145,0.29,,buy,4211.676,4484.5,3228.0,-0.044,Consumer Cyclical,4133.1,-1.5928547
2025-12-31,India,UNO Minda Ltd,Consumer Discretionary,274603741,27223935,0.33%,0.33,,Market Value,UNOMINDA.NS,2026-09-06 10:17:27,59.880207,39.48469,10.565874,0.21,721660739584.0,buy,1329.1052,1382.0,994.0,0.297,Consumer Cyclical,1249.7,-1.5208864
2025-12-31,India,V-Mart Retail Ltd,Consumer Discretionary,25415498,2519667,0.4%,0.4,,Ownership,VMART.NS,2026-09-06 10:17:38,47.71329,31.917364,6.868118,0.12,65418928128.0,none,894.4667,888.0,457.9,0.698,Consumer Cyclical,822.1,-2.0259802
2025-12-31,India,Varroc Engineering Ltd,Consumer Discretionary,204476777,20271620,2.02%,2.02,,Both,VARROC.NS,2026-09-06 10:17:32,64.19705,22.797926,7.0963645,0.18,126441447424.0,none,750.4,896.0,462.0,0.316,Consumer Cyclical,827.5,-1.3883125
2025-12-31,India,Vedant Fashions Ltd,Consumer Discretionary,579958238,57496469,3.65%,3.65,,Both,MANYAVAR.NS,2026-09-06 10:14:18,37.61815,32.72689,7.3755603,1.3,145057415168.0,none,487.1,779.0,329.2,-0.062,Consumer Cyclical,597.0,5.0686355
2025-12-31,India,Vishal Mega Mart Ltd,Consumer Discretionary,368091013,36492168,0.51%,0.51,,Both,VISHAL.NS,2026-09-06 10:17:38,13.70803,,0.71907187,,4650116096.0,none,,22.05,17.85,0.659,Consumer Cyclical,18.78,1.6784049
2025-12-31,India,Whirlpool of India Ltd,Consumer Discretionary,70576691,6996901,0.55%,0.55,,Ownership,WHIRLPOOL.NS,,,,,,,,,,,,,,
2025-12-31,India,Zee Entertainment Enterprises Ltd,Consumer Discretionary,381207307,37792504,3.93%,3.93,,Both,ZEEL.NS,,,,,,,,,,,,,,
2025-12-31,India,ZF Commercial Vehicle Control Systems India Ltd,Consumer Discretionary,119023302,11799849,0.38%,0.38,,Market Value,ZFCVINDIA.NS,,,,,,,,,,,,,,
2025-12-31,India,Avanti Feeds Ltd,Consumer Staples,64635521,6407900,0.51%,0.51,,Both,AVANTIFEED.NS,2026-09-06 10:10:07,20.519415,17.993237,3.3086498,1.25,108724011008.0,hold,809.5,1593.8,631.65,0.152,Consumer Defensive,798.0,0.27015448
2025-12-31,India,Avenue Supermarts Ltd,Consumer Staples,740866687,73448769,0.27%,0.27,,Both,DMART.NS,2026-09-06 10:11:43,79.99151,54.709812,10.028035,,2458967343104.0,none,4258.2905,4818.0,3529.0,0.225,Consumer Defensive,3770.0,0.18602179
2025-12-31,India,Balrampur Chini Mills Ltd,Consumer Staples,58216233,5771498,0.58%,0.58,,Both,BALRAMCHIN.NS,2026-09-06 10:10:17,37.934723,18.515396,3.3755224,1.01,146330255360.0,none,692.1667,780.95,393.55,0.374,Consumer Defensive,691.55,-1.8172767
2025-12-31,India,Bikaji Foods International Ltd,Consumer Staples,84832803,8410238,0.4%,0.4,,Both,BIKAJI.NS,2026-09-06 10:10:28,56.712063,41.75129,9.09644,0.21,146179325952.0,none,746.8182,801.3,582.0,0.23,Consumer Defensive,583.0,-0.70680815
2025-12-31,India,Britannia Industries Ltd,Consumer Staples,724422377,71818497,0.44%,0.44,,Both,BRITANNIA.NS,2026-09-06 10:10:39,47.170597,39.197174,24.062998,1.77,1228789514240.0,buy,6318.121,6319.5,5035.0,0.413,Consumer Defensive,5101.5,-0.5555556
2025-12-31,India,CCL Products India Ltd,Consumer Staples,126616685,12552649,0.89%,0.89,,Both,CCLPROD.NS,,,,,,,,,,,,,,
2025-12-31,India,Colgate-Palmolive India Ltd,Consumer Staples,176024059,17450846,0.28%,0.28,,Both,COLPAL.NS,2026-09-06 10:11:16,36.901352,31.293785,31.406887,2.62,497516118016.0,hold,2240.0,2446.0,1782.0,0.503,Consumer Defensive,1829.2,-1.124327
2025-12-31,India,Dabur India Ltd,Consumer Staples,205007884,20324273,0.2%,0.2,,Both,DABUR.NS,2026-09-06 10:11:32,34.377254,28.904453,5.9161577,2.17,675700211712.0,buy,506.26315,551.65,377.35,0.413,Consumer Defensive,380.9,0.05252999
2025-12-31,India,Doms Industries Ltd,Consumer Staples,45198708,4480954,0.25%,0.25,,Both,DOMS.NS,2026-09-06 10:11:43,62.100674,42.06219,10.985966,0.17,134018056192.0,none,2698.4167,2755.0,2023.9,-0.291,Industrials,2208.3,0.03170643
2025-12-31,India,EID Parry India Ltd,Consumer Staples,146106146,14484815,0.71%,0.71,,Both,EIDPARRY.NS,2026-09-06 10:11:53,30.053804,10.440587,1.5821153,,139161354240.0,none,1052.0,1119.0,698.2,0.028,Basic Materials,782.0,0.48185033
2025-12-31,India,Emami Ltd,Consumer Staples,177713739,17618359,0.69%,0.69,,Both,EMAMILTD.NS,2026-09-06 10:11:59,21.37449,18.342443,5.478675,3.26,160195493888.0,none,524.4091,614.0,361.15,0.143,Consumer Defensive,367.0,-0.32591313
2025-12-31,India,Gillette India Ltd,Consumer Staples,59050044,5854161,0.19%,0.19,,Both,GILLETTE.NS,2026-09-06 10:12:41,44.700855,,25.208897,2.46,238588952576.0,none,,10553.0,7206.0,0.27,Consumer Defensive,7322.0,-0.25882033
2025-12-31,India,Godrej Agrovet Ltd,Consumer Staples,31303859,3103433,0.25%,0.25,,Both,GODREJAGRO.NS,2026-09-06 10:12:47,27.832832,18.98349,6.114182,1.71,124297756672.0,strong_buy,781.0,759.5,506.1,0.316,Consumer Defensive,646.0,-1.9652495
2025-12-31,India,Godrej Consumer Products Ltd,Consumer Staples,1118338473,110870938,0.8%,0.8,,Both,GODREJCP.NS,2026-09-06 10:12:47,46.95187,32.41856,7.1030426,2.28,898461728768.0,buy,1186.0294,1273.9,859.55,0.341,Consumer Defensive,878.0,-0.22727272
2025-12-31,India,Hindustan Unilever Ltd,Consumer Staples,2294854368,227509526,0.38%,0.38,,Both,HINDUNILVR.NS,2026-09-06 10:13:03,43.86308,37.071262,9.513295,2.23,4636683534336.0,buy,2457.4211,2667.2,1950.4,0.321,Consumer Defensive,1973.4,0.581041
2025-12-31,India,Jyothy Labs Ltd,Consumer Staples,36218798,3590695,0.31%,0.31,,Both,JYOTHYLAB.NS,2026-09-06 10:13:40,26.098192,20.88449,4.6693325,1.74,74177331200.0,none,234.36365,334.25,188.1,0.456,Consumer Defensive,202.0,0.74812967
2025-12-31,India,Kaveri Seed Co Ltd,Consumer Staples,9922462,983703,0.17%,0.17,,Both,KSCL.NS,2026-09-06 10:13:51,15.524067,11.977491,1.7976801,0.67,38025445376.0,none,985.5,1225.0,705.1,0.104,Basic Materials,745.0,0.026854485
2025-12-31,India,KRBL Ltd,Consumer Staples,48311213,4789524,0.48%,0.48,,Both,KRBL.NS,2026-09-06 10:13:51,12.72494,11.238667,1.6609522,1.07,96465649664.0,none,,479.0,274.65,0.179,Consumer Defensive,421.45,-0.8119514
2025-12-31,India,Kwality Wall's India Ltd,Consumer Staples,114353417,11336881,0%,0.0,,Both,KWIL.NS,2026-09-06 10:13:51,,,14.737763,,99035275264.0,none,,50.68,22.24,,Consumer Defensive,42.15,-0.3781608
2025-12-31,India,LT Foods Ltd,Consumer Staples,102085739,10120676,0.67%,0.67,,Both,LTFOODS.NS,2026-09-06 10:14:13,23.957207,14.619835,8.61649,0.9,153572605952.0,none,519.0,490.7,333.15,0.366,Consumer Defensive,442.25,-0.067786194
2025-12-31,India,Marico Ltd,Consumer Staples,1735864426,172091832,1.59%,1.59,,Both,MARICO.NS,2026-09-06 10:14:18,56.178497,41.861813,25.134903,0.49,1056578338816.0,buy,963.8205,889.1,690.3,0.174,Consumer Defensive,815.15,-1.4805413
2025-12-31,India,Medplus Health Services Ltd,Consumer Staples,62709461,6216952,0.58%,0.58,,Both,MEDPLUS.NS,2026-09-06 10:14:24,37.845318,29.230717,4.0293765,,79624093696.0,none,1013.1429,1022.2,648.0,0.459,Healthcare,663.05,0.36327302
2025-12-31,India,Mrs Bectors Food Specialities Ltd,Consumer Staples,47709496,4729871,0.6%,0.6,,Both,BECTORFOOD.NS,2026-09-06 10:10:23,46.79752,32.06562,5.4866524,0.58,69468053504.0,none,262.9091,286.8,165.0,0.17,Consumer Defensive,226.5,-1.2684729
2025-12-31,India,Nestle India Ltd,Consumer Staples,1069692872,106048262,0.38%,0.38,,Both,NESTLEIND.NS,2026-09-06 10:14:50,71.417725,56.815365,52.742775,0.85,2719887392768.0,none,1592.1111,1553.0,1145.0,0.419,Consumer Defensive,1410.5,-0.38841808
2025-12-31,India,Orkla India Ltd,Consumer Staples,32576403,3229591,0.33%,0.33,,Both,ORKLAINDIA.NS,2026-09-06 10:15:12,27.615063,21.902937,2.9371626,,81371602944.0,none,741.6667,760.0,533.25,,Consumer Defensive,594.0,0.93457943
2025-12-31,India,Patanjali Foods Ltd,Consumer Staples,159687279,15831234,0.24%,0.24,,Both,PATANJALI.NS,2026-09-06 10:15:18,18.943584,18.767124,2.8430314,1.18,372598800384.0,none,532.5,614.9,328.2,-0.179,Consumer Defensive,342.5,-0.116650306
2025-12-31,India,Procter & Gamble Health Ltd,Consumer Staples,53668240,5320615,0.51%,0.51,,Both,PGHL.NS,2026-09-06 10:15:28,26.273945,22.957546,17.882627,2.74,93803110400.0,none,7090.0,6975.0,4707.0,0.181,Healthcare,5651.0,-1.8497612
2025-12-31,India,Radico Khaitan Ltd,Consumer Staples,317660655,31492554,0.64%,0.64,,Both,RADICO.NS,2026-09-06 10:15:45,85.46976,56.369175,18.14797,0.15,602116915200.0,strong_buy,4675.45,4747.0,2500.0,0.244,Consumer Defensive,4494.0,-1.4257513
2025-12-31,India,Shree Renuka Sugars Ltd,Consumer Staples,14209789,1408744,0.23%,0.23,,Both,RENUKA.NS,2026-09-06 10:15:55,,-5.613953,-1.9335202,,51381739520.0,none,,33.3,21.05,-0.286,Consumer Defensive,24.14,-0.5356451
2025-12-31,India,Tata Consumer Products Ltd,Consumer Staples,928968361,92096978,0.7%,0.7,,Both,TATACONSUM.NS,2026-09-06 10:16:55,60.99034,42.21843,4.587281,0.98,999586856960.0,buy,1343.0,1282.7,1007.2,0.405,Consumer Defensive,1010.0,-0.90266997
2025-12-31,India,Triveni Engineering & Industries Ltd,Consumer Staples,20917338,2073724,0.22%,0.22,,Both,TRIVENI.NS,2026-09-06 10:17:16,21.818182,15.206612,1.8191406,1.9,60820189184.0,strong_buy,338.0,490.1,220.05,0.333,Consumer Defensive,276.0,-1.604278
2025-12-31,India,United Breweries Ltd,Consumer Staples,174270805,17277030,0.36%,0.36,,Both,UBL.NS,2026-09-06 10:17:22,85.43754,45.00705,7.4782634,0.78,338174181376.0,hold,1474.421,1847.9,1276.0,-0.042,Consumer Defensive,1279.0,-0.40491754
2025-12-31,India,United Spirits Ltd,Consumer Staples,797686035,79081781,0.68%,0.68,,Both,UNITDSPR.NS,2026-09-06 10:17:27,61.73238,48.694378,11.671914,1.16,1044988559360.0,buy,1562.6,1563.4,1210.8,0.143,Consumer Defensive,1471.7,-1.1552202
2025-12-31,India,Varun Beverages Ltd,Consumer Staples,3518926154,348862757,1.89%,1.89,,Both,VBL.NS,2026-09-06 10:17:32,40.63809,34.92845,6.332536,0.49,1378692628480.0,strong_buy,549.76,555.8,381.0,0.277,Consumer Defensive,407.6,0.110527374
2025-12-31,India,Zydus Wellness Ltd,Consumer Staples,45183470,4479443,0.28%,0.28,,Both,ZYDUSWELL.NS,,,,,,,,,,,,,,
2025-12-31,India,Aegis Logistics Ltd,Energy,94577362,9376303,0.33%,0.33,,Both,AEGISLOG.NS,2026-09-06 10:09:40,35.584198,30.199772,7.3619776,1.05,445770006528.0,none,1330.8,1497.8,576.1,0.54,Energy,1270.0,-1.3362299
2025-12-31,India,Aegis Vopak Terminals Ltd,Energy,559673506,55485462,1.81%,1.81,,Both,AEGISVOPAK.NS,2026-09-06 10:09:40,102.89855,37.533024,7.3339534,0.07,314669596672.0,buy,327.0,311.49,158.0,,Energy,284.0,-0.9935527
2025-12-31,India,Bharat Petroleum Corp Ltd,Energy,895329592,88762064,0.48%,0.48,,Both,BPCL.NS,2026-09-06 10:10:39,7.874782,7.9089746,1.3469982,6.34,1348855136256.0,hold,345.32257,391.65,266.6,0.87,Energy,315.7,-1.359155
2025-12-31,India,Castrol India Ltd,Energy,117146859,11613820,0.55%,0.55,,Both,CASTROLIND.NS,2026-09-06 10:10:49,17.736254,16.102093,9.875973,6.57,188239872000.0,none,220.8,210.75,170.1,0.311,Energy,190.31,2.0866857
2025-12-31,India,Hindustan Petroleum Corp Ltd,Energy,562367443,55752536,0.47%,0.47,,Both,HINDPETRO.NS,2026-09-06 10:13:03,45.47194,6.2988634,1.1573136,6.8,758568714240.0,hold,407.48386,508.45,316.2,0.896,Energy,356.5,-1.3421907
2025-12-31,India,Indian Oil Corp Ltd,Energy,747580602,74114380,0.28%,0.28,,Both,IOC.NS,2026-09-06 10:13:24,5.6301146,7.338761,0.86311805,6.0,,buy,160.22581,188.96,130.22,0.77,Energy,137.6,-0.14513567
2025-12-31,India,Inox Wind Ltd,Energy,112155793,11119011,0.47%,0.47,,Both,INOXWIND.NS,2026-09-06 10:13:24,36.292683,15.5,1.7438589,,128580894720.0,none,111.66667,159.3,68.0,0.447,Industrials,74.4,0.5405426
2025-12-31,India,Mangalore Refinery & Petrochemicals Ltd,Energy,24924584,2470998,0.08%,0.08,,Both,MRPL.NS,2026-09-06 10:14:40,9.787946,3.425781,2.1573088,2.29,307405815808.0,none,182.5,212.31,125.0,0.093,Energy,175.4,-0.33525288
2025-12-31,India,Petronet LNG Ltd,Energy,764348484,75776731,1.6%,1.6,,Both,PETRONET.NS,2026-09-06 10:15:23,10.267284,10.157342,1.9388402,3.47,432150052864.0,buy,317.03226,326.4,235.35,0.458,Energy,288.1,-0.48359028
2025-12-31,India,Premier Energies Ltd,Energy,270455258,26812659,0.63%,0.63,,Both,PREMIERENE.NS,2026-09-06 10:15:39,26.884893,20.270662,10.479308,0.15,452349427712.0,buy,1143.6666,1134.0,660.0,,Technology,1002.0,-0.5952381
2025-12-31,India,Reliance Industries Ltd,Energy,19160922076,1899594310,0.8%,0.8,,Both,RELIANCE.NS,2026-09-06 10:15:55,23.923273,18.51826,1.9789087,0.45,,strong_buy,1676.0,1611.8,1249.8,0.152,Energy,1322.0,1.4971209
2025-12-31,India,Suzlon Energy Ltd,Energy,677946256,67210902,0.84%,0.84,,Both,SUZLON.NS,2026-09-06 10:16:50,19.803493,21.430124,6.37565,,623371157504.0,strong_buy,62.25846,61.5,38.19,0.646,Industrials,45.35,-1.4772981
2025-12-31,India,WAAREE Energies Ltd,Energy,300540307,29795260,0.31%,0.31,,Both,WAAREEENER.NS,2026-09-06 10:17:43,19.880793,15.925734,5.2469344,0.15,757961261056.0,buy,3295.7144,3865.0,2403.0,,Technology,2635.0,2.1357455
2025-12-31,India,360 ONE WAM Ltd,Financials,1148896365,113900416,2.12%,2.12,,Both,360ONE.NS,2026-09-06 10:09:24,37.736477,27.759798,4.6880217,1.58,463400861696.0,strong_buy,1310.1,1236.2,906.05,0.47,Financial Services,1137.0,-1.5584415
2025-12-31,India,Aavas Financiers Ltd,Financials,302081375,29948040,2.32%,2.32,,Both,AAVAS.NS,2026-09-06 10:09:29,15.160654,11.373264,2.0492575,,103637688320.0,none,1705.45,1771.9,1060.4,0.525,Financial Services,1307.0,0.7088882
2025-12-31,India,Aditya Birla Capital Ltd,Financials,479484757,47535631,0.46%,0.46,,Market Value,ABCAPITAL.NS,2026-09-06 10:09:29,26.173237,15.960386,3.0812898,,1108433305600.0,none,462.2143,430.7,277.7,0.681,Financial Services,404.9,0.7213915
2025-12-31,India,Aditya Birla Sun Life Asset Management Co Ltd,Financials,632331768,62688728,2.42%,2.42,,Both,ABSLAMC.NS,2026-09-06 10:09:29,30.627518,24.40166,7.603041,2.4,307877445632.0,none,1149.5385,1224.9,708.0,0.364,Financial Services,1064.0,1.7987036
2025-12-31,India,Aptus Value Housing Finance India Ltd,Financials,324504619,32171058,2.07%,2.07,,Both,APTUS.NS,2026-09-06 10:09:56,13.149466,9.895868,2.5595984,1.93,129539735552.0,strong_buy,340.125,353.25,193.03,0.692,Financial Services,258.65,0.5207712
2025-12-31,India,AU Small Finance Bank Ltd,Financials,727310234,72104796,0.87%,0.87,,Both,AUBANK.NS,2026-09-06 10:10:07,28.249336,17.606527,3.9852417,0.09,797689446400.0,buy,1119.3793,1144.1,694.3,,Financial Services,1065.0,-0.6529851
2025-12-31,India,Axis Bank Ltd,Financials,10404364673,1031478123,2.35%,2.35,,Both,AXISBANK.NS,2026-09-06 10:10:12,14.325906,10.063241,1.7740998,0.08,3963161149440.0,strong_buy,1585.9512,1418.3,1048.7,0.42,Financial Services,1273.0,0.4735596
2025-12-31,India,Bajaj Finance Ltd,Financials,3581292220,355045665,0.52%,0.52,,Both,BAJFINANCE.NS,2026-09-06 10:10:17,32.570637,20.992735,5.7843037,0.51,6597278433280.0,none,1158.3889,1176.4,787.9,0.308,Financial Services,1060.5,1.0962821
2025-12-31,India,Bajaj Finserv Ltd,Financials,1981182857,196412452,0.54%,0.54,,Both,BAJAJFINSV.NS,2026-09-06 10:10:17,31.151169,20.753422,4.042253,0.07,3152482140160.0,none,2362.2144,2195.0,1597.0,0.371,Financial Services,1970.0,-1.1093808
2025-12-31,India,Bajaj Holdings & Investment Ltd,Financials,363154952,36002812,0.26%,0.26,,Market Value,BAJAJHLDNG.NS,2026-09-06 10:10:17,14.025256,,1.6982206,1.43,1242258210816.0,none,,13880.0,8588.0,0.151,Financial Services,11162.0,-0.02686968
2025-12-31,India,Bandhan Bank Ltd,Financials,525971662,52144295,2%,2.0,,Both,BANDHANBNK.NS,2026-09-06 10:10:17,19.636906,8.077671,1.0376563,0.91,265752838144.0,hold,199.66667,220.76,134.25,0.792,Financial Services,164.95,0.4384103
2025-12-31,India,Bank of Baroda,Financials,350795738,34777532,0.2%,0.2,,Market Value,BANKBARODA.NS,2026-09-06 10:10:17,6.8071775,5.5679717,0.73316705,3.56,1235955613696.0,buy,290.2647,325.5,233.46,0.422,Financial Services,239.0,-0.598903
2025-12-31,India,BSE Ltd,Financials,560809367,55598070,0.47%,0.47,,Both,BSE.NS,2026-09-06 10:10:39,49.503487,37.922295,17.560991,0.29,1384818933760.0,hold,3805.647,4446.8,2021.5,0.443,Financial Services,3409.8,3.1366248
2025-12-31,India,Can Fin Homes Ltd,Financials,81391762,8069096,0.59%,0.59,,Ownership,CANFINHOME.NS,2026-09-06 10:10:49,9.51037,8.513891,1.7969024,1.98,107462410240.0,strong_buy,1055.8667,971.5,733.0,0.409,Financial Services,807.05,0.26088274
2025-12-31,India,Canara Bank,Financials,320738193,31797658,0.2%,0.2,,Market Value,CANBK.NS,2026-09-06 10:10:49,5.7305937,5.3906317,0.9671403,3.35,1138366742528.0,buy,150.7143,162.89,107.12,0.498,Financial Services,125.5,-0.23847619
2025-12-31,India,Cholamandalam Financial Holdings Ltd,Financials,226363465,22441443,0.59%,0.59,,Ownership,CHOLAHLDNG.NS,2026-09-06 10:11:00,10.724332,7.984293,1.8529701,0.09,286360633344.0,none,2258.3333,2064.0,1305.0,0.401,Financial Services,1525.0,1.4772391
2025-12-31,India,Cholamandalam Investment and Finance Co Ltd,Financials,1711173300,169643979,1.06%,1.06,,Both,CHOLAFIN.NS,2026-09-06 10:11:00,27.171986,18.730238,5.1443872,0.11,1570627387392.0,none,1994.875,1952.5,1299.4,0.473,Financial Services,1839.0,-0.5569701
2025-12-31,India,Edelweiss Financial Services Ltd,Financials,63950032,6339941,0.56%,0.56,,Ownership,EDELWEISS.NS,2026-09-06 10:11:53,18.266129,8.6285715,2.7823844,1.1,128633643008.0,none,,138.24,98.0,0.702,Financial Services,135.9,0.845948
2025-12-31,India,Federal Bank Ltd,Financials,570127117,56521822,0.77%,0.77,,Both,FEDERALBNK.NS,2026-09-06 10:12:15,18.35206,12.70841,2.1114838,0.35,847123382272.0,buy,364.97144,371.7,189.05,0.27,Financial Services,343.0,-0.4643082
2025-12-31,India,Five-Star Business Finance Ltd,Financials,240748351,23867546,1.34%,1.34,,Ownership,FIVESTAR.NS,2026-09-06 10:12:20,13.94385,10.553596,2.085783,0.38,153940525056.0,none,663.0,666.0,338.15,0.577,Financial Services,521.5,-2.4504256
2025-12-31,India,Go Digit General Insurance Ltd,Financials,517297664,51284364,1.45%,1.45,,Both,GODIGIT.NS,2026-09-06 10:12:41,49.06015,29.588114,5.1493506,,241294245888.0,none,332.0,381.4,244.2,0.23,Financial Services,261.0,1.2216381
2025-12-31,India,HDFC Asset Management Co Ltd,Financials,1078209062,106892549,0.84%,0.84,,Both,HDFCAMC.NS,2026-09-06 10:12:57,35.840504,27.960648,11.411502,2.2,1054144921600.0,none,3111.7778,2967.25,2205.6,0.55,Financial Services,2458.3,-2.0909672
2025-12-31,India,HDFC Bank Ltd,Financials,18050176934,1789476167,1.05%,1.05,,Both,HDFCBANK.NS,2026-09-06 10:12:57,15.575239,11.3754,1.8082186,1.83,10976350961664.0,strong_buy,994.4878,1020.5,698.5,0.404,Financial Services,712.1,0.7712377
2025-12-31,India,HDFC Life Insurance Co Ltd,Financials,1794771214,177931791,0.99%,0.99,,Both,HDFCLIFE.NS,2026-09-06 10:12:57,59.912285,45.647224,6.084497,0.38,1186807676928.0,strong_buy,746.75757,796.9,530.5,0.499,Financial Services,546.4,2.417999
2025-12-31,India,Home First Finance Co India Ltd,Financials,659509420,65383093,5.13%,5.13,,Both,HOMEFIRST.NS,2026-09-06 10:13:08,21.880651,15.373459,2.8976414,0.43,126516953088.0,strong_buy,1430.5652,1317.7,893.7,0.57,Financial Services,1210.0,0.7158295
2025-12-31,India,ICICI Bank Ltd,Financials,15137170056,1500683631,1.4%,1.4,,Both,ICICIBANK.NS,2026-09-06 10:13:13,18.41615,15.140425,2.6833742,0.84,10214680035328.0,strong_buy,1744.0,1480.0,1187.6,0.26,Financial Services,1423.2,-0.4755279
2025-12-31,India,ICICI Lombard General Insurance Co Ltd,Financials,2850747790,282620234,2.6%,2.6,,Both,ICICIGI.NS,2026-09-06 10:13:13,31.25,21.731878,4.422174,0.93,754393874432.0,buy,1942.08,2064.9,1507.4,0.445,Financial Services,1510.0,-0.76887375
2025-12-31,India,ICICI Prudential Life Insurance Co Ltd,Financials,1925056064,190848099,1.77%,1.77,,Both,ICICIPRULI.NS,2026-09-06 10:13:13,42.56024,34.838455,5.2580934,0.33,716975046656.0,buy,675.8788,706.8,459.5,0.47,Financial Services,494.55,-0.1009999
2025-12-31,India,IDFC First Bank Ltd,Financials,407464366,40395602,0.49%,0.49,,Both,IDFCFIRSTB.NS,2026-09-06 10:13:19,33.478764,12.837633,1.5733986,0.29,747588419584.0,buy,89.28571,88.76,58.08,,Financial Services,86.71,-0.9028582
2025-12-31,India,IndusInd Bank Ltd,Financials,1670237761,165585671,2.21%,2.21,,Both,INDUSINDBK.NS,2026-09-06 10:13:24,59.533646,12.759191,1.1946335,0.15,785763270656.0,hold,996.6486,1077.85,710.6,0.491,Financial Services,1008.5,0.3682337
2025-12-31,India,Jio Financial Services Ltd,Financials,1054678515,104559754,0.5%,0.5,,Both,JIOFIN.NS,2026-09-06 10:13:35,74.61059,53.69955,1.1327305,0.25,1581452361728.0,none,295.33334,321.6,223.3,0.49,Financial Services,239.5,0.863341
2025-12-31,India,Kotak Mahindra Bank Ltd,Financials,6877501856,681828533,1.4%,1.4,,Both,KOTAKBANK.NS,2026-09-06 10:13:51,20.788443,16.614481,2.3298445,0.15,4222780178432.0,buy,464.72974,453.2,345.5,0.285,Financial Services,424.5,0.7954425
2025-12-31,India,L&T Finance Ltd,Financials,323690713,32090368,0.36%,0.36,,Market Value,LTF.NS,2026-09-06 10:14:13,24.743895,16.076092,2.8014205,0.88,786994757632.0,buy,348.09525,338.6,230.71,0.639,Financial Services,314.0,-0.9151133
2025-12-31,India,LIC Housing Finance Ltd,Financials,770991268,76435290,2.31%,2.31,,Both,LICHSGFIN.NS,2026-09-06 10:14:02,5.387749,5.15658,0.7463549,1.78,309162901504.0,hold,587.08,598.2,458.9,0.228,Financial Services,562.05,1.4530665
2025-12-31,India,Mahindra & Mahindra Financial Services Ltd,Financials,522844174,51834239,0.83%,0.83,,Both,M&MFIN.NS,2026-09-06 10:14:13,15.967193,12.29489,1.9542046,2.01,520761671680.0,buy,393.5588,415.0,266.05,0.333,Financial Services,374.75,-0.3456955
2025-12-31,India,Manappuram Finance Ltd,Financials,727337305,72107480,2.48%,2.48,,Both,MANAPPURAM.NS,2026-09-06 10:14:18,20.751373,11.053399,1.9880263,1.18,319092490240.0,none,372.14285,381.55,245.15,0.79,Financial Services,339.7,-0.3812281
2025-12-31,India,Max Financial Services Ltd,Financials,545735888,54103700,0.84%,0.84,,Both,MFSL.NS,2026-09-06 10:14:29,499.4839,124.618416,19.428099,,531563806720.0,strong_buy,2017.12,1892.5,1433.6,0.707,Financial Services,1548.4,0.74170625
2025-12-31,India,Multi Commodity Exchange of India Ltd,Financials,2034424860,201690810,3.19%,3.19,,Both,MCX.NS,2026-09-06 10:14:24,54.058422,41.140114,19.809967,0.24,,buy,3308.9285,3480.0,1496.0,0.685,Financial Services,3275.4,3.318401
2025-12-31,India,Muthoot Finance Ltd,Financials,1324022093,131262203,0.77%,0.77,,Both,MUTHOOTFIN.NS,2026-09-06 10:14:45,10.2881155,9.127731,2.881185,1.03,1169798856704.0,none,3389.261,4149.5,2671.0,0.517,Financial Services,2913.8,-0.4339638
2025-12-31,India,Nippon Life India Asset Management Ltd,Financials,715902074,70973803,1.14%,1.14,,Both,NAM-INDIA.NS,2026-09-06 10:14:45,45.863976,34.661472,15.885995,1.85,742082674688.0,buy,1241.875,1269.5,794.0,0.63,Financial Services,1159.9,-0.4292214
2025-12-31,India,Nuvama Wealth Management Ltd,Financials,167968183,16652195,0.56%,0.56,,Ownership,NUVAMA.NS,2026-09-06 10:15:01,31.091284,21.586338,8.0018015,1.54,333803454464.0,none,2031.6666,2066.0,1096.9,0.377,Financial Services,1812.0,-1.4789013
2025-12-31,India,PB Fintech Ltd,Financials,774468025,76779972,0.82%,0.82,,Both,POLICYBZR.NS,2026-09-06 10:15:34,113.61386,54.81515,11.604463,,848309125120.0,buy,1959.68,1964.2,1364.0,0.397,Financial Services,1836.0,-1.8181818
2025-12-31,India,Piramal Finance Ltd,Financials,1290646425,127953373,3.09%,3.09,,Both,PIRAMALFINL.NS,,,,,,,,,,,,,,
2025-12-31,India,PNB Housing Finance Ltd,Financials,258843323,25661464,0.93%,0.93,,Ownership,PNBHOUSING.NS,2026-09-06 10:15:34,13.140989,11.119677,1.5807211,0.69,304097361920.0,none,1295.7693,1211.5,729.6,0.308,Financial Services,1166.0,1.7896116
2025-12-31,India,Power Finance Corp Ltd,Financials,719115946,71292423,0.55%,0.55,,Both,PFC.NS,2026-09-06 10:15:23,4.504687,3.9336283,0.8210347,4.39,1173516189696.0,strong_buy,491.42856,486.5,329.9,0.599,Financial Services,355.6,2.9233015
2025-12-31,India,Punjab National Bank,Financials,324687783,32189216,0.2%,0.2,,Market Value,PNB.NS,2026-09-06 10:15:34,6.087409,6.8217754,0.8599527,2.56,1344674332672.0,buy,121.61111,135.15,98.5,0.5,Financial Services,117.0,0.5845945
2025-12-31,India,RBL Bank Ltd,Financials,130724946,12959938,0.6%,0.6,,Ownership,RBLBANK.NS,2026-09-06 10:15:50,34.2438,20.685902,1.5291926,0.33,642631729152.0,buy,383.65,417.05,261.6,0.642,Financial Services,414.35,1.5314873
2025-12-31,India,REC Ltd,Financials,543059271,53838343,0.52%,0.52,,Both,RECLTD.NS,2026-09-06 10:15:55,5.2435017,4.4946265,0.99656975,1.95,,buy,429.07693,390.5,304.05,0.318,Financial Services,318.7,1.6262773
2025-12-31,India,SBFC Finance Ltd,Financials,70467612,6986087,0.55%,0.55,,Ownership,SBFC.NS,2026-09-06 10:16:17,22.93578,16.320562,2.96824,,110831304704.0,none,120.71429,123.0,79.6,0.597,Financial Services,100.0,0.10009857
2025-12-31,India,SBI Cards & Payment Services Ltd,Financials,1153094448,114316610,1.25%,1.25,,Both,SBICARD.NS,2026-09-06 10:16:17,27.55337,18.516258,3.985095,0.38,626419040256.0,hold,690.5833,965.0,565.45,0.243,Financial Services,658.25,-0.4160363
2025-12-31,India,SBI Life Insurance Co Ltd,Financials,1484848042,147206323,0.65%,0.65,,Both,SBILIFE.NS,2026-09-06 10:16:17,68.479935,50.799603,8.845192,0.15,1780945518592.0,strong_buy,2342.9722,2132.0,1700.4,0.351,Financial Services,1775.0,3.4985423
2025-12-31,India,Shriram Finance Ltd,Financials,2703837424,268055690,1.29%,1.29,,Both,SHRIRAMFIN.NS,2026-09-06 10:16:28,18.382483,11.72422,2.971408,1.33,2449455972352.0,strong_buy,1199.5625,1153.7,590.85,0.606,Financial Services,1041.0,-0.30645004
2025-12-31,India,Star Health & Allied Insurance Co Ltd,Financials,736363436,73002321,2.45%,2.45,,Both,STARHEALTH.NS,2026-09-06 10:16:44,49.155674,19.936264,3.2427824,,328858730496.0,none,644.04346,624.9,416.55,0.187,Financial Services,558.9,-0.080441795
2025-12-31,India,State Bank of India,Financials,4583383285,454391953,0.45%,0.45,,Market Value,SBIN.NS,2026-09-06 10:16:17,10.869704,9.688129,1.5080613,1.71,9379230253056.0,strong_buy,1263.1025,1234.7,805.6,0.386,Financial Services,1016.1,-0.71331334
2025-12-31,India,Sundaram Finance Ltd,Financials,444734985,44090574,0.68%,0.68,,Both,SUNDARMFIN.NS,2026-09-06 10:16:50,23.125341,21.022943,3.4724689,0.86,513051754496.0,none,5105.3335,5642.0,4000.0,0.179,Financial Services,4654.9,1.6797707
2025-12-31,India,Tata Capital Ltd,Financials,660052565,65436939,0.41%,0.41,,Market Value,TATACAP.NS,2026-09-06 10:16:55,29.247856,17.607038,3.450194,0.15,1582313897984.0,buy,405.76923,390.2,296.0,,Financial Services,375.25,0.9143455
2025-12-31,India,Union Bank of India Ltd,Financials,362106327,35898853,0.27%,0.27,,Market Value,UNIONBANK.NS,2026-09-06 10:17:27,6.926378,6.990855,1.0243475,2.65,1429163606016.0,buy,196.76471,205.49,126.61,0.9,Financial Services,187.22,-0.94179827
2025-12-31,India,UTI Asset Management Co Ltd,Financials,134442480,13328491,0.83%,0.83,,Ownership,UTIAMC.NS,2026-09-06 10:17:32,24.553572,15.388667,2.510699,4.54,113114341376.0,none,1068.7059,1418.0,866.0,0.401,Financial Services,880.0,-0.045436665
2025-12-31,India,Yes Bank Ltd,Financials,519967592,51549058,0.68%,0.68,,Both,YESBANK.NS,,,,,,,,,,,,,,
2025-12-31,India,Acutaas Chemicals Ltd,Health Care,555194116,55041380,3.54%,3.54,,Both,ACUTAS.NS,,,,,,,,,,,,,,
2025-12-31,India,Ajanta Pharma Ltd,Health Care,134246038,13309016,0.35%,0.35,,Both,AJANTPHARM.NS,2026-09-06 10:09:40,38.115227,29.678047,9.548949,1.85,432370745344.0,none,3761.0,3796.0,2329.9,0.218,Healthcare,3460.1,-1.732413
2025-12-31,India,Alivus Life Sciences Ltd,Health Care,263647610,26137756,2.09%,2.09,,Both,ALIVUS.NS,2026-09-06 10:09:45,27.928646,21.809214,5.054646,0.37,168184610816.0,strong_buy,1432.25,1493.8,819.0,0.078,Healthcare,1369.9,-3.446576
2025-12-31,India,Alkem Laboratories Ltd,Health Care,654488230,64885297,0.89%,0.89,,Both,ALKEM.NS,2026-09-06 10:09:45,28.73595,23.241184,4.490144,0.39,620542361600.0,none,5948.55,5933.5,5075.0,0.281,Healthcare,5190.0,-0.057770073
2025-12-31,India,Anthem Biosciences Ltd,Health Care,179498695,17795318,0.44%,0.44,,Both,ANTHEM.NS,2026-09-06 10:09:51,92.50247,61.748405,17.231606,0.21,524275613696.0,strong_buy,905.125,973.5,579.15,,Healthcare,933.35,-1.8249748
2025-12-31,India,Apollo Hospitals Enterprise Ltd,Health Care,1537417623,152418018,1.35%,1.35,,Both,APOLLOHOSP.NS,2026-09-06 10:09:56,59.523808,39.69946,13.119458,0.23,1243737227264.0,strong_buy,9790.387,9050.0,6696.5,0.197,Healthcare,8650.0,-0.48320293
2025-12-31,India,Aster DM Healthcare Ltd,Health Care,178623705,17708572,0.5%,0.5,,Both,ASTERDM.NS,2026-09-06 10:10:01,128.11581,39.183548,8.844529,0.51,684567953408.0,none,931.5455,891.3,519.1,-0.076,Healthcare,785.35,-0.20966004
2025-12-31,India,AstraZeneca Pharma India Ltd,Health Care,54429032,5396039,0.21%,0.21,,Market Value,ASTRAZEN.NS,2026-09-06 10:10:01,102.13078,,19.907423,0.52,173749993472.0,none,,9849.5,6835.0,0.22,Healthcare,6950.0,0.13687775
2025-12-31,India,Aurobindo Pharma Ltd,Health Care,411237625,40769679,0.53%,0.53,,Both,AUROPHARMA.NS,2026-09-06 10:10:07,25.8418,17.779022,2.5339098,0.24,951157194752.0,buy,1678.3214,1717.0,1035.4,0.033,Healthcare,1653.1,0.96499884
2025-12-31,India,Biocon Ltd,Health Care,276511007,27413020,0.47%,0.47,,Both,BIOCON.NS,2026-09-06 10:10:28,116.19883,36.109974,1.8911473,0.13,,buy,446.89474,447.15,337.05,0.303,Healthcare,397.4,-1.1442801
2025-12-31,India,Cipla Ltd/India,Health Care,2520157399,249845839,1.84%,1.84,,Both,CIPLA.NS,2026-09-06 10:11:06,33.221397,21.820614,3.249244,0.94,1118883938304.0,buy,1509.0834,1673.0,1165.7,0.078,Healthcare,1385.0,-0.6954866
2025-12-31,India,Cohance Lifesciences Ltd,Health Care,67222719,6664392,0.3%,0.3,,Market Value,COHANCE.NS,2026-09-06 10:11:11,166.42336,46.356018,4.4690986,,174464385024.0,none,508.33334,1038.9,266.7,0.613,Healthcare,456.0,-1.0524045
2025-12-31,India,Concord Biotech Ltd,Health Care,472387927,46832058,2.99%,2.99,,Both,CONCORDBIO.NS,2026-09-06 10:11:16,48.88124,33.38081,7.364916,0.53,148555022336.0,none,1550.6,1704.0,987.0,0.353,Healthcare,1420.0,-1.9133766
2025-12-31,India,Divi's Laboratories Ltd,Health Care,2527145870,250538669,1.33%,1.33,,Both,DIVISLAB.NS,2026-09-06 10:11:43,82.64463,60.47557,14.41301,0.33,2415763914752.0,hold,8447.0,9467.0,5636.5,0.245,Healthcare,9100.0,-1.6216216
2025-12-31,India,Dr Lal PathLabs Ltd,Health Care,123766300,12270065,0.44%,0.44,,Both,LALPATHLAB.NS,2026-09-06 10:13:57,58.343597,43.56549,12.61584,1.07,316422881280.0,buy,1949.2307,1988.9,1272.6,0.188,Healthcare,1895.0,-1.5686657
2025-12-31,India,Dr Reddy's Laboratories Ltd,Health Care,1393025456,138103126,1.17%,1.17,,Both,DRREDDY.NS,2026-09-06 10:11:48,28.985144,19.414324,2.5005105,0.7,958769463296.0,hold,1265.7726,1414.9,1101.0,0.242,Healthcare,1151.0,-0.34632036
2025-12-31,India,Eris Lifesciences Ltd,Health Care,83705496,8298478,0.36%,0.36,,Both,ERIS.NS,2026-09-06 10:12:04,28.111681,22.798155,4.62024,1.09,182791389184.0,none,1661.2,1745.0,1200.0,-0.048,Healthcare,1319.0,1.1891062
2025-12-31,India,Fortis Healthcare Ltd,Health Care,673964376,66816142,0.9%,0.9,,Both,FORTIS.NS,2026-09-06 10:12:25,65.34296,39.780025,6.904496,0.11,683237113856.0,strong_buy,1115.8,1104.3,766.8,0.652,Healthcare,905.0,-1.3623978
2025-12-31,India,Gland Pharma Ltd,Health Care,432149605,42842872,1.36%,1.36,,Both,GLAND.NS,2026-09-06 10:12:41,43.028397,30.487892,4.6759653,0.68,484952473600.0,none,2856.0715,3039.8,1573.6,0.587,Healthcare,2939.7,1.0935744
2025-12-31,India,GlaxoSmithKline Pharmaceuticals Ltd,Health Care,122824812,12176727,0.26%,0.26,,Market Value,GLAXO.NS,2026-09-06 10:12:41,46.881447,37.309757,22.070305,1.93,500425424896.0,buy,3081.0,3120.7,2088.1,0.079,Healthcare,2954.0,0.56170213
2025-12-31,India,Glenmark Pharmaceuticals Ltd,Health Care,2250362302,223098628,3.49%,3.49,,Both,GLENMARK.NS,2026-09-06 10:12:41,38.314728,24.95419,6.5432577,0.31,687837937664.0,none,2497.7273,2537.6,1792.6,0.26,Healthcare,2437.2,-0.88654125
2025-12-31,India,Global Health Ltd/India,Health Care,1145265198,113540426,3.2%,3.2,,Both,MEDANTA.NS,2026-09-06 10:14:24,71.8173,43.788647,10.02231,0.03,397166444544.0,buy,1592.0555,1544.0,956.0,0.143,Healthcare,1478.0,4.282788
2025-12-31,India,Inventurus Knowledge Solutions Ltd,Health Care,947175283,93901993,2.97%,2.97,,Both,IKS.NS,2026-09-06 10:13:19,39.192394,25.697102,10.467792,,293894291456.0,none,1960.625,1933.0,1262.0,,Healthcare,1751.9,1.1256061
2025-12-31,India,Ipca Laboratories Ltd,Health Care,242669412,24057998,0.6%,0.6,,Both,IPCALAB.NS,2026-09-06 10:13:30,38.01509,27.948359,6.1822977,0.31,498528813056.0,none,1972.2778,2001.5,1251.6,0.055,Healthcare,1965.0,0.45498824
2025-12-31,India,JB Chemicals & Pharmaceuticals Ltd,Health Care,603462121,59826620,1.89%,1.89,,Both,JBCHEPHARM.NS,2026-09-06 10:13:35,54.221275,32.781635,9.3268795,,387925901312.0,none,2328.1428,2525.5,1638.5,0.012,,2416.1,0.29889974
2025-12-31,India,Jubilant Pharmova Ltd,Health Care,601957388,59677443,3.14%,3.14,,Both,JUBILANT.NS,2026-09-06 10:13:40,,,,,,,,,,,,,
2025-12-31,India,Jupiter Life Line Hospitals Ltd,Health Care,53591597,5313016,0.52%,0.52,,Both,JLHL.NS,2026-09-06 10:13:40,49.73822,34.8269,6.050956,0.07,93431578624.0,none,345.66666,340.0,235.6,0.071,Healthcare,285.0,-1.8256935
2025-12-31,India,Krishna Institute of Medical Sciences Ltd,Health Care,164250687,16283646,0.6%,0.6,,Both,KIMS.NS,2026-09-06 10:13:46,148.82812,44.636948,13.567168,,304905879552.0,strong_buy,869.58826,858.0,575.8,0.287,Healthcare,762.0,-0.76186436
2025-12-31,India,Laurus Labs Ltd,Health Care,479618376,47548878,0.71%,0.71,,Both,LAURUSLABS.NS,2026-09-06 10:13:57,90.90909,65.11398,18.742043,0.13,994174435328.0,none,1486.2858,1949.0,823.1,0.361,Healthcare,1840.0,-1.5252877
2025-12-31,India,Lupin Ltd,Health Care,724180560,71794524,0.67%,0.67,,Both,LUPIN.NS,2026-09-06 10:14:13,17.482807,20.638674,4.2972035,0.85,964830953472.0,hold,2490.5833,2529.5,1900.0,0.163,Healthcare,2110.0,-1.0318949
2025-12-31,India,Mankind Pharma Ltd,Health Care,1680290836,166582323,1.65%,1.65,,Both,MANKIND.NS,2026-09-06 10:14:18,47.171227,33.01511,5.895731,0.08,961527611392.0,none,2741.7368,2674.0,1909.7,0.452,Healthcare,2327.9,-1.7266188
2025-12-31,India,Marksans Pharma Ltd,Health Care,49491070,4906494,0.54%,0.54,,Ownership,MARKSANS.NS,2026-09-06 10:14:18,28.754385,23.30331,4.9136586,0.28,148547076096.0,none,324.33334,345.5,155.0,1.149,Healthcare,327.8,-1.3245106
2025-12-31,India,Max Healthcare Institute Ltd,Health Care,1377170064,136531238,1.21%,1.21,,Both,MAXHEALTH.NS,2026-09-06 10:14:18,66.2273,42.166107,8.917624,0.2,958515970048.0,buy,1169.4814,1221.9,903.0,0.113,Healthcare,984.8,-1.0151811
2025-12-31,India,Metropolis Healthcare Ltd,Health Care,61926625,6139343,0.55%,0.55,,Both,METROPOLIS.NS,2026-09-06 10:14:29,60.44012,37.94448,8.090815,0.34,122462355456.0,buy,658.1579,609.05,412.25,0.205,Healthcare,590.5,-0.23653056
2025-12-31,India,Narayana Hrudayalaya Ltd,Health Care,203842616,20208749,0.47%,0.47,,Both,NH.NS,2026-09-06 10:14:56,45.952614,26.568815,8.3348255,0.24,378171916288.0,strong_buy,2213.0715,2093.3,1589.0,,Healthcare,1862.0,-1.0732096
2025-12-31,India,Natco Pharma Ltd,Health Care,99115909,9826250,0.55%,0.55,,Both,NATCOPHARM.NS,2026-09-06 10:14:45,12.955079,17.474314,1.607428,0.78,150955933696.0,none,1004.44446,1226.8,789.0,0.163,Healthcare,827.7,-1.2644609
2025-12-31,India,Neuland Laboratories Ltd,Health Care,142290443,14106530,0.65%,0.65,,Both,NEULANDLAB.NS,2026-09-06 10:14:50,58.427315,46.125763,15.496023,0.15,290468691968.0,none,24334.75,23881.0,11500.0,-0.321,Healthcare,22640.0,-1.09218
2025-12-31,India,Onesource Specialty Pharma Ltd,Health Care,80058713,7936939,0.34%,0.34,,Both,ONESOURCE.NS,2026-09-06 10:15:12,,20.324503,3.0242412,,175965552640.0,none,2056.0,1925.0,1057.0,,Healthcare,1534.5,-2.614708
2025-12-31,India,Piramal Pharma Ltd,Health Care,124372423,12330155,0.48%,0.48,,Both,PPLPHARMA.NS,2026-09-06 10:15:39,,52.531307,3.4787982,0.08,283500969984.0,none,233.27274,220.36,132.3,0.335,Healthcare,213.96,-0.2470972
2025-12-31,India,Poly Medicure Ltd,Health Care,71947642,7132816,0.36%,0.36,,Both,POLYMED.NS,2026-09-06 10:15:34,54.85318,34.83402,5.547289,0.21,172304351232.0,none,1824.8334,2107.8,1182.0,0.011,Healthcare,1699.9,-3.8898587
2025-12-31,India,Rainbow Children's Medicare Ltd,Health Care,94008396,9319897,0.62%,0.62,,Both,RAINBOW.NS,2026-09-06 10:15:50,51.460114,36.528645,8.899866,0.24,146595463168.0,none,1755.7858,1610.0,1084.0,0.139,Healthcare,1445.0,0.2915013
2025-12-31,India,Sagility Ltd,Health Care,291901100,28938778,1.07%,1.07,,Both,SAGILITY.NS,2026-09-06 10:16:12,22.084908,15.9329195,2.2307985,0.43,219179810816.0,strong_buy,56.2,57.89,35.83,,Healthcare,46.82,0.04273602
2025-12-31,India,SAI Life Sciences Ltd,Health Care,134140141,13298517,0.62%,0.62,,Both,SAILIFE.NS,2026-09-06 10:16:12,93.504425,63.437206,13.491956,,336623599616.0,none,1552.6666,1630.0,783.85,,Healthcare,1584.9,0.6413497
2025-12-31,India,Sanofi Consumer Healthcare India Ltd,Health Care,53064700,5260780,0.45%,0.45,,Both,SANOFICONR.BO,2026-09-06 10:16:12,36.502033,31.516058,27.939064,1.78,97189232640.0,none,5855.0,5394.0,3950.5,,Healthcare,4220.0,0.14000385
2025-12-31,India,Sanofi India Ltd,Health Care,41279079,4092366,0.39%,0.39,,Ownership,SANOFI.NS,2026-09-06 10:16:12,22.44201,17.580826,8.793059,7.6,72638578688.0,none,4339.6665,5120.0,3054.0,0.192,Healthcare,3154.0,-1.1533173
2025-12-31,India,Strides Pharma Science Ltd,Health Care,68546036,6795584,0.74%,0.74,,Both,STAR.NS,2026-09-06 10:16:44,15.930267,11.111111,3.1440384,0.47,97703075840.0,none,1338.6666,1231.0,768.65,0.388,Healthcare,1060.0,0.6074435
2025-12-31,India,Sun Pharma Advanced Research Co Ltd,Health Care,28829695,2858147,0.59%,0.59,,Ownership,SPARC.NS,2026-09-06 10:16:39,4.0934234,3.6064982,4.843049,,64839417856.0,none,,289.0,108.0,0.648,Healthcare,199.8,-1.3528144
2025-12-31,India,Sun Pharmaceutical Industries Ltd,Health Care,4469881423,443139494,0.97%,0.97,,Both,SUNPHARMA.NS,2026-09-06 10:16:50,37.738476,29.426865,5.4521184,0.84,4556336922624.0,buy,2167.2122,2046.9,1548.0,0.121,Healthcare,1899.0,-0.88726515
2025-12-31,India,Syngene International Ltd,Health Care,545903388,54120306,1.85%,1.85,,Both,SYNGENE.NS,2026-09-06 10:16:55,71.84545,37.073593,3.2818403,0.32,159049121792.0,buy,501.875,678.95,375.25,0.076,Healthcare,395.15,-1.4096792
2025-12-31,India,Torrent Pharmaceuticals Ltd,Health Care,511682114,50727644,0.35%,0.35,,Both,TORNTPHARM.NS,2026-09-06 10:17:11,77.513565,52.14115,19.59637,0.78,1847446732800.0,buy,5386.759,5250.0,3480.6,0.137,Healthcare,4857.0,-0.9886862
2025-12-31,India,Vijaya Diagnostic Centre Ltd,Health Care,67271566,6669235,0.55%,0.55,,Both,VIJAYA.NS,2026-09-06 10:17:38,81.77827,54.260746,16.011003,0.13,153466585088.0,none,1530.3,1573.0,848.0,0.357,Healthcare,1490.0,-1.0295583
2025-12-31,India,Wockhardt Ltd,Health Care,130164378,12904364,0.49%,0.49,,Both,WOCKPHARMA.NS,,,,,,,,,,,,,,
2025-12-31,India,Zydus Lifesciences Ltd,Health Care,423220946,41957694,0.41%,0.41,,Both,ZYDUSLIFE.NS,,,,,,,,,,,,,,
2025-12-31,India,ABB India Ltd,Industrials,318335641,31559471,0.26%,0.26,,Market Value,ABB.NS,2026-09-06 10:09:29,99.01123,70.651794,16.819847,0.53,1570240987136.0,hold,7041.6787,7924.5,4637.5,0.483,Industrials,7410.0,-0.29601723
2025-12-31,India,Ahluwalia Contracts India Ltd,Industrials,104842204,10393949,1.42%,1.42,,Ownership,AHLUCONT.NS,2026-09-06 10:09:40,17.85183,12.517386,1.9528072,0.12,40192536576.0,buy,845.8461,1077.95,590.0,0.515,Industrials,600.0,0.7641259
2025-12-31,India,AIA Engineering Ltd,Industrials,125058692,12398191,0.3%,0.3,,Market Value,AIAENG.NS,2026-09-06 10:09:40,31.004269,27.845772,4.8957543,0.38,,buy,4787.857,5180.0,3002.0,0.248,Industrials,4211.0,-1.437129
2025-12-31,India,Amara Raja Energy & Mobility Ltd,Industrials,117857003,11684223,0.63%,0.63,,Ownership,AMARAJABAT.NS,2026-09-06 10:09:45,,,,,,,,,,,,,
2025-12-31,India,Ambuja Cements Ltd,Industrials,546380325,54167589,0.35%,0.35,,Market Value,AMBUJACEM.NS,2026-09-06 10:09:51,22.727274,27.865482,1.6868323,0.49,1006350958592.0,buy,489.92105,600.8,394.0,0.208,Basic Materials,405.0,0.0
2025-12-31,India,Apar Industries Ltd,Industrials,667916126,66216525,1.77%,1.77,,Both,APARINDS.NS,2026-09-06 10:09:56,59.579044,46.3676,12.987109,0.34,730127925248.0,none,15160.625,18465.0,6801.0,0.178,Industrials,17437.0,-1.5081338
2025-12-31,India,Ashok Leyland Ltd,Industrials,1624808637,161081874,1.38%,1.38,,Both,ASHOKLEY.NS,2026-09-06 10:10:01,28.547297,20.627136,6.970222,2.07,,buy,189.69698,215.42,131.37,0.45,Industrials,169.0,-0.20667617
2025-12-31,India,Asian Paints Ltd,Industrials,2050123530,203247160,0.69%,0.69,,Both,ASIANPAINT.NS,2026-09-06 10:10:01,50.75919,41.713696,11.343,1.09,2422781771776.0,none,3021.4412,2985.7,2115.0,0.282,Basic Materials,2527.3,-0.56263965
2025-12-31,India,Astral Ltd,Industrials,200879501,19914989,0.48%,0.48,,Market Value,ASTRAL.NS,2026-09-06 10:10:01,69.92506,44.332706,9.883613,0.27,401067868160.0,buy,1733.138,1768.7,1311.6,0.173,Industrials,1492.9,-0.15382068
2025-12-31,India,Azad Engineering Ltd,Industrials,92795352,9199637,0.77%,0.77,,Ownership,AZAD.NS,2026-09-06 10:10:12,128.39336,75.23333,11.751383,,179601833984.0,none,2533.5715,2986.6,1360.0,0.636,Industrials,2781.0,0.50959915
2025-12-31,India,Bharat Dynamics Ltd,Industrials,159253017,15788182,0.26%,0.26,,Market Value,BDL.NS,2026-09-06 10:10:23,88.50494,40.24123,10.839243,0.39,460035948544.0,hold,1337.4615,1654.0,1086.0,0.321,Industrials,1255.0,-0.21467371
2025-12-31,India,Blue Star Ltd,Industrials,221457602,21955081,0.55%,0.55,,Both,BLUESTARCO.NS,2026-09-06 10:10:33,59.887005,38.4521,8.891392,0.57,305099472896.0,hold,1655.08,2032.9,1432.5,0.146,Industrials,1484.0,-0.11442089
2025-12-31,India,CG Power & Industrial Solutions Ltd,Industrials,462386298,45840507,0.4%,0.4,,Market Value,CGPOWER.NS,2026-09-06 10:11:00,112.35814,63.97792,17.605564,0.15,1403726069760.0,buy,934.15,980.9,525.5,0.42,Industrials,891.0,-0.44692737
2025-12-31,India,Chennai Super Kings Cricket Ltd,Industrials,110374344,10942400,1.23%,1.23,,Ownership,CHENNAISUPR.NS,,,,,,,,,,,,,,
2025-12-31,India,CMS Info Systems Ltd,Industrials,272112161,26976923,4.34%,4.34,,Both,CMSINFO.NS,2026-09-06 10:11:11,13.714125,9.594488,1.6468108,2.05,39007453184.0,none,330.25,429.65,238.3,0.315,Industrials,243.7,-0.4737416
2025-12-31,India,Computer Age Management Services Ltd,Industrials,252679469,25050385,1.23%,1.23,,Both,CAMS.NS,2026-09-06 10:10:49,37.741936,28.658558,14.057748,1.71,186015678464.0,none,920.421,844.9,611.4,0.206,Technology,748.8,0.18731113
2025-12-31,India,Container Corp Of India Ltd,Industrials,913326405,90546250,2.04%,2.04,,Both,CONCOR.NS,2026-09-06 10:11:16,31.146538,21.77454,2.989431,1.26,386901901312.0,buy,563.26666,569.8,421.45,0.223,Industrials,508.0,-0.16704454
2025-12-31,India,Cummins India Ltd,Industrials,992970329,98442068,0.72%,0.72,,Both,CUMMINSIND.NS,2026-09-06 10:11:27,58.820095,42.653526,16.468134,1.31,1395701972992.0,buy,5903.091,6100.0,3833.0,0.527,Industrials,5035.0,-0.70991915
2025-12-31,India,Dalmia Bharat Ltd,Industrials,184474762,18288640,0.41%,0.41,,Market Value,DALBHARAT.NS,2026-09-06 10:11:32,35.138386,23.960144,1.8277739,0.57,328900870144.0,buy,2150.5,2496.3,1605.0,0.189,Basic Materials,1752.0,-1.0840081
2025-12-31,India,Delhivery Ltd,Industrials,263636385,26136643,0.78%,0.78,,Both,DELHIVERY.NS,2026-09-06 10:11:37,369.2742,41.571228,3.528034,,342992125952.0,strong_buy,550.65,524.0,374.45,0.166,Industrials,457.9,-1.3890411
2025-12-31,India,eClerx Services Ltd,Industrials,120617996,11957945,0.48%,0.48,,Market Value,ECLERX.NS,2026-09-06 10:11:53,24.630733,19.35787,6.865666,0.05,174940045312.0,buy,1943.7,2497.5,1320.0,0.404,Technology,1901.0,-3.5857358
2025-12-31,India,Elecon Engineering Co Ltd,Industrials,81452617,8075130,0.67%,0.67,,Ownership,ELECON.NS,2026-09-06 10:11:59,41.081593,18.425531,4.2138658,0.46,97165172736.0,none,500.5,634.9,352.0,0.519,Industrials,433.0,-0.67668587
2025-12-31,India,Elgi Equipments Ltd,Industrials,104532494,10363245,0.62%,0.62,,Ownership,ELGIEQUIP.NS,2026-09-06 10:11:59,45.345314,35.161205,9.088277,0.42,202842128384.0,none,690.8,645.4,408.25,0.104,Industrials,643.45,2.0782163
2025-12-31,India,Engineers India Ltd,Industrials,72342426,7171954,0.57%,0.57,,Ownership,ENGINERSIN.NS,2026-09-06 10:11:59,20.086084,20.512821,5.015674,1.79,157371858944.0,strong_buy,287.33334,289.65,163.55,0.939,Industrials,280.0,-0.6916163
2025-12-31,India,EPL Ltd,Industrials,47784020,4737259,0.62%,0.62,,Ownership,EPL.NS,2026-09-06 10:12:04,20.467716,14.171377,2.7648866,2.02,79197675520.0,none,309.16666,274.03,176.4,0.367,Consumer Cyclical,247.25,0.28391683
2025-12-31,India,Escorts Kubota Ltd,Industrials,147859357,14658626,0.32%,0.32,,Market Value,ESCORTS.NS,2026-09-06 10:12:04,23.636726,21.359678,2.6840003,1.11,326594297856.0,hold,3330.2942,3987.8,2700.0,0.28,Industrials,2968.3,-0.33241227
2025-12-31,India,Exide Industries Ltd,Industrials,820997369,81392843,2.38%,2.38,,Both,EXIDEIND.NS,2026-09-06 10:12:09,38.739727,22.910362,2.5931315,0.47,360569995264.0,none,438.1875,496.4,287.0,0.542,Consumer Cyclical,424.2,0.2836908
2025-12-31,India,Finolex Cables Ltd,Industrials,73460830,7282832,0.57%,0.57,,Ownership,FINCABLES.NS,2026-09-06 10:12:20,23.400192,16.850069,3.0793827,0.74,187350695936.0,strong_buy,1440.1666,1374.0,700.8,0.619,Industrials,1225.0,-3.7630625
2025-12-31,India,Garware Hi-Tech Films Ltd,Industrials,59705682,5919160,0.74%,0.74,,Ownership,GARFIBRES.NS,2026-09-06 10:12:31,37.482323,26.949152,5.824432,1.12,77630431232.0,none,831.6667,863.4,579.75,0.042,Consumer Cyclical,795.0,-0.631209
2025-12-31,India,GE Vernova T&D India Ltd,Industrials,458149829,45420508,0.51%,0.51,,Market Value,GEVERNOVA.NS,,,,,,,,,,,,,,
2025-12-31,India,GMM Pfaudler Ltd,Industrials,53040232,5258355,0.95%,0.95,,Ownership,GMMPFAUDLR.NS,2026-09-06 10:12:41,73.74444,24.576271,4.3296347,0.17,52150378496.0,none,1800.0,1307.5,735.0,0.086,Industrials,1160.0,8.057755
2025-12-31,India,GMR Airports Ltd,Industrials,330526719,32768083,0.27%,0.27,,Market Value,GMRAIRPORT.NS,2026-09-06 10:12:41,243.62498,63.29977,-40.979813,,1028972150784.0,strong_buy,118.85714,115.64,84.11,0.549,Industrials,97.45,0.59873456
2025-12-31,India,Grasim Industries Ltd,Industrials,2755169827,273144732,1.28%,1.28,,Both,GRASIM.NS,2026-09-06 10:12:47,39.684628,21.996077,2.1775954,0.3,2253155467264.0,none,3837.5,3411.1,2502.5,0.365,Basic Materials,3322.0,0.36253774
2025-12-31,India,Great Eastern Shipping Co Ltd/The,Industrials,385023931,38170881,2.13%,2.13,,Both,GESHIP.NS,2026-09-06 10:12:36,5.21593,7.135022,1.1497126,4.21,194837561344.0,none,1866.5,1798.0,948.4,0.416,Industrials,1366.0,0.9160775
2025-12-31,India,Gujarat Pipavav Port Ltd,Industrials,353200930,35015981,3.58%,3.58,,Both,GPPL.NS,2026-09-06 10:12:47,14.02941,14.013252,3.3295693,6.19,78434435072.0,buy,178.5,200.09,141.55,0.461,Industrials,162.18,-1.9645773
2025-12-31,India,Havells India Ltd,Industrials,1627035169,161302610,1.62%,1.62,,Both,HAVELLS.NS,2026-09-06 10:12:57,44.43589,35.37217,7.6554136,1.0,724206157824.0,buy,1381.1389,1621.1,1123.6,0.296,Industrials,1154.0,-3.8333335
2025-12-31,India,Hindustan Aeronautics Ltd,Industrials,1127312293,111760593,0.34%,0.34,,Market Value,HAL.NS,2026-09-06 10:12:52,34.842506,28.234995,7.91297,0.41,3247571206144.0,buy,5467.885,5149.9,3479.1,0.499,Industrials,4856.0,1.8969258
2025-12-31,India,Hindustan Construction Co Ltd,Industrials,57671009,5717445,1.04%,1.04,,Ownership,HCC.NS,2026-09-06 10:12:57,33.289856,33.77941,2.8284693,,60169179136.0,none,,30.0,13.65,0.688,Industrials,22.97,-0.6917417
2025-12-31,India,Hitachi Energy India Ltd,Industrials,282359279,27992811,0.31%,0.31,,Market Value,POWERINDIA.NS,2026-09-06 10:15:34,121.95122,63.83981,27.255136,0.03,1410715353088.0,buy,36814.43,38785.0,16111.0,0.568,Industrials,31650.0,-1.09375
2025-12-31,India,Indegene Ltd,Industrials,254076004,25188836,1.81%,1.81,,Both,INDEGENE.NS,,,,,,,,,,,,,,
2025-12-31,India,Indian Railway Finance Corp Ltd,Industrials,188097281,18647773,0.1%,0.1,,Market Value,IRFC.NS,2026-09-06 10:13:30,15.191257,11.424658,1.9188735,3.48,1089913421824.0,none,60.0,137.17,81.3,0.313,Financial Services,83.4,0.907441
2025-12-31,India,International Gemmological Institute India Ltd,Industrials,105813889,10490281,0.65%,0.65,,Ownership,IGIL.NS,2026-09-06 10:13:19,27.284628,18.241228,9.38226,1.58,139609178112.0,none,495.5,392.0,287.0,,Basic Materials,323.05,-0.8897144
2025-12-31,India,JK Cement Ltd,Industrials,234061014,23204571,0.49%,0.49,,Market Value,JKCEMENT.NS,2026-09-06 10:13:35,41.792507,26.287867,5.6217036,0.39,395613437952.0,none,6262.4644,7000.0,4671.5,0.399,Basic Materials,5120.0,1.5973806
2025-12-31,India,Jyoti CNC Automation Ltd,Industrials,234352755,23233494,0.93%,0.93,,Both,JYOTICNC.NS,2026-09-06 10:13:40,70.84806,41.425617,11.39904,,227991666688.0,strong_buy,985.3333,1055.9,580.1,-0.42,Industrials,1002.5,-2.3713274
2025-12-31,India,KEC International Ltd,Industrials,198370505,19666250,0.9%,0.9,,Both,KEC.NS,2026-09-06 10:13:46,19.629808,11.152051,1.7645304,1.35,108689457152.0,buy,548.88,937.8,399.55,0.062,Industrials,408.3,0.5293596
2025-12-31,India,KEI Industries Ltd,Industrials,1463355988,145075623,3.06%,3.06,,Both,KEI.NS,2026-09-06 10:13:46,46.51386,33.05643,6.9566364,0.09,463662874624.0,buy,5785.48,5899.0,3728.7,0.54,Industrials,4850.0,-8.954384
2025-12-31,India,Kirloskar Oil Engines Ltd,Industrials,108639917,10770451,0.55%,0.55,,Ownership,KIRLOSENG.NS,2026-09-06 10:13:46,58.56265,38.422436,8.800845,0.32,318979538944.0,none,2471.0,2720.0,855.8,0.724,Industrials,2192.0,-3.3339255
2025-12-31,India,Kirloskar Pneumatic Co Ltd,Industrials,52393217,5194210,0.68%,0.68,,Ownership,KIRLPNU.NS,2026-09-06 10:13:46,37.706375,29.6233,7.9353356,0.79,99107848192.0,none,900.0,1098.55,495.05,0.578,Industrials,762.8,0.39484078
2025-12-31,India,L&T Technology Services Ltd,Industrials,131937224,13080122,0.25%,0.25,,Market Value,LTTS.NS,2026-09-06 10:14:13,28.89313,21.42563,5.702513,1.66,369383211008.0,hold,3566.0334,4726.0,3010.0,0.155,Technology,3482.2,-0.5426711
2025-12-31,India,Mahindra Logistics Ltd,Industrials,27342312,2710689,0.78%,0.78,,Ownership,MAHLOG.NS,2026-09-06 10:14:18,95.46948,24.17955,5.1173973,0.62,40376119296.0,none,472.6,450.0,275.05,0.493,Industrials,406.7,1.5988071
2025-12-31,India,Mazagon Dock Shipbuilders Ltd,Industrials,215547129,21369123,0.19%,0.19,,Market Value,MAZDOCK.NS,2026-09-06 10:14:18,37.31343,31.191982,10.234505,0.84,998365528064.0,hold,2599.0,3061.4,2057.4,0.617,Industrials,2475.0,0.040420372
2025-12-31,India,MTAR Technologies Ltd,Industrials,71060138,7044830,0.85%,0.85,,Ownership,MTAR.NS,,,,,,,,,,,,,,
2025-12-31,India,NBCC India Ltd,Industrials,126413110,12532467,0.34%,0.34,,Market Value,NBCC.NS,2026-09-06 10:14:45,31.490908,30.928572,7.7842693,1.25,233819996160.0,none,121.5,125.85,77.18,0.666,Industrials,86.6,0.115605175
2025-12-31,India,NCC Ltd/India,Industrials,69259852,6866351,0.61%,0.61,,Ownership,NCC.NS,2026-09-06 10:14:45,13.452915,10.8839035,1.1968212,1.47,94176985088.0,none,195.90909,222.31,130.0,0.555,Industrials,150.0,1.8744869
2025-12-31,India,One 97 Communications Ltd,Industrials,1447605034,143514089,1.55%,1.55,,Both,PAYTM.NS,2026-09-06 10:15:18,163.98221,52.499622,6.63877,,1063960444928.0,buy,1584.0,1732.3,930.6,-0.265,Technology,1659.5,1.3744655
2025-12-31,India,One Mobikwik Systems Ltd,Industrials,61318708,6079074,2.99%,2.99,,Ownership,MOBIKWIK.NS,2026-09-06 10:14:34,,19.39192,2.788907,,15117833216.0,none,400.0,334.0,151.46,,Technology,191.98,0.7187425
2025-12-31,India,PG Electroplast Ltd,Industrials,284888788,28243584,1.55%,1.55,,Both,PGEL.NS,2026-09-06 10:15:28,78.09722,33.955315,5.2704096,0.04,161097089024.0,none,690.5,644.4,436.55,-0.16,Technology,562.3,1.5165126
2025-12-31,India,Polycab India Ltd,Industrials,984373648,97589801,0.76%,0.76,,Both,POLYCAB.NS,2026-09-06 10:15:34,43.66812,32.683414,10.331942,0.57,1250270904320.0,buy,10073.875,10126.0,6663.0,0.635,Industrials,8300.0,-5.7621346
2025-12-31,India,Praj Industries Ltd,Industrials,48692275,4827303,0.73%,0.73,,Ownership,PRAJIND.NS,2026-09-06 10:15:39,204.2683,30.921743,4.703735,1.07,61577383936.0,none,369.16666,427.65,273.0,0.134,Industrials,335.0,-1.932086
2025-12-31,India,Ramco Cements Ltd/The,Industrials,125769703,12468680,0.45%,0.45,,Market Value,RAMCOCEM.NS,2026-09-06 10:15:50,32.378857,33.49336,2.5750246,0.28,208409886720.0,hold,950.9677,1214.5,838.3,0.106,Basic Materials,882.0,0.32417396
2025-12-31,India,RR Kabel Ltd,Industrials,618969173,61363974,3.36%,3.36,,Both,RRKABEL.NS,2026-09-06 10:16:06,45.73874,31.30837,10.799174,0.45,278013313024.0,buy,2867.0,2983.8,1181.6,1.38,Industrials,2458.0,-6.100774
2025-12-31,India,Shree Cement Ltd,Industrials,295495089,29295082,0.27%,0.27,,Market Value,SHREECEM.NS,2026-09-06 10:16:28,52.909996,34.598583,9.341037,0.59,860706242560.0,buy,27960.973,30660.0,22550.0,,Basic Materials,23855.0,-0.23002927
2025-12-31,India,Siemens Energy India Ltd,Industrials,235998148,23396616,0.23%,0.23,,Market Value,ENRIN.NS,2026-09-06 10:12:04,74.613174,55.304718,23.054834,0.13,1109351071744.0,buy,3847.5334,3968.0,2115.0,,Utilities,3115.1,-1.2709132
2025-12-31,India,Siemens Ltd,Industrials,293217337,29069268,0.24%,0.24,,Market Value,SIEMENS.NS,2026-09-06 10:16:28,84.02704,58.699265,10.233173,0.45,1416291287040.0,hold,3974.8076,4149.4,2826.0,0.576,Industrials,3977.0,-1.3151364
2025-12-31,India,Sterling and Wilson Renewable,Industrials,49838833,4940971,0.89%,0.89,,Ownership,SWSOLAR.NS,2026-09-06 10:16:50,,10.4,6.728246,,43718946816.0,strong_buy,289.0,281.7,148.0,0.716,Technology,187.2,-0.3141788
2025-12-31,India,Supreme Industries Ltd,Industrials,811571935,80458416,1.7%,1.7,,Both,SUPREMEIND.NS,2026-09-06 10:16:50,42.732414,33.288963,7.155344,1.04,441609224192.0,buy,3951.138,4632.0,3140.0,0.183,Industrials,3475.0,-0.9435334
2025-12-31,India,Tata Motors Ltd /new,Industrials,1512517359,149949431,0.88%,0.88,,Both,TMCV.NS,2026-09-06 10:17:11,40.09641,19.532751,13.229808,0.87,1684835401728.0,none,528.65,509.0,306.3,,Consumer Cyclical,457.5,-0.61909544
2025-12-31,India,Thermax Ltd,Industrials,131578751,13044583,0.33%,0.33,,Market Value,THERMAX.NS,2026-09-06 10:17:06,69.19431,40.821922,7.4102197,0.38,411167653888.0,hold,4392.0,5277.8,2742.7,0.301,Industrials,3650.0,-2.2469778
2025-12-31,India,Timken India Ltd,Industrials,120963168,11992165,0.48%,0.48,,Market Value,TIMKEN.NS,2026-09-06 10:17:06,55.244827,37.33275,8.065448,0.08,235073585152.0,none,3982.0,3925.0,2800.5,0.386,Industrials,3125.2,0.012797694
2025-12-31,India,Titagarh Rail System Ltd,Industrials,103541570,10265006,0.77%,0.77,,Ownership,TITAGARH.NS,2026-09-06 10:17:06,59.910713,25.03013,4.827926,0.11,104572198912.0,none,986.1111,971.0,568.7,0.806,Industrials,872.3,3.3285923
2025-12-31,India,Transformers & Rectifiers India Ltd,Industrials,54909815,5443703,0.57%,0.57,,Ownership,TARIL.NS,2026-09-06 10:16:55,34.00901,23.532473,5.8549824,0.08,90650075136.0,none,344.33334,552.0,224.05,-0.252,Industrials,302.0,0.46573314
2025-12-31,India,UltraTech Cement Ltd,Industrials,2553544309,253155783,0.66%,0.66,,Both,ULTRACEMCO.NS,2026-09-06 10:17:27,39.370514,26.399645,4.379099,2.1,3355887271936.0,strong_buy,13906.757,13110.0,10325.0,0.495,Basic Materials,11408.0,1.1796008
2025-12-31,India,Voltamp Transformers Ltd,Industrials,53559482,5309833,0.6%,0.6,,Ownership,VOLTAMP.NS,2026-09-06 10:17:38,36.522293,28.715757,7.0284133,0.88,115598213120.0,buy,10982.625,12863.0,6666.0,0.009,Industrials,11426.0,2.1820784
2025-12-31,India,Voltas Ltd,Industrials,357413233,35433584,0.71%,0.71,,Both,VOLTAS.NS,2026-09-06 10:17:38,86.219604,36.21727,6.071551,0.34,387135143936.0,hold,1363.4,1582.5,1151.0,0.12,Consumer Cyclical,1170.0,-0.67911714
2025-12-31,India,Anant Raj Ltd,Real Estate,71292432,7067859,0.32%,0.32,,Both,ANANTRAJ.NS,2026-09-06 10:09:51,38.314953,21.419275,3.8874242,0.16,225031045120.0,none,720.0,743.65,403.0,0.352,Real Estate,625.3,-0.47747892
2025-12-31,India,Brigade Enterprises Ltd,Real Estate,68614734,6802395,0.28%,0.28,,Both,BRIGADE.NS,2026-09-06 10:10:39,35.05311,18.52729,33.137283,0.29,226030518272.0,strong_buy,775.1,802.0125,450.75,0.177,Real Estate,693.0,-2.7095308
2025-12-31,India,Brookfield India Real Estate Trust,Real Estate,599051827,59389388,2.15%,2.15,,Both,BIRET.NS,2026-09-06 10:10:28,35.367786,23.381884,1.1266515,,218665304064.0,,,375.69,312.05,,,263.49,0.42304495
2025-12-31,India,Embassy Developments Ltd,Real Estate,7,1,0%,0.0,,Both,EMBDL.NS,2026-09-06 10:11:59,,,0.81113046,,,none,,105.7,39.46,0.996,Real Estate,57.6,-1.689711
2025-12-31,India,Embassy Office Parks REIT,Real Estate,826028501,81891625,1.78%,1.78,,Both,EMBASSY.NS,2026-09-06 10:11:59,92.711784,26.602022,1.6873988,,350644862976.0,,,462.0,391.35,,,369.92,1.5092475
2025-12-31,India,Godrej Properties Ltd,Real Estate,379635027,37636630,0.56%,0.56,,Both,GODREJPROP.NS,2026-09-06 10:12:47,37.31175,17.764532,3.116558,0.5,597030928384.0,buy,2326.2173,2352.0,1434.0,0.467,Real Estate,1982.0,-0.97426933
2025-12-31,India,Lodha Developers Ltd,Real Estate,374834242,37160685,0.32%,0.32,,Both,LODHA.NS,2026-09-06 10:14:07,29.674599,24.760595,5.242048,0.35,1220688871424.0,strong_buy,1333.3158,1344.95,650.8,0.611,Real Estate,1222.0,-0.97244734
2025-12-31,India,Mahindra Lifespace Developers Ltd,Real Estate,39949246,3960528,0.42%,0.42,,Both,MAHLIFE.NS,2026-09-06 10:14:18,23.03378,20.50081,2.1258574,0.97,77189382144.0,none,491.125,427.05,286.8,0.126,Real Estate,361.4,-0.46819392
2025-12-31,India,Mindspace Business Parks REIT,Real Estate,333752229,33087856,1.03%,1.03,,Both,MINDSPACE.NS,2026-09-06 10:14:29,28.803005,20.51517,1.4868085,,228427464704.0,,,511.68,417.0,,,345.06,1.5091357
2025-12-31,India,Nexus Select Trust,Real Estate,332287546,32942649,1.26%,1.26,,Both,NEXUSSELECT.NS,,,,,,,,,,,,,,
2025-12-31,India,Oberoi Realty Ltd,Real Estate,261187466,25893859,0.38%,0.38,,Both,OBEROIRLTY.NS,2026-09-06 10:15:07,25.906076,17.547005,3.8053038,0.43,681972334592.0,buy,2054.1482,1986.1,1391.2,0.322,Real Estate,1875.6,-1.388014
2025-12-31,India,Phoenix Mills Ltd/The,Real Estate,455002929,45108527,0.61%,0.61,,Both,PHOENIXLTD.NS,2026-09-06 10:15:28,54.352085,38.899788,6.319413,0.13,694610427904.0,buy,2102.0952,2169.8,1465.6,0.317,Real Estate,1942.0,-0.9183673
2025-12-31,India,Prestige Estates Projects Ltd,Real Estate,241321062,23924324,0.31%,0.31,,Both,PRESTIGE.NS,2026-09-06 10:15:39,59.88679,27.715645,4.2006574,0.13,683568922624.0,strong_buy,1892.1428,1805.2,1090.0,0.439,Real Estate,1587.0,-1.7459108
2025-12-31,India,SignatureGlobal India Ltd,Real Estate,29983818,2972565,0.17%,0.17,,Both,SIGNATURE.NS,2026-09-06 10:16:28,10.695044,14.408016,6.032335,,111704711168.0,none,1092.4,1158.0,705.2,0.799,Real Estate,794.0,-0.02518411
2025-12-31,India,Sobha Ltd,Real Estate,82835445,8212222,0.47%,0.47,,Both,SOBHA.NS,2026-09-06 10:16:33,58.907913,17.608797,2.8846197,0.47,136152227840.0,strong_buy,1752.1666,1732.0,1130.0,0.428,Real Estate,1273.0,1.103965
2025-12-31,India,Valor Estate Ltd,Real Estate,6847409,678845,0.1%,0.1,,Both,VALORESTATE.NS,,,,,,,,,,,,,,
2025-12-31,India,Affle 3i Ltd,Technology,125829837,12474642,0.44%,0.44,,Both,AFFLE.NS,2026-09-06 10:09:40,48.134995,32.822075,6.2524996,,228843962368.0,strong_buy,1983.9166,2185.9,1251.3,0.104,Communication Services,1626.0,7.0300193
2025-12-31,India,AurionPro Solutions Ltd,Technology,29908023,2965051,0.47%,0.47,,Both,AURIONPRO.NS,2026-09-06 10:10:07,18.376137,13.442271,2.1273565,0.87,37926174720.0,none,1000.0,1309.9,680.15,-0.176,Technology,686.9,0.065556444
2025-12-31,India,Birlasoft Ltd,Technology,86681520,8593518,0.64%,0.64,,Both,BSOFT.NS,2026-09-06 10:10:39,14.126285,11.9079895,1.9611974,2.25,80706134016.0,hold,334.57144,474.0,270.2,0.369,Technology,288.6,-1.5856756
2025-12-31,India,Cartrade Tech Ltd,Technology,154193435,15286580,1.02%,1.02,,Both,CARTRADE.NS,2026-09-06 10:10:49,64.55914,37.829674,5.7850924,,145633132544.0,none,3276.0,3290.5,1600.0,0.017,Consumer Cyclical,3002.0,0.32751983
2025-12-31,India,Coforge Ltd,Technology,2269107415,224956999,3.63%,3.63,,Both,COFORGE.NS,2026-09-06 10:11:11,40.484303,27.611197,6.947384,0.81,873907159040.0,buy,1932.3235,2021.2,1008.1,0.314,Technology,1972.8,0.050715085
2025-12-31,India,Cyient Ltd,Technology,116876122,11586980,0.84%,0.84,,Both,CYIENT.NS,2026-09-06 10:11:32,32.32893,15.493004,2.1403186,2.88,115312099328.0,buy,1006.5238,1284.7,750.3,0.657,Industrials,1100.8,-0.9448393
2025-12-31,India,Eternal Ltd,Technology,4503210433,446443698,1.5%,1.5,,Both,ETERNAL.NS,2026-09-06 10:12:09,717.2222,85.80901,9.540631,,2971040743424.0,buy,362.0625,368.45,212.6,0.234,Consumer Cyclical,322.75,-0.6311539
2025-12-31,India,Happiest Minds Technologies Ltd,Technology,8805031,872922,0.11%,0.11,,Both,HAPPSTMNDS.NS,2026-09-06 10:12:52,23.885136,16.311798,2.9975662,2.06,53117595648.0,buy,448.2857,583.4,330.2,0.063,Technology,353.5,-0.12714005
2025-12-31,India,HCL Technologies Ltd,Technology,2085717769,206775936,0.42%,0.42,,Both,HCLTECH.NS,2026-09-06 10:12:57,20.121346,16.14704,4.7257805,4.64,3499638652928.0,hold,1262.5641,1780.1,1030.0,0.001,Technology,1293.4,-1.9408624
2025-12-31,India,Hexaware Technologies Ltd,Technology,330054718,32721289,0.63%,0.63,,Both,HEXAWARE.NS,2026-09-06 10:13:03,,,,,,,,,,,,,
2025-12-31,India,IndiaMart InterMesh Ltd,Technology,76015780,7536127,0.51%,0.51,,Both,INDIAMART.NS,2026-09-06 10:13:24,21.108397,16.602911,4.679622,1.74,1038844887040.0,none,2093.7222,2630.0,1722.3,0.254,Consumer Cyclical,1727.3,-0.12720157
2025-12-31,India,Info Edge India Ltd,Technology,1892834788,187653714,1.95%,1.95,,Both,NAUKRI.NS,2026-09-06 10:14:45,53.4765,57.07108,2.2548506,1.09,854884089856.0,none,1468.8636,1433.6,908.3,0.298,Communication Services,1319.8,-0.76691365
2025-12-31,India,Infosys Ltd,Technology,6310145101,625581362,0.84%,0.84,,Both,INFY.NS,2026-09-06 10:13:24,14.771242,14.125724,4.983419,4.42,4576838156288.0,buy,1203.8572,1728.0,982.4,0.108,Technology,1130.0,-0.026545944
2025-12-31,India,Intellect Design Arena Ltd,Technology,69260265,6866392,0.46%,0.46,,Both,INTELLECT.NS,2026-09-06 10:13:24,27.674978,16.226414,3.0109277,0.58,96565321728.0,strong_buy,958.0,1244.6,595.2,0.632,Technology,688.0,1.4300475
2025-12-31,India,Just Dial Ltd,Technology,19187269,1902206,0.28%,0.28,,Both,JUSTDIAL.NS,2026-09-06 10:13:40,11.698176,9.781527,1.1541401,,58938978304.0,buy,939.1667,878.6,480.5,0.092,Communication Services,693.0,-0.62378657
2025-12-31,India,Kaynes Technology India Ltd,Technology,262575349,26031453,0.87%,0.87,,Both,KAYNES.NS,2026-09-06 10:13:40,69.93197,40.027576,5.18941,,241866506240.0,hold,3715.261,7705.0,2995.0,-0.16,Technology,3598.0,3.2424676
2025-12-31,India,KPIT Technologies Ltd,Technology,207300022,20551513,0.57%,0.57,,Both,KPITTECH.NS,2026-09-06 10:13:51,27.029121,18.278751,4.424088,1.3,156653158400.0,hold,655.9048,1328.0,543.0,-0.007,Technology,575.45,-1.3796037
2025-12-31,India,LTIMindtree Ltd,Technology,1040969019,103200609,0.52%,0.52,,Both,LTIM.NS,,,,,,,,,,,,,,
2025-12-31,India,Mastek Ltd,Technology,27797985,2755864,0.39%,0.39,,Both,MASTEK.NS,2026-09-06 10:14:18,13.197609,11.448477,1.7713126,1.34,54772764672.0,buy,1975.4,2580.0,1334.2,0.209,Technology,1766.5,-1.4559844
2025-12-31,India,Mphasis Ltd,Technology,794319711,78748048,1.33%,1.33,,Both,MPHASIS.NS,2026-09-06 10:14:34,24.212736,19.09347,4.0770497,2.56,462158921728.0,buy,2616.0,3037.2,2013.0,0.489,Technology,2422.0,-1.9830028
2025-12-31,India,Netweb Technologies India Ltd,Technology,25792904,2557082,0.13%,0.13,,Both,NETWEB.NS,2026-09-06 10:14:50,113.566734,62.62844,40.751266,0.06,308524253184.0,none,5362.0,5813.0,2822.3,1.737,Technology,5190.0,-1.5180266
2025-12-31,India,Newgen Software Technologies Ltd,Technology,46680677,4627875,0.35%,0.35,,Both,NEWGEN.NS,2026-09-06 10:14:50,23.716215,18.006157,4.1815248,1.16,74421682176.0,none,615.0,1041.95,401.05,0.53,Technology,526.5,1.7096446
2025-12-31,India,Oracle Financial Services Software Ltd,Technology,240811624,23873819,0.32%,0.32,,Both,OFSS.NS,2026-09-06 10:15:07,30.864136,26.597551,15.1562,5.52,1050048331776.0,none,13050.0,12540.0,6234.5,0.506,Technology,12058.0,-0.74903286
2025-12-31,India,Persistent Systems Ltd,Technology,759715260,75317397,0.68%,0.68,,Both,PERSISTENT.NS,2026-09-06 10:15:23,46.29584,31.905197,10.486099,0.64,881611767808.0,hold,5524.9414,6599.0,4244.5,0.079,Technology,5643.0,-0.247481
2025-12-31,India,Rategain Travel Technologies Ltd,Technology,38768818,3843501,0.42%,0.42,,Both,RATEGAIN.NS,2026-09-06 10:15:50,41.703377,23.206015,5.016279,,100932395008.0,none,1097.1,1050.0,437.0,0.81,Technology,852.0,-2.0408163
2025-12-31,India,Redington Ltd,Technology,197413363,19571360,0.83%,0.83,,Both,REDINGTON.NS,2026-09-06 10:15:55,17.063417,12.240661,2.856813,1.62,290272837632.0,strong_buy,396.33334,378.8,191.31,0.896,Technology,371.3,-0.30877283
2025-12-31,India,Route Mobile Ltd,Technology,7774848,770790,0.16%,0.16,,Both,ROUTE.NS,2026-09-06 10:16:06,12.729579,8.311731,1.141604,1.6,31614945280.0,none,680.0,890.4,410.7,0.372,Communication Services,501.8,-0.3673198
2025-12-31,India,Sonata Software Ltd,Technology,75640669,7498939,0.67%,0.67,,Both,SONATSOFTW.NS,2026-09-06 10:16:39,17.054426,13.610978,4.1440196,2.78,78927937536.0,none,325.14285,421.5,207.15,0.376,Technology,285.15,0.4049274
2025-12-31,India,Syrma SGS Technology Ltd,Technology,83192393,8247609,0.52%,0.52,,Both,SYRMA.NS,2026-09-06 10:16:55,75.3354,47.18103,9.757858,0.1,281232474112.0,buy,1515.3334,1543.0,634.5,0.21,Technology,1460.0,0.49559134
2025-12-31,India,Tanla Platforms Ltd,Technology,42796344,4242786,0.55%,0.55,,Both,TANLA.NS,2026-09-06 10:16:55,12.974116,11.649161,2.778681,2.3,68838039552.0,none,581.5,766.0,365.9,0.731,Technology,521.3,1.2626263
2025-12-31,India,Tata Consultancy Services Ltd,Technology,2641749748,261900381,0.2%,0.2,,Both,TCS.NS,2026-09-06 10:17:00,16.750273,14.17854,7.603609,2.82,,buy,2470.1707,3350.0,1976.8,0.166,Technology,2304.0,-0.69393975
2025-12-31,India,Tata Elxsi Ltd,Technology,168321368,16687209,0.46%,0.46,,Both,TATAELXSI.NS,2026-09-06 10:17:00,33.89863,24.748867,7.287952,2.11,221661839360.0,none,3642.7334,5950.0,3353.9,0.308,Technology,3558.0,-0.61452514
2025-12-31,India,Tata Technologies Ltd,Technology,124470879,12339916,0.43%,0.43,,Both,TATATECH.NS,2026-09-06 10:17:00,58.28488,34.019375,8.298841,1.04,325653561344.0,none,724.3333,891.0,507.4,0.853,Technology,802.0,-0.38504234
2025-12-31,India,Tech Mahindra Ltd,Technology,2046184109,202856610,1.17%,1.17,,Both,TECHM.NS,2026-09-06 10:17:00,27.62325,18.33267,4.775305,3.19,1414690766848.0,buy,1624.641,1854.0,1304.1,0.158,Technology,1596.9,-0.06883451
2025-12-31,India,Wipro Ltd,Technology,1703081988,168841814,0.55%,0.55,,Both,WIPRO.NS,,,,,,,,,,,,,,
2025-12-31,India,Zensar Technologies Ltd,Technology,96862357,9602835,0.54%,0.54,,Both,ZENSARTECH.NS,,,,,,,,,,,,,,
2025-12-31,India,Astra Microwave Products Ltd,Telecommunications,38857515,3852294,0.37%,0.37,,Both,ASTRAMICRO.NS,2026-09-06 10:10:01,87.24347,53.328415,12.528986,0.14,164672618496.0,buy,1736.0,1960.0,851.0,0.492,Technology,1734.4,4.1619153
2025-12-31,India,Bharti Airtel Ltd,Telecommunications,14436833488,1431252976,0.9%,1.06,,Both,BHARTIARTL.NS,2026-09-06 10:10:28,38.46154,22.381876,7.0911326,1.3,11479130570752.0,strong_buy,2320.6365,2174.5,1740.5,-0.004,Communication Services,1840.0,-1.5516319
2025-12-31,India,Bharti Hexacom Ltd,Telecommunications,196002977,19431536,0.19%,0.19,,Both,BHARTIHEXA.NS,2026-09-06 10:10:28,41.10715,23.565294,10.467258,1.2,750000013312.0,none,1852.8572,1955.6,1430.0,0.073,Communication Services,1500.0,-0.37194315
2025-12-31,India,GTPL Hathway Ltd,Telecommunications,30392325,3013064,2.42%,2.42,,Both,GTPL.NS,2026-09-06 10:12:52,87.98508,5.004245,0.57638717,3.41,6629696512.0,none,,118.95,50.85,0.293,Communication Services,58.95,1.7607465
2025-12-31,India,HFCL Ltd,Telecommunications,49515791,4908945,0.43%,0.43,,Both,HFCL.NS,2026-09-06 10:13:03,60.270836,44.507694,6.980967,0.04,354164244480.0,none,150.0,256.7,59.82,0.962,Technology,231.44,4.999548
2025-12-31,India,Indus Towers Ltd,Telecommunications,1041406560,103243986,0.84%,0.84,,Both,INDUSTOWER.NS,2026-09-06 10:13:24,13.888684,12.331279,2.4012082,3.72,993697857536.0,hold,436.45834,481.5,334.9,0.046,Communication Services,376.8,0.4933926
2025-12-31,India,Railtel Corp of India Ltd,Telecommunications,35859150,3555040,0.27%,0.27,,Both,RAILTEL.NS,2026-09-06 10:15:45,25.208527,18.316498,3.8598533,1.2,87295246336.0,none,245.0,412.9,245.0,0.713,Communication Services,272.0,0.40605617
2025-12-31,India,Sterlite Technologies Ltd,Telecommunications,7595096,752970,0.13%,0.13,,Both,STLTECH.NS,2026-09-06 10:16:44,161.40088,26.698753,16.118202,,384868122624.0,strong_buy,1025.0,757.7,84.6,1.573,Technology,748.9,4.998251
2025-12-31,India,Tata Communications Ltd,Telecommunications,836381133,82917974,1.43%,1.43,,Both,TATACOMM.NS,2026-09-06 10:16:55,52.774933,22.35872,14.482137,1.0,499355975680.0,buy,2108.5454,2110.0,1322.5,0.809,Communication Services,1751.6,3.2539465
2025-12-31,India,Tata Teleservices Maharashtra Ltd,Telecommunications,291566,28906,0%,0.0,,Both,TTML.NS,2026-09-06 10:17:22,198.42107,,-0.36880878,,73700777984.0,none,,60.62,31.22,0.434,Communication Services,37.7,-0.8155685
2025-12-31,India,Tejas Networks Ltd,Telecommunications,108505780,10757153,1.21%,1.21,,Both,TEJASNET.NS,2026-09-06 10:17:00,,,3.7114527,0.42,108756738048.0,none,,644.75,294.0,-0.076,Technology,612.0,7.85091
2025-12-31,India,Vodafone Idea Ltd,Telecommunications,216332812,21447015,0.17%,0.17,,Both,IDEA.NS,2026-09-06 10:13:13,4.3037252,-9.862957,-4.5515156,,1627312357376.0,hold,11.85955,15.37,7.16,0.446,Communication Services,15.02,3.7292883
2025-12-31,India,Adani Total Gas Ltd,Utilities,32444840,3216548,0.05%,0.05,,Both,ATGL.NS,2026-09-06 10:10:01,106.59722,,13.881039,0.04,675283337216.0,none,,859.85,462.8,0.596,Utilities,614.0,-0.008140672
2025-12-31,India,Gujarat Gas Ltd,Utilities,97539535,9669970,0.31%,0.31,,Both,GUJGASLTD.NS,,,,,,,,,,,,,,
2025-12-31,India,Gujarat State Petronet Ltd,Utilities,527117621,52257904,2.72%,2.72,,Both,GSPL.NS,2026-09-06 10:12:52,14.852548,13.690283,1.3093646,,156286550016.0,none,309.33334,348.0,226.35,0.737,,277.0,3.2233999
2025-12-31,India,Indraprastha Gas Ltd,Utilities,170139544,16867461,0.56%,0.56,,Both,IGL.NS,2026-09-06 10:13:19,17.339539,11.555128,1.9249991,1.9,221634232320.0,buy,184.03333,223.5,141.74,0.522,Utilities,158.31,5.9496717
2025-12-31,India,ION Exchange India Ltd,Utilities,27412394,2717637,0.44%,0.44,,Both,IONEXCHANG.NS,2026-09-06 10:13:30,49.794434,,3.646313,0.31,,none,,486.0,312.7,0.405,Industrials,411.8,7.74463
2025-12-31,India,KPI Green Energy Ltd,Utilities,189389881,18775920,1.7%,1.7,,Both,KPIGREEN.NS,2026-09-06 10:13:51,13.317453,,2.0006895,0.28,60784132096.0,none,,542.25,301.2,0.639,Utilities,307.5,1.4014839
2025-12-31,India,Mahanagar Gas Ltd,Utilities,73672093,7303776,0.58%,0.58,,Both,MGL.NS,2026-09-06 10:14:29,15.197569,11.770004,1.6904871,3.28,108655550464.0,buy,1308.8334,1378.0,900.0,0.74,Utilities,1100.0,3.1507854
2025-12-31,India,NTPC Green Energy Ltd,Utilities,111737029,11077495,0.12%,0.12,,Both,NTPCGREEN.NS,2026-09-06 10:15:01,143.87096,31.792307,4.029635,,751628582912.0,none,103.71429,119.95,84.0,,Utilities,89.2,0.52968955
2025-12-31,India,Power Grid Corp of India Ltd,Utilities,1442652095,143023060,0.52%,0.52,,Both,POWERGRID.NS,2026-09-06 10:15:34,13.000978,13.702526,2.4618003,4.61,2473960669184.0,buy,321.42307,324.95,250.0,0.156,Utilities,266.0,0.1506001
2025-12-31,India,ReNew Energy Global PLC,Utilities,587440671,58238268,4.19%,2.83,,Both,RNW,2026-09-06 10:16:01,22.16129,9.686787,1.8132555,,2504535040.0,buy,7.741703,8.24,4.385,1.136,Utilities,6.87,0.585651
2025-12-31,India,SJVN Ltd,Utilities,62767098,6222666,0.19%,0.19,,Both,SJVN.NS,2026-09-06 10:16:28,37.215908,13.632542,1.8090425,2.3,257401569280.0,none,69.5,95.58,63.02,0.466,Utilities,65.5,0.80024105
2025-12-31,India,Torrent Power Ltd,Utilities,301757430,29915924,0.41%,0.41,,Both,TORNTPOWER.NS,2026-09-06 10:17:11,28.230703,21.343649,3.439431,1.54,656082403328.0,buy,1520.3636,1824.1,1188.0,0.626,Utilities,1302.0,0.98502684
2025-12-31,India,VA Tech Wabag Ltd,Utilities,66332689,6576155,0.73%,0.73,,Both,WABAG.NS,,,,,,,,,,,,,,
2025-12-31,Singapore,Keppel Infrastructure Trust,Basic Materials,280776027,27835848,1.2%,1.2,,Both,A7RU.SI,2026-09-06 10:09:24,52.0,36.186497,4.444444,7.62,3164900352.0,strong_buy,0.584,0.565,0.445,0.385,Basic Materials,0.52,0.9708729
2025-12-31,Singapore,Genting Singapore Ltd,Consumer Discretionary,341433432,33849362,0.5%,0.5,,Both,G13.SI,2026-09-06 10:12:31,20.666668,16.29435,0.92261904,6.45,7479458304.0,hold,0.69546,0.81,0.58,0.413,Consumer Cyclical,0.62,0.81300735
2025-12-31,Singapore,SATS Ltd,Consumer Discretionary,438701646,43492433,0.99%,0.99,,Both,S58.SI,2026-09-06 10:16:12,20.421053,15.474813,2.083781,1.8,5767514624.0,strong_buy,5.10556,4.96,3.17,0.534,Industrials,3.88,0.77922624
2025-12-31,Singapore,Singapore Airlines Ltd,Consumer Discretionary,1135381057,112560518,0.72%,0.72,,Both,C6L.SI,2026-09-06 10:10:44,22.533333,17.976334,1.234027,6.51,21318801408.0,hold,7.01231,7.92,6.21,0.493,Industrials,6.76,0.14815153
2025-12-31,Singapore,Sheng Siong Group Ltd,Consumer Staples,229982384,22800219,0.74%,0.74,,Both,OV8.SI,2026-09-06 10:15:18,32.7,27.86536,8.034398,2.31,,none,3.2,3.46,2.04,0.076,Consumer Defensive,3.27,0.615384
2025-12-31,Singapore,Thai Beverage PCL,Consumer Staples,449810055,44593709,0.5%,0.5,,Both,Y92.SI,,,,,,,,,,,,,,
2025-12-31,Singapore,DBS Group Holdings Ltd,Financials,16080882984,1594242304,1.28%,1.28,,Both,D05.SI,2026-09-06 10:11:32,20.11509,17.743095,3.2411604,4.04,223680643072.0,buy,76.7375,79.05,50.08,0.292,Financial Services,78.65,0.89801747
2025-12-31,Singapore,iFAST Corp Ltd,Financials,207002744,20522040,0.91%,0.91,,Both,AIY.SI,2026-09-06 10:09:40,23.421051,18.183304,6.108442,1.16,2712435456.0,strong_buy,12.0875,11.06,8.48,0.68,Technology,8.9,1.0215573
2025-12-31,Singapore,Oversea-Chinese Banking Corp Ltd,Financials,6345440612,629080497,0.91%,0.91,,Both,O39.SI,2026-09-06 10:15:07,18.545977,16.706272,2.350328,2.91,144922066944.0,buy,31.27188,32.57,16.19,0.21,Financial Services,32.27,1.0964924
2025-12-31,Singapore,RHT Health Trust,Financials,1824595,180888,1.53%,1.53,,Ownership,RHT.SI,,,,,,,,,,,,,,
2025-12-31,Singapore,Singapore Exchange Ltd,Financials,1196890792,118658530,0.84%,0.84,,Market Value,S68.SI,2026-09-06 10:16:12,38.923077,30.349558,11.442786,1.76,27092338688.0,hold,24.15375,25.69,16.23,0.262,Financial Services,25.3,1.199997
2025-12-31,Singapore,United Overseas Bank Ltd,Financials,7898739404,783072952,1.74%,1.74,,Both,U11.SI,2026-09-06 10:17:22,14.586804,11.719022,1.400987,4.19,69353553920.0,hold,42.984,45.15,33.25,0.378,Financial Services,42.01,0.64685345
2025-12-31,Singapore,Raffles Medical Group Ltd,Health Care,89179496,8841164,0.61%,0.61,,Both,BSL.SI,2026-09-06 10:10:39,21.375002,23.418243,1.5079366,3.51,1569294464.0,none,1.05,1.08,0.85,0.205,Healthcare,0.855,-0.5813948
2025-12-31,Singapore,Riverstone Holdings Ltd,Health Care,66131279,6556187,0.65%,0.65,,Both,AP4.SI,2026-09-06 10:09:51,15.8,15.137,2.5901556,6.0,1170912768.0,none,1.02,0.985,0.665,0.758,Healthcare,0.79,1.2820578
2025-12-31,Singapore,UltraGreen.ai Ltd,Health Care,65493917,6493000,0.39%,0.39,,Both,UGN.SI,,,,,,,,,,,,,,
2025-12-31,Singapore,ComfortDelGro Corp Ltd,Industrials,423261153,41961678,1.68%,1.68,,Both,C52.SI,2026-09-06 10:10:44,12.9,13.8041725,1.0661156,6.06,2794112256.0,buy,1.56375,1.56,1.26,0.213,Industrials,1.29,0.0
2025-12-31,Singapore,Hutchison Port Holdings Trust,Industrials,213197376,21136170,1.1%,1.1,,Both,NS8U.SI,2026-09-06 10:14:56,20.5,15.527978,0.5587705,7.13,1785775744.0,buy,0.2499777,0.23,0.17,0.318,Industrials,0.205,0.0
2025-12-31,Singapore,Seatrium Ltd,Industrials,616499478,61119128,1.07%,1.07,,Both,S51.SI,,,,,,,,,,,,,,
2025-12-31,Singapore,SIA Engineering Co Ltd,Industrials,117891903,11687683,0.37%,0.37,,Market Value,S59.SI,2026-09-06 10:16:12,20.866667,17.208204,1.9949013,3.51,3510988800.0,none,3.8525,3.81,3.06,0.317,Industrials,3.13,0.32052016
2025-12-31,Singapore,Singapore Post Ltd,Industrials,67656331,6707379,0.95%,0.95,,Ownership,S08.SI,2026-09-06 10:16:12,16.75,,0.64176244,0.35,,strong_buy,0.66,0.46,0.31,0.227,Industrials,0.335,-1.4705869
2025-12-31,Singapore,Singapore Technologies Engineering Ltd,Industrials,1717540251,170275185,0.83%,0.83,,Both,S63.SI,2026-09-06 10:16:12,58.222218,27.043066,12.954264,1.81,32690315264.0,buy,11.57133,11.63,7.87,0.155,Industrials,10.48,0.47937906
2025-12-31,Singapore,AIMS APAC REIT,Real Estate,154452753,15312288,1.61%,1.61,,Ownership,O5RU.SI,2026-09-06 10:15:07,11.153847,12.288136,1.1345854,6.83,1194356864.0,none,1.68667,1.67,1.34,0.374,Real Estate,1.45,0.69444376
2025-12-31,Singapore,CapitaLand Ascendas REIT,Real Estate,1449256478,143677806,1.42%,1.42,,Both,A17U.SI,2026-09-06 10:09:24,14.875001,15.029997,1.0601337,3.14,11888610304.0,strong_buy,3.07938,2.92,2.36,0.359,Real Estate,2.38,0.42195058
2025-12-31,Singapore,Capitaland India Trust,Real Estate,186302285,18469818,1.44%,1.44,,Ownership,CY6U.SI,2026-09-06 10:11:32,4.619048,11.315912,0.8907255,5.28,1442308480.0,none,1.3325,1.32,0.955,0.647,Real Estate,0.97,1.0416719
2025-12-31,Singapore,CapitaLand Integrated Commercial Trust,Real Estate,1943446218,192671272,1.36%,1.36,,Market Value,C38U.SI,2026-09-06 10:10:44,14.625,19.047619,1.0873606,4.54,18438785024.0,buy,2.69812,2.57,2.21,0.499,Real Estate,2.34,0.8620681
2025-12-31,Singapore,CapitaLand Investment Ltd/Singapore,Real Estate,845862853,83857979,0.8%,0.8,,Market Value,9CI.SI,2026-09-06 10:09:24,66.5,20.504124,1.0593389,4.51,13282793472.0,strong_buy,3.40867,3.18,2.45,0.594,Real Estate,2.66,0.757575
2025-12-31,Singapore,Digital Core REIT Management Pte Ltd,Real Estate,100055480,9919398,1.49%,1.49,,Ownership,DCRU.SI,2026-09-06 10:11:37,16.333334,11.750599,0.6019656,7.35,635052672.0,none,0.722,0.575,0.46,0.916,Real Estate,0.49,2.0833378
2025-12-31,Singapore,Mapletree Industrial Trust,Real Estate,592017601,58692020,1.27%,1.27,,Market Value,ME8U.SI,2026-09-06 10:14:24,27.571428,16.021915,1.184776,6.5,5510156288.0,hold,2.00067,2.23,1.89,0.357,Real Estate,1.93,0.52083284
2025-12-31,Singapore,Mapletree Logistics Trust,Real Estate,617413937,61209787,1.17%,1.17,,Market Value,M44U.SI,2026-09-06 10:14:13,23.0,18.714401,0.90981007,6.32,5909824512.0,buy,1.386,1.37,1.14,0.606,Real Estate,1.15,0.87719214
2025-12-31,Singapore,NTT DC REIT,Real Estate,202603884,20085942,1.91%,1.91,,Ownership,NTTU.SI,,,,,,,,,,,,,,
2025-12-31,Singapore,AEM Holdings Ltd,Technology,231586,22959,0.01%,0.01,,Both,AWX.SI,2026-09-06 10:10:12,62.142857,25.970148,5.175491,0.43,2780058880.0,strong_buy,14.3975,11.54,1.5,0.434,Technology,8.7,1.7543815
2025-12-31,Singapore,CSE Global Ltd,Technology,5858581,580814,0.1%,0.1,,Both,544.SI,2026-09-06 10:09:24,,13.964497,2.9280396,2.01,860506176.0,strong_buy,1.896,1.91,0.665,0.756,Technology,1.18,1.7241362
2025-12-31,Singapore,Sea Ltd,Technology,5813951380,576389198,0.68%,0.79,,Both,SE,2026-09-06 10:16:23,43.277992,21.81015,5.523852,,68653391872.0,strong_buy,155.28857,199.3,77.05,1.516,Consumer Cyclical,112.09,-0.893017
2025-12-31,Singapore,UMS Integration Ltd,Technology,186255306,18465161,2.36%,2.36,,Both,558.SI,2026-09-06 10:09:24,42.333332,26.756557,5.059761,1.89,2254257664.0,strong_buy,3.53833,3.15,1.032,0.665,Technology,2.54,0.79365003
2025-12-31,Singapore,Venture Corp Ltd,Technology,548448758,54372649,1.61%,1.61,,Both,V03.SI,2026-09-06 10:17:32,20.641973,18.208548,1.7339002,4.78,4805165056.0,none,19.601,18.75,13.55,0.607,Technology,16.72,0.48076877
2025-12-31,Singapore,NETLINK NBN TRUST,Telecommunications,378320506,37506308,1.28%,1.28,,Both,CJLU.SI,2026-09-06 10:11:06,48.750004,43.371887,1.6810346,5.56,3799546880.0,none,1.0525,1.03,0.93,,Communication Services,0.975,0.0
2025-12-31,Singapore,Singapore Telecommunications Ltd,Telecommunications,4463898751,442546360,0.76%,0.76,,Both,Z74.SI,,,,,,,,,,,,,,
2025-12-31,Singapore,StarHub Ltd,Telecommunications,85534062,8479760,0.57%,0.57,,Both,CC3.SI,2026-09-06 10:10:54,7.0625,21.564886,3.8831613,5.31,1950936704.0,hold,1.07667,1.22,0.99,0.288,Communication Services,1.13,0.89285624
2025-12-31,Singapore,Keppel Ltd,Utilities,1993120024,197595882,1.36%,1.36,,Both,BN4.SI,2026-09-06 10:10:33,26.227272,19.169754,2.0607142,2.95,20772247552.0,buy,12.75715,13.25,8.56,0.519,Industrials,11.54,0.52265173
2025-12-31,Singapore,Sembcorp Industries Ltd,Utilities,718301819,71211708,0.86%,0.86,,Both,U96.SI,2026-09-06 10:17:22,18.515152,9.770685,1.990228,3.6,10878332928.0,buy,6.52769,7.2,5.22,0.068,Utilities,6.11,-1.1326813
2025-12-31,United Kingdom,Anglo American PLC,Basic Materials,14790873709,1466352104,3%,3.0,,Both,AAL.L,2026-09-06 10:09:24,,23.90583,3.5090227,0.69,44638191616.0,buy,3935.8098,4321.0,2264.107,0.986,Basic Materials,4166.0,-0.21556886
2025-12-31,United Kingdom,Croda International PLC,Basic Materials,4696968738,465652680,9.2%,9.2,,Both,CRDA.L,2026-09-06 10:11:21,57.824562,18.545403,2.1136334,3.37,,buy,3673.077,3520.237,2456.0,0.929,Basic Materials,3296.0,-1.0804322
2025-12-31,United Kingdom,Endeavour Mining PLC,Basic Materials,2018386145,200100740,1.6%,1.6,,Both,EDV.L,2026-09-06 10:11:53,18.816732,9.006151,4.5814586,3.03,11383645184.0,buy,4649.4697,5410.0,2658.0,1.207,Basic Materials,4723.0,-0.19019441
2025-12-31,United Kingdom,Fresnillo PLC,Basic Materials,2237858247,221858980,0.67%,0.67,,Market Value,FRES.L,2026-09-06 10:12:25,13.737991,14.250509,6.1544814,3.55,,hold,3310.677,4472.0,2000.0,0.727,Basic Materials,3146.0,-0.50600886
2025-12-31,United Kingdom,Hill & Smith PLC,Basic Materials,756424066,74991109,3.27%,3.27,,Ownership,HILS.L,2026-09-06 10:13:03,32.80899,19.010046,5.0561833,1.83,2276577024.0,none,3145.5,3220.0,1994.0,1.286,Industrials,2920.0,1.388889
2025-12-31,United Kingdom,Johnson Matthey PLC,Basic Materials,750358678,74389793,1.54%,1.54,,Ownership,JMAT.L,2026-09-06 10:13:40,,8.872922,1.4315158,4.48,2890819072.0,buy,2984.055,3245.3333,2218.0,0.93,Basic Materials,2292.0,1.5057573
2025-12-31,United Kingdom,Pan African Resources PLC,Basic Materials,454515675,45060220,1.37%,1.37,,Ownership,PAF.L,2026-09-06 10:15:18,15.2,7.881546,5.443111,1.6,2773364992.0,strong_buy,160.429,186.4,69.8,0.744,Basic Materials,136.8,0.36683786
2025-12-31,United Kingdom,Rio Tinto PLC,Basic Materials,22456840435,2226348210,1.7%,1.7,,Both,RIO.L,2026-09-06 10:15:55,13.994506,12.474676,2.5883071,4.56,124270116864.0,hold,7541.554,9117.0,4528.0,0.664,Basic Materials,7641.0,0.39416635
2025-12-31,United Kingdom,SolGold PLC,Basic Materials,310332039,30766001,2.75%,2.75,,Ownership,SOLG.L,,,,,,,,,,,,,,
2025-12-31,United Kingdom,Victrex PLC,Basic Materials,623567078,61819803,8.06%,8.06,,Ownership,VCT.L,2026-09-06 10:17:32,,17.79769,2.0852396,6.88,754513088.0,none,699.923,872.0,515.0,0.82,Basic Materials,866.0,2.728351
2025-12-31,United Kingdom,Zotefoams PLC,Basic Materials,71025102,7041356,2.64%,2.64,,Ownership,ZTF.L,,,,,,,,,,,,,,
2025-12-31,United Kingdom,B&M European Value Retail SA,Consumer Discretionary,627516056,62211300,2.73%,2.73,,Both,BME.L,2026-09-06 10:10:33,14.1875,9.683475,2.858942,4.23,2283706880.0,buy,218.947,269.3,140.0,1.111,Consumer Defensive,227.0,1.8850973
2025-12-31,United Kingdom,Barratt Redrow PLC,Consumer Discretionary,1311032301,129974402,1.78%,1.78,,Market Value,BTRW.L,2026-09-06 10:10:44,20.286665,12.6507015,0.5553933,5.62,4220542208.0,buy,332.263,410.286,235.4,1.369,Consumer Cyclical,304.3,-0.62051743
2025-12-31,United Kingdom,Bellway PLC,Consumer Discretionary,845099378,83782289,1.93%,1.93,,Market Value,BWY.L,2026-09-06 10:10:44,15.90909,12.774112,0.6964019,3.43,2355114240.0,buy,2369.706,2890.0,1715.0,1.371,Consumer Cyclical,2100.0,0.28653297
2025-12-31,United Kingdom,Berkeley Group Holdings PLC,Consumer Discretionary,995589015,98701677,1.97%,1.97,,Both,BKG.L,2026-09-06 10:10:28,10.441089,12.281624,0.88359374,,3150123520.0,hold,3739.053,4442.0,2796.0,1.185,Consumer Cyclical,3456.0,0.46511626
2025-12-31,United Kingdom,Burberry Group PLC,Consumer Discretionary,1860219989,184420309,2.99%,2.99,,Both,BRBY.L,2026-09-06 10:10:39,183.91667,19.490955,4.2054114,,3952854272.0,buy,1287.905,1376.5,976.0,0.689,Consumer Cyclical,1103.5,0.59252506
2025-12-31,United Kingdom,Card Factory PLC,Consumer Discretionary,86029076,8528835,2.7%,2.7,,Ownership,CARD.L,2026-09-06 10:10:49,8.166666,5.2635345,0.7170732,6.8,245787232.0,buy,110.856995,115.7,58.3,1.286,Consumer Cyclical,73.5,-1.2096795
2025-12-31,United Kingdom,Carnival PLC,Consumer Discretionary,4067519511,403249727,1.01%,1.01,,Market Value,CCL.L,,,,,,,,,,,,,,
2025-12-31,United Kingdom,Compass Group PLC,Consumer Discretionary,10521061084,1043047243,1.93%,1.93,,Market Value,CPG.L,2026-09-06 10:11:16,25.848738,18.78657,6.5754595,2.23,52301635584.0,buy,38.35294,35.676414,26.0,0.649,Consumer Cyclical,30.76,-0.3240453
2025-12-31,United Kingdom,Entain PLC,Consumer Discretionary,983602015,97513299,1.48%,1.48,,Market Value,ENT.L,2026-09-06 10:12:04,,8.129881,4.2190247,3.9,3377640448.0,strong_buy,943.1,915.6,500.4,0.758,Consumer Cyclical,527.8,0.38037276
2025-12-31,United Kingdom,Games Workshop Group PLC,Consumer Discretionary,1552362542,153899636,1.83%,1.83,,Market Value,GAW.L,2026-09-06 10:12:36,29.66238,28.24435,18.182714,2.14,6096837632.0,none,22075.0,23540.0,14070.0,0.905,Consumer Cyclical,18450.0,1.0405257
2025-12-31,United Kingdom,Howden Joinery Group PLC,Consumer Discretionary,498067681,49377921,0.82%,0.82,,Market Value,HWDN.L,2026-09-06 10:13:13,15.816326,13.7535715,3.6834598,2.84,4229393920.0,none,1008.0,981.0,713.0,1.29,Consumer Cyclical,775.0,0.2587322
2025-12-31,United Kingdom,Inchcape PLC,Consumer Discretionary,718531393,71234468,1.91%,1.91,,Market Value,INCH.L,2026-09-06 10:13:19,13.484127,8.444166,2.715793,3.96,2931795456.0,none,1031.333,895.0,640.5,0.975,Consumer Cyclical,849.5,0.6516588
2025-12-31,United Kingdom,Informa PLC,Consumer Discretionary,6978157170,691807370,4.52%,4.52,,Both,INF.L,2026-09-06 10:13:24,53.600002,13.789763,2.0195036,2.47,11383644160.0,buy,1075.667,1000.0,719.0,0.684,Communication Services,911.2,-0.17528217
2025-12-31,United Kingdom,InterContinental Hotels Group PLC,Consumer Discretionary,1784837134,176946929,0.83%,0.83,,Market Value,IHG.L,2026-09-06 10:13:19,34.000004,24.571726,-8.049161,1.19,23461752832.0,buy,163.66667,175.7,115.99828,1.025,Consumer Cyclical,159.8,0.5031465
2025-12-31,United Kingdom,International Consolidated Airlines Group SA,Consumer Discretionary,3103055956,307633796,1.21%,1.21,,Market Value,IAG.L,2026-09-06 10:13:13,7.84,6.3574204,2.5854504,1.98,18879080448.0,buy,547.8052,492.9,332.7,1.32,Industrials,431.2,1.0546051
2025-12-31,United Kingdom,JD Sports Fashion PLC,Consumer Discretionary,1470476830,145781570,2.59%,2.59,,Both,JD.L,2026-09-06 10:13:35,9.153333,6.8615694,1.3639073,1.46,3927427584.0,buy,103.206,106.181,63.98,1.588,Consumer Cyclical,82.38,-0.3146202
2025-12-31,United Kingdom,Kingfisher PLC,Consumer Discretionary,2635716596,261302250,3.63%,3.63,,Both,KGF.L,2026-09-06 10:13:46,21.957142,10.944566,0.84706527,4.03,4979285504.0,hold,312.77798,372.3,240.3,1.131,Consumer Cyclical,307.4,3.2930064
2025-12-31,United Kingdom,ME GROUP INTERNATIONAL PLC,Consumer Discretionary,189501611,18786996,2.45%,2.45,,Ownership,MEGP.L,2026-09-06 10:14:24,8.293333,8.051781,2.3605313,6.74,466055488.0,none,209.99998,200.0,1.366,0.527,Industrials,124.4,-1.4263039
2025-12-31,United Kingdom,Mobico Group PLC,Consumer Discretionary,39924429,3958067,2.08%,2.08,,Ownership,MCG.L,2026-09-06 10:14:24,,2.4095905,-0.1726557,,146948000.0,none,39.0,33.38,17.06,1.307,Industrials,24.12,3.3419054
2025-12-31,United Kingdom,Next PLC,Consumer Discretionary,3997886174,396346349,1.76%,1.76,,Market Value,NXT.L,2026-09-06 10:15:01,20.583895,17.473413,10.785624,1.76,17505216512.0,buy,16223.75,16175.0,11200.0,1.041,Consumer Cyclical,15335.0,0.8549819
2025-12-31,United Kingdom,Persimmon PLC,Consumer Discretionary,2062548887,204478989,3.49%,3.49,,Both,PSN.L,2026-09-06 10:15:39,12.180851,11.256059,1.0167836,5.24,3676914944.0,none,1333.632,1552.0,947.4,1.404,Consumer Cyclical,1145.0,-0.13083297
2025-12-31,United Kingdom,Pets at Home Group Plc,Consumer Discretionary,239050497,23699222,1.97%,1.97,,Ownership,PETS.L,2026-09-06 10:15:23,15.414286,11.8519335,0.9809091,3.43,939798336.0,buy,222.25002,240.8,167.2,1.112,Consumer Cyclical,215.8,2.274883
2025-12-31,United Kingdom,Playtech Plc,Consumer Discretionary,255728244,25352637,2.15%,2.15,,Ownership,PTEC.L,2026-09-06 10:15:39,,14.182943,0.9841289,,1142511104.0,buy,479.55176,447.0,210.0,0.658,Consumer Cyclical,411.2,0.833748
2025-12-31,United Kingdom,RM PLC,Consumer Discretionary,44716285,4433127,2.95%,2.95,,Ownership,RM.L,2026-09-06 10:16:01,26.3125,13.658189,3.2186544,,102583744.0,none,184.0,117.0,88.0,1.668,Technology,105.25,1.2019231
2025-12-31,United Kingdom,Shoe Zone PLC,Consumer Discretionary,11926732,1182404,2.82%,2.82,,Ownership,SHOE.L,2026-09-06 10:16:28,,81.66667,1.1153263,,33826192.0,none,,83.0,35.0,0.713,Consumer Cyclical,73.5,0.0
2025-12-31,United Kingdom,SSP Group Plc,Consumer Discretionary,462525041,45854260,2.09%,2.09,,Ownership,SSPG.L,2026-09-06 10:16:44,,12.46745,245.375,2.24,1483690624.0,buy,233.933,219.4,137.3,0.913,Consumer Cyclical,196.3,0.15306279
2025-12-31,United Kingdom,Taylor Wimpey PLC,Consumer Discretionary,1012534311,100381617,1.96%,1.96,,Market Value,TW.L,2026-09-06 10:17:22,11.82,14.867925,0.7065756,5.02,2840444160.0,hold,88.3,116.931,74.1,1.3,Consumer Cyclical,82.74,0.3882549
2025-12-31,United Kingdom,Trainline PLC,Consumer Discretionary,270111618,26778590,2.26%,2.26,,Ownership,TRN.L,2026-09-06 10:17:16,10.099999,7.216999,3.5405903,,652978624.0,strong_buy,351.846,307.6,178.0,0.395,Consumer Cyclical,191.9,-0.77559465
2025-12-31,United Kingdom,Vertu Motors PLC,Consumer Discretionary,76854489,7619275,2.89%,2.89,,Ownership,VTU.L,2026-09-06 10:17:43,21.65,13.531249,0.7543554,2.37,263696000.0,strong_buy,95.0,92.9,55.0,0.806,Consumer Cyclical,86.6,-2.2573364
2025-12-31,United Kingdom,Watches of Switzerland Group PLC,Consumer Discretionary,385881265,38255874,2.57%,2.57,,Ownership,WOSG.L,,,,,,,,,,,,,,
2025-12-31,United Kingdom,WH Smith PLC,Consumer Discretionary,217159757,21528996,1.98%,1.98,,Ownership,SMWH.L,2026-09-06 10:16:33,,10.021115,3.8439999,3.18,578522304.0,none,469.91702,712.0,378.6,0.929,Consumer Cyclical,384.4,0.36553365
2025-12-31,United Kingdom,Whitbread PLC,Consumer Discretionary,1493049993,148019450,2.55%,2.55,,Both,WTB.L,,,,,,,,,,,,,,
2025-12-31,United Kingdom,Coca-Cola Europacific Partners PLC,Consumer Staples,3623499224,359230010,0.88%,0.88,,Market Value,CCEP.L,2026-09-06 10:10:54,20.602095,18.380896,4.9018903,2.3,34718048256.0,none,7884.809,8545.0,6280.0,0.475,Consumer Defensive,7870.0,-2.2967103
2025-12-31,United Kingdom,Cranswick PLC,Consumer Staples,657208000,65154929,1.8%,1.8,,Ownership,CWK.L,2026-09-06 10:11:27,18.034481,15.449969,2.5695193,2.15,2798531584.0,none,6269.5,5810.0,4775.0,0.552,Consumer Defensive,5230.0,0.19157088
2025-12-31,United Kingdom,Diageo PLC,Consumer Staples,9738969196,965511453,2.01%,2.01,,Both,DGE.L,2026-09-06 10:11:37,28.568966,12.734195,4.582434,2.67,36845105152.0,buy,1995.2645,2036.166,1295.5,0.322,Consumer Defensive,1657.0,-0.57005703
2025-12-31,United Kingdom,Greggs PLC,Consumer Staples,290578665,28807672,1.25%,1.25,,Ownership,GRG.L,2026-09-06 10:12:47,14.457364,14.31587,3.0061252,3.7,1901460992.0,hold,1790.2001,2046.0,1407.202,1.159,Consumer Cyclical,1865.0,0.53908354
2025-12-31,United Kingdom,Marks & Spencer Group PLC,Consumer Staples,2520953104,249924714,2.74%,2.74,,Ownership,MKS.L,2026-09-06 10:14:29,32.325,11.001134,2.606855,1.08,8025466368.0,buy,442.99997,418.325,301.1,0.985,Consumer Cyclical,387.9,0.36222354
2025-12-31,United Kingdom,MP Evans Group PLC,Consumer Staples,181480035,17991745,2.09%,2.09,,Ownership,MPE.L,2026-09-06 10:14:34,11.719745,13.123165,2.1719313,3.26,955553408.0,none,1745.6482,1918.0,1160.0,0.328,Consumer Defensive,1840.0,1.3215859
2025-12-31,United Kingdom,Ocado Group PLC,Consumer Staples,362038446,35892122,1.36%,1.36,,Ownership,OCDO.L,2026-09-06 10:15:07,,-6.525541,1.1461864,,1808298112.0,hold,238.25,317.6,140.3,2.413,Consumer Defensive,216.4,0.0
2025-12-31,United Kingdom,Reckitt Benckiser Group PLC,Consumer Staples,11228849411,1113216655,2.05%,2.05,,Both,RKT.L,2026-09-06 10:16:01,11.544019,14.181604,5.7280464,4.23,32453697536.0,buy,6239.0527,6522.9165,3664.0,0.252,Consumer Defensive,5114.0,0.6692913
2025-12-31,United Kingdom,Tate & Lyle PLC,Consumer Staples,340977136,33804125,1.51%,1.51,,Ownership,TATE.L,2026-09-06 10:17:00,25.363636,13.019132,1.5452783,3.55,2469510400.0,hold,554.4,580.0,319.4,0.346,Consumer Defensive,558.0,0.26954177
2025-12-31,United Kingdom,Tesco PLC,Consumer Staples,7635516208,756977273,1.99%,1.99,,Both,TSCO.L,2026-09-06 10:17:16,17.607405,14.16905,2.6323366,3.1,29611356160.0,buy,512.333,510.4,411.7,0.567,Consumer Defensive,475.4,1.5161235
2025-12-31,United Kingdom,Unilever PLC,Consumer Staples,29168605559,2891745745,2.03%,2.03,,Both,ULVR.L,2026-09-06 10:17:27,21.748857,16.082584,7.3896194,3.46,102559989760.0,hold,5274.8374,5542.11,3644.0,0.453,Consumer Defensive,4763.0,0.6338474
2025-12-31,United Kingdom,BP PLC,Energy,27333054611,2709771100,2.98%,2.98,,Both,BP.L,2026-09-06 10:10:39,20.757694,9.968356,1.9377582,4.65,83396747264.0,buy,603.98083,609.4,399.35,-0.22,Energy,539.7,0.0
2025-12-31,United Kingdom,Hunting PLC,Energy,114348628,11336406,1.44%,1.44,,Both,HTG.L,2026-09-06 10:13:08,20.025,11.420283,0.9483901,2.57,582005376.0,buy,532.28516,553.0,300.0,0.656,Energy,400.5,0.125
2025-12-31,United Kingdom,Petrofac Ltd,Energy,1,0,0%,0.0,,Both,PFC.L,,,,,,,,,,,,,,
2025-12-31,United Kingdom,Shell PLC,Energy,51592298997,5114807795,2.43%,2.43,,Both,SHEL.L,2026-09-06 10:16:23,10.29042,9.7484255,1.4446161,3.38,196649435136.0,buy,3774.1511,3758.5,2553.772,-0.22,Energy,3437.0,0.16027977
2025-12-31,United Kingdom,3i Group PLC,Financials,8692938112,861809000,1.98%,1.98,,Market Value,III.L,2026-09-06 10:13:19,5.1410017,4.547409,0.9131954,3.05,28226404352.0,buy,3394.091,4497.0,1825.0,1.129,Financial Services,2771.0,-1.9462136
2025-12-31,United Kingdom,Admiral Group PLC,Financials,2728422479,270493016,2.07%,2.07,,Market Value,ADM.L,2026-09-06 10:09:35,17.504587,13.983194,7.687349,3.76,11406100480.0,buy,3886.0,4128.0,2624.0,0.197,Financial Services,3816.0,-0.52137643
2025-12-31,United Kingdom,Aviva PLC,Financials,4086878838,405168991,1.44%,1.44,,Market Value,AV.L,2026-09-06 10:10:07,42.92941,10.511155,2.232487,5.51,21828657152.0,buy,719.607,740.6,590.6,0.628,Financial Services,729.8,0.717639
2025-12-31,United Kingdom,Barclays PLC,Financials,15129383509,1499911619,1.69%,1.69,,Market Value,BARC.L,2026-09-06 10:10:17,10.346875,7.7222686,1.0193965,2.32,66655760384.0,buy,573.0,538.3,353.55,0.873,Financial Services,496.65,0.6586948
2025-12-31,United Kingdom,Beazley PLC,Financials,1362617578,135088514,2.01%,2.01,,Market Value,BEZ.L,2026-09-06 10:10:23,16.067902,12.914664,2.1393545,1.92,7751484928.0,hold,1284.1038,1301.5,750.0,0.311,Financial Services,1301.5,0.0768935
2025-12-31,United Kingdom,Funding Circle Holdings PLC,Financials,150547071,14925083,2.9%,2.9,,Ownership,FCH.L,2026-09-06 10:12:15,16.535715,16.11668,2.9303796,,655540608.0,none,259.167,252.025,113.2,0.755,Financial Services,231.5,1.091703
2025-12-31,United Kingdom,Georgia Capital PLC,Financials,379329379,37606327,2.58%,2.58,,Ownership,CGEO.L,2026-09-06 10:11:00,3.2476122,16.934868,0.34907597,,1342492800.0,none,4945.0,4700.0,2285.0,0.666,Financial Services,4420.0,0.5688282
2025-12-31,United Kingdom,Hiscox Ltd,Financials,2075639245,205776753,3.3%,3.3,,Both,HSX.L,2026-09-06 10:13:08,13.414287,12.422567,2.050908,2.09,5971562496.0,buy,1924.6156,1904.0,1279.0,0.396,Financial Services,1878.0,-0.26553375
2025-12-31,United Kingdom,HSBC Holdings PLC,Financials,66869089166,6629333159,2.44%,2.44,,Both,HSBA.L,2026-09-06 10:13:08,15.19423,11.165397,2.1242542,3.52,270675050496.0,hold,1485.9402,1610.0,959.286,0.571,Financial Services,1580.2,1.061651
2025-12-31,United Kingdom,IG Group Holdings PLC,Financials,1107150886,109761807,1.82%,1.82,,Market Value,IGG.L,2026-09-06 10:13:19,12.714287,9.742962,2.3708045,3.19,4400619008.0,buy,1745.5,1956.0,1016.0,0.498,Financial Services,1335.0,-1.91036
2025-12-31,United Kingdom,JTC PLC,Financials,1398181248,138614260,4.67%,4.67,,Both,JTC.L,2026-09-06 10:13:40,1339.0001,2013.0798,445.2943,0.0099,2307134208.0,none,1230.0,1385.161,0.0,0.911,Financial Services,1339.0,
2025-12-31,United Kingdom,Legal & General Group PLC,Financials,2085944314,206798387,1.03%,1.03,,Market Value,LGEN.L,2026-09-06 10:14:02,26.881819,11.640359,7.660622,7.41,16097087488.0,underperform,274.20102,318.1,217.2,0.793,Financial Services,295.7,1.1285973
2025-12-31,United Kingdom,LendInvest PLC,Financials,15321024,1518911,2.17%,2.17,,Ownership,LINV.L,2026-09-06 10:14:02,14.25,4.812563,0.55772996,,40555888.0,none,80.0,40.8,23.5,0.358,Financial Services,28.5,0.0
2025-12-31,United Kingdom,Lion Finance Group PLC,Financials,1250301227,123953586,2.28%,2.28,,Both,LIOF.L,,,,,,,,,,,,,,
2025-12-31,United Kingdom,Lloyds Banking Group PLC,Financials,25320649791,2510263342,3.23%,3.23,,Both,LLOY.L,2026-09-06 10:14:02,14.075,9.256062,1.5770308,3.56,65175625728.0,buy,121.263,117.9,79.52,0.906,Financial Services,112.6,0.13339399
2025-12-31,United Kingdom,London Stock Exchange Group PLC,Financials,14630867686,1450489270,2.36%,2.36,,Both,LSEG.L,2026-09-06 10:14:07,31.76259,16.311346,2.3466568,1.79,42708140032.0,strong_buy,11804.0,10140.0,6684.0,0.399,Financial Services,8830.0,-0.76421666
2025-12-31,United Kingdom,M&G PLC,Financials,3368722395,333971695,3.6%,3.6,,Both,MNG.L,2026-09-06 10:14:34,,11.264143,2.7137432,5.76,8613539840.0,hold,322.426,367.1,248.6,0.949,Financial Services,357.4,1.7653706
2025-12-31,United Kingdom,Man Group PLC/Jersey,Financials,809366634,80239781,2.26%,2.26,,Ownership,EMG.L,2026-09-06 10:11:59,14.647619,8.987051,2.9070137,4.11,3410326528.0,buy,349.27466,327.2,154.248,0.632,Financial Services,307.6,0.26076218
2025-12-31,United Kingdom,NatWest Group PLC,Financials,21190048000,2100759702,2.99%,2.99,,Both,NWG.L,2026-09-06 10:15:01,9.330667,8.258202,1.4375513,5.0,55559954432.0,buy,791.5,726.0,504.0,0.809,Financial Services,699.8,0.3441301
2025-12-31,United Kingdom,OSB Group PLC,Financials,1331229998,131976781,4.33%,4.33,,Both,OSB.L,2026-09-06 10:15:12,6.8799996,6.169813,0.87531805,6.96,1740275328.0,buy,660.167,647.5,479.0,1.048,Financial Services,516.0,-0.2898551
2025-12-31,United Kingdom,Pensionbee Group PLC,Financials,175327885,17381827,3.35%,3.35,,Ownership,PBEE.L,2026-09-06 10:15:18,34.5,133.46228,7.0769234,,329642016.0,strong_buy,205.714,170.5,119.0,0.447,Financial Services,138.0,-1.4285715
2025-12-31,United Kingdom,Phoenix Group Holdings PLC,Financials,1968330406,195138265,1.96%,1.96,,Market Value,PHNX.L,,,,,,,,,,,,,,
2025-12-31,United Kingdom,Prudential PLC,Financials,14935594731,1480699597,3.77%,3.77,,Both,PRU.L,2026-09-06 10:15:39,9.738096,9.976096,1.7508333,2.0,25343639552.0,strong_buy,1418.606,1238.0,910.2,0.894,Financial Services,1022.5,-1.5406836
2025-12-31,United Kingdom,Quilter PLC,Financials,769189973,76256708,2.21%,2.21,,Ownership,QLT.L,2026-09-06 10:15:45,23.35,13.040139,1.8349706,3.43,2523158016.0,none,214.938,209.0,150.8,0.823,Financial Services,186.8,0.26838434
2025-12-31,United Kingdom,Secure Trust Bank PLC,Financials,72335854,7171303,2.24%,2.24,,Ownership,STB.L,2026-09-06 10:16:44,6.6283183,4.558734,0.76428574,2.41,277578976.0,none,2203.667,1660.0,832.0,0.961,Financial Services,1498.0,0.5369128
2025-12-31,United Kingdom,St James's Place PLC,Financials,4097761970,406247934,4.14%,4.14,,Both,STJ.L,2026-09-06 10:16:44,10.841122,10.866612,3.7601297,1.55,5803105280.0,none,1686.7861,1575.5,1038.75,1.011,Financial Services,1160.0,-0.04308488
2025-12-31,United Kingdom,Standard Chartered PLC,Financials,10276598609,1018811483,1.84%,1.84,,Market Value,STAN.L,2026-09-06 10:16:44,14.384616,10.819705,1.4906797,2.29,48976089088.0,none,2279.9612,2278.0,1351.5,0.595,Financial Services,2244.0,0.62780267
2025-12-31,United Kingdom,TBC Bank Group PLC,Financials,808893992,80192924,2.63%,2.63,,Ownership,TBCG.L,2026-09-06 10:17:00,6.854839,1.9136962,0.4743171,3.85,2805334272.0,none,5788.031,5200.0,3615.0,0.652,Financial Services,5100.0,-0.19569471
2025-12-31,United Kingdom,Vanquis Banking Group PLC,Financials,187273370,18566090,4.5%,4.5,,Ownership,VANQ.L,2026-09-06 10:17:32,27.6,5.624618,0.41775987,,207274736.0,none,137.5,132.0,75.0,1.172,Financial Services,82.8,0.0
2025-12-31,United Kingdom,AstraZeneca PLC,Health Care,62287151189,6175084511,2.15%,2.15,,Both,AZN.L,2026-09-06 10:10:12,24.352942,14.2039,5.0160327,1.97,186200571904.0,buy,15757.642,15732.0,9892.0,0.205,Healthcare,12006.0,-1.1526428
2025-12-31,United Kingdom,Convatec Group PLC,Health Care,1214558462,120410085,1.88%,1.88,,Both,CTEC.L,2026-09-06 10:11:27,45.64,13.470726,4.223167,2.43,4432489472.0,strong_buy,299.8154,259.297,193.0,0.765,Healthcare,228.2,0.35180435
2025-12-31,United Kingdom,Genus PLC,Health Care,459931932,45597182,1.96%,1.96,,Ownership,GNS.L,2026-09-06 10:12:41,31.887323,21.690187,2.968791,1.45,1503651072.0,strong_buy,3062.333,3220.0,1943.0,0.902,Healthcare,2264.0,-2.749141
2025-12-31,United Kingdom,GSK PLC,Health Care,15602575288,1546823368,1.55%,1.55,,Both,GSK.L,2026-09-06 10:12:52,15.648306,9.679043,4.1927795,3.68,73963610112.0,hold,2168.8,2282.0,1445.0,0.29,Healthcare,1846.5,-1.0715243
2025-12-31,United Kingdom,Haleon PLC,Health Care,8168780811,809844581,1.8%,1.8,,Both,HLN.L,2026-09-06 10:13:03,19.599998,15.443879,1.9132321,2.04,31029637120.0,buy,421.118,416.1,274.4,0.245,Healthcare,352.8,-1.3422871
2025-12-31,United Kingdom,Hikma Pharmaceuticals PLC,Health Care,132543528,13140230,0.28%,0.28,,Ownership,HIK.L,2026-09-06 10:13:03,12.253847,8.652041,1.8475411,3.98,3297763072.0,strong_buy,1945.2867,1865.0,1187.0,0.662,Healthcare,1593.0,-0.74766356
2025-12-31,United Kingdom,NMC Health PLC,Health Care,10208,1012,2.28%,2.28,,Ownership,NMC.L,2026-09-06 10:14:56,,,,,,,,,,,,,
2025-12-31,United Kingdom,Oxford Nanopore Technologies PLC,Health Care,135121610,13395818,0.8%,0.8,,Ownership,ONT.L,2026-09-06 10:15:12,,-21.479902,3.7103446,,1577693312.0,buy,189.364,191.4,95.61,0.964,Healthcare,161.4,-6.8667107
2025-12-31,United Kingdom,PureTech Health PLC,Health Care,62227231,6169144,1.52%,1.52,,Ownership,PRTC.L,2026-09-06 10:15:39,,-4.6311893,1.2753117,,298138432.0,strong_buy,331.38235,143.6,104.712,0.778,Healthcare,121.6,-3.4920647
2025-12-31,United Kingdom,Smith & Nephew PLC,Health Care,2096678881,207862601,1.47%,1.47,,Both,SN.L,2026-09-06 10:16:33,19.703703,11.903743,2.376937,2.76,8905863168.0,hold,1269.7158,1441.5,1041.5,0.68,Healthcare,1064.0,1.1406845
2025-12-31,United Kingdom,Ashtead Group PLC,Industrials,6760505832,670229639,2.35%,2.35,,Both,AHT.L,,,,,,,,,,,,,,
2025-12-31,United Kingdom,Babcock International Group PLC,Industrials,1254910370,124410532,1.49%,1.49,,Market Value,BAB.L,2026-09-06 10:10:12,24.165854,13.660554,7.983884,0.76,4859716608.0,none,1408.5,1527.0,902.4,0.864,Industrials,990.8,-0.22155209
2025-12-31,United Kingdom,Balfour Beatty PLC,Industrials,1046434254,103742422,2.2%,2.2,,Both,BBY.L,2026-09-06 10:10:23,16.826923,14.883989,3.7780657,1.66,4119374848.0,none,996.5,973.0,604.5,0.592,Industrials,875.0,1.039261
2025-12-31,United Kingdom,Bodycote PLC,Industrials,334619931,33173878,2.04%,2.04,,Ownership,BOY.L,2026-09-06 10:10:39,27.897057,16.695122,2.6398554,2.46,1606615168.0,strong_buy,928.60004,958.0,585.0,1.377,Industrials,948.5,-0.4199475
2025-12-31,United Kingdom,Bunzl PLC,Industrials,1720313674,170550139,1.88%,1.88,,Market Value,BNZL.L,2026-09-06 10:10:33,17.60265,13.678539,3.015315,2.81,8535282688.0,hold,2723.3682,2898.0,1981.0,0.323,Consumer Defensive,2658.0,-0.5239521
2025-12-31,United Kingdom,Capita PLC,Industrials,134084040,13292955,2.03%,2.03,,Ownership,CPI.L,2026-09-06 10:11:16,,5.179059,25.8,,309033248.0,none,386.101,416.0,215.0,0.876,Industrials,258.0,-2.6415095
2025-12-31,United Kingdom,Coats Group PLC,Industrials,703308507,69725287,3.2%,3.2,,Ownership,COA.L,2026-09-06 10:11:11,20.2625,9.617127,2.8673878,3.07,1551366528.0,strong_buy,121.27113,98.1,73.15,1.258,Consumer Cyclical,81.05,3.7772145
2025-12-31,United Kingdom,DCC PLC,Industrials,727669054,72140366,1.36%,1.36,,Market Value,DCC.L,2026-09-06 10:11:32,21.996527,11.775269,2.3935468,3.42,5411619328.0,buy,6353.125,6740.0,4188.0,0.73,Energy,6335.0,0.0
2025-12-31,United Kingdom,Dialight PLC,Industrials,44159862,4377964,2.31%,2.31,,Ownership,DIA.L,2026-09-06 10:11:37,562.0,19.72899,6.5196824,,225911520.0,strong_buy,640.0,626.0,206.0,0.656,Industrials,562.0,-3.1034482
2025-12-31,United Kingdom,Diploma PLC,Industrials,2904228067,287922202,3.01%,3.01,,Both,DPLM.L,2026-09-06 10:11:48,50.496452,26.956732,9.08395,0.89,9547552768.0,buy,8223.125,7765.0,4970.0,0.915,Industrials,7120.0,-0.5586592
2025-12-31,United Kingdom,Experian PLC,Industrials,7679085731,761296711,1.83%,1.83,,Market Value,EXPN.L,2026-09-06 10:12:15,23.256197,16.589693,6.2049475,1.84,24883404800.0,strong_buy,3714.9966,3987.0,2203.0,0.847,Industrials,2814.0,-4.383282
2025-12-31,United Kingdom,FDM Group Holdings PLC,Industrials,58183694,5768272,2.92%,2.92,,Ownership,FDM.L,2026-09-06 10:12:15,52.300003,8.789916,2.2543104,6.69,114375456.0,none,188.75,165.8,94.5,1.107,Technology,104.6,-4.7358875
2025-12-31,United Kingdom,Halma PLC,Industrials,3641547293,361019277,2%,2.0,,Both,HLMA.L,2026-09-06 10:13:03,36.77551,25.251003,6.2787457,0.69,,buy,4372.188,4902.0,3242.0,0.967,Industrials,3604.0,0.33407572
2025-12-31,United Kingdom,Hays PLC,Industrials,247858695,24572458,2.03%,2.03,,Ownership,HAS.L,2026-09-06 10:12:57,,22.45095,2.7588935,0.63,1095847552.0,buy,65.3,78.45,28.68,0.885,Industrials,69.8,1.6011734
2025-12-31,United Kingdom,IMI PLC,Industrials,1299091024,128790556,1.56%,1.56,,Market Value,IMI.L,2026-09-06 10:13:19,22.382353,19.716047,7.753438,1.17,7195000832.0,buy,3181.562,3166.0,2224.0,1.044,Industrials,3044.0,0.4620462
2025-12-31,United Kingdom,Intertek Group PLC,Industrials,1482247940,146948546,1.53%,1.53,,Market Value,ITRK.L,2026-09-06 10:13:30,28.585365,20.249352,8.471881,2.82,,buy,5897.25,5860.0,3519.416,0.966,Industrials,5860.0,0.2566296
2025-12-31,United Kingdom,James Fisher & Sons PLC,Industrials,62580931,6204210,2.43%,2.43,,Ownership,FSJ.L,2026-09-06 10:12:25,,15.545316,1.1945946,,223142912.0,none,635.333,554.0,325.0,0.793,Industrials,442.0,2.078522
2025-12-31,United Kingdom,Melrose Industries PLC,Industrials,6021410484,596956481,6%,6.0,,Both,MRO.L,2026-09-06 10:14:34,38.75385,11.078614,2.2028859,1.49,6277838848.0,buy,671.533,685.0,409.9,0.852,Industrials,503.8,1.3070581
2025-12-31,United Kingdom,Mitie Group PLC,Industrials,630826593,62539504,2.11%,2.11,,Ownership,MTO.L,2026-09-06 10:14:40,34.966667,12.614239,5.1674876,2.14,2618123264.0,buy,202.688,214.0,134.8,0.894,Industrials,209.8,-0.4743833
2025-12-31,United Kingdom,Mondi PLC,Industrials,1074250180,106500065,1.96%,1.96,,Market Value,MNDI.L,2026-09-06 10:14:34,,15.677792,0.9743991,1.45,3760005888.0,hold,881.7774,1058.0,660.0,0.608,Basic Materials,853.0,0.8751212
2025-12-31,United Kingdom,Rentokil Initial PLC,Industrials,3612881118,358177342,2.36%,2.36,,Both,RTO.L,2026-09-06 10:16:06,38.71111,15.306156,2.1779466,2.7,8766579712.0,buy,473.63895,507.0,329.6,0.405,Industrials,348.4,-0.76901513
2025-12-31,United Kingdom,Rolls-Royce Holdings PLC,Industrials,27786181512,2754693637,2.12%,2.12,,Both,RR.L,2026-09-06 10:16:06,41.37222,30.245922,43.422745,0.81,122813669376.0,none,1718.05,1586.0,990.0,1.188,Industrials,1489.4,0.62154263
2025-12-31,United Kingdom,Rosebank Industries PLC,Industrials,1699984894,168534765,8.8%,8.8,,Both,ROSE.L,2026-09-06 10:16:01,,16.341446,1.1907798,0.91,3370516224.0,strong_buy,460.31863,395.0,3.28,-0.08,Financial Services,341.0,-3.6723163
2025-12-31,United Kingdom,Rotork PLC,Industrials,1140814522,113099186,3.12%,3.12,,Both,ROR.L,2026-09-06 10:16:01,32.28,25.763542,7.068613,1.72,3943451904.0,none,482.66702,489.2,286.4,1.053,Industrials,484.2,0.0
2025-12-31,United Kingdom,Smiths Group PLC,Industrials,2037199246,201965851,2%,2.0,,Market Value,SMIN.L,2026-09-06 10:16:33,34.68919,22.169445,5.0038986,1.84,7383950848.0,buy,2840.833,2754.177,2088.0,0.738,Industrials,2567.0,0.9834776
2025-12-31,United Kingdom,Speedy Hire PLC,Industrials,40069719,3972471,2.56%,2.56,,Ownership,SDY.L,2026-09-06 10:16:23,,3.9787676,0.6201439,5.8,79483144.0,none,40.55,30.45,17.0,0.699,Industrials,17.24,-2.1566463
2025-12-31,United Kingdom,Spirax Group PLC,Industrials,2837892663,281345778,4.17%,4.17,,Both,SPX.L,2026-09-06 10:16:39,25.873606,19.322546,4.1059523,2.46,5136193536.0,buy,8278.529,8050.0,5950.0,1.144,Industrials,6960.0,1.4577259
2025-12-31,United Kingdom,Volution Group PLC,Industrials,507142670,50277606,2.92%,2.92,,Ownership,FAN.L,2026-09-06 10:12:15,25.692308,16.597511,4.6037216,1.71,1322911616.0,strong_buy,767.5,730.0,547.0,1.161,Industrials,668.0,-0.5952381
2025-12-31,United Kingdom,Weir Group PLC/The,Industrials,1621810465,160784632,1.62%,1.62,,Market Value,WEIR.L,,,,,,,,,,,,,,
2025-12-31,United Kingdom,Wise PLC,Industrials,1997858854,198065685,1.61%,1.33,,Market Value,WISE.L,,,,,,,,,,,,,,
2025-12-31,United Kingdom,British Land Co PLC/The,Real Estate,1123400763,111372804,2.05%,2.05,,Ownership,BLND.L,2026-09-06 10:10:33,9.288889,12.838627,0.70453393,5.53,4284232704.0,buy,458.86697,451.6,331.556,1.177,Real Estate,418.0,0.82006603
2025-12-31,United Kingdom,Derwent London PLC,Real Estate,1473160747,146047651,5.56%,5.56,,Ownership,DLN.L,2026-09-06 10:11:43,45.65116,18.719305,0.62619627,4.18,2161774848.0,hold,2112.3079,2196.0,1469.33,1.186,Real Estate,1963.0,0.61506915
2025-12-31,United Kingdom,Grainger PLC,Real Estate,1655634506,164137913,9.03%,9.03,,Both,GRI.L,2026-09-06 10:12:47,9.333333,15.768725,0.6252326,5.0,1245903232.0,buy,225.50002,202.787,149.438,0.775,Real Estate,168.0,-0.17825493
2025-12-31,United Kingdom,Great Portland Estates PLC,Real Estate,1633727804,161966105,9.31%,9.31,,Ownership,GPE.L,2026-09-06 10:12:47,8.8210535,28.284534,0.63581187,2.45,1352229376.0,buy,390.786,377.0,270.0,0.91,Real Estate,335.2,1.5142337
2025-12-31,United Kingdom,Land Securities Group PLC,Real Estate,1278607773,126759868,2.03%,2.03,,Ownership,LAND.L,2026-09-06 10:13:57,14.413043,11.901342,0.7512748,13.39,4940382720.0,buy,718.562,726.0,525.0,1.147,Real Estate,663.0,0.60698026
2025-12-31,United Kingdom,LondonMetric Property PLC,Real Estate,4316332448,427916788,7.16%,7.16,,Both,LMP.L,2026-09-06 10:14:07,14.192308,12.306563,0.91381866,6.83,4319190528.0,buy,227.25,216.2,175.3,1.012,Real Estate,184.5,0.16286811
2025-12-31,United Kingdom,Rightmove PLC,Real Estate,1132709380,112295650,2.11%,2.11,,Ownership,RMV.L,2026-09-06 10:16:01,16.931034,14.298611,50.618553,2.14,3588709120.0,none,546.263,747.2,391.4,0.91,Communication Services,491.0,-2.3468552
2025-12-31,United Kingdom,Segro PLC,Real Estate,11002607877,1090787300,8.32%,8.32,,Both,SGRO.L,2026-09-06 10:16:23,23.17561,23.468683,1.0741578,3.32,12856126464.0,buy,992.2731,997.4,608.0,1.138,Real Estate,950.2,0.6354586
2025-12-31,United Kingdom,Shaftesbury Capital PLC,Real Estate,9042511590,896465358,25.19%,25.19,,Both,SHC.L,2026-09-06 10:16:23,6.9857144,27.37451,0.6528705,2.93,2685713664.0,buy,171.182,155.1,124.1,0.96,Real Estate,146.7,-0.20408373
2025-12-31,United Kingdom,UNITE Group PLC/The,Real Estate,3293376724,326502003,8.85%,8.85,,Both,UTG.L,2026-09-06 10:17:32,,11.660088,0.50766045,7.69,2519992064.0,buy,566.667,729.5,442.2,0.942,Real Estate,490.4,-0.76892316
2025-12-31,United Kingdom,Aptitude Software Group PLC,Technology,64221855,6366889,2.9%,2.9,,Ownership,APTD.L,2026-09-06 10:09:56,31.428572,12.801863,2.2564101,2.45,117745112.0,none,421.0,307.0,195.0,0.361,Technology,220.0,0.9174312
2025-12-31,United Kingdom,Auto Trader Group PLC,Technology,1515626972,150257709,2.25%,2.25,,Both,AUTO.L,2026-09-06 10:10:07,14.8529415,11.540483,10.202021,2.3,3925168384.0,hold,562.056,828.8,418.6,0.693,Communication Services,505.0,-1.4057033
2025-12-31,United Kingdom,Baltic Classifieds Group PLC,Technology,241384151,23930578,1.85%,1.85,,Ownership,BCG.L,2026-09-06 10:10:23,22.6,15.76311,3.7383459,1.65,1033522752.0,buy,2.8178,348.0,1.951,1.062,Communication Services,2.486,1.0569115
2025-12-31,United Kingdom,Bytes Technology Group PLC,Technology,240488319,23841766,2.06%,2.06,,Ownership,BYIT.L,2026-09-06 10:10:44,20.12381,17.62155,12.320701,2.41,973673344.0,buy,411.222,443.4,248.6,0.717,Technology,422.6,0.14218153
2025-12-31,United Kingdom,Computacenter PLC,Technology,447581209,44372744,1.06%,1.06,,Market Value,CCC.L,2026-09-06 10:10:54,38.551723,22.575552,6.5334272,1.33,5866628096.0,buy,5216.273,5685.0,2242.0,0.952,Technology,5590.0,4.096834
2025-12-31,United Kingdom,iomart Group PLC,Technology,6514466,645837,2.42%,2.42,,Ownership,IOM.L,2026-09-06 10:13:30,,-5.7080355,0.3008386,,16299878.0,none,30.000002,28.501,11.15,0.878,Technology,14.35,-1.7123288
2025-12-31,United Kingdom,Klarna Group PLC,Technology,518298889,51383622,0.05%,0.25,,Market Value,KLAR,2026-09-06 10:13:46,,18.049501,2.2382727,,5463696384.0,buy,20.065,47.48,12.06,,Financial Services,14.41,0.069446
2025-12-31,United Kingdom,MONY Group PLC,Technology,236264642,23423035,1.81%,1.81,,Ownership,MONY.L,2026-09-06 10:14:34,12.375,9.933774,4.90099,6.39,1013767680.0,buy,229.81801,220.2,139.7,0.983,Communication Services,198.0,-1.1976018
2025-12-31,United Kingdom,Noventiq Holdings plc,Technology,58850505,5834379,2.17%,2.17,,Ownership,NVTQ.L,,,,,,,,,,,,,,
2025-12-31,United Kingdom,RELX PLC,Technology,15564325476,1543031321,2.08%,2.08,,Both,REL.L,2026-09-06 10:15:55,20.960001,16.67547,37.00565,2.63,45621628928.0,none,3391.2441,3575.0,1991.0,0.265,Industrials,2620.0,-2.0560746
2025-12-31,United Kingdom,Sage Group PLC/The,Technology,1795499262,178003962,1.28%,1.28,,Both,SGE.L,2026-09-06 10:16:23,26.2875,18.256159,44.180668,2.14,9437643776.0,buy,1119.944,1181.0,771.66,0.327,Technology,1051.5,-1.7289721
2025-12-31,United Kingdom,Tribal Group PLC,Technology,50208603,4977630,2.57%,2.57,,Ownership,TRB.L,2026-09-06 10:17:16,15.75,14.536224,2.2580645,3.1,135059344.0,strong_buy,93.5,74.0,46.0,0.23,Technology,63.0,0.0
2025-12-31,United Kingdom,Airtel Africa PLC,Telecommunications,679231412,67338308,0.39%,0.39,,Both,AAF.L,2026-09-06 10:09:24,24.957142,13.729467,5.3290215,1.52,12681946112.0,hold,385.94336,436.2,214.201,0.465,Communication Services,349.4,0.11461143
2025-12-31,United Kingdom,BT Group PLC,Telecommunications,3199082534,317153773,1.29%,1.29,,Both,BT-A.L,2026-09-06 10:10:44,18.354546,10.742789,1.5835294,4.12,19894460416.0,hold,224.647,242.09,173.0,0.428,Communication Services,201.9,-0.68864197
2025-12-31,United Kingdom,Filtronic PLC,Telecommunications,37137649,3681789,0.71%,0.71,,Both,FTC.L,2026-09-06 10:12:25,110.00001,56.803513,11.827956,,719003392.0,none,335.0,480.0,114.0,1.023,Technology,220.0,3.7735848
2025-12-31,United Kingdom,Vodafone Group PLC,Telecommunications,4921650145,487927365,1.56%,1.56,,Both,VOD.L,2026-09-06 10:17:38,,11.586686,0.6607097,3.17,29026576384.0,none,114.76163,131.1,83.4,0.333,Communication Services,125.6,2.6982791
2025-12-31,United Kingdom,Zegona Communications plc,Telecommunications,45711818,4531823,0.03%,0.03,,Both,ZEG.L,,,,,,,,,,,,,,
2025-12-31,United Kingdom,Centrica PLC,Utilities,2089462946,207147221,1.97%,1.97,,Both,CNA.L,2026-09-06 10:11:11,9.986667,11.59712,1.9973334,3.79,6919934464.0,buy,206.077,220.3,146.789,0.32,Utilities,149.8,1.0114633
2025-12-31,United Kingdom,Drax Group PLC,Utilities,467267464,46324419,1.21%,1.21,,Ownership,DRX.L,2026-09-06 10:11:48,88.61111,14.381808,1.5470417,3.8,2685395200.0,buy,923.222,937.5,641.5,0.622,Utilities,797.5,3.1694696
2025-12-31,United Kingdom,Metlen Energy & Metals PLC,Utilities,1734383659,171945023,2.33%,2.33,,Ownership,METLEN.L,,,,,,,,,,,,,,
2025-12-31,United Kingdom,National Grid PLC,Utilities,12701572862,1259220952,1.65%,1.65,,Both,NG.L,2026-09-06 10:14:50,17.707693,11.782892,1.4565933,4.21,57858867200.0,hold,1354.667,1428.5,1025.0,0.589,Utilities,1151.0,0.4363002
2025-12-31,United Kingdom,Pennon Group PLC,Utilities,687439794,68152079,2.04%,2.04,,Ownership,PNN.L,2026-09-06 10:15:34,24.410526,13.89538,1.5537689,6.32,2189049600.0,buy,577.0,605.0,443.0,0.568,Utilities,463.8,0.5201547
2025-12-31,United Kingdom,Severn Trent PLC,Utilities,2043555171,202595971,1.79%,1.79,,Both,SVT.L,2026-09-06 10:16:50,24.243902,11.828921,4.877331,4.23,9006886912.0,hold,3247.0,3335.0,2381.0,0.553,Utilities,2982.0,-0.2008032
2025-12-31,United Kingdom,SSE PLC,Utilities,13989979109,1386952231,3.92%,3.92,,Both,SSE.L,2026-09-06 10:16:44,22.866669,11.455208,2.2866666,2.86,28963235840.0,buy,2740.875,2767.5,1626.5,0.579,Utilities,2401.0,1.0947368
2025-12-31,United Kingdom,Telecom Plus PLC,Utilities,315245833,31253150,2.14%,2.14,,Ownership,TEP.L,2026-09-06 10:17:06,8.61,9.035765,2.5763016,5.81,668838272.0,none,1237.5,1914.0,638.0,0.444,Utilities,861.0,2.1352313
2025-12-31,United Kingdom,United Utilities Group PLC,Utilities,2258136808,223869375,2.04%,2.04,,Both,UU.L,2026-09-06 10:17:32,15.837209,12.474356,4.143596,3.94,10117807104.0,buy,1510.214,1497.0,1099.0,0.587,Utilities,1362.0,0.07347538
2025-12-31,United Kingdom,Yu Group plc,Utilities,96771148,9593793,2.81%,2.81,,Ownership,YU.L,,,,,,,,,,,,,,
2025-12-31,United States,Air Products and Chemicals Inc,Basic Materials,10541725794,1045095921,1.9%,1.9,,Both,APD,2026-09-06 10:09:56,,20.87038,4.832149,2.4,67088470016.0,buy,343.6316,314.87,229.11,0.754,Basic Materials,301.27,-0.969697
2025-12-31,United States,Albemarle Corp,Basic Materials,1237902375,122724376,0.74%,0.74,,Market Value,ALB,2026-09-06 10:09:45,467.70367,11.177941,1.8532434,1.24,14901678080.0,buy,172.564,221.0,71.25,1.334,Basic Materials,126.28,-4.44916
2025-12-31,United States,Alcoa Corp,Basic Materials,636211199,63073328,0.46%,0.46,,Market Value,AA,2026-09-06 10:09:24,10.388774,8.616751,1.789372,0.8,13187555328.0,buy,62.975,84.38,30.71,1.631,Basic Materials,49.97,-2.11557
2025-12-31,United States,Avery Dennison Corp,Basic Materials,1801755170,178624166,1.27%,1.27,,Both,AVY,2026-09-06 10:10:12,19.153172,15.649583,5.720541,2.28,13267472384.0,buy,201.8,199.54,152.42,0.814,Consumer Cyclical,175.06,1.17321
2025-12-31,United States,Avient Corp,Basic Materials,358581168,35549371,1.24%,1.24,,Ownership,AVNT,2026-09-06 10:10:07,23.45946,12.417705,1.6334827,2.53,3980628736.0,none,50.85714,46.64,27.48,1.305,Basic Materials,43.4,1.14193
2025-12-31,United States,Balchem Corp,Basic Materials,647289825,64171652,1.29%,1.29,,Both,BCPC,2026-09-06 10:10:23,33.781498,27.359762,4.2106686,0.56,5470586880.0,none,209.25,183.9,139.17,0.811,Basic Materials,171.61,-0.0756987
2025-12-31,United States,Cabot Corp,Basic Materials,500928599,49661549,1.42%,1.42,,Ownership,CBT,2026-09-06 10:10:54,22.82353,11.661825,2.6211157,2.26,4206894592.0,buy,91.33333,94.53,58.33,0.827,Basic Materials,81.48,0.357188
2025-12-31,United States,Carpenter Technology Corp,Basic Materials,1969494714,195253693,1.24%,1.24,,Both,CRS,2026-09-06 10:11:21,45.269524,29.93194,10.585236,0.17,23556673536.0,none,625.875,625.99,228.0,1.261,Industrials,475.33,1.67921
2025-12-31,United States,CF Industries Holdings Inc,Basic Materials,939715651,93162449,0.77%,0.77,,Both,CF,2026-09-06 10:11:00,9.892434,12.864122,3.5168924,1.8,20180940800.0,hold,125.03789,141.96,75.42,0.399,Basic Materials,133.35,-3.23633
2025-12-31,United States,Cleveland-Cliffs Inc,Basic Materials,555877677,55109145,0.73%,0.73,,Market Value,CLF,2026-09-06 10:11:06,,22.117632,1.2726533,,7131750400.0,hold,11.9,16.7,7.73,2.11,Basic Materials,12.5,1.79153
2025-12-31,United States,Coeur Mining Inc,Basic Materials,1458791218,144623070,1.26%,1.26,,Both,CDE,2026-09-06 10:10:54,17.848738,10.309129,2.0986068,0.19,21833338880.0,none,23.31818,27.77,13.55,1.389,Basic Materials,21.24,-1.89376
2025-12-31,United States,Commercial Metals Co,Basic Materials,988340387,97983056,1.27%,1.27,,Both,CMC,2026-09-06 10:11:06,13.285444,9.522377,1.7166586,1.14,,none,81.54545,84.87,53.08,1.52,Industrials,70.28,2.22545
2025-12-31,United States,Eastman Chemical Co,Basic Materials,964253708,95595127,1.31%,1.31,,Both,EMN,2026-09-06 10:11:59,18.539064,10.269778,1.3351213,4.72,8138912768.0,none,81.6,83.47,56.11,1.087,Basic Materials,71.19,0.59348
2025-12-31,United States,Ecolab Inc,Basic Materials,8370060116,829799205,1.12%,1.12,,Both,ECL,2026-09-06 10:11:53,37.436996,29.65461,7.785894,1.05,78290173952.0,buy,324.9524,309.27,243.15,0.89,Basic Materials,279.28,0.111122
2025-12-31,United States,Fastenal Co,Basic Materials,6056422613,600427548,1.3%,1.3,,Both,FAST,2026-09-06 10:12:15,42.39316,35.40657,13.987591,1.93,56915877888.0,hold,48.53077,52.92,38.97,0.713,Industrials,49.6,0.751572
2025-12-31,United States,FMC Corp,Basic Materials,424846369,42118835,2.43%,2.43,,Ownership,FMC,2026-09-06 10:12:20,,7.8971725,0.992273,2.47,1624192128.0,hold,13.41333,38.68,9.95,0.418,Basic Materials,12.97,-0.077036
2025-12-31,United States,Hexcel Corp,Basic Materials,463613604,45962179,0.78%,0.78,,Ownership,HXL,2026-09-06 10:13:13,46.454548,29.523352,5.34923,0.78,6955845632.0,hold,109.92308,111.74,60.26,1.043,Industrials,91.98,-0.486852
2025-12-31,United States,International Flavors & Fragrances Inc,Basic Materials,1279767238,126874816,0.74%,0.74,,Market Value,IFF,2026-09-06 10:13:19,,21.828873,1.5773706,1.85,22032199680.0,buy,95.65556,89.32,59.14,0.953,Basic Materials,86.35,-0.127227
2025-12-31,United States,International Paper Co,Basic Materials,2403285596,238259278,1.15%,1.15,,Both,IP,2026-09-06 10:13:30,,12.455684,1.3641526,4.97,19721183232.0,buy,48.0,50.25,29.26,0.883,Consumer Cyclical,37.24,2.1954
2025-12-31,United States,Linde PLC,Basic Materials,28023272780,2778198623,1.4%,1.4,,Both,LIN,2026-09-06 10:14:02,30.771263,24.420975,5.633183,1.34,220150300672.0,buy,544.5417,548.2,387.78,0.727,Basic Materials,477.57,-0.958127
2025-12-31,United States,Mosaic Co/The,Basic Materials,898556544,89081977,1.17%,1.17,,Both,MOS,2026-09-06 10:14:34,,16.097996,0.716821,3.4,8217602560.0,buy,26.46842,36.99,19.8,0.831,Basic Materials,25.85,1.41232
2025-12-31,United States,MP Materials Corp,Basic Materials,813493004,80648865,0.9%,0.9,,Both,MP,2026-09-06 10:14:34,,61.622086,4.960429,,9711879168.0,strong_buy,75.375,100.251,37.81,1.951,Basic Materials,54.53,1.39457
2025-12-31,United States,Mueller Industries Inc,Basic Materials,1675219537,166079553,1.3%,1.3,,Both,MLI,2026-09-06 10:14:29,16.598959,14.552511,3.9738154,1.1,14098102272.0,none,80.0,71.12,47.445,1.107,Industrials,63.74,1.52107
2025-12-31,United States,Newmont Corp,Basic Materials,15056455910,1492681651,1.37%,1.37,,Both,NEM,2026-09-06 10:14:50,16.152584,12.701519,3.848858,0.81,134967443456.0,buy,132.86714,135.29,75.22,0.543,Basic Materials,128.09,-1.79406
2025-12-31,United States,Nucor Corp,Basic Materials,5765543848,571590125,1.53%,1.53,,Both,NUE,2026-09-06 10:15:01,20.835596,13.707592,2.679015,0.86,59230437376.0,buy,282.8125,280.11,131.32,1.881,Basic Materials,261.07,-0.533392
2025-12-31,United States,RBC Bearings Inc,Basic Materials,1746276070,173124025,1.22%,1.22,,Both,RBC,2026-09-06 10:15:50,48.322456,29.373514,4.454921,,15466807296.0,buy,634.5,667.69,364.5,1.395,Industrials,488.54,-0.456414
2025-12-31,United States,Reliance Inc,Basic Materials,1922447629,190589493,1.26%,1.26,,Both,RS,2026-09-06 10:16:06,23.258423,17.3063,2.762576,1.25,20447860736.0,hold,408.625,433.02,260.31,0.955,Basic Materials,400.51,0.570013
2025-12-31,United States,Royal Gold Inc,Basic Materials,1026405620,101756804,0.54%,0.54,,Market Value,RGLD,2026-09-06 10:15:55,28.994467,20.29741,2.9252043,0.72,22208016384.0,buy,302.66666,306.25,168.88,0.497,Basic Materials,262.11,-1.03456
2025-12-31,United States,Scotts Miracle-Gro Co/The,Basic Materials,287509435,28503392,0.84%,0.84,,Ownership,SMG,2026-09-06 10:16:33,22.961391,12.566934,-12.080033,4.44,3462359552.0,buy,77.16667,75.34,52.0,1.813,Basic Materials,59.47,0.303593
2025-12-31,United States,Sensient Technologies Corp,Basic Materials,502998740,49866781,1.25%,1.25,,Ownership,SXT,2026-09-06 10:16:50,36.345013,27.189594,4.5327415,1.22,5739169280.0,none,142.8,138.82,82.6,0.784,Basic Materials,134.84,-1.07117
2025-12-31,United States,Solstice Advanced Materials Inc,Basic Materials,1159816580,114983030,1.49%,1.49,,Both,SLST,,,,,,,,,,,,,,
2025-12-31,United States,Southern Copper Corp,Basic Materials,1385308735,137338092,0.12%,0.12,,Market Value,SCCO,2026-09-06 10:16:17,29.843843,27.315742,13.532135,2.21,167821737984.0,underperform,169.05853,220.78,96.16391,1.151,Basic Materials,198.76,-0.385909
2025-12-31,United States,Steel Dynamics Inc,Basic Materials,5330365011,528446939,2.14%,2.14,,Both,STLD,2026-09-06 10:16:44,21.985468,12.776776,3.6904452,0.88,34693996544.0,buy,271.2143,288.74,129.41,1.515,Basic Materials,242.06,-1.61362
2025-12-31,United States,Timken Co/The,Basic Materials,572724655,56779337,0.97%,0.97,,Both,TKR,2026-09-06 10:17:11,33.376694,16.928885,2.67553,1.17,8534599168.0,buy,147.74635,146.37,70.57,1.205,Industrials,123.16,1.70948
2025-12-31,United States,UFP Industries Inc,Basic Materials,675696418,66987852,1.26%,1.26,,Both,UFPI,2026-09-06 10:17:22,19.26484,15.258589,1.5323429,1.71,4654526464.0,buy,102.6,118.0,77.89,1.228,Basic Materials,84.38,1.41827
2025-12-31,United States,Uranium Energy Corp,Basic Materials,1190441312,118019135,2.09%,2.09,,Both,UEC,2026-09-06 10:17:22,,-128.22221,4.0055537,,5710827008.0,strong_buy,18.02778,20.34,8.91,1.236,Energy,11.54,0.260641
2025-12-31,United States,Abercrombie & Fitch Co,Consumer Discretionary,1051778227,104272218,1.81%,1.81,,Ownership,ANF,2026-09-06 10:09:51,12.9248705,11.749559,4.836177,,6650094080.0,buy,162.9,154.58,65.45,0.966,Consumer Cyclical,149.67,4.27059
2025-12-31,United States,Academy Sports & Outdoors Inc,Consumer Discretionary,452882444,44898303,1.35%,1.35,,Ownership,ASO,2026-09-06 10:10:01,7.9399295,6.4815283,1.3456298,1.34,2787105536.0,buy,59.26316,62.445,41.29,1.019,Consumer Cyclical,44.94,2.88461
2025-12-31,United States,Airbnb Inc,Consumer Discretionary,4632015014,459213234,0.08%,0.55,,Market Value,ABNB,2026-09-06 10:09:29,41.53881,29.63255,13.763522,,108943065088.0,buy,179.4625,193.453,110.81,1.161,Consumer Cyclical,181.94,-1.78677
2025-12-31,United States,Amazon.com Inc,Consumer Discretionary,307903841484,30525272160,1.24%,1.24,,Market Value,AMZN,2026-09-06 10:09:51,20.797264,24.855967,5.0533667,,2788369891328.0,strong_buy,328.1707,287.2,196.0,1.443,Consumer Cyclical,258.51,-0.150631
2025-12-31,United States,Aptiv PLC,Consumer Discretionary,6322593881,626815496,3.81%,3.81,,Both,APTV,2026-09-06 10:09:56,21.696833,7.363533,1.1414493,,9956018176.0,none,66.61111,88.93,44.52,1.33,Consumer Cyclical,47.95,3.0518
2025-12-31,United States,Aramark,Consumer Discretionary,1244282470,123356892,1.27%,1.27,,Ownership,ARMK,2026-09-06 10:09:56,39.706295,20.259035,4.4090695,0.85,14968629248.0,none,67.96875,62.65,35.07,1.19,Industrials,56.78,-0.872905
2025-12-31,United States,Asbury Automotive Group Inc,Consumer Discretionary,711928167,70579831,1.56%,1.56,,Ownership,ABG,2026-09-06 10:09:29,8.082589,7.1744356,0.9941156,,3900233216.0,none,254.2,258.95,172.01,0.71,Consumer Cyclical,217.26,0.858823
2025-12-31,United States,Autoliv Inc,Consumer Discretionary,1371855087,136004311,1.5%,1.5,,Ownership,ALV,2026-09-06 10:09:45,14.764152,10.606394,3.682461,2.78,9169299456.0,none,134.70589,132.17,99.16,1.37,Consumer Cyclical,125.2,0.119947
2025-12-31,United States,AutoZone Inc,Consumer Discretionary,9322479164,924221057,1.64%,1.64,,Both,AZO,2026-09-06 10:10:12,20.533348,17.04127,-17.537315,,,strong_buy,3941.8262,4388.11,2902.2,0.34,Consumer Cyclical,2983.29,0.513807
2025-12-31,United States,Booking Holdings Inc,Consumer Discretionary,26743542663,2651327487,1.54%,1.54,,Both,BKNG,2026-09-06 10:10:28,21.45283,15.616732,-13.587093,0.87,145234329600.0,buy,238.67567,225.54,150.14,1.068,Consumer Cyclical,193.29,-0.942967
2025-12-31,United States,BorgWarner Inc,Consumer Discretionary,1283248762,127219971,1.32%,1.32,,Ownership,BWA,2026-09-06 10:10:44,33.270935,11.36748,2.44719,1.01,13755625472.0,buy,80.125,78.82,40.5,1.103,Consumer Cyclical,67.54,2.75369
2025-12-31,United States,Brinker International Inc,Consumer Discretionary,843293648,83603270,1.31%,1.31,,Ownership,EAT,2026-09-06 10:11:48,21.179394,15.894824,21.896519,,9615139840.0,buy,266.66666,254.99,100.3,1.256,Consumer Cyclical,230.22,0.585458
2025-12-31,United States,Capri Holdings Ltd,Consumer Discretionary,506639695,50227742,1.73%,1.73,,Ownership,CPRI,2026-09-06 10:11:16,17.384617,5.3612523,11.160494,,1556635264.0,none,22.53125,28.27,12.57,1.381,Consumer Cyclical,13.56,2.41692
2025-12-31,United States,CarMax Inc,Consumer Discretionary,1395795331,138377723,2.53%,2.53,,Ownership,KMX,2026-09-06 10:13:51,39.31056,20.639435,1.4679005,,8981554176.0,hold,54.84615,65.28,30.26,1.171,Consumer Cyclical,63.29,1.03768
2025-12-31,United States,Carvana Co,Consumer Discretionary,4455136624,441677692,0.11%,0.48,,Market Value,CVNA,2026-09-06 10:11:27,39.465607,32.974075,13.314886,,82680307712.0,buy,82.975,97.378,54.464,3.497,Consumer Cyclical,74.59,1.57973
2025-12-31,United States,Chipotle Mexican Grill Inc,Consumer Discretionary,6558019411,650155342,1.33%,1.33,,Both,CMG,2026-09-06 10:11:06,34.22222,26.98421,21.302593,,46769848320.0,buy,43.76562,42.82,28.04,0.937,Consumer Cyclical,36.96,-1.62364
2025-12-31,United States,Copart Inc,Consumer Discretionary,4437513434,439930547,1.16%,1.16,,Market Value,CPRT,2026-09-06 10:11:16,20.9441,20.078003,3.558088,,31218364416.0,buy,41.0,49.16,26.81,1.029,Industrials,33.72,0.416913
2025-12-31,United States,Costco Wholesale Corp,Consumer Discretionary,49341552420,4891671079,1.28%,1.28,,Both,COST,2026-09-06 10:11:16,46.08656,40.46899,24.565159,0.64,406111289344.0,buy,1072.2,1096.5,844.06,0.855,Consumer Defensive,915.74,-1.04494
2025-12-31,United States,Coty Inc,Consumer Discretionary,422305937,41866979,1.55%,1.55,,Ownership,COTY,2026-09-06 10:11:16,,11.448891,0.8630339,,2579766784.0,hold,2.689,4.56,1.82,0.953,Consumer Defensive,2.93,0.0
2025-12-31,United States,Coupang Inc,Consumer Discretionary,5226996118,518199053,1.32%,1.2,,Market Value,CPNG,2026-09-06 10:11:16,,56.707336,9.172165,,27483953152.0,buy,23.65556,34.075,14.92,1.152,Consumer Cyclical,15.29,-1.41844
2025-12-31,United States,Crocs Inc,Consumer Discretionary,982593006,97413266,2.19%,2.19,,Ownership,CROX,2026-09-06 10:11:21,10.428571,7.8632584,4.0857263,,5634984960.0,buy,138.25,141.28,73.21,1.514,Consumer Cyclical,117.53,1.31023
2025-12-31,United States,Deckers Outdoor Corp,Consumer Discretionary,2245046455,222571611,1.47%,1.47,,Ownership,DECK,2026-09-06 10:11:37,12.206258,10.26061,5.0974216,,11685765120.0,buy,122.80952,122.29,78.91,1.15,Consumer Cyclical,85.81,1.55029
2025-12-31,United States,Domino's Pizza Inc,Consumer Discretionary,2848304969,282378044,2.01%,2.01,,Both,DPZ,2026-09-06 10:11:48,19.34657,16.344063,-2.8322315,2.33,11283518464.0,buy,380.64285,467.22,282.0,0.946,Consumer Cyclical,341.08,-1.71455
2025-12-31,United States,DR Horton Inc,Consumer Discretionary,4708869246,466832485,1.11%,1.11,,Market Value,DHI,2026-09-06 10:11:37,13.608198,12.131519,1.6824204,1.26,39927357440.0,hold,162.91667,184.55,131.75,1.371,Consumer Cyclical,142.75,-1.14951
2025-12-31,United States,DraftKings Inc,Consumer Discretionary,3300477195,327205936,0.21%,1.07,,Market Value,DKNG,2026-09-06 10:11:43,,14.621254,20.914635,,11919861760.0,buy,35.17361,46.79,20.46,1.628,Consumer Cyclical,24.01,-0.74411
2025-12-31,United States,Estee Lauder Cos Inc/The,Consumer Discretionary,4078800489,404368112,0.26%,1.07,,Market Value,EL,2026-09-06 10:11:59,207.72,26.538767,9.872623,1.35,37576396800.0,buy,107.03704,121.64,66.22,1.274,Consumer Defensive,103.86,2.97442
2025-12-31,United States,Expedia Group Inc,Consumer Discretionary,7963965064,789539357,1.62%,2.27,,Both,EXPE,2026-09-06 10:12:09,18.732874,12.22492,29.582136,0.64,35771379712.0,buy,339.80557,342.0,185.34,1.25,Consumer Cyclical,298.04,-1.68239
2025-12-31,United States,Flutter Entertainment PLC,Consumer Discretionary,7182054314,712021524,1.89%,1.89,,Both,FLUT,2026-09-06 10:12:20,,13.482484,1.9848131,,17372999680.0,buy,139.13126,296.31,89.71,1.07,Consumer Cyclical,100.11,-2.17901
2025-12-31,United States,Ford Motor Co,Consumer Discretionary,5365752858,531955254,0.62%,1.02,,Market Value,F,2026-09-06 10:12:15,,7.63303,1.6320606,4.16,58298650624.0,buy,15.85368,17.78,11.11,1.835,Consumer Cyclical,14.62,1.45732
2025-12-31,United States,Fox Corp,Consumer Discretionary,3060409507,303405871,1.04%,1.0,,Market Value,FOX,2026-09-06 10:12:25,15.213542,10.168842,2.108036,0.99,24561956864.0,none,,68.175,44.08,0.559,Communication Services,58.42,-3.39012
2025-12-31,United States,G-III Apparel Group Ltd,Consumer Discretionary,365143970,36200000,2.96%,2.96,,Ownership,GIII,2026-09-06 10:12:36,9.125,11.590545,0.6416098,1.47,1170366464.0,buy,37.33333,37.54,24.61,1.27,Consumer Cyclical,27.74,1.87294
2025-12-31,United States,Garmin Ltd,Consumer Discretionary,4409589919,437162238,1.12%,1.12,,Market Value,GRMN,2026-09-06 10:12:47,28.559793,25.173012,5.9189386,1.52,53425938432.0,hold,290.2857,314.28,186.67,0.866,Technology,277.03,-0.0541143
2025-12-31,United States,General Motors Co,Consumer Discretionary,7082844874,702186002,0.93%,0.93,,Market Value,GM,2026-09-06 10:12:41,39.178574,5.914205,1.2413715,0.82,79374663680.0,buy,101.57692,91.85,54.33,1.321,Consumer Cyclical,87.76,0.827207
2025-12-31,United States,Genuine Parts Co,Consumer Discretionary,2203507093,218453441,1.28%,1.28,,Ownership,GPC,2026-09-06 10:12:47,552.32,16.62655,4.205781,3.08,19035676672.0,none,140.375,151.57,90.78,0.656,Consumer Cyclical,138.08,1.11492
2025-12-31,United States,Grand Canyon Education Inc,Consumer Discretionary,624563060,61918543,1.33%,1.33,,Ownership,LOPE,2026-09-06 10:14:07,18.460701,13.498673,5.9066815,,3979348992.0,strong_buy,195.0,223.04,134.27,0.579,Consumer Defensive,152.67,0.14431
2025-12-31,United States,Group 1 Automotive Inc,Consumer Discretionary,733888545,72756960,1.46%,1.46,,Ownership,GPI,2026-09-06 10:12:47,12.438379,6.7990594,1.201867,0.73,3585728512.0,none,371.08334,488.39,249.54,0.823,Consumer Cyclical,300.76,5.77851
2025-12-31,United States,Hilton Worldwide Holdings Inc,Consumer Discretionary,6814799800,675612287,1.01%,1.01,,Market Value,HLT,2026-09-06 10:13:03,45.694565,29.763094,-11.142622,0.19,70035701760.0,buy,352.84616,358.0,253.54,1.056,Consumer Cyclical,311.18,-1.00843
2025-12-31,United States,Home Depot Inc/The,Consumer Discretionary,43866493063,4348879290,1.27%,1.27,,Both,HD,2026-09-06 10:12:57,22.466759,20.018404,19.282282,2.9,320308248576.0,buy,377.5,426.75,289.1,0.955,Consumer Cyclical,321.05,0.936894
2025-12-31,United States,Lear Corp,Consumer Discretionary,826423174,81930749,1.38%,1.38,,Ownership,LEA,2026-09-06 10:13:57,12.551724,7.904261,1.2876948,2.29,8966288384.0,none,150.5,150.33,96.04,1.272,Consumer Cyclical,134.68,2.76993
2025-12-31,United States,Lennar Corp,Consumer Discretionary,2786852596,276285718,0.83%,1.06,,Market Value,LEN,2026-09-06 10:13:57,13.100313,12.924356,0.9312431,2.39,20134014976.0,hold,86.23077,142.61,79.83,1.398,Consumer Cyclical,83.58,-1.03019
2025-12-31,United States,Liberty Media Corp-Liberty Formula One,Consumer Discretionary,3112564254,308576439,2.09%,1.29,,Both,FWONA,2026-09-06 10:12:31,109.11111,36.55147,2.7861667,,22157615104.0,none,111.0,99.52,73.7,0.652,Communication Services,88.38,-1.47157
2025-12-31,United States,Lithia Motors Inc,Consumer Discretionary,1236156985,122551340,1.52%,1.52,,Ownership,LAD,2026-09-06 10:13:57,12.804039,9.164726,1.3292211,0.72,8503288832.0,none,447.3125,439.49,239.78,1.23,Consumer Cyclical,386.81,2.06607
2025-12-31,United States,LKQ Corp,Consumer Discretionary,1037362112,102843020,1.33%,1.33,,Ownership,LKQ,2026-09-06 10:14:02,14.1888895,8.259198,1.003852,4.7,6461673472.0,none,32.5,37.13,21.17,0.843,Consumer Cyclical,25.54,1.14852
2025-12-31,United States,Lowe's Cos Inc,Consumer Discretionary,19326414757,1916001007,1.42%,1.42,,Both,LOW,2026-09-06 10:14:07,17.267736,15.6528015,-15.422041,2.45,114707488768.0,buy,253.75758,293.06,199.34,0.846,Consumer Cyclical,204.45,1.263
2025-12-31,United States,Macy's Inc,Consumer Discretionary,820635218,81356937,1.39%,1.39,,Ownership,M,2026-09-06 10:14:13,9.524793,9.739011,1.2534667,3.32,6063024640.0,hold,23.22727,26.59,16.41,1.431,Consumer Cyclical,23.05,2.58122
2025-12-31,United States,MakeMyTrip Ltd,Consumer Discretionary,1144111379,113426033,1.54%,1.45,,Ownership,MMYT,2026-09-06 10:14:29,241.82608,22.405014,-77.681564,,5231542784.0,none,75.4,103.24,32.67,0.997,Consumer Cyclical,55.62,-2.6431
2025-12-31,United States,Marriott International Inc/MD,Consumer Discretionary,6180611547,612739512,0.74%,0.74,,Market Value,MAR,2026-09-06 10:14:18,34.835403,25.591341,-19.469452,0.87,87750467584.0,buy,380.64,410.98,256.76,1.104,Consumer Cyclical,336.51,0.130926
2025-12-31,United States,Mattel Inc,Consumer Discretionary,828340547,82120835,1.33%,1.33,,Ownership,MAT,2026-09-06 10:14:18,10.843283,9.136182,2.0774949,,4151220992.0,buy,18.23077,22.48,12.73,0.726,Consumer Cyclical,14.53,1.60839
2025-12-31,United States,McDonald's Corp,Consumer Discretionary,27648738898,2741067717,1.26%,1.26,,Market Value,MCD,2026-09-06 10:14:18,20.787806,18.29178,-176.82573,2.91,180936867840.0,buy,315.3871,341.75,255.49,0.414,Consumer Cyclical,255.69,-1.51755
2025-12-31,United States,MercadoLibre Inc,Consumer Discretionary,10153674203,1006624884,0.99%,0.99,,Market Value,MELI,2026-09-06 10:14:24,53.759785,34.811234,12.802682,,100296523776.0,buy,2264.875,2548.5,1495.0,1.312,Consumer Cyclical,1978.36,-0.637605
2025-12-31,United States,Meritage Homes Corp,Consumer Discretionary,612236352,60696486,1.31%,1.31,,Ownership,MTH,2026-09-06 10:14:40,14.027083,11.03407,0.86757636,2.85,4388171776.0,buy,82.375,85.38,58.03,1.357,Consumer Cyclical,67.33,-0.207499
2025-12-31,United States,Netflix Inc,Consumer Discretionary,53588390052,5312698221,1.24%,1.24,,Market Value,NFLX,2026-09-06 10:14:50,24.606918,20.479414,10.806519,,325828280320.0,buy,93.66,126.7,65.08,1.526,Communication Services,78.25,-5.34656
2025-12-31,United States,News Corp,Consumer Discretionary,2073096835,205524701,0.7%,1.37,,Ownership,NWSA,2026-09-06 10:15:01,29.504854,20.10293,1.9370259,0.66,16310325248.0,strong_buy,36.1625,31.66,22.2,0.923,Communication Services,30.39,-1.79351
2025-12-31,United States,NIKE Inc,Consumer Discretionary,7770660410,770375331,0.82%,0.82,,Market Value,NKE,2026-09-06 10:14:56,18.285715,16.760288,3.8308063,4.27,56966352896.0,hold,50.45882,76.97,37.95,1.11,Consumer Cyclical,38.4,-0.954343
2025-12-31,United States,O'Reilly Automotive Inc,Consumer Discretionary,9901651384,981639599,1.28%,1.28,,Both,ORLY,2026-09-06 10:15:12,27.901587,24.071209,-39.07959,,71099564032.0,buy,107.8,108.72,82.59,0.515,Consumer Cyclical,87.89,0.58366
2025-12-31,United States,PulteGroup Inc,Consumer Discretionary,4104613057,406927143,1.78%,1.78,,Both,PHM,2026-09-06 10:15:28,12.71195,11.062448,1.7947016,0.84,23706025984.0,buy,142.26666,144.5,108.49,1.201,Consumer Cyclical,124.45,0.112621
2025-12-31,United States,ROBLOX Corp,Consumer Discretionary,3788670512,375604922,0.29%,0.66,,Market Value,RBLX,2026-09-06 10:15:50,,-34.695465,203.33334,,30939623424.0,buy,48.32441,142.0,33.88,1.474,Communication Services,43.31,4.33631
2025-12-31,United States,Ross Stores Inc,Consumer Discretionary,7302328366,723945371,1.24%,1.24,,Market Value,ROST,2026-09-06 10:16:01,27.928572,25.797411,10.936285,0.77,74000990208.0,buy,269.94443,257.0,143.39,0.861,Consumer Cyclical,230.69,-0.423014
2025-12-31,United States,Royal Caribbean Cruises Ltd,Consumer Discretionary,8607015818,853290752,1.12%,1.12,,Market Value,RCL,2026-09-06 10:15:50,16.369753,13.068143,6.928906,2.26,70925615104.0,buy,346.92307,360.09,232.1,1.75,Consumer Cyclical,265.19,-0.135562
2025-12-31,United States,Somnigroup International Inc,Consumer Discretionary,2739762541,271617258,1.45%,1.45,,Ownership,SGI,2026-09-06 10:16:23,27.616602,18.567337,4.6685824,0.97,14698236928.0,strong_buy,91.88889,98.56,60.39,1.189,Consumer Cyclical,69.87,0.503461
2025-12-31,United States,Spotify Technology SA,Consumer Discretionary,7196871679,713490503,0.24%,0.24,,Market Value,SPOT,2026-09-06 10:16:39,29.415943,30.072142,11.385317,,111515041792.0,buy,613.87726,745.0,405.0,1.586,Communication Services,542.43,-3.15652
2025-12-31,United States,Starbucks Corp,Consumer Discretionary,10751330814,1065875949,1.11%,1.11,,Market Value,SBUX,2026-09-06 10:16:17,60.387283,33.531693,-15.516115,2.37,119095803904.0,buy,112.22581,110.51,77.99,0.965,Consumer Cyclical,104.47,-1.27575
2025-12-31,United States,Take-Two Interactive Software Inc,Consumer Discretionary,7193460910,713152363,1.51%,1.51,,Both,TTWO,2026-09-06 10:17:22,,20.841627,11.337065,,40142831616.0,strong_buy,286.89,265.94,187.63,0.966,Communication Services,214.69,0.261522
2025-12-31,United States,Tapestry Inc,Consumer Discretionary,2913362597,288827790,1.1%,1.1,,Market Value,TPR,2026-09-06 10:17:11,16.80055,13.768614,35.3619,1.51,24353699840.0,buy,167.4,164.8,93.0,1.432,Consumer Cyclical,122.14,0.00204887
2025-12-31,United States,Target Corp,Consumer Discretionary,5806364502,575637043,1.3%,1.3,,Both,TGT,2026-09-06 10:17:06,17.05809,17.262085,4.186674,2.82,74704560128.0,hold,161.91176,170.75,83.44,0.986,Consumer Defensive,164.44,0.262184
2025-12-31,United States,TEGNA Inc,Consumer Discretionary,523174788,51867014,1.66%,1.66,,Ownership,TGNA,,,,,,,,,,,,,,
2025-12-31,United States,Tesla Inc,Consumer Discretionary,161449456895,16005934151,1.07%,1.07,,Market Value,TSLA,2026-09-06 10:17:16,321.8909,164.03375,16.098204,,1398455795712.0,buy,390.09283,498.83,297.38,1.845,Consumer Cyclical,354.08,-5.92111
2025-12-31,United States,TJX Cos Inc/The,Consumer Discretionary,22091638889,2190142501,1.28%,1.28,,Both,TJX,2026-09-06 10:17:06,24.459259,22.87686,14.030169,1.45,145284562944.0,buy,169.8,170.0,130.15,0.593,Consumer Cyclical,132.08,-0.083214
2025-12-31,United States,Tractor Supply Co,Consumer Discretionary,3341912094,331313750,1.25%,1.25,,Market Value,TSCO,2026-09-06 10:17:16,18.223959,17.056978,6.9631844,2.74,18231195648.0,none,35.62963,60.86,28.36,0.469,Consumer Cyclical,34.99,1.12718
2025-12-31,United States,Travel + Leisure Co,Consumer Discretionary,609449795,60420230,1.33%,1.33,,Ownership,TNL,2026-09-06 10:17:11,17.927027,7.402539,-3.9890547,3.62,4064840704.0,none,90.84615,81.0,58.07,1.173,Consumer Cyclical,66.33,-0.105421
2025-12-31,United States,Uber Technologies Inc,Consumer Discretionary,22027338379,2183767814,1.29%,1.29,,Both,UBER,2026-09-06 10:17:22,16.614037,17.292421,5.6579537,,154744356864.0,buy,101.80979,101.99,65.41,1.159,Technology,75.76,-0.263292
2025-12-31,United States,Udemy Inc,Consumer Discretionary,215022525,21317113,2.49%,2.49,,Ownership,UDMY,2026-09-06 10:17:22,,,,,,,,,,,,,
2025-12-31,United States,Ulta Beauty Inc,Consumer Discretionary,4149164005,411343879,1.53%,1.53,,Both,ULTA,2026-09-06 10:17:27,20.535858,17.609869,8.887279,,24120344576.0,buy,624.0833,714.97,443.6,0.854,Consumer Cyclical,564.12,1.25828
2025-12-31,United States,VF Corp,Consumer Discretionary,1133277900,112352013,1.59%,1.59,,Ownership,VFC,2026-09-06 10:17:38,19.492754,10.036264,1.4226781,2.74,5287659520.0,hold,18.77143,22.27,12.94,0.974,Consumer Cyclical,13.45,2.3592
2025-12-31,United States,Viking Holdings Ltd,Consumer Discretionary,3675849997,364420012,0.32%,1.15,,Market Value,VIK,2026-09-06 10:17:38,28.508305,19.440504,23.587135,,38326013952.0,strong_buy,110.57143,110.09,56.37,1.41,Consumer Cyclical,85.81,0.268749
2025-12-31,United States,Walmart Inc,Consumer Discretionary,60421344992,5990110390,0.67%,0.67,,Market Value,WMT,,,,,,,,,,,,,,
2025-12-31,United States,Walt Disney Co/The,Consumer Discretionary,23293067423,2309250898,1.14%,1.14,,Market Value,DIS,2026-09-06 10:11:43,21.713402,14.0888405,1.6557654,1.42,181837381632.0,strong_buy,128.18323,119.05,92.19,1.409,Communication Services,105.31,-1.7264
2025-12-31,United States,Warner Bros Discovery Inc,Consumer Discretionary,10979826207,1088528749,1.52%,1.52,,Both,WBD,,,,,,,,,,,,,,
2025-12-31,United States,Wyndham Hotels & Resorts Inc,Consumer Discretionary,2083785498,206584365,3.62%,3.62,,Ownership,WH,,,,,,,,,,,,,,
2025-12-31,United States,Yum! Brands Inc,Consumer Discretionary,6013823477,596204313,1.42%,1.42,,Both,YUM,,,,,,,,,,,,,,
2025-12-31,United States,Albertsons Cos Inc,Consumer Staples,4126490247,409096026,4.34%,4.34,,Both,ACI,2026-09-06 10:09:35,78.4375,6.785288,3.8030305,5.42,6090837504.0,hold,14.1875,20.0,10.86,0.198,Consumer Defensive,12.55,-0.317712
2025-12-31,United States,Archer-Daniels-Midland Co,Consumer Staples,3717838458,368582705,1.33%,1.33,,Both,ADM,2026-09-06 10:09:35,23.117485,14.869425,1.7300181,2.46,40778600448.0,hold,78.7,88.46,55.58,0.613,Consumer Defensive,84.61,0.27258
2025-12-31,United States,Bunge Global SA,Consumer Staples,1653123140,163888939,0.95%,0.95,,Market Value,BG,2026-09-06 10:10:23,25.584053,10.467081,1.4295176,2.43,22806460416.0,none,141.22221,134.87,76.01,0.66,Consumer Defensive,118.71,-1.17383
2025-12-31,United States,Casey's General Stores Inc,Consumer Staples,2674655599,265162623,1.29%,1.29,,Both,CASY,2026-09-06 10:10:49,39.52379,32.0056,7.0609827,0.34,27979044864.0,buy,939.05554,927.85,497.38,0.592,Consumer Cyclical,756.09,-0.307212
2025-12-31,United States,Cencora Inc,Consumer Staples,8136308992,806625358,1.23%,1.23,,Both,COR,2026-09-06 10:11:16,24.569414,16.732563,20.699902,0.73,63154253824.0,buy,369.30768,377.54,244.82,0.574,Healthcare,330.95,-1.85932
2025-12-31,United States,Church & Dwight Co Inc,Consumer Staples,2434632769,241367004,1.2%,1.2,,Both,CHD,2026-09-06 10:11:00,31.58654,24.395376,5.374966,1.25,23376445440.0,buy,105.36842,106.04,81.33,0.472,Consumer Defensive,98.55,-0.0405653
2025-12-31,United States,Coca-Cola Co/The,Consumer Staples,34743772882,3444462135,1.15%,1.15,,Both,KO,2026-09-06 10:13:51,26.447449,24.974619,10.483275,2.41,378925481984.0,buy,94.69565,92.49,65.35,0.342,Consumer Defensive,88.07,-0.833237
2025-12-31,United States,Coca-Cola Consolidated Inc,Consumer Staples,2220496231,220137727,0.52%,1.68,,Both,COKE,2026-09-06 10:11:11,25.11008,4.862096,3.9593048,0.53,12602617856.0,none,,219.65,110.6,0.547,Consumer Defensive,189.33,-4.08814
2025-12-31,United States,Colgate-Palmolive Co,Consumer Staples,8265974943,819480308,1.29%,1.29,,Both,CL,2026-09-06 10:11:06,34.94882,21.60895,299.89862,2.39,70765027328.0,none,98.95,99.33,74.55,0.323,Consumer Defensive,88.77,-1.4652
2025-12-31,United States,Conagra Brands Inc,Consumer Staples,1493303558,148044589,1.79%,1.79,,Both,CAG,2026-09-06 10:10:49,,9.975576,1.165224,7.91,7408195584.0,hold,14.38125,20.32,12.53,-0.033,Consumer Defensive,15.48,-0.896289
2025-12-31,United States,Constellation Brands Inc,Consumer Staples,2536163444,251432652,1.05%,1.05,,Market Value,STZ,2026-09-06 10:16:44,12.207619,10.34382,2.6622634,3.21,21893699584.0,buy,170.8261,168.6,126.45,0.4,Consumer Defensive,128.18,-0.704937
2025-12-31,United States,Corteva Inc,Consumer Staples,4993374722,495038067,1.08%,1.08,,Market Value,CTVA,2026-09-06 10:11:27,53.248486,21.319965,2.32933,0.82,58619842560.0,buy,92.1,90.97,60.535,0.577,Basic Materials,87.86,-0.857597
2025-12-31,United States,CVS Health Corp,Consumer Staples,13867300750,1374790024,1.36%,1.36,,Both,CVS,2026-09-06 10:11:27,25.525066,11.36425,1.5511905,2.75,123727593472.0,strong_buy,116.04,110.68,69.51,0.58,Healthcare,96.74,-0.47325
2025-12-31,United States,Edgewell Personal Care Co,Consumer Staples,214975991,21312500,2.68%,2.68,,Ownership,EPC,2026-09-06 10:12:04,,14.345199,0.91127175,2.08,1330587008.0,none,32.16667,29.95,15.73,0.402,Consumer Defensive,28.87,1.29825
2025-12-31,United States,Flowers Foods Inc,Consumer Staples,252504313,25033020,1.09%,1.09,,Ownership,FLO,2026-09-06 10:12:20,24.115385,8.776719,1.0044857,7.97,1329197568.0,hold,7.9,15.02,6.27,0.401,Consumer Defensive,6.27,-2.79069
2025-12-31,United States,General Mills Inc,Consumer Staples,3572885486,354212216,1.43%,1.43,,Both,GIS,2026-09-06 10:12:41,,11.928759,3.6980877,6.37,20470962176.0,hold,37.77778,51.33,31.75,-0.025,Consumer Defensive,38.29,-2.4707
2025-12-31,United States,Hershey Co/The,Consumer Staples,2595483007,257313533,0.2%,0.7,,Market Value,HSY,2026-09-06 10:13:08,23.65437,17.546223,7.62473,3.35,34790277120.0,buy,205.5238,239.48,161.43,0.097,Consumer Defensive,173.15,-1.09106
2025-12-31,United States,Ingredion Inc,Consumer Staples,835698005,82850246,1.18%,1.18,,Ownership,INGR,2026-09-06 10:13:24,11.006522,8.922529,1.4123522,3.23,6385858560.0,none,121.5,128.63,94.44,0.61,Consumer Defensive,101.26,-0.413059
2025-12-31,United States,Kenvue Inc,Consumer Staples,5172381607,512784626,1.55%,1.55,,Both,KVUE,2026-09-06 10:13:51,22.047058,15.092698,3.4097526,4.48,35995295744.0,hold,19.5,20.13,14.02,0.426,Consumer Defensive,18.74,-1.10818
2025-12-31,United States,Keurig Dr Pepper Inc,Consumer Staples,4925074443,488266847,1.28%,1.28,,Both,KDP,2026-09-06 10:13:46,32.919193,12.857639,1.771677,2.82,44349317120.0,buy,36.20588,33.82,24.88,0.414,Consumer Defensive,32.59,-0.881998
2025-12-31,United States,Kimberly-Clark Corp,Consumer Staples,5346189144,530015728,1.58%,1.58,,Both,KMB,2026-09-06 10:13:51,20.743084,13.989034,19.946787,4.88,34907496448.0,buy,118.6,131.53,92.42,0.273,Consumer Defensive,104.96,-1.60307
2025-12-31,United States,Kraft Heinz Co/The,Consumer Staples,3207641033,318002254,1.11%,1.11,,Both,KHC,2026-09-06 10:13:46,,11.874555,0.8185382,6.44,29467719680.0,hold,25.14706,28.09,21.035,0.082,Consumer Defensive,24.85,-0.679457
2025-12-31,United States,Kroger Co/The,Consumer Staples,4533505162,449447068,1.14%,1.14,,Both,KR,2026-09-06 10:13:51,34.263157,10.586456,6.332685,2.46,35895005184.0,buy,70.27273,76.58,54.15,0.406,Consumer Defensive,58.59,0.136732
2025-12-31,United States,Lamb Weston Holdings Inc,Consumer Staples,1273802511,126283479,2.17%,2.17,,Ownership,LW,2026-09-06 10:14:13,23.975962,14.781815,3.7564025,3.05,6856284672.0,buy,55.25,67.07,37.62,0.461,Consumer Defensive,49.87,-1.13005
2025-12-31,United States,McKesson Corp,Consumer Staples,14866821472,1473881486,1.46%,1.46,,Both,MCK,2026-09-06 10:14:24,24.32985,17.990135,-24.84105,0.41,105862881280.0,buy,986.9375,999.0,683.38,0.307,Healthcare,907.99,-1.45326
2025-12-31,United States,Molson Coors Beverage Co,Consumer Staples,1268191526,125727212,1.36%,1.36,,Ownership,TAP,2026-09-06 10:16:55,,8.244761,0.74800533,4.74,7551384576.0,hold,45.47619,54.82,38.04,0.42,Consumer Defensive,40.5,-0.172541
2025-12-31,United States,Mondelez International Inc,Consumer Staples,8939947147,886297223,1.28%,1.28,,Both,MDLZ,2026-09-06 10:14:24,22.446886,18.228058,2.945729,3.39,78212161536.0,buy,69.13043,66.65,51.2,0.402,Consumer Defensive,61.28,-0.276651
2025-12-31,United States,Monster Beverage Corp,Consumer Staples,6574729083,651811922,0.87%,0.87,,Market Value,MNST,2026-09-06 10:14:34,40.574074,33.484375,9.167363,,85845647360.0,buy,50.26087,50.17,31.035,0.515,Consumer Defensive,43.82,-0.589841
2025-12-31,United States,PepsiCo Inc,Consumer Staples,25005406891,2479010483,1.26%,1.26,,Both,PEP,2026-09-06 10:15:23,18.06168,15.334152,8.507758,4.3,188002582528.0,hold,155.0,171.48,133.73,0.361,Consumer Defensive,137.63,-0.656842
2025-12-31,United States,Performance Food Group Co,Consumer Staples,2058952498,204122446,1.45%,1.45,,Both,PFGC,2026-09-06 10:15:28,43.06987,14.755184,3.142484,,15492057088.0,buy,123.61538,117.475,80.82,0.883,Consumer Defensive,98.63,-0.524462
2025-12-31,United States,Post Holdings Inc,Consumer Staples,1146475106,113660370,2.22%,2.22,,Ownership,POST,2026-09-06 10:15:34,15.389091,11.757335,1.2087456,,3836103424.0,buy,105.16667,117.28,75.4,0.307,Consumer Defensive,84.64,0.450982
2025-12-31,United States,Procter & Gamble Co/The,Consumer Staples,43740060741,4336344918,1.29%,1.29,,Both,PG,2026-09-06 10:15:28,22.120846,19.789724,6.381662,2.97,340132134912.0,buy,160.6087,167.25,137.62,0.377,Consumer Defensive,146.44,-0.326706
2025-12-31,United States,Sprouts Farmers Market Inc,Consumer Staples,1627996167,161397876,2.08%,2.08,,Both,SFM,2026-09-06 10:16:23,15.564054,13.652816,5.2026076,,7590356480.0,buy,95.0,140.12,64.75,0.667,Consumer Defensive,81.4,2.8687
2025-12-31,United States,Sysco Corp,Consumer Staples,5040097867,499670151,1.42%,1.42,,Both,SYY,2026-09-06 10:16:55,21.871586,14.881811,14.369055,2.71,38351634432.0,buy,90.30769,91.85,68.19,0.627,Consumer Defensive,80.05,-1.27035
2025-12-31,United States,Tyson Foods Inc,Consumer Staples,2877268251,285249434,0.49%,1.38,,Both,TSN,2026-09-06 10:17:16,31.74074,12.055481,1.0005838,3.97,18089631744.0,hold,68.75,69.48,50.56,0.371,Consumer Defensive,51.42,-0.656878
2025-12-31,United States,US Foods Holding Corp,Consumer Staples,1702877095,168821495,1.01%,1.01,,Market Value,USFD,2026-09-06 10:17:27,32.012306,18.83943,5.2590604,,22507048960.0,none,115.875,111.42,69.875,0.819,Consumer Defensive,104.04,-0.354375
2025-12-31,United States,Antero Midstream Corp,Energy,664811114,65908694,0.78%,0.78,,Both,AM,2026-09-06 10:09:45,27.228916,14.020896,5.5148854,4.01,10727631872.0,hold,24.28571,23.835,16.96,0.63,Energy,22.6,0.623336
2025-12-31,United States,Baker Hughes Co,Energy,9335351586,925497215,2.06%,2.06,,Both,BKR,2026-09-06 10:10:28,20.418007,20.089914,3.1651878,1.45,63034802176.0,buy,72.13043,70.41,43.92,0.961,Energy,63.5,-0.219986
2025-12-31,United States,Cheniere Energy Inc,Energy,7018806244,695837278,1.66%,1.66,,Both,LNG,2026-09-06 10:14:07,22.121212,14.060884,9.805568,0.76,60307976192.0,strong_buy,308.90475,300.89,186.2,-0.002,Energy,292.0,0.395391
2025-12-31,United States,Chevron Corp,Energy,35099963616,3479774520,1.13%,1.13,,Both,CVX,2026-09-06 10:11:27,20.076998,15.532194,2.1549587,3.37,409190465536.0,buy,221.20833,214.71,146.49,0.491,Energy,208.6,-1.28715
2025-12-31,United States,Delek US Holdings Inc,Energy,412874807,40931986,2.3%,2.3,,Both,DKL,2026-09-06 10:11:43,19.273355,14.56491,-42.74751,8.1,3219309568.0,none,52.83333,61.5,42.35,0.413,Energy,55.7,0.777999
2025-12-31,United States,DT Midstream Inc,Energy,1458494619,144593666,1.19%,1.19,,Both,DTM,2026-09-06 10:11:48,28.40351,26.4428,2.764804,2.72,13213021184.0,buy,154.4,152.88,103.44,0.717,Energy,129.52,0.731064
2025-12-31,United States,Enphase Energy Inc,Energy,496909435,49263094,1.17%,1.17,,Both,ENPH,2026-09-06 10:11:59,36.0099,15.991874,4.066413,,4806100480.0,buy,53.23333,73.74,25.78,1.643,Technology,36.37,0.165237
2025-12-31,United States,Exxon Mobil Corp,Energy,68023938650,6743823756,1.33%,1.33,,Both,XOM,,,,,,,,,,,,,,
2025-12-31,United States,First Solar Inc,Energy,3793576162,376091264,1.34%,1.34,,Both,FSLR,2026-09-06 10:12:25,12.612585,8.845697,2.129,,21972199424.0,buy,275.30466,320.95,182.99,1.733,Technology,204.45,-1.43188
2025-12-31,United States,Golar LNG Ltd,Energy,375,37,0%,0.0,,Ownership,GLNG,2026-09-06 10:12:41,35.698627,103.22836,2.7384014,1.92,5321295360.0,strong_buy,63.94444,57.79,35.02,0.042,Energy,52.12,0.250043
2025-12-31,United States,Halliburton Co,Energy,1271084565,126014025,0.53%,0.53,,Both,HAL,2026-09-06 10:12:52,19.408377,12.773641,2.8081205,1.83,30884143104.0,buy,43.12,43.59,21.46,0.769,Energy,37.07,-0.589974
2025-12-31,United States,Helmerich & Payne Inc,Energy,42021233,4165942,0.15%,0.15,,Both,HP,2026-09-06 10:13:08,,28.934084,1.7222503,2.25,4433291776.0,buy,44.0,48.17,19.62,0.65,Energy,44.36,-1.46601
2025-12-31,United States,HF Sinclair Corp,Energy,160462217,15908060,0.19%,0.19,,Both,DINO,2026-09-06 10:11:43,10.048618,10.962486,1.8220947,1.99,18740197376.0,hold,92.53333,108.25,45.71,0.695,Energy,105.41,-0.697125
2025-12-31,United States,Kinder Morgan Inc,Energy,11122902516,1102713188,1.8%,1.8,,Both,KMI,2026-09-06 10:13:51,20.258064,20.436056,2.2086234,3.76,69921587200.0,buy,35.95,34.81,25.6,0.551,Energy,31.4,-0.632914
2025-12-31,United States,Marathon Petroleum Corp,Energy,4861857074,481999541,0.99%,0.99,,Both,MPC,2026-09-06 10:14:34,13.475398,12.238649,5.769173,1.03,109212753920.0,buy,326.83334,398.52,161.93,0.527,Energy,388.9,0.306931
2025-12-31,United States,Nextpower Inc,Energy,1723332803,170849453,1.32%,1.32,,Both,NXTP,2026-09-06 10:15:07,,-0.00024999998,2.891427e-05,,1194.0,none,,0.01,0.0001,-80.366,Technology,0.0002,0.0
2025-12-31,United States,NOV Inc,Energy,103553838,10266222,0.18%,0.18,,Both,NOV,2026-09-06 10:14:56,79.22221,16.71198,1.2317171,1.68,7625066496.0,buy,22.23684,21.86,12.29,0.944,Energy,21.39,-0.465334
2025-12-31,United States,ONEOK Inc,Energy,5029927307,498661853,1.08%,1.08,,Both,OKE,2026-09-06 10:15:07,16.481865,15.34844,2.62264,4.48,60156178432.0,buy,99.94737,99.85,64.02,0.719,Energy,95.43,-0.334203
2025-12-31,United States,PBF Energy Inc,Energy,202552707,20080868,0.64%,0.64,,Both,PBF,2026-09-06 10:15:23,6.515337,7.6655927,1.3751386,1.48,8812028928.0,hold,67.61538,77.94,25.62,0.076,Energy,74.34,-1.31422
2025-12-31,United States,Phillips 66,Energy,5110692689,506668850,0.97%,0.97,,Both,PSX,2026-09-06 10:15:39,14.559931,11.976242,3.2307048,1.99,102274506752.0,buy,229.94737,260.68,126.74,0.704,Energy,255.09,0.16885
2025-12-31,United States,Plug Power Inc,Energy,904512,89672,0%,0.0,,Market Value,PLUG,2026-09-06 10:15:28,,-14.629542,5.2163463,,3031913728.0,none,3.55312,4.58,1.41,2.222,Industrials,2.17,2.84361
2025-12-31,United States,Shoals Technologies Group Inc,Energy,12873594,1276275,0.09%,0.09,,Both,SHLS,2026-09-06 10:16:28,37.526318,12.935414,1.9438386,,1199978624.0,buy,11.31579,13.18,5.43,1.888,Technology,7.13,1.42247
2025-12-31,United States,SLB Ltd,Energy,8045615678,797634115,1.39%,1.39,,Both,SLB,2026-09-06 10:16:33,28.053658,17.794651,3.2735653,2.05,85353078784.0,buy,62.03448,60.46,31.64,0.774,Energy,57.51,0.174183
2025-12-31,United States,Sunococorp LLC,Energy,753446476,74695914,0%,2.95,,Both,SUN,2026-09-06 10:16:50,16.68874,18.781395,1.5913779,5.3,14244086784.0,strong_buy,83.0,78.11,47.98,0.416,Energy,75.6,2.17597
2025-12-31,United States,Targa Resources Corp,Energy,7210974151,714888608,1.81%,1.81,,Both,TRGP,2026-09-06 10:17:16,27.70296,24.011576,19.856916,1.72,62195716096.0,buy,310.09525,307.94,144.14,0.722,Energy,290.05,-1.18894
2025-12-31,United States,TechnipFMC PLC,Energy,1884692135,186846452,1.04%,1.04,,Both,FTI,2026-09-06 10:12:25,27.916084,22.184925,9.585784,0.25,31310403584.0,buy,75.80952,80.7,35.29,0.744,Energy,79.84,-0.299707
2025-12-31,United States,Valaris Ltd,Energy,400032391,39658802,1.13%,1.13,,Both,VAL,2026-09-06 10:17:32,6.5414777,11.904827,1.8937624,,6022861824.0,hold,69.05,114.12,46.7,0.939,Energy,86.74,-3.34299
2025-12-31,United States,Valero Energy Corp,Energy,10378491654,1028913055,2.07%,2.07,,Both,VLO,2026-09-06 10:17:38,15.453106,11.876817,4.269492,1.29,106740465664.0,buy,319.6316,375.11,153.6,0.568,Energy,370.72,0.00809269
2025-12-31,United States,WaterBridge Infrastructure LLC,Energy,40367574,4002000,0.16%,0.16,,Both,WBI,,,,,,,,,,,,,,
2025-12-31,United States,Weatherford International PLC,Energy,619322112,61398961,1.09%,1.09,,Both,WFRD,,,,,,,,,,,,,,
2025-12-31,United States,Williams Cos Inc/The,Energy,7255374229,719290386,0.98%,0.98,,Both,WMB,,,,,,,,,,,,,,
2025-12-31,United States,Allstate Corp/The,Financials,4169727972,413382570,0.76%,0.76,,Market Value,ALL,2026-09-06 10:09:45,5.1976376,9.40204,2.0800378,1.66,65634340864.0,hold,274.77274,277.22,188.08,0.15,Financial Services,259.57,-1.34544
2025-12-31,United States,American International Group Inc,Financials,5803542636,575357286,1.25%,1.25,,Market Value,AIG,2026-09-06 10:09:40,13.906934,8.673523,0.98480344,2.62,39849689088.0,buy,88.5,87.29,71.25,0.511,Financial Services,76.21,-0.845695
2025-12-31,United States,Ameriprise Financial Inc,Financials,5954630852,590336017,1.3%,1.3,,Market Value,AMP,2026-09-06 10:09:51,13.549915,10.849172,7.788368,1.21,49516068864.0,buy,579.4545,572.56,422.37,1.134,Financial Services,560.56,-0.79989
2025-12-31,United States,Aon PLC,Financials,11504095580,1140504278,1.5%,1.5,,Both,AON,2026-09-06 10:09:51,17.82074,15.81455,7.136326,1.02,68535607296.0,buy,389.52942,382.34,304.59,0.66,Financial Services,323.09,-1.19572
2025-12-31,United States,Apollo Global Management Inc,Financials,13292166459,1317771798,1.62%,1.62,,Both,APO,2026-09-06 10:09:56,47.569397,12.450923,3.9265049,1.68,78937907200.0,buy,153.05263,153.29,99.56,1.514,Financial Services,133.67,-0.609716
2025-12-31,United States,Arch Capital Group Ltd,Financials,6007664857,595593754,1.71%,1.71,,Both,ACGL,2026-09-06 10:09:29,7.6760564,10.054001,1.4359319,,33474576384.0,buy,111.86842,107.09,82.45,0.282,Financial Services,98.1,-1.73295
2025-12-31,United States,Ares Management Corp,Financials,3933461643,389959367,1.11%,0.74,,Market Value,ARES,2026-09-06 10:09:56,63.99543,19.48712,12.705103,3.82,46228000768.0,buy,147.5,186.85,95.8,1.517,Financial Services,140.15,-0.968068
2025-12-31,United States,Arthur J Gallagher & Co,Financials,19008558999,1884489112,2.84%,2.84,,Both,AJG,2026-09-06 10:09:45,43.491722,17.641153,2.838787,1.07,67338215424.0,buy,291.55557,313.55,190.75,0.506,Financial Services,262.69,-1.48879
2025-12-31,United States,Assurant Inc,Financials,1629767658,161573500,1.34%,1.34,,Ownership,AIZ,2026-09-06 10:09:40,13.678315,12.193675,2.313984,1.23,14093772800.0,strong_buy,330.0,303.94,205.01,0.542,Financial Services,285.74,-0.684718
2025-12-31,United States,Bank of America Corp,Financials,47397939145,4698983245,1.17%,1.17,,Market Value,BAC,2026-09-06 10:10:12,14.475751,11.842728,1.5932083,2.04,438305488896.0,buy,68.77273,65.23,46.12,1.164,Financial Services,62.68,-0.063777
2025-12-31,United States,Bank of New York Mellon Corp/The,Financials,13939258759,1381923867,1.73%,1.73,,Both,BK,,,,,,,,,,,,,,
2025-12-31,United States,Berkshire Hathaway Inc,Financials,115976325394,11497774369,1.65%,0.56,,Market Value,BRK-B,2026-09-06 10:10:39,12.723912,22.801807,0.0009689868,,1083263352832.0,none,547.6667,537.74,464.01,0.603,Financial Services,506.03,-0.413281
2025-12-31,United States,Blackrock Inc,Financials,23997628624,2379100376,1.36%,1.36,,Both,BLK,2026-09-06 10:10:33,26.881199,17.451822,3.0193112,2.04,182345416704.0,buy,1320.8125,1219.94,917.39,1.429,Financial Services,1122.29,-0.342759
2025-12-31,United States,Blackstone Inc,Financials,11595000183,1149516468,0.95%,0.6,,Market Value,BX,2026-09-06 10:10:44,30.458612,18.176235,12.081817,3.84,162739781632.0,buy,144.04762,190.09,101.73,1.558,Financial Services,136.15,-1.11127
2025-12-31,United States,Broadridge Financial Solutions Inc,Financials,3445378279,341571281,1.31%,1.31,,Ownership,BR,2026-09-06 10:10:39,18.027111,14.93458,6.9382353,2.52,19712090112.0,buy,213.375,255.74,133.83,0.91,Technology,172.88,-3.37041
2025-12-31,United States,Brown & Brown Inc,Financials,5164519987,512005233,1.88%,1.88,,Both,BRO,2026-09-06 10:10:39,22.81789,14.801581,1.8730657,0.92,23897872384.0,hold,76.6875,96.55,53.81,0.582,Financial Services,71.42,-1.57111
2025-12-31,United States,Cboe Global Markets Inc,Financials,3497987150,346786871,1.32%,1.32,,Ownership,CBOE,2026-09-06 10:10:54,23.256432,19.584433,5.5453753,1.15,31160127488.0,hold,315.14285,371.18,227.15,0.408,Financial Services,298.38,-0.0401994
2025-12-31,United States,Charles Schwab Corp/The,Financials,19858385451,1968740038,1.11%,1.08,,Market Value,SCHW,2026-09-06 10:16:17,19.907104,14.003747,4.2988634,1.17,188999090176.0,buy,124.95,114.53,83.96,0.753,Financial Services,109.29,-0.987494
2025-12-31,United States,Chubb Ltd,Financials,10669287107,1057742220,0.86%,0.86,,Market Value,CB,2026-09-06 10:10:49,12.104536,11.734681,1.7477105,1.19,131785375744.0,none,366.13043,365.91,265.3,0.382,Financial Services,341.59,-1.91242
2025-12-31,United States,Citigroup Inc,Financials,27822918693,2758335724,1.32%,1.32,,Both,C,2026-09-06 10:10:44,14.840518,10.6898155,1.2002999,1.95,231016595456.0,none,154.5,147.96,93.66,1.097,Financial Services,137.72,-0.304038
2025-12-31,United States,Citizens Financial Group Inc,Financials,3538670880,350820214,1.4%,1.4,,Ownership,CFG,2026-09-06 10:11:00,15.420479,10.841578,1.2428228,2.6,29810892800.0,buy,80.82353,75.33,47.955,0.997,Financial Services,70.78,-0.0705959
2025-12-31,United States,Clearwater Analytics Holdings Inc,Financials,1406771534,139465892,1.98%,1.98,,Ownership,CWAN,2026-09-06 10:11:27,,28.025011,3.5620015,,7330872320.0,hold,24.44,24.56,15.735,0.596,Technology,24.56,
2025-12-31,United States,CME Group Inc,Financials,13473133184,1335712654,1.36%,1.36,,Both,CME,2026-09-06 10:11:06,23.858355,21.78268,3.8106914,1.85,101146050560.0,hold,283.06668,329.16,218.31,0.275,Financial Services,281.29,-0.269448
2025-12-31,United States,Coinbase Global Inc,Financials,6593011556,653624427,0.27%,1.07,,Market Value,COIN,2026-09-06 10:11:11,,67.438545,3.7237067,,48714850304.0,buy,198.96896,402.16,139.11,3.388,Financial Services,184.64,-4.18267
2025-12-31,United States,Corebridge Financial Inc,Financials,5823185912,577304700,3.68%,3.68,,Both,CRBG,2026-09-06 10:11:21,22.096155,5.9715924,1.5126383,2.9,15365644288.0,buy,38.83333,34.82,22.19,1.012,Financial Services,34.47,-0.805752
2025-12-31,United States,East West Bancorp Inc,Financials,2139584614,212116232,1.37%,1.37,,Ownership,EWBC,2026-09-06 10:12:09,12.56196,11.502432,1.9378214,2.45,17917040640.0,none,148.25,137.47,92.67,0.925,Financial Services,130.77,0.122505
2025-12-31,United States,Equitable Holdings Inc,Financials,5391272897,534485285,3.91%,3.91,,Both,EQH,2026-09-06 10:12:04,,5.8696723,-7.8054533,2.15,14445676544.0,none,62.09091,55.15,35.195,1.095,Financial Services,52.96,-1.08331
2025-12-31,United States,Essent Group Ltd,Financials,1568667996,155516142,2.47%,2.47,,Ownership,ESNT,2026-09-06 10:12:04,9.648536,8.807017,1.0978687,2.02,6217655808.0,none,74.71429,70.37,55.34,0.758,Financial Services,69.18,-0.646269
2025-12-31,United States,Everest Group Ltd,Financials,6327286026,627280670,4.4%,4.4,,Both,EG,2026-09-06 10:11:53,8.05222,6.374184,0.95526046,2.1,14603597824.0,none,408.46667,401.07,302.44,0.277,Financial Services,380.87,-1.39288
2025-12-31,United States,FactSet Research Systems Inc,Financials,1572255325,155871786,1.45%,1.45,,Ownership,FDS,2026-09-06 10:12:15,19.878868,15.320336,5.3158226,1.48,10739371008.0,hold,259.0625,377.07,185.0,0.711,Financial Services,301.96,-3.51483
2025-12-31,United States,Fifth Third Bancorp,Financials,6488187853,643232313,2.08%,2.08,,Both,FITB,2026-09-06 10:12:20,18.474747,11.108614,1.5400375,2.92,49761193984.0,none,62.9,59.5,40.05,0.913,Financial Services,54.87,-0.181922
2025-12-31,United States,First Horizon Corp,Financials,1552788690,153941884,1.31%,1.31,,Ownership,FHN,2026-09-06 10:12:15,11.990385,10.816625,1.3928292,2.73,11816002560.0,none,28.10526,26.56,19.8,0.611,Financial Services,24.94,-0.0801224
2025-12-31,United States,Globe Life Inc,Financials,1553740141,154036210,1.38%,1.38,,Ownership,GL,2026-09-06 10:12:41,11.587101,10.550156,2.1813745,0.76,13392553984.0,buy,193.90909,191.55,127.85,0.462,Financial Services,174.27,-1.27464
2025-12-31,United States,Goldman Sachs Group Inc/The,Financials,24839631044,2462575635,0.93%,0.9,,Market Value,GS,2026-09-06 10:12:52,16.02546,14.02912,2.8687,1.93,302413512704.0,none,1141.65,1153.99,733.57,1.283,Financial Services,1038.61,0.0655084
2025-12-31,United States,Hartford Insurance Group Inc/The,Financials,5244779890,519962118,1.35%,1.35,,Both,HIG,2026-09-06 10:13:03,9.562543,10.10819,1.9474742,1.73,37480558592.0,none,149.85,146.07,120.33,0.45,Financial Services,138.37,-1.16429
2025-12-31,United States,Huntington Bancshares Inc/OH,Financials,4308371074,427127505,1.56%,1.56,,Both,HBAN,2026-09-06 10:12:57,13.100001,9.072892,1.1568508,3.64,34407665664.0,buy,20.3,19.46,14.89,0.941,Financial Services,17.03,-0.175843
2025-12-31,United States,Intercontinental Exchange Inc,Financials,13373134548,1325798891,1.44%,1.44,,Both,ICE,2026-09-06 10:13:13,22.712675,18.323166,3.0613563,1.29,90530471936.0,strong_buy,186.64285,176.59,121.79,0.934,Financial Services,161.26,-2.02321
2025-12-31,United States,Jackson Financial Inc,Financials,999795428,99118697,1.37%,1.37,,Ownership,JXN,2026-09-06 10:13:40,154.53847,4.564242,1.0169578,2.56,9524694016.0,none,146.0,140.88,89.67,1.318,Financial Services,140.63,0.918549
2025-12-31,United States,Janus Henderson Group PLC,Financials,1047499416,103848021,1.41%,1.41,,Ownership,JHG,,,,,,,,,,,,,,
2025-12-31,United States,JPMorgan Chase & Co,Financials,113137574554,11216343512,1.29%,1.29,,Market Value,JPM,2026-09-06 10:13:40,15.359315,14.341591,2.6963995,1.67,953331941376.0,buy,374.57144,366.5,279.1,0.975,Financial Services,358.64,-0.94459
2025-12-31,United States,KKR & Co Inc,Financials,16619968073,1647686649,1.45%,1.45,,Both,KKR,2026-09-06 10:13:46,34.41853,14.54547,3.393071,0.72,99498409984.0,buy,127.976,152.1,82.67,1.791,Financial Services,107.73,-1.84949
2025-12-31,United States,Lazard Inc,Financials,900979009,89322138,1.63%,1.63,,Ownership,LAZ,2026-09-06 10:13:57,22.167488,11.694114,4.7964187,4.44,4385275904.0,none,47.375,58.75,38.67,1.419,Financial Services,45.0,1.51139
2025-12-31,United States,Loews Corp,Financials,5716917553,566769363,2.6%,2.6,,Both,L,2026-09-06 10:13:57,13.411044,37.689655,1.168759,0.23,22343950336.0,none,,121.01,95.1,0.507,Financial Services,109.3,-0.672481
2025-12-31,United States,LPL Financial Holdings Inc,Financials,3956298382,392223378,1.37%,1.37,,Both,LPLA,2026-09-06 10:14:07,28.815556,12.047106,4.9410095,0.33,28294465536.0,buy,429.33334,400.16,260.15,0.482,Financial Services,359.33,-0.31073
2025-12-31,United States,M&T Bank Corp,Financials,4212887803,417661391,1.35%,1.35,,Both,MTB,2026-09-06 10:14:40,12.689947,11.384187,1.3624951,2.5,34636795904.0,none,257.25,255.95,174.76,0.563,Financial Services,239.84,-0.0916443
2025-12-31,United States,MarketAxess Holdings Inc,Financials,921168652,91323719,1.36%,1.36,,Ownership,MKTX,2026-09-06 10:14:29,19.312057,18.52902,4.640818,1.91,5749814784.0,hold,158.0,195.97,108.75,0.825,Financial Services,163.38,0.024494
2025-12-31,United States,Marsh & McLennan Cos Inc,Financials,13149805885,1303658316,1.43%,1.43,,Both,MMC,2026-09-06 10:14:29,,,,,,,,,,,,,
2025-12-31,United States,MetLife Inc,Financials,6363104956,630831722,1.21%,1.21,,Market Value,MET,2026-09-06 10:14:24,18.70115,8.939086,2.2687552,2.43,62035259392.0,buy,105.0625,100.93,67.33,0.759,Financial Services,97.62,-1.62249
2025-12-31,United States,MGIC Investment Corp,Financials,880029763,87245251,1.33%,1.33,,Ownership,MTG,2026-09-06 10:14:40,9.690625,9.046091,1.2779197,2.19,6360921088.0,none,31.0,31.89,24.69,0.645,Financial Services,31.01,-1.46171
2025-12-31,United States,Moody's Corp,Financials,9495539010,941378033,1.03%,1.03,,Market Value,MCO,2026-09-06 10:14:24,31.356417,26.0724,28.256142,0.83,85473476608.0,buy,560.4762,546.88,402.28,1.334,Financial Services,493.55,-2.13167
2025-12-31,United States,Morgan Stanley,Financials,27179704169,2694568093,0.96%,0.96,,Market Value,MS,2026-09-06 10:14:40,17.572235,15.959104,3.211162,2.11,341943681024.0,buy,236.61905,232.25,147.25,1.207,Financial Services,217.72,0.262495
2025-12-31,United States,MSCI Inc,Financials,4910962990,486867852,1.13%,1.13,,Market Value,MSCI,2026-09-06 10:14:40,31.34628,25.47011,-15.489269,1.43,41657827328.0,strong_buy,692.05884,644.77,501.08,1.219,Financial Services,573.01,-0.285394
2025-12-31,United States,Nasdaq Inc,Financials,5617006251,556864259,1%,1.0,,Market Value,NDAQ,2026-09-06 10:14:45,28.244896,20.707623,4.5417466,1.2,54153723904.0,buy,109.86667,101.79,76.55,0.974,Financial Services,96.88,-1.85392
2025-12-31,United States,NU Holdings Ltd/Cayman Islands,Financials,9095729079,901741285,0.22%,1.11,,Market Value,NU,2026-09-06 10:15:01,21.054794,13.408708,5.603354,,74247684096.0,buy,18.78182,18.98,11.2,0.94,Financial Services,15.37,-1.97704
2025-12-31,United States,Pinnacle Financial Partners Inc,Financials,1173596481,116349156,1.57%,1.57,,Ownership,PNFP,2026-09-06 10:15:34,13.913223,8.82299,1.0820916,1.98,15263888384.0,buy,119.25,110.33,81.08,1.013,Financial Services,101.01,-0.355135
2025-12-31,United States,PNC Financial Services Group Inc/The,Financials,19673095840,1950370615,2.38%,2.38,,Both,PNC,2026-09-06 10:15:34,13.531681,11.4969225,1.6878101,3.26,97980571648.0,buy,277.725,258.96,176.88,0.889,Financial Services,245.6,0.171308
2025-12-31,United States,Progressive Corp/The,Financials,18242703120,1808562943,1.35%,1.35,,Both,PGR,2026-09-06 10:15:28,10.991466,13.437346,3.7051766,0.18,127231852544.0,hold,232.0,249.71,189.2,0.259,Financial Services,218.95,-2.1977
2025-12-31,United States,Radian Group Inc,Financials,685956723,68005048,1.39%,1.39,,Ownership,RDN,2026-09-06 10:15:50,9.051851,6.978072,1.0182486,2.78,4850166272.0,none,43.8,41.05,31.5,0.699,Financial Services,36.66,-0.407502
2025-12-31,United States,Robinhood Markets Inc,Financials,11433191974,1133474967,0.52%,1.11,,Market Value,HOOD,2026-09-06 10:13:08,54.030975,37.036476,11.579896,,109786939392.0,buy,123.37556,153.86,63.515,2.34,Financial Services,122.11,-2.09269
2025-12-31,United States,S&P Global Inc,Financials,21411002911,2122664946,1.31%,1.31,,Market Value,SPGI,2026-09-06 10:16:39,27.026814,21.935038,4.150578,0.87,130746753024.0,strong_buy,519.3,522.46924,361.03122,1.077,Financial Services,443.51,-1.56908
2025-12-31,United States,SoFi Technologies Inc,Financials,4038794375,400401947,1.21%,1.21,,Market Value,SOFI,2026-09-06 10:16:33,37.18367,22.159517,2.1225536,,23532410880.0,hold,20.2619,32.73,14.88,2.208,Financial Services,18.22,-1.56673
2025-12-31,United States,SOUTHSTATE BANK CORP,Financials,1270335772,125939790,1.33%,1.33,,Ownership,SSB,2026-09-06 10:16:44,11.342437,10.40741,1.1466862,2.44,10471310336.0,buy,119.85714,112.2,84.48,0.71,Financial Services,107.98,0.812252
2025-12-31,United States,Stifel Financial Corp,Financials,1739437913,172446097,1.35%,1.35,,Ownership,SF,2026-09-06 10:16:23,14.577817,11.11948,2.3184159,1.67,12305130496.0,buy,89.0,89.82667,67.81,0.984,Financial Services,81.49,-0.960137
2025-12-31,United States,Synovus Financial Corp,Financials,2058326712,204060407,2.94%,2.94,,Ownership,SNV,,,,,,,,,,,,,,
2025-12-31,United States,Travelers Cos Inc/The,Financials,5393381034,534694284,0.83%,0.83,,Market Value,TRV,2026-09-06 10:17:16,9.931434,12.226635,2.3262038,1.35,77037182976.0,none,360.33334,398.7,252.26,0.451,Financial Services,369.35,-1.33301
2025-12-31,United States,Truist Financial Corp,Financials,4933742018,489126141,0.78%,0.78,,Market Value,TFC,2026-09-06 10:17:06,11.873564,10.376571,1.0751905,4.03,63096995840.0,hold,54.91667,56.2,40.78,0.862,Financial Services,51.65,0.0775061
2025-12-31,United States,Unum Group,Financials,11185496286,1108918670,8.55%,8.55,,Both,UNM,2026-09-06 10:17:27,22.23898,10.133453,1.4037169,2.11,15173706752.0,buy,101.84615,96.77,69.02,0.264,Financial Services,95.85,-0.745574
2025-12-31,United States,US Bancorp,Financials,18865833472,1870339449,2.25%,2.25,,Both,USB,2026-09-06 10:17:27,12.648702,10.943655,1.6285883,3.28,98733719552.0,buy,70.31818,66.08,45.02,0.971,Financial Services,63.37,-0.251849
2025-12-31,United States,Webster Financial Corp,Financials,1432681282,142034558,1.4%,1.4,,Ownership,WBS,,,,,,,,,,,,,,
2025-12-31,United States,Wells Fargo & Co,Financials,44908428895,4452175743,1.52%,1.52,,Both,WFC,,,,,,,,,,,,,,
2025-12-31,United States,Western Alliance Bancorp,Financials,1265722768,125482462,1.36%,1.36,,Ownership,WAL,,,,,,,,,,,,,,
2025-12-31,United States,Willis Towers Watson PLC,Financials,4394064346,435623048,1.38%,1.38,,Both,WTW,,,,,,,,,,,,,,
2025-12-31,United States,XP Inc,Financials,1529376760,151620849,0.63%,1.71,,Ownership,XP,,,,,,,,,,,,,,
2025-12-31,United States,Abbott Laboratories,Health Care,28081126208,2783934153,1.28%,1.28,,Both,ABT,2026-09-06 10:09:29,35.058254,17.861883,3.6676033,2.33,187452440576.0,buy,120.2,137.49,81.97,0.586,Healthcare,108.33,-0.422832
2025-12-31,United States,AbbVie Inc,Health Care,55951446730,5546969245,1.37%,1.37,,Both,ABBV,2026-09-06 10:09:29,72.44633,15.751116,-76.350105,2.7,453194874880.0,buy,276.5862,267.47,190.75,0.281,Healthcare,256.46,-1.44114
2025-12-31,United States,Agilent Technologies Inc,Health Care,5513122152,546565296,1.42%,1.42,,Both,A,2026-09-06 10:09:24,29.755423,22.30469,5.777199,0.68,42537365504.0,buy,175.45,163.75,108.35,1.241,Healthcare,150.86,0.586748
2025-12-31,United States,Align Technology Inc,Health Care,1574061463,156050845,1.39%,1.39,,Ownership,ALGN,2026-09-06 10:09:45,27.540796,12.6417,2.670308,,11269406720.0,buy,208.6,200.44,122.0,1.643,Healthcare,158.635,-0.763192
2025-12-31,United States,Alnylam Pharmaceuticals Inc,Health Care,8508610460,843534945,1.61%,1.61,,Both,ALNY,2026-09-06 10:09:45,46.28,21.141335,26.282467,,35607941120.0,buy,370.2,495.55,197.81,0.3,Healthcare,266.11,0.60869
2025-12-31,United States,Amgen Inc,Health Care,18154508606,1799819429,1.02%,1.02,,Market Value,AMGN,2026-09-06 10:09:51,27.17402,17.913734,20.223404,2.31,236380536832.0,buy,389.68967,447.03,269.77,0.426,Healthcare,437.23,-1.55138
2025-12-31,United States,Avalo Therapeutics Inc,Health Care,59845822,5933054,1.76%,1.76,,Ownership,AVTX,2026-09-06 10:10:07,,-7.0125666,2.2674212,,1031304640.0,strong_buy,44.08333,24.27,9.54,0.793,Healthcare,19.23,1.21052
2025-12-31,United States,Avantor Inc,Health Care,1054643670,104556296,1.34%,1.34,,Ownership,AVTR,2026-09-06 10:10:07,,16.976446,1.7986304,,10125091840.0,hold,14.56429,15.93,7.265,0.895,Healthcare,14.97,-1.44832
2025-12-31,United States,Avidity Biosciences Inc,Health Care,1877398681,186123386,1.71%,1.71,,Ownership,RNA,2026-09-06 10:16:01,,-1.7605457,1.0368259,,242729088.0,none,25.0,16.77,11.13,,Healthcare,14.19,-2.80822
2025-12-31,United States,Axsome Therapeutics Inc,Health Care,1224551740,121400808,1.32%,1.32,,Ownership,AXSM,2026-09-06 10:10:12,,41.056976,129.74261,,10826066944.0,strong_buy,285.41953,260.19,112.9,0.706,Healthcare,206.68,-0.801542
2025-12-31,United States,Becton Dickinson & Co,Health Care,7457344846,739313546,1.33%,1.33,,Both,BDX,2026-09-06 10:10:23,31.961937,13.898074,2.0609794,2.27,50320740352.0,buy,195.66667,193.07,127.58648,0.276,Healthcare,184.74,-1.53501
2025-12-31,United States,Biogen Inc,Health Care,4400532059,436264251,1.69%,1.69,,Both,BIIB,2026-09-06 10:10:28,39.2238,13.348275,1.730507,,32628516864.0,buy,236.86516,225.8,135.39,0.171,Healthcare,220.83,-1.63912
2025-12-31,United States,BioMarin Pharmaceutical Inc,Health Care,4461792510,442337549,3.87%,3.87,,Both,BMRN,2026-09-06 10:10:33,179.8108,10.175755,2.0367987,,12878461952.0,buy,91.42308,70.98,49.26,0.238,Healthcare,66.53,0.150532
2025-12-31,United States,Boston Scientific Corp,Health Care,19418746080,1925154640,1.36%,1.36,,Both,BSX,2026-09-06 10:10:44,19.352226,13.923965,2.7739089,,69273174016.0,buy,62.68966,109.5,42.2,0.568,Healthcare,47.8,1.81043
2025-12-31,United States,Bristol-Myers Squibb Co,Health Care,18098312852,1794248239,1.63%,1.63,,Both,BMY,2026-09-06 10:10:33,14.718061,10.189144,6.116247,3.77,136494186496.0,buy,66.20833,68.64,42.52,0.227,Healthcare,66.82,-1.86517
2025-12-31,United States,Cabaletta Bio Inc,Health Care,59521562,5900907,2.8%,2.76,,Ownership,CABA,2026-09-06 10:10:44,,-2.348244,2.7627387,,588322688.0,strong_buy,13.25,4.23,1.625,3.262,Healthcare,3.47,-0.287356
2025-12-31,United States,Cardinal Health Inc,Health Care,6313008912,625865252,1.28%,1.28,,Both,CAH,2026-09-06 10:10:49,34.23546,17.559462,-19.97737,0.83,57488068608.0,strong_buy,270.9375,258.3,145.87,0.519,Healthcare,247.18,-0.575201
2025-12-31,United States,Centene Corp,Health Care,2306044204,228618866,1.13%,1.13,,Market Value,CNC,2026-09-06 10:11:11,,12.6192465,1.4678257,,33117425664.0,buy,71.66667,69.36,28.33,1.106,Healthcare,67.04,-1.44075
2025-12-31,United States,Cigna Group/The,Health Care,9396675050,931576761,1.27%,1.27,,Both,CI,2026-09-06 10:11:06,11.684036,8.436079,1.7480185,2.21,74653220864.0,buy,341.41666,315.47,239.51,0.317,Healthcare,282.52,-1.30651
2025-12-31,United States,Concentra Group Holdings Parent Inc,Health Care,371658269,36845821,1.46%,1.46,,Ownership,CON,2026-09-06 10:11:16,22.23871,18.833595,9.214114,0.73,4395536384.0,none,39.875,35.9,18.545,0.634,Healthcare,34.47,-0.1159
2025-12-31,United States,Cytokinetics Inc,Health Care,999398879,99079383,1.28%,1.28,,Ownership,CYTK,2026-09-06 10:11:32,,-16.339077,-58.176003,,10109784064.0,strong_buy,109.9,88.31,47.22,0.36,Healthcare,72.72,-1.66328
2025-12-31,United States,Danaher Corp,Health Care,22510974277,2231714983,1.38%,1.38,,Both,DHR,2026-09-06 10:11:37,37.01604,22.33929,2.7759807,0.77,145982078976.0,strong_buy,229.08696,242.8,160.93,0.808,Healthcare,207.66,-1.59693
2025-12-31,United States,Denali Therapeutics Inc,Health Care,852590585,84524959,3.25%,3.25,,Ownership,DNLI,2026-09-06 10:11:43,,-9.155124,4.2616677,,3561400320.0,strong_buy,35.75,27.3,12.58,1.005,Healthcare,22.28,-2.2807
2025-12-31,United States,Dexcom Inc,Health Care,3531722418,350131351,1.35%,1.35,,Both,DXCM,2026-09-06 10:11:48,34.743084,28.136465,12.654765,,33170012160.0,strong_buy,94.12,92.59,54.11,1.419,Healthcare,87.9,-2.01761
2025-12-31,United States,Edwards Lifesciences Corp,Health Care,7607993429,754248693,1.52%,1.52,,Both,EW,2026-09-06 10:12:09,53.511906,26.617321,4.88189,,51818360832.0,buy,100.96154,96.29,72.3,0.852,Healthcare,89.9,0.133663
2025-12-31,United States,Elevance Health Inc,Health Care,11203918384,1110745018,1.43%,1.43,,Both,ELV,2026-09-06 10:11:59,18.01503,13.764354,1.9687322,1.69,88374239232.0,buy,449.09525,436.24,274.84,0.696,Healthcare,407.5,-1.75515
2025-12-31,United States,Eli Lilly & Co,Health Care,120959852210,11991836124,1.18%,1.18,,Market Value,LLY,2026-09-06 10:14:07,38.607994,24.32231,30.244724,0.6,1024931856384.0,buy,1315.558,1292.65,712.05,0.502,Healthcare,1149.36,-0.883062
2025-12-31,United States,Fulcrum Therapeutics Inc,Health Care,195562001,19387817,2.6%,2.6,,Ownership,FULC,2026-09-06 10:12:31,,-7.8904757,0.9452492,,293744416.0,none,3.5,15.74,2.83,2.585,Healthcare,3.85,0.260416
2025-12-31,United States,GE HealthCare Technologies Inc,Health Care,5160547418,511611397,1.37%,1.37,,Both,GEHC,2026-09-06 10:12:36,15.866359,12.727763,2.8339782,0.2,31103115264.0,buy,82.5,89.77,58.75,0.821,Healthcare,68.86,-1.23351
2025-12-31,United States,Gilead Sciences Inc,Health Care,24803653694,2459008877,1.61%,1.61,,Both,GILD,2026-09-06 10:12:36,,15.270437,15.840852,2.17,187227029504.0,buy,157.40741,157.29,108.46,0.35,Healthcare,150.995,-0.148794
2025-12-31,United States,Guardant Health Inc,Health Care,1694602902,168001200,1.28%,1.28,,Ownership,GH,2026-09-06 10:12:36,,-364.89206,-96.768585,,21660604416.0,strong_buy,194.29167,176.58,53.4,1.576,Healthcare,161.41,0.229763
2025-12-31,United States,HCA Healthcare Inc,Health Care,11314280845,1121686239,1.05%,1.05,,Market Value,HCA,2026-09-06 10:12:57,13.586045,12.630523,-13.290454,0.77,87683112960.0,buy,451.4762,556.52,353.99,1.109,Healthcare,405.0,-1.0264
2025-12-31,United States,Hologic Inc,Health Care,2180296840,216152400,1.3%,1.3,,Both,HOLX,2026-09-06 10:13:08,,,,,,,,,,,,,
2025-12-31,United States,Humana Inc,Health Care,5051961854,500846335,1.63%,1.63,,Both,HUM,2026-09-06 10:13:13,38.02462,24.235834,2.5096092,0.88,48217047040.0,buy,418.6087,428.88,163.11,0.745,Healthcare,401.54,-1.22503
2025-12-31,United States,ICON PLC,Health Care,1862655353,184661748,1.33%,1.33,,Ownership,ICLR,2026-09-06 10:13:13,257.57816,13.881861,1.3562208,,12718871552.0,buy,185.5625,203.91,66.57,1.201,Healthcare,164.85,0.776381
2025-12-31,United States,Insmed Inc,Health Care,4651099298,461105231,1.24%,1.24,,Market Value,INSM,2026-09-06 10:13:24,,157.42172,36.394814,,27579400192.0,strong_buy,200.18182,212.75,90.39,0.817,Healthcare,126.29,-0.307862
2025-12-31,United States,Insulet Corp,Health Care,2548352266,252641039,1.26%,1.26,,Market Value,PODD,2026-09-06 10:15:34,27.617975,19.126272,7.1916904,,10228357120.0,none,171.90909,354.88,126.4,1.079,Healthcare,147.48,-2.05871
2025-12-31,United States,Intuitive Surgical Inc,Health Care,26510337232,2628207739,1.31%,1.31,,Both,ISRG,2026-09-06 10:13:30,42.004585,30.37902,7.142857,,131380568064.0,buy,478.00934,603.88,328.57,1.465,Healthcare,366.7,-0.846328
2025-12-31,United States,IQVIA Holdings Inc,Health Care,4698607796,465815175,1.21%,1.21,,Market Value,IQV,2026-09-06 10:13:30,33.346203,18.518646,7.142247,,44074938368.0,strong_buy,276.27777,271.8,154.5,1.186,Healthcare,267.77,-1.41742
2025-12-31,United States,Johnson & Johnson,Health Care,64007764857,6345664391,1.27%,1.27,,Both,JNJ,2026-09-06 10:13:40,31.96632,22.362787,7.80042,1.95,663276421120.0,buy,275.63635,281.07,173.33,0.235,Healthcare,275.23,-1.14929
2025-12-31,United States,Labcorp Holdings Inc,Health Care,2400579922,237991040,1.14%,1.14,,Market Value,LH,2026-09-06 10:14:02,27.03805,16.49257,3.072621,0.88,26510780416.0,buy,341.5,341.8,244.52,0.851,Healthcare,326.89,-1.39064
2025-12-31,United States,Medline Inc,Health Care,2118238500,210000000,0.37%,0.37,,Market Value,MDLN,2026-09-06 10:14:24,45.7375,23.071344,2.7730203,,49229402112.0,buy,44.6,50.876,32.485,,Healthcare,36.59,0.0
2025-12-31,United States,Medtronic PLC,Health Care,16137596207,1599864795,1.3%,1.3,,Both,MDT,2026-09-06 10:14:24,23.194582,14.715259,2.437238,3.06,120456413184.0,buy,104.76,106.33,73.31,0.574,Healthcare,94.17,1.1493
2025-12-31,United States,Merck & Co Inc,Health Care,37355115258,3703347949,1.42%,1.42,,Both,MRK,2026-09-06 10:14:34,120.264,15.747643,8.850229,2.23,370889916416.0,buy,148.73077,156.92,77.58,0.226,Healthcare,150.33,-1.31941
2025-12-31,United States,Natera Inc,Health Care,4091979180,405674634,1.27%,1.27,,Both,NTRA,2026-09-06 10:15:01,,-3679.148,25.875582,,47305236480.0,strong_buy,338.07144,343.18,157.425,1.534,Healthcare,328.18,0.155638
2025-12-31,United States,Neurogene Inc,Health Care,76297668,7564073,2.37%,1.88,,Ownership,NGNE,2026-09-06 10:14:50,,-7.4553356,2.8142316,,772439296.0,none,80.42857,43.66,15.93,1.956,Healthcare,38.6,2.63227
2025-12-31,United States,ORIC Pharmaceuticals Inc,Health Care,148288080,14701129,1.85%,1.85,,Ownership,ORIC,2026-09-06 10:15:12,,-7.963538,3.495515,,1332973184.0,strong_buy,20.66667,14.93,7.23,0.991,Healthcare,12.86,0.941914
2025-12-31,United States,Perrigo Co PLC,Health Care,487576545,48337840,2.52%,2.52,,Ownership,PRGO,2026-09-06 10:15:39,,6.2209177,0.8225824,7.77,2064447232.0,none,16.5,22.9,9.23,0.597,Healthcare,14.92,4.55501
2025-12-31,United States,Pfizer Inc,Health Care,16487215203,1634525665,1.15%,1.15,,Market Value,PFE,2026-09-06 10:15:23,37.43421,9.825931,1.9032648,6.05,162155724800.0,buy,28.60577,29.21,23.58,0.299,Healthcare,28.45,-1.24956
2025-12-31,United States,Regeneron Pharmaceuticals Inc,Health Care,8580372576,850649368,0.91%,1.05,,Market Value,REGN,2026-09-06 10:15:55,20.49319,13.656005,2.6184473,0.45,85217902592.0,buy,840.4285,859.34,541.0,0.193,Healthcare,827.72,-1.86729
2025-12-31,United States,ResMed Inc,Health Care,2565971787,254387821,0.72%,0.72,,Market Value,RMD,2026-09-06 10:16:01,21.872606,17.283335,5.0015335,1.16,32940013568.0,buy,246.125,284.87,180.27,0.766,Healthcare,228.35,-0.366507
2025-12-31,United States,Revolution Medicines Inc,Health Care,2033598584,201608885,1.31%,1.31,,Both,RVMD,2026-09-06 10:16:06,,-35.900795,17.264284,,45014933504.0,strong_buy,250.4625,224.31,39.73,1.406,Healthcare,210.02,-0.403088
2025-12-31,United States,Royalty Pharma PLC,Health Care,2014276337,199693297,0.89%,0.89,,Market Value,RPRX,2026-09-06 10:16:06,34.387096,11.149034,4.1724834,1.47,36958355456.0,strong_buy,64.75,64.38,34.081,0.43,Healthcare,63.96,0.125232
2025-12-31,United States,Scholar Rock Holding Corp,Health Care,1308616180,129734871,2.89%,2.89,,Ownership,SRRK,2026-09-06 10:16:39,,-23.762794,26.511742,,6738379776.0,strong_buy,60.75,61.76,27.07,0.684,Healthcare,55.33,-1.09045
2025-12-31,United States,Semler Scientific Inc,Health Care,68631432,6804050,2.91%,2.91,,Ownership,SMLR,,,,,,,,,,,,,,
2025-12-31,United States,STERIS PLC,Health Care,3101394248,307469056,1.24%,1.24,,Market Value,STE,2026-09-06 10:16:44,27.455988,18.338203,3.03849,1.15,21897549824.0,none,263.125,269.44,195.14,0.914,Healthcare,224.59,-0.685417
2025-12-31,United States,Stryker Corp,Health Care,16650277637,1650691508,1.23%,1.23,,Market Value,SYK,2026-09-06 10:16:55,31.44502,18.091988,4.847133,1.16,116272504832.0,buy,382.72,395.9,281.0,0.768,Healthcare,303.13,-1.57797
2025-12-31,United States,Tandem Diabetes Care Inc,Health Care,192788581,19112863,1.28%,1.28,,Ownership,TNDM,2026-09-06 10:17:11,,116.57879,10.613333,,1384616192.0,buy,28.7,29.65,11.46,1.556,Healthcare,19.9,-2.59423
2025-12-31,United States,Teleflex Inc,Health Care,799162202,79228124,1.47%,1.47,,Ownership,TFX,2026-09-06 10:17:06,,12.633389,2.0184398,0.98,5862644736.0,hold,153.54546,145.0,100.18,0.814,Healthcare,138.36,-1.14319
2025-12-31,United States,Tenet Healthcare Corp,Health Care,2221659987,220253100,1.26%,1.26,,Market Value,THC,2026-09-06 10:17:06,10.245458,12.572527,4.581043,,21341560832.0,strong_buy,285.09525,283.05,157.58,1.23,Healthcare,265.05,0.592052
2025-12-31,United States,Thermo Fisher Scientific Inc,Health Care,29683488512,2942790714,1.35%,1.35,,Both,TMO,2026-09-06 10:17:11,32.998924,22.296474,4.3080444,0.31,226943500288.0,buy,638.1111,647.0,435.27,0.854,Healthcare,613.78,-0.751898
2025-12-31,United States,uniQure NV,Health Care,197251708,19555333,1.31%,1.31,,Ownership,QURE,2026-09-06 10:15:45,,-14.545381,9.520754,,3086805504.0,strong_buy,69.727394,71.5,8.73,0.944,Healthcare,44.5,-0.802498
2025-12-31,United States,United Therapeutics Corp,Health Care,2472512066,245122319,1.17%,1.17,,Market Value,UTHR,2026-09-06 10:17:32,17.483328,16.23531,3.251362,,20913930240.0,buy,664.3333,609.35,388.73,0.558,Healthcare,487.61,-0.536473
2025-12-31,United States,UnitedHealth Group Inc,Health Care,39648068163,3930668956,1.31%,1.31,,Both,UNH,2026-09-06 10:17:27,25.506744,17.701515,3.6508217,2.34,356470816768.0,buy,475.23077,461.62,255.97,0.622,Healthcare,397.14,-0.94777
2025-12-31,United States,Upstream Bio Inc,Health Care,843928411,83666200,5.7%,5.7,,Ownership,UPB,2026-09-06 10:17:27,,-2.169926,1.0759041,,329173952.0,buy,33.5,33.68,5.77,,Healthcare,6.01,-1.15131
2025-12-31,United States,Veeva Systems Inc,Health Care,3179409806,315203439,0.86%,0.86,,Market Value,VEEV,2026-09-06 10:17:32,45.02291,26.861557,6.1365666,,44539502592.0,buy,294.07407,310.5,148.05,0.974,Healthcare,275.09,-3.26676
2025-12-31,United States,Vera Therapeutics Inc,Health Care,463538024,45954686,1.28%,1.28,,Ownership,VERA,2026-09-06 10:17:32,,-7.6870356,6.333157,,2586353152.0,strong_buy,77.14286,56.05,22.72,0.953,Healthcare,35.89,2.57216
2025-12-31,United States,Vertex Pharmaceuticals Inc,Health Care,13873754712,1375429863,1.2%,1.2,,Market Value,VRTX,2026-09-06 10:17:43,31.843733,25.083778,6.833248,,138420076544.0,buy,569.53845,560.25,374.17,0.32,Healthcare,546.12,-2.12202
2025-12-31,United States,Waters Corp,Health Care,2528569778,250679824,1.11%,1.11,,Market Value,WAT,,,,,,,,,,,,,,
2025-12-31,United States,West Pharmaceutical Services Inc,Health Care,2420821239,239997744,1.21%,1.21,,Market Value,WST,,,,,,,,,,,,,,
2025-12-31,United States,Xenon Pharmaceuticals Inc,Health Care,480783771,47664412,1.38%,1.38,,Ownership,XENE,,,,,,,,,,,,,,
2025-12-31,United States,Zimmer Biomet Holdings Inc,Health Care,2288820464,226911322,1.27%,1.27,,Market Value,ZBH,,,,,,,,,,,,,,
2025-12-31,United States,Zoetis Inc,Health Care,6110720572,605810592,1.09%,1.09,,Market Value,ZTS,,,,,,,,,,,,,,
2025-12-31,United States,3M Co,Industrials,15035339138,1490588156,1.75%,1.75,,Both,MMM,2026-09-06 10:14:29,29.939608,17.238558,29.447939,1.85,86930169856.0,none,185.57059,184.9,139.34,1.074,Industrials,168.56,0.148535
2025-12-31,United States,Accenture PLC,Industrials,20428684637,2025278916,1.23%,1.22,,Market Value,ACN,2026-09-06 10:09:35,14.901836,12.740905,3.5824332,3.49,114261827584.0,buy,184.1884,291.09,118.15,1.092,Technology,186.72,-3.314
2025-12-31,United States,ADT Inc,Industrials,1946724581,192996285,3.13%,2.92,,Ownership,ADT,2026-09-06 10:09:35,10.361111,7.571836,1.5738398,2.95,5449971712.0,buy,8.23,8.935,6.24,1.035,Industrials,7.46,-0.665781
2025-12-31,United States,Advanced Drainage Systems Inc,Industrials,1680990508,166651681,1.48%,1.48,,Ownership,WMS,,,,,,,,,,,,,,
2025-12-31,United States,AECOM,Industrials,1761374047,174620823,1.39%,1.39,,Ownership,ACM,2026-09-06 10:09:35,23.443663,10.410591,3.9068186,1.86,8568608256.0,strong_buy,86.91667,135.52,60.35,0.909,Industrials,66.58,-0.374083
2025-12-31,United States,AerCap Holdings NV,Industrials,4940893916,489835173,2%,2.0,,Both,AER,2026-09-06 10:09:40,7.1414533,7.984816,1.2197168,1.1,22854561792.0,none,179.3,158.81,118.93,0.925,Industrials,145.4,-0.737303
2025-12-31,United States,Alliance Laundry Holdings Inc,Industrials,564485343,55962500,0%,1.39,,Ownership,ALH,2026-09-06 10:09:45,24.440859,15.237546,8.987741,,4518475776.0,strong_buy,32.25,28.23,18.64,,Consumer Cyclical,22.73,0.220455
2025-12-31,United States,Amcor PLC,Industrials,3261258301,323317815,1.68%,1.68,,Ownership,AMCR,2026-09-06 10:09:51,18.970589,10.3634205,1.769062,5.76,20874909696.0,buy,49.93462,50.94,36.25,0.595,Consumer Cyclical,45.15,-0.198939
2025-12-31,United States,American Express Co,Industrials,22837621343,2264098439,0.89%,0.89,,Market Value,AXP,2026-09-06 10:10:12,19.80328,16.215822,6.422369,1.17,220259057664.0,buy,375.9556,387.49,290.97,1.048,Financial Services,326.16,-1.1097
2025-12-31,United States,AMETEK Inc,Industrials,7154694437,709309094,1.5%,1.5,,Both,AME,2026-09-06 10:09:51,34.70365,24.770912,4.8397737,0.57,54499983360.0,buy,278.05557,261.16,179.24,0.989,Industrials,237.72,1.50299
2025-12-31,United States,Automatic Data Processing Inc,Industrials,6451570823,639602138,0.61%,0.61,,Market Value,ADP,2026-09-06 10:09:35,25.3766,20.720322,18.311457,2.45,110288084992.0,hold,287.6,299.22,188.16,0.83,Technology,277.62,-2.08444
2025-12-31,United States,Axon Enterprise Inc,Industrials,5258814479,521353493,1.16%,1.16,,Market Value,AXON,2026-09-06 10:10:12,213.08676,48.835297,11.400304,,41891696640.0,buy,693.40424,792.16,339.01,1.399,Industrials,515.67,-4.17728
2025-12-31,United States,Block Inc,Industrials,4785855055,474464779,0.64%,1.2,,Market Value,SQ,2026-09-06 10:16:39,,,,,,,,,,,,,
2025-12-31,United States,Bloom Energy Corp,Industrials,6691609515,663399328,3.23%,3.23,,Both,BE,2026-09-06 10:10:23,332.7237,51.394985,46.0182,,74477133824.0,buy,275.08463,351.28,52.0,3.811,Industrials,252.87,7.353
2025-12-31,United States,Capital One Financial Corp,Industrials,19335562297,1916907885,1.24%,1.24,,Market Value,COF,2026-09-06 10:11:11,12.092511,9.144658,1.3082409,1.45,134721282048.0,buy,258.27274,259.64,174.24,1.016,Financial Services,219.6,-0.408161
2025-12-31,United States,Cintas Corp,Industrials,8057347878,798797234,1.06%,1.06,,Market Value,CTAS,2026-09-06 10:11:27,40.828922,32.788845,15.606851,1.04,80221995008.0,buy,216.3125,219.17,161.16,0.913,Industrials,200.47,-0.288486
2025-12-31,United States,Cognex Corp,Industrials,853453745,84610532,1.4%,1.4,,Ownership,CGNX,2026-09-06 10:11:00,59.85577,30.752892,6.426138,0.55,10471933952.0,buy,80.05263,72.88,34.6,1.49,Technology,62.25,2.40171
2025-12-31,United States,Crane Co,Industrials,1988556889,197143498,1.86%,1.86,,Ownership,CR,2026-09-06 10:11:21,35.722515,26.182323,5.432902,0.5,11831154688.0,strong_buy,237.2,230.5,159.58,1.084,Industrials,204.69,0.867299
2025-12-31,United States,CRH PLC,Industrials,14458929150,1433443459,1.72%,1.72,,Both,CRH,2026-09-06 10:11:21,16.653711,14.27319,2.6115143,1.65,62709714944.0,strong_buy,138.31956,131.55,90.21,1.198,Basic Materials,94.26,2.412
2025-12-31,United States,CSW Industrials Inc,Industrials,870316244,86282263,1.76%,1.76,,Ownership,CSWI,2026-09-06 10:11:27,,,,,,,,,,,,,
2025-12-31,United States,CSX Corp,Industrials,7665492542,759949096,1.13%,1.13,,Market Value,CSX,2026-09-06 10:11:27,28.726744,21.752052,6.499605,1.13,91530780672.0,buy,53.14088,53.6,31.8,1.207,Industrials,49.41,0.857314
2025-12-31,United States,Cummins Inc,Industrials,8019625975,795057523,1.13%,1.13,,Market Value,CMI,2026-09-06 10:11:11,28.653551,16.251726,6.0088296,1.57,77195354112.0,buy,757.0175,737.76,390.11,1.226,Industrials,560.75,2.7956
2025-12-31,United States,Curtiss-Wright Corp,Industrials,2892595890,286769000,1.41%,1.41,,Ownership,CW,2026-09-06 10:11:27,39.05927,33.073475,7.5565658,0.18,20932595712.0,buy,786.2857,808.16,473.19,0.845,Industrials,566.75,-0.346387
2025-12-31,United States,Deere & Co,Industrials,15956263685,1581887674,1.25%,1.25,,Market Value,DE,2026-09-06 10:11:37,38.61526,30.571552,6.680699,0.93,186993311744.0,buy,685.19,705.88,433.0,0.911,Industrials,693.53,-0.126718
2025-12-31,United States,Dow Inc,Industrials,2410594116,238983837,1.45%,1.45,,Ownership,DOW,2026-09-06 10:11:43,,16.03643,1.3408636,4.76,21265711104.0,buy,34.6875,42.74,20.65,0.424,Basic Materials,29.44,-3.0303
2025-12-31,United States,DY POWER Corp,Industrials,22228593,2203721,2.14%,2.14,,Ownership,,,,,,,,,,,,,,,
2025-12-31,United States,Eagle Materials Inc,Industrials,925547765,91757859,1.38%,1.38,,Ownership,EXP,2026-09-06 10:12:09,15.313386,13.615872,4.0290036,0.51,5965736960.0,hold,225.3,245.53,171.99,1.366,Basic Materials,194.48,0.464921
2025-12-31,United States,Eaton Corp PLC,Industrials,15105384843,1497532415,1.21%,1.21,,Market Value,ETN,2026-09-06 10:12:09,41.83809,25.571014,7.8786893,1.07,159574147072.0,buy,475.5708,478.0,311.92,1.168,Industrials,410.85,3.4574
2025-12-31,United States,EMCOR Group Inc,Industrials,3845023157,381191666,1.39%,1.39,,Ownership,EME,2026-09-06 10:11:59,23.472143,20.521925,8.179698,0.21,33265920000.0,buy,1033.2858,951.96,564.92,1.13,Industrials,754.16,1.73204
2025-12-31,United States,Emerson Electric Co,Industrials,9454991822,937358226,1.26%,1.26,,Market Value,EMR,2026-09-06 10:11:59,33.439827,21.094362,4.1828384,1.45,85243002880.0,buy,171.81444,166.35,122.64,1.233,Industrials,152.82,1.73757
2025-12-31,United States,EnerSys,Industrials,764531863,75794908,1.4%,1.4,,Ownership,ENS,2026-09-06 10:12:04,19.49732,12.806054,3.3530562,0.63,6560625152.0,none,252.584,244.3,102.4,1.218,Industrials,181.91,1.06672
2025-12-31,United States,Fair Isaac Corp,Industrials,4427017837,438890024,1.09%,1.09,,Market Value,FICO,2026-09-06 10:12:20,27.029863,17.570574,-4.914158,,20134612992.0,buy,1463.8406,1998.01,870.01,1.318,Technology,932.26,-16.6829
2025-12-31,United States,FedEx Corp,Industrials,7508983494,744432949,1.1%,1.1,,Market Value,FDX,2026-09-06 10:12:15,17.395899,15.47548,2.4458716,1.51,76330942464.0,buy,356.3728,345.37,178.93634,1.364,Industrials,322.52,-0.551944
2025-12-31,United States,Ferguson Enterprises Inc,Industrials,4715028189,467443076,1.07%,1.07,,Market Value,FERG,2026-09-06 10:12:15,22.4813,18.201727,7.1257877,1.56,44186537984.0,buy,288.42856,271.64,207.64,1.112,Industrials,228.41,2.32048
2025-12-31,United States,Fidelity National Information Services Inc,Industrials,4737259180,469647034,1.36%,1.36,,Both,FIS,2026-09-06 10:12:20,6.4347153,6.2513337,1.3477688,4.2,21602920448.0,buy,50.34783,70.27,37.42,0.801,Technology,41.89,-0.922421
2025-12-31,United States,Fiserv Inc,Industrials,4681880601,464156858,1.28%,1.28,,Market Value,FI,,,,,,,,,,,,,,
2025-12-31,United States,Fortive Corp,Industrials,4657639129,461753583,2.63%,2.63,,Both,FTV,2026-09-06 10:12:31,30.126984,17.52577,2.8430197,0.49,17196851200.0,none,64.30769,64.56,47.01,0.973,Technology,56.94,-0.973915
2025-12-31,United States,Fortune Brands Innovations Inc,Industrials,845235210,83795755,1.39%,1.39,,Ownership,FBIN,2026-09-06 10:12:15,34.76613,12.487725,2.2292895,2.41,5142739456.0,buy,57.26667,64.84,32.34,1.373,Industrials,43.11,2.1322
2025-12-31,United States,Gates Industrial Corp PLC,Industrials,754927762,74842767,1.35%,1.35,,Ownership,GTES,2026-09-06 10:12:52,18.404257,13.435572,1.8652962,,6569272832.0,buy,33.08333,30.34,20.88,1.263,Industrials,25.95,3.01707
2025-12-31,United States,GE Vernova Inc,Industrials,21824505506,2163659171,1.22%,1.22,,Market Value,GEV,2026-09-06 10:12:36,27.028696,37.267284,20.981178,0.21,250872922112.0,buy,1236.4318,1195.94,530.16,0.967,Industrials,941.95,0.0116777
2025-12-31,United States,Generac Holdings Inc,Industrials,1255872805,124505946,1.56%,1.56,,Ownership,GNRC,2026-09-06 10:12:41,43.06897,15.849947,3.8415797,,11054841856.0,buy,283.875,296.44,134.8,1.913,Industrials,187.35,2.36586
2025-12-31,United States,General Electric Co,Industrials,41916805908,4155589298,1.28%,1.28,,Market Value,GE,2026-09-06 10:12:36,39.661175,37.14776,19.829422,0.56,349783064576.0,strong_buy,404.90475,388.84,268.91,1.35,Industrials,337.12,1.09151
2025-12-31,United States,Global Payments Inc,Industrials,2570409922,254827813,1.39%,1.39,,Ownership,GPN,2026-09-06 10:12:47,43.857822,5.786658,1.0643632,1.08,24487786496.0,buy,103.14286,95.88,61.16,0.785,Industrials,92.54,0.839059
2025-12-31,United States,Herc Holdings Inc,Industrials,3195180868,316766966,6.42%,6.42,,Ownership,HRI,2026-09-06 10:13:08,82.409355,13.891107,2.4903245,1.99,4711158784.0,buy,186.58333,188.35,88.45,1.865,Industrials,140.92,1.42507
2025-12-31,United States,Howmet Aerospace Inc,Industrials,16703265745,1655944695,2.01%,2.01,,Both,HWM,2026-09-06 10:13:13,55.877155,40.392536,18.092812,0.21,103397236736.0,strong_buy,337.128,310.0,176.32,1.186,Industrials,259.27,-0.468349
2025-12-31,United States,Illinois Tool Works Inc,Industrials,7865947602,779822006,1.09%,1.09,,Market Value,ITW,2026-09-06 10:13:35,24.445248,21.79004,26.581383,2.55,76930170880.0,hold,301.85715,303.16,238.82,0.997,Industrials,270.12,-0.563224
2025-12-31,United States,Ingersoll Rand Inc,Industrials,4269099857,423234197,1.35%,1.35,,Ownership,IR,2026-09-06 10:13:30,31.553719,19.493168,2.9110594,0.1,29627635712.0,none,96.25,100.96,68.07,1.147,Industrials,76.36,1.27321
2025-12-31,United States,JB Hunt Transport Services Inc,Industrials,2918827137,289369539,1.56%,1.56,,Ownership,JBHT,2026-09-06 10:13:35,38.887783,27.06462,7.030379,0.66,25711091712.0,buy,305.45456,299.76,130.12,1.289,Industrials,273.77,2.81282
2025-12-31,United States,Johnson Controls International plc,Industrials,9697181743,961368687,1.31%,1.31,,Market Value,JCI,2026-09-06 10:13:35,40.82817,23.957659,6.512109,1.1,87796162560.0,buy,163.36842,157.06,104.49,1.304,Industrials,144.94,1.90537
2025-12-31,United States,Keysight Technologies Inc,Industrials,4271079794,423430486,1.21%,1.21,,Market Value,KEYS,2026-09-06 10:13:46,44.2774,23.971586,8.480238,,55705784320.0,none,415.08334,374.963,158.79,1.208,Technology,327.21,1.42273
2025-12-31,United States,Lincoln Electric Holdings Inc,Industrials,4114081570,407865842,3.09%,3.09,,Ownership,LECO,2026-09-06 10:13:57,27.616383,22.087847,9.694887,1.14,15067571200.0,buy,304.9091,310.0,216.22,1.221,Industrials,276.44,0.953152
2025-12-31,United States,Mastercard Inc,Industrials,63333195617,6278788285,1.23%,1.22,,Market Value,MA,2026-09-06 10:14:13,31.842222,25.154816,90.55817,0.6,507393736704.0,strong_buy,670.91895,601.62,464.52,0.735,Financial Services,579.21,-1.10976
2025-12-31,United States,Mettler-Toledo International Inc,Industrials,4752867176,471194394,1.65%,1.65,,Both,MTD,2026-09-06 10:14:40,30.305475,26.019684,2101.9688,,26954383360.0,hold,1451.9231,1525.17,1023.05,1.22,Healthcare,1345.26,-0.808858
2025-12-31,United States,Norfolk Southern Corp,Industrials,6902616746,684318370,1.06%,1.06,,Market Value,NSC,2026-09-06 10:14:56,28.086956,23.005182,4.5529423,1.64,73999474688.0,hold,365.27777,358.6,268.23,1.268,Industrials,329.46,0.49721
2025-12-31,United States,nVent Electric PLC,Industrials,2480911242,245955005,1.49%,1.49,,Ownership,NVT,2026-09-06 10:15:01,43.341667,24.152914,6.334443,0.54,25254692864.0,strong_buy,204.06667,184.64,89.98,1.355,Industrials,156.03,2.59057
2025-12-31,United States,Otis Worldwide Corp,Industrials,7589122713,752377870,2.21%,2.21,,Both,OTIS,2026-09-06 10:15:18,18.305912,15.670801,-4.7162066,2.47,27107463168.0,buy,88.25,94.565,69.16,0.875,Industrials,71.21,-0.377734
2025-12-31,United States,PACCAR Inc,Industrials,5749522053,570001740,0.99%,0.99,,Market Value,PCAR,2026-09-06 10:15:23,26.25263,17.347176,3.2299843,1.12,65637707776.0,buy,143.46667,139.24,92.25,0.972,Industrials,124.7,0.152594
2025-12-31,United States,Parker-Hannifin Corp,Industrials,16856470398,1671133248,1.51%,1.51,,Both,PH,2026-09-06 10:15:28,33.786945,24.58124,7.879942,0.83,121332039680.0,buy,1160.9535,1099.94,715.37,1.123,Industrials,962.59,-0.200099
2025-12-31,United States,PayPal Holdings Inc,Industrials,6789552109,673109257,1.23%,1.23,,Market Value,PYPL,2026-09-06 10:15:45,10.389414,9.495886,2.3902926,1.02,47016128512.0,hold,57.07344,79.215,38.46,1.286,Financial Services,54.96,-3.2735
2025-12-31,United States,Quanta Services Inc,Industrials,7671847616,760579132,1.21%,1.21,,Market Value,PWR,2026-09-06 10:15:45,71.44279,31.790665,9.735717,0.07,93875912704.0,strong_buy,770.0421,788.75,370.27,1.2,Industrials,624.41,0.701541
2025-12-31,United States,Ralliant Corp,Industrials,1040609792,103164991,1.8%,1.8,,Ownership,RALY,2026-09-06 10:15:50,,,,,,,,,,,,,
2025-12-31,United States,Regal Rexnord Corp,Industrials,1626848409,161284089,1.73%,1.73,,Ownership,RRX,2026-09-06 10:16:06,33.579384,12.460396,1.5684348,0.86,10841520128.0,strong_buy,249.0,247.8,127.96,1.039,Industrials,162.86,0.153742
2025-12-31,United States,REV Group Inc,Industrials,697130598,69112815,2.33%,2.33,,Ownership,REVG,,,,,,,,,,,,,,
2025-12-31,United States,Rockwell Automation Inc,Industrials,5200185686,515541094,1.18%,1.18,,Market Value,ROK,2026-09-06 10:16:01,40.656982,29.217535,13.787503,1.27,48271753216.0,buy,478.625,497.36,332.71,1.515,Industrials,433.81,1.29121
2025-12-31,United States,RTX Corp,Industrials,30803255853,3053803304,1.24%,1.24,,Market Value,RTX,2026-09-06 10:16:06,35.350353,25.559263,4.0769544,1.45,270616330240.0,buy,234.81818,226.88,150.61,0.287,Industrials,200.79,-0.662945
2025-12-31,United States,Saia Inc,Industrials,1335712434,132421166,1.52%,1.52,,Ownership,SAIA,2026-09-06 10:16:12,34.516876,25.303553,3.4924724,,9523032064.0,buy,432.9524,494.71,249.32,2.139,Industrials,357.94,3.50771
2025-12-31,United States,Sealed Air Corp,Industrials,1303047945,129182842,2.12%,2.12,,Ownership,SEE,,,,,,,,,,,,,,
2025-12-31,United States,Sherwin-Williams Co/The,Industrials,11090604882,1099511233,1.37%,1.37,,Both,SHW,2026-09-06 10:16:28,30.75668,24.512121,20.89213,0.96,81010819072.0,buy,391.0,377.77,289.86,1.089,Basic Materials,333.71,0.4364
2025-12-31,United States,Smurfit WestRock PLC,Industrials,5138993259,509474540,2.52%,2.52,,Both,SW,2026-09-06 10:16:50,48.75532,13.483893,1.3328098,3.95,24038885376.0,strong_buy,56.71875,52.65,32.729,0.931,Consumer Cyclical,45.83,1.2594
2025-12-31,United States,StandardAero Inc,Industrials,2250703993,223132494,2.33%,2.33,,Ownership,SARO,2026-09-06 10:16:17,25.577318,14.061437,2.9816127,,8210110976.0,buy,35.81429,34.48,23.83,,Industrials,24.81,0.689935
2025-12-31,United States,StoneCo Ltd,Industrials,883884468,87627403,1.4%,2.18,,Ownership,STNE,2026-09-06 10:16:44,3.7723877,4.2882004,1.0220895,,2331321856.0,buy,15.177288,19.95,9.08,1.616,Technology,10.11,-2.03488
2025-12-31,United States,Synchrony Financial,Industrials,4145657894,410996287,1.37%,1.37,,Ownership,SYF,2026-09-06 10:16:55,8.196923,7.604078,1.7108727,1.7,26003638272.0,buy,89.30435,88.77,63.08,1.308,Financial Services,79.92,0.087664
2025-12-31,United States,Teledyne Technologies Inc,Industrials,4213622605,417734239,1.74%,1.74,,Ownership,TDY,2026-09-06 10:17:00,29.585758,22.848606,2.5925534,,28307091456.0,none,757.25,697.67,483.02,0.908,Technology,610.65,0.457339
2025-12-31,United States,Terex Corp,Industrials,491227057,48699748,1.39%,1.39,,Ownership,TEX,2026-09-06 10:17:06,30.25359,10.597361,1.4584583,1.08,7227188736.0,none,79.94,74.69,41.7,1.502,Industrials,63.23,0.748887
2025-12-31,United States,Trane Technologies PLC,Industrials,11911354425,1180879504,1.37%,1.37,,Both,TT,2026-09-06 10:17:16,33.325893,25.554218,11.442951,0.94,98548383744.0,buy,526.99146,505.87,348.06,1.197,Industrials,447.9,0.846575
2025-12-31,United States,TransDigm Group Inc,Industrials,10180137548,1009248432,1.35%,1.35,,Both,TDG,2026-09-06 10:17:00,35.21364,24.004274,-6.918035,,64234086400.0,buy,1522.7894,1463.03,1123.61,0.893,Industrials,1162.05,0.364483
2025-12-31,United States,Union Pacific Corp,Industrials,17959777548,1780513991,1.3%,1.3,,Market Value,UNP,2026-09-06 10:17:27,23.470015,20.460657,8.854714,1.96,172056150016.0,buy,329.25,315.99,210.84,0.966,Industrials,289.62,0.162546
2025-12-31,United States,United Parcel Service Inc,Industrials,8163262074,809297459,0.45%,0.96,,Market Value,UPS,2026-09-06 10:17:27,19.01301,12.66765,5.777464,6.41,87026450432.0,buy,116.07692,122.41,82.0,1.038,Industrials,102.29,-1.16908
2025-12-31,United States,United Rentals Inc,Industrials,9739083722,965522807,1.87%,1.87,,Both,URI,2026-09-06 10:17:27,24.269646,17.659355,6.824854,0.78,62856196096.0,none,1272.4286,1179.18,701.59,1.787,Industrials,1009.86,1.60886
2025-12-31,United States,Visa Inc,Industrials,77934356342,7726332437,1.31%,1.21,,Market Value,V,2026-09-06 10:17:32,31.948042,24.997501,19.876524,0.71,700273459200.0,strong_buy,419.36163,385.57,293.89,0.761,Financial Services,375.07,-0.971615
2025-12-31,United States,Vulcan Materials Co,Industrials,4346580112,430915510,1.14%,1.14,,Market Value,VMC,2026-09-06 10:17:38,30.970522,24.368698,4.014828,0.8,34031263744.0,buy,325.73914,331.09,252.35,1.054,Basic Materials,262.63,0.922259
2025-12-31,United States,Westinghouse Air Brake Technologies Corp,Industrials,4573291981,453391493,1.24%,1.24,,Market Value,WAB,2026-09-06 10:17:43,38.018814,22.733885,4.2653356,0.44,47778119680.0,strong_buy,329.16666,306.64,184.26,0.921,Industrials,282.86,0.722857
2025-12-31,United States,WW Grainger Inc,Industrials,4714695798,467410123,0.97%,0.97,,Market Value,GWW,2026-09-06 10:12:52,33.78801,25.94796,15.101475,0.75,62384730112.0,hold,1332.5714,1419.91,906.52,1.034,Industrials,1324.49,0.887391
2025-12-31,United States,XPO Inc,Industrials,2387334347,236677887,1.48%,1.48,,Ownership,XPO,,,,,,,,,,,,,,
2025-12-31,United States,Alexandria Real Estate Equities Inc,Real Estate,8106575465,803677606,9.5%,9.5,,Both,ARE,2026-09-06 10:09:56,,-65.0,0.57791734,5.47,9060816896.0,hold,53.0,88.24,39.41,1.168,Real Estate,52.65,-0.0759102
2025-12-31,United States,American Homes 4 Rent,Real Estate,7168441332,710671947,5.5%,5.97,,Both,AMH,2026-09-06 10:09:51,25.769842,48.01621,1.7162641,4.07,13311141888.0,buy,37.20455,35.07,27.22,0.801,Real Estate,32.47,-0.733714
2025-12-31,United States,American Tower Corp,Real Estate,11297709490,1120043372,1.36%,1.36,,Market Value,AMT,2026-09-06 10:09:51,24.221764,25.085451,22.02806,3.97,81939079168.0,buy,215.69565,199.13,160.06,0.895,Real Estate,175.85,-1.06891
2025-12-31,United States,Americold Realty Trust Inc,Real Estate,1622472410,160850257,4.39%,4.39,,Ownership,COLD,2026-09-06 10:11:11,,-67.71429,1.6810498,6.47,4078962688.0,buy,16.44118,16.88,10.1,1.003,Real Estate,14.22,0.779593
2025-12-31,United States,AvalonBay Communities Inc,Real Estate,14013887712,1389322505,5.41%,5.41,,Both,AVB,2026-09-06 10:10:07,25.248285,36.584446,2.1691887,0.0387,26283393024.0,hold,201.70589,185.62,57.320084,0.773,Real Estate,184.06,
2025-12-31,United States,BXP Inc,Real Estate,6954065381,689418935,6.45%,6.45,,Both,BXP,2026-09-06 10:10:44,36.392475,30.452309,2.094628,4.14,12243593216.0,buy,76.5,79.33,49.72,1.033,Real Estate,67.69,-0.791442
2025-12-31,United States,CBRE Group Inc,Real Estate,6784029365,672561738,1.41%,1.41,,Market Value,CBRE,2026-09-06 10:10:54,33.755707,16.255543,5.102851,,42813710336.0,buy,182.91667,174.27,121.69,1.188,Real Estate,147.85,-0.598359
2025-12-31,United States,CoStar Group Inc,Real Estate,4022778579,398814157,1.4%,1.4,,Market Value,CSGP,2026-09-06 10:11:21,171.72221,17.838696,1.5774432,,12524657664.0,buy,37.3,91.01,25.89,0.747,Real Estate,30.91,-2.43056
2025-12-31,United States,Crown Castle Inc,Real Estate,5050245339,500676161,1.29%,1.29,,Market Value,CCI,2026-09-06 10:10:54,30.951021,26.262566,-9.878843,5.6,33137711104.0,buy,95.07,100.5,69.72,0.969,Real Estate,75.83,-1.85089
2025-12-31,United States,CubeSmart,Real Estate,3994071000,395968117,4.82%,4.82,,Both,CUBE,2026-09-06 10:11:27,26.870749,25.126905,3.453703,5.37,8941100032.0,buy,44.0625,43.26,35.09,1.054,Real Estate,39.5,-0.628931
2025-12-31,United States,Digital Realty Trust Inc,Real Estate,34326379972,3403082228,6.4%,6.29,,Both,DLR,2026-09-06 10:11:43,91.89756,65.15754,2.6104367,2.59,71148068864.0,strong_buy,223.32259,208.14,146.23,1.037,Real Estate,188.39,0.319509
2025-12-31,United States,EastGroup Properties Inc,Real Estate,2772062350,274819428,2.89%,2.89,,Ownership,EGP,2026-09-06 10:11:53,34.96831,35.76638,2.9591775,3.52,10680456192.0,buy,228.95,226.71,163.1,1.03,Real Estate,198.62,0.0755751
2025-12-31,United States,Equinix Inc,Real Estate,8584364921,851045165,1.13%,1.13,,Market Value,EQIX,2026-09-06 10:12:04,66.66538,55.42116,7.107583,1.99,102221889536.0,buy,1234.7241,1128.68,720.62,0.973,Real Estate,1035.98,-0.465972
2025-12-31,United States,Equity Residential,Real Estate,22157680738,2196689823,9.16%,9.16,,Both,EQR,2026-09-06 10:12:04,28.675674,41.35888,2.273409,0.042600002,24611481600.0,buy,72.99412,71.5,57.57,0.749,Real Estate,63.66,
2025-12-31,United States,Extra Space Storage Inc,Real Estate,12245160474,1213972695,4.39%,4.39,,Both,EXR,2026-09-06 10:12:15,30.739513,28.968834,2.2190528,4.65,30732828672.0,buy,158.5,158.88,125.71,1.176,Real Estate,139.25,-1.22712
2025-12-31,United States,Federal Realty Investment Trust,Real Estate,7405536339,734177304,8.44%,8.44,,Both,FRT,2026-09-06 10:12:25,23.654545,36.685894,3.1744611,3.96,10235812864.0,buy,133.5,128.21,90.03,0.919,Real Estate,117.09,-0.0597536
2025-12-31,United States,First Industrial Realty Trust Inc,Real Estate,3176561186,314921029,4.15%,4.15,,Ownership,FR,2026-09-06 10:12:25,22.490908,33.204308,2.9542413,3.23,8474623488.0,buy,72.25,69.88,50.24,1.044,Real Estate,61.85,0.226867
2025-12-31,United States,Host Hotels & Resorts Inc,Real Estate,6334423450,627988267,5.15%,5.15,,Both,HST,2026-09-06 10:13:08,14.798657,20.98581,2.3643575,3.63,15318718464.0,buy,25.14033,25.71,15.61,1.101,Real Estate,22.05,0.272849
2025-12-31,United States,Invitation Homes Inc,Real Estate,14479057976,1435439010,8.43%,8.43,,Both,INVH,2026-09-06 10:13:24,26.04587,41.55688,1.8518034,4.23,16864851968.0,buy,33.6087,30.893,24.25,0.831,Real Estate,28.39,-0.210901
2025-12-31,United States,Kilroy Realty Corp,Real Estate,3430845626,340130529,7.69%,7.69,,Ownership,KRC,2026-09-06 10:13:51,25.972029,109.23529,0.8265456,5.82,4361816064.0,hold,40.35714,45.03,27.36,1.139,Real Estate,37.14,0.487014
2025-12-31,United States,Lineage Inc,Real Estate,4925900791,488348770,6.11%,6.11,,Both,LINE,2026-09-06 10:14:02,,-59.178295,1.1011423,5.58,9571045376.0,hold,45.22222,45.75,31.33,0.875,Real Estate,38.17,-0.417437
2025-12-31,United States,LXP Industrial Trust,Real Estate,553826912,54905834,1.87%,1.87,,Ownership,LXP,2026-09-06 10:14:13,61.393936,-3039.0,1.9327757,4.61,3583422464.0,buy,60.0,61.61,44.0,1.046,Real Estate,60.78,0.0988102
2025-12-31,United States,Mid-America Apartment Communities Inc,Real Estate,7537609770,747270929,4.59%,4.59,,Both,MAA,2026-09-06 10:14:13,37.41108,39.127083,2.7395976,4.77,15265434624.0,hold,143.64,145.8,120.3,0.715,Real Estate,128.32,-0.186676
2025-12-31,United States,Millrose Properties Inc,Real Estate,1009297036,100060677,2.17%,2.02,,Ownership,MRP,2026-09-06 10:14:40,11.1567955,9.8321295,0.908575,9.71,5316854272.0,strong_buy,37.16667,35.45,26.3,,Real Estate,32.02,0.945779
2025-12-31,United States,PotlatchDeltic Corp,Real Estate,2274450765,225486724,7.33%,7.33,,Ownership,PCH,,,,,,,,,,,,,,
2025-12-31,United States,Prologis Inc,Real Estate,15782023962,1564613726,1.32%,1.29,,Market Value,PLD,2026-09-06 10:15:28,30.587975,40.3348,2.3878987,3.12,133507031040.0,buy,158.23077,153.35,110.6,1.316,Real Estate,137.34,-0.73004
2025-12-31,United States,Public Storage,Real Estate,11476124958,1137731300,2.5%,2.5,,Both,PSA,2026-09-06 10:15:39,28.81775,29.853035,10.957875,3.97,56399085568.0,hold,336.27777,335.55,256.54,0.935,Real Estate,302.01,-1.21676
2025-12-31,United States,Rayonier Inc,Real Estate,3165318754,313806466,9.42%,9.42,,Ownership,RYN,2026-09-06 10:16:06,44.478256,33.26829,1.1721569,5.08,6122644992.0,none,26.0,27.06,19.49,0.896,Real Estate,20.46,0.688973
2025-12-31,United States,Realty Income Corp,Real Estate,6899143340,683974020,1.32%,1.32,,Market Value,O,2026-09-06 10:15:07,44.70803,39.299095,1.4653811,5.31,57955856384.0,buy,68.1625,67.94,55.86,0.712,Real Estate,61.25,-0.793653
2025-12-31,United States,Regency Centers Corp,Real Estate,11913721836,1181114207,9.08%,9.08,,Both,REG,2026-09-06 10:15:55,25.425676,29.898539,2.0677528,4.01,14070514688.0,buy,87.05556,83.66,66.86,0.807,Real Estate,75.26,-0.869331
2025-12-31,United States,Simon Property Group Inc,Real Estate,10834453980,1074116694,1.78%,1.78,,Market Value,SPG,2026-09-06 10:16:39,14.770099,31.295248,15.421545,4.25,79508340736.0,buy,236.89474,238.5,172.19,1.312,Real Estate,209.44,-0.983359
2025-12-31,United States,STAG Industrial Inc,Real Estate,2982115107,295643844,4.31%,4.22,,Ownership,STAG,2026-09-06 10:16:44,28.984617,42.818184,2.0007434,4.11,7415713280.0,buy,41.91667,42.61,34.4,0.961,Real Estate,37.68,-0.0530516
2025-12-31,United States,Sun Communities Inc,Real Estate,7570465355,750528198,4.9%,4.9,,Both,SUI,2026-09-06 10:16:50,153.12822,38.209797,2.651041,3.75,15091566592.0,buy,139.0,137.85,115.9,0.77,Real Estate,119.44,-0.342091
2025-12-31,United States,Terreno Realty Corp,Real Estate,1720747198,170593119,2.81%,2.81,,Ownership,TRNO,2026-09-06 10:17:16,17.64785,37.20179,1.5955379,3.47,7153901056.0,buy,74.11765,78.94,55.92,1.041,Real Estate,65.65,-0.227966
2025-12-31,United States,UDR Inc,Real Estate,10886446531,1079271183,8.9%,8.9,,Both,UDR,2026-09-06 10:17:22,23.025316,64.96429,4.036392,4.76,13364710400.0,buy,42.02381,42.0,32.94,0.685,Real Estate,36.38,0.0275011
2025-12-31,United States,Ventas Inc,Real Estate,4706260466,466573853,1.28%,1.28,,Market Value,VTR,2026-09-06 10:17:43,164.12726,114.265816,3.1608248,2.3,46303666176.0,buy,101.86364,101.6,66.54,0.724,Real Estate,90.27,-1.99762
2025-12-31,United States,VICI Properties Inc,Real Estate,4065158340,403015643,1.34%,1.34,,Market Value,VICI,2026-09-06 10:17:38,9.852714,8.501672,0.95949876,7.24,27989389312.0,buy,32.33333,33.65,25.34,0.682,Real Estate,25.42,-0.896684
2025-12-31,United States,Vornado Realty Trust,Real Estate,5847433489,579708580,9.07%,9.07,,Both,VNO,2026-09-06 10:17:38,1219.6667,118.03226,,2.03,7246606848.0,hold,40.46154,43.37,24.57,1.539,Real Estate,36.59,0.136834
2025-12-31,United States,Welltower Inc,Real Estate,54871992778,5439953284,4.27%,4.27,,Both,WELL,,,,,,,,,,,,,,
2025-12-31,United States,Weyerhaeuser Co,Real Estate,5439615330,539277904,3.16%,3.16,,Both,WY,,,,,,,,,,,,,,
2025-12-31,United States,ACM Research Inc,Technology,614410041,60911984,0.96%,2.38,,Ownership,ACMR,2026-09-06 10:09:35,35.11321,25.7333,2.7869713,,5184686592.0,strong_buy,117.75,127.19,26.44,1.953,Technology,74.44,7.23135
2025-12-31,United States,Adobe Inc,Technology,17016418096,1686990299,1.15%,1.15,,Market Value,ADBE,2026-09-06 10:09:35,15.246569,9.691922,9.232342,,105937731584.0,hold,276.57648,370.86,190.12,1.417,Technology,266.51,-6.73316
2025-12-31,United States,Advanced Micro Devices Inc,Technology,45752424663,4535848621,1.3%,1.3,,Both,AMD,2026-09-06 10:09:51,121.82908,30.90922,11.594037,,779621105664.0,strong_buy,613.8449,584.73,149.22,2.476,Technology,477.57,4.69353
2025-12-31,United States,Akamai Technologies Inc,Technology,1652815773,163858467,1.31%,1.31,,Ownership,AKAM,2026-09-06 10:09:45,38.123188,14.639325,3.1817358,,15121861632.0,buy,155.12653,165.45,70.82,0.635,Technology,105.22,-1.20188
2025-12-31,United States,Alphabet Inc,Technology,439314373055,43553177955,0.62%,1.15,,Market Value,GOOGL,2026-09-06 10:12:47,16.97392,22.785429,6.650031,0.26,4139343675392.0,strong_buy,428.06668,408.61,233.23,1.225,Communication Services,338.46,-1.11027
2025-12-31,United States,Amphenol Corp,Technology,28722288399,2847498317,1.72%,1.72,,Both,APH,2026-09-06 10:09:56,41.39,25.499722,13.173138,1.21,204132728832.0,strong_buy,99.14706,89.26,55.195,1.242,Technology,82.78,0.865114
2025-12-31,United States,Analog Devices Inc,Technology,20219123135,2004503203,1.51%,1.51,,Both,ADI,2026-09-06 10:09:35,43.125004,22.173891,5.2318783,1.21,175533834240.0,strong_buy,470.25,445.91,223.47,1.205,Technology,362.25,1.6129
2025-12-31,United States,Apple Inc,Technology,496547216159,49227183527,1.23%,1.23,,Market Value,AAPL,2026-09-06 10:09:29,36.60984,33.4195,43.474186,0.34,4669700046848.0,buy,323.85947,344.57,225.95,1.085,Technology,319.97,-2.51058
2025-12-31,United States,Applied Materials Inc,Technology,23490937516,2328867537,1.14%,1.14,,Market Value,AMAT,2026-09-06 10:09:45,39.199135,24.639132,14.081633,0.47,360856682496.0,strong_buy,640.8857,739.67,161.75,1.597,Technology,454.71,4.31281
2025-12-31,United States,AppLovin Corp,Technology,18738512956,1857717023,0.3%,0.82,,Market Value,APP,2026-09-06 10:09:56,24.639507,15.281652,33.979225,,107688771584.0,buy,514.4839,745.61,297.5,2.488,Communication Services,320.56,2.22591
2025-12-31,United States,Autodesk Inc,Technology,7039279343,697866960,1.11%,1.11,,Market Value,ADSK,2026-09-06 10:09:35,28.261997,15.329524,13.461419,,45541097472.0,strong_buy,315.36765,329.09,185.5,1.309,Technology,217.9,-8.26036
2025-12-31,United States,Bandwidth Inc,Technology,187135808,18552453,2.49%,3.93,,Ownership,BAND,2026-09-06 10:10:17,,22.725857,3.7244725,,1408553088.0,buy,70.75,79.08,12.5,3.03,Technology,43.77,-7.05033
2025-12-31,United States,BlackLine Inc,Technology,857830349,85044424,2.59%,2.59,,Ownership,BL,2026-09-06 10:10:28,58.410713,11.764579,6.0395126,,1901277568.0,none,38.8,59.57,24.7,0.653,Technology,32.71,-1.56485
2025-12-31,United States,Blend Labs Inc,Technology,290027392,28753019,2.36%,3.64,,Ownership,BLND,2026-09-06 10:10:33,,25.666666,-4.9044585,,364230496.0,none,2.96,4.49,1.175,1.091,Technology,1.54,1.98675
2025-12-31,United States,Broadcom Inc,Technology,215637038652,21378035626,1.3%,1.3,,Both,AVGO,2026-09-06 10:10:07,45.64987,18.474785,17.110245,0.73,1702714146816.0,strong_buy,533.4087,495.0,289.96,1.457,Technology,357.895,0.205786
2025-12-31,United States,Cadence Design Systems Inc,Technology,12841564499,1273099580,1.5%,1.5,,Both,CDNS,2026-09-06 10:10:54,58.190853,30.669674,11.754076,,80607535104.0,strong_buy,403.12036,416.69,262.75,1.137,Technology,292.7,-3.99344
2025-12-31,United States,Check Point Software Technologies Ltd,Technology,7344513936,728127605,3.66%,3.66,,Both,CHKP,2026-09-06 10:11:00,14.056411,12.126441,5.1522555,,13992892416.0,buy,146.32259,210.66,112.23,0.501,Technology,137.05,-0.26199
2025-12-31,United States,Cloudflare Inc,Technology,7237466224,717515005,0.54%,1.04,,Market Value,NET,2026-09-06 10:14:50,,166.70752,61.274166,,99317760000.0,buy,333.55194,332.22,158.83,1.664,Technology,278.92,-1.96478
2025-12-31,United States,Cognizant Technology Solutions Corp,Technology,6091694340,603924351,1.51%,1.51,,Both,CTSH,2026-09-06 10:11:27,13.371245,9.858928,1.947431,2.12,28067180544.0,buy,64.184,87.03,37.08,0.83,Technology,62.31,-3.60458
2025-12-31,United States,Coherent Corp,Technology,4001684173,396722879,1.37%,1.37,,Ownership,COHR,2026-09-06 10:11:11,68.41262,20.197329,5.0603228,,55197274112.0,buy,415.36197,440.0,95.5,2.104,Technology,281.86,6.59959
2025-12-31,United States,Confluent Inc,Technology,1825143126,180942824,0.75%,1.69,,Ownership,CFLT,,,,,,,,,,,,,,
2025-12-31,United States,Corning Inc,Technology,8585104507,851118487,1.13%,1.13,,Market Value,GLW,2026-09-06 10:12:41,70.779816,35.713627,11.130347,0.73,132912226304.0,strong_buy,191.4,271.78,71.44,1.151,Technology,154.3,5.68493
2025-12-31,United States,Crowdstrike Holdings Inc,Technology,14987192810,1485814978,1.26%,1.26,,Market Value,CRWD,2026-09-06 10:11:21,5327.5005,132.8885,42.765404,,218200522752.0,buy,231.54,233.88,85.68,1.255,Technology,213.1,-0.869887
2025-12-31,United States,Dayforce Inc,Technology,1425676175,141340079,1.28%,1.28,,Ownership,DAY,,,,,,,,,,,,,,
2025-12-31,United States,Dell Technologies Inc,Technology,5009900425,496676408,0.11%,0.59,,Market Value,DELL,2026-09-06 10:11:37,30.490984,18.3223,-236.953,0.48,338669076480.0,buy,564.4583,534.99,110.22,1.409,Technology,524.14,1.5008
2025-12-31,United States,Docusign Inc,Technology,1889173798,187290760,1.37%,1.37,,Ownership,DOCU,2026-09-06 10:11:43,41.713417,13.185997,7.257586,,13062520832.0,hold,65.87588,86.65,40.16,0.9,Technology,68.41,3.69865
2025-12-31,United States,DoorDash Inc,Technology,11401626515,1130345600,0.55%,1.16,,Market Value,DASH,2026-09-06 10:11:32,110.8534,25.998314,9.246255,,91742175232.0,buy,253.83333,285.5,143.3,1.788,Consumer Cyclical,211.73,-4.62613
2025-12-31,United States,EPAM Systems Inc,Technology,1506840357,149386613,1.32%,1.32,,Ownership,EPAM,2026-09-06 10:12:04,15.880597,8.323383,1.7158272,,6037740032.0,buy,122.82353,222.53,73.06,1.383,Technology,117.04,-2.36903
2025-12-31,United States,Flex Ltd,Technology,3177739592,315037855,1.41%,1.41,,Ownership,FLEX,2026-09-06 10:12:20,42.44574,15.399846,7.3546004,,40453320704.0,strong_buy,158.33333,166.86,53.07,1.654,Technology,109.51,1.50153
2025-12-31,United States,Fortinet Inc,Technology,11349685122,1125196183,1.91%,1.91,,Both,FTNT,2026-09-06 10:12:31,55.226147,41.444138,73.93093,,114672107520.0,hold,162.29167,173.89,73.55,1.059,Technology,156.29,-0.0447732
2025-12-31,United States,Freshworks Inc,Technology,483020354,47886144,0.5%,1.3,,Ownership,FRSH,2026-09-06 10:12:25,20.206348,15.278627,3.734233,,3321521152.0,none,14.38462,13.99,6.79,0.894,Technology,12.73,-4.71557
2025-12-31,United States,Gartner Inc,Technology,2420828921,239998505,1.32%,1.32,,Ownership,IT,2026-09-06 10:13:30,16.749327,11.395687,-71.755196,,11772231680.0,hold,185.15385,265.85,124.25,0.953,Technology,186.42,-4.62499
2025-12-31,United States,Intel Corp,Technology,18344791117,1818683843,0.99%,0.99,,Market Value,INTC,2026-09-06 10:13:24,,46.910885,5.5187516,,506408894464.0,buy,115.78049,142.35,24.05,2.231,Technology,95.8,4.5053
2025-12-31,United States,International Business Machines Corp,Technology,23405719320,2320419092,0.84%,0.84,,Market Value,IBM,2026-09-06 10:13:13,20.87911,17.845516,6.4233756,2.88,221297950720.0,buy,245.34695,332.46,199.19,0.708,Technology,234.89,0.0766873
2025-12-31,United States,Intuit Inc,Technology,27109106368,2687569099,1.46%,1.46,,Both,INTU,2026-09-06 10:13:24,20.200365,12.175089,4.7648377,1.66,91005763584.0,buy,411.69678,705.08,252.84,0.976,Technology,332.7,-3.36915
2025-12-31,United States,Jabil Inc,Technology,3181019892,315363061,1.29%,1.29,,Ownership,JBL,2026-09-06 10:13:35,38.91855,18.446629,24.6074,0.1,32543727616.0,none,441.44443,428.93,189.6,1.292,Technology,310.57,1.52
2025-12-31,United States,JFrog Ltd,Technology,1032309251,102342084,1.38%,1.38,,Ownership,FROG,2026-09-06 10:12:25,,76.50588,11.219262,,10801195008.0,strong_buy,112.0,105.76,34.05,1.276,Technology,87.6,-3.32193
2025-12-31,United States,KBR Inc,Technology,679212237,67336407,1.32%,1.32,,Ownership,KBR,2026-09-06 10:13:46,11.090362,9.058101,2.8373275,1.79,4641814528.0,none,45.71429,52.23,29.94,0.447,Industrials,36.82,-1.26039
2025-12-31,United States,KLA Corp,Technology,22701051303,2250559025,1.41%,1.41,,Both,KLAC,2026-09-06 10:13:46,50.710384,27.745058,38.205025,0.5,242495094784.0,buy,233.76923,307.37,90.674,1.444,Technology,185.6,7.32046
2025-12-31,United States,Lam Research Corp,Technology,29260704754,2900876364,1.35%,1.35,,Both,LRCX,2026-09-06 10:14:07,53.504345,26.584322,30.86686,0.43,384968884224.0,strong_buy,370.87097,438.5,104.46,1.859,Technology,307.65,5.12198
2025-12-31,United States,Lattice Semiconductor Corp,Technology,1361253681,134953299,1.34%,1.34,,Ownership,LSCC,2026-09-06 10:14:07,445.76926,36.07389,20.18812,,16461308928.0,strong_buy,164.53847,157.01,60.5,1.779,Technology,115.9,1.99772
2025-12-31,United States,Leidos Holdings Inc,Technology,3069810412,304337867,1.32%,1.32,,Ownership,LDOS,2026-09-06 10:13:57,12.42297,10.408632,3.1598823,1.29,16696738816.0,buy,156.6,205.77,98.86,0.572,Technology,133.05,0.521307
2025-12-31,United States,Life360 Inc,Technology,683678699,67779207,1.33%,1.33,,Ownership,360,,,,,,,,,,,,,,
2025-12-31,United States,Marvell Technology Inc,Technology,7296192807,723337098,1%,1.0,,Market Value,MRVL,2026-09-06 10:14:40,74.02318,33.26216,10.745529,0.11,200905424896.0,strong_buy,284.99802,329.88,63.07,2.253,Technology,223.55,7.0488
2025-12-31,United States,Match Group Inc,Technology,1111158754,110159143,1.45%,1.45,,Ownership,MTCH,2026-09-06 10:14:40,14.843972,9.14465,-40.601357,1.91,9764537344.0,buy,41.88235,43.47,28.81,1.323,Communication Services,41.86,-1.34339
2025-12-31,United States,Meta Platforms Inc,Technology,195643398075,19395886533,0.52%,1.17,,Market Value,META,2026-09-06 10:14:24,23.256788,17.642334,6.0160947,0.34,1571225468928.0,strong_buy,754.77405,790.8,520.26,1.243,Communication Services,616.77,0.997253
2025-12-31,United States,Microchip Technology Inc,Technology,5265798214,522045853,1.52%,1.52,,Both,MCHP,2026-09-06 10:14:24,109.073524,16.247002,6.2432656,2.45,40274956288.0,buy,108.64,105.91,48.52,1.736,Technology,74.17,1.44987
2025-12-31,United States,Micron Technology Inc,Technology,37021182209,3670242168,1.14%,1.14,,Market Value,MU,2026-09-06 10:14:45,22.98937,6.5575776,11.394834,0.05,1148129771520.0,strong_buy,1513.1111,1255.0,128.4,2.222,Technology,1016.59,6.09815
2025-12-31,United States,Microsoft Corp,Technology,458594880358,45464627744,1.26%,1.26,,Market Value,MSFT,2026-09-06 10:14:40,27.853958,21.19773,8.389155,0.73,3710545297408.0,strong_buy,572.91516,553.72,349.2,1.108,Technology,499.7,-2.04265
2025-12-31,United States,Monolithic Power Systems Inc,Technology,5466730950,541966119,1.25%,1.25,,Market Value,MPWR,2026-09-06 10:14:34,74.62561,35.097088,15.439327,0.65,60144152576.0,strong_buy,1839.8,1714.09,830.0,1.664,Technology,1223.86,0.841261
2025-12-31,United States,NVIDIA Corp,Technology,573855187060,56891416752,1.26%,1.26,,Market Value,NVDA,2026-09-06 10:15:01,29.159492,14.902219,24.291891,0.43,5562502742016.0,strong_buy,327.12808,236.54,164.27,2.217,Technology,230.36,0.836071
2025-12-31,United States,NXP Semiconductors NV,Technology,5243371090,519822451,0.95%,0.95,,Market Value,NXPI,2026-09-06 10:15:01,19.456448,12.590971,5.0420475,1.78,57451827200.0,none,311.10345,339.95,183.0,1.817,Technology,227.835,1.2645
2025-12-31,United States,Onestream Inc,Technology,1106728607,109719943,0.36%,2.44,,Ownership,OS,,,,,,,,,,,,,,
2025-12-31,United States,Oracle Corp,Technology,41331874057,4097599752,0.73%,0.73,,Market Value,ORCL,2026-09-06 10:15:12,27.234991,14.477147,12.17638,1.26,457361195008.0,buy,242.04619,345.72,114.5,1.732,Technology,158.78,3.07713
2025-12-31,United States,Palantir Technologies Inc,Technology,52158802764,5170970399,0.89%,1.22,,Market Value,PLTR,2026-09-06 10:15:28,149.0,75.32927,42.853985,,418925182976.0,buy,191.68,207.52,106.37,1.621,Technology,174.33,-4.49241
2025-12-31,United States,Palo Alto Networks Inc,Technology,14543288029,1441806712,1.12%,1.12,,Market Value,PANW,2026-09-06 10:15:18,284.83762,68.09076,9.792548,,271606906880.0,buy,390.5,398.88,139.57,0.908,Technology,333.26,0.397664
2025-12-31,United States,Pinterest Inc,Technology,3446102901,341643120,0.6%,1.95,,Ownership,PINS,2026-09-06 10:15:28,60.0,8.484727,3.9867108,,11552785408.0,buy,28.99333,38.57,13.84,0.894,Communication Services,20.4,-2.15828
2025-12-31,United States,Procore Technologies Inc,Technology,1648542823,163434851,1.45%,1.45,,Ownership,PCOR,2026-09-06 10:15:23,,24.493534,6.892004,,8814928896.0,buy,68.55,82.315,38.03,0.745,Technology,58.01,-4.25813
2025-12-31,United States,Q2 Holdings Inc,Technology,601190562,59601418,1.32%,1.32,,Ownership,QTWO,2026-09-06 10:15:45,43.753525,18.554577,6.021516,,3874097408.0,buy,76.0,85.19,40.79,1.334,Technology,62.13,-3.04307
2025-12-31,United States,QUALCOMM Inc,Technology,23471440354,2326934608,1.27%,1.27,,Market Value,QCOM,2026-09-06 10:15:45,19.262558,16.513882,6.4485807,2.18,180224524288.0,none,193.1,259.92,121.99,1.679,Technology,168.74,0.100847
2025-12-31,United States,Rambus Inc,Technology,1459813846,144724453,1.46%,1.46,,Ownership,RMBS,2026-09-06 10:16:01,39.20183,22.9654,6.3200707,,9269128192.0,strong_buy,147.85715,174.1,72.45,1.872,Technology,85.46,1.32796
2025-12-31,United States,Rogers Corp,Technology,1201921750,119157294,7.24%,7.24,,Ownership,ROG,2026-09-06 10:16:01,75.63313,28.723597,1.8992006,,2283930624.0,none,173.33333,169.0,75.14,0.503,Technology,127.82,1.2115
2025-12-31,United States,Roper Technologies Inc,Technology,10069479603,998277917,2.08%,2.08,,Both,ROP,2026-09-06 10:16:01,16.977074,16.76573,2.1539748,0.89,40280346624.0,none,445.2,524.9,305.96,0.747,Technology,407.28,-3.56813
2025-12-31,United States,Rubrik Inc,Technology,3216754652,318905769,0.27%,1.88,,Ownership,RBRK,2026-09-06 10:15:50,,122.43484,-38.867218,,19279960064.0,strong_buy,118.7037,107.91,42.25,1.243,Technology,93.67,1.66052
2025-12-31,United States,SailPoint Inc,Technology,2559128524,253709386,2.23%,2.23,,Ownership,SAIL,2026-09-06 10:16:12,,47.06765,1.5601426,,10674383872.0,buy,20.06,24.0,10.3,,Technology,18.82,-2.93966
2025-12-31,United States,Salesforce Inc,Technology,26203150440,2597753554,1.05%,1.05,,Market Value,CRM,2026-09-06 10:11:21,23.76077,16.193537,5.559058,0.68,213346304000.0,buy,270.83612,269.11,146.32,1.202,Technology,259.23,-1.96649
2025-12-31,United States,Sandisk Corp/DE,Technology,5096261612,505238168,1.45%,1.45,,Both,SNDK,2026-09-06 10:16:33,23.583628,6.5729427,16.475557,,254769070080.0,buy,2125.087,2354.39,67.86,,Technology,1740.0,11.8978
2025-12-31,United States,Science Applications International Corp,Technology,635530173,63005812,1.39%,1.39,,Ownership,SAIC,2026-09-06 10:16:12,14.772727,11.129355,3.8301153,1.17,5310525440.0,hold,132.7,142.66,81.08,0.297,Technology,126.75,0.197628
2025-12-31,United States,Seagate Technology Holdings PLC,Technology,4415568890,437754987,0.74%,0.74,,Market Value,STX,2026-09-06 10:16:44,60.967697,15.337883,88.88331,0.35,192484655104.0,none,1125.0,1145.0,187.18,2.087,Technology,849.28,6.34478
2025-12-31,United States,ServiceNow Inc,Technology,18941072581,1877798577,1.18%,1.18,,Market Value,NOW,2026-09-06 10:14:56,88.2875,28.2209,11.668593,,146043338752.0,strong_buy,141.18826,194.726,81.24,0.972,Technology,141.26,-2.97411
2025-12-31,United States,Silicon Laboratories Inc,Technology,564945170,56008087,1.3%,1.3,,Ownership,SLAB,2026-09-06 10:16:28,,50.57794,6.7225404,,7360039936.0,none,222.85715,222.49,115.51,1.357,Technology,220.58,-0.058903
2025-12-31,United States,Silvair Inc,Technology,6979292,691920,1.17%,1.5,,Ownership,,,,,,,,,,,,,,,
2025-12-31,United States,Snowflake Inc,Technology,10384774075,1029535888,1.37%,1.37,,Both,SNOW,2026-09-06 10:16:33,,113.38965,54.781475,,116866588672.0,strong_buy,410.1625,384.56,118.3,1.328,Technology,337.18,-5.4114
2025-12-31,United States,Strategy Inc,Technology,5125609579,508147695,0.72%,1.16,,Market Value,MSTR,2026-09-06 10:14:40,,2.8854313,1.7180809,,56731824128.0,strong_buy,225.93333,365.21,81.81,3.597,Technology,142.8,-1.39484
2025-12-31,United States,Synopsys Inc,Technology,7007419066,694708364,0.77%,0.77,,Market Value,SNPS,2026-09-06 10:16:33,68.97373,22.489672,2.4223337,,75474173952.0,buy,544.9723,615.79,366.0,1.227,Technology,393.84,-5.39742
2025-12-31,United States,TE Connectivity PLC,Technology,8297065890,822562633,1.23%,1.23,,Market Value,TEL,2026-09-06 10:17:00,20.455883,16.166811,4.5671444,1.5,60406931456.0,none,246.78947,252.56,190.27,1.158,Technology,208.65,-0.362929
2025-12-31,United States,Texas Instruments Inc,Technology,19285586256,1911953311,1.21%,1.21,,Market Value,TXN,2026-09-06 10:17:22,39.216995,24.278408,13.103483,2.2,236019728384.0,buy,324.7097,334.03,152.73,1.314,Technology,258.44,1.81618
2025-12-31,United States,Tyler Technologies Inc,Technology,9313955845,923376063,4.73%,4.73,,Both,TYL,2026-09-06 10:17:22,47.835743,23.712915,4.9058,,14907855872.0,buy,426.63635,566.58,270.71,0.835,Technology,364.03,-4.01824
2025-12-31,United States,Universal Display Corp,Technology,935612510,92755668,1.67%,1.67,,Ownership,OLED,2026-09-06 10:15:07,19.887682,17.29291,2.2603981,2.43,3784679424.0,none,115.37333,153.38,76.42,1.564,Technology,82.335,-0.369071
2025-12-31,United States,Vertiv Holdings Co,Technology,7796377754,772924922,1.25%,1.25,,Market Value,VRT,2026-09-06 10:17:43,63.325058,30.75191,22.698439,0.09,108000731136.0,strong_buy,338.15384,379.935,120.83,2.075,Industrials,280.53,4.3522
2025-12-31,United States,Western Digital Corp,Technology,5960181195,590886272,1%,1.0,,Market Value,WDC,,,,,,,,,,,,,,
2025-12-31,United States,Zoom Communications Inc,Technology,5002064573,495899570,0.84%,1.87,,Both,ZM,,,,,,,,,,,,,,
2025-12-31,United States,ZoomInfo Technologies Inc,Technology,435619012,43186824,1.36%,1.36,,Ownership,ZI,,,,,,,,,,,,,,
2025-12-31,United States,Arista Networks Inc,Telecommunications,15009213009,1487998038,0.9%,0.9,,Both,ANET,2026-09-06 10:09:51,61.322784,37.552223,16.51581,,244400128000.0,strong_buy,241.03607,214.89,114.52,1.617,Technology,193.78,1.22231
2025-12-31,United States,AST SpaceMobile Inc,Telecommunications,1894565828,187825320,0.24%,0.7,,Both,ASTS,2026-09-06 10:10:01,,-48.33305,9.860738,,24249026560.0,hold,79.60833,133.86,36.08,2.726,Technology,62.31,0.289716
2025-12-31,United States,AT&T Inc,Telecommunications,19158882606,1899392041,1.08%,1.08,,Both,T,2026-09-06 10:16:55,8.475247,10.016695,1.5994022,4.32,175969271808.0,buy,28.70652,29.79,19.89,0.431,Communication Services,25.68,-1.94731
2025-12-31,United States,Cable One Inc,Telecommunications,33242943,3295671,0.52%,0.52,,Both,CABO,2026-09-06 10:10:44,,1.7517194,0.44273323,,144514864.0,none,51.0,180.74,21.98,0.481,Communication Services,25.47,-2.26401
2025-12-31,United States,Charter Communications Inc,Telecommunications,5744583807,569512168,1.64%,1.87,,Both,CHTR,2026-09-06 10:11:06,3.9560127,3.4462736,1.0694333,,20484831232.0,hold,184.41176,285.82,111.55,0.687,Communication Services,151.99,0.40296
2025-12-31,United States,Ciena Corp,Telecommunications,1493131680,148027549,0.45%,0.45,,Both,CIEN,2026-09-06 10:11:06,71.97309,27.72023,14.901123,,45520535552.0,buy,504.12775,637.51,117.02,1.309,Technology,321.0,1.1151
2025-12-31,United States,Cisco Systems Inc,Telecommunications,39590936212,3925004953,1.29%,1.29,,Both,CSCO,2026-09-06 10:11:21,32.792793,19.492132,8.56941,1.54,430530461696.0,buy,137.625,130.37,66.13,0.992,Technology,109.2,0.543225
2025-12-31,United States,Comcast Corp,Telecommunications,23865639758,2366015134,1.42%,2.17,,Both,CMCSA,2026-09-06 10:11:06,8.490385,7.3131742,1.0465806,4.98,94003388416.0,none,30.08136,32.86,21.28,0.662,Communication Services,26.49,-0.600375
2025-12-31,United States,EchoStar Corp,Telecommunications,1650741752,163652850,0.1%,0.52,,Both,SATS,,,,,,,,,,,,,,
2025-12-31,United States,Extreme Networks Inc,Telecommunications,2872549,284782,0.01%,0.01,,Both,EXTR,2026-09-06 10:12:15,70.0,14.273311,32.148148,,2831647232.0,none,33.5,33.73,13.48,1.756,Technology,21.7,-0.86797
2025-12-31,United States,Frontier Communications Parent Inc,Telecommunications,2182304415,216351429,2.27%,2.27,,Both,FYBR,,,,,,,,,,,,,,
2025-12-31,United States,GCI Liberty Inc,Telecommunications,457443,45350,0.02%,0.0,,Both,,,,,,,,,,,,,,,
2025-12-31,United States,GCI Liberty Inc/DEL,Telecommunications,99025,9817,0.67%,0.93,,Both,,,,,,,,,,,,,,,
2025-12-31,United States,InterDigital Inc,Telecommunications,995418234,98684746,1.2%,1.2,,Both,IDCC,2026-09-06 10:13:13,39.664318,29.164186,7.2542667,0.83,8720882688.0,strong_buy,462.66666,412.6,249.14,1.418,Technology,337.94,0.604328
2025-12-31,United States,Liberty Broadband Corp,Telecommunications,1818140591,180248600,0.96%,2.59,,Both,LBRDA,2026-09-06 10:13:57,,6.079392,1.3779242,,5177567232.0,none,,65.4,26.14,0.627,Communication Services,35.99,0.0
2025-12-31,United States,Liberty Global Ltd,Telecommunications,488878175,48466883,1.23%,1.28,,Both,LBTYA,2026-09-06 10:13:57,,-8.206349,0.39267886,,3622349824.0,none,14.65385,13.52,9.43,0.736,Communication Services,10.62,-0.375234
2025-12-31,United States,Liberty Latin America Ltd,Telecommunications,5445615,539873,0%,0.04,,Both,LILA,2026-09-06 10:14:02,,42.438732,3.22361,,1669068032.0,buy,10.55,8.9,4.578804,0.742,Communication Services,8.52,-2.85063
2025-12-31,United States,Lumen Technologies Inc,Telecommunications,931557521,92353661,1.16%,1.16,,Both,LUMN,2026-09-06 10:14:13,,-22.840755,-4.6883655,,6982885376.0,hold,7.64,11.95,4.57,1.803,Communication Services,6.77,-2.02605
2025-12-31,United States,Lumentum Holdings Inc,Telecommunications,4058461631,402351738,1.54%,1.54,,Both,LITE,2026-09-06 10:14:02,,26.46316,16.81335,,79048572928.0,strong_buy,1148.4335,1085.68,144.52,1.541,Technology,881.255,3.99884
2025-12-31,United States,Motorola Solutions Inc,Telecommunications,8304867685,823336095,1.29%,1.29,,Both,MSI,2026-09-06 10:14:40,36.91246,24.50131,28.990398,1.02,77459365888.0,buy,526.8182,494.85,359.36,0.881,Technology,468.05,-0.885167
2025-12-31,United States,Optimum Communications Inc,Telecommunications,20033144,1986065,0.02%,0.26,,Both,OPTU,2026-09-06 10:15:12,,-0.8677685,-0.07427844,,400503104.0,none,1.05556,2.79,0.583,1.253,Communication Services,1.05,0.961538
2025-12-31,United States,Roku Inc,Telecommunications,34416438,3412011,0.01%,0.02,,Both,ROKU,2026-09-06 10:16:01,65.92797,39.660973,8.177326,,23106770944.0,hold,162.3265,159.89,78.53,2.05,Communication Services,155.59,-1.71815
2025-12-31,United States,T-Mobile US Inc,Telecommunications,12578238530,1246993713,0.55%,0.55,,Both,TMUS,2026-09-06 10:17:11,18.967607,12.571908,3.4675634,2.25,194711355392.0,buy,243.375,247.25,165.66,0.331,Communication Services,181.52,-3.45708
2025-12-31,United States,Ubiquiti Inc,Telecommunications,282929198,28049312,0.08%,0.08,,Both,UI,2026-09-06 10:17:27,36.64096,29.606209,29.181433,0.69,35085877248.0,hold,734.5,1099.99,505.73,1.316,Technology,579.66,-2.73509
2025-12-31,United States,Verizon Communications Inc,Telecommunications,21383428945,2119931291,1.23%,1.23,,Both,VZ,2026-09-06 10:17:43,13.057292,9.496788,2.0046377,5.64,208320430080.0,buy,51.58182,51.68,38.39,0.24,Communication Services,50.14,-0.889505
2025-12-31,United States,Viasat Inc,Telecommunications,5790897,574104,0.01%,0.01,,Both,VSAT,2026-09-06 10:17:43,,451.91098,2.20705,,10375767040.0,buy,103.94,93.03,26.1,1.702,Technology,75.32,5.01952
2025-12-31,United States,American Water Works Co Inc,Utilities,3365477528,333650003,1.31%,1.31,,Both,AWK,2026-09-06 10:10:12,24.384748,21.429224,2.397015,2.54,27961167872.0,hold,140.36365,145.64,120.57,0.58,Utilities,140.7,-0.134859
2025-12-31,United States,Atmos Energy Corp,Utilities,3513918807,348366319,1.28%,1.28,,Both,ATO,2026-09-06 10:10:07,19.971394,18.581152,1.8557569,2.39,28315721728.0,hold,188.18182,192.51,160.1,0.594,Utilities,167.56,-0.922421
2025-12-31,United States,Casella Waste Systems Inc,Utilities,778868124,77216190,1.09%,1.24,,Ownership,CWST,2026-09-06 10:11:32,1169.125,63.747707,3.7671177,,5952253440.0,buy,111.8,107.96,74.05,0.736,Industrials,93.53,-2.53231
2025-12-31,United States,CenterPoint Energy Inc,Utilities,3315818460,328726853,1.31%,1.31,,Both,CNP,2026-09-06 10:11:11,23.613094,19.010878,2.2295284,2.42,26131431424.0,buy,45.75,45.26,37.13,0.451,Utilities,39.67,-0.775391
2025-12-31,United States,Clean Harbors Inc,Utilities,1510547842,149754169,1.2%,1.2,,Market Value,CLH,2026-09-06 10:11:06,38.483013,31.908535,5.716398,,16738836480.0,buy,359.93332,335.94,201.34,0.852,Industrials,317.1,-0.486423
2025-12-31,United States,CMS Energy Corp,Utilities,3144848849,311777101,1.47%,1.47,,Both,CMS,2026-09-06 10:11:11,20.55856,16.46928,2.2480545,3.33,21467492352.0,buy,79.58333,80.36,67.19,0.331,Utilities,68.46,-0.189528
2025-12-31,United States,Consolidated Edison Inc,Utilities,4609804895,457011346,1.27%,1.27,,Both,ED,2026-09-06 10:11:53,17.646381,16.531868,1.5434967,3.23,39678914560.0,hold,110.28125,116.23,94.96,0.259,Utilities,107.29,-1.34253
2025-12-31,United States,Constellation Energy Corp,Utilities,14290517461,1416747296,1.28%,1.28,,Both,CEG,2026-09-06 10:11:00,29.252445,22.408022,3.3218145,0.57,105923731456.0,buy,348.304,412.7,228.63,1.117,Utilities,298.96,4.87985
2025-12-31,United States,Dominion Energy Inc,Utilities,6768064604,670979008,1.34%,1.34,,Both,D,2026-09-06 10:11:32,22.782005,17.256336,2.074354,4.06,57907986432.0,hold,71.81818,72.99,55.85,0.622,Utilities,65.84,-0.427239
2025-12-31,United States,Edison International,Utilities,2988004271,296227690,1.28%,1.28,,Both,EIX,2026-09-06 10:11:53,5.8586173,8.726113,1.2521229,6.18,21845889024.0,hold,68.21429,81.62,52.0,0.614,Utilities,56.77,0.834816
2025-12-31,United States,Entergy Corp,Utilities,5564701376,551678807,1.34%,1.34,,Both,ETR,2026-09-06 10:12:09,27.364794,21.025005,2.7459362,2.39,51251187712.0,buy,123.025,118.45,86.4,0.481,Utilities,107.27,-0.473188
2025-12-31,United States,Essential Utilities Inc,Utilities,1535765435,152254216,1.4%,1.4,,Both,WTRG,,,,,,,,,,,,,,
2025-12-31,United States,Eversource Energy,Utilities,3044990232,301877220,1.2%,1.2,,Market Value,ES,2026-09-06 10:12:04,18.454546,14.451426,1.6375118,4.43,26762741760.0,hold,73.58333,76.57,62.45,0.698,Utilities,71.05,-0.587657
2025-12-31,United States,Exelon Corp,Utilities,5572497259,552451683,1.26%,1.26,,Both,EXC,2026-09-06 10:12:09,16.044117,14.363295,1.5168577,3.85,44960280576.0,hold,48.88235,50.65,42.58,0.389,Utilities,43.64,-1.06552
2025-12-31,United States,National Fuel Gas Co,Utilities,932175630,92414939,1.21%,1.21,,Both,NFG,2026-09-06 10:14:50,11.604457,10.947601,2.0181177,2.66,7919157248.0,buy,92.0,97.06,75.17,0.384,Energy,83.32,-0.251406
2025-12-31,United States,New Jersey Resources Corp,Utilities,589073936,58400188,1.26%,1.26,,Ownership,NJR,2026-09-06 10:14:56,14.792245,15.439908,2.0485673,3.56,5418388480.0,none,60.0,60.86,43.46,0.514,Utilities,53.4,-0.595681
2025-12-31,United States,NextEra Energy Inc,Utilities,24930142114,2471548810,1.48%,1.48,,Both,NEE,2026-09-06 10:14:50,18.748316,19.010576,3.0462246,2.99,174033158144.0,buy,98.38889,98.75,69.24,0.644,Utilities,83.43,-0.749461
2025-12-31,United States,NiSource Inc,Utilities,2732672582,270914367,1.36%,1.36,,Both,NI,2026-09-06 10:14:56,22.015957,18.369837,2.0728164,2.9,19848992768.0,buy,49.85714,49.21,39.3,0.54,Utilities,41.39,-0.648105
2025-12-31,United States,Northwestern Energy Group Inc,Utilities,507105786,50273949,1.27%,1.27,,Ownership,NWE,2026-09-06 10:15:01,25.552347,17.845392,1.5037817,3.79,4354233344.0,buy,74.25,75.18,55.5,0.36,Utilities,70.78,-0.169256
2025-12-31,United States,OGE Energy Corp,Utilities,1298393155,128721370,1.43%,1.43,,Both,OGE,2026-09-06 10:15:07,20.578947,18.013176,1.9458382,3.62,9692792832.0,hold,50.81818,50.59,41.7,0.509,Utilities,46.92,0.0639769
2025-12-31,United States,Oklo Inc,Utilities,920719824,91279222,0.81%,0.81,,Market Value,OKLO,2026-09-06 10:15:07,,-41.0978,2.333484,,7676948480.0,none,79.875,193.84,36.61,1.195,Utilities,41.27,3.58936
2025-12-31,United States,ONE Gas Inc,Utilities,591664426,58657007,1.27%,1.27,,Ownership,OGS,2026-09-06 10:15:07,17.211208,15.779147,1.4175156,3.41,5019701760.0,buy,89.5625,90.78,74.06,0.66,Utilities,79.86,-0.844301
2025-12-31,United States,Ormat Technologies Inc,Utilities,913630653,90576409,1.35%,1.35,,Ownership,ORA,2026-09-06 10:15:12,51.691177,41.45666,2.496508,0.46,6484852224.0,buy,132.41667,146.39,89.7,0.898,Utilities,105.45,1.20932
2025-12-31,United States,PG&E Corp,Utilities,4749824048,470892702,1.33%,1.33,,Both,PCG,2026-09-06 10:15:23,10.28777,7.937301,0.97437996,1.4,31493849088.0,buy,19.65625,19.16,12.59,0.245,Utilities,14.3,2.43553
2025-12-31,United States,Pinnacle West Capital Corp,Utilities,1248231405,123748386,1.17%,1.17,,Market Value,PNW,2026-09-06 10:15:34,18.71785,17.516695,1.6800178,3.73,11819153408.0,hold,105.84615,111.16,85.32,0.437,Utilities,97.52,-0.489799
2025-12-31,United States,PPL Corp,Utilities,3349827171,332098442,1.28%,1.28,,Both,PPL,2026-09-06 10:15:39,20.775148,16.584557,1.7557634,3.25,26421850112.0,buy,40.92857,40.11,33.17,0.583,Utilities,35.11,0.0
2025-12-31,United States,Public Service Enterprise Group Inc,Utilities,5378848165,533253510,1.33%,1.33,,Both,PEG,2026-09-06 10:15:23,18.333332,15.77341,2.1179986,3.64,36733554688.0,buy,85.47222,87.63,72.53,0.519,Utilities,73.7,-0.149032
2025-12-31,United States,Republic Services Inc,Utilities,5671873040,562303696,0.86%,0.86,,Market Value,RSG,2026-09-06 10:16:06,31.545326,27.641665,5.6640387,1.2,68196696064.0,buy,245.91667,233.42,196.41,0.4,Industrials,222.71,-1.07053
2025-12-31,United States,Sempra,Utilities,7862309114,779461290,1.35%,1.35,,Both,SRE,2026-09-06 10:16:39,24.35942,15.180717,1.6809345,3.13,54953787392.0,buy,101.82353,101.04,78.97,0.564,Utilities,84.04,-0.626698
2025-12-31,United States,Southern Co/The,Utilities,12257097856,1215156154,1.27%,1.27,,Both,SO,2026-09-06 10:16:33,21.231325,17.892862,2.5614862,3.45,101358485504.0,hold,99.97368,100.84,83.8,0.316,Utilities,88.11,-0.74349
2025-12-31,United States,Spire Inc,Utilities,616924669,61161281,1.25%,1.25,,Ownership,SR,2026-09-06 10:16:39,18.251656,15.038196,1.3639513,3.99,4887447040.0,buy,92.66667,95.31,74.49,0.558,Utilities,82.68,-0.780033
2025-12-31,United States,Talen Energy Corp,Utilities,2166627027,214797189,1.25%,1.25,,Both,TLN,2026-09-06 10:17:11,,10.302892,9.396212,,15188819968.0,buy,459.9412,451.28,288.58,1.63,Utilities,317.0,3.75753
2025-12-31,United States,TXNM Energy Inc,Utilities,1762390881,174721631,2.72%,2.72,,Both,TXNM,2026-09-06 10:17:22,31.693989,17.792938,1.8119905,7.9,5976674304.0,none,60.7,59.53,55.64,0.168,Utilities,58.0,-0.240797
2025-12-31,United States,UGI Corp,Utilities,1110957185,110139160,1.37%,1.37,,Both,UGI,2026-09-06 10:17:22,12.6046505,11.649937,1.5010287,3.95,8137938432.0,buy,41.33333,41.34,31.62,0.956,Utilities,37.94,0.370369
2025-12-31,United States,Vistra Corp,Utilities,7283252352,722054195,1.32%,1.32,,Both,VST,2026-09-06 10:17:43,25.177067,14.403398,16.687159,0.62,50110337024.0,strong_buy,217.42105,219.82,132.66,1.414,Utilities,149.3,3.5224
2025-12-31,United States,Waste Management Inc,Utilities,9888399363,980325807,1.11%,1.11,,Market Value,WM,,,,,,,,,,,,,,
