As_Of,Country,Name,Industry,Market Value(NOK),Market Value(USD),Voting,Ownership,Incorporation Country,Selection Reason,Yahoo_Ticker
2022-12-31,Canada,Agnico Eagle Mines Ltd,Basic Materials,2759007084,280073808,1.18%,1.18,,Both,AEM.TO
2022-12-31,Canada,Alamos Gold Inc,Basic Materials,407203324,41336242,1.04%,1.04,,Market Value,AGI.TO
2022-12-31,Canada,Argonaut Gold Inc,Basic Materials,90734330,9210672,2.87%,2.87,,Ownership,
2022-12-31,Canada,B2Gold Corp,Basic Materials,409177919,41536689,1.09%,1.09,,Both,BTO.TO
2022-12-31,Canada,First Quantum Minerals Ltd,Basic Materials,786565941,79846304,0.55%,0.55,,Market Value,FM.TO
2022-12-31,Canada,Franco-Nevada Corp,Basic Materials,2094931129,212661773,0.81%,0.81,,Market Value,FNV.TO
2022-12-31,Canada,Interfor Corp,Basic Materials,90383061,9175014,1.15%,1.15,,Ownership,IFP.TO
2022-12-31,Canada,Ivanhoe Mines Ltd,Basic Materials,478542034,48578016,0.51%,0.51,,Market Value,IVN.TO
2022-12-31,Canada,Nutrien Ltd,Basic Materials,3937982911,399754635,1.06%,1.06,,Market Value,NTR.TO
2022-12-31,Canada,Russel Metals Inc,Basic Materials,152387660,15469258,1.17%,1.17,,Ownership,RUS.TO
2022-12-31,Canada,SSR Mining Inc,Basic Materials,356723119,36211869,1.12%,1.12,,Ownership,SSRM.TO
2022-12-31,Canada,Stella-Jones Inc,Basic Materials,245539518,24925339,1.17%,1.17,,Ownership,SJ.TO
2022-12-31,Canada,Teck Resources Ltd,Basic Materials,2827140733,286990228,0.59%,1.48,,Both,TECK-B.TO
2022-12-31,Canada,West Fraser Timber Co Ltd,Basic Materials,1149833287,116722494,1.93%,1.93,,Both,WFG.TO
2022-12-31,Canada,Wheaton Precious Metals Corp,Basic Materials,2349007452,238453705,1.35%,1.35,,Both,WPM.TO
2022-12-31,Canada,Alimentation Couche-Tard Inc,Consumer Discretionary,3600415358,365487297,0.83%,0.83,,Both,ATD.TO
2022-12-31,Canada,Aritzia Inc,Consumer Discretionary,330604901,33560542,0.31%,0.86,,Both,ATZ.TO
2022-12-31,Canada,Boyd Group Services Inc,Consumer Discretionary,332350571,33737750,1.02%,1.02,,Both,
2022-12-31,Canada,BRP Inc,Consumer Discretionary,285330156,28964588,0.13%,0.48,,Market Value,DOO.TO
2022-12-31,Canada,Canadian Tire Corp Ltd,Consumer Discretionary,614835535,62413515,0%,1.03,,Both,CTC-A.TO
2022-12-31,Canada,Dollarama Inc,Consumer Discretionary,1718014952,174400056,1.04%,1.04,,Both,DOL.TO
2022-12-31,Canada,Gildan Activewear Inc,Consumer Discretionary,544725848,55296503,1.12%,1.12,,Both,GIL.TO
2022-12-31,Canada,Linamar Corp,Consumer Discretionary,233971841,23751075,0.85%,0.85,,Ownership,LNR.TO
2022-12-31,Canada,Magna International Inc,Consumer Discretionary,1620205949,164471216,1.02%,1.02,,Both,MG.TO
2022-12-31,Canada,North West Co Inc/The,Consumer Discretionary,122350514,12420111,0.99%,0.99,,Ownership,
2022-12-31,Canada,Restaurant Brands International Inc,Consumer Discretionary,850310399,86317166,0.3%,0.3,,Market Value,QSR.TO
2022-12-31,Canada,Ritchie Bros Auctioneers Inc,Consumer Discretionary,783521003,79537205,1.24%,1.24,,Both,
2022-12-31,Canada,George Weston Ltd,Consumer Staples,923462243,93742995,0.54%,0.54,,Both,WN.TO
2022-12-31,Canada,Loblaw Cos Ltd,Consumer Staples,1475051235,149736193,0.52%,0.52,,Both,L.TO
2022-12-31,Canada,Maple Leaf Foods Inc,Consumer Staples,139668589,14178113,0.64%,0.64,,Both,MFI.TO
2022-12-31,Canada,Metro Inc/CN,Consumer Staples,1408523056,142982749,1.1%,1.1,,Both,MRU.TO
2022-12-31,Canada,Molson Coors Canada Inc,Consumer Staples,14083015,1429603,0.2%,0.2,,Both,TPX-B.TO
2022-12-31,Canada,Premium Brands Holdings Corp,Consumer Staples,243347528,24702825,0.91%,0.91,,Both,PBH.TO
2022-12-31,Canada,Primo Water Corp,Consumer Staples,217960046,22125677,0.89%,0.89,,Both,
2022-12-31,Canada,Saputo Inc,Consumer Staples,534990700,54308263,0.52%,0.52,,Both,SAP.TO
2022-12-31,Canada,Ballard Power Systems Inc,Energy,177144550,17982393,1.26%,1.26,,Both,BLDP.TO
2022-12-31,Canada,Cameco Corp,Energy,717328382,72817824,0.74%,0.74,,Both,CCO.TO
2022-12-31,Canada,Enbridge Inc,Energy,6932838980,703770072,0.89%,0.89,,Both,ENB.TO
2022-12-31,Canada,Enerflex Ltd,Energy,62,6,0%,0.0,,Both,EFX.TO
2022-12-31,Canada,Ensign Energy Services Inc,Energy,25,3,0%,0.0,,Ownership,ESI.TO
2022-12-31,Canada,Gibson Energy Inc,Energy,283731572,28802312,1.15%,1.15,,Both,GEI.TO
2022-12-31,Canada,Keyera Corp,Energy,521087410,52896905,1.06%,1.06,,Both,KEY.TO
2022-12-31,Canada,Parkland Corp,Energy,365419335,37094644,0.96%,0.96,,Both,
2022-12-31,Canada,Pembina Pipeline Corp,Energy,1260286431,127934873,0.68%,0.68,,Both,PPL.TO
2022-12-31,Canada,Secure Energy Services Inc,Energy,51,5,0%,0.0,,Market Value,
2022-12-31,Canada,TC Energy Corp,Energy,5022090387,509805135,1.26%,1.26,,Both,TRP.TO
2022-12-31,Canada,Bank of Montreal,Financials,5388534569,547003814,0.86%,0.86,,Market Value,BMO.TO
2022-12-31,Canada,Bank of Nova Scotia/The,Financials,5659503133,574510520,0.98%,0.98,,Market Value,BNS.TO
2022-12-31,Canada,Brookfield Corp,Financials,4653859860,472425120,0.92%,0.92,,Market Value,BN.TO
2022-12-31,Canada,Canadian Imperial Bank of Commerce,Financials,2922131364,296632968,0.81%,0.81,,Market Value,CM.TO
2022-12-31,Canada,Canadian Western Bank,Financials,174699840,17734224,1.06%,1.06,,Ownership,
2022-12-31,Canada,Home Capital Group Inc,Financials,135161005,13720536,1.14%,1.14,,Ownership,
2022-12-31,Canada,iA Financial Corp Inc,Financials,672891038,68306876,1.11%,1.11,,Ownership,IAG.TO
2022-12-31,Canada,Intact Financial Corp,Financials,2702582647,274346020,1.09%,1.09,,Both,IFC.TO
2022-12-31,Canada,Laurentian Bank of Canada,Financials,114113926,11583994,1.12%,1.12,,Ownership,LB-PH.TO
2022-12-31,Canada,Manulife Financial Corp,Financials,3919131505,397840981,1.19%,1.19,,Both,MFC.TO
2022-12-31,Canada,National Bank of Canada,Financials,2462308529,249955185,1.1%,1.1,,Both,NA.TO
2022-12-31,Canada,Royal Bank of Canada,Financials,15277896302,1550898011,1.19%,1.19,,Both,RY.TO
2022-12-31,Canada,Sun Life Financial Inc,Financials,2792864982,283510809,1.04%,1.04,,Market Value,SLF.TO
2022-12-31,Canada,TMX Group Ltd,Financials,609025317,61823705,1.11%,1.11,,Ownership,
2022-12-31,Canada,Toronto-Dominion Bank/The,Financials,14333904569,1455071015,1.23%,1.23,,Both,TD.TO
2022-12-31,Canada,AbCellera Biologics Inc,Health Care,64534501,6551061,0.23%,0.23,,Both,ABCL.TO
2022-12-31,Canada,Bausch + Lomb Corp,Health Care,427809228,43428000,0.8%,0.8,,Both,BLCO.TO
2022-12-31,Canada,Bausch Health Cos Inc,Health Care,199212217,20222538,0.89%,0.89,,Both,BHC.TO
2022-12-31,Canada,Xenon Pharmaceuticals Inc,Health Care,52226839,5301679,0.21%,0.21,,Both,XENE
2022-12-31,Canada,ATS Corp,Industrials,271152012,27525329,0.97%,0.97,,Ownership,ATS.TO
2022-12-31,Canada,CAE Inc,Industrials,594720711,60371608,0.98%,0.98,,Both,CAE.TO
2022-12-31,Canada,Canadian National Railway Co,Industrials,6995480132,710128934,0.89%,0.89,,Market Value,CNR.TO
2022-12-31,Canada,Canadian Pacific Railway Ltd,Industrials,11030212079,1119704810,1.61%,1.61,,Both,
2022-12-31,Canada,CCL Industries Inc,Industrials,677915706,68816943,0%,0.91,,Market Value,CCL-B.TO
2022-12-31,Canada,Element Fleet Management Corp,Industrials,621306290,63070378,1.18%,1.18,,Both,EFN.TO
2022-12-31,Canada,Finning International Inc,Industrials,446926296,45368622,1.2%,1.2,,Both,FTT.TO
2022-12-31,Canada,SNC-Lavalin Group Inc,Industrials,368871158,37445047,1.21%,1.21,,Ownership,
2022-12-31,Canada,Stantec Inc,Industrials,594384852,60337514,1.14%,1.14,,Both,STN.TO
2022-12-31,Canada,TFI International Inc,Industrials,910920160,92469816,1.07%,1.07,,Both,TFII.TO
2022-12-31,Canada,Toromont Industries Ltd,Industrials,626024385,63549323,1.07%,1.07,,Both,TIH.TO
2022-12-31,Canada,WSP Global Inc,Industrials,1556046805,157958259,1.09%,1.09,,Both,WSP.TO
2022-12-31,Canada,Allied Properties Real Estate Investment Trust,Real Estate,230898861,23439129,0.97%,0.97,,Both,AP-UN.TO
2022-12-31,Canada,Canadian Apartment Properties REIT,Real Estate,521199051,52908238,0.97%,0.97,,Both,CAR-UN.TO
2022-12-31,Canada,Chartwell Retirement Residences,Real Estate,124015667,12589145,0.87%,0.87,,Ownership,CSH-UN.TO
2022-12-31,Canada,Choice Properties Real Estate Investment Trust,Real Estate,240920029,24456403,0.31%,0.31,,Market Value,CHP-UN.TO
2022-12-31,Canada,Colliers International Group Inc,Real Estate,314536533,31929401,0.51%,0.81,,Market Value,CIGI.TO
2022-12-31,Canada,First Capital Real Estate Investment Trust,Real Estate,237246706,24083515,0.89%,0.89,,Both,FCR-UN.TO
2022-12-31,Canada,FirstService Corp,Real Estate,560531051,56900929,0.66%,1.02,,Both,FSV.TO
2022-12-31,Canada,Granite Real Estate Investment Trust,Real Estate,305775419,31040038,0.96%,0.96,,Both,GRT-UN.TO
2022-12-31,Canada,H&R Real Estate Investment Trust,Real Estate,222924267,22629608,0.92%,0.92,,Ownership,HR-UN.TO
2022-12-31,Canada,Primaris Real Estate Investment Trust,Real Estate,107375538,10899963,1.03%,1.03,,Ownership,PMZ-UN.TO
2022-12-31,Canada,RioCan Real Estate Investment Trust,Real Estate,514508675,52229081,1.08%,1.08,,Both,REI-UN.TO
2022-12-31,Canada,SmartCentres Real Estate Investment Trust,Real Estate,245599419,24931420,0.74%,0.74,,Market Value,SRU-UN.TO
2022-12-31,Canada,Summit Industrial Income REIT,Real Estate,251777512,25558574,0.8%,0.8,,Market Value,
2022-12-31,Canada,Tricon Residential Inc,Real Estate,210597739,21378311,1.01%,1.01,,Ownership,
2022-12-31,Canada,BlackBerry Ltd,Technology,378502869,38422786,2.03%,2.03,,Both,BB.TO
2022-12-31,Canada,Celestica Inc,Technology,111820459,11351179,0.18%,0.83,,Both,CLS.TO
2022-12-31,Canada,CGI Inc,Technology,1959670637,198931138,0.49%,0.97,,Both,GIB-A.TO
2022-12-31,Canada,Constellation Software Inc/Canada,Technology,3306026570,335603144,1.02%,1.02,,Both,CSU.TO
2022-12-31,Canada,Descartes Systems Group Inc/The,Technology,684545738,69489974,1.18%,1.18,,Both,DSG.TO
2022-12-31,Canada,Enghouse Systems Ltd,Technology,115063957,11680434,0.8%,0.8,,Both,
2022-12-31,Canada,Kinaxis Inc,Technology,325535759,33045961,1.06%,1.06,,Both,KXS.TO
2022-12-31,Canada,Lightspeed Commerce Inc,Technology,204966661,20806686,0.97%,0.97,,Both,LSPD.TO
2022-12-31,Canada,Open Text Corp,Technology,854994123,86792622,1.08%,1.08,,Both,OTEX.TO
2022-12-31,Canada,Shopify Inc,Technology,4074298889,413592416,0.65%,1.1,,Both,SHOP.TO
2022-12-31,Canada,BCE Inc,Telecommunications,1126157934,114319149,0.29%,0.29,,Both,BCE.TO
2022-12-31,Canada,Cogeco Communications Inc,Telecommunications,76915944,7807933,0.07%,0.3,,Both,CCA.TO
2022-12-31,Canada,Quebecor Inc,Telecommunications,205056121,20815767,0.1%,0.4,,Both,QBR-B.TO
2022-12-31,Canada,Rogers Communications Inc,Telecommunications,53377630,5418499,0%,0.02,,Both,RCI-B.TO
2022-12-31,Canada,Shaw Communications Inc,Telecommunications,1536461417,155970096,0%,1.08,,Both,
2022-12-31,Canada,TELUS Corp,Telecommunications,876519966,88977765,0.32%,0.32,,Both,T.TO
2022-12-31,Canada,Algonquin Power & Utilities Corp,Utilities,1057119531,107310885,2.41%,2.41,,Both,AQN.TO
2022-12-31,Canada,AltaGas Ltd,Utilities,525578936,53352851,1.1%,1.1,,Both,ALA.TO
2022-12-31,Canada,Atco Ltd/Canada,Utilities,250830775,25462468,0%,0.71,,Both,ACO-X.TO
2022-12-31,Canada,Brookfield Infrastructure Corp,Utilities,427583918,43405128,1.01%,1.01,,Both,BIPC.TO
2022-12-31,Canada,Brookfield Renewable Corp,Utilities,371841748,37746599,0.8%,0.38,,Market Value,BEPC.TO
2022-12-31,Canada,Fortis Inc/Canada,Utilities,980272421,99509940,0.52%,0.52,,Both,FTS.TO
2022-12-31,Canada,GFL Environmental Inc,Utilities,2206562367,223993743,1.31%,1.95,,Both,GFL.TO
2022-12-31,Canada,Hydro One Ltd,Utilities,468586302,47567384,0.3%,0.3,,Market Value,H.TO
2022-12-31,Canada,Northland Power Inc,Utilities,1880760173,190920736,2.83%,2.83,,Both,NPI.TO
2022-12-31,Canada,Superior Plus Corp,Utilities,135957104,13801350,0.83%,0.83,,Ownership,SPB.TO
2022-12-31,Canada,TransAlta Renewables Inc,Utilities,108487041,11012795,0.5%,0.5,,Ownership,
2022-12-31,Canada,Waste Connections Inc,Utilities,5851664333,594017291,1.74%,1.74,,Both,WCN.TO
2022-12-31,Germany,Aurubis AG,Basic Materials,819879448,83228043,2.27%,2.27,,Both,NDA1.F
2022-12-31,Germany,BASF SE,Basic Materials,7544580833,765869539,1.73%,1.73,,Both,BAS.DE
2022-12-31,Germany,Brenntag SE,Basic Materials,1264894967,128402697,1.3%,1.3,,Market Value,BNR.DE
2022-12-31,Germany,Covestro AG,Basic Materials,2636117819,267599007,3.55%,3.55,,Both,1COV.DE
2022-12-31,Germany,Eckert & Ziegler Strahlen- und Medizintechnik AG,Basic Materials,500101100,50766531,4.84%,4.84,,Both,
2022-12-31,Germany,Evonik Industries AG,Basic Materials,767960569,77957626,0.87%,0.87,,Market Value,EVK.DE
2022-12-31,Germany,FUCHS PETROLUB SE,Basic Materials,1003320687,101849628,2.3%,2.27,,Both,FPE4.F
2022-12-31,Germany,K+S AG,Basic Materials,1558444443,158201649,4.21%,4.21,,Both,SDF.DE
2022-12-31,Germany,LANXESS AG,Basic Materials,1593397960,161749869,4.66%,4.66,,Both,LXS.DE
2022-12-31,Germany,Salzgitter AG,Basic Materials,315884621,32066249,1.75%,1.75,,Ownership,SZG.DE
2022-12-31,Germany,SGL Carbon SE,Basic Materials,174865077,17750998,1.96%,1.96,,Ownership,SGL.DE
2022-12-31,Germany,Symrise AG,Basic Materials,5220367737,529932772,3.49%,3.49,,Both,SY1.DE
2022-12-31,Germany,adidas AG,Consumer Discretionary,5403130338,548485467,2.24%,2.24,,Both,ADS.DE
2022-12-31,Germany,Auto1 Group SE,Consumer Discretionary,330120228,33511342,1.87%,1.87,,Ownership,AG1.F
2022-12-31,Germany,Bayerische Motoren Werke AG,Consumer Discretionary,3076753241,312329027,0.49%,0.53,,Market Value,BMW.DE
2022-12-31,Germany,Cewe Stiftung & Co KGAA,Consumer Discretionary,139409047,14151766,2.01%,2.01,,Ownership,CWC.DE
2022-12-31,Germany,CTS Eventim AG & Co KGaA,Consumer Discretionary,986808233,100173407,1.64%,1.64,,Ownership,
2022-12-31,Germany,Deutsche Lufthansa AG,Consumer Discretionary,2053014823,208406743,2.1%,2.1,,Both,LHA.DE
2022-12-31,Germany,Dr Ing hc F Porsche AG,Consumer Discretionary,10040214103,1019207604,0%,1.11,,Market Value,P911.DE
2022-12-31,Germany,Henkel AG & Co KGaA,Consumer Discretionary,3563719181,361762174,0.59%,1.22,,Market Value,HEN3.DE
2022-12-31,Germany,HUGO BOSS AG,Consumer Discretionary,1059579883,107560642,2.64%,2.64,,Ownership,BOSS.DE
2022-12-31,Germany,JOST Werke AG,Consumer Discretionary,230439418,23392490,2.8%,2.8,,Ownership,
2022-12-31,Germany,Mercedes-Benz Group AG,Consumer Discretionary,2469608067,250696180,0.36%,0.36,,Market Value,MBG.DE
2022-12-31,Germany,Porsche Automobil Holding SE,Consumer Discretionary,1530713061,155386566,0%,0.93,,Market Value,PAH3.DE
2022-12-31,Germany,Puma SE,Consumer Discretionary,3272422514,332191911,3.64%,3.64,,Both,PUM.DE
2022-12-31,Germany,SAF-Holland SE,Consumer Discretionary,75473467,7661503,1.79%,1.79,,Ownership,SFQ.F
2022-12-31,Germany,Sixt SE,Consumer Discretionary,703643692,71428656,1.24%,2.15,,Ownership,SIX2.DE
2022-12-31,Germany,Volkswagen AG,Consumer Discretionary,4608603452,467831028,0%,0.75,,Market Value,VOW3.DE
2022-12-31,Germany,Zalando SE,Consumer Discretionary,1108142592,112490366,1.21%,1.21,,Market Value,ZAL.DE
2022-12-31,Germany,Beiersdorf AG,Consumer Staples,2357438961,239309609,0.83%,0.83,,Both,BEI.DE
2022-12-31,Germany,HelloFresh SE,Consumer Staples,2652543455,269266415,7.15%,7.15,,Both,HFG.DE
2022-12-31,Germany,KWS Saat SE & Co KGaA,Consumer Staples,156483517,15885039,0.7%,0.7,,Both,KWS.DE
2022-12-31,Germany,METRO AG,Consumer Staples,299375562,30390373,0.86%,0.85,,Both,B4B.DE
2022-12-31,Germany,Shop Apotheke Europe NV,Consumer Staples,145212518,14740891,1.72%,1.72,,Both,
2022-12-31,Germany,Suedzucker AG,Consumer Staples,240506878,24414463,0.69%,0.69,,Both,SZU.DE
2022-12-31,Germany,CropEnergies AG,Energy,81797166,8303438,0.68%,0.68,,Both,
2022-12-31,Germany,Nordex SE,Energy,173559430,17618458,0.59%,0.59,,Both,NDX1.DE
2022-12-31,Germany,SFC Energy AG,Energy,28652468,2908585,0.63%,0.63,,Both,F3C.DE
2022-12-31,Germany,Siemens Energy AG,Energy,1932679502,196191199,1.44%,1.44,,Both,ENR.DE
2022-12-31,Germany,SMA Solar Technology AG,Energy,124424822,12630679,0.51%,0.51,,Both,S92.DE
2022-12-31,Germany,VERBIO Vereinigte BioEnergie AG,Energy,465563598,47260542,1.15%,1.15,,Both,
2022-12-31,Germany,Aareal Bank AG,Financials,469256132,47635380,0%,2.33,,Both,
2022-12-31,Germany,Allianz SE,Financials,18389369161,1866751514,2.16%,2.16,,Both,ALV.DE
2022-12-31,Germany,Commerzbank AG,Financials,3561728036,361560048,3.06%,3.06,,Both,CBK.DE
2022-12-31,Germany,Deutsche Bank AG,Financials,5000566963,507620238,2.17%,2.17,,Both,DBK.DE
2022-12-31,Germany,Deutsche Beteiligungs AG,Financials,84873609,8615735,1.54%,1.54,,Ownership,DBAN.F
2022-12-31,Germany,Deutsche Boerse AG,Financials,7189446548,729818957,2.23%,2.23,,Both,DB1.DE
2022-12-31,Germany,Deutsche Pfandbriefbank AG,Financials,251892893,25570287,2.45%,2.45,,Both,PBB.F
2022-12-31,Germany,DWS Group GmbH & Co KGaA,Financials,382497240,38828265,0.6%,0.6,,Market Value,DWS.DE
2022-12-31,Germany,Hannover Rueck SE,Financials,1828014643,185566404,0.78%,0.78,,Market Value,HNR1.DE
2022-12-31,Germany,Heliad Equity Partners GmbH & Co KGaA,Financials,9431275,957393,2.14%,2.14,,Ownership,
2022-12-31,Germany,Hypoport SE,Financials,119879145,12169236,1.8%,1.8,,Ownership,HYQ.DE
2022-12-31,Germany,Muenchener Rueckversicherungs-Gesellschaft AG in Muenchen,Financials,9534474440,967868687,2.13%,2.13,,Both,MUV2.DE
2022-12-31,Germany,Talanx AG,Financials,1013051079,102837385,0.86%,0.86,,Market Value,TLX.DE
2022-12-31,Germany,Bayer AG,Health Care,13827235160,1403637718,2.77%,2.77,,Both,BAYN.DE
2022-12-31,Germany,Carl Zeiss Meditec AG,Health Care,455290208,46217664,0.41%,0.41,,Market Value,AFX.DE
2022-12-31,Germany,CompuGroup Medical SE & Co KgaA,Health Care,445357155,45209335,2.19%,2.19,,Ownership,
2022-12-31,Germany,Draegerwerk AG & Co KGaA,Health Care,249297450,25306817,1.65%,3.14,,Ownership,DRW3.DE
2022-12-31,Germany,Evotec SE,Health Care,633519833,64310205,2.23%,2.23,,Both,EVT.F
2022-12-31,Germany,Fresenius Medical Care AG & Co KGaA,Health Care,1148691791,116606618,1.22%,1.22,,Market Value,
2022-12-31,Germany,Fresenius SE & Co KGaA,Health Care,2344126211,237958198,1.51%,1.51,,Both,FRE.DE
2022-12-31,Germany,Gerresheimer AG,Health Care,446891164,45365056,2.16%,2.16,,Both,GXI.DE
2022-12-31,Germany,Medios AG,Health Care,78414789,7960084,1.79%,1.79,,Ownership,ILM1.F
2022-12-31,Germany,Merck KGaA,Health Care,5783635281,587111489,2.35%,0.7,,Market Value,MRK.DE
2022-12-31,Germany,MorphoSys AG,Health Care,173138576,17575736,3.64%,3.64,,Ownership,
2022-12-31,Germany,QIAGEN NV,Health Care,3111758733,315882523,2.74%,2.74,,Both,QIA.DE
2022-12-31,Germany,Sartorius AG,Health Care,3406713035,345824082,0.29%,1.19,,Market Value,SRT3.DE
2022-12-31,Germany,Siemens Healthineers AG,Health Care,2491201724,252888207,0.45%,0.45,,Market Value,SHL.DE
2022-12-31,Germany,STRATEC SE,Health Care,137689088,13977169,1.33%,1.33,,Ownership,SBS.DE
2022-12-31,Germany,Daimler Truck Holding AG,Industrials,1378659039,139951176,0.55%,0.55,,Market Value,DTG.DE
2022-12-31,Germany,Deutsche Post AG,Industrials,6964754410,707009888,1.52%,1.52,,Market Value,DHL.DE
2022-12-31,Germany,Deutz AG,Industrials,171373408,17396549,3.33%,3.33,,Ownership,
2022-12-31,Germany,Duerr AG,Industrials,467973445,47505172,2.04%,2.04,,Ownership,
2022-12-31,Germany,GEA Group AG,Industrials,1356624699,137714415,1.9%,1.9,,Market Value,G1A.DE
2022-12-31,Germany,Knorr-Bremse AG,Industrials,1309597742,132940589,1.51%,1.51,,Market Value,KBX.DE
2022-12-31,Germany,MTU Aero Engines AG,Industrials,2924791649,296903020,2.57%,2.57,,Both,MTX.DE
2022-12-31,Germany,Norma Group SE,Industrials,281185108,28543814,4.94%,4.94,,Ownership,NOEJ.F
2022-12-31,Germany,OSRAM Licht AG,Industrials,1088713768,110518096,2.17%,2.17,,Both,OSR.DE
2022-12-31,Germany,Rational AG,Industrials,812357761,82464497,1.22%,1.22,,Market Value,
2022-12-31,Germany,Rheinmetall AG,Industrials,1883102221,191158483,2.21%,2.21,,Both,RHM.DE
2022-12-31,Germany,Siemens AG,Industrials,24430222270,2479973837,2.11%,2.11,,Both,SIE.DE
2022-12-31,Germany,Stabilus SE,Industrials,680468902,69076124,4.17%,4.17,,Ownership,STM.F
2022-12-31,Germany,thyssenkrupp AG,Industrials,1117814765,113472212,3%,3.0,,Both,TKA.DE
2022-12-31,Germany,Washtec AG,Industrials,144981196,14717409,2.86%,2.86,,Ownership,WSU.F
2022-12-31,Germany,ADLER Group SA,Real Estate,27514018,2793018,1.66%,1.66,,Both,
2022-12-31,Germany,Aroundtown SA,Real Estate,833507895,84611501,2.36%,2.36,,Both,AT1.DE
2022-12-31,Germany,Deutsche Wohnen SE,Real Estate,273294815,27742850,0.33%,0.33,,Both,DWNI.DE
2022-12-31,Germany,DIC Asset AG,Real Estate,105882653,10748417,1.59%,1.59,,Both,
2022-12-31,Germany,Grand City Properties SA,Real Estate,205309514,20841490,1.21%,1.21,,Both,GYC.DE
2022-12-31,Germany,Instone Real Estate Group SE,Real Estate,88669642,9001080,2.22%,2.22,,Both,INS.DE
2022-12-31,Germany,LEG Immobilien SE,Real Estate,1153282317,117072614,2.43%,2.43,,Both,LEG.DE
2022-12-31,Germany,PATRIZIA SE,Real Estate,108526015,11016751,1.08%,1.08,,Both,PAT.DE
2022-12-31,Germany,TAG Immobilien AG,Real Estate,336436367,34152509,3.02%,3.02,,Both,TEG.DE
2022-12-31,Germany,Vonovia SE,Real Estate,26907993715,2731498702,14.6%,14.6,,Both,VNA.DE
2022-12-31,Germany,AIXTRON SE,Technology,1358338189,137888355,4.23%,4.23,,Both,AIXA.DE
2022-12-31,Germany,Bechtle AG,Technology,883396163,89675785,2.02%,2.02,,Market Value,BC8.DE
2022-12-31,Germany,CANCOM SE,Technology,270636968,27473045,2.66%,2.66,,Ownership,COK.DE
2022-12-31,Germany,GFT Technologies SE,Technology,203540480,20661910,2.17%,2.17,,Ownership,GFT.DE
2022-12-31,Germany,GK Software SE,Technology,153625784,15594943,4.9%,4.9,,Ownership,
2022-12-31,Germany,Infineon Technologies AG,Technology,10893800591,1105857333,2.79%,2.79,,Both,IFX.DE
2022-12-31,Germany,Jenoptik AG,Technology,577707783,58644583,3.76%,3.76,,Both,JEN.DE
2022-12-31,Germany,Nagarro SE,Technology,451938435,45877417,2.82%,2.82,,Both,NA9.F
2022-12-31,Germany,SAP SE,Technology,34087604300,3460319186,2.74%,2.74,,Both,SAP.DE
2022-12-31,Germany,Scout24 SE,Technology,1505160213,152792632,3.8%,3.8,,Both,G24.DE
2022-12-31,Germany,Siltronic AG,Technology,453651534,46051318,2.11%,2.11,,Market Value,WAF.DE
2022-12-31,Germany,TeamViewer AG,Technology,889947525,90340831,3.77%,3.77,,Both,
2022-12-31,Germany,United Internet AG,Technology,631914241,64147218,1.64%,1.64,,Market Value,UTDI.DE
2022-12-31,Germany,1&1 AG,Telecommunications,146729240,14894857,0.68%,0.68,,Both,1U1.DE
2022-12-31,Germany,Deutsche Telekom AG,Telecommunications,21222201173,2154319477,2.17%,2.17,,Both,DTE.DE
2022-12-31,Germany,Freenet AG,Telecommunications,830805107,84337134,3.25%,3.25,,Both,FNTN.DE
2022-12-31,Germany,Kabel Deutschland Holding AG,Telecommunications,326447352,33138499,0.37%,0.37,,Both,
2022-12-31,Germany,Telefonica Deutschland Holding AG,Telecommunications,571489109,58013309,0.79%,0.79,,Both,
2022-12-31,Germany,Vantage Towers AG,Telecommunications,908180457,92191702,0.53%,0.53,,Both,VTWR.DE
2022-12-31,Germany,2G Energy AG,Utilities,29091850,2953187,0.66%,0.66,,Both,2GB.DE
2022-12-31,Germany,7C Solarparken AG,Utilities,7340158,745118,0.2%,0.2,,Both,HRPK.F
2022-12-31,Germany,Befesa SA,Utilities,658167630,66812266,3.47%,3.47,,Both,
2022-12-31,Germany,E.ON SE,Utilities,4325701084,439112890,1.67%,1.67,,Both,EOAN.DE
2022-12-31,Germany,Encavis AG,Utilities,431822339,43835381,1.38%,1.38,,Both,
2022-12-31,Germany,Energiekontor AG,Utilities,247296031,25103647,2.18%,2.18,,Both,EKT.F
2022-12-31,Germany,PNE AG,Utilities,327262262,33221222,1.9%,1.9,,Both,PNE3.DE
2022-12-31,Germany,Uniper SE,Utilities,7164072,727243,0%,0.0,,Both,UN0.F
2022-12-31,India,Aarti Industries Ltd,Basic Materials,116649971,11841434,0.44%,0.44,,Both,AARTIIND.NS
2022-12-31,India,Aarti Pharmalabs Ltd,Basic Materials,19905289,2020636,0%,0.0,,Market Value,
2022-12-31,India,Alkyl Amines Chemicals,Basic Materials,74702602,7583251,0.46%,0.46,,Both,ALKYLAMINE.BO
2022-12-31,India,APL Apollo Tubes Ltd,Basic Materials,178113481,18080751,0.49%,0.49,,Both,APLAPOLLO.NS
2022-12-31,India,Archean Chemical Industries Ltd,Basic Materials,73141272,7424756,0.95%,0.95,,Both,ACI.NS
2022-12-31,India,Astec Lifesciences Ltd,Basic Materials,58379650,5926266,1.43%,1.43,,Both,ASTEC.NS
2022-12-31,India,Atul Ltd,Basic Materials,395272529,40125117,1.36%,1.36,,Both,ATUL.NS
2022-12-31,India,Balaji Amines Ltd,Basic Materials,43635251,4429525,0.42%,0.42,,Both,BALAMINES.NS
2022-12-31,India,BASF India Ltd,Basic Materials,13681273,1388821,0.09%,0.09,,Both,BASF.NS
2022-12-31,India,Carborundum Universal Ltd,Basic Materials,62679614,6362767,0.32%,0.32,,Both,CARBORUNIV.NS
2022-12-31,India,Castrol India Ltd,Basic Materials,68637670,6967584,0.47%,0.47,,Both,CASTROLIND.NS
2022-12-31,India,Century Plyboards India Ltd,Basic Materials,351314784,35662855,2.58%,2.58,,Both,CENTURYPLY.NS
2022-12-31,India,Century Textiles & Industries Ltd,Basic Materials,27738872,2815843,0.29%,0.29,,Both,
2022-12-31,India,Chambal Fertilisers and Chemicals Ltd,Basic Materials,58426017,5930973,0.38%,0.38,,Both,CHAMBLFERT.NS
2022-12-31,India,Chemplast Sanmar Ltd,Basic Materials,129250751,13120572,1.49%,1.49,,Both,CHEMPLASTS.NS
2022-12-31,India,Clean Science & Technology Ltd,Basic Materials,28914642,2935199,0.15%,0.15,,Both,CLEAN.NS
2022-12-31,India,Coromandel International Ltd,Basic Materials,106026915,10763061,0.34%,0.34,,Both,COROMANDEL.NS
2022-12-31,India,DCM Shriram Ltd,Basic Materials,26648145,2705121,0.16%,0.16,,Both,
2022-12-31,India,Deepak Fertilisers & Petrochemicals Corp Ltd,Basic Materials,133010442,13502227,1.24%,1.24,,Both,DEEPAKFERT.NS
2022-12-31,India,Deepak Nitrite Ltd,Basic Materials,639279016,64894835,1.98%,1.98,,Both,DEEPAKNTR.NS
2022-12-31,India,Galaxy Surfactants Ltd,Basic Materials,15981366,1622309,0.15%,0.15,,Both,GALAXYSURF.NS
2022-12-31,India,GFL Ltd,Basic Materials,1806016,183333,0.21%,0.21,,Ownership,
2022-12-31,India,Godrej Industries Ltd,Basic Materials,35827338,3636924,0.21%,0.21,,Both,GODREJIND.NS
2022-12-31,India,Grindwell Norton Ltd,Basic Materials,38514384,3909693,0.16%,0.16,,Both,GRINDWELL.NS
2022-12-31,India,Gujarat Narmada Valley Fertilizers & Chemicals Ltd,Basic Materials,53381158,5418857,0.52%,0.52,,Both,GNFC.NS
2022-12-31,India,Heranba Industries Ltd,Basic Materials,17837420,1810722,0.75%,0.75,,Both,HERANBA.NS
2022-12-31,India,Jindal Saw Ltd,Basic Materials,10453010,1061112,0.27%,0.27,,Both,JINDALSAW.BO
2022-12-31,India,JSW Steel Ltd,Basic Materials,748240335,75955775,0.34%,0.34,,Both,JSWSTEEL.NS
2022-12-31,India,KPR Mill Ltd,Basic Materials,38215640,3879367,0.18%,0.18,,Both,KPRMILL.NS
2022-12-31,India,Linde India Ltd,Basic Materials,64035528,6500409,0.18%,0.18,,Both,LINDEINDIA.NS
2022-12-31,India,National Aluminium Co Ltd,Basic Materials,92682933,9408480,0.53%,0.53,,Both,NATIONALUM.NS
2022-12-31,India,Navin Fluorine International Ltd,Basic Materials,112626523,11433004,0.47%,0.47,,Both,NAVINFLUOR.NS
2022-12-31,India,PI Industries Ltd,Basic Materials,189866624,19273843,0.31%,0.31,,Both,PIIND.NS
2022-12-31,India,Pidilite Industries Ltd,Basic Materials,1164825725,118244414,0.75%,0.75,,Both,PIDILITIND.NS
2022-12-31,India,Polyplex Corp Ltd,Basic Materials,7014045,712013,0.12%,0.12,,Both,POLYPLEX.NS
2022-12-31,India,Rallis India Ltd,Basic Materials,26000705,2639398,0.46%,0.46,,Both,RALLIS.BO
2022-12-31,India,Ratnamani Metals & Tubes Ltd,Basic Materials,54134778,5495359,0.33%,0.33,,Both,RATNAMANI.NS
2022-12-31,India,Raymond Ltd,Basic Materials,54491574,5531578,0.47%,0.47,,Both,RAYMOND.NS
2022-12-31,India,Schaeffler India Ltd,Basic Materials,58467273,5935161,0.11%,0.11,,Both,SCHAEFFLER.NS
2022-12-31,India,SKF India Ltd,Basic Materials,86215502,8751954,0.33%,0.33,,Both,SKFINDIA.NS
2022-12-31,India,Solar Industries India Ltd,Basic Materials,75393445,7653380,0.16%,0.16,,Both,SOLARINDS.NS
2022-12-31,India,SRF Ltd,Basic Materials,468620939,47570900,0.58%,0.58,,Both,SRF.NS
2022-12-31,India,Tata Chemicals Ltd,Basic Materials,144918742,14711069,0.51%,0.51,,Both,TATACHEM.NS
2022-12-31,India,Tata Steel Ltd,Basic Materials,1680416390,170583331,1.03%,1.02,,Both,TATASTEEL.NS
2022-12-31,India,Timken India Ltd,Basic Materials,39191127,3978391,0.14%,0.14,,Both,TIMKEN.NS
2022-12-31,India,Tube Investments of India Ltd,Basic Materials,270228829,27431614,0.42%,0.42,,Both,TIINDIA.NS
2022-12-31,India,UPL Ltd,Basic Materials,1423049561,144457371,2.22%,2.22,,Both,UPL.NS
2022-12-31,India,Vardhman Textiles Ltd,Basic Materials,43086768,4373847,0.38%,0.38,,Both,VTL.NS
2022-12-31,India,Vinati Organics Ltd,Basic Materials,42687054,4333271,0.17%,0.17,,Both,VINATIORGA.NS
2022-12-31,India,Welspun Corp Ltd,Basic Materials,34280749,3479926,0.46%,0.46,,Both,WELCORP.NS
2022-12-31,India,Welspun India Ltd,Basic Materials,44525808,4519928,0.49%,0.49,,Both,
2022-12-31,India,Aditya Birla Fashion and Retail Ltd,Consumer Discretionary,85732605,8702934,0.26%,0.26,,Both,
2022-12-31,India,Amber Enterprises India Ltd,Consumer Discretionary,35512327,3604946,0.47%,0.47,,Ownership,AMBER.NS
2022-12-31,India,Apollo Tyres Ltd,Consumer Discretionary,570092218,57871507,2.32%,2.32,,Both,APOLLOTYRE.NS
2022-12-31,India,Avenue Supermarts Ltd,Consumer Discretionary,568846694,57745071,0.18%,0.18,,Market Value,DMART.NS
2022-12-31,India,Bajaj Auto Ltd,Consumer Discretionary,1050252264,106613772,0.84%,0.84,,Both,BAJAJ-AUTO.NS
2022-12-31,India,Bajaj Consumer Care Ltd,Consumer Discretionary,10697429,1085923,0.37%,0.37,,Ownership,BAJAJCON.NS
2022-12-31,India,Balkrishna Industries Ltd,Consumer Discretionary,835399825,84803555,1.7%,1.7,,Both,BALKRISIND.NS
2022-12-31,India,Bata India Ltd,Consumer Discretionary,76129522,7728101,0.3%,0.3,,Both,BATAINDIA.NS
2022-12-31,India,Borosil Ltd,Consumer Discretionary,75615596,7675931,1.52%,1.52,,Both,
2022-12-31,India,Bosch Ltd,Consumer Discretionary,288222093,29258156,0.48%,0.48,,Both,BOSCHLTD.NS
2022-12-31,India,Ceat Ltd,Consumer Discretionary,146962912,14918578,1.86%,1.86,,Both,CEATLTD.NS
2022-12-31,India,Computer Age Management Services Ltd,Consumer Discretionary,62408390,6335234,0.48%,0.48,,Both,CAMS.NS
2022-12-31,India,Crompton Greaves Consumer Electricals Ltd,Consumer Discretionary,345000979,35021925,1.36%,1.36,,Both,CROMPTON.NS
2022-12-31,India,Dixon Technologies India Ltd,Consumer Discretionary,105983258,10758629,0.38%,0.38,,Both,DIXON.NS
2022-12-31,India,Eicher Motors Ltd,Consumer Discretionary,1358572764,137912168,1.29%,1.29,,Both,EICHERMOT.NS
2022-12-31,India,EIH Ltd,Consumer Discretionary,40325532,4093547,0.31%,0.31,,Both,EIHOTEL.NS
2022-12-31,India,Endurance Technologies Ltd,Consumer Discretionary,47322174,4803794,0.2%,0.2,,Market Value,ENDURANCE.NS
2022-12-31,India,FSN E-Commerce Ventures Ltd,Consumer Discretionary,339770652,34490981,0.65%,0.65,,Both,NYKAA.NS
2022-12-31,India,GHCL Ltd,Consumer Discretionary,38288515,3886764,0.66%,0.66,,Ownership,GHCL.NS
2022-12-31,India,GTPL Hathway Ltd,Consumer Discretionary,47227344,4794168,2.53%,2.53,,Both,GTPL.NS
2022-12-31,India,Hero MotoCorp Ltd,Consumer Discretionary,1617849938,164232051,2.48%,2.48,,Both,HEROMOTOCO.NS
2022-12-31,India,Indian Energy Exchange Ltd,Consumer Discretionary,62117864,6305742,0.41%,0.41,,Both,
2022-12-31,India,Indian Hotels Co Ltd,Consumer Discretionary,266538836,27057033,0.49%,0.49,,Both,INDHOTEL.BO
2022-12-31,India,Indian Railway Catering & Tourism Corp Ltd,Consumer Discretionary,139546558,14165725,0.23%,0.23,,Both,IRCTC.NS
2022-12-31,India,Infibeam Avenues Ltd,Consumer Discretionary,23196493,2354735,0.44%,0.44,,Ownership,
2022-12-31,India,InterGlobe Aviation Ltd,Consumer Discretionary,555037613,56343276,0.6%,0.6,,Both,INDIGO.NS
2022-12-31,India,Jubilant Foodworks Ltd,Consumer Discretionary,427031005,43349001,1.06%,1.06,,Both,JUBLFOOD.NS
2022-12-31,India,Mahindra & Mahindra Ltd,Consumer Discretionary,3036983445,308291894,1.64%,1.64,,Both,M&M.NS
2022-12-31,India,Mahindra CIE Automotive Ltd,Consumer Discretionary,35065935,3559632,0.23%,0.23,,Ownership,
2022-12-31,India,Mahindra Holidays & Resorts India Ltd,Consumer Discretionary,168506224,17105494,2.61%,2.61,,Both,MHRIL.NS
2022-12-31,India,MakeMyTrip Ltd,Consumer Discretionary,64645974,6562377,0.36%,0.23,,Both,MMYT
2022-12-31,India,Maruti Suzuki India Ltd,Consumer Discretionary,3074950254,312146001,1.02%,1.02,,Both,MARUTI.NS
2022-12-31,India,Metro Brands Ltd,Consumer Discretionary,94681771,9611387,0.33%,0.33,,Both,
2022-12-31,India,Motherson Sumi Wiring India Ltd,Consumer Discretionary,172977451,17559380,0.56%,0.56,,Both,MSUMI.NS
2022-12-31,India,MRF Ltd,Consumer Discretionary,191764056,19466456,0.43%,0.43,,Both,MRF.NS
2022-12-31,India,Network18 Media & Investments Ltd,Consumer Discretionary,153714261,15603925,1.87%,1.87,,Both,NETWORK18.NS
2022-12-31,India,PVR Ltd,Consumer Discretionary,183178145,18594878,1.46%,1.46,,Both,
2022-12-31,India,Rajesh Exports Ltd,Consumer Discretionary,96100812,9755437,0.37%,0.37,,Both,RAJESHEXPO.BO
2022-12-31,India,Relaxo Footwears Ltd,Consumer Discretionary,42589194,4323337,0.16%,0.16,,Market Value,RELAXO.BO
2022-12-31,India,Samvardhana Motherson International Ltd,Consumer Discretionary,159376008,16178663,0.27%,0.27,,Both,MOTHERSON.NS
2022-12-31,India,Sona Blw Precision Forgings Ltd,Consumer Discretionary,57688536,5856110,0.2%,0.2,,Market Value,SONACOMS.NS
2022-12-31,India,Sun TV Network Ltd,Consumer Discretionary,70768160,7183855,0.31%,0.31,,Both,SUNTV.BO
2022-12-31,India,Sundram Fasteners Ltd,Consumer Discretionary,68780191,6982052,0.28%,0.28,,Both,SUNDRMFAST.NS
2022-12-31,India,Tata Motors Ltd,Consumer Discretionary,1126792294,114383544,0.51%,0.84,,Both,
2022-12-31,India,Titan Co Ltd,Consumer Discretionary,959764576,97428137,0.35%,0.35,,Both,TITAN.NS
2022-12-31,India,Trent Ltd,Consumer Discretionary,247467593,25121063,0.43%,0.43,,Both,TRENT.NS
2022-12-31,India,Trident Ltd/India,Consumer Discretionary,42217013,4285556,0.2%,0.2,,Market Value,
2022-12-31,India,TTK Prestige Ltd,Consumer Discretionary,27940469,2836308,0.21%,0.21,,Ownership,TTKPRESTIG.NS
2022-12-31,India,TV18 Broadcast Ltd,Consumer Discretionary,248245165,25199996,3.28%,3.28,,Both,
2022-12-31,India,TVS Motor Co Ltd,Consumer Discretionary,232425234,23594075,0.38%,0.38,,Both,TVSMOTOR.NS
2022-12-31,India,UNO Minda Ltd,Consumer Discretionary,74308125,7543206,0.21%,0.21,,Market Value,UNOMINDA.NS
2022-12-31,India,Vaibhav Global Ltd,Consumer Discretionary,19852234,2015251,0.33%,0.33,,Ownership,VAIBHAVGBL.BO
2022-12-31,India,Varroc Engineering Ltd,Consumer Discretionary,78065446,7924621,1.45%,1.45,,Both,VARROC.NS
2022-12-31,India,VIP Industries Ltd,Consumer Discretionary,81143944,8237128,0.72%,0.72,,Both,VIPIND.NS
2022-12-31,India,Westlife Foodworld Ltd,Consumer Discretionary,42096922,4273365,0.29%,0.29,,Both,WESTLIFE.NS
2022-12-31,India,Whirlpool of India Ltd,Consumer Discretionary,40195737,4080371,0.18%,0.18,,Market Value,WHIRLPOOL.NS
2022-12-31,India,Zee Entertainment Enterprises Ltd,Consumer Discretionary,595887581,60490060,2.17%,2.17,,Both,ZEEL.NS
2022-12-31,India,Avanti Feeds Ltd,Consumer Staples,25135318,2551550,0.4%,0.4,,Both,AVANTIFEED.NS
2022-12-31,India,Balrampur Chini Mills Ltd,Consumer Staples,64375432,6534913,0.67%,0.67,,Both,BALRAMCHIN.NS
2022-12-31,India,Britannia Industries Ltd,Consumer Staples,452500824,45934507,0.37%,0.37,,Both,BRITANNIA.NS
2022-12-31,India,CCL Products India Ltd,Consumer Staples,20705092,2101826,0.25%,0.25,,Both,CCLPROD.NS
2022-12-31,India,Coffee Day Enterprises Ltd,Consumer Staples,32693128,3318762,2.72%,2.72,,Both,
2022-12-31,India,Colgate-Palmolive India Ltd,Consumer Staples,187592125,19042953,0.38%,0.38,,Both,COLPAL.NS
2022-12-31,India,Dabur India Ltd,Consumer Staples,663230908,67326252,0.56%,0.56,,Both,DABUR.NS
2022-12-31,India,EID Parry India Ltd,Consumer Staples,68808092,6984884,0.57%,0.57,,Both,EIDPARRY.NS
2022-12-31,India,Emami Ltd,Consumer Staples,89267044,9061724,0.4%,0.4,,Both,EMAMILTD.NS
2022-12-31,India,Gillette India Ltd,Consumer Staples,25950719,2634323,0.13%,0.13,,Both,GILLETTE.NS
2022-12-31,India,Godrej Agrovet Ltd,Consumer Staples,21455188,2177971,0.2%,0.2,,Both,GODREJAGRO.NS
2022-12-31,India,Godrej Consumer Products Ltd,Consumer Staples,737891019,74905189,0.69%,0.69,,Both,GODREJCP.NS
2022-12-31,India,Hatsun Agro Product Ltd,Consumer Staples,33416051,3392148,0.14%,0.14,,Both,HATSUN.NS
2022-12-31,India,Hindustan Unilever Ltd,Consumer Staples,2443165507,248011928,0.34%,0.34,,Both,HINDUNILVR.NS
2022-12-31,India,Kaveri Seed Co Ltd,Consumer Staples,17804521,1807382,0.5%,0.5,,Both,KSCL.NS
2022-12-31,India,KRBL Ltd,Consumer Staples,36113644,3665988,0.33%,0.33,,Both,KRBL.NS
2022-12-31,India,Marico Ltd,Consumer Staples,647220002,65700944,0.82%,0.82,,Both,MARICO.NS
2022-12-31,India,McLeod Russel India Ltd,Consumer Staples,1153525,117097,0.31%,0.31,,Both,MCLEODRUSS.BO
2022-12-31,India,Medplus Health Services Ltd,Consumer Staples,16861826,1711687,0.19%,0.19,,Both,MEDPLUS.NS
2022-12-31,India,Nestle India Ltd,Consumer Staples,706776093,71746634,0.31%,0.31,,Both,NESTLEIND.NS
2022-12-31,India,Radico Khaitan Ltd,Consumer Staples,88042939,8937462,0.55%,0.55,,Both,RADICO.NS
2022-12-31,India,Shree Renuka Sugars Ltd,Consumer Staples,12093411,1227633,0.08%,0.08,,Both,RENUKA.NS
2022-12-31,India,Tata Consumer Products Ltd,Consumer Staples,1649222807,167416791,1.96%,1.96,,Both,TATACONSUM.NS
2022-12-31,India,United Breweries Ltd,Consumer Staples,18935126,1922153,0.04%,0.04,,Both,UBL.NS
2022-12-31,India,United Spirits Ltd,Consumer Staples,284119748,28841716,0.37%,0.37,,Both,UNITDSPR.NS
2022-12-31,India,Varun Beverages Ltd,Consumer Staples,3144309926,319186877,3.07%,3.07,,Both,VBL.NS
2022-12-31,India,Zydus Wellnes Ltd,Consumer Staples,179984594,18270693,1.58%,1.58,,Both,ZYDUSWELL.BO
2022-12-31,India,Aegis Logistics Ltd,Energy,369296568,37488231,2.54%,2.54,,Both,AEGISLOG.NS
2022-12-31,India,Bharat Petroleum Corp Ltd,Energy,321298922,32615869,0.38%,0.38,,Both,BPCL.NS
2022-12-31,India,Borosil Renewables Ltd,Energy,8493134,862160,0.11%,0.11,,Both,BORORENEW.NS
2022-12-31,India,GAIL India Ltd,Energy,691516747,70197619,0.92%,0.92,,Both,GAIL.BO
2022-12-31,India,Gujarat State Petronet Ltd,Energy,491193729,49862321,2.77%,2.77,,Both,GSPL.NS
2022-12-31,India,Hindustan Petroleum Corp Ltd,Energy,157311591,15969099,0.4%,0.4,,Both,HINDPETRO.NS
2022-12-31,India,Indian Oil Corp Ltd,Energy,320478462,32532582,0.25%,0.25,,Both,IOC.NS
2022-12-31,India,Inox Wind Energy Ltd,Energy,2624168,266386,0.21%,0.21,,Both,
2022-12-31,India,Petronet LNG Ltd,Energy,157400428,15978117,0.41%,0.41,,Both,PETRONET.NS
2022-12-31,India,Reliance Industries Ltd,Energy,16172232989,1641684396,0.79%,0.79,,Both,RELIANCE.NS
2022-12-31,India,Suzlon Energy Ltd,Energy,35552767,3609052,0.24%,0.24,,Both,SUZLON.NS
2022-12-31,India,Aavas Financiers Ltd,Financials,45398229,4608489,0.26%,0.26,,Market Value,AAVAS.NS
2022-12-31,India,Aditya Birla Capital Ltd,Financials,69991063,7104970,0.16%,0.16,,Market Value,ABCAPITAL.NS
2022-12-31,India,Aditya Birla Sun Life Asset Management Co Ltd,Financials,181222223,18396328,1.16%,1.16,,Both,ABSLAMC.NS
2022-12-31,India,AU Small Finance Bank Ltd,Financials,715334642,72615434,1.38%,1.38,,Both,AUBANK.NS
2022-12-31,India,Axis Bank Ltd,Financials,6288211799,638332332,1.84%,1.84,,Both,AXISBANK.NS
2022-12-31,India,Bajaj Finance Ltd,Financials,1461047872,148314676,0.31%,0.31,,Both,BAJFINANCE.NS
2022-12-31,India,Bajaj Finserv Ltd,Financials,552078716,56042911,0.19%,0.19,,Market Value,BAJAJFINSV.NS
2022-12-31,India,Bajaj Holdings & Investment Ltd,Financials,229852505,23332911,0.3%,0.3,,Both,BAJAJHLDNG.NS
2022-12-31,India,Bandhan Bank Ltd,Financials,172942522,17555834,0.38%,0.38,,Both,BANDHANBNK.NS
2022-12-31,India,Bank of Baroda,Financials,675855435,68607800,0.59%,0.59,,Both,BANKBARODA.NS
2022-12-31,India,BSE Ltd,Financials,34219157,3473673,0.39%,0.39,,Ownership,BSE.NS
2022-12-31,India,Can Fin Homes Ltd,Financials,36797967,3735455,0.43%,0.43,,Ownership,CANFINHOME.NS
2022-12-31,India,Canara Bank,Financials,131903447,13389854,0.18%,0.18,,Market Value,CANBK.NS
2022-12-31,India,Care Ratings Ltd,Financials,15404380,1563738,0.72%,0.72,,Ownership,
2022-12-31,India,Central Depository Services India Ltd,Financials,58425237,5930894,0.42%,0.42,,Both,
2022-12-31,India,Cholamandalam Investment and Finance Co Ltd,Financials,901610337,91524753,1.27%,1.27,,Both,CHOLAFIN.NS
2022-12-31,India,City Union Bank Ltd,Financials,59735027,6063854,0.38%,0.38,,Both,CUB.NS
2022-12-31,India,CreditAccess Grameen Ltd,Financials,232005614,23551478,1.36%,1.36,,Both,CREDITACC.NS
2022-12-31,India,CRISIL Ltd,Financials,55150634,5598481,0.21%,0.21,,Market Value,CRISIL.NS
2022-12-31,India,DCB Bank Ltd,Financials,21142983,2146278,0.45%,0.45,,Ownership,
2022-12-31,India,Federal Bank Ltd,Financials,242665493,24633590,0.69%,0.69,,Both,FEDERALBNK.NS
2022-12-31,India,Fino Payments Bank Ltd,Financials,7244776,735436,0.29%,0.29,,Ownership,FINOPB.NS
2022-12-31,India,Five-Star Business Finance Ltd,Financials,373692790,37934503,0%,0.0,,Market Value,FIVESTAR.NS
2022-12-31,India,HDFC Asset Management Co Ltd,Financials,105398200,10699239,0.19%,0.19,,Market Value,HDFCAMC.NS
2022-12-31,India,HDFC Bank Ltd,Financials,3642898932,369799912,0.34%,0.34,,Both,HDFCBANK.NS
2022-12-31,India,HDFC Life Insurance Co Ltd,Financials,522031619,52992754,0.37%,0.37,,Both,HDFCLIFE.NS
2022-12-31,India,Home First Finance Co India Ltd,Financials,25563700,2595036,0.33%,0.33,,Ownership,HOMEFIRST.NS
2022-12-31,India,Housing Development Finance Corp Ltd,Financials,7262255269,737209955,1.27%,1.27,,Both,
2022-12-31,India,ICICI Bank Ltd,Financials,6826297152,692954741,0.92%,0.92,,Both,ICICIBANK.NS
2022-12-31,India,ICICI Lombard General Insurance Co Ltd,Financials,1556006333,157954150,2.15%,2.15,,Both,ICICIGI.NS
2022-12-31,India,ICICI Prudential Life Insurance Co Ltd,Financials,130795895,13277423,0.17%,0.17,,Market Value,ICICIPRULI.NS
2022-12-31,India,ICICI Securities Ltd,Financials,309084312,31375933,1.62%,1.62,,Both,
2022-12-31,India,IDFC First Bank Ltd,Financials,185753802,18856340,0.43%,0.43,,Both,IDFCFIRSTB.NS
2022-12-31,India,IDFC Ltd,Financials,122554727,12440841,0.79%,0.79,,Both,
2022-12-31,India,IIFL Finance Ltd,Financials,73569500,7468227,0.34%,0.34,,Both,
2022-12-31,India,IIFL Wealth Management Ltd,Financials,145930688,14813794,0.78%,0.78,,Both,
2022-12-31,India,IndusInd Bank Ltd,Financials,2182199127,221520569,1.94%,1.94,,Both,INDUSINDBK.NS
2022-12-31,India,JM Financial Ltd,Financials,23762854,2412228,0.29%,0.29,,Ownership,JMFINANCIL.BO
2022-12-31,India,Karnataka Bank Ltd/The,Financials,26764392,2716921,0.47%,0.47,,Ownership,
2022-12-31,India,Kotak Mahindra Bank Ltd,Financials,1563466973,158711499,0.36%,0.36,,Both,KOTAKBANK.NS
2022-12-31,India,L&T Finance Holdings Ltd,Financials,77746300,7892224,0.3%,0.3,,Both,
2022-12-31,India,LIC Housing Finance Ltd,Financials,715044979,72586030,2.64%,2.64,,Both,LICHSGFIN.NS
2022-12-31,India,Life Insurance Corp of India,Financials,193272554,19619587,0.04%,0.04,,Market Value,LICI.NS
2022-12-31,India,Mahindra & Mahindra Financial Services Ltd,Financials,130391805,13236403,0.38%,0.38,,Both,M&MFIN.NS
2022-12-31,India,Manappuram Finance Ltd,Financials,42162618,4280034,0.36%,0.36,,Both,MANAPPURAM.NS
2022-12-31,India,Max Financial Services Ltd,Financials,530590981,53861636,1.91%,1.91,,Both,MFSL.NS
2022-12-31,India,Multi Commodity Exchange of India Ltd,Financials,166255703,16877038,1.76%,1.76,,Both,MCX.NS
2022-12-31,India,Muthoot Finance Ltd,Financials,281319396,28557446,0.55%,0.55,,Both,MUTHOOTFIN.NS
2022-12-31,India,PB Fintech Ltd,Financials,199009511,20201960,0.83%,0.83,,Both,POLICYBZR.NS
2022-12-31,India,Power Finance Corp Ltd,Financials,269006379,27307520,0.61%,0.61,,Both,PFC.NS
2022-12-31,India,RBL Bank Ltd,Financials,411910691,41814099,3.22%,3.22,,Both,RBLBANK.NS
2022-12-31,India,REC Ltd,Financials,160064532,16248557,0.44%,0.44,,Both,RECLTD.NS
2022-12-31,India,Reliance Home Finance Ltd,Financials,770274,78192,0.39%,0.39,,Ownership,RHFL.NS
2022-12-31,India,SBI Cards & Payment Services Ltd,Financials,654018795,66391107,0.73%,0.73,,Both,SBICARD.NS
2022-12-31,India,SBI Life Insurance Co Ltd,Financials,872509549,88570658,0.59%,0.59,,Both,SBILIFE.NS
2022-12-31,India,Shriram Finance Ltd,Financials,1178885459,119671653,1.92%,1.92,,Both,SHRIRAMFIN.NS
2022-12-31,India,State Bank of India,Financials,4109219058,417137251,0.63%,0.63,,Both,SBIN.NS
2022-12-31,India,Sundaram Finance Ltd,Financials,108243578,10988080,0.35%,0.35,,Both,SUNDARMFIN.NS
2022-12-31,India,UTI Asset Management Co Ltd,Financials,39242400,3983596,0.3%,0.3,,Ownership,UTIAMC.NS
2022-12-31,India,Yes Bank Ltd,Financials,130714906,13269202,0.19%,0.19,,Market Value,YESBANK.NS
2022-12-31,India,Ajanta Pharma Ltd,Health Care,48738876,4947607,0.26%,0.26,,Both,AJANTPHARM.NS
2022-12-31,India,Alembic Pharmaceuticals Ltd,Health Care,8222398,834676,0.06%,0.06,,Both,APLLTD.BO
2022-12-31,India,Alkem Laboratories Ltd,Health Care,389240999,39512841,0.91%,0.91,,Both,ALKEM.NS
2022-12-31,India,AMI Organics Ltd,Health Care,125523415,12742200,3%,3.0,,Both,
2022-12-31,India,Apollo Hospitals Enterprise Ltd,Health Care,466289022,47334182,0.61%,0.61,,Both,APOLLOHOSP.NS
2022-12-31,India,Aster DM Healthcare Ltd,Health Care,42374318,4301525,0.31%,0.31,,Both,ASTERDM.NS
2022-12-31,India,AstraZeneca Pharma India Ltd,Health Care,19630258,1992717,0.2%,0.2,,Both,ASTRAZEN.NS
2022-12-31,India,Aurobindo Pharma Ltd,Health Care,110485563,11215670,0.36%,0.36,,Both,AUROPHARMA.NS
2022-12-31,India,Biocon Ltd,Health Care,119737871,12154895,0.32%,0.32,,Both,BIOCON.NS
2022-12-31,India,Cipla Ltd/India,Health Care,2327760504,236296874,2.25%,2.25,,Both,CIPLA.NS
2022-12-31,India,Divi's Laboratories Ltd,Health Care,1297792623,131742221,1.2%,1.2,,Both,DIVISLAB.NS
2022-12-31,India,Dr Lal PathLabs Ltd,Health Care,57048146,5791102,0.25%,0.25,,Both,LALPATHLAB.NS
2022-12-31,India,Dr Reddy's Laboratories Ltd,Health Care,888144336,90157785,1.06%,1.06,,Both,DRREDDY.NS
2022-12-31,India,Eris Lifesciences Ltd,Health Care,54684598,5551172,0.52%,0.52,,Both,ERIS.NS
2022-12-31,India,Fortis Healthcare Ltd,Health Care,123673964,12554458,0.48%,0.48,,Both,FORTIS.NS
2022-12-31,India,Gland Pharma Ltd,Health Care,5190444,526895,0.02%,0.02,,Both,GLAND.NS
2022-12-31,India,GlaxoSmithKline Pharmaceuticals Ltd,Health Care,42753963,4340063,0.16%,0.16,,Both,GLAXO.NS
2022-12-31,India,Glenmark Pharmaceuticals Ltd,Health Care,68924252,6996676,0.48%,0.48,,Both,GLENMARK.NS
2022-12-31,India,Global Health Ltd/India,Health Care,446575505,45333012,2.98%,2.98,,Both,MEDANTA.NS
2022-12-31,India,Granules India Ltd,Health Care,105876304,10747772,1.15%,1.15,,Both,GRANULES.BO
2022-12-31,India,Hikal Ltd,Health Care,116220846,11797873,1.93%,1.93,,Both,HIKAL.BO
2022-12-31,India,Ipca Laboratories Ltd,Health Care,117784380,11956591,0.46%,0.46,,Both,IPCALAB.NS
2022-12-31,India,JB Chemicals & Pharmaceuticals Ltd,Health Care,286219050,29054822,1.6%,1.6,,Both,JBCHEPHARM.NS
2022-12-31,India,Jubilant Ingrevia Ltd,Health Care,44932275,4561189,0.45%,0.45,,Both,JUBLINDS.NS
2022-12-31,India,Jubilant Pharmova Ltd,Health Care,281133989,28538624,3.96%,3.96,,Both,JUBILANT.NS
2022-12-31,India,Krishna Institute of Medical Sciences Ltd,Health Care,31568993,3204649,0.21%,0.21,,Both,KIMS.NS
2022-12-31,India,Laurus Labs Ltd,Health Care,131663407,13365486,0.55%,0.55,,Both,LAURUSLABS.NS
2022-12-31,India,Lupin Ltd,Health Care,623832560,63326826,1.57%,1.57,,Both,LUPIN.NS
2022-12-31,India,Max Healthcare Institute Ltd,Health Care,761569021,77308803,1.5%,1.5,,Both,MAXHEALTH.NS
2022-12-31,India,Metropolis Healthcare Ltd,Health Care,37973839,3854821,0.47%,0.47,,Both,METROPOLIS.NS
2022-12-31,India,Narayana Hrudayalaya Ltd,Health Care,40747455,4136377,0.22%,0.22,,Both,NH.NS
2022-12-31,India,Natco Pharma Ltd,Health Care,51360875,5213773,0.42%,0.42,,Both,NATCOPHARM.NS
2022-12-31,India,Pfizer Ltd,Health Care,95083221,9652139,0.39%,0.39,,Both,PFIZER.BO
2022-12-31,India,Piramal Enterprises Ltd,Health Care,92985108,9439154,0.39%,0.39,,Both,
2022-12-31,India,Piramal Pharma Ltd,Health Care,51476304,5225490,0%,0.0,,Both,PPLPHARMA.NS
2022-12-31,India,Poly Medicure Ltd,Health Care,62097786,6303704,0.61%,0.61,,Both,POLYMED.NS
2022-12-31,India,Procter & Gamble Health Ltd,Health Care,17304812,1756655,0.22%,0.22,,Both,PGHL.NS
2022-12-31,India,Sanofi India Ltd,Health Care,52810436,5360921,0.33%,0.33,,Both,SANOFI.NS
2022-12-31,India,Strides Pharma Science Ltd,Health Care,27527489,2794385,0.73%,0.73,,Both,STAR.NS
2022-12-31,India,Sun Pharmaceutical Industries Ltd,Health Care,3265772499,331516851,1.14%,1.14,,Both,SUNPHARMA.NS
2022-12-31,India,Suven Pharmaceuticals Ltd,Health Care,39478351,4007548,0.26%,0.26,,Both,
2022-12-31,India,Syngene International Ltd,Health Care,338949476,34407621,1.21%,1.21,,Both,SYNGENE.NS
2022-12-31,India,Torrent Pharmaceuticals Ltd,Health Care,494589133,50206998,0.79%,0.79,,Both,TORNTPHARM.NS
2022-12-31,India,Zydus Lifesciences Ltd,Health Care,157719151,16010471,0.31%,0.31,,Both,ZYDUSLIFE.NS
2022-12-31,India,3M India Ltd,Industrials,212780450,21599883,0.72%,0.72,,Both,3MINDIA.BO
2022-12-31,India,ABB India Ltd,Industrials,125447927,12734537,0.19%,0.19,,Market Value,ABB.NS
2022-12-31,India,Adani Ports & Special Economic Zone Ltd,Industrials,624894768,63434653,0.3%,0.3,,Market Value,
2022-12-31,India,Adani Total Gas Ltd,Industrials,823493494,83594914,0.17%,0.17,,Market Value,ATGL.NS
2022-12-31,India,AIA Engineering Ltd,Industrials,98012964,9949545,0.34%,0.34,,Both,AIAENG.NS
2022-12-31,India,Amara Raja Batteries Ltd,Industrials,77735946,7891173,0.67%,0.67,,Both,
2022-12-31,India,Ashok Leyland Ltd,Industrials,647923820,65772391,1.29%,1.29,,Both,ASHOKLEY.NS
2022-12-31,India,Asian Paints Ltd,Industrials,1311862567,133170497,0.37%,0.37,,Both,ASIANPAINT.NS
2022-12-31,India,Astral Ltd,Industrials,195991242,19895568,0.42%,0.42,,Both,ASTRAL.NS
2022-12-31,India,Bajaj Electricals Ltd,Industrials,171990494,17459191,1.03%,1.03,,Both,BAJAJELEC.NS
2022-12-31,India,Berger Paints India Ltd,Industrials,117049363,11881978,0.17%,0.17,,Market Value,BERGEPAINT.BO
2022-12-31,India,Bharat Forge Ltd,Industrials,305875079,31050155,0.63%,0.63,,Both,BHARATFORG.NS
2022-12-31,India,Blue Dart Express Ltd,Industrials,124336329,12621696,0.57%,0.57,,Both,BLUEDART.NS
2022-12-31,India,Blue Star Ltd,Industrials,50857093,5162633,0.37%,0.37,,Both,BLUESTARCO.NS
2022-12-31,India,Bombay Burmah Trading Co,Industrials,29481151,2992706,0.39%,0.39,,Ownership,BBTC.NS
2022-12-31,India,CG Power & Industrial Solutions Ltd,Industrials,113389230,11510428,0.23%,0.23,,Market Value,CGPOWER.NS
2022-12-31,India,Container Corp Of India Ltd,Industrials,182596241,18535808,0.34%,0.34,,Both,CONCOR.NS
2022-12-31,India,Cummins India Ltd,Industrials,432371866,43891165,0.95%,0.95,,Both,CUMMINSIND.NS
2022-12-31,India,Dalmia Bharat Ltd,Industrials,120492964,12231546,0.29%,0.29,,Market Value,DALBHARAT.NS
2022-12-31,India,Delhivery Ltd,Industrials,128663412,13060949,0.45%,0.45,,Both,DELHIVERY.NS
2022-12-31,India,Engineers India Ltd,Industrials,27380077,2779421,0.52%,0.52,,Ownership,ENGINERSIN.NS
2022-12-31,India,EPL Ltd,Industrials,40725619,4134161,0.63%,0.63,,Ownership,EPL.NS
2022-12-31,India,Escorts Kubota Ltd,Industrials,228286301,23173922,0.68%,0.68,,Both,ESCORTS.NS
2022-12-31,India,Exide Industries Ltd,Industrials,430420129,43693039,2.36%,2.36,,Both,EXIDEIND.NS
2022-12-31,India,Finolex Cables Ltd,Industrials,53623330,5443440,0.54%,0.54,,Both,FINCABLES.NS
2022-12-31,India,Finolex Industries Ltd,Industrials,48989533,4973052,0.35%,0.35,,Both,FINPIPE.NS
2022-12-31,India,Firstsource Solutions Ltd,Industrials,31965885,3244938,0.38%,0.38,,Ownership,FSL.BO
2022-12-31,India,Gateway Distriparks Ltd,Industrials,27916111,2833835,0.69%,0.69,,Ownership,GATEWAY.NS
2022-12-31,India,GMR Airports Infrastructure Ltd,Industrials,221480208,22483018,0.78%,0.78,,Both,
2022-12-31,India,Graphite India Ltd,Industrials,35513083,3605023,0.41%,0.41,,Ownership,GRAPHITE.NS
2022-12-31,India,Grasim Industries Ltd,Industrials,2589246356,262840966,1.92%,1.92,,Both,GRASIM.NS
2022-12-31,India,Great Eastern Shipping Co Ltd/The,Industrials,104329463,10590748,0.91%,0.91,,Both,GESHIP.NS
2022-12-31,India,Gujarat Pipavav Port Ltd,Industrials,209238883,21240370,3.61%,3.61,,Both,GPPL.NS
2022-12-31,India,Havells India Ltd,Industrials,1608017684,163233954,1.96%,1.96,,Both,HAVELLS.NS
2022-12-31,India,Hindustan Aeronautics Ltd,Industrials,209804415,21297778,0.21%,0.21,,Market Value,HAL.NS
2022-12-31,India,Hitachi Energy India Ltd,Industrials,187003040,18983153,1.11%,1.11,,Both,POWERINDIA.NS
2022-12-31,India,Honeywell Automation India Ltd,Industrials,87027494,8834382,0.2%,0.2,,Market Value,HONAUT.BO
2022-12-31,India,India Cements Ltd/The,Industrials,39817935,4042020,0.49%,0.49,,Ownership,
2022-12-31,India,IRB Infrastructure Developers Ltd,Industrials,69265404,7031307,0.33%,0.33,,Both,
2022-12-31,India,JK Cement Ltd,Industrials,87684091,8901034,0.33%,0.33,,Both,JKCEMENT.NS
2022-12-31,India,JK Lakshmi Cement Ltd,Industrials,55194425,5602926,0.48%,0.48,,Both,JKLAKSHMI.BO
2022-12-31,India,Kajaria Ceramics Ltd,Industrials,1015258659,103061482,4.62%,4.62,,Both,KAJARIACER.BO
2022-12-31,India,KEC International Ltd,Industrials,82912216,8416629,0.55%,0.55,,Both,KEC.NS
2022-12-31,India,KEI Industries Ltd,Industrials,56508138,5736284,0.36%,0.36,,Both,KEI.NS
2022-12-31,India,L&T Technology Services Ltd,Industrials,76355923,7751083,0.16%,0.16,,Market Value,LTTS.NS
2022-12-31,India,Larsen & Toubro Ltd,Industrials,2584259396,262334727,0.74%,0.74,,Both,LT.NS
2022-12-31,India,NBCC India Ltd,Industrials,34650563,3517467,0.42%,0.42,,Ownership,NBCC.NS
2022-12-31,India,NCC Ltd/India,Industrials,43305597,4396061,0.69%,0.69,,Both,NCC.NS
2022-12-31,India,NIIT Ltd,Industrials,28221351,2864821,0.56%,0.56,,Ownership,NIITLTD.BO
2022-12-31,India,One 97 Communications Ltd,Industrials,141749229,14389324,0.35%,0.35,,Both,PAYTM.NS
2022-12-31,India,PNC Infratech Ltd,Industrials,43127219,4377953,0.49%,0.49,,Both,PNCINFRA.NS
2022-12-31,India,Polycab India Ltd,Industrials,266960722,27099860,0.58%,0.58,,Both,POLYCAB.NS
2022-12-31,India,Praj Industries Ltd,Industrials,89057306,9040433,1.14%,1.14,,Both,PRAJIND.NS
2022-12-31,India,Quess Corp Ltd,Industrials,30441602,3090204,0.42%,0.42,,Ownership,
2022-12-31,India,Rain Industries Ltd,Industrials,30488923,3095008,0.45%,0.45,,Ownership,RAIN.NS
2022-12-31,India,Ramco Cements Ltd/The,Industrials,62946883,6389898,0.32%,0.32,,Market Value,RAMCOCEM.NS
2022-12-31,India,Siemens Ltd,Industrials,761284165,77279887,0.64%,0.64,,Both,SIEMENS.NS
2022-12-31,India,SIS Ltd,Industrials,43673361,4433394,0.64%,0.64,,Both,
2022-12-31,India,Supreme Industries Ltd,Industrials,839350664,85204615,2.26%,2.26,,Both,SUPREMEIND.NS
2022-12-31,India,Thermax Ltd,Industrials,49270083,5001531,0.18%,0.18,,Market Value,THERMAX.NS
2022-12-31,India,Voltas Ltd,Industrials,180550872,18328177,0.57%,0.57,,Both,VOLTAS.NS
2022-12-31,India,Brigade Enterprises Ltd,Real Estate,49837869,5059169,0.39%,0.39,,Both,BRIGADE.NS
2022-12-31,India,Brookfield India Real Estate Trust,Real Estate,36304601,3685372,0.32%,0.32,,Both,BIRET.NS
2022-12-31,India,Embassy Office Parks REIT,Real Estate,206597478,20972234,0.54%,0.54,,Both,EMBASSY.NS
2022-12-31,India,Godrej Properties Ltd,Real Estate,105090530,10668006,0.26%,0.26,,Both,GODREJPROP.NS
2022-12-31,India,Indiabulls Real Estate Ltd,Real Estate,6983027,708865,0.13%,0.13,,Both,
2022-12-31,India,Macrotech Developers Ltd,Real Estate,92882249,9428713,0.15%,0.15,,Both,
2022-12-31,India,Mahindra Lifespace Developers Ltd,Real Estate,7121262,722897,0.11%,0.11,,Both,MAHLIFE.NS
2022-12-31,India,Mindspace Business Parks REIT,Real Estate,39807662,4040977,0.17%,0.17,,Both,MINDSPACE.NS
2022-12-31,India,Oberoi Realty Ltd,Real Estate,94703557,9613598,0.25%,0.25,,Both,OBEROIRLTY.NS
2022-12-31,India,Phoenix Mills Ltd/The,Real Estate,87297579,8861799,0.29%,0.29,,Both,PHOENIXLTD.NS
2022-12-31,India,Prestige Estates Projects Ltd,Real Estate,68704173,6974335,0.31%,0.31,,Both,PRESTIGE.NS
2022-12-31,India,Sobha Ltd,Real Estate,19171110,1946108,0.29%,0.29,,Both,SOBHA.NS
2022-12-31,India,Affle India Ltd,Technology,54549862,5537495,0.32%,0.32,,Both,
2022-12-31,India,Birlasoft Ltd,Technology,42996273,4364661,0.44%,0.44,,Both,BSOFT.NS
2022-12-31,India,Brightcom Group Ltd,Technology,15852103,1609187,0.22%,0.22,,Both,
2022-12-31,India,Cartrade Tech Ltd,Technology,413397,41965,0.02%,0.02,,Both,CARTRADE.NS
2022-12-31,India,Coforge Ltd,Technology,190201361,19307823,0.67%,0.67,,Both,COFORGE.NS
2022-12-31,India,Cyient Ltd,Technology,48287524,4901789,0.45%,0.45,,Both,CYIENT.NS
2022-12-31,India,DRC Systems India Ltd,Technology,242873,24655,0.11%,0.11,,Both,
2022-12-31,India,eClerx Services Ltd,Technology,37436624,3800287,0.48%,0.48,,Both,ECLERX.NS
2022-12-31,India,Happiest Minds Technologies Ltd,Technology,27966696,2838970,0.18%,0.18,,Both,HAPPSTMNDS.NS
2022-12-31,India,HCL Technologies Ltd,Technology,1479333064,150170852,0.44%,0.44,,Both,HCLTECH.NS
2022-12-31,India,IndiaMart InterMesh Ltd,Technology,37237229,3780046,0.24%,0.24,,Both,INDIAMART.NS
2022-12-31,India,Info Edge India Ltd,Technology,333200653,33824044,0.55%,0.55,,Both,NAUKRI.NS
2022-12-31,India,Infosys Ltd,Technology,9490050366,963359087,1.26%,1.26,,Both,INFY.NS
2022-12-31,India,Intellect Design Arena Ltd,Technology,38519876,3910250,0.53%,0.53,,Both,INTELLECT.NS
2022-12-31,India,Just Dial Ltd,Technology,9539334,968362,0.16%,0.16,,Both,JUSTDIAL.NS
2022-12-31,India,Kaynes Technology India Ltd,Technology,153040723,15535552,2.94%,2.94,,Both,KAYNES.NS
2022-12-31,India,KPIT Technologies Ltd,Technology,121727759,12356894,0.53%,0.53,,Both,KPITTECH.NS
2022-12-31,India,LTIMindtree Ltd,Technology,650074157,65990677,0.42%,0.42,,Both,LTIM.NS
2022-12-31,India,Mastek Ltd,Technology,19056430,1934467,0.31%,0.31,,Both,MASTEK.NS
2022-12-31,India,Mphasis Ltd,Technology,233478082,23700952,0.53%,0.53,,Both,MPHASIS.NS
2022-12-31,India,Oracle Financial Services Software Ltd,Technology,71715054,7279977,0.23%,0.23,,Both,OFSS.NS
2022-12-31,India,Persistent Systems Ltd,Technology,186857641,18968393,0.53%,0.53,,Both,PERSISTENT.NS
2022-12-31,India,Redington Ltd,Technology,223222232,22659855,1.33%,1.33,,Both,REDINGTON.NS
2022-12-31,India,Sonata Software Ltd,Technology,74214792,7533732,0.79%,0.79,,Both,SONATSOFTW.NS
2022-12-31,India,Tanla Platforms Ltd,Technology,36664797,3721937,0.32%,0.32,,Both,TANLA.NS
2022-12-31,India,Tata Consultancy Services Ltd,Technology,4080620943,414234184,0.29%,0.29,,Both,TCS.NS
2022-12-31,India,Tata Elxsi Ltd,Technology,219407996,22272662,0.47%,0.47,,Both,TATAELXSI.NS
2022-12-31,India,Tech Mahindra Ltd,Technology,2369598681,240543973,2.01%,2.01,,Both,TECHM.NS
2022-12-31,India,Wipro Ltd,Technology,1546344934,156973397,0.6%,0.6,,Both,WIPRO.NS
2022-12-31,India,Zensar Technologies Ltd,Technology,28908551,2934580,0.5%,0.5,,Both,ZENSARTECH.NS
2022-12-31,India,Zomato Ltd,Technology,529140586,53714403,0.88%,0.88,,Both,
2022-12-31,India,Bharti Airtel Ltd,Telecommunications,5625155838,571023839,1.01%,1.02,,Both,BHARTIARTL.NS
2022-12-31,India,DEN Networks Ltd,Telecommunications,206636,20976,0.01%,0.01,,Both,DEN.BO
2022-12-31,India,Hathway Cable & Datacom Ltd,Telecommunications,90305935,9167185,2.48%,2.48,,Both,HATHWAY.BO
2022-12-31,India,Hemisphere Properties India Ltd,Telecommunications,7388546,750030,0.2%,0.2,,Both,
2022-12-31,India,HFCL Ltd,Telecommunications,43878806,4454249,0.36%,0.36,,Both,HFCL.NS
2022-12-31,India,Indus Towers Ltd,Telecommunications,145832109,14803787,0.24%,0.24,,Both,INDUSTOWER.NS
2022-12-31,India,Route Mobile Ltd,Telecommunications,6935817,704072,0.08%,0.08,,Both,ROUTE.NS
2022-12-31,India,Sterlite Technologies Ltd,Telecommunications,28542519,2897424,0.34%,0.34,,Both,STLTECH.NS
2022-12-31,India,Tata Communications Ltd,Telecommunications,837479871,85014706,1.94%,1.94,,Both,TATACOMM.NS
2022-12-31,India,Tata Teleservices Maharashtra Ltd,Telecommunications,25925261,2631739,0.12%,0.12,,Both,TTML.NS
2022-12-31,India,Tejas Networks Ltd,Telecommunications,195566208,19852422,1.87%,1.87,,Both,TEJASNET.NS
2022-12-31,India,Vodafone Idea Ltd,Telecommunications,43431207,4408812,0.14%,0.14,,Both,IDEA.NS
2022-12-31,India,Adani Green Energy Ltd,Utilities,518883957,52673227,0.14%,0.14,,Both,ADANIGREEN.NS
2022-12-31,India,Gujarat Gas Ltd,Utilities,82120085,8336218,0.21%,0.21,,Both,GUJGASLTD.NS
2022-12-31,India,Indraprastha Gas Ltd,Utilities,270991527,27509037,0.79%,0.79,,Both,IGL.NS
2022-12-31,India,Mahanagar Gas Ltd,Utilities,208615568,21177096,2.12%,2.12,,Both,MGL.NS
2022-12-31,India,Power Grid Corp of India Ltd,Utilities,721636999,73255202,0.41%,0.41,,Both,POWERGRID.NS
2022-12-31,India,PTC India Ltd,Utilities,21241047,2156233,0.74%,0.74,,Both,PTC.BO
2022-12-31,India,Torrent Power Ltd,Utilities,100123059,10163746,0.36%,0.36,,Both,TORNTPOWER.NS
2022-12-31,India,VA Tech Wabag Ltd,Utilities,97929371,9941059,4.04%,4.04,,Both,WABAG.NS
2022-12-31,Singapore,Keppel Infrastructure Trust,Basic Materials,237302914,24089221,1.2%,1.2,,Both,A7RU.SI
2022-12-31,Singapore,Nanofilm Technologies International Ltd,Basic Materials,35563535,3610145,0.53%,0.53,,Both,
2022-12-31,Singapore,ComfortDelGro Corp Ltd,Consumer Discretionary,312439405,31716517,1.6%,1.6,,Both,C52.SI
2022-12-31,Singapore,Genting Singapore Ltd,Consumer Discretionary,711502232,72226396,0.84%,0.84,,Both,G13.SI
2022-12-31,Singapore,Hour Glass Ltd/The,Consumer Discretionary,48406104,4913826,0.49%,0.49,,Ownership,
2022-12-31,Singapore,Jardine Cycle & Carriage Ltd,Consumer Discretionary,386112542,39195264,0.47%,0.47,,Market Value,
2022-12-31,Singapore,SATS Ltd,Consumer Discretionary,220460503,22379505,0.94%,0.94,,Both,S58.SI
2022-12-31,Singapore,Singapore Airlines Ltd,Consumer Discretionary,918214931,93210327,0.76%,0.76,,Both,C6L.SI
2022-12-31,Singapore,Sheng Siong Group Ltd,Consumer Staples,95551909,9699717,0.52%,0.52,,Both,OV8.SI
2022-12-31,Singapore,QAF Ltd,Consumer Staples,5268978,534867,0.15%,0.15,,Both,
2022-12-31,Singapore,Keppel Corp Ltd,Energy,1196796492,121489848,1.28%,1.28,,Both,
2022-12-31,Singapore,DBS Group Holdings Ltd,Financials,8868604680,900274559,1.38%,1.38,,Both,D05.SI
2022-12-31,Singapore,Oversea-Chinese Banking Corp Ltd,Financials,4674393323,474509524,1.16%,1.16,,Both,O39.SI
2022-12-31,Singapore,Singapore Exchange Ltd,Financials,916229009,93008731,1.3%,1.3,,Both,S68.SI
2022-12-31,Singapore,United Overseas Bank Ltd,Financials,5443548276,552588395,1.44%,1.44,,Both,U11.SI
2022-12-31,Singapore,UOB-Kay Hian Holdings Ltd,Financials,42114339,4275133,0.47%,0.47,,Both,
2022-12-31,Singapore,Haw Par Corp Ltd,Health Care,152493480,15480000,0.98%,0.98,,Both,
2022-12-31,Singapore,Raffles Medical Group Ltd,Health Care,173970645,17660201,0.91%,0.91,,Both,BSL.SI
2022-12-31,Singapore,RHT Health Trust,Health Care,1726893,175301,1.53%,1.53,,Both,RHT.SI
2022-12-31,Singapore,Riverstone Holdings Ltd,Health Care,44159843,4482778,0.66%,0.66,,Both,AP4.SI
2022-12-31,Singapore,Thomson Medical Group Ltd,Health Care,44715624,4539196,0.3%,0.3,,Both,
2022-12-31,Singapore,Hutchison Port Holdings Trust,Industrials,155087571,15743333,0.93%,0.93,,Both,NS8U.SI
2022-12-31,Singapore,Sembcorp Marine Ltd,Industrials,264349043,26834742,0.83%,0.83,,Both,
2022-12-31,Singapore,Singapore Post Ltd,Industrials,76227849,7738082,0.89%,0.89,,Ownership,S08.SI
2022-12-31,Singapore,Singapore Technologies Engineering Ltd,Industrials,635810143,64542701,0.83%,0.83,,Market Value,S63.SI
2022-12-31,Singapore,UMS Holdings Ltd,Industrials,78430280,7961657,1.35%,1.35,,Both,
2022-12-31,Singapore,Venture Corp Ltd,Industrials,607480392,61666876,1.67%,1.67,,Both,V03.SI
2022-12-31,Singapore,CapitaLand Ascendas REIT,Real Estate,1152862456,117029993,1.36%,1.36,,Both,A17U.SI
2022-12-31,Singapore,Capitaland India Trust,Real Estate,134001187,13602800,1.39%,1.39,,Ownership,CY6U.SI
2022-12-31,Singapore,CapitaLand Integrated Commercial Trust,Real Estate,1221609023,124008631,1.23%,1.23,,Market Value,C38U.SI
2022-12-31,Singapore,Capitaland Investment Ltd/Singapore,Real Estate,1083374830,109976127,0.78%,0.78,,Market Value,
2022-12-31,Singapore,ESR-LOGOS REIT,Real Estate,264730590,26873474,1.45%,1.45,,Ownership,
2022-12-31,Singapore,Frasers Logistics & Commercial Trust,Real Estate,399661274,40570630,1.27%,1.27,,Ownership,BUOU.SI
2022-12-31,Singapore,Mapletree Industrial Trust,Real Estate,505065494,51270480,1.14%,1.14,,Market Value,ME8U.SI
2022-12-31,Singapore,Mapletree Logistics Trust,Real Estate,641361832,65106267,1.14%,1.14,,Market Value,M44U.SI
2022-12-31,Singapore,Sabana Industrial Real Estate Investment Trust,Real Estate,53533508,5434322,1.53%,1.53,,Ownership,
2022-12-31,Singapore,AEM Holdings Ltd,Technology,136582852,13864872,1.76%,1.76,,Both,AWX.SI
2022-12-31,Singapore,Chuan Hup Holdings Ltd,Technology,16285013,1653133,1.09%,1.09,,Ownership,
2022-12-31,Singapore,iFAST Corp Ltd,Technology,110787407,11246311,0.88%,0.88,,Both,AIY.SI
2022-12-31,Singapore,Sea Ltd,Technology,3196134149,324447685,0.96%,1.11,,Both,SE
2022-12-31,Singapore,Silverlake Axis Ltd,Technology,49376955,5012380,0.74%,0.74,,Both,
2022-12-31,Singapore,TDCX Inc,Technology,106101181,10770600,3.91%,0.6,,Market Value,
2022-12-31,Singapore,Asian Pay Television Trust,Telecommunications,6335258,643108,0.43%,0.43,,Both,S7OU.SI
2022-12-31,Singapore,Nera Telecommunications Ltd,Telecommunications,1857150,188524,0.75%,0.75,,Both,N01.SI
2022-12-31,Singapore,NETLINK NBN TRUST,Telecommunications,287996776,29235283,1.21%,1.21,,Both,CJLU.SI
2022-12-31,Singapore,Singapore Telecommunications Ltd,Telecommunications,2373540171,240944084,0.76%,0.76,,Both,Z74.SI
2022-12-31,Singapore,StarHub Ltd,Telecommunications,70432595,7149791,0.53%,0.53,,Both,CC3.SI
2022-12-31,Singapore,Sembcorp Industries Ltd,Utilities,376638239,38233503,0.85%,0.85,,Both,U96.SI
2022-12-31,Singapore,Gallant Venture Ltd,Utilities,26337871,2673624,0.51%,0.51,,Both,5IG.SI
2022-12-31,United Kingdom,Anglo American PLC,Basic Materials,10709136928,1087111656,2.09%,2.28,,Market Value,AAL.L
2022-12-31,United Kingdom,Antofagasta PLC,Basic Materials,2521810122,255995343,1.4%,1.4,,Market Value,ANTO.L
2022-12-31,United Kingdom,Bodycote PLC,Basic Materials,353461021,35880725,2.74%,2.74,,Ownership,BOY.L
2022-12-31,United Kingdom,Centamin PLC,Basic Materials,435643471,44223274,2.82%,2.82,,Ownership,
2022-12-31,United Kingdom,Croda International PLC,Basic Materials,4673282313,474396743,4.28%,4.28,,Both,CRDA.L
2022-12-31,United Kingdom,Elementis PLC,Basic Materials,299671636,30420428,3.6%,3.6,,Ownership,ELM.L
2022-12-31,United Kingdom,Endeavour Mining PLC,Basic Materials,901994314,91563731,1.75%,1.75,,Market Value,EDV.L
2022-12-31,United Kingdom,Hill & Smith PLC,Basic Materials,305977718,31060574,2.75%,2.75,,Ownership,HILS.L
2022-12-31,United Kingdom,Petropavlovsk PLC,Basic Materials,2105228,213707,3.74%,3.74,,Ownership,
2022-12-31,United Kingdom,Polymetal International PLC,Basic Materials,324282295,32918718,2.35%,2.35,,Ownership,
2022-12-31,United Kingdom,Rio Tinto PLC,Basic Materials,18498470913,1877826709,2.15%,2.15,,Market Value,RIO.L
2022-12-31,United Kingdom,SolGold PLC,Basic Materials,157127922,15950454,3.35%,3.35,,Ownership,SOLG.L
2022-12-31,United Kingdom,Synthomer PLC,Basic Materials,222164695,22552502,2.78%,2.78,,Ownership,SYNT.L
2022-12-31,United Kingdom,Victrex PLC,Basic Materials,472031637,47917129,2.87%,2.87,,Ownership,VCT.L
2022-12-31,United Kingdom,B&M European Value Retail SA,Consumer Discretionary,990294202,100527277,2.03%,2.03,,Market Value,BME.L
2022-12-31,United Kingdom,Barratt Developments PLC,Consumer Discretionary,1171472403,118919135,2.5%,2.5,,Market Value,
2022-12-31,United Kingdom,Berkeley Group Holdings PLC,Consumer Discretionary,1200666217,121882674,2.48%,2.48,,Market Value,BKG.L
2022-12-31,United Kingdom,boohoo Group PLC,Consumer Discretionary,347824029,35308500,6.53%,6.53,,Ownership,DEBS.L
2022-12-31,United Kingdom,Burberry Group PLC,Consumer Discretionary,1385199454,140615111,1.52%,1.52,,Market Value,BRBY.L
2022-12-31,United Kingdom,Carnival PLC,Consumer Discretionary,801295081,81341496,7.3%,7.3,,Both,CCL.L
2022-12-31,United Kingdom,Compass Group PLC,Consumer Discretionary,9261414566,940149687,2.32%,2.32,,Market Value,CPG.L
2022-12-31,United Kingdom,Crest Nicholson Holdings plc,Consumer Discretionary,253370011,25720233,3.52%,3.52,,Ownership,CRST.L
2022-12-31,United Kingdom,Dignity PLC,Consumer Discretionary,69707790,7076215,2.83%,2.83,,Ownership,
2022-12-31,United Kingdom,Entain PLC,Consumer Discretionary,2350453617,238600509,2.55%,2.55,,Both,ENT.L
2022-12-31,United Kingdom,Flutter Entertainment PLC,Consumer Discretionary,5823061935,591113789,2.46%,2.46,,Market Value,FLUT
2022-12-31,United Kingdom,Future PLC,Consumer Discretionary,537343550,54547107,2.96%,2.96,,Ownership,FUTR.L
2022-12-31,United Kingdom,Games Workshop Group PLC,Consumer Discretionary,1020727886,103616677,3.06%,3.06,,Both,GAW.L
2022-12-31,United Kingdom,Halfords Group PLC,Consumer Discretionary,178498155,18119801,3.29%,3.29,,Ownership,HFD.L
2022-12-31,United Kingdom,Howden Joinery Group PLC,Consumer Discretionary,880165308,89347813,2.38%,2.38,,Market Value,HWDN.L
2022-12-31,United Kingdom,Informa PLC,Consumer Discretionary,3283856033,333352556,3.15%,3.15,,Both,INF.L
2022-12-31,United Kingdom,InterContinental Hotels Group PLC,Consumer Discretionary,2409174656,244561431,2.44%,2.44,,Market Value,IHG.L
2022-12-31,United Kingdom,JD Sports Fashion PLC,Consumer Discretionary,698027658,70858558,0.9%,0.9,,Market Value,JD.L
2022-12-31,United Kingdom,Kingfisher PLC,Consumer Discretionary,2484405933,252198349,4.58%,4.58,,Both,KGF.L
2022-12-31,United Kingdom,Lookers PLC,Consumer Discretionary,95624140,9707049,2.74%,2.74,,Ownership,
2022-12-31,United Kingdom,Moonpig Group PLC,Consumer Discretionary,122949824,12480949,2.75%,2.75,,Ownership,MOON.L
2022-12-31,United Kingdom,N Brown Group PLC,Consumer Discretionary,38008445,3858334,2.79%,2.79,,Ownership,
2022-12-31,United Kingdom,Next PLC,Consumer Discretionary,1573178579,159697348,1.77%,1.77,,Market Value,NXT.L
2022-12-31,United Kingdom,Persimmon PLC,Consumer Discretionary,1120720701,113767201,2.43%,2.43,,Market Value,PSN.L
2022-12-31,United Kingdom,Pets at Home Group Plc,Consumer Discretionary,638872410,64853559,3.93%,3.93,,Ownership,PETS.L
2022-12-31,United Kingdom,RELX PLC,Consumer Discretionary,13357700760,1355974090,2.57%,2.57,,Both,REL.L
2022-12-31,United Kingdom,Saga PLC,Consumer Discretionary,67940627,6896825,3.25%,3.25,,Ownership,SAGA.L
2022-12-31,United Kingdom,SSP Group Plc,Consumer Discretionary,570089305,57871212,2.64%,2.64,,Ownership,SSPG.L
2022-12-31,United Kingdom,Taylor Wimpey PLC,Consumer Discretionary,1166704110,118435094,2.74%,2.74,,Both,TW.L
2022-12-31,United Kingdom,Watches of Switzerland Group PLC,Consumer Discretionary,651617865,66147382,2.8%,2.8,,Ownership,WOSG.L
2022-12-31,United Kingdom,Whitbread PLC,Consumer Discretionary,1944683344,197409739,3.16%,3.16,,Both,WTB.L
2022-12-31,United Kingdom,WPP PLC,Consumer Discretionary,1891843369,192045820,1.82%,1.82,,Market Value,
2022-12-31,United Kingdom,Britvic PLC,Consumer Staples,479473447,48672566,2%,2.0,,Ownership,
2022-12-31,United Kingdom,Coca-Cola HBC AG,Consumer Staples,2213825575,224731050,2.58%,2.58,,Both,CCH.L
2022-12-31,United Kingdom,Cranswick PLC,Consumer Staples,387195196,39305167,1.98%,1.98,,Ownership,CWK.L
2022-12-31,United Kingdom,Diageo PLC,Consumer Staples,26379907962,2677891378,2.69%,2.69,,Both,DGE.L
2022-12-31,United Kingdom,Greencore Group PLC,Consumer Staples,75613542,7675722,1.95%,1.95,,Ownership,GNC.L
2022-12-31,United Kingdom,Hilton Food Group PLC,Consumer Staples,155758461,15811436,2.64%,2.64,,Ownership,HFG.L
2022-12-31,United Kingdom,Reckitt Benckiser Group PLC,Consumer Staples,11483799804,1165749650,2.35%,2.35,,Both,RKT.L
2022-12-31,United Kingdom,Tate & Lyle PLC,Consumer Staples,1536172943,155940812,4.54%,4.54,,Ownership,TATE.L
2022-12-31,United Kingdom,Tesco PLC,Consumer Staples,5694363613,578049296,2.92%,2.92,,Both,TSCO.L
2022-12-31,United Kingdom,Unilever PLC,Consumer Staples,29626509305,3007462116,2.37%,2.37,,Both,ULVR.L
2022-12-31,United Kingdom,BP PLC,Energy,27918316948,2834059177,2.73%,2.73,,Both,BP.L
2022-12-31,United Kingdom,Hunting PLC,Energy,95623664,9707001,1.47%,1.47,,Both,HTG.L
2022-12-31,United Kingdom,John Wood Group PLC,Energy,39090887,3968215,0.35%,0.35,,Both,
2022-12-31,United Kingdom,Petrofac Ltd,Energy,51741784,5252440,1.19%,1.19,,Both,PFC.L
2022-12-31,United Kingdom,Pod Point Group Holdings PLC,Energy,14990676,1521742,1.35%,1.35,,Ownership,
2022-12-31,United Kingdom,Shell PLC,Energy,60710213115,6162847743,3.14%,3.14,,Both,SHEL.L
2022-12-31,United Kingdom,3i Group PLC,Financials,4360450845,442640427,2.82%,2.82,,Both,III.L
2022-12-31,United Kingdom,Admiral Group PLC,Financials,1750631267,177711021,2.28%,2.28,,Market Value,ADM.L
2022-12-31,United Kingdom,Aviva PLC,Financials,4176407707,423957741,2.83%,2.83,,Both,AV.L
2022-12-31,United Kingdom,Barclays PLC,Financials,7757947482,787528929,2.6%,2.6,,Market Value,BARC.L
2022-12-31,United Kingdom,Beazley PLC,Financials,1144187270,116149352,2.12%,2.12,,Market Value,BEZ.L
2022-12-31,United Kingdom,CMC Markets PLC,Financials,208794200,21195229,2.81%,2.81,,Ownership,CMCX.L
2022-12-31,United Kingdom,Direct Line Insurance Group PLC,Financials,956243378,97070691,2.78%,2.78,,Both,
2022-12-31,United Kingdom,Hiscox Ltd,Financials,1803746549,183102888,4.03%,4.03,,Both,HSX.L
2022-12-31,United Kingdom,HomeServe PLC,Financials,1034614086,105026300,2.16%,2.16,,Market Value,
2022-12-31,United Kingdom,HSBC Holdings PLC,Financials,36134538605,3668108680,2.96%,2.96,,Both,HSBA.L
2022-12-31,United Kingdom,Investec PLC,Financials,1033915593,104955395,2.43%,2.43,,Market Value,INVR.L
2022-12-31,United Kingdom,IP Group PLC,Financials,178359528,18105728,2.61%,2.61,,Ownership,
2022-12-31,United Kingdom,JTC PLC,Financials,387073412,39292804,2.93%,2.93,,Ownership,JTC.L
2022-12-31,United Kingdom,Just Group PLC,Financials,299011709,30353437,2.98%,2.98,,Ownership,
2022-12-31,United Kingdom,Legal & General Group PLC,Financials,2933384562,297775308,1.66%,1.66,,Market Value,LGEN.L
2022-12-31,United Kingdom,Liontrust Asset Management PLC,Financials,269106959,27317730,3.12%,3.12,,Ownership,LIO.L
2022-12-31,United Kingdom,Lloyds Banking Group PLC,Financials,6613121754,671314765,1.83%,1.83,,Market Value,LLOY.L
2022-12-31,United Kingdom,London Stock Exchange Group PLC,Financials,7968461481,808898739,1.85%,1.7,,Market Value,LSEG.L
2022-12-31,United Kingdom,M&G PLC,Financials,2386951855,242305538,4.57%,4.57,,Both,MNG.L
2022-12-31,United Kingdom,Man Group PLC/Jersey,Financials,1013127151,102845107,3.15%,3.15,,Both,EMG.L
2022-12-31,United Kingdom,Metro Bank PLC,Financials,73362875,7447252,2.97%,2.97,,Ownership,
2022-12-31,United Kingdom,NatWest Group PLC,Financials,10584133456,1074422237,3.48%,3.48,,Both,NWG.L
2022-12-31,United Kingdom,OSB Group PLC,Financials,988528049,100347990,4.04%,4.04,,Both,OSB.L
2022-12-31,United Kingdom,Paragon Banking Group PLC,Financials,424775980,43120087,2.72%,2.72,,Ownership,PAG.L
2022-12-31,United Kingdom,Pensionbee Group PLC,Financials,50630227,5139603,3.56%,3.56,,Ownership,PBEE.L
2022-12-31,United Kingdom,Phoenix Group Holdings PLC,Financials,1036918928,105260271,1.44%,1.44,,Market Value,PHNX.L
2022-12-31,United Kingdom,Provident Financial PLC,Financials,180554772,18328573,3.14%,3.14,,Ownership,
2022-12-31,United Kingdom,Prudential PLC,Financials,11526834698,1170118231,3.13%,3.13,,Both,PRU.L
2022-12-31,United Kingdom,Quilter PLC,Financials,564260802,57279545,3.65%,3.65,,Ownership,QLT.L
2022-12-31,United Kingdom,Standard Chartered PLC,Financials,1828828729,185649044,0.86%,0.86,,Market Value,STAN.L
2022-12-31,United Kingdom,AstraZeneca PLC,Health Care,47782293572,4850501834,2.32%,2.32,,Both,AZN.L
2022-12-31,United Kingdom,ConvaTec Group PLC,Health Care,1176708425,119450657,2.09%,2.09,,Both,
2022-12-31,United Kingdom,Dechra Pharmaceuticals PLC,Health Care,844951732,85773194,2.39%,2.39,,Ownership,
2022-12-31,United Kingdom,Doctor Care Anywhere Group PLC,Health Care,3509381,356246,2.98%,2.98,,Ownership,
2022-12-31,United Kingdom,Genus PLC,Health Care,586110841,59497598,2.52%,2.52,,Ownership,GNS.L
2022-12-31,United Kingdom,GSK PLC,Health Care,16115779200,1635953629,2.31%,2.31,,Both,GSK.L
2022-12-31,United Kingdom,Haleon PLC,Health Care,4580118122,464939409,1.28%,1.28,,Market Value,HLN.L
2022-12-31,United Kingdom,Hikma Pharmaceuticals PLC,Health Care,706990594,71768409,1.75%,1.75,,Ownership,HIK.L
2022-12-31,United Kingdom,Indivior PLC,Health Care,628260216,63776288,2.1%,2.1,,Ownership,
2022-12-31,United Kingdom,NMC Health PLC,Health Care,93634,9505,2.28%,2.28,,Ownership,NMC.L
2022-12-31,United Kingdom,Smith & Nephew PLC,Health Care,2546326172,258484029,2.22%,2.22,,Both,SN.L
2022-12-31,United Kingdom,Ashtead Group PLC,Industrials,4945926258,502073521,2.01%,2.01,,Market Value,AHT.L
2022-12-31,United Kingdom,Bunzl PLC,Industrials,3798313641,385576453,3.44%,3.44,,Both,BNZL.L
2022-12-31,United Kingdom,Chemring Group PLC,Industrials,363633335,36913342,3.64%,3.64,,Ownership,CHG.L
2022-12-31,United Kingdom,CRH PLC,Industrials,5613786640,569869723,1.94%,1.94,,Market Value,CRH
2022-12-31,United Kingdom,DCC PLC,Industrials,1106571701,112330901,2.32%,2.32,,Market Value,DCC.L
2022-12-31,United Kingdom,DS Smith PLC,Industrials,1219991020,123844383,2.32%,2.32,,Market Value,
2022-12-31,United Kingdom,Equals Group PLC,Industrials,57478391,5834777,3%,3.0,,Ownership,
2022-12-31,United Kingdom,Essentra PLC,Industrials,259644232,26357145,3.07%,3.07,,Ownership,ESNT.L
2022-12-31,United Kingdom,Experian PLC,Industrials,6345619806,644159964,2.07%,2.07,,Market Value,EXPN.L
2022-12-31,United Kingdom,Ferguson PLC,Industrials,5998925291,608966124,2.34%,2.34,,Market Value,
2022-12-31,United Kingdom,Grafton Group PLC,Industrials,556963015,56538729,2.67%,2.67,,Ownership,GFTU.L
2022-12-31,United Kingdom,Halma PLC,Industrials,2069514542,210081671,2.33%,2.33,,Market Value,HLMA.L
2022-12-31,United Kingdom,Intertek Group PLC,Industrials,1778181902,180507756,2.3%,2.3,,Market Value,ITRK.L
2022-12-31,United Kingdom,Invinity Energy Systems PLC,Industrials,16294061,1654051,2.69%,2.69,,Ownership,IES.L
2022-12-31,United Kingdom,Keller Group PLC,Industrials,239442951,24306461,3.47%,3.47,,Ownership,KLR.L
2022-12-31,United Kingdom,Knights Group Holdings PLC,Industrials,32624982,3311845,3%,3.0,,Ownership,KGH.L
2022-12-31,United Kingdom,Melrose Industries PLC,Industrials,2858617499,290185514,4.42%,4.42,,Both,MRO.L
2022-12-31,United Kingdom,Mitie Group PLC,Industrials,361773352,36724531,3%,3.0,,Ownership,MTO.L
2022-12-31,United Kingdom,Mondi PLC,Industrials,3018615857,306427353,3.71%,3.71,,Both,MNDI.L
2022-12-31,United Kingdom,Network International Holdings PLC,Industrials,833449259,84605549,4.29%,4.29,,Ownership,
2022-12-31,United Kingdom,Oxford Instruments PLC,Industrials,584485216,59332577,3.78%,3.78,,Ownership,OXIG.L
2022-12-31,United Kingdom,PayPoint PLC,Industrials,109132050,11078271,2.62%,2.62,,Ownership,PAY.L
2022-12-31,United Kingdom,QinetiQ Group PLC,Industrials,684080233,69442720,2.79%,2.79,,Ownership,QQ.L
2022-12-31,United Kingdom,Redde Northgate PLC,Industrials,372124004,37775252,3.33%,3.33,,Ownership,
2022-12-31,United Kingdom,Rentokil Initial PLC,Industrials,3694523761,375040479,2.43%,2.43,,Market Value,RTO.L
2022-12-31,United Kingdom,Rolls-Royce Holdings PLC,Industrials,1817901450,184539788,1.97%,1.97,,Market Value,RR.L
2022-12-31,United Kingdom,RS GROUP PLC,Industrials,1229799644,124840082,2.45%,2.45,,Market Value,RS1.L
2022-12-31,United Kingdom,Senior PLC,Industrials,276988135,28117768,4.45%,4.45,,Ownership,SNR.L
2022-12-31,United Kingdom,Smiths Group PLC,Industrials,1371013286,139175037,2.05%,2.05,,Market Value,SMIN.L
2022-12-31,United Kingdom,Smurfit Kappa Group PLC,Industrials,4632212803,470227673,4.92%,4.92,,Both,
2022-12-31,United Kingdom,Spectris PLC,Industrials,1045538589,106135274,2.81%,2.81,,Both,
2022-12-31,United Kingdom,Spirax-Sarco Engineering PLC,Industrials,2238947907,227281282,2.42%,2.42,,Market Value,
2022-12-31,United Kingdom,Weir Group PLC/The,Industrials,1150348832,116774828,2.24%,2.24,,Market Value,WEIR.L
2022-12-31,United Kingdom,Wincanton PLC,Industrials,200236686,20326534,4.03%,4.03,,Ownership,
2022-12-31,United Kingdom,Wise PLC,Industrials,1060954856,107700219,0.4%,1.12,,Market Value,WISE.L
2022-12-31,United Kingdom,British Land Co PLC/The,Real Estate,3144336259,319189550,7.24%,7.24,,Both,BLND.L
2022-12-31,United Kingdom,Capital & Counties Properties PLC,Real Estate,1611025381,163539273,14.99%,14.99,,Ownership,
2022-12-31,United Kingdom,Derwent London PLC,Real Estate,3010414219,305594784,9.55%,9.55,,Both,DLN.L
2022-12-31,United Kingdom,Grainger PLC,Real Estate,2021382614,205195677,9.13%,9.13,,Ownership,GRI.L
2022-12-31,United Kingdom,Great Portland Estates PLC,Real Estate,2293081299,232776500,15.4%,15.4,,Ownership,GPE.L
2022-12-31,United Kingdom,Land Securities Group PLC,Real Estate,4273834718,433847804,7.83%,7.83,,Both,LAND.L
2022-12-31,United Kingdom,LondonMetric Property PLC,Real Estate,1245073828,126390603,6.21%,6.21,,Ownership,LMP.L
2022-12-31,United Kingdom,Segro PLC,Real Estate,6031537734,612276696,5.51%,5.51,,Both,SGRO.L
2022-12-31,United Kingdom,Shaftesbury PLC,Real Estate,4313850424,437909900,25.74%,25.74,,Both,
2022-12-31,United Kingdom,UNITE Group PLC/The,Real Estate,2283243108,231777800,5.29%,5.29,,Ownership,UTG.L
2022-12-31,United Kingdom,Aptitude Software Group PLC,Technology,56929502,5779058,2.39%,2.39,,Ownership,APTD.L
2022-12-31,United Kingdom,Ascential PLC,Technology,356322554,36171206,3.39%,3.39,,Both,
2022-12-31,United Kingdom,Auction Technology Group PLC,Technology,213513160,21674263,1.99%,1.99,,Ownership,ATG.L
2022-12-31,United Kingdom,Auto Trader Group PLC,Technology,1363303568,138392404,2.4%,2.4,,Both,AUTO.L
2022-12-31,United Kingdom,AVEVA Group PLC,Technology,375092863,38076628,0.33%,0.33,,Market Value,
2022-12-31,United Kingdom,Bytes Technology Group PLC,Technology,181064847,18380352,1.65%,1.65,,Ownership,BYIT.L
2022-12-31,United Kingdom,FD Technologies PLC,Technology,94297417,9572370,2.08%,2.08,,Ownership,
2022-12-31,United Kingdom,IQGEO Group PLC,Technology,41145391,4176773,3%,3.0,,Ownership,
2022-12-31,United Kingdom,Kainos Group PLC,Technology,388902567,39478486,1.71%,1.71,,Both,KNOS.L
2022-12-31,United Kingdom,Moneysupermarket.com Group PLC,Technology,234076262,23761675,1.91%,1.91,,Ownership,
2022-12-31,United Kingdom,NCC Group PLC,Technology,123757791,12562967,1.67%,1.67,,Ownership,NCC.L
2022-12-31,United Kingdom,Softcat PLC,Technology,347003018,35225157,1.24%,1.24,,Market Value,SCT.L
2022-12-31,United Kingdom,Airtel Africa PLC,Telecommunications,357430040,36283630,0.72%,0.72,,Both,AAF.L
2022-12-31,United Kingdom,BT Group PLC,Telecommunications,2146058401,217851832,1.63%,1.63,,Both,BT-A.L
2022-12-31,United Kingdom,Helios Towers PLC,Telecommunications,185110053,18790991,1.4%,1.4,,Ownership,HTWS.L
2022-12-31,United Kingdom,Spirent Communications PLC,Telecommunications,533584025,54165468,2.83%,2.83,,Both,
2022-12-31,United Kingdom,Telecom Plus PLC,Telecommunications,450418555,45723130,2.18%,2.18,,Both,TEP.L
2022-12-31,United Kingdom,Vodafone Group PLC,Telecommunications,6050062172,614157159,2.22%,2.22,,Both,VOD.L
2022-12-31,United Kingdom,Biffa PLC,Utilities,215041811,21829440,1.45%,1.45,,Ownership,
2022-12-31,United Kingdom,Centrica PLC,Utilities,421798971,42817884,0.63%,0.63,,Ownership,CNA.L
2022-12-31,United Kingdom,Drax Group PLC,Utilities,665897219,67596916,1.99%,1.99,,Ownership,DRX.L
2022-12-31,United Kingdom,National Grid PLC,Utilities,9346206997,948757182,2.16%,2.16,,Both,NG.L
2022-12-31,United Kingdom,Pennon Group PLC,Utilities,680152736,69044030,2.47%,2.47,,Both,PNN.L
2022-12-31,United Kingdom,Severn Trent PLC,Utilities,1943784521,197318498,2.46%,2.46,,Both,SVT.L
2022-12-31,United Kingdom,SSE PLC,Utilities,3607443674,366200759,1.65%,1.65,,Both,SSE.L
2022-12-31,United Kingdom,United Utilities Group PLC,Utilities,1979724092,200966815,2.47%,2.47,,Both,UU.L
2022-12-31,United States,Air Products and Chemicals Inc,Basic Materials,9318942772,945989521,1.38%,1.38,,Both,APD
2022-12-31,United States,Albemarle Corp,Basic Materials,687192534,69758657,0.27%,0.27,,Market Value,ALB
2022-12-31,United States,Alcoa Corp,Basic Materials,1266757795,128591797,1.6%,1.6,,Both,AA
2022-12-31,United States,Arconic Corp,Basic Materials,399397682,40543872,1.89%,1.89,,Ownership,
2022-12-31,United States,Avery Dennison Corp,Basic Materials,1480259855,150264933,1.03%,1.03,,Both,AVY
2022-12-31,United States,Avient Corp,Basic Materials,288764004,29313167,0.95%,0.95,,Ownership,AVNT
2022-12-31,United States,Balchem Corp,Basic Materials,398659760,40468964,1.03%,1.03,,Ownership,BCPC
2022-12-31,United States,Boise Cascade Co,Basic Materials,354595144,35995853,1.33%,1.33,,Ownership,BCC
2022-12-31,United States,Carpenter Technology Corp,Basic Materials,200250116,20327897,1.14%,1.14,,Ownership,CRS
2022-12-31,United States,Celanese Corp,Basic Materials,1501718100,152443214,1.38%,1.38,,Both,CE
2022-12-31,United States,CF Industries Holdings Inc,Basic Materials,1532640118,155582186,0.93%,0.93,,Market Value,CF
2022-12-31,United States,Chemours Co/The,Basic Materials,463127766,47013274,1.02%,1.02,,Both,
2022-12-31,United States,Cleveland-Cliffs Inc,Basic Materials,499229774,50678081,0.61%,0.61,,Market Value,CLF
2022-12-31,United States,Commercial Metals Co,Basic Materials,1127709966,114476699,2.02%,2.02,,Both,CMC
2022-12-31,United States,Constellium SE,Basic Materials,202971436,20604145,1.23%,1.23,,Ownership,CSTM
2022-12-31,United States,Dow Inc,Basic Materials,2608553281,264800861,0.75%,0.75,,Market Value,DOW
2022-12-31,United States,Eastman Chemical Co,Basic Materials,988047652,100299224,1.03%,1.03,,Both,EMN
2022-12-31,United States,Ecolab Inc,Basic Materials,2641123136,268107110,0.65%,0.65,,Market Value,ECL
2022-12-31,United States,Fastenal Co,Basic Materials,2580483767,261951453,0.97%,0.97,,Both,FAST
2022-12-31,United States,FMC Corp,Basic Materials,2082797371,211430045,1.34%,1.34,,Both,FMC
2022-12-31,United States,GrafTech International Ltd,Basic Materials,388769275,39464955,3.23%,3.23,,Ownership,EAF
2022-12-31,United States,Hexcel Corp,Basic Materials,558927691,56738168,1.15%,1.15,,Both,HXL
2022-12-31,United States,Huntsman Corp,Basic Materials,470679408,47779861,0.91%,0.91,,Market Value,HUN
2022-12-31,United States,Ingevity Corp,Basic Materials,314977797,31974195,1.21%,1.21,,Ownership,NGVT
2022-12-31,United States,Innospec Inc,Basic Materials,248045388,25179717,0.99%,0.99,,Ownership,IOSP
2022-12-31,United States,International Flavors & Fragrances Inc,Basic Materials,1009677643,102494939,0.38%,0.38,,Market Value,IFF
2022-12-31,United States,International Paper Co,Basic Materials,793663536,80566799,0.65%,0.65,,Market Value,IP
2022-12-31,United States,Linde PLC,Basic Materials,23485664817,2384089414,1.48%,1.48,,Both,LIN
2022-12-31,United States,Minerals Technologies Inc,Basic Materials,197034497,20001472,1.02%,1.02,,Ownership,MTX
2022-12-31,United States,Mosaic Co/The,Basic Materials,1477857840,150021098,1%,1.0,,Both,MOS
2022-12-31,United States,Mueller Industries Inc,Basic Materials,386126199,39196650,1.17%,1.17,,Ownership,MLI
2022-12-31,United States,Newmont Corp,Basic Materials,3190455755,323871257,0.87%,0.87,,Market Value,NEM
2022-12-31,United States,Nucor Corp,Basic Materials,1020993625,103643653,0.31%,0.31,,Market Value,NUE
2022-12-31,United States,Olin Corp,Basic Materials,664887046,67494371,0.93%,0.93,,Market Value,OLN
2022-12-31,United States,Olympic Steel Inc,Basic Materials,36826922,3738394,1%,1.0,,Ownership,
2022-12-31,United States,Reliance Steel & Aluminum Co,Basic Materials,771978897,78365536,0.66%,0.66,,Market Value,
2022-12-31,United States,Royal Gold Inc,Basic Materials,2359828780,239552206,3.24%,3.24,,Both,RGLD
2022-12-31,United States,Sensient Technologies Corp,Basic Materials,292302691,29672388,0.97%,0.97,,Ownership,SXT
2022-12-31,United States,Steel Dynamics Inc,Basic Materials,856568228,86952414,0.51%,0.51,,Market Value,STLD
2022-12-31,United States,Stepan Co,Basic Materials,222851467,22622218,0.96%,0.96,,Ownership,SCL
2022-12-31,United States,UFP Industries Inc,Basic Materials,454721717,46159955,0.94%,0.94,,Market Value,UFPI
2022-12-31,United States,United States Steel Corp,Basic Materials,610018267,61924502,1.06%,1.06,,Both,
2022-12-31,United States,Univar Solutions Inc,Basic Materials,527165102,53513867,1.03%,1.03,,Both,
2022-12-31,United States,Valvoline Inc,Basic Materials,594004158,60298869,1.06%,1.06,,Both,VVV
2022-12-31,United States,2U Inc,Consumer Discretionary,90774126,9214712,1.88%,1.88,,Ownership,
2022-12-31,United States,Activision Blizzard Inc,Consumer Discretionary,7610158793,772526525,1.29%,1.29,,Both,
2022-12-31,United States,Advance Auto Parts Inc,Consumer Discretionary,935363206,94951092,1.09%,1.09,,Ownership,AAP
2022-12-31,United States,Airbnb Inc,Consumer Discretionary,3343806191,339438249,0.08%,0.62,,Market Value,ABNB
2022-12-31,United States,Amazon.com Inc,Consumer Discretionary,80206511479,8141966448,0.95%,0.95,,Market Value,AMZN
2022-12-31,United States,Aptiv PLC,Consumer Discretionary,3705785048,376183641,1.49%,1.49,,Both,APTV
2022-12-31,United States,Asbury Automotive Group Inc,Consumer Discretionary,530290218,53831105,1.36%,1.36,,Ownership,ABG
2022-12-31,United States,AutoZone Inc,Consumer Discretionary,6378770284,647525153,1.4%,1.4,,Both,AZO
2022-12-31,United States,Best Buy Co Inc,Consumer Discretionary,1547153052,157055431,0.88%,0.88,,Market Value,BBY
2022-12-31,United States,Booking Holdings Inc,Consumer Discretionary,10337506660,1049386525,1.34%,1.34,,Both,BKNG
2022-12-31,United States,Caesars Entertainment Inc,Consumer Discretionary,1085606648,110202685,1.23%,1.23,,Ownership,CZR
2022-12-31,United States,Capri Holdings Ltd,Consumer Discretionary,780391930,79219565,1.05%,1.05,,Ownership,CPRI
2022-12-31,United States,Cardlytics Inc,Consumer Discretionary,23035779,2338420,1.22%,1.22,,Ownership,CDLX
2022-12-31,United States,Chegg Inc,Consumer Discretionary,446291749,45304208,1.43%,1.43,,Ownership,CHGG
2022-12-31,United States,Chipotle Mexican Grill Inc,Consumer Discretionary,4423824289,449073626,1.17%,1.17,,Both,CMG
2022-12-31,United States,Copart Inc,Consumer Discretionary,2467870431,250519788,0.86%,0.86,,Market Value,CPRT
2022-12-31,United States,Costco Wholesale Corp,Consumer Discretionary,22464063991,2280384123,1.13%,1.13,,Both,COST
2022-12-31,United States,Coupang Inc,Consumer Discretionary,1954921014,198448991,0.85%,0.76,,Market Value,CPNG
2022-12-31,United States,Coursera Inc,Consumer Discretionary,1355481579,137598374,7.94%,7.94,,Ownership,COUR
2022-12-31,United States,Dana Inc,Consumer Discretionary,224507134,22790289,1.05%,1.05,,Ownership,DAN
2022-12-31,United States,Deckers Outdoor Corp,Consumer Discretionary,1133195218,115033521,1.09%,1.09,,Ownership,DECK
2022-12-31,United States,Dollar General Corp,Consumer Discretionary,5482669814,556559721,1.01%,1.01,,Market Value,DG
2022-12-31,United States,Dollar Tree Inc,Consumer Discretionary,2620177750,265980890,0.85%,0.85,,Market Value,DLTR
2022-12-31,United States,Domino's Pizza Inc,Consumer Discretionary,3639637685,369468854,3.01%,3.01,,Both,DPZ
2022-12-31,United States,DR Horton Inc,Consumer Discretionary,2463231147,250048843,0.81%,0.81,,Market Value,DHI
2022-12-31,United States,Duolingo Inc,Consumer Discretionary,319204628,32403271,0.22%,1.13,,Ownership,DUOL
2022-12-31,United States,Electronic Arts Inc,Consumer Discretionary,2583561587,262263891,0.78%,0.78,,Market Value,EA
2022-12-31,United States,Estee Lauder Cos Inc/The,Consumer Discretionary,8319318065,844515081,0.23%,0.95,,Market Value,EL
2022-12-31,United States,Ford Motor Co,Consumer Discretionary,4022424438,408326509,0.54%,0.87,,Market Value,F
2022-12-31,United States,Fox Corp,Consumer Discretionary,1553872314,157737520,1.1%,0.99,,Market Value,FOX
2022-12-31,United States,Garmin Ltd,Consumer Discretionary,1388792963,140979897,0.8%,0.8,,Market Value,GRMN
2022-12-31,United States,General Motors Co,Consumer Discretionary,4745182698,481695533,1.01%,1.01,,Market Value,GM
2022-12-31,United States,Genuine Parts Co,Consumer Discretionary,2300771250,233557126,0.95%,0.95,,Market Value,GPC
2022-12-31,United States,H&R Block Inc,Consumer Discretionary,572074852,58072769,1.02%,1.02,,Ownership,HRB
2022-12-31,United States,Hilton Worldwide Holdings Inc,Consumer Discretionary,3293610405,334342747,0.98%,0.98,,Market Value,HLT
2022-12-31,United States,Home Depot Inc/The,Consumer Discretionary,36084191146,3662997782,1.14%,1.14,,Both,HD
2022-12-31,United States,HUUUGE Inc,Consumer Discretionary,119462956,12126988,2.9%,2.9,,Ownership,
2022-12-31,United States,Kohl's Corp,Consumer Discretionary,415288568,42156996,1.51%,1.51,,Ownership,KSS
2022-12-31,United States,Las Vegas Sands Corp,Consumer Discretionary,1584232252,160819435,0.44%,0.44,,Market Value,LVS
2022-12-31,United States,Laureate Education Inc,Consumer Discretionary,167067770,16959473,1.13%,1.13,,Ownership,LAUR
2022-12-31,United States,Lennar Corp,Consumer Discretionary,2236060609,226988185,1.02%,0.89,,Market Value,LEN
2022-12-31,United States,Liberty Media Corp-Liberty Formula One,Consumer Discretionary,1552193813,157567132,1.66%,1.17,,Both,FWONA
2022-12-31,United States,Light & Wonder Inc,Consumer Discretionary,859409783,87240867,1.59%,1.59,,Ownership,LNWO
2022-12-31,United States,Lithia Motors Inc,Consumer Discretionary,642138629,65185121,1.09%,1.16,,Ownership,LAD
2022-12-31,United States,LKQ Corp,Consumer Discretionary,2328125864,236333962,1.66%,1.66,,Both,LKQ
2022-12-31,United States,Lowe's Cos Inc,Consumer Discretionary,14103189823,1431650576,1.19%,1.19,,Both,LOW
2022-12-31,United States,Lyft Inc,Consumer Discretionary,745941019,75722365,1.31%,1.9,,Ownership,LYFT
2022-12-31,United States,Madison Square Garden Sports Corp,Consumer Discretionary,468694342,47578352,0.4%,1.07,,Ownership,MSGS
2022-12-31,United States,Marriott International Inc/MD,Consumer Discretionary,3127594563,317490058,0.67%,0.67,,Market Value,MAR
2022-12-31,United States,Marriott Vacations Worldwide Corp,Consumer Discretionary,566828372,57540186,1.12%,1.12,,Ownership,VAC
2022-12-31,United States,Mattel Inc,Consumer Discretionary,884369317,89774573,1.42%,1.42,,Ownership,MAT
2022-12-31,United States,McDonald's Corp,Consumer Discretionary,22606757580,2294869311,1.19%,1.19,,Both,MCD
2022-12-31,United States,MercadoLibre Inc,Consumer Discretionary,1509525020,153235714,0.36%,0.36,,Market Value,MELI
2022-12-31,United States,Meritage Homes Corp,Consumer Discretionary,359295811,36473029,1.08%,1.08,,Ownership,MTH
2022-12-31,United States,MGM Resorts International,Consumer Discretionary,1608401271,163272893,1.27%,1.27,,Both,MGM
2022-12-31,United States,Netflix Inc,Consumer Discretionary,14519716002,1473933205,1.12%,1.12,,Both,NFLX
2022-12-31,United States,NIKE Inc,Consumer Discretionary,12913988323,1310931715,0.72%,0.72,,Market Value,NKE
2022-12-31,United States,O'Reilly Automotive Inc,Consumer Discretionary,5503485175,558672741,1.06%,1.06,,Both,ORLY
2022-12-31,United States,ODP Corp/The,Consumer Discretionary,282205014,28647347,1.37%,1.37,,Ownership,
2022-12-31,United States,Penn Entertainment Inc,Consumer Discretionary,586172826,59503891,1.29%,1.29,,Ownership,PENN
2022-12-31,United States,Portillo's Inc,Consumer Discretionary,217037232,22032000,1.87%,1.87,,Ownership,PTLO
2022-12-31,United States,PROG Holdings Inc,Consumer Discretionary,162375214,16483120,1.95%,1.95,,Ownership,PRG
2022-12-31,United States,PulteGroup Inc,Consumer Discretionary,1591386454,161545676,1.56%,1.56,,Both,PHM
2022-12-31,United States,Ross Stores Inc,Consumer Discretionary,3543054832,359664484,0.9%,0.9,,Market Value,ROST
2022-12-31,United States,Starbucks Corp,Consumer Discretionary,11778674163,1195683094,1.05%,1.05,,Both,SBUX
2022-12-31,United States,Take-Two Interactive Software Inc,Consumer Discretionary,1983161735,201315779,1.15%,1.15,,Both,TTWO
2022-12-31,United States,Target Corp,Consumer Discretionary,6987165914,709284937,1.03%,1.03,,Both,TGT
2022-12-31,United States,TEGNA Inc,Consumer Discretionary,505239972,51288191,1.08%,1.08,,Ownership,TGNA
2022-12-31,United States,Tesla Inc,Consumer Discretionary,33419291902,3392477099,0.87%,0.87,,Market Value,TSLA
2022-12-31,United States,TJX Cos Inc/The,Consumer Discretionary,8661746383,879275848,0.96%,0.96,,Market Value,TJX
2022-12-31,United States,Tractor Supply Co,Consumer Discretionary,2592668471,263188354,1.06%,1.06,,Both,TSCO
2022-12-31,United States,Uber Technologies Inc,Consumer Discretionary,5685778486,577177798,1.17%,1.17,,Both,UBER
2022-12-31,United States,Ulta Beauty Inc,Consumer Discretionary,1964319586,199403064,0.84%,0.84,,Market Value,ULTA
2022-12-31,United States,Visteon Corp,Consumer Discretionary,375998936,38168606,1.04%,1.04,,Ownership,VC
2022-12-31,United States,Walmart Inc,Consumer Discretionary,25126455543,2550650243,0.67%,0.67,,Market Value,WMT
2022-12-31,United States,Walt Disney Co/The,Consumer Discretionary,13741255053,1394909659,0.88%,0.88,,Market Value,DIS
2022-12-31,United States,Warner Bros Discovery Inc,Consumer Discretionary,1879961974,190839709,0.83%,0.83,,Market Value,WBD
2022-12-31,United States,Wynn Resorts Ltd,Consumer Discretionary,951227991,96561566,1.03%,1.03,,Ownership,WYNN
2022-12-31,United States,Yum! Brands Inc,Consumer Discretionary,3019786219,306546160,0.85%,0.85,,Market Value,YUM
2022-12-31,United States,ACCO Brands Corp,Consumer Staples,47311276,4802688,0.91%,0.91,,Ownership,ACCO
2022-12-31,United States,Albertsons Cos Inc,Consumer Staples,1074216482,109046440,0.98%,0.98,,Both,ACI
2022-12-31,United States,AmerisourceBergen Corp,Consumer Staples,2513062963,255107397,0.76%,0.76,,Market Value,
2022-12-31,United States,AppHarvest Inc,Consumer Staples,5722883,580944,0.95%,0.95,,Ownership,
2022-12-31,United States,Archer-Daniels-Midland Co,Consumer Staples,5052295834,512871367,1.01%,1.01,,Both,ADM
2022-12-31,United States,Beyond Meat Inc,Consumer Staples,67730472,6875492,0.88%,0.88,,Ownership,BYND
2022-12-31,United States,Brown-Forman Corp,Consumer Staples,1228344640,124692380,0%,0.4,,Market Value,BF-B
2022-12-31,United States,Bunge Ltd,Consumer Staples,1801774046,182902654,1.22%,1.22,,Both,
2022-12-31,United States,Calavo Growers Inc,Consumer Staples,54546049,5537108,1.06%,1.06,,Ownership,
2022-12-31,United States,Campbell Soup Co,Consumer Staples,1591691781,161576671,0.95%,0.95,,Both,CPB
2022-12-31,United States,Casey's General Stores Inc,Consumer Staples,817253629,82961489,0.99%,0.99,,Ownership,CASY
2022-12-31,United States,Church & Dwight Co Inc,Consumer Staples,1844851643,187275570,0.95%,0.95,,Both,CHD
2022-12-31,United States,Clorox Co/The,Consumer Staples,960735361,97526684,0.56%,0.56,,Market Value,
2022-12-31,United States,Coca-Cola Co/The,Consumer Staples,28350537330,2877934964,1.05%,1.05,,Both,KO
2022-12-31,United States,Colgate-Palmolive Co,Consumer Staples,6197866554,629161157,0.96%,0.96,,Both,CL
2022-12-31,United States,Conagra Brands Inc,Consumer Staples,1563990286,158764622,0.86%,0.86,,Market Value,CAG
2022-12-31,United States,Constellation Brands Inc,Consumer Staples,3599267679,365370793,0.85%,0.85,,Market Value,STZ
2022-12-31,United States,Corteva Inc,Consumer Staples,3141426151,318894138,0.75%,0.75,,Market Value,CTVA
2022-12-31,United States,CVS Health Corp,Consumer Staples,13753760347,1396179103,1.14%,1.14,,Both,CVS
2022-12-31,United States,Darling Ingredients Inc,Consumer Staples,1333446287,135361515,1.35%,1.35,,Both,DAR
2022-12-31,United States,General Mills Inc,Consumer Staples,3647600263,370277156,0.75%,0.75,,Market Value,GIS
2022-12-31,United States,Hershey Co/The,Consumer Staples,3978622660,403880079,0.24%,0.85,,Market Value,HSY
2022-12-31,United States,Hostess Brands Inc,Consumer Staples,330446440,33544456,1.12%,1.12,,Ownership,
2022-12-31,United States,Ingredion Inc,Consumer Staples,612596606,62186236,0.97%,0.97,,Ownership,INGR
2022-12-31,United States,J M Smucker Co/The,Consumer Staples,2118937045,215098675,1.27%,1.27,,Both,
2022-12-31,United States,Kellogg Co,Consumer Staples,1255244661,127423070,0.52%,0.52,,Market Value,
2022-12-31,United States,Keurig Dr Pepper Inc,Consumer Staples,2653032430,269316052,0.53%,0.53,,Market Value,KDP
2022-12-31,United States,Kimberly-Clark Corp,Consumer Staples,4241940405,430610132,0.94%,0.94,,Both,KMB
2022-12-31,United States,Kraft Heinz Co/The,Consumer Staples,2418390684,245496973,0.49%,0.49,,Market Value,KHC
2022-12-31,United States,Kroger Co/The,Consumer Staples,1468706753,149092148,0.47%,0.47,,Market Value,KR
2022-12-31,United States,McCormick & Co Inc/MD,Consumer Staples,1416558047,143798401,0%,0.65,,Market Value,
2022-12-31,United States,McKesson Corp,Consumer Staples,6118101975,621064052,1.17%,1.17,,Both,MCK
2022-12-31,United States,Medifast Inc,Consumer Staples,120086678,12190303,0.97%,0.97,,Ownership,MED
2022-12-31,United States,Mondelez International Inc,Consumer Staples,9452336506,959530657,1.05%,1.05,,Both,MDLZ
2022-12-31,United States,Monster Beverage Corp,Consumer Staples,3489699230,354248221,0.67%,0.67,,Market Value,MNST
2022-12-31,United States,PepsiCo Inc,Consumer Staples,24233435752,2459997538,0.99%,0.99,,Both,PEP
2022-12-31,United States,Performance Food Group Co,Consumer Staples,883752641,89711973,0.99%,0.99,,Ownership,PFGC
2022-12-31,United States,Post Holdings Inc,Consumer Staples,780778837,79258840,1.49%,1.49,,Ownership,POST
2022-12-31,United States,Procter & Gamble Co/The,Consumer Staples,36121884699,3666824150,1.02%,1.02,,Both,PG
2022-12-31,United States,Simply Good Foods Co/The,Consumer Staples,340266523,34541318,0.91%,0.91,,Ownership,
2022-12-31,United States,Spectrum Brands Holdings Inc,Consumer Staples,226228937,22965073,0.92%,0.92,,Ownership,SPB
2022-12-31,United States,Sysco Corp,Consumer Staples,3823168881,388099572,1%,1.0,,Both,SYY
2022-12-31,United States,US Foods Holding Corp,Consumer Staples,679285108,68955954,0.9%,0.9,,Ownership,USFD
2022-12-31,United States,WD-40 Co,Consumer Staples,199866184,20288923,0.93%,0.93,,Ownership,WDFC
2022-12-31,United States,Antero Midstream Corp,Energy,371664810,37728638,0.73%,0.73,,Both,AM
2022-12-31,United States,Archrock Inc,Energy,112102825,11379842,0.81%,0.81,,Ownership,AROC
2022-12-31,United States,Arcosa Inc,Energy,229012404,23247630,0.88%,0.88,,Ownership,ACA
2022-12-31,United States,Array Technologies Inc,Energy,1355454241,137595599,4.73%,4.73,,Both,ARRY
2022-12-31,United States,Baker Hughes Co,Energy,1858681888,188679514,0.63%,0.63,,Market Value,BKR
2022-12-31,United States,ChargePoint Holdings Inc,Energy,243408574,24709022,0.74%,0.74,,Both,CHPT
2022-12-31,United States,Cheniere Energy Inc,Energy,2490445255,252811416,0.68%,0.68,,Market Value,LNG
2022-12-31,United States,Chevron Corp,Energy,29312270751,2975562963,0.86%,0.86,,Both,CVX
2022-12-31,United States,Core Laboratories NV,Energy,74799043,7593041,0.81%,0.81,,Ownership,CLB
2022-12-31,United States,Delek US Holdings Inc,Energy,834707640,84733290,4.5%,4.5,,Both,DKL
2022-12-31,United States,DT Midstream Inc,Energy,540298211,54847042,1.03%,1.03,,Both,DTM
2022-12-31,United States,Enphase Energy Inc,Energy,3123035830,317027290,0.88%,0.88,,Both,ENPH
2022-12-31,United States,Exxon Mobil Corp,Energy,50418678096,5118127915,1.13%,1.13,,Both,XOM
2022-12-31,United States,First Solar Inc,Energy,2098750256,213049463,1.33%,1.33,,Both,FSLR
2022-12-31,United States,FuelCell Energy Inc,Energy,94414421,9584247,0.85%,0.85,,Ownership,FCEL
2022-12-31,United States,Golar LNG Ltd,Energy,235073952,23862953,0.97%,0.97,,Both,GLNG
2022-12-31,United States,Halliburton Co,Energy,4421864255,448874658,1.26%,1.26,,Both,HAL
2022-12-31,United States,HF Sinclair Corp,Energy,953914335,96834264,0.93%,0.93,,Both,DINO
2022-12-31,United States,Kinder Morgan Inc,Energy,2441957606,247889311,0.61%,0.61,,Market Value,KMI
2022-12-31,United States,Marathon Petroleum Corp,Energy,4327495867,439295083,0.81%,0.81,,Both,MPC
2022-12-31,United States,New Fortress Energy Inc,Energy,388243829,39411616,0.45%,0.45,,Market Value,NFE
2022-12-31,United States,NOW Inc,Energy,116156119,11791302,0.84%,0.84,,Ownership,
2022-12-31,United States,Oceaneering International Inc,Energy,166141544,16865450,0.96%,0.96,,Ownership,OII
2022-12-31,United States,ONEOK Inc,Energy,1306055012,132580957,0.45%,0.45,,Market Value,OKE
2022-12-31,United States,Patterson-UTI Energy Inc,Energy,258537390,26244786,0.72%,0.72,,Both,PTEN
2022-12-31,United States,PBF Energy Inc,Energy,433406529,43996196,0.77%,0.77,,Both,PBF
2022-12-31,United States,Phillips 66,Energy,3471840965,352435384,0.72%,0.72,,Both,PSX
2022-12-31,United States,Plug Power Inc,Energy,2063928192,209514587,2.91%,2.91,,Both,PLUG
2022-12-31,United States,Schlumberger Ltd,Energy,9755954455,990351686,1.31%,1.31,,Both,
2022-12-31,United States,Shoals Technologies Group Inc,Energy,462640981,46963860,1.12%,1.12,,Both,SHLS
2022-12-31,United States,SolarEdge Technologies Inc,Energy,1099152778,111577787,0.7%,0.7,,Market Value,SEDG
2022-12-31,United States,Targa Resources Corp,Energy,982043634,99689741,0.6%,0.6,,Market Value,TRGP
2022-12-31,United States,TechnipFMC PLC,Energy,255506030,25937065,0.48%,0.48,,Market Value,FTI
2022-12-31,United States,Valaris Ltd,Energy,421906015,42828750,0.84%,0.84,,Both,VAL
2022-12-31,United States,Valero Energy Corp,Energy,5154502544,523246629,1.07%,1.07,,Both,VLO
2022-12-31,United States,Warrior Met Coal Inc,Energy,198808362,20181541,1.13%,1.13,,Ownership,HCC
2022-12-31,United States,Williams Cos Inc/The,Energy,2785209198,282733651,0.71%,0.71,,Both,WMB
2022-12-31,United States,World Fuel Services Corp,Energy,177341179,18002353,1.06%,1.06,,Ownership,
2022-12-31,United States,Affiliated Managers Group Inc,Financials,738024067,74918695,1.26%,1.26,,Ownership,AMG
2022-12-31,United States,Allstate Corp/The,Financials,1796244343,182341320,0.51%,0.51,,Market Value,ALL
2022-12-31,United States,American International Group Inc,Financials,7140204421,724820264,1.54%,1.54,,Both,AIG
2022-12-31,United States,Ameriprise Financial Inc,Financials,3757655200,381449112,1.15%,1.15,,Both,AMP
2022-12-31,United States,Aon PLC,Financials,3223702747,327246244,0.53%,0.53,,Market Value,AON
2022-12-31,United States,Apollo Global Management Inc,Financials,3580310443,363446396,1%,1.0,,Market Value,APO
2022-12-31,United States,Arch Capital Group Ltd,Financials,1990183258,202028551,0.87%,0.87,,Market Value,ACGL
2022-12-31,United States,Arthur J Gallagher & Co,Financials,14011710098,1422364237,3.58%,3.58,,Both,AJG
2022-12-31,United States,Associated Banc-Corp,Financials,358344387,36376448,1.05%,1.05,,Ownership,ASB
2022-12-31,United States,Assurant Inc,Financials,716106144,72693751,1.1%,1.1,,Ownership,AIZ
2022-12-31,United States,Axis Capital Holdings Ltd,Financials,478529375,48576731,1.06%,1.06,,Ownership,
2022-12-31,United States,Bank of America Corp,Financials,33302980964,3380670081,1.27%,1.27,,Both,BAC
2022-12-31,United States,Bank of New York Mellon Corp/The,Financials,4881916608,495575739,1.35%,1.35,,Both,BK
2022-12-31,United States,BankUnited Inc,Financials,306015168,31064376,1.18%,1.18,,Ownership,BKU
2022-12-31,United States,Berkshire Hathaway Inc,Financials,51833656910,5261766004,0.91%,0.63,,Market Value,BRK-B
2022-12-31,United States,BlackRock Inc,Financials,9965178842,1011590584,0.95%,0.94,,Market Value,
2022-12-31,United States,Blackstone Inc,Financials,4906008523,498021371,0%,0.56,,Market Value,BX
2022-12-31,United States,Brighthouse Financial Inc,Financials,358227483,36364581,1.03%,1.03,,Ownership,BHF
2022-12-31,United States,Cadence Bank,Financials,462716295,46971505,1.04%,1.04,,Ownership,
2022-12-31,United States,Cannae Holdings Inc,Financials,168077767,17062001,1.06%,1.06,,Ownership,CNNE
2022-12-31,United States,Cboe Global Markets Inc,Financials,1541074481,156438380,1.18%,1.18,,Ownership,CBOE
2022-12-31,United States,Charles Schwab Corp/The,Financials,12852395663,1304679288,0.86%,0.84,,Market Value,SCHW
2022-12-31,United States,Chubb Ltd,Financials,5889572916,597865487,0.65%,0.65,,Market Value,CB
2022-12-31,United States,Citigroup Inc,Financials,6019182381,611022473,0.7%,0.7,,Market Value,C
2022-12-31,United States,Citizens Financial Group Inc,Financials,1856341222,188441907,0.97%,0.97,,Market Value,CFG
2022-12-31,United States,CME Group Inc,Financials,5873275663,596211112,0.99%,0.99,,Market Value,CME
2022-12-31,United States,CNO Financial Group Inc,Financials,317246910,32204539,1.23%,1.23,,Ownership,CNO
2022-12-31,United States,Comerica Inc,Financials,1099348469,111597652,1.27%,1.27,,Ownership,
2022-12-31,United States,Discover Financial Services,Financials,3290408763,334017741,1.25%,1.25,,Both,
2022-12-31,United States,East West Bancorp Inc,Financials,979253683,99406525,1.07%,1.07,,Ownership,EWBC
2022-12-31,United States,Equitable Holdings Inc,Financials,5428075081,551017671,5.19%,5.19,,Both,EQH
2022-12-31,United States,Everest Re Group Ltd,Financials,1321656275,134164681,1.03%,1.03,,Ownership,
2022-12-31,United States,Fidelity National Financial Inc,Financials,1080973364,109732348,1.07%,1.07,,Ownership,FNF
2022-12-31,United States,Fifth Third Bancorp,Financials,1778464415,180536434,0.8%,0.8,,Market Value,FITB
2022-12-31,United States,First BanCorp/Puerto Rico,Financials,238597354,24220623,1.03%,1.03,,Ownership,
2022-12-31,United States,First Hawaiian Inc,Financials,338303246,34342021,1.03%,1.03,,Ownership,FHB
2022-12-31,United States,First Republic Bank/CA,Financials,2102626203,213442920,0.96%,0.96,,Market Value,
2022-12-31,United States,Fulton Financial Corp,Financials,289413723,29379121,1.04%,1.04,,Ownership,FULT
2022-12-31,United States,Goldman Sachs Group Inc/The,Financials,7217118562,732628014,0.63%,0.6,,Market Value,GS
2022-12-31,United States,Hancock Whitney Corp,Financials,416491584,42279117,1.02%,1.02,,Ownership,HWC
2022-12-31,United States,Hanover Insurance Group Inc/The,Financials,506266250,51392371,1.07%,1.07,,Ownership,
2022-12-31,United States,Hartford Financial Services Group Inc/The,Financials,2678447969,271896048,1.13%,1.13,,Both,
2022-12-31,United States,Huntington Bancshares Inc/OH,Financials,2080144865,211160782,1.04%,1.04,,Both,HBAN
2022-12-31,United States,Independent Bank Corp,Financials,385607816,39144028,1.02%,1.02,,Ownership,IBCP
2022-12-31,United States,Intercontinental Exchange Inc,Financials,5577244649,566160253,0.99%,0.99,,Market Value,ICE
2022-12-31,United States,Jackson Financial Inc,Financials,302901568,30748307,1.06%,1.06,,Ownership,JXN
2022-12-31,United States,JPMorgan Chase & Co,Financials,37442414505,3800874480,0.97%,0.97,,Market Value,JPM
2022-12-31,United States,KKR & Co Inc,Financials,2486847624,252446211,0.63%,0.63,,Market Value,KKR
2022-12-31,United States,Lincoln National Corp,Financials,604754889,61390203,1.18%,1.18,,Ownership,LNC
2022-12-31,United States,Loews Corp,Financials,4115267995,417751294,3.02%,3.02,,Both,L
2022-12-31,United States,LPL Financial Holdings Inc,Financials,2145540641,217799273,1.27%,1.27,,Both,LPLA
2022-12-31,United States,M&T Bank Corp,Financials,2215600016,224911178,0.9%,0.9,,Market Value,MTB
2022-12-31,United States,Markel Corp,Financials,1755069308,178161538,1.01%,1.01,,Market Value,
2022-12-31,United States,MarketAxess Holdings Inc,Financials,1063395749,107948000,1.03%,1.03,,Ownership,MKTX
2022-12-31,United States,Marsh & McLennan Cos Inc,Financials,6299187394,639446492,0.78%,0.78,,Market Value,MMC
2022-12-31,United States,MetLife Inc,Financials,4263332710,432781719,0.76%,0.76,,Market Value,MET
2022-12-31,United States,Moody's Corp,Financials,4160998294,422393492,0.83%,0.83,,Market Value,MCO
2022-12-31,United States,Morgan Stanley,Financials,9176460616,931525796,0.65%,0.65,,Market Value,MS
2022-12-31,United States,MSCI Inc,Financials,3691577701,374741417,1.01%,1.01,,Market Value,MSCI
2022-12-31,United States,Nasdaq Inc,Financials,2266045926,230032070,0.76%,0.76,,Market Value,NDAQ
2022-12-31,United States,NMI Holdings Inc,Financials,180885793,18362176,1.05%,1.05,,Ownership,NMIH
2022-12-31,United States,Pinnacle Financial Partners Inc,Financials,608032690,61722941,1.1%,1.1,,Ownership,PNFP
2022-12-31,United States,PNC Financial Services Group Inc/The,Financials,7095467389,720278894,1.13%,1.13,,Both,PNC
2022-12-31,United States,Progressive Corp/The,Financials,7831206227,794965610,1.05%,1.05,,Both,PGR
2022-12-31,United States,Raymond James Financial Inc,Financials,1987168765,201722542,0.87%,0.87,,Market Value,RJF
2022-12-31,United States,Regions Financial Corp,Financials,1938176448,196749208,0.98%,0.98,,Market Value,RF
2022-12-31,United States,S&P Global Inc,Financials,10705531439,1086745654,1%,1.0,,Market Value,SPGI
2022-12-31,United States,SoFi Technologies Inc,Financials,441311206,44798620,1.05%,1.05,,Ownership,SOFI
2022-12-31,United States,SouthState Corp,Financials,590134238,59906024,1.04%,1.04,,Ownership,
2022-12-31,United States,T Rowe Price Group Inc,Financials,1989816638,201991335,0.83%,0.83,,Market Value,TROW
2022-12-31,United States,Travelers Cos Inc/The,Financials,2258707672,229287146,0.52%,0.52,,Market Value,TRV
2022-12-31,United States,Truist Financial Corp,Financials,5321214296,540169962,0.95%,0.95,,Market Value,TFC
2022-12-31,United States,Umpqua Holdings Corp,Financials,602976958,61209721,1.58%,1.58,,Ownership,
2022-12-31,United States,Unum Group,Financials,4201088925,426463194,5.22%,5.22,,Both,UNM
2022-12-31,United States,Upstart Holdings Inc,Financials,110578350,11225089,1.04%,1.04,,Ownership,UPST
2022-12-31,United States,US Bancorp,Financials,6210923960,630486647,0.94%,0.94,,Market Value,USB
2022-12-31,United States,W R Berkley Corp,Financials,1926568467,195570852,1.02%,1.02,,Market Value,WRB
2022-12-31,United States,Webster Financial Corp,Financials,833713934,84632416,1.03%,1.03,,Ownership,WBS
2022-12-31,United States,Wells Fargo & Co,Financials,19821582459,2012139119,1.28%,1.28,,Both,WFC
2022-12-31,United States,Western Alliance Bancorp,Financials,679130142,68940224,1.06%,1.06,,Ownership,WAL
2022-12-31,United States,White Mountains Insurance Group Ltd,Financials,381710479,38748399,1.06%,1.06,,Ownership,WTM
2022-12-31,United States,Willis Towers Watson PLC,Financials,2659942815,270017543,1.02%,1.02,,Market Value,WTW
2022-12-31,United States,Wintrust Financial Corp,Financials,537815521,54595018,1.06%,1.06,,Ownership,WTFC
2022-12-31,United States,WSFS Financial Corp,Financials,284451254,28875368,1.03%,1.03,,Ownership,WSFS
2022-12-31,United States,Zions Bancorp NA,Financials,887507356,90093123,1.22%,1.22,,Ownership,
2022-12-31,United States,1Life Healthcare Inc,Health Care,425573196,43201015,1.27%,1.27,,Ownership,
2022-12-31,United States,Abbott Laboratories,Health Care,18212072701,1848753700,0.97%,0.97,,Market Value,ABT
2022-12-31,United States,AbbVie Inc,Health Care,29210133439,2965194746,1.04%,1.04,,Market Value,ABBV
2022-12-31,United States,ACADIA Pharmaceuticals Inc,Health Care,306466221,31110164,1.21%,1.21,,Ownership,ACAD
2022-12-31,United States,Agilent Technologies Inc,Health Care,3769922613,382694408,0.86%,0.86,,Market Value,A
2022-12-31,United States,Alnylam Pharmaceuticals Inc,Health Care,2382241833,241827412,0.83%,0.83,,Market Value,ALNY
2022-12-31,United States,Amgen Inc,Health Care,12984914306,1318131591,0.94%,0.94,,Market Value,AMGN
2022-12-31,United States,Amicus Therapeutics Inc,Health Care,649526178,65935050,1.92%,1.92,,Ownership,
2022-12-31,United States,Apellis Pharmaceuticals Inc,Health Care,601698131,61079904,1.07%,1.07,,Ownership,
2022-12-31,United States,Arrowhead Pharmaceuticals Inc,Health Care,593370659,60234561,1.4%,1.4,,Ownership,ARWR
2022-12-31,United States,Arvinas Inc,Health Care,236493337,24007039,1.32%,1.32,,Ownership,ARVN
2022-12-31,United States,Axonics Inc,Health Care,753008455,76439799,2.47%,2.47,,Ownership,
2022-12-31,United States,Azenta Inc,Health Care,869812937,88296918,2.2%,2.2,,Ownership,AZTA
2022-12-31,United States,Baxter International Inc,Health Care,3676169718,373177314,1.45%,1.45,,Both,BAX
2022-12-31,United States,Becton Dickinson and Co,Health Care,6700275559,680161969,0.94%,0.94,,Market Value,
2022-12-31,United States,Biogen Inc,Health Care,3473451892,352598913,0.88%,0.88,,Market Value,BIIB
2022-12-31,United States,BioMarin Pharmaceutical Inc,Health Care,2837532929,288045166,1.5%,1.5,,Both,BMRN
2022-12-31,United States,Blueprint Medicines Corp,Health Care,273636265,27777511,1.06%,1.06,,Ownership,
2022-12-31,United States,Boston Scientific Corp,Health Care,6073180237,616503932,0.93%,0.93,,Market Value,BSX
2022-12-31,United States,Bristol-Myers Squibb Co,Health Care,18097673245,1837140721,1.2%,1.2,,Both,BMY
2022-12-31,United States,Brookdale Senior Living Inc,Health Care,87263475,8858337,1.74%,1.74,,Ownership,BKD
2022-12-31,United States,Cardinal Health Inc,Health Care,2118813206,215086104,1.07%,1.07,,Both,CAH
2022-12-31,United States,Centene Corp,Health Care,6984161748,708979976,1.53%,1.53,,Both,CNC
2022-12-31,United States,Cigna Corp,Health Care,9259166258,939921456,0.93%,0.93,,Market Value,
2022-12-31,United States,Cytokinetics Inc,Health Care,489878081,49728767,1.15%,1.15,,Ownership,CYTK
2022-12-31,United States,Danaher Corp,Health Care,20003934343,2030650121,1.05%,1.05,,Market Value,DHR
2022-12-31,United States,DaVita Inc,Health Care,1135950133,115313180,1.71%,1.71,,Ownership,DVA
2022-12-31,United States,Dexcom Inc,Health Care,4076349601,413800589,0.95%,0.95,,Market Value,DXCM
2022-12-31,United States,Edwards Lifesciences Corp,Health Care,6377091244,647354710,1.4%,1.4,,Both,EW
2022-12-31,United States,Elanco Animal Health Inc,Health Care,798081847,81015313,1.4%,1.4,,Ownership,ELAN
2022-12-31,United States,Elevance Health Inc,Health Care,12244425862,1242962731,1.01%,1.01,,Market Value,ELV
2022-12-31,United States,Eli Lilly & Co,Health Care,32928348644,3342640203,0.96%,0.96,,Market Value,LLY
2022-12-31,United States,Enanta Pharmaceuticals Inc,Health Care,103760700,10533012,1.09%,1.09,,Ownership,ENTA
2022-12-31,United States,Gilead Sciences Inc,Health Care,10733533328,1089588197,1.01%,1.01,,Market Value,GILD
2022-12-31,United States,HCA Healthcare Inc,Health Care,5267045925,534671193,0.79%,0.79,,Market Value,HCA
2022-12-31,United States,Hologic Inc,Health Care,1689199423,171474919,0.93%,0.93,,Market Value,HOLX
2022-12-31,United States,Horizon Therapeutics Plc,Health Care,2472472190,250986924,0.97%,0.97,,Market Value,
2022-12-31,United States,Humana Inc,Health Care,6936653320,704157275,1.09%,1.09,,Both,HUM
2022-12-31,United States,IDEXX Laboratories Inc,Health Care,3234723262,328364964,0.97%,0.97,,Market Value,IDXX
2022-12-31,United States,Illumina Inc,Health Care,2740690659,278214461,0.87%,0.87,,Market Value,ILMN
2022-12-31,United States,Inari Medical Inc,Health Care,807978247,82019921,2.41%,2.41,,Ownership,
2022-12-31,United States,Inogen Inc,Health Care,65869675,6686598,1.48%,1.48,,Ownership,INGN
2022-12-31,United States,Intra-Cellular Therapies Inc,Health Care,636233060,64585632,1.29%,1.29,,Ownership,
2022-12-31,United States,Intuitive Surgical Inc,Health Care,8846311617,898011534,0.96%,0.96,,Market Value,ISRG
2022-12-31,United States,Iovance Biotherapeutics Inc,Health Care,187260971,19009336,1.88%,1.88,,Ownership,IOVA
2022-12-31,United States,IQVIA Holdings Inc,Health Care,3931583612,399105026,1.05%,1.05,,Market Value,IQV
2022-12-31,United States,iRhythm Technologies Inc,Health Care,536555776,54467138,1.93%,1.93,,Ownership,
2022-12-31,United States,IsoPlexis Corp,Health Care,9604232,974950,1.56%,1.56,,Ownership,
2022-12-31,United States,Johnson & Johnson,Health Care,44314081438,4498434823,0.97%,0.97,,Market Value,JNJ
2022-12-31,United States,Laboratory Corp of America Holdings,Health Care,2110686418,214261133,1.03%,1.03,,Market Value,
2022-12-31,United States,Lantheus Holdings Inc,Health Care,521372381,52925833,1.51%,1.51,,Ownership,LNTH
2022-12-31,United States,LHC Group Inc,Health Care,614124719,62341358,1.24%,1.24,,Ownership,
2022-12-31,United States,LivaNova PLC,Health Care,496393511,50390165,1.7%,1.7,,Ownership,LIVN
2022-12-31,United States,Medtronic PLC,Health Care,10220538625,1037512803,1%,1.0,,Market Value,MDT
2022-12-31,United States,Merck & Co Inc,Health Care,26295490764,2669321974,0.95%,0.95,,Market Value,MRK
2022-12-31,United States,Moderna Inc,Health Care,6049585252,614108745,0.89%,0.89,,Market Value,MRNA
2022-12-31,United States,Molina Healthcare Inc,Health Care,2072198265,210354103,1.09%,1.09,,Both,MOH
2022-12-31,United States,Natera Inc,Health Care,1100256148,111689793,2.52%,2.52,,Ownership,NTRA
2022-12-31,United States,Neogen Corp,Health Care,2760703460,280246012,8.51%,8.51,,Both,NEOG
2022-12-31,United States,NeoGenomics Inc,Health Care,128953898,13090437,1.12%,1.12,,Ownership,NEO
2022-12-31,United States,Nevro Corp,Health Care,494572954,50205355,3.58%,3.58,,Ownership,
2022-12-31,United States,NuVasive Inc,Health Care,324063711,32896529,1.53%,1.53,,Ownership,
2022-12-31,United States,Penumbra Inc,Health Care,975751227,99050982,1.17%,1.17,,Ownership,PEN
2022-12-31,United States,PerkinElmer Inc,Health Care,1840793542,186863622,1.06%,1.06,,Both,
2022-12-31,United States,Pfizer Inc,Health Care,30353287436,3081239208,1.07%,1.07,,Both,PFE
2022-12-31,United States,Prestige Consumer Healthcare Inc,Health Care,348093799,35335885,1.14%,1.14,,Ownership,PBH
2022-12-31,United States,Quest Diagnostics Inc,Health Care,1509103567,153192931,0.86%,0.86,,Market Value,DGX
2022-12-31,United States,Recursion Pharmaceuticals Inc,Health Care,332006512,33702823,1.68%,2.31,,Ownership,RXRX
2022-12-31,United States,Regeneron Pharmaceuticals Inc,Health Care,6693406272,679464650,0.75%,0.86,,Market Value,REGN
2022-12-31,United States,Relay Therapeutics Inc,Health Care,263194542,26717546,1.48%,1.48,,Ownership,RLAY
2022-12-31,United States,ResMed Inc,Health Care,2814760323,285733461,0.94%,0.94,,Market Value,RMD
2022-12-31,United States,Seagen Inc,Health Care,2727856934,276911677,1.16%,1.16,,Both,
2022-12-31,United States,Shockwave Medical Inc,Health Care,1111278986,112808749,1.52%,1.52,,Ownership,
2022-12-31,United States,STERIS PLC,Health Care,1473098368,149537952,0.81%,0.81,,Market Value,STE
2022-12-31,United States,Stryker Corp,Health Care,7444285180,755688273,0.82%,0.82,,Market Value,SYK
2022-12-31,United States,Tenet Healthcare Corp,Health Care,646028630,65580005,1.24%,1.24,,Ownership,THC
2022-12-31,United States,Thermo Fisher Scientific Inc,Health Care,30249739959,3070727841,1.42%,1.42,,Both,TMO
2022-12-31,United States,uniQure NV,Health Care,172738359,17535109,1.65%,1.65,,Ownership,QURE
2022-12-31,United States,UnitedHealth Group Inc,Health Care,50465017136,5122831909,1.03%,1.03,,Market Value,UNH
2022-12-31,United States,Veeva Systems Inc,Health Care,2584363541,262345299,0.56%,1.04,,Market Value,VEEV
2022-12-31,United States,Vertex Pharmaceuticals Inc,Health Care,6880313821,698438110,0.94%,0.94,,Market Value,VRTX
2022-12-31,United States,West Pharmaceutical Services Inc,Health Care,2296943296,233168541,1.34%,1.34,,Both,WST
2022-12-31,United States,Zimmer Biomet Holdings Inc,Health Care,2217852983,225139883,0.84%,0.84,,Market Value,ZBH
2022-12-31,United States,Zimvie Inc,Health Care,25593316,2598042,1.07%,1.07,,Ownership,
2022-12-31,United States,Zoetis Inc,Health Care,7184955730,729363083,1.07%,1.07,,Both,ZTS
2022-12-31,United States,3M Co,Industrials,3489198498,354197391,0.53%,0.53,,Market Value,MMM
2022-12-31,United States,Accenture PLC,Industrials,17833940177,1810368508,1.03%,1.03,,Market Value,ACN
2022-12-31,United States,AECOM,Industrials,2112322223,214427187,1.82%,1.82,,Both,ACM
2022-12-31,United States,Allison Transmission Holdings Inc,Industrials,490701353,49812339,1.29%,1.29,,Ownership,ALSN
2022-12-31,United States,American Express Co,Industrials,8770217042,890286980,0.81%,0.81,,Market Value,AXP
2022-12-31,United States,AMETEK Inc,Industrials,4948400593,502324697,1.57%,1.57,,Both,AME
2022-12-31,United States,Apogee Enterprises Inc,Industrials,133376667,13539404,1.37%,1.37,,Ownership,APOG
2022-12-31,United States,Applied Industrial Technologies Inc,Industrials,557198587,56562642,1.16%,1.16,,Ownership,AIT
2022-12-31,United States,ATI Inc,Industrials,495856576,50335659,1.3%,1.3,,Ownership,ATI
2022-12-31,United States,Atkore Inc,Industrials,590134619,59906062,1.33%,1.33,,Ownership,ATKR
2022-12-31,United States,Atlas Air Worldwide Holdings Inc,Industrials,326969711,33191525,1.16%,1.16,,Ownership,
2022-12-31,United States,Automatic Data Processing Inc,Industrials,5000251838,507588249,0.51%,0.51,,Market Value,ADP
2022-12-31,United States,AZZ Inc,Industrials,137132392,13920657,1.39%,1.39,,Ownership,AZZ
2022-12-31,United States,Block Inc,Industrials,3487705247,354045807,0.49%,0.94,,Market Value,SQ
2022-12-31,United States,Bloom Energy Corp,Industrials,1012934618,102825563,1.59%,2.76,,Ownership,BE
2022-12-31,United States,Bread Financial Holdings Inc,Industrials,339252064,34438338,1.83%,1.83,,Ownership,BFH
2022-12-31,United States,Capital One Financial Corp,Industrials,3054020950,310021414,0.87%,0.87,,Market Value,COF
2022-12-31,United States,Carlisle Cos Inc,Industrials,2359577306,239526678,1.97%,1.97,,Both,CSL
2022-12-31,United States,Carrier Global Corp,Industrials,2850517511,289363264,0.84%,0.84,,Market Value,CARR
2022-12-31,United States,Caterpillar Inc,Industrials,11284235341,1145491355,0.92%,0.92,,Market Value,CAT
2022-12-31,United States,Cintas Corp,Industrials,3644109948,369922845,0.81%,0.81,,Market Value,CTAS
2022-12-31,United States,Comfort Systems USA Inc,Industrials,487528641,49490269,1.2%,1.2,,Ownership,FIX
2022-12-31,United States,Core & Main Inc,Industrials,1064139117,108023461,2.27%,2.27,,Ownership,CNM
2022-12-31,United States,Crown Holdings Inc,Industrials,1575903884,159974001,1.62%,1.62,,Ownership,CCK
2022-12-31,United States,CS Disco Inc,Industrials,110462198,11213298,3.01%,3.01,,Ownership,LAW
2022-12-31,United States,CSX Corp,Industrials,5967648724,605791161,0.93%,0.93,,Market Value,CSX
2022-12-31,United States,Cummins Inc,Industrials,2799173177,284151170,0.83%,0.83,,Market Value,CMI
2022-12-31,United States,Deere & Co,Industrials,12786029321,1297942272,1.02%,1.02,,Market Value,DE
2022-12-31,United States,Eagle Materials Inc,Industrials,595273789,60427752,1.23%,1.23,,Ownership,EXP
2022-12-31,United States,Eaton Corp PLC,Industrials,7714177252,783085702,1.25%,1.25,,Both,ETN
2022-12-31,United States,Emerson Electric Co,Industrials,6789174363,689186312,1.23%,1.23,,Both,EMR
2022-12-31,United States,Enerpac Tool Group Corp,Industrials,207648860,21078963,1.45%,1.45,,Ownership,EPAC
2022-12-31,United States,Equifax Inc,Industrials,2211019029,224446151,0.94%,0.94,,Market Value,EFX
2022-12-31,United States,Evo Payments Inc,Industrials,218349385,22165200,1.26%,1.26,,Ownership,
2022-12-31,United States,ExlService Holdings Inc,Industrials,655654848,66557187,1.19%,1.19,,Ownership,EXLS
2022-12-31,United States,FedEx Corp,Industrials,3732879437,378934061,0.87%,0.87,,Market Value,FDX
2022-12-31,United States,Fidelity National Information Services Inc,Industrials,3748601776,380530076,0.95%,0.95,,Market Value,FIS
2022-12-31,United States,Fiserv Inc,Industrials,5378740091,546009551,0.85%,0.85,,Market Value,FI
2022-12-31,United States,Forward Air Corp,Industrials,328514173,33348307,1.2%,1.2,,Ownership,FWRD
2022-12-31,United States,General Dynamics Corp,Industrials,5840416239,592875468,0.87%,0.87,,Market Value,GD
2022-12-31,United States,General Electric Co,Industrials,6041752678,613313641,0.67%,0.67,,Market Value,GE
2022-12-31,United States,Global Payments Inc,Industrials,2510233390,254820159,0.95%,0.95,,Market Value,GPN
2022-12-31,United States,Granite Construction Inc,Industrials,299552017,30408285,1.98%,1.98,,Ownership,GVA
2022-12-31,United States,Graphic Packaging Holding Co,Industrials,2132069901,216431824,3.17%,3.17,,Both,GPK
2022-12-31,United States,HB Fuller Co,Industrials,577197197,58592752,1.53%,1.53,,Ownership,
2022-12-31,United States,Hyzon Motors Inc,Industrials,99248825,10075000,2.62%,2.62,,Ownership,
2022-12-31,United States,IDEX Corp,Industrials,2191789512,222494114,1.29%,1.29,,Both,IEX
2022-12-31,United States,Illinois Tool Works Inc,Industrials,6817785830,692090735,1.02%,1.02,,Market Value,ITW
2022-12-31,United States,John Bean Technologies Corp,Industrials,368026141,37359267,1.28%,1.28,,Ownership,
2022-12-31,United States,Johnson Controls International plc,Industrials,4031596618,409257600,0.93%,0.93,,Market Value,JCI
2022-12-31,United States,Keysight Technologies Inc,Industrials,2538722538,257712165,0.84%,0.84,,Market Value,KEYS
2022-12-31,United States,Korn Ferry,Industrials,345097003,35031672,1.31%,1.31,,Ownership,KFY
2022-12-31,United States,L3Harris Technologies Inc,Industrials,3279374253,332897600,0.84%,0.84,,Market Value,LHX
2022-12-31,United States,Lincoln Electric Holdings Inc,Industrials,952963958,96737789,1.16%,1.16,,Ownership,LECO
2022-12-31,United States,Lindsay Corp,Industrials,207973071,21111874,1.18%,1.18,,Ownership,LNN
2022-12-31,United States,Masterbrand Inc,Industrials,131995261,13399174,1.39%,1.39,,Ownership,MBC
2022-12-31,United States,Mastercard Inc,Industrials,31968118846,3245164841,0.98%,0.97,,Market Value,MA
2022-12-31,United States,Mettler-Toledo International Inc,Industrials,4147359602,421008994,1.31%,1.31,,Both,MTD
2022-12-31,United States,MKS Instruments Inc,Industrials,732519329,74359895,1.32%,1.32,,Ownership,
2022-12-31,United States,Nikola Corp,Industrials,714549785,72535761,6.55%,6.55,,Ownership,
2022-12-31,United States,Nordson Corp,Industrials,1734546871,176078253,1.3%,1.3,,Ownership,NDSN
2022-12-31,United States,Norfolk Southern Corp,Industrials,5156120433,523410865,0.92%,0.92,,Market Value,NSC
2022-12-31,United States,Old Dominion Freight Line Inc,Industrials,2910879371,295490749,0.94%,0.94,,Market Value,ODFL
2022-12-31,United States,Otis Worldwide Corp,Industrials,3568554067,362252976,1.11%,1.11,,Market Value,OTIS
2022-12-31,United States,Owens Corning,Industrials,1096839331,111342943,1.4%,1.4,,Ownership,OC
2022-12-31,United States,PACCAR Inc,Industrials,3111860385,315892842,0.92%,0.92,,Market Value,PCAR
2022-12-31,United States,Pagseguro Digital Ltd,Industrials,691609542,70207039,0.54%,2.44,,Ownership,PAGS
2022-12-31,United States,Parker-Hannifin Corp,Industrials,5028816441,510487914,1.37%,1.37,,Both,PH
2022-12-31,United States,PayPal Holdings Inc,Industrials,10140484617,1029386318,1.27%,1.27,,Both,PYPL
2022-12-31,United States,PPG Industries Inc,Industrials,3064777381,311113327,1.05%,1.05,,Market Value,PPG
2022-12-31,United States,Raytheon Technologies Corp,Industrials,15221880986,1545211754,1.04%,1.04,,Market Value,^RTX
2022-12-31,United States,Ryder System Inc,Industrials,609850645,61907486,1.47%,1.47,,Ownership,R
2022-12-31,United States,Sherwin-Williams Co/The,Industrials,4775572343,484780463,0.79%,0.79,,Market Value,SHW
2022-12-31,United States,Tennant Co,Industrials,137580735,13966169,1.22%,1.22,,Ownership,TNC
2022-12-31,United States,Tetra Tech Inc,Industrials,1304939571,132467726,1.72%,1.72,,Ownership,TTEK
2022-12-31,United States,TopBuild Corp,Industrials,692505286,70297968,1.41%,1.41,,Ownership,
2022-12-31,United States,Trane Technologies PLC,Industrials,5145543301,522337154,1.35%,1.35,,Both,TT
2022-12-31,United States,Trimble Inc,Industrials,1576037993,159987615,1.28%,1.28,,Ownership,TRMB
2022-12-31,United States,Union Pacific Corp,Industrials,12275468243,1246113922,0.98%,0.98,,Market Value,UNP
2022-12-31,United States,United Parcel Service Inc,Industrials,12068581928,1225112367,0.34%,0.81,,Market Value,UPS
2022-12-31,United States,United Rentals Inc,Industrials,5743921237,583080016,2.37%,2.37,,Both,URI
2022-12-31,United States,US Xpress Enterprises Inc,Industrials,15169903,1539935,0.74%,1.65,,Ownership,
2022-12-31,United States,Verisk Analytics Inc,Industrials,2582622762,262168588,0.95%,0.95,,Market Value,VRSK
2022-12-31,United States,Visa Inc,Industrials,29677973882,3012686416,0.89%,0.77,,Market Value,V
2022-12-31,United States,Vulcan Materials Co,Industrials,2086575590,211813581,0.91%,0.91,,Market Value,VMC
2022-12-31,United States,Waters Corp,Industrials,2080668431,211213931,1.04%,1.04,,Market Value,WAT
2022-12-31,United States,Westrock Co,Industrials,1897440902,192614039,2.15%,2.15,,Ownership,
2022-12-31,United States,WW Grainger Inc,Industrials,2490240139,252790594,0.9%,0.9,,Market Value,GWW
2022-12-31,United States,Alexandria Real Estate Equities Inc,Real Estate,22376357539,2271480818,9.5%,9.5,,Both,ARE
2022-12-31,United States,American Homes 4 Rent,Real Estate,6100088839,619235493,5.34%,5.81,,Both,AMH
2022-12-31,United States,American Tower Corp,Real Estate,9705212035,985200694,1%,1.0,,Market Value,AMT
2022-12-31,United States,Americold Realty Trust Inc,Real Estate,4348745735,441452211,5.79%,5.79,,Both,COLD
2022-12-31,United States,AvalonBay Communities Inc,Real Estate,9813438502,996187037,4.41%,4.41,,Both,AVB
2022-12-31,United States,Boston Properties Inc,Real Estate,8426831662,855429059,8.08%,8.08,,Both,
2022-12-31,United States,Camden Property Trust,Real Estate,3289352916,333910559,2.8%,2.8,,Both,CPT
2022-12-31,United States,Crown Castle Inc,Real Estate,6211952317,630591038,1.07%,1.07,,Market Value,CCI
2022-12-31,United States,CubeSmart,Real Estate,2893919729,293769133,3.25%,3.25,,Ownership,CUBE
2022-12-31,United States,Digital Realty Trust Inc,Real Estate,4292266619,435718873,1.51%,1.48,,Market Value,DLR
2022-12-31,United States,Douglas Emmett Inc,Real Estate,1127906612,114496661,4.15%,4.15,,Ownership,DEI
2022-12-31,United States,Equinix Inc,Real Estate,7008400647,711440529,1.17%,1.17,,Market Value,EQIX
2022-12-31,United States,Equity Residential,Real Estate,17900743172,1817149850,8.15%,8.15,,Both,EQR
2022-12-31,United States,Essex Property Trust Inc,Real Estate,4662839546,473336671,3.45%,3.45,,Both,ESS
2022-12-31,United States,Extra Space Storage Inc,Real Estate,3707384744,376346030,1.91%,1.91,,Market Value,EXR
2022-12-31,United States,Federal Realty Investment Trust,Real Estate,7160191717,726849225,8.86%,8.86,,Both,FRT
2022-12-31,United States,Healthpeak Properties Inc,Real Estate,3777658970,383479745,2.85%,2.85,,Both,DOC
2022-12-31,United States,Host Hotels & Resorts Inc,Real Estate,4014167697,407488346,3.55%,3.55,,Both,HST
2022-12-31,United States,Hudson Pacific Properties Inc,Real Estate,997330941,101241594,7.38%,7.38,,Ownership,HPP-PC
2022-12-31,United States,Invitation Homes Inc,Real Estate,11061349379,1122865636,6.2%,6.2,,Both,INVH
2022-12-31,United States,JBG SMITH Properties,Real Estate,1778313686,180521134,8.36%,8.36,,Ownership,JBGS
2022-12-31,United States,Kilroy Realty Corp,Real Estate,3450160434,350234538,7.75%,7.75,,Both,KRC
2022-12-31,United States,Life Storage Inc,Real Estate,2913453558,295752061,3.53%,3.53,,Ownership,
2022-12-31,United States,Mid-America Apartment Communities Inc,Real Estate,5307151639,538742426,2.97%,2.97,,Both,MAA
2022-12-31,United States,Outfront Media Inc,Real Estate,655857442,66577753,2.45%,2.45,,Ownership,OUT
2022-12-31,United States,Paramount Group Inc,Real Estate,1075403483,109166936,8.36%,8.36,,Ownership,
2022-12-31,United States,PotlatchDeltic Corp,Real Estate,1275381712,129467233,3.64%,3.64,,Ownership,PCH
2022-12-31,United States,Prologis Inc,Real Estate,9417909152,956035849,0.92%,0.92,,Market Value,PLD
2022-12-31,United States,Public Storage,Real Estate,6503949678,660232431,1.34%,1.34,,Market Value,PSA
2022-12-31,United States,Rayonier Inc,Real Estate,3705329307,376137378,7.79%,7.79,,Both,RYN
2022-12-31,United States,Regency Centers Corp,Real Estate,9936333672,1008662437,9.42%,9.42,,Both,REG
2022-12-31,United States,Rexford Industrial Realty Inc,Real Estate,2790974932,283318946,2.65%,2.65,,Ownership,REXR
2022-12-31,United States,Simon Property Group Inc,Real Estate,7868874381,798789400,2.08%,2.08,,Both,SPG
2022-12-31,United States,Sun Communities Inc,Real Estate,3215537581,326417377,1.84%,1.84,,Market Value,SUI
2022-12-31,United States,UDR Inc,Real Estate,8970653751,910633819,7.22%,7.22,,Both,UDR
2022-12-31,United States,VICI Properties Inc,Real Estate,3196379768,324472619,1%,1.0,,Market Value,VICI
2022-12-31,United States,Vornado Realty Trust,Real Estate,3698599806,375454249,9.41%,9.41,,Both,VNO
2022-12-31,United States,Welltower Inc,Real Estate,10810479158,1097399163,3.54%,3.54,,Both,WELL
2022-12-31,United States,Weyerhaeuser Co,Real Estate,4725196553,479666689,2.1%,2.1,,Both,WY
2022-12-31,United States,Adobe Inc,Technology,17083408625,1734180147,1.11%,1.11,,Both,ADBE
2022-12-31,United States,Advanced Micro Devices Inc,Technology,12288689207,1247456015,1.19%,1.19,,Both,AMD
2022-12-31,United States,Alphabet Inc,Technology,110219247373,11188635405,0.63%,0.98,,Market Value,GOOGL
2022-12-31,United States,Amphenol Corp,Technology,6336552829,643239552,1.42%,1.42,,Both,APH
2022-12-31,United States,Analog Devices Inc,Technology,10048435781,1020042207,1.22%,1.22,,Both,ADI
2022-12-31,United States,ANSYS Inc,Technology,1622448954,164698909,0.78%,0.78,,Market Value,
2022-12-31,United States,Apple Inc,Technology,209673606653,21284499711,1.03%,1.03,,Market Value,AAPL
2022-12-31,United States,Applied Materials Inc,Technology,8969294066,910495794,1.11%,1.11,,Both,AMAT
2022-12-31,United States,Autodesk Inc,Technology,4144966086,420766022,1.04%,1.04,,Market Value,ADSK
2022-12-31,United States,Broadcom Inc,Technology,21385810749,2170927901,0.93%,0.93,,Market Value,AVGO
2022-12-31,United States,Cadence Design Systems Inc,Technology,7660306211,777617116,1.76%,1.76,,Both,CDNS
2022-12-31,United States,Cerence Inc,Technology,119371581,12117712,1.63%,1.63,,Ownership,CRNC
2022-12-31,United States,Check Point Software Technologies Ltd,Technology,1933193674,196243394,1.24%,1.24,,Both,CHKP
2022-12-31,United States,Clarivate PLC,Technology,630492434,64002886,1.14%,1.14,,Ownership,CLVT
2022-12-31,United States,Cognizant Technology Solutions Corp,Technology,3618630340,367336346,1.25%,1.25,,Both,CTSH
2022-12-31,United States,Corning Inc,Technology,2321381211,235649296,0.87%,0.87,,Market Value,GLW
2022-12-31,United States,Coupa Software Inc,Technology,1126791564,114383470,1.9%,1.9,,Ownership,
2022-12-31,United States,Crowdstrike Holdings Inc,Technology,2374229648,241014074,0.57%,0.97,,Market Value,CRWD
2022-12-31,United States,CyberArk Software Ltd,Technology,613855888,62314068,1.18%,1.18,,Ownership,
2022-12-31,United States,Datadog Inc,Technology,2012158295,204259293,0.51%,0.88,,Market Value,DDOG
2022-12-31,United States,DXC Technology Co,Technology,683512187,69385056,1.14%,1.14,,Ownership,DXC
2022-12-31,United States,Entegris Inc,Technology,1984895313,201491759,2.06%,2.06,,Both,ENTG
2022-12-31,United States,EPAM Systems Inc,Technology,1744129867,177051047,0.94%,0.94,,Market Value,EPAM
2022-12-31,United States,Five9 Inc,Technology,545384631,55363377,1.16%,1.16,,Ownership,FIVN
2022-12-31,United States,Fortinet Inc,Technology,3009115619,305462960,0.8%,0.8,,Market Value,FTNT
2022-12-31,United States,Gartner Inc,Technology,2536606472,257497358,0.97%,0.97,,Market Value,IT
2022-12-31,United States,Gitlab Inc,Technology,759798602,77129084,0.25%,1.13,,Ownership,GTLB
2022-12-31,United States,Innovid Corp,Technology,33789386,3430046,1.5%,1.5,,Ownership,
2022-12-31,United States,Intel Corp,Technology,10512525858,1067153168,0.98%,0.98,,Market Value,INTC
2022-12-31,United States,International Business Machines Corp,Technology,8331881480,845790425,0.66%,0.66,,Market Value,IBM
2022-12-31,United States,Intuit Inc,Technology,11397799130,1157019504,1.06%,1.06,,Market Value,INTU
2022-12-31,United States,Jabil Inc,Technology,1011259593,102655527,1.13%,1.13,,Ownership,JBL
2022-12-31,United States,KBR Inc,Technology,833005683,84560520,1.17%,1.17,,Ownership,KBR
2022-12-31,United States,KLA Corp,Technology,5684873086,577085888,1.08%,1.08,,Market Value,KLAC
2022-12-31,United States,Lam Research Corp,Technology,6082997987,617500557,1.08%,1.08,,Market Value,LRCX
2022-12-31,United States,Leidos Holdings Inc,Technology,1612177028,163656180,1.14%,1.14,,Ownership,LDOS
2022-12-31,United States,Limeade Inc,Technology,15940627,1618173,3.02%,3.02,,Ownership,
2022-12-31,United States,LiveRamp Holdings Inc,Technology,211928003,21513349,1.38%,1.38,,Ownership,RAMP
2022-12-31,United States,Manhattan Associates Inc,Technology,840773551,85349056,1.13%,1.13,,Ownership,MANH
2022-12-31,United States,Marvell Technology Inc,Technology,1788771283,181582711,0.57%,0.57,,Market Value,MRVL
2022-12-31,United States,MediaAlpha Inc,Technology,156827920,15920000,2.57%,2.57,,Ownership,MAX
2022-12-31,United States,Meta Platforms Inc,Technology,41104080721,4172579507,0.59%,1.32,,Both,META
2022-12-31,United States,Microchip Technology Inc,Technology,4102255957,416430409,1.08%,1.08,,Market Value,MCHP
2022-12-31,United States,Micron Technology Inc,Technology,5735319916,582206874,1.07%,1.07,,Market Value,MU
2022-12-31,United States,Microsoft Corp,Technology,199878236994,20290146888,1.13%,1.13,,Both,MSFT
2022-12-31,United States,Mobileye Global Inc,Technology,4167601800,423063831,0.16%,1.5,,Both,MBLY
2022-12-31,United States,Momentive Global Inc,Technology,185528188,18833437,1.81%,1.81,,Ownership,
2022-12-31,United States,MongoDB Inc,Technology,1566503586,159019753,1.17%,1.17,,Ownership,MDB
2022-12-31,United States,NVIDIA Corp,Technology,38100174561,3867645372,1.08%,1.08,,Market Value,NVDA
2022-12-31,United States,NXP Semiconductors NV,Technology,3120802007,316800529,0.77%,0.77,,Market Value,NXPI
2022-12-31,United States,ON Semiconductor Corp,Technology,2991202368,303644540,1.13%,1.13,,Both,ON
2022-12-31,United States,Oracle Corp,Technology,13595239880,1380087289,0.63%,0.63,,Market Value,ORCL
2022-12-31,United States,Palo Alto Networks Inc,Technology,7325728784,743653313,1.76%,1.76,,Both,PANW
2022-12-31,United States,Perficient Inc,Technology,263298129,26728061,1.11%,1.11,,Ownership,
2022-12-31,United States,Plexus Corp,Technology,323664225,32855977,1.15%,1.15,,Ownership,PLXS
2022-12-31,United States,Pure Storage Inc,Technology,916121299,92997797,1.15%,1.15,,Ownership,
2022-12-31,United States,QUALCOMM Inc,Technology,14223576905,1443871374,1.17%,1.17,,Both,QCOM
2022-12-31,United States,Rogers Corp,Technology,1947204871,197665706,8.8%,8.8,,Both,ROG
2022-12-31,United States,Roper Technologies Inc,Technology,4798633054,487121414,1.06%,1.06,,Market Value,ROP
2022-12-31,United States,Salesforce Inc,Technology,13837551718,1404684978,1.06%,1.06,,Market Value,CRM
2022-12-31,United States,ServiceNow Inc,Technology,8591541354,872149158,1.11%,1.11,,Both,NOW
2022-12-31,United States,Shutterstock Inc,Technology,211168679,21436268,1.14%,1.14,,Ownership,SSTK
2022-12-31,United States,Silvair Inc,Technology,3211611,326019,1.34%,1.74,,Ownership,
2022-12-31,United States,Snowflake Inc,Technology,4846796643,492010623,1.07%,1.07,,Market Value,SNOW
2022-12-31,United States,Stratasys Ltd,Technology,86296840,8760211,1.12%,1.12,,Ownership,SSYS
2022-12-31,United States,Synopsys Inc,Technology,8694183736,882568646,1.81%,1.81,,Both,SNPS
2022-12-31,United States,TE Connectivity Ltd,Technology,5667795941,575352344,1.58%,1.58,,Both,
2022-12-31,United States,Teradata Corp,Technology,410088655,41629140,1.21%,1.21,,Ownership,TDC
2022-12-31,United States,Texas Instruments Inc,Technology,15057700605,1528545387,1.02%,1.02,,Market Value,TXN
2022-12-31,United States,Tyler Technologies Inc,Technology,1612660807,163705290,1.22%,1.22,,Both,TYL
2022-12-31,United States,Unity Software Inc,Technology,1537278075,156052997,1.35%,1.35,,Ownership,U
2022-12-31,United States,VeriSign Inc,Technology,1944497370,197390861,0.91%,0.91,,Market Value,VRSN
2022-12-31,United States,Vimeo Inc,Technology,72758750,7385925,1.37%,1.29,,Ownership,
2022-12-31,United States,Vishay Intertechnology Inc,Technology,331925977,33694648,0.62%,1.1,,Ownership,VSH
2022-12-31,United States,VMware Inc,Technology,1776716430,180358992,0.35%,0.35,,Market Value,
2022-12-31,United States,Wolfspeed Inc,Technology,2233409610,226719075,2.64%,2.64,,Both,WOLF
2022-12-31,United States,Workday Inc,Technology,6010115593,610102080,0.48%,1.42,,Both,WDAY
2022-12-31,United States,Yext Inc,Technology,129067747,13101994,1.64%,1.64,,Ownership,YEXT
2022-12-31,United States,8x8 Inc,Telecommunications,42500614,4314345,0.89%,0.89,,Ownership,EGHT
2022-12-31,United States,Altice USA Inc,Telecommunications,143873538,14604968,0.68%,0.7,,Both,
2022-12-31,United States,Arista Networks Inc,Telecommunications,2972905069,301787135,0.81%,0.81,,Both,ANET
2022-12-31,United States,AT&T Inc,Telecommunications,11803158193,1198168530,0.91%,0.91,,Both,T
2022-12-31,United States,Cable One Inc,Telecommunications,331573591,33658876,0.81%,0.81,,Both,CABO
2022-12-31,United States,Calix Inc,Telecommunications,336406173,34149444,0.76%,0.76,,Both,CALX
2022-12-31,United States,Charter Communications Inc,Telecommunications,1215221051,123360172,0.18%,0.2,,Market Value,CHTR
2022-12-31,United States,Ciena Corp,Telecommunications,1488083124,151059093,2%,2.0,,Both,CIEN
2022-12-31,United States,Cisco Systems Inc,Telecommunications,19554596988,1985036746,1.01%,1.01,,Both,CSCO
2022-12-31,United States,Cogent Communications Holdings Inc,Telecommunications,391797653,39772374,1.45%,1.45,,Both,CCOI
2022-12-31,United States,Comcast Corp,Telecommunications,17360990543,1762358191,0.76%,1.17,,Both,CMCSA
2022-12-31,United States,CommScope Holding Co Inc,Telecommunications,124872663,12676141,0.83%,0.83,,Both,
2022-12-31,United States,Extreme Networks Inc,Telecommunications,56095633,5694410,0.24%,0.24,,Market Value,EXTR
2022-12-31,United States,Frontier Communications Parent Inc,Telecommunications,536567127,54468290,0.87%,0.87,,Both,FYBR
2022-12-31,United States,InterDigital Inc,Telecommunications,142236700,14438808,0.98%,0.98,,Both,IDCC
2022-12-31,United States,Iridium Communications Inc,Telecommunications,581817662,59061787,0.91%,0.91,,Both,IRDM
2022-12-31,United States,Juniper Networks Inc,Telecommunications,918030655,93191621,0.9%,0.9,,Both,
2022-12-31,United States,Liberty Broadband Corp,Telecommunications,1317284806,133720922,0.74%,1.18,,Both,LBRDA
2022-12-31,United States,Liberty Global PLC,Telecommunications,1181532053,119940316,1.04%,1.37,,Both,
2022-12-31,United States,Liberty Latin America Ltd,Telecommunications,130725776,13270305,0.66%,0.8,,Both,LILA
2022-12-31,United States,Lumen Technologies Inc,Telecommunications,315815375,32059220,0.59%,0.59,,Both,LUMN
2022-12-31,United States,Lumentum Holdings Inc,Telecommunications,335330985,34040299,0.96%,0.96,,Both,LITE
2022-12-31,United States,Motorola Solutions Inc,Telecommunications,4540205628,460887791,1.07%,1.07,,Both,MSI
2022-12-31,United States,NETGEAR Inc,Telecommunications,24583742,2495558,0.48%,0.48,,Ownership,NTGR
2022-12-31,United States,Roku Inc,Telecommunications,308617449,31328540,0.26%,0.55,,Both,ROKU
2022-12-31,United States,Shenandoah Telecommunications Co,Telecommunications,64032767,6500129,0.82%,0.82,,Both,SHEN
2022-12-31,United States,T-Mobile US Inc,Telecommunications,27682931081,2810164560,1.61%,1.61,,Both,TMUS
2022-12-31,United States,Telephone and Data Systems Inc,Telecommunications,87043537,8836010,0.47%,0.74,,Both,TDS
2022-12-31,United States,Ubiquiti Inc,Telecommunications,85912842,8721231,0.05%,0.05,,Market Value,UI
2022-12-31,United States,Verizon Communications Inc,Telecommunications,17635038491,1790177494,1.08%,1.08,,Both,VZ
2022-12-31,United States,Viasat Inc,Telecommunications,234144908,23768644,0.99%,0.99,,Both,VSAT
2022-12-31,United States,Viavi Solutions Inc,Telecommunications,234174673,23771665,1%,1.0,,Both,VIAV
2022-12-31,United States,Xperi Inc,Telecommunications,36342266,3689196,1.02%,1.02,,Ownership,XPER
2022-12-31,United States,American States Water Co,Utilities,304897722,30950941,0.9%,0.9,,Ownership,AWR
2022-12-31,United States,American Water Works Co Inc,Utilities,2709697416,275068259,0.99%,0.99,,Both,AWK
2022-12-31,United States,Avista Corp,Utilities,300985118,30553763,0.93%,0.93,,Ownership,AVA
2022-12-31,United States,California Water Service Group,Utilities,309191159,31386779,0.94%,0.94,,Ownership,CWT
2022-12-31,United States,Casella Waste Systems Inc,Utilities,335976609,34105838,0.71%,0.83,,Ownership,CWST
2022-12-31,United States,CenterPoint Energy Inc,Utilities,830084198,84263953,0.45%,0.45,,Market Value,CNP
2022-12-31,United States,Clean Harbors Inc,Utilities,650302488,66013855,1.07%,1.07,,Both,CLH
2022-12-31,United States,CMS Energy Corp,Utilities,1091061727,110756444,0.6%,0.6,,Market Value,CMS
2022-12-31,United States,Consolidated Edison Inc,Utilities,3054900691,310110719,0.92%,0.92,,Both,ED
2022-12-31,United States,Constellation Energy Corp,Utilities,1323787669,134381044,0.48%,0.48,,Market Value,CEG
2022-12-31,United States,Dominion Energy Inc,Utilities,3152703721,320038953,0.63%,0.63,,Market Value,D
2022-12-31,United States,Edison International,Utilities,2139258192,217161526,0.89%,0.89,,Both,EIX
2022-12-31,United States,Entergy Corp,Utilities,636952854,64658700,0.28%,0.28,,Market Value,ETR
2022-12-31,United States,Essential Utilities Inc,Utilities,2034164055,206493153,1.65%,1.65,,Both,WTRG
2022-12-31,United States,Eversource Energy,Utilities,2634944162,267479866,0.92%,0.92,,Both,ES
2022-12-31,United States,Evoqua Water Technologies Corp,Utilities,375523138,38120306,0.79%,0.79,,Both,
2022-12-31,United States,Excelerate Energy Inc,Utilities,179347201,18205989,0.67%,0.67,,Ownership,EE
2022-12-31,United States,Exelon Corp,Utilities,2505231090,254312363,0.59%,0.59,,Market Value,EXC
2022-12-31,United States,Harsco Corp,Utilities,67305036,6832305,1.37%,1.37,,Ownership,
2022-12-31,United States,Hawaiian Electric Industries Inc,Utilities,328535110,33350432,0.73%,0.73,,Ownership,HE
2022-12-31,United States,National Fuel Gas Co,Utilities,528322607,53631368,0.93%,0.93,,Both,NFG
2022-12-31,United States,New Jersey Resources Corp,Utilities,386410432,39225503,0.82%,0.82,,Both,NJR
2022-12-31,United States,NextEra Energy Inc,Utilities,27088092446,2749780981,1.66%,1.66,,Both,NEE
2022-12-31,United States,Northwest Natural Holding Co,Utilities,153093828,15540943,0.93%,0.93,,Ownership,NWN
2022-12-31,United States,NorthWestern Corp,Utilities,347673672,35293236,1.03%,1.03,,Both,
2022-12-31,United States,ONE Gas Inc,Utilities,329655353,33464151,0.82%,0.82,,Ownership,OGS
2022-12-31,United States,Ormat Technologies Inc,Utilities,593950617,60293434,1.24%,1.24,,Both,ORA
2022-12-31,United States,PG&E Corp,Utilities,1758958069,178556296,0.55%,0.55,,Market Value,PCG
2022-12-31,United States,Pinnacle West Capital Corp,Utilities,1005398811,102060584,1.19%,1.19,,Both,PNW
2022-12-31,United States,PPL Corp,Utilities,448813856,45560233,0.21%,0.21,,Market Value,PPL
2022-12-31,United States,Public Service Enterprise Group Inc,Utilities,1322098232,134209545,0.44%,0.44,,Market Value,PEG
2022-12-31,United States,Republic Services Inc,Utilities,2479051892,251654846,0.62%,0.62,,Market Value,RSG
2022-12-31,United States,Sempra Energy,Utilities,9740531069,988786019,2.04%,2.04,,Both,
2022-12-31,United States,SJW Group,Utilities,195015090,19796477,0.8%,0.8,,Ownership,
2022-12-31,United States,South Jersey Industries Inc,Utilities,829345238,84188939,1.93%,1.93,,Both,
2022-12-31,United States,Southern Co/The,Utilities,4112059428,417425584,0.54%,0.54,,Market Value,SO
2022-12-31,United States,Southwest Gas Holdings Inc,Utilities,385923803,39176104,0.95%,0.95,,Both,SWX
2022-12-31,United States,Sunnova Energy International Inc,Utilities,140415942,14253978,0.69%,0.69,,Ownership,
2022-12-31,United States,Sunrun Inc,Utilities,360438884,36589065,0.71%,0.71,,Both,RUN
2022-12-31,United States,UGI Corp,Utilities,577569106,58630505,0.75%,0.75,,Both,UGI
2022-12-31,United States,Waste Management Inc,Utilities,6334152594,642995898,1%,1.0,,Both,WM
