Name,Country,Industry,mvUsd
1&1 AG,Germany,Telecommunications,14894857
10X Genomics Inc,United States,Health Care,32615513
11 bit studios SA,Poland,Consumer Discretionary,11927248
1Life Healthcare Inc,United States,Health Care,43201015
1st Source Corp,United States,Financials,6163059
29Metals Ltd,Australia,Basic Materials,4312770
2G Energy AG,Germany,Utilities,2953187
2U Inc,United States,Consumer Discretionary,9214712
2seventy bio Inc,United States,Health Care,9
360 DigiTech Inc,China,Financials,105298785
37 Interactive Entertainment Network Technology Group Co Ltd,China,Consumer Discretionary,11464113
3D Systems Corp,United States,Technology,6574671
3M Co,United States,Industrials,354197391
3M India Ltd,India,Industrials,21599883
3SBio Inc,China,Health Care,10634383
3i Group PLC,United Kingdom,Financials,442640427
4D Molecular Therapeutics Inc,United States,Health Care,6529740
4DMedical Ltd,Australia,Health Care,2485833
4imprint Group PLC,United Kingdom,Consumer Discretionary,14015759
5E Advanced Materials Inc,Australia,Basic Materials,199
7-Eleven Malaysia Holdings Bhd,Malaysia,Consumer Staples,3075864
77 Bank Ltd/The,Japan,Financials,6770260
7C Solarparken AG,Germany,Utilities,745118
888 Holdings PLC,United Kingdom,Consumer Discretionary,4945242
8x8 Inc,United States,Telecommunications,4314345
91APP Inc,Taiwan,Technology,6574547
A O Smith Corp,United States,Industrials,58846097
A-Living Smart City Services Co Ltd,China,Real Estate,437709
A-Mark Precious Metals Inc,United States,Consumer Discretionary,1861528
A10 Networks Inc,United States,Technology,3056594
A2A SpA,Italy,Utilities,16660334
A2B Australia Ltd,Australia,Financials,504
AAC Technologies Holdings Inc,Hong Kong,Technology,26330454
AAK AB,Sweden,Consumer Staples,53806747
AAON Inc,United States,Industrials,14215746
AAR Corp,United States,Industrials,14519582
AB Grigeo,Lithuania,Basic Materials,1731733
AB SA,Poland,Technology,4926044
AB Science SA,France,Health Care,533641
ABB India Ltd,India,Industrials,12734537
ABB Ltd,Switzerland,Industrials,1056815846
ABC arbitrage,France,Financials,232912
ABC-Mart Inc,Japan,Consumer Discretionary,32525031
ABLBio Inc,South Korea,Health Care,3983992
ABM Industries Inc,United States,Industrials,28697541
ABN AMRO Bank NV,Netherlands,Financials,80995179
ABSA Bank Kenya PLC,Kenya,Financials,6295707
ACADIA Pharmaceuticals Inc,United States,Health Care,31110164
ACCO Brands Corp,United States,Consumer Staples,4802688
ACEA SpA,Italy,Utilities,10452225
ACEN Corp,Philippines,Utilities,9927875
ACI Worldwide Inc,United States,Industrials,28082862
ACS Actividades de Construccion y Servicios SA,Spain,Industrials,135935204
ACSL LTD,Japan,Industrials,1358839
ADATA Technology Co Ltd,Taiwan,Technology,6261386
ADEKA Corp,Japan,Basic Materials,28945726
ADLER Group SA,Germany,Real Estate,2793018
ADMA Biologics Inc,United States,Health Care,6958004
ADT Inc,United States,Industrials,18754456
ADTRAN Holdings Inc,United States,Telecommunications,3197599
AECC Aviation Power Co Ltd,China,Industrials,26524548
AECOM,United States,Industrials,214427187
AEM Holdings Ltd,Singapore,Technology,13864872
AEON Credit Service M Bhd,Malaysia,Financials,3850822
AEON Financial Service Co Ltd,Japan,Financials,33192771
AEON REIT Investment Corp,Japan,Real Estate,30108444
AEON Thana Sinsap Thailand PCL,Thailand,Financials,70808042
AES Brasil Energia SA,Brazil,Utilities,1052964
AFRY AB,Sweden,Industrials,40696392
AG Barr PLC,United Kingdom,Consumer Staples,9909856
AGC Inc,Japan,Industrials,94495453
AGCO Corp,United States,Industrials,95106945
AGFA-Gevaert NV,Belgium,Industrials,11714557
AGNC Investment Corp,United States,Financials,54804223
AIA Engineering Ltd,India,Industrials,9949545
AIA Group Ltd,Hong Kong,Financials,2200671047
AIB Group PLC,Ireland,Financials,62886137
AIMS APAC REIT,Singapore,Real Estate,7541103
AIXTRON SE,Germany,Technology,137888355
AJ Bell PLC,United Kingdom,Financials,9828638
AK Medical Holdings Ltd,China,Health Care,10722032
AKR Corporindo Tbk PT,Indonesia,Energy,45803797
AKWEL,France,Consumer Discretionary,13868188
AL Yah Satellite Communications Co-Pjsc-Yah Sat,United Arab Emirates,Telecommunications,25347136
ALD SA,France,Consumer Discretionary,39575621
ALI Corp,Taiwan,Technology,494644
ALK-Abello A/S,Denmark,Health Care,46794133
ALS Ltd,Australia,Industrials,42334618
ALSO Holding AG,Switzerland,Technology,11875638
AMA Group Ltd,Australia,Consumer Discretionary,702703
AMAG Austria Metall AG,Austria,Basic Materials,2380444
AMC Entertainment Holdings Inc,United States,Consumer Discretionary,5091098
AMC Networks Inc,United States,Consumer Discretionary,4571519
AMERISAFE Inc,United States,Financials,763959
AMETEK Inc,United States,Industrials,502324697
AMG Advanced Metallurgical Group NV,Netherlands,Industrials,31890324
AMI Organics Ltd,India,Health Care,12742200
AMMB Holdings Bhd,Malaysia,Financials,49616467
AMN Healthcare Services Inc,United States,Industrials,49022417
AMOREPACIFIC Group,South Korea,Consumer Discretionary,7121261
AMP Ltd,Australia,Financials,34895013
ANA Holdings Inc,Japan,Consumer Discretionary,53752045
ANDRITZ AG,Austria,Industrials,113148363
ANSYS Inc,United States,Technology,164698909
ANTA Sports Products Ltd,China,Consumer Discretionary,378052367
ANZ Group Holdings Ltd,Australia,Financials,1158834795
AO World PLC,United Kingdom,Consumer Discretionary,3240888
AOI Electronics Co Ltd,Japan,Technology,481263
AOKI Holdings Inc,Japan,Consumer Discretionary,1571782
AP Memory Technology Corp,Taiwan,Technology,8068683
AP Moller - Maersk A/S,Denmark,Industrials,398810510
AP Thailand PCL,Thailand,Real Estate,1561074
APA Group,Australia,Energy,143794337
APAM Corp,South Korea,Consumer Discretionary,15583
APERAM SA,Netherlands,Basic Materials,4631817
APG SGA SA,Switzerland,Consumer Discretionary,6476206
API Group Corp,United States,Industrials,34299602
APL Apollo Tubes Ltd,India,Basic Materials,18080751
APM Human Services International ltd,Australia,Industrials,7040470
ARB Corp Ltd,Australia,Consumer Discretionary,22421455
ARCLANDS CORP,Japan,Consumer Discretionary,2421906
ARGAN SA,France,Real Estate,2079229
ARMOUR Residential REIT Inc,United States,Financials,5108510
ARTERIA Networks Corp,Japan,Telecommunications,2288262
ASAHI YUKIZAI CORP,Japan,Basic Materials,1959395
ASE Technology Holding Co Ltd,Taiwan,Technology,165750177
ASGN Inc,United States,Industrials,36859026
ASIA Holdings Co Ltd,South Korea,Industrials,879786
ASKA Pharmaceutical Holdings Co Ltd,Japan,Health Care,1916822
ASKUL Corp,Japan,Industrials,16957239
ASM International NV,Netherlands,Technology,817241759
ASML Holding NV,Netherlands,Technology,5287303192
ASMPT Ltd,Hong Kong,Technology,40961657
ASMedia Technology Inc,Taiwan,Technology,11444421
ASOS PLC,United Kingdom,Consumer Discretionary,6
ASPEED Technology Inc,Taiwan,Technology,38458054
ASR Nederland NV,Netherlands,Financials,288914401
ASROCK Inc,Taiwan,Technology,2457874
ASX Ltd,Australia,Financials,163920264
AT&S Austria Technologie & Systemtechnik AG,Austria,Technology,22025274
AT&T Inc,United States,Telecommunications,1198168530
ATA IMS Bhd,Malaysia,Industrials,5154
ATI Inc,United States,Industrials,50335659
ATRenew Inc,China,Consumer Discretionary,560747
ATS Corp,Canada,Industrials,27525329
AU Small Finance Bank Ltd,India,Financials,72615434
AUB Group Ltd,Australia,Financials,23335326
AUO Corp,Taiwan,Technology,17395608
AURAS Technology Co Ltd,Taiwan,Technology,3327358
AV Tech Corp/Taiwan,Taiwan,Industrials,619027
AVEVA Group PLC,United Kingdom,Technology,38076628
AVI Ltd,South Africa,Consumer Staples,6496911
AVZ Minerals Ltd,Australia,Basic Materials,4580633
AXA SA,France,Financials,2320600525
AZ-COM MARUWA Holdings Inc,Japan,Industrials,5068362
AZEK Co Inc/The,United States,Industrials,8358551
AZZ Inc,United States,Industrials,13920657
Aalberts NV,Netherlands,Industrials,141882736
Aareal Bank AG,Germany,Financials,47635380
Aarti Industries Ltd,India,Basic Materials,11841434
Aarti Pharmalabs Ltd,India,Basic Materials,2020636
Aavas Financiers Ltd,India,Financials,4608489
AbCellera Biologics Inc,Canada,Health Care,6551061
AbClon Inc,South Korea,Health Care,1116166
Abacus Property Group,Australia,Real Estate,11149868
AbbVie Inc,United States,Health Care,2965194746
Abbott Laboratories,United States,Health Care,1848753700
Abercrombie & Fitch Co,United States,Consumer Discretionary,10246154
Ability Enterprise Co Ltd,Taiwan,Consumer Discretionary,2140738
Abitare In SpA,Italy,Consumer Discretionary,5989368
Able C&C Co Ltd,South Korea,Consumer Discretionary,689471
Abou Kir Fertilizers & Chemical Industries,Egypt,Basic Materials,2749776
About You Holding SE,Germany,Consumer Discretionary,8892033
Absa Group Ltd,South Africa,Financials,262369947
Absolute Clean Energy PCL,Thailand,Utilities,8807293
Abu Dhabi Commercial Bank PJSC,United Arab Emirates,Financials,163233198
Abu Dhabi Islamic Bank PJSC,United Arab Emirates,Financials,69439904
Abu Dhabi National Oil Co for Distribution PJSC,United Arab Emirates,Energy,22588800
Abu Dhabi Ports Co PJSC,United Arab Emirates,Industrials,83232199
Academy Sports & Outdoors Inc,United States,Consumer Discretionary,34556504
Acadia Realty Trust,United States,Real Estate,12811852
Accelleron Industries AG,Switzerland,Industrials,53578168
Accent Group Ltd,Australia,Consumer Discretionary,4056062
Accenture PLC,United States,Industrials,1810368508
Acciona SA,Spain,Industrials,89629701
Accolade Inc,United States,Health Care,1211142
Accor SA,France,Consumer Discretionary,102887245
Accton Technology Corp,Taiwan,Telecommunications,77768068
Ace Hardware Indonesia Tbk PT,Indonesia,Consumer Discretionary,7673846
Ace Technologies Corp,South Korea,Telecommunications,1205358
Acer Inc,Taiwan,Technology,32697820
Acerinox SA,Spain,Basic Materials,49613104
Achilles Corp,Japan,Basic Materials,1361122
Ackermans & van Haaren NV,Belgium,Financials,97417252
Aclara Resources Inc,United Kingdom,Basic Materials,70397
Acom Co Ltd,Japan,Financials,13816133
Acrow Formwork and Construction Services Ltd,Australia,Basic Materials,3325058
Acter Group Corp Ltd,Taiwan,Industrials,5073009
Actia Group,France,Industrials,485502
Activia Properties Inc,Japan,Real Estate,34374673
Activision Blizzard Inc,United States,Consumer Discretionary,772526525
Actron Technology Corp,Taiwan,Consumer Discretionary,3255584
Acuity Brands Inc,United States,Industrials,56733680
Acushnet Holdings Corp,United States,Consumer Discretionary,16261288
Adairs Ltd,Australia,Consumer Discretionary,2024328
Adani Green Energy Ltd,India,Utilities,52673227
Adani Ports & Special Economic Zone Ltd,India,Industrials,63434653
Adani Total Gas Ltd,India,Industrials,83594914
AdaptHealth Corp,United States,Health Care,11057151
Adaptive Biotechnologies Corp,United States,Health Care,8252888
Adaro Minerals Indonesia Tbk PT,Indonesia,Energy,6910976
Adastria Co Ltd,Japan,Consumer Discretionary,5167549
Adbri Ltd,Australia,Industrials,5188923
AddLife AB,Sweden,Health Care,28809513
AddTech AB,Sweden,Industrials,69993509
Addnode Group AB,Sweden,Technology,8241632
Adecco Group AG,Switzerland,Industrials,146261005
Adeia Inc,United States,Technology,10154938
Adesso SE,Germany,Technology,10647387
Adi Sarana Armada Tbk PT,Indonesia,Consumer Discretionary,4114584
Adient PLC,United States,Consumer Discretionary,29589321
Adimmune Corp,Taiwan,Health Care,125093
Aditya Birla Capital Ltd,India,Financials,7104970
Aditya Birla Fashion and Retail Ltd,India,Consumer Discretionary,8702934
Aditya Birla Sun Life Asset Management Co Ltd,India,Financials,18396328
Adlink Technology Inc,Taiwan,Technology,264313
Admiral Group PLC,United Kingdom,Financials,177711021
Adobe Inc,United States,Technology,1734180147
Adrad Holdings Ltd,Australia,Industrials,1751453
Adris Grupa DD,Croatia,Consumer Staples,7207145
Adtalem Global Education Inc,United States,Consumer Discretionary,12885009
Advan Group Co Ltd,Japan,Industrials,1921128
Advance Auto Parts Inc,United States,Consumer Discretionary,94951092
Advance Logistics Investment Corp,Japan,Real Estate,7830142
Advance Residence Investment Corp,Japan,Real Estate,55295452
Advanced Ceramic X Corp,Taiwan,Technology,4085178
Advanced Drainage Systems Inc,United States,Industrials,40774173
Advanced Energy Industries Inc,United States,Technology,32189803
Advanced Energy Solution Holding Co Ltd,Taiwan,Industrials,4497893
Advanced Info Service PCL,Thailand,Telecommunications,65390822
Advanced International Multitech Co Ltd,Taiwan,Consumer Discretionary,6501787
Advanced Lithium Electrochemistry Cayman Co Ltd,Taiwan,Industrials,2382170
Advanced Micro Devices Inc,United States,Technology,1247456015
Advanced Nano Products Co Ltd,South Korea,Basic Materials,4215521
Advanced Process Systems Corp,South Korea,Technology,1368087
Advanced Wireless Semiconductor Co,Taiwan,Technology,3720056
Advantech Co Ltd,Taiwan,Technology,71438697
Advantest Corp,Japan,Technology,194858385
Adventure Inc,Japan,Consumer Discretionary,4487203
Advtech Ltd,South Africa,Consumer Discretionary,16790309
Adyen NV,Netherlands,Industrials,897908445
Aecon Group Inc,Canada,Industrials,3453261
Aedas Homes SA,Spain,Real Estate,8542110
Aedifica SA,Belgium,Real Estate,83830814
Aegean Airlines SA,Greece,Consumer Discretionary,3500367
Aegis Logistics Ltd,India,Energy,37488231
Aegon NV,Netherlands,Financials,266752095
Aekyung Industrial Co Ltd,South Korea,Consumer Staples,464725
Aena SME SA,Spain,Industrials,173774053
Aeon Co Ltd,Japan,Consumer Staples,163401203
Aeon Co M Bhd,Malaysia,Consumer Discretionary,5402465
Aeon Delight Co Ltd,Japan,Industrials,3773004
Aeon Fantasy Co Ltd,Japan,Consumer Discretionary,8762113
Aeon Hokkaido Corp,Japan,Consumer Discretionary,94053
Aeon Mall Co Ltd,Japan,Real Estate,16210416
AerCap Holdings NV,United States,Industrials,70546496
Aeris Industria E Comercio De Equipamentos Para Geracao De Energia SA,Brazil,Energy,154312
Aeris Resources Ltd,Australia,Basic Materials,7793368
AeroVironment Inc,United States,Industrials,797666
Aerometrex Ltd,Australia,Industrials,806619
Aeroports de Paris,France,Industrials,106201472
Aerospace Industrial Development Corp,Taiwan,Industrials,27316580
Affiliated Managers Group Inc,United States,Financials,74918695
Affimed NV,Germany,Health Care,812944
Affirm Holdings Inc,United States,Industrials,20432314
Affle India Ltd,India,Technology,5537495
Aflac Inc,United States,Financials,164833964
AfreecaTV Co Ltd,South Korea,Technology,5847630
African Rainbow Minerals Ltd,South Africa,Basic Materials,44709939
Afrimat Ltd,South Africa,Industrials,20231603
AfroCentric Investment Corp Ltd,South Africa,Health Care,4988957
Agabang&Company,South Korea,Consumer Discretionary,96011
Ageas SA/NV,Belgium,Financials,70228076
Agile Group Holdings Ltd,China,Real Estate,8231
Agilent Technologies Inc,United States,Health Care,382694408
Agility Public Warehousing Co KSC,Kuwait,Industrials,11881967
Agios Pharmaceuticals Inc,United States,Health Care,9926336
Agnico Eagle Mines Ltd,Canada,Basic Materials,280073808
Agora SA,Poland,Consumer Discretionary,1619328
Agrana Beteiligungs AG,Austria,Consumer Staples,3693066
Agree Realty Corp,United States,Real Estate,17776406
Agricultural Bank of China Ltd,China,Financials,120968902
Agthia Group PJSC,United Arab Emirates,Consumer Staples,35014052
Aguas Andinas SA,Chile,Utilities,6367342
Ahnlab Inc,South Korea,Technology,2613511
Ai Holdings Corp,Japan,Technology,4828448
Aica Kogyo Co Ltd,Japan,Industrials,16776203
Aichi Corp,Japan,Industrials,2032026
Aichi Financial Group Inc,Japan,Financials,3859622
Aichi Steel Corp,Japan,Basic Materials,1811541
Aida Engineering Ltd,Japan,Industrials,13972348
Aier Eye Hospital Group Co Ltd,China,Health Care,14525756
Aiful Corp,Japan,Financials,3560757
Ailleron SA,Poland,Technology,1406615
Ain Holdings Inc,Japan,Consumer Staples,34251922
Ainsworth Game Technology Ltd,Australia,Consumer Discretionary,2076
Aiphone Co Ltd,Japan,Industrials,1989795
Air Arabia PJSC,United Arab Emirates,Consumer Discretionary,27794304
Air Canada,Canada,Consumer Discretionary,25334836
Air China Ltd,China,Consumer Discretionary,35478486
Air France-KLM,France,Consumer Discretionary,38453461
Air Lease Corp,United States,Industrials,41845681
Air Liquide SA,France,Basic Materials,1851482534
Air New Zealand Ltd,New Zealand,Consumer Discretionary,16388973
Air Products and Chemicals Inc,United States,Basic Materials,945989521
Air Transport Services Group Inc,United States,Industrials,5560967
Air Water Inc,Japan,Basic Materials,32102913
AirAsia X Bhd,Malaysia,Consumer Discretionary,160318
Airbnb Inc,United States,Consumer Discretionary,339438249
Airport City Ltd,Israel,Real Estate,1028385
Airport Facilities Co Ltd,Japan,Real Estate,1185070
Airports Corp of Vietnam JSC,Vietnam,Industrials,7508355
Airports of Thailand PCL,Thailand,Industrials,60726108
Airtac International Group,Taiwan,Industrials,99865854
Airtech Japan Ltd,Japan,Industrials,226
Airtel Africa PLC,United Kingdom,Telecommunications,36283630
Airtrip Corp,Japan,Consumer Discretionary,2555915
Aisan Industry Co Ltd,Japan,Consumer Discretionary,38230
Aisin Corp,Japan,Consumer Discretionary,55276226
Aitken Spence Hotel Holdings PLC,Sri Lanka,Consumer Discretionary,172808
Aitken Spence PLC,Sri Lanka,Industrials,3754616
Ajanta Pharma Ltd,India,Health Care,4947607
Ajinomoto Co Inc,Japan,Consumer Staples,210543499
Akamai Technologies Inc,United States,Technology,74147245
Akatsuki Inc,Japan,Consumer Discretionary,3475294
Akbank TAS,Turkey,Financials,56918024
Akebono Brake Industry Co Ltd,Japan,Consumer Discretionary,87423
Akero Therapeutics Inc,United States,Health Care,9584520
Akeso Inc,China,Health Care,100045284
Akita Bank Ltd/The,Japan,Financials,2050083
Aksa Akrilik Kimya Sanayii AS,Turkey,Basic Materials,47665152
Aksa Enerji Uretim AS,Turkey,Utilities,3138439
Akzo Nobel NV,Netherlands,Basic Materials,349005165
Al Faleh Educational Holding Co,Qatar,Consumer Discretionary,1656745
Alamos Gold Inc,Canada,Basic Materials,41336242
Alantra Partners SA,Spain,Financials,1868842
Alarm.com Holdings Inc,United States,Technology,24722237
Alaska Air Group Inc,United States,Consumer Discretionary,30979535
Albany International Corp,United States,Industrials,32911412
Albemarle Corp,United States,Basic Materials,69758657
Albertsons Cos Inc,United States,Consumer Staples,109046440
Alchip Technologies Ltd,Taiwan,Technology,46119523
Alcoa Corp,United States,Basic Materials,128591797
Alcon Inc,Switzerland,Health Care,797402209
Alconix Corp,Japan,Basic Materials,2335025
Aldar Properties PJSC,United Arab Emirates,Real Estate,130777598
Alector Inc,United States,Health Care,5287904
Alembic Pharmaceuticals Ltd,India,Health Care,834676
Alerion Cleanpower SpA,Italy,Utilities,3706692
AlerisLife Inc,United States,Health Care,7506
Alexander & Baldwin Inc,United States,Real Estate,11959011
Alexander Forbes Group Holdings Ltd,South Africa,Financials,3906753
Alexander's Inc,United States,Real Estate,3030446
Alexandria Real Estate Equities Inc,United States,Real Estate,2271480818
Alfa Financial Software Holdings PLC,United Kingdom,Technology,2916858
Alfa Laval AB,Sweden,Industrials,192927351
Alfa SAB de CV,Mexico,Industrials,52717655
Alfen Beheer BV,Netherlands,Industrials,32420754
Alfresa Holdings Corp,Japan,Health Care,35392836
Algonquin Power & Utilities Corp,Canada,Utilities,107310885
Ali Alghanim Sons Automotive Co KSCC,Kuwait,Consumer Discretionary,10679921
Aliansce Sonae Shopping Centers sa,Brazil,Real Estate,34389489
Alibaba Group Holding Ltd,China,Consumer Discretionary,3231449203
Alibaba Health Information Technology Ltd,China,Consumer Staples,51284140
Alibaba Pictures Group Ltd,China,Consumer Discretionary,24696750
Alicorp SAA,Peru,Consumer Staples,4440560
Alight Inc,United States,Industrials,23010524
Align Technology Inc,United States,Health Care,146578031
Alignment Healthcare Inc,United States,Health Care,11601075
Alimentation Couche-Tard Inc,Canada,Consumer Discretionary,365487297
Alior Bank SA,Poland,Financials,5307883
Alkane Resources Ltd,Australia,Basic Materials,2214809
Alkem Laboratories Ltd,India,Health Care,39512841
Alkermes PLC,United States,Health Care,44357609
Alkyl Amines Chemicals,India,Basic Materials,7583251
AllDay Marts Inc,Philippines,Consumer Staples,2500148
AllHome Corp,Philippines,Consumer Discretionary,921152
Allegiant Travel Co,United States,Consumer Discretionary,2059485
Allegion plc,United States,Industrials,74460608
Allegro MicroSystems Inc,United States,Technology,19173774
Allegro.eu SA,Poland,Consumer Discretionary,64212675
Alleima AB,Sweden,Basic Materials,16569125
Allfunds Group Plc,Netherlands,Financials,92245962
Alliance Aviation Services Ltd,Australia,Consumer Discretionary,10235299
Alliance Bank Malaysia Bhd,Malaysia,Financials,14591520
Alliance Global Group Inc,Philippines,Industrials,1307350
Allianz Malaysia Bhd,Malaysia,Financials,4783862
Allianz SE,Germany,Financials,1866751514
Allied Properties Real Estate Investment Trust,Canada,Real Estate,23439129
Allied Supreme Corp,Taiwan,Basic Materials,25449816
Allison Transmission Holdings Inc,United States,Industrials,49812339
Allkem Ltd,Australia,Basic Materials,66587044
Allogene Therapeutics Inc,United States,Health Care,5560027
Allot Ltd,Israel,Technology,14273
Allreal Holding AG,Switzerland,Real Estate,60630772
Allscripts Healthcare Solutions Inc,United States,Technology,4251328
Allstate Corp/The,United States,Financials,182341320
Ally Financial Inc,United States,Financials,1721622
Alm Brand A/S,Denmark,Financials,13286725
Almawave SpA,Italy,Technology,2426286
Almendral SA,Chile,Utilities,6118756
Almirall SA,Spain,Health Care,14397843
Alnylam Pharmaceuticals Inc,United States,Health Care,241827412
Alok Industries Ltd,India,Basic Materials,601269
Alony Hetz Properties & Investments Ltd,Israel,Real Estate,1365118
Alpargatas SA,Brazil,Consumer Discretionary,11579041
Alpek SAB de CV,Mexico,Basic Materials,25901700
Alpen Co Ltd,Japan,Consumer Discretionary,4573701
Alpha Dhabi Holding PJSC,United Arab Emirates,Industrials,7373422
Alpha Metallurgical Resources Inc,United States,Energy,4781244
Alpha Networks Inc,Taiwan,Telecommunications,3316978
Alpha Services and Holdings SA,Greece,Financials,30174810
Alpha Systems Inc,Japan,Technology,1783805
AlphaPolis Co Ltd,Japan,Technology,4282410
Alphabet Inc,United States,Technology,11188635405
Alphamab Oncology,China,Health Care,8103165
Alphatec Holdings Inc,United States,Health Care,3823560
Alphawave IP Group PLC,United Kingdom,Technology,6531272
Alps Alpine Co Ltd,Japan,Technology,30445115
Alrosa PJSC,Russia,Basic Materials,2344341
Alsea SAB de CV,Mexico,Consumer Discretionary,58214861
Alstom SA,France,Industrials,68272012
AltaGas Ltd,Canada,Utilities,53352851
Altaba Inc,United States,Financials,12789233
Altair Engineering Inc,United States,Technology,10086565
Altarea SCA,France,Real Estate,8053067
Altek Corp,Taiwan,Consumer Discretionary,3335254
Alten SA,France,Technology,89120827
Alteogen Inc,South Korea,Health Care,12704927
Alteryx Inc,United States,Technology,5378114
Altice USA Inc,United States,Telecommunications,14604968
Altium Ltd,Australia,Technology,29050788
Altra Industrial Motion Corp,United States,Industrials,37177287
Altri SGPS SA,Portugal,Basic Materials,5472706
Altus SA,Poland,Financials,28004
Alumetal SA,Poland,Basic Materials,3241217
Alumina Ltd,Australia,Basic Materials,39328338
Aluminium Bahrain BSC,Bahrain,Basic Materials,100175107
Alupar Investimento SA,Brazil,Utilities,25532966
AmRest Holdings SE,Poland,Consumer Discretionary,9
AmTRAN Technology Co Ltd,Taiwan,Consumer Discretionary,3342640
Amada Co Ltd,Japan,Industrials,51295665
Amadeus Fire AG,Germany,Industrials,9697204
Amadeus IT Group SA,Spain,Technology,609184197
Amano Corp,Japan,Industrials,20574852
Amara Raja Batteries Ltd,India,Industrials,7891173
Amata Corp PCL,Thailand,Real Estate,4419844
Amazing Microelectronic Corp,Taiwan,Technology,1668357
Amazon.com Inc,United States,Consumer Discretionary,8141966448
Ambac Financial Group Inc,United States,Financials,5640096
Ambarella Inc,United States,Technology,28046844
Ambassador Hotel/The,Taiwan,Consumer Discretionary,3707016
Amber Enterprises India Ltd,India,Consumer Discretionary,3604946
Ambev SA,Brazil,Consumer Staples,55968479
Ambipar Participacoes e Empreendimentos S/A,Brazil,Utilities,3925198
Ambra SA,Poland,Consumer Staples,2423067
Ambu A/S,Denmark,Health Care,55944780
Amcor PLC,Australia,Industrials,273592773
Amdocs Ltd,United States,Technology,110253974
Amedisys Inc,United States,Health Care,26014189
Ameresco Inc,United States,Energy,6032727
America Movil SAB de CV,Mexico,Telecommunications,169648367
American Airlines Group Inc,United States,Consumer Discretionary,21558492
American Assets Trust Inc,United States,Real Estate,19847546
American Axle & Manufacturing Holdings Inc,United States,Consumer Discretionary,7125263
American Eagle Outfitters Inc,United States,Consumer Discretionary,16136713
American Equity Investment Life Holding Co,United States,Financials,35056871
American Express Co,United States,Industrials,890286980
American Financial Group Inc/OH,United States,Financials,94624633
American Homes 4 Rent,United States,Real Estate,619235493
American International Group Inc,United States,Financials,724820264
American Public Education Inc,United States,Consumer Discretionary,2304375
American Software Inc/GA,United States,Technology,315503
American States Water Co,United States,Utilities,30950941
American Tower Corp,United States,Real Estate,985200694
American Water Works Co Inc,United States,Utilities,275068259
American Well Corp,United States,Health Care,3902230
American Woodmark Corp,United States,Industrials,6443950
Americana Restaurants International PLC,United Arab Emirates,Consumer Discretionary,40490752
Americanas SA,Brazil,Consumer Discretionary,1250323
Americold Realty Trust Inc,United States,Real Estate,441452211
Ameriprise Financial Inc,United States,Financials,381449112
Ameris Bancorp,United States,Financials,31774104
AmerisourceBergen Corp,United States,Consumer Staples,255107397
Amgen Inc,United States,Health Care,1318131591
Amica SA,Poland,Consumer Discretionary,442418
Amicogen Inc,South Korea,Health Care,2318856
Amicus Therapeutics Inc,United States,Health Care,65935050
Amkor Technology Inc,United States,Technology,20371801
Amneal Pharmaceuticals Inc,United States,Health Care,5401656
Amorepacific Corp,South Korea,Consumer Discretionary,54997015
Amot Investments Ltd,Israel,Real Estate,898481
Amoy Diagnostics Co Ltd,China,Health Care,1903763
Amphenol Corp,United States,Technology,643239552
Amplifon SpA,Italy,Health Care,87771778
Ampol Ltd,Australia,Energy,132704177
Amundi SA,France,Financials,66690156
Amuse Inc,Japan,Consumer Discretionary,1988139
Amvis Holdings Inc,Japan,Health Care,10011520
Amylyx Pharmaceuticals Inc,United States,Health Care,3000340
Amyris Inc,United States,Basic Materials,2007473
Anadolu Efes Biracilik Ve Malt Sanayii AS,Turkey,Consumer Staples,27976575
Analog Devices Inc,United States,Technology,1020042207
Ananti Inc,South Korea,Consumer Discretionary,1742933
Ancom Nylex Bhd,Malaysia,Basic Materials,935301
Andersons Inc/The,United States,Consumer Staples,1063696
Andes Technology Corp,Taiwan,Technology,7591466
Andino Investment Holding SAA,Peru,Industrials,856833
Andromeda Metals Ltd,Australia,Basic Materials,1293045
Aneka Tambang Tbk,Indonesia,Basic Materials,9045739
Anest Iwata Corp,Japan,Industrials,2063182
Angang Steel Co Ltd,China,Basic Materials,4865819
Angel One Ltd,India,Financials,3470108
Angelalign Technology Inc,China,Health Care,10073505
AngioDynamics Inc,United States,Health Care,5385447
Anglo American PLC,United Kingdom,Basic Materials,1087111656
Anglo American Platinum Ltd,South Africa,Basic Materials,104827622
AngloGold Ashanti Ltd,South Africa,Basic Materials,159902125
Anheuser-Busch InBev SA/NV,Belgium,Consumer Staples,895348051
Anhui Expressway Co Ltd,China,Industrials,5499454
Anhui Gujing Distillery Co Ltd,China,Consumer Staples,33876098
Anhui Honglu Steel Construction Group Co Ltd,China,Basic Materials,7028092
Anhui Kouzi Distillery Co Ltd,China,Consumer Staples,5609806
Anhui Zhongding Sealing Parts Co Ltd,China,Industrials,23868890
Anicom Holdings Inc,Japan,Financials,13397431
Anima Holding SA,Brazil,Consumer Discretionary,3283438
Anima Holding SpA,Italy,Financials,32516123
Ann Joo Resources Bhd,Malaysia,Basic Materials,332642
Annaly Capital Management Inc,United States,Financials,80892202
Annehem Fastigheter AB,Sweden,Real Estate,697107
Anpec Electronics Corp,Taiwan,Technology,3726635
Anritsu Corp,Japan,Telecommunications,35408260
Ansell Ltd,Australia,Health Care,21041787
AntarChile SA,Chile,Financials,59300102
Antares Vision SpA,Italy,Industrials,7189062
Antengene Corp Ltd,Hong Kong,Health Care,2588873
Antero Midstream Corp,United States,Energy,37728638
Anterogen Co Ltd,South Korea,Health Care,439152
Antin Infrastructure Partners SA,France,Financials,22779827
Antofagasta PLC,United Kingdom,Basic Materials,255995343
Anywhere Real Estate Inc,United States,Real Estate,6913073
Aon PLC,United States,Financials,327246244
Aoyama Trading Co Ltd,Japan,Consumer Discretionary,1876423
Aozora Bank Ltd,Japan,Financials,36776961
Apartment Income REIT Corp,United States,Real Estate,53319181
Apartment Investment and Management Co,United States,Real Estate,15047066
Apator SA,Poland,Industrials,789926
Apellis Pharmaceuticals Inc,United States,Health Care,61079904
Apex International Co Ltd,Taiwan,Technology,4671803
Apogee Enterprises Inc,United States,Industrials,13539404
Apollo Commercial Real Estate Finance Inc,United States,Financials,14510129
Apollo Global Management Inc,United States,Financials,363446396
Apollo Hospitals Enterprise Ltd,India,Health Care,47334182
Apollo Tyres Ltd,India,Consumer Discretionary,57871507
AppHarvest Inc,United States,Consumer Staples,580944
AppLovin Corp,United States,Technology,21856721
Appen Ltd,Australia,Technology,8222179
Appfolio Inc,United States,Technology,17253340
Appian Corp,United States,Technology,9107553
Appier Group Inc,Japan,Technology,11065110
Apple Hospitality REIT Inc,United States,Real Estate,37207851
Apple Inc,United States,Technology,21284499711
Applied Industrial Technologies Inc,United States,Industrials,56562642
Applied Materials Inc,United States,Technology,910495794
Applus Services SA,Spain,Industrials,20079278
Appreciate Group PLC,United Kingdom,Financials,1146804
Aprogen Inc,South Korea,Industrials,857011
AptarGroup Inc,United States,Industrials,59103802
Aptitude Software Group PLC,United Kingdom,Technology,5779058
Aptiv PLC,United States,Consumer Discretionary,376183641
Aptus Value Housing Finance India Ltd,India,Financials,1970756
Aquafil SpA,Italy,Basic Materials,2490108
Aquila Part Prod Com SA,Romania,Industrials,1778736
Arakawa Chemical Industries Ltd,Japan,Basic Materials,949722
Aramark,United States,Consumer Discretionary,93794383
Aramex PJSC,United Arab Emirates,Industrials,4606427
Aramis Group SAS,France,Consumer Discretionary,3546622
Arata Corp,Japan,Consumer Staples,4556016
Arbonia AG,Switzerland,Industrials,15196822
Arbor Realty Trust Inc,United States,Financials,3746
ArborGen Holdings Ltd,New Zealand,Basic Materials,702931
ArcBest Corp,United States,Industrials,4242883
Arca Continental SAB de CV,Mexico,Consumer Staples,83488974
Arcadis NV,Netherlands,Industrials,72117356
Arcadyan Technology Corp,Taiwan,Telecommunications,8357393
Arcelik AS,Turkey,Consumer Discretionary,21277812
Arcellx Inc,United States,Health Care,3829128
ArcelorMittal SA,Netherlands,Basic Materials,248688788
Arch Capital Group Ltd,United States,Financials,202028551
Archean Chemical Industries Ltd,India,Basic Materials,7424756
Archer-Daniels-Midland Co,United States,Consumer Staples,512871367
Archosaur Games Inc,China,Consumer Discretionary,1138948
Archrock Inc,United States,Energy,11379842
Arcland Service Holdings Co Ltd,Japan,Consumer Discretionary,2118337
Arco Platform Ltd,United States,Consumer Discretionary,3374757
Arconic Corp,United States,Basic Materials,40543872
Arcos Dorados Holdings Inc,United States,Consumer Discretionary,4254036
Arcosa Inc,United States,Energy,23247630
Arcs Co Ltd,Japan,Consumer Staples,5002976
Arcure SA,France,Industrials,319770
Arcus Biosciences Inc,United States,Health Care,658162
Arcutis Biotherapeutics Inc,United States,Health Care,1198978
Ardagh Metal Packaging SA,United States,Industrials,5694814
Ardent Leisure Group Ltd,Australia,Consumer Discretionary,6468581
Ardentec Corp,Taiwan,Technology,14123704
Arena REIT,Australia,Real Estate,10027130
Ares Management Corp,United States,Financials,107776917
Argenx SE,Belgium,Health Care,531814556
Argo Graphics Inc,Japan,Technology,4116261
Argo Group International Holdings Ltd,United States,Financials,7686549
Argonaut Gold Inc,Canada,Basic Materials,9210672
Argosy Minerals Ltd,Australia,Basic Materials,947879
Argosy Property Ltd,New Zealand,Real Estate,5693676
Ariake Japan Co Ltd,Japan,Consumer Staples,12719983
Arista Networks Inc,United States,Telecommunications,301787135
Aristocrat Leisure Ltd,Australia,Consumer Discretionary,272806823
Ariston Holding NV,Italy,Industrials,118777814
Aritzia Inc,Canada,Consumer Discretionary,33560542
Arjo AB,Sweden,Health Care,20537052
Arkema SA,France,Basic Materials,432916861
Armstrong World Industries Inc,United States,Industrials,30725371
Arnoldo Mondadori Editore SpA,Italy,Consumer Discretionary,15433808
Aroa Biosurgery Ltd,New Zealand,Health Care,1994958
Aroundtown SA,Germany,Real Estate,84611501
Array Technologies Inc,United States,Energy,137595599
Arrival SA,United States,Industrials,102681
Arrow Electronics Inc,United States,Technology,64011375
Arrowhead Pharmaceuticals Inc,United States,Health Care,60234561
Arteche Lantegi Elkartea SA,Spain,Industrials,2473270
Arthur J Gallagher & Co,United States,Financials,1422364237
Artis Real Estate Investment Trust,Canada,Real Estate,5230328
Artisan Partners Asset Management Inc,United States,Financials,3882206
Artnature Inc,Japan,Consumer Discretionary,1218231
Aruhi Corp,Japan,Financials,727870
Arvida Group Ltd,New Zealand,Health Care,4178416
Arvinas Inc,United States,Health Care,24007039
Arwana Citramulia Tbk PT,Indonesia,Industrials,9821657
Aryzta AG,Switzerland,Consumer Staples,27205214
As One Corp,Japan,Health Care,22483755
Asahi Co Ltd,Japan,Consumer Discretionary,1019031
Asahi Diamond Industrial Co Ltd,Japan,Industrials,2382925
Asahi Group Holdings Ltd,Japan,Consumer Staples,236324691
Asahi Holdings Inc,Japan,Basic Materials,12101918
Asahi India Glass Ltd,India,Consumer Discretionary,1619340
Asahi Intecc Co Ltd,Japan,Health Care,48672117
Asahi Kasei Corp,Japan,Basic Materials,30194623
Asahi Printing Co Ltd,Japan,Industrials,2534998
Asana Inc,United States,Technology,7873080
Asanuma Corp,Japan,Industrials,1169593
Asbury Automotive Group Inc,United States,Consumer Discretionary,53831105
Ascendis Pharma A/S,Denmark,Health Care,11604182
Ascentage Pharma Group International,China,Health Care,2678349
Ascential PLC,United Kingdom,Technology,36171206
Ascletis Pharma Inc,China,Health Care,1822
Ascom Holding AG,Switzerland,Telecommunications,2508878
Ascopiave SpA,Italy,Utilities,1524914
Aselsan Elektronik Sanayi Ve Ticaret AS,Turkey,Industrials,16600337
Ashland Inc,United States,Basic Materials,31908452
Ashmore Group PLC,United Kingdom,Financials,4212122
Ashok Leyland Ltd,India,Industrials,65772391
Ashtead Group PLC,United Kingdom,Industrials,502073521
Asia Aviation PCL,Thailand,Consumer Discretionary,6997171
Asia Cement Co Ltd,South Korea,Industrials,5477386
Asia Cement Corp,Taiwan,Industrials,45066203
Asia Commercial Bank JSC,Vietnam,Financials,10137835
Asia Optical Co Inc,Taiwan,Industrials,9236715
Asia Poly Holdings Bhd,Malaysia,Basic Materials,352474
Asia Polymer Corp,Taiwan,Basic Materials,3616949
Asia Sermkij Leasing PCL,Thailand,Financials,8049998
Asia Vital Components Co Ltd,Taiwan,Technology,19596318
AsiaInfo Technologies Ltd,China,Technology,3608475
Asian Alliance International PCL,Thailand,Consumer Staples,636808
Asian Paints Ltd,India,Industrials,133170497
Asian Pay Television Trust,Singapore,Telecommunications,643108
Asiana Airlines Inc,South Korea,Consumer Discretionary,518858
Asics Corp,Japan,Consumer Discretionary,54805155
Aspen Pharmacare Holdings Ltd,South Africa,Health Care,23501714
Aspen Technology Inc,United States,Technology,77021714
Assa Abloy AB,Sweden,Industrials,617304889
Asseco Poland SA,Poland,Technology,9753186
Asset World Corp PCL,Thailand,Real Estate,2328476
Assicurazioni Generali SpA,Italy,Financials,493423133
Associated Banc-Corp,United States,Financials,36376448
Associated British Foods PLC,United Kingdom,Consumer Staples,114548097
Assura PLC,United Kingdom,Real Estate,37990259
Assurant Inc,United States,Financials,72693751
Assured Guaranty Ltd,United States,Financials,36561438
Astec Industries Inc,United States,Industrials,9296665
Astec Lifesciences Ltd,India,Basic Materials,5926266
Astellas Pharma Inc,Japan,Health Care,421025979
Aster DM Healthcare Ltd,India,Health Care,4301525
Aston Martin Lagonda Global Holdings PLC,United Kingdom,Consumer Discretionary,11622207
Astra International Tbk PT,Indonesia,Consumer Discretionary,28440076
AstraZeneca PLC,United Kingdom,Health Care,4850501834
AstraZeneca Pharma India Ltd,India,Health Care,1992717
Astral Foods Ltd,South Africa,Consumer Staples,4455801
Astral Ltd,India,Industrials,19895568
Astro Malaysia Holdings Bhd,Malaysia,Consumer Discretionary,162316
Asustek Computer Inc,Taiwan,Technology,90557248
Atal SA/Poland,Poland,Real Estate,3187015
Atalaya Mining PLC,Spain,Basic Materials,1367334
Atara Biotherapeutics Inc,United States,Health Care,2849198
Atco Ltd/Canada,Canada,Utilities,25462468
Atea Pharmaceuticals Inc,United States,Health Care,982202
Ateam Inc,Japan,Technology,167039
Aten International Co Ltd,Taiwan,Technology,5549381
Athens Water Supply & Sewage Co SA,Greece,Utilities,10978989
Atinum Investment Co Ltd,South Korea,Financials,2441438
Atkore Inc,United States,Industrials,59906062
Atlantic Grupa dd,Croatia,Consumer Staples,6335504
Atlantic Union Bankshares Corp,United States,Financials,22744787
Atlantica Sustainable Infrastructure PLC,United States,Utilities,15149298
Atlas Air Worldwide Holdings Inc,United States,Industrials,33191525
Atlas Arteria Ltd,Australia,Industrials,86383582
Atlas Copco AB,Sweden,Industrials,1165253182
Atlas Corp,United States,Industrials,10583066
Atlassian Corp,United States,Technology,135390019
Atmos Energy Corp,United States,Utilities,26384304
Atom Corp,Japan,Consumer Discretionary,64023
Atos SE,France,Technology,20665800
Atoss Software AG,Germany,Technology,20612569
Atrae Inc,Japan,Industrials,7346419
Atresmedia Corp de Medios de Comunicacion SA,Spain,Consumer Discretionary,5073879
AtriCure Inc,United States,Health Care,15621227
Atrium Ljungberg AB,Sweden,Real Estate,18140544
Atrys Health SA,Spain,Health Care,6960886
Atsugi Co Ltd,Japan,Consumer Discretionary,1159
Attendo AB,Sweden,Health Care,5631134
Atul Ltd,India,Basic Materials,40125117
Auckland International Airport Ltd,New Zealand,Industrials,90020186
Auction Technology Group PLC,United Kingdom,Technology,21674263
Audinate Group Ltd,Australia,Technology,3427885
AudioCodes Ltd,Israel,Telecommunications,213215
Aurelia Metals Ltd,Australia,Basic Materials,1319759
Auren Energia SA,Brazil,Utilities,20128237
Aurinia Pharmaceuticals Inc,United States,Health Care,492674
Aurizon Holdings Ltd,Australia,Industrials,126090711
Aurobindo Pharma Ltd,India,Health Care,11215670
Aurora Design PCL,Thailand,Consumer Discretionary,1020174
Aurubis AG,Germany,Basic Materials,83228043
Aussie Broadband Ltd,Australia,Telecommunications,9382270
Austal Ltd,Australia,Industrials,10062006
Australian Agricultural Co Ltd,Australia,Consumer Staples,5141611
Australian Clinical Labs Ltd,Australia,Health Care,7739478
Australian Ethical Investment Ltd,Australia,Financials,2644287
Australian Finance Group Ltd,Australia,Financials,1736953
Australian Strategic Materials Ltd,Australia,Basic Materials,1414013
Auto Partner SA,Poland,Consumer Discretionary,16131490
Auto Trader Group PLC,United Kingdom,Technology,138392404
Auto1 Group SE,Germany,Consumer Discretionary,33511342
AutoNation Inc,United States,Consumer Discretionary,26989920
AutoZone Inc,United States,Consumer Discretionary,647525153
Autobacs Seven Co Ltd,Japan,Consumer Discretionary,3929536
Autodesk Inc,United States,Technology,420766022
Autogrill SpA,Italy,Consumer Discretionary,41222479
Autohellas Tourist and Trading SA,Greece,Consumer Discretionary,14964306
Autohome Inc,China,Technology,37828699
Autoliv Inc,United States,Consumer Discretionary,66373954
Automatic Data Processing Inc,United States,Industrials,507588249
Autoneum Holding AG,Switzerland,Consumer Discretionary,7881518
Autopedia Sukses Lestari Tbk PT,Indonesia,Consumer Discretionary,1977721
Autosports Group Ltd,Australia,Consumer Discretionary,7625001
AvalonBay Communities Inc,United States,Real Estate,996187037
Avangrid Inc,United States,Utilities,12604917
Avanos Medical Inc,United States,Health Care,11054632
Avant Group Corp,Japan,Technology,116644
Avanti Feeds Ltd,India,Consumer Staples,2551550
Avantor Inc,United States,Health Care,115732746
Avanza Bank Holding AB,Sweden,Financials,19031290
Avenue Supermarts Ltd,India,Consumer Discretionary,57745071
Avery Dennison Corp,United States,Basic Materials,150264933
Avex Inc,Japan,Consumer Discretionary,13958777
Avia Avian Tbk PT,Indonesia,Industrials,7612800
AvidXchange Holdings Inc,United States,Industrials,2611238
Avidity Biosciences Inc,United States,Health Care,1888369
Avient Corp,United States,Basic Materials,29313167
Avio SpA,Italy,Industrials,102136
Avis Budget Group Inc,United States,Consumer Discretionary,16020059
Avista Corp,United States,Utilities,30553763
Avita Medical Inc,Australia,Health Care,165603
Aviva PLC,United Kingdom,Financials,423957741
Avnet Inc,United States,Technology,37590066
Avon Protection PLC,United Kingdom,Industrials,8614219
Awa Bank Ltd/The,Japan,Financials,4317500
Axalta Coating Systems Ltd,United States,Industrials,53517258
Axcelis Technologies Inc,United States,Technology,4081961
Axfood AB,Sweden,Consumer Staples,75169104
Axial Retailing Inc,Japan,Consumer Staples,3460783
Axiata Group Bhd,Malaysia,Telecommunications,16992013
Axis Bank Ltd,India,Financials,638332332
Axis Capital Holdings Ltd,United States,Financials,48576731
Axogen Inc,United States,Health Care,116117
Axon Enterprise Inc,United States,Industrials,102919742
Axonics Inc,United States,Health Care,76439799
Axos Financial Inc,United States,Financials,20955338
Axsome Therapeutics Inc,United States,Health Care,27033217
Ayala Corp,Philippines,Real Estate,126432060
Ayala Land Inc,Philippines,Real Estate,101658243
AyalaLand Logistics Holdings Corp,Philippines,Industrials,2830996
Azbil Corp,Japan,Industrials,48375306
Azelis Group NV,Belgium,Industrials,33358130
Azenta Inc,United States,Health Care,88296918
Azimut Holding SpA,Italy,Financials,61071377
Azkoyen SA,Spain,Industrials,4632720
Azrieli Group Ltd,Israel,Real Estate,3287679
Azul SA,Brazil,Consumer Discretionary,1001476
B Grimm Power PCL,Thailand,Utilities,12460626
B&G Foods Inc,United States,Consumer Staples,3959465
B&M European Value Retail SA,United Kingdom,Consumer Discretionary,100527277
B&S Group Sarl,Netherlands,Consumer Discretionary,2263032
B2Gold Corp,Canada,Basic Materials,41536689
B3 SA - Brasil Bolsa Balcao,Brazil,Financials,80585213
BAC Holding International Corp,Colombia,Financials,295944
BAIC Motor Corp Ltd,China,Consumer Discretionary,7684775
BASE Inc,Japan,Technology,1349159
BASF India Ltd,India,Basic Materials,1388821
BASF SE,Germany,Basic Materials,765869539
BAWAG Group AG,Austria,Financials,37092828
BBGI PCL,Thailand,Energy,35531
BBI Development SA,Poland,Real Estate,108283
BBMG Corp,China,Industrials,3002974
BCE Inc,Canada,Telecommunications,114319149
BCPG PCL,Thailand,Utilities,648205
BDO Unibank Inc,Philippines,Financials,5586916
BE Semiconductor Industries NV,Netherlands,Technology,83214505
BEC World PCL,Thailand,Consumer Discretionary,122827
BES Engineering Corp,Taiwan,Industrials,4149743
BFF Bank SpA,Italy,Financials,34713850
BFI Finance Indonesia Tbk PT,Indonesia,Financials,9878431
BG Container Glass PCL,Thailand,Industrials,3600895
BGC Partners Inc,United States,Financials,12441965
BGF Co Ltd,South Korea,Consumer Staples,2145633
BGF retail Co Ltd,South Korea,Consumer Staples,9612416
BH Co Ltd,South Korea,Technology,3795940
BHG Group AB,Sweden,Consumer Discretionary,10443829
BHP Group Ltd,Australia,Basic Materials,2295594516
BICO Group AB,Sweden,Health Care,8776785
BIM Birlesik Magazalar AS,Turkey,Consumer Staples,79460689
BIPROGY Inc,Japan,Technology,28342947
BISI International Tbk PT,Indonesia,Consumer Staples,616772
BJ's Wholesale Club Holdings Inc,United States,Consumer Discretionary,89815839
BKW AG,Switzerland,Utilities,38787864
BML Inc,Japan,Health Care,5792330
BNC Korea Co Ltd,South Korea,Health Care,1724078
BNK Financial Group Inc,South Korea,Financials,13863257
BNP Paribas SA,France,Financials,1926218052
BNPP Bank Polska SA,Poland,Financials,4723866
BOC Aviation Ltd,Hong Kong,Industrials,28813930
BOC Hong Kong Holdings Ltd,Hong Kong,Financials,191114890
BOC Kenya PLC,Kenya,Basic Materials,69406
BOE Technology Group Co Ltd,China,Technology,21647246
BOE Varitronix Ltd,China,Technology,8229075
BOK Financial Corp,United States,Financials,30754119
BP PLC,United Kingdom,Energy,2834059177
BPER Banca,Italy,Financials,101092571
BPPL Holdings Ltd,Sri Lanka,Consumer Discretionary,96542
BR Malls Participacoes SA,Brazil,Real Estate,49678306
BRAC Bank Ltd,Bangladesh,Financials,27056637
BRD-Groupe Societe Generale SA,Romania,Financials,8860010
BRF SA,Brazil,Consumer Staples,984468
BRONCO BILLY Co Ltd,Japan,Consumer Discretionary,445488
BRP Inc,Canada,Consumer Discretionary,28964588
BSE Ltd,India,Financials,3473673
BT Group PLC,United Kingdom,Telecommunications,217851832
BTS Group Holdings PCL,Thailand,Consumer Discretionary,7209863
BWP Trust,Australia,Real Estate,12202520
BWX Ltd,Australia,Consumer Staples,310125
BYD Co Ltd,China,Consumer Discretionary,280803582
BYD Electronic International Co Ltd,China,Telecommunications,31203954
Babcock International Group PLC,United Kingdom,Industrials,21563201
Baby Bunting Group Ltd,Australia,Consumer Discretionary,1762711
Bachem Holding AG,Switzerland,Health Care,57247841
Badger Meter Inc,United States,Industrials,30459711
Bafang Yunji International Co Ltd,Taiwan,Consumer Staples,11395975
Baidu Inc,China,Technology,356647688
Bajaj Auto Ltd,India,Consumer Discretionary,106613772
Bajaj Consumer Care Ltd,India,Consumer Discretionary,1085923
Bajaj Electricals Ltd,India,Industrials,17459191
Bajaj Finance Ltd,India,Financials,148314676
Bajaj Finserv Ltd,India,Financials,56042911
Bajaj Holdings & Investment Ltd,India,Financials,23332911
Baker Hughes Co,United States,Energy,188679514
Bakkavor Group PLC,United Kingdom,Consumer Staples,3860007
Balaji Amines Ltd,India,Basic Materials,4429525
Balanced Commercial Property Trust Ltd,United Kingdom,Real Estate,9868250
Balchem Corp,United States,Basic Materials,40468964
Balfour Beatty PLC,United Kingdom,Industrials,59843611
Balkrishna Industries Ltd,India,Consumer Discretionary,84803555
Ball Corp,United States,Industrials,149414306
Ballard Power Systems Inc,Canada,Energy,17982393
Baloise Holding AG,Switzerland,Financials,227024564
Balrampur Chini Mills Ltd,India,Consumer Staples,6534913
Balyo SA,France,Industrials,188041
Bamburi Cement Co Ltd,Kenya,Industrials,1041577
BancFirst Corp,United States,Financials,17401265
Banca Generali SpA,Italy,Financials,58505964
Banca IFIS SpA,Italy,Financials,6600370
Banca Mediolanum SpA,Italy,Financials,34219118
Banca Monte dei Paschi di Siena SpA,Italy,Financials,8295175
Banca Popolare di Sondrio SPA,Italy,Financials,28469356
Banca Transilvania SA,Romania,Financials,9684655
Banco BMG SA,Brazil,Financials,647119
Banco BPM SpA,Italy,Financials,187649631
Banco BTG Pactual SA,Brazil,Financials,234760499
Banco Bilbao Vizcaya Argentaria SA,Spain,Financials,757647201
Banco Bradesco SA,Brazil,Financials,341573218
Banco Comercial Portugues SA,Portugal,Financials,44606443
Banco Davivienda SA,Colombia,Financials,11727856
Banco Popular SA,Colombia,Financials,1047536
Banco Santander SA,Spain,Financials,1689160952
Banco de Chile,Chile,Financials,46544725
Banco de Credito e Inversiones SA,Chile,Financials,29784069
Banco de Sabadell SA,Spain,Financials,73740562
Banco del Bajio SA,Mexico,Financials,41188591
Banco do Brasil SA,Brazil,Financials,227475353
Bancolombia SA,Colombia,Financials,144384487
Bandai Namco Holdings Inc,Japan,Consumer Discretionary,122659247
Bandhan Bank Ltd,India,Financials,17555834
Bando Chemical Industries Ltd,Japan,Industrials,2995266
Bangchak Corp PCL,Thailand,Energy,7768578
Bangkok Airways PCL,Thailand,Consumer Discretionary,13528522
Bangkok Aviation Fuel Services PCL,Thailand,Industrials,5301934
Bangkok Bank PCL,Thailand,Financials,151395940
Bangkok Chain Hospital PCL,Thailand,Health Care,45627615
Bangkok Commercial Asset Management PCL,Thailand,Financials,3454787
Bangkok Dusit Medical Services PCL,Thailand,Health Care,104760995
Bangkok Expressway & Metro PCL,Thailand,Industrials,19571539
Bangkok Land PCL,Thailand,Real Estate,1104802
Bangkok Life Assurance PCL,Thailand,Financials,21941597
Bangkok Ranch PCL,Thailand,Consumer Staples,149143
Bangladesh Submarine Cable Co Ltd,Bangladesh,Telecommunications,9195806
Bank BTPN Syariah Tbk PT,Indonesia,Financials,3674002
Bank CIMB Niaga Tbk PT,Indonesia,Financials,22341391
Bank Central Asia Tbk PT,Indonesia,Financials,531502652
Bank Handlowy w Warszawie SA,Poland,Financials,1292676
Bank Hapoalim BM,Israel,Financials,245554997
Bank Jago Tbk PT,Indonesia,Financials,4593730
Bank Leumi Le-Israel BM,Israel,Financials,73857894
Bank Mandiri Persero Tbk PT,Indonesia,Financials,162515418
Bank Millennium SA,Poland,Financials,15876437
Bank Negara Indonesia Persero Tbk PT,Indonesia,Financials,209308853
Bank Neo Commerce Tbk PT,Indonesia,Financials,6471010
Bank OZK,United States,Financials,46878252
Bank Pembangunan Daerah Jawa Timur Tbk PT,Indonesia,Financials,2234785
Bank Polska Kasa Opieki SA,Poland,Financials,46881886
Bank Rakyat Indonesia Persero Tbk PT,Indonesia,Financials,307177113
Bank St Petersburg PJSC,Russia,Financials,1943289
Bank Syariah Indonesia Tbk PT,Indonesia,Financials,5836504
Bank Tabungan Negara Persero Tbk PT,Indonesia,Financials,8671917
Bank for Foreign Trade of Vietnam JSC,Vietnam,Financials,21629326
Bank for Investment and Development of Vietnam JSC,Vietnam,Financials,12284931
Bank of America Corp,United States,Financials,3380670081
Bank of Baroda,India,Financials,68607800
Bank of China Ltd,China,Financials,383437929
Bank of Chongqing Co Ltd,China,Financials,3979552
Bank of Communications Co Ltd,China,Financials,10124487
Bank of East Asia Ltd/The,Hong Kong,Financials,15103913
Bank of Georgia Group PLC,United Kingdom,Financials,29366137
Bank of Hawaii Corp,United States,Financials,27911595
Bank of India,India,Financials,2778814
Bank of Ireland Group PLC,Ireland,Financials,476572933
Bank of Iwate Ltd/The,Japan,Financials,1109135
Bank of Jiangsu Co Ltd,China,Financials,29200818
Bank of Kaohsiung Co Ltd,Taiwan,Financials,4647892
Bank of Kyoto Ltd/The,Japan,Financials,53356803
Bank of Montreal,Canada,Financials,547003814
Bank of NT Butterfield & Son Ltd/The,United States,Financials,13638403
Bank of Nagoya Ltd/The,Japan,Financials,851756
Bank of Nanjing Co Ltd,China,Financials,8907814
Bank of New York Mellon Corp/The,United States,Financials,495575739
Bank of Ningbo Co Ltd,China,Financials,49273354
Bank of Nova Scotia/The,Canada,Financials,574510520
Bank of Queensland Ltd,Australia,Financials,21067933
Bank of Saga Ltd/The,Japan,Financials,2727027
Bank of the Philippine Islands,Philippines,Financials,110610606
Bank of the Ryukyus Ltd,Japan,Financials,2608844
BankUnited Inc,United States,Financials,31064376
Bankinter SA,Spain,Financials,150638840
Banner Corp,United States,Financials,21655922
Banque Cantonale Vaudoise,Switzerland,Financials,48142079
Baoshan Iron & Steel Co Ltd,China,Basic Materials,24008731
Baozun Inc,China,Technology,1104520
Bapcor Ltd,Australia,Consumer Discretionary,26924063
Barclays PLC,United Kingdom,Financials,787528929
Barco NV,Belgium,Technology,63673342
Barnes Group Inc,United States,Industrials,19412083
Barratt Developments PLC,United Kingdom,Consumer Discretionary,118919135
Barrett Business Services Inc,United States,Industrials,624976
Barry Callebaut AG,Switzerland,Consumer Staples,210471404
Base Co Ltd,Japan,Technology,4118330
Bashneft PJSC,Russia,Energy,1670699
Basic-Fit NV,Netherlands,Consumer Discretionary,70953908
Basilea Pharmaceutica AG,Switzerland,Health Care,13478774
Basler AG,Germany,Industrials,12471937
Basso Industry Corp,Taiwan,Industrials,2528640
Bata India Ltd,India,Consumer Discretionary,7728101
Bath & Body Works Inc,United States,Consumer Discretionary,85458445
Bausch + Lomb Corp,Canada,Health Care,43428000
Bausch Health Cos Inc,Canada,Health Care,20222538
Bavarian Nordic A/S,Denmark,Health Care,56310361
Baxter International Inc,United States,Health Care,373177314
BayCurrent Consulting Inc,Japan,Technology,42017631
BayWa AG,Germany,Industrials,14473437
Bayer AG,Germany,Health Care,1403637718
Bayerische Motoren Werke AG,Germany,Consumer Discretionary,312329027
BeNext-Yumeshin Group Co,Japan,Industrials,5066452
Beacon Roofing Supply Inc,United States,Industrials,23585411
Beam Therapeutics Inc,United States,Health Care,19477210
Beauty Community PCL,Thailand,Consumer Staples,380303
Beauty Health Co/The,United States,Consumer Staples,7729840
Beazer Homes USA Inc,United States,Consumer Discretionary,3400540
Beazley PLC,United Kingdom,Financials,116149352
Bechtle AG,Germany,Technology,89675785
Becle SAB de CV,Mexico,Consumer Staples,96650600
Becton Dickinson and Co,United States,Health Care,680161969
Bed Bath & Beyond Inc,United States,Consumer Discretionary,28268
Beenos Inc,Japan,Consumer Discretionary,7278670
Befesa SA,Germany,Utilities,66812266
Bega Cheese Ltd,Australia,Consumer Staples,37182572
BeiGene Ltd,China,Health Care,194642263
Beiersdorf AG,Germany,Consumer Staples,239309609
Beijer Alma AB,Sweden,Basic Materials,5629996
Beijer Ref AB,Sweden,Industrials,90899061
Beijing Bei Mo Gao Ke Friction Material Co Ltd,China,Industrials,51185456
Beijing Capital International Airport Co Ltd,China,Industrials,12902342
Beijing Chunlizhengda Medical Instruments Co Ltd,China,Health Care,53677
Beijing Dabeinong Technology Group Co Ltd,China,Consumer Staples,17511644
Beijing Enterprises Holdings Ltd,China,Utilities,24023
Beijing Enterprises Water Group Ltd,China,Utilities,347472
Beijing Gas Blue Sky Holdings Ltd,China,Utilities,58
Beijing GeoEnviron Engineering & Technology Inc,China,Utilities,198
Beijing Jingneng Clean Energy Co Ltd,China,Utilities,20461025
Beijing Kingsoft Office Software Inc,China,Technology,30042047
Beijing New Building Materials PLC,China,Industrials,76229972
Beijing Oriental Yuhong Waterproof Technology Co Ltd,China,Industrials,84757170
Beijing Originwater Technology Co Ltd,China,Utilities,212023
Beijing Roborock Technology Co Ltd,China,Consumer Discretionary,7548754
Bekaert SA,Belgium,Basic Materials,71785829
Belc Co Ltd,Japan,Consumer Staples,4967979
Belden Inc,United States,Industrials,30822164
Believe SA,France,Consumer Discretionary,11983365
Belimo Holding AG,Switzerland,Industrials,101282750
Bell Food Group AG,Switzerland,Consumer Staples,12567285
Bell System24 Holdings Inc,Japan,Industrials,3098110
BellRing Brands Inc,United States,Consumer Staples,18076713
Bellevue Gold Ltd,Australia,Basic Materials,15751871
Belluna Co Ltd,Japan,Consumer Discretionary,2434075
Bellway PLC,United Kingdom,Consumer Discretionary,70005246
Benchmark Electronics Inc,United States,Technology,7896770
Bendigo & Adelaide Bank Ltd,Australia,Financials,46842284
Benefit One Inc,Japan,Industrials,25784972
Benefit Systems SA,Poland,Industrials,14074809
Benefitfocus Inc,United States,Technology,2945536
Benesse Holdings Inc,Japan,Consumer Discretionary,27776347
Beneteau SA,France,Consumer Discretionary,12017273
Bentley Systems Inc,United States,Technology,63664931
Berger Paints India Ltd,India,Industrials,11881978
Berjaya Corp Bhd,Malaysia,Industrials,307160
Berjaya Food Bhd,Malaysia,Consumer Discretionary,10907581
Berkeley Group Holdings PLC,United Kingdom,Consumer Discretionary,121882674
Berkshire Hathaway Inc,United States,Financials,5261766004
Berkshire Hills Bancorp Inc,United States,Financials,11809214
Berli Jucker PCL,Thailand,Industrials,21871061
Bermaz Auto Bhd,Malaysia,Consumer Discretionary,9179405
Berner Kantonalbank AG,Switzerland,Financials,1874849
Berry Global Group Inc,United States,Industrials,67055908
Bertrandt AG,Germany,Industrials,4157968
Besalco SA,Chile,Industrials,6699533
Beshom Holdings Bhd,Malaysia,Consumer Staples,1299233
Best Buy Co Inc,United States,Consumer Discretionary,157055431
Best World International Ltd,Singapore,Consumer Discretionary,348527
Betagro PCL,Thailand,Consumer Staples,11508462
Betmakers Technology Group Ltd,Australia,Consumer Discretionary,6401426
Betsson AB,Sweden,Consumer Discretionary,14549785
Beximco Pharmaceuticals Ltd,Bangladesh,Health Care,22049306
Beyond Meat Inc,United States,Consumer Staples,6875492
Bezeq The Israeli Telecommunication Corp Ltd,Israel,Telecommunications,111908274
Bharat Forge Ltd,India,Industrials,31050155
Bharat Petroleum Corp Ltd,India,Energy,32615869
Bharti Airtel Ltd,India,Telecommunications,571023839
Bic Camera Inc,Japan,Consumer Discretionary,21241297
Bid Corp Ltd,South Africa,Consumer Staples,67994269
Bidvest Group Ltd/The,South Africa,Industrials,58739445
Biesse SpA,Italy,Industrials,4696723
Biffa PLC,United Kingdom,Utilities,21829440
Big Lots Inc,United States,Consumer Discretionary,1012639
Big Shopping Centers Ltd,Israel,Real Estate,2781341
Big Technologies plc,United Kingdom,Technology,3522226
Big Yellow Group PLC,United Kingdom,Real Estate,46067323
BigCommerce Holdings Inc,United States,Technology,3787960
Bijou Brigitte AG,Germany,Consumer Discretionary,268288
Bike24 Holding AG,Germany,Consumer Discretionary,510452
Bilfinger SE,Germany,Industrials,17324869
Bilia AB,Sweden,Consumer Discretionary,19572598
Bilibili Inc,China,Technology,157456029
Bill.com Holdings Inc,United States,Industrials,46155020
Billerud AB,Sweden,Basic Materials,65846741
Binex Co Ltd,South Korea,Health Care,1588684
Binggrae Co Ltd,South Korea,Consumer Staples,221936
Bio-Rad Laboratories Inc,United States,Health Care,89362535
Bio-Techne Corp,United States,Health Care,133428015
BioArctic AB,Sweden,Health Care,3907825
BioCryst Pharmaceuticals Inc,United States,Health Care,13226292
BioMarin Pharmaceutical Inc,United States,Health Care,288045166
BioMerieux,France,Health Care,105798684
Biocon Ltd,India,Health Care,12154895
Biogen Inc,United States,Health Care,352598913
Biohaven Ltd,United States,Health Care,9160800
Bioneer Corp,South Korea,Health Care,9208907
Biotage AB,Sweden,Health Care,27492028
Bioteque Corp,Taiwan,Health Care,3780091
Biotest AG,Germany,Health Care,14769
Birlasoft Ltd,India,Technology,4364661
Bizlink Holding Inc,Taiwan,Technology,18096777
Black Knight Inc,United States,Technology,97416491
BlackBerry Ltd,Canada,Technology,38422786
BlackRock Inc,United States,Financials,1011590584
Blackbaud Inc,United States,Technology,15731394
Blackline Inc,United States,Technology,10671982
Blackmores Ltd,Australia,Consumer Staples,19920218
Blackstone Inc,United States,Financials,498021371
Blackstone Mortgage Trust Inc,United States,Financials,14267881
Blau Farmaceutica SA,Brazil,Health Care,997017
Block Inc,United States,Industrials,354045807
Bloom Energy Corp,United States,Industrials,102825563
Bloomage Biotechnology Corp Ltd,China,Health Care,21112083
Bloomberry Resorts Corp,Philippines,Consumer Discretionary,13928606
Bloomin' Brands Inc,United States,Consumer Discretionary,16198029
Blucora Inc,United States,Financials,10338118
Blue Dart Express Ltd,India,Industrials,12621696
Blue Moon Group Holdings Ltd,China,Consumer Staples,4581421
Blue Owl Capital Inc,United States,Financials,11860276
Blue Star Ltd,India,Industrials,5162633
BlueScope Steel Ltd,Australia,Basic Materials,93891096
Bluebik Group PCL,Thailand,Technology,2312689
Bluebird Bio Inc,United States,Health Care,258746
Blueprint Medicines Corp,United States,Health Care,27777511
Bluestar Adisseo Co,China,Basic Materials,2293223
Boa Vista Servicos SA,Brazil,Industrials,1140754
Boardwalk Real Estate Investment Trust,Canada,Real Estate,12015071
Bodycote PLC,United Kingdom,Basic Materials,35880725
Boer Power Holdings Ltd,China,Industrials,25357
Boiron SA,France,Health Care,4517121
Boise Cascade Co,United States,Basic Materials,35995853
Bokusgruppen AB,Sweden,Consumer Discretionary,81829
Boliden AB,Sweden,Basic Materials,63258285
Bollore SE,France,Industrials,130371428
Bolsa Mexicana de Valores SAB de CV,Mexico,Financials,965247
Bombardier Inc,Canada,Industrials,20500935
Bombay Burmah Trading Co,India,Industrials,2992706
Bonava AB,Sweden,Consumer Discretionary,5722806
Bonduelle SCA,France,Consumer Staples,6316914
BoneSupport Holding AB,Sweden,Health Care,13842951
Booking Holdings Inc,United States,Consumer Discretionary,1049386525
Boot Barn Holdings Inc,United States,Consumer Discretionary,4851615
Booz Allen Hamilton Holding Corp,United States,Industrials,159499924
Boozt AB,Sweden,Consumer Discretionary,29851799
Boral Ltd,Australia,Industrials,3627736
Boralex Inc,Canada,Utilities,14413521
BorgWarner Inc,United States,Consumer Discretionary,90118140
Borosil Ltd,India,Consumer Discretionary,7675931
Borosil Renewables Ltd,India,Energy,862160
Borouge PLC,United Arab Emirates,Basic Materials,2238847
Boryszew SA,Poland,Industrials,1336362
Bosch Ltd,India,Consumer Discretionary,29258156
Boss Energy Ltd,Australia,Energy,3052855
Bossard Holding AG,Switzerland,Industrials,11758226
Boston Beer Co Inc/The,United States,Consumer Staples,11514417
Boston Properties Inc,United States,Real Estate,855429059
Boston Scientific Corp,United States,Health Care,616503932
Boubyan Bank KSCP,Kuwait,Financials,4093415
Boubyan Petrochemicals Co KSCP,Kuwait,Basic Materials,4736795
Boursa Kuwait Securities Co KPSC,Kuwait,Financials,35036212
Boustead Holdings Bhd,Malaysia,Consumer Discretionary,1677171
Boustead Singapore Ltd,Singapore,Industrials,104844
Bouygues SA,France,Industrials,111284963
Box Inc,United States,Technology,19374067
Boyd Gaming Corp,United States,Consumer Discretionary,41624548
Boyd Group Services Inc,Canada,Consumer Discretionary,33737750
Brack Capital Properties NV,Israel,Real Estate,21771
Brady Corp,United States,Industrials,11330329
BrainChip Holdings Ltd,Australia,Technology,5068728
BrainPad Inc,Japan,Technology,2885489
Brambles Ltd,Australia,Industrials,192424127
Brandywine Realty Trust,United States,Real Estate,11301855
Braskem SA,Brazil,Basic Materials,72634290
Bravida Holding AB,Sweden,Industrials,55071137
Bravura Solutions Ltd,Australia,Technology,1500846
Braze Inc,United States,Technology,1951147
Bread Financial Holdings Inc,United States,Industrials,34438338
Breedon Group PLC,United Kingdom,Industrials,6530551
Brembo SpA,Italy,Consumer Discretionary,33960842
Brenntag SE,Germany,Basic Materials,128402697
Breville Group Ltd,Australia,Consumer Discretionary,29519508
Brickworks Ltd,Australia,Industrials,10103317
Bridgebio Pharma Inc,United States,Health Care,7319734
Bridgepoint Group PLC,United Kingdom,Financials,28815849
Bridgestone Corp,Japan,Consumer Discretionary,298849228
Brigade Enterprises Ltd,India,Real Estate,5059169
Bright Horizons Family Solutions Inc,United States,Consumer Discretionary,35705577
BrightSpire Capital Inc,United States,Financials,5127720
Brightcom Group Ltd,India,Technology,1609187
Brighthouse Financial Inc,United States,Financials,36364581
Brighton-Best International Taiwan Inc,Taiwan,Basic Materials,7080840
Brightsphere Investment Group Inc,United States,Financials,6164739
Brii Biosciences Ltd,Hong Kong,Health Care,1100361
Brilliance China Automotive Holdings Ltd,China,Consumer Discretionary,7212646
Brimstone Investment Corp Ltd,South Africa,Financials,1985307
Brink's Co/The,United States,Industrials,19268409
Brinker International Inc,United States,Consumer Discretionary,12181674
Bristol-Myers Squibb Co,United States,Health Care,1837140721
Britannia Industries Ltd,India,Consumer Staples,45934507
British Land Co PLC/The,United Kingdom,Real Estate,319189550
Britvic PLC,United Kingdom,Consumer Staples,48672566
Brixmor Property Group Inc,United States,Real Estate,67125031
Broadcom Inc,United States,Technology,2170927901
Broadleaf Co Ltd,Japan,Technology,10981525
Broadridge Financial Solutions Inc,United States,Financials,7298684
Broadstone Net Lease Inc,United States,Real Estate,28358487
Brogent Technologies Inc,Taiwan,Consumer Discretionary,930653
Brooge Energy Ltd,United Arab Emirates,Energy,486315
Brookdale Senior Living Inc,United States,Health Care,8858337
Brookfield Asset Management Ltd,Canada,Financials,149887243
Brookfield Corp,Canada,Financials,472425120
Brookfield India Real Estate Trust,India,Real Estate,3685372
Brookfield Infrastructure Corp,Canada,Utilities,43405128
Brookfield Property Preferred LP,United States,Real Estate,23267
Brookfield Reinsurance Ltd,Canada,Financials,1274884
Brookfield Renewable Corp,Canada,Utilities,37746599
Brookline Bancorp Inc,United States,Financials,8501094
Brother Industries Ltd,Japan,Technology,57761385
Brown & Brown Inc,United States,Financials,138606244
Brown-Forman Corp,United States,Consumer Staples,124692380
Bruker Corp,United States,Health Care,76957657
Brunel International NV,Netherlands,Industrials,4539600
Brunello Cucinelli SpA,Italy,Consumer Discretionary,43084900
Brunswick Corp/DE,United States,Industrials,53518607
Bubs Australia Ltd,Australia,Industrials,1333792
Bucher Industries AG,Switzerland,Industrials,70594345
Buckle Inc/The,United States,Consumer Discretionary,3644190
Budimex SA,Poland,Industrials,3471518
Budweiser Brewing Co APAC Ltd,Hong Kong,Consumer Staples,119825842
Bufab AB,Sweden,Industrials,9054393
Builders FirstSource Inc,United States,Industrials,91288171
Bukalapak.com PT Tbk,Indonesia,Technology,24145700
Bukit Sembawang Estates Ltd,Singapore,Real Estate,1498464
Bukwang Pharmaceutical Co Ltd,South Korea,Health Care,2335077
Bumble Inc,United States,Technology,11600676
Bumi Armada Bhd,Malaysia,Energy,28667387
Bumi Serpong Damai Tbk PT,Indonesia,Real Estate,24462598
Bumrungrad Hospital PCL,Thailand,Health Care,35393992
Bunge Ltd,United States,Consumer Staples,182902654
Bunka Shutter Co Ltd,Japan,Industrials,4031610
Bunzl PLC,United Kingdom,Industrials,385576453
Burberry Group PLC,United Kingdom,Consumer Discretionary,140615111
Burckhardt Compression Holding AG,Switzerland,Industrials,48182127
Bure Equity AB,Sweden,Financials,32501081
Bureau Veritas SA,France,Industrials,268422804
Burford Capital Ltd,United Kingdom,Financials,1925586
Burgan Bank SAK,Kuwait,Financials,4941122
Burjeel Holdings PLC,United Arab Emirates,Health Care,9977394
Burlington Stores Inc,United States,Consumer Discretionary,112304303
Bursa Malaysia Bhd,Malaysia,Financials,10400538
BuySell Technologies Co Ltd,Japan,Consumer Discretionary,3717003
Buzzi Unicem SpA,Italy,Industrials,284354
Byggfakta Group Nordic Holdco AB,Sweden,Technology,8224619
Byggmax Group AB,Sweden,Consumer Discretionary,8374307
Bystronic AG,Switzerland,Industrials,26393792
Bytes Technology Group PLC,United Kingdom,Technology,18380352
Byucksan Corp,South Korea,Industrials,582795
C Uyemura & Co Ltd,Japan,Basic Materials,11395537
C&A MODAS SA,Brazil,Consumer Discretionary,104144
C&C Group PLC,United Kingdom,Consumer Staples,15046631
C&D International Investment Group Ltd,China,Real Estate,103525402
C&D Property Management Group Co Ltd,China,Real Estate,2289995
C-Mer Eye Care Holdings Ltd,Hong Kong,Health Care,1882165
C3.ai Inc,United States,Technology,4679389
CA Immobilien Anlagen AG,Austria,Real Estate,14890664
CAC Holdings Corp,Japan,Technology,2317117
CACI International Inc,United States,Technology,68393543
CAE Inc,Canada,Industrials,60371608
CANARIABIO Inc,South Korea,Consumer Staples,1131592
CANCOM SE,Germany,Technology,27473045
CAP SA,Chile,Basic Materials,1223664
CARsgen Therapeutics Holdings Ltd,China,Health Care,3790607
CBIZ Inc,United States,Industrials,23490075
CBRE Group Inc,United States,Real Estate,249658548
CCC Intelligent Solutions Holdings Inc,United States,Technology,3341
CCC SA,Poland,Consumer Discretionary,6442527
CCL Industries Inc,Canada,Industrials,68816943
CCL Products India Ltd,India,Consumer Staples,2101826
CCR SA,Brazil,Industrials,5020472
CD Projekt SA,Poland,Consumer Discretionary,47161177
CDL Hospitality Trusts,Singapore,Real Estate,12454684
CDW Corp/DE,United States,Technology,61254190
CECONOMY AG,Germany,Consumer Discretionary,8127614
CF Industries Holdings Inc,United States,Basic Materials,155582186
CG Power & Industrial Solutions Ltd,India,Industrials,11510428
CGG SA,France,Energy,11062813
CGI Inc,Canada,Technology,198931138
CGN New Energy Holdings Co Ltd,China,Utilities,9926931
CGN Power Co Ltd,China,Utilities,36462811
CH Karnchang PCL,Thailand,Industrials,29388492
CH Robinson Worldwide Inc,United States,Industrials,67643887
CHC Healthcare Group,Taiwan,Health Care,2336515
CHIMNEY Co Ltd,Japan,Consumer Discretionary,308651
CI Financial Corp,Canada,Financials,18909523
CI Takiron Corp,Japan,Industrials,2097056
CIC Holdings PLC,Sri Lanka,Basic Materials,2172156
CIE Automotive SA,Spain,Consumer Discretionary,37547193
CIFI Ever Sunshine Services Group Ltd,China,Real Estate,3979992
CIFI Holdings Group Co Ltd,China,Real Estate,5016917
CIMB Group Holdings Bhd,Malaysia,Financials,129462246
CIMC Enric Holdings Ltd,China,Energy,23355763
CIR SpA-Compagnie Industriali,Italy,Industrials,5856971
CITIC Ltd,China,Industrials,59229246
CITIC Securities Co Ltd,China,Financials,136499243
CITIC Telecom International Holdings Ltd,Hong Kong,Telecommunications,8811816
CJ CGV Co Ltd,South Korea,Consumer Discretionary,818519
CJ CheilJedang Corp,South Korea,Consumer Staples,76291222
CJ Corp,South Korea,Industrials,9288180
CJ ENM Co Ltd,South Korea,Consumer Discretionary,17810921
CJ Freshway Corp,South Korea,Consumer Staples,860470
CJ Logistics Corp,South Korea,Industrials,5606883
CK Asset Holdings Ltd,Hong Kong,Real Estate,191568974
CK Hutchison Holdings Ltd,Hong Kong,Industrials,260419935
CK Infrastructure Holdings Ltd,Hong Kong,Utilities,53376669
CK Power PCL,Thailand,Utilities,606893
CKD Corp,Japan,Industrials,7685751
CLS Holdings PLC,United Kingdom,Real Estate,5475943
CMBC Capital Holdings Ltd,Hong Kong,Industrials,365197
CMC Magnetics Corp,Taiwan,Technology,3348336
CMC Markets PLC,United Kingdom,Financials,21195229
CME Group Inc,United States,Financials,596211112
CMG Pharmaceutical Co Ltd,South Korea,Health Care,1347622
CMGE Technology Group Ltd,China,Consumer Discretionary,1093152
CMIC Holdings Co Ltd,Japan,Health Care,1243215
CMK Corp,Japan,Technology,1546872
CMS Energy Corp,United States,Utilities,110756444
CNA Financial Corp,United States,Financials,14003643
CNH Industrial NV,Italy,Industrials,290230264
CNO Financial Group Inc,United States,Financials,32204539
COFCO Joycome Foods Ltd,China,Consumer Staples,7964337
COLOPL Inc,Japan,Consumer Discretionary,2236517
COMSYS Holdings Corp,Japan,Industrials,25519005
CONEXIO Corp,Japan,Consumer Discretionary,2603496
CONMED Corp,United States,Health Care,15963975
COOKPAD Inc,Japan,Technology,455444
COSCO SHIPPING Development Co Ltd,China,Industrials,2917615
COSCO SHIPPING Energy Transportation Co Ltd,China,Industrials,12228240
COSCO SHIPPING Holdings Co Ltd,China,Industrials,27483440
COSCO SHIPPING International Singapore Co Ltd,Singapore,Industrials,1396339
COSCO SHIPPING Ports Ltd,China,Industrials,15043123
COSMO Pharmaceuticals NV,Switzerland,Health Care,13793416
COSON Co Ltd,South Korea,Consumer Discretionary,3983
CP ALL PCL,Thailand,Consumer Staples,312197594
CPFL Energia SA,Brazil,Utilities,1193496
CPMC Holdings Ltd,China,Industrials,2971591
CR2 Empreendimentos Imobiliarios SA,Brazil,Real Estate,218707
CRA International Inc,United States,Industrials,1628319
CRE Logistics REIT Inc,Japan,Real Estate,5193081
CRH PLC,United Kingdom,Industrials,569869723
CRISIL Ltd,India,Financials,5598481
CRISPR Therapeutics AG,United States,Health Care,29082148
CS Disco Inc,United States,Industrials,11213298
CS Wind Corp,South Korea,Energy,46960224
CSBC Corp Taiwan,Taiwan,Industrials,1463340
CSC Financial Co Ltd,China,Financials,9995666
CSG Holding Co Ltd,China,Industrials,5969925
CSG Systems International Inc,United States,Technology,18297193
CSL Ltd,Australia,Health Care,1545084236
CSPC Pharmaceutical Group Ltd,China,Health Care,140470903
CSR Ltd,Australia,Industrials,40472775
CSW Industrials Inc,United States,Industrials,1414346
CSX Corp,United States,Industrials,605791161
CStone Pharmaceuticals,China,Health Care,1398500
CTBC Financial Holding Co Ltd,Taiwan,Financials,209852769
CTCI Corp,Taiwan,Industrials,17220047
CTI BioPharma Corp,United States,Health Care,2933481
CTOS Digital Bhd,Malaysia,Industrials,4783675
CTP NV,Netherlands,Real Estate,55457447
CTS Co Ltd,Japan,Industrials,6936074
CTS Corp,United States,Technology,10696656
CTS Eventim AG & Co KGaA,Germany,Consumer Discretionary,100173407
CTS Global Equity Group,Philippines,Financials,155040
CTT-Correios de Portugal SA,Portugal,Industrials,16695560
CUROCOM Co Ltd,South Korea,Technology,283943
CVB Financial Corp,United States,Financials,29578098
CVC Brasil Operadora e Agencia de Viagens SA,Brazil,Consumer Discretionary,492476
CVR Energy Inc,United States,Energy,15619073
CVS Group PLC,United Kingdom,Consumer Discretionary,21381008
CVS Health Corp,United States,Consumer Staples,1396179103
Cable One Inc,United States,Telecommunications,33658876
Cabot Corp,United States,Basic Materials,15522855
Cactus Inc,United States,Energy,23617275
Cadence Bank,United States,Financials,46971505
Cadence Design Systems Inc,United States,Technology,777617116
Caesars Entertainment Inc,United States,Consumer Discretionary,110202685
Cafe de Coral Holdings Ltd,Hong Kong,Consumer Discretionary,12189945
Cafe24 Corp,South Korea,Technology,764253
Cahya Mata Sarawak Bhd,Malaysia,Industrials,1843348
Cairn Homes PLC,Ireland,Consumer Discretionary,1632557
Cairo Communication SpA,Italy,Consumer Discretionary,2197969
Cairo Investment & Real Estate Development Co SAE,Egypt,Consumer Discretionary,14520515
CaixaBank SA,Spain,Financials,200737133
Cal-Comp Electronics Thailand PCL,Thailand,Technology,246816
Cal-Maine Foods Inc,United States,Consumer Staples,393075
Calavo Growers Inc,United States,Consumer Staples,5537108
Calbee Inc,Japan,Consumer Staples,35696833
Caleres Inc,United States,Consumer Discretionary,153999
California Water Service Group,United States,Utilities,31386779
Calix Inc,United States,Telecommunications,34149444
Calix Ltd,Australia,Health Care,6040914
Camden Property Trust,United States,Real Estate,333910559
Cameco Corp,Canada,Energy,72817824
Camil Alimentos SA,Brazil,Consumer Staples,421384
Campbell Soup Co,United States,Consumer Staples,161576671
Camping World Holdings Inc,United States,Consumer Discretionary,3932338
Camtek Ltd/Israel,Israel,Technology,895218
Camurus AB,Sweden,Health Care,10022447
Can Fin Homes Ltd,India,Financials,3735455
CanSino Biologics Inc,China,Health Care,1710
Canaan Inc,China,Technology,14
Canada Goose Holdings Inc,Canada,Consumer Discretionary,8532052
Canadian Apartment Properties REIT,Canada,Real Estate,52908238
Canadian Imperial Bank of Commerce,Canada,Financials,296632968
Canadian National Railway Co,Canada,Industrials,710128934
Canadian Pacific Railway Ltd,Canada,Industrials,1119704810
Canadian Tire Corp Ltd,Canada,Consumer Discretionary,62413515
Canadian Utilities Ltd,Canada,Utilities,6327700
Canadian Western Bank,Canada,Financials,17734224
Canara Bank,India,Financials,13389854
Canfor Corp,Canada,Basic Materials,11556989
Cannae Holdings Inc,United States,Financials,17062001
Cano Health Inc,United States,Health Care,3619951
Canon Electronics Inc,Japan,Technology,2193372
Canon Inc,Japan,Technology,133459838
Canon Marketing Japan Inc,Japan,Technology,22513495
Canvest Environmental Protection Group Co Ltd,China,Utilities,2437015
Capcom Co Ltd,Japan,Consumer Discretionary,97643512
Capgemini SE,France,Technology,640346175
Capita PLC,United Kingdom,Industrials,10228912
CapitaLand Ascendas REIT,Singapore,Real Estate,117029993
CapitaLand Ascott Trust,Singapore,Real Estate,25725678
CapitaLand China Trust,Singapore,Real Estate,11224264
CapitaLand Integrated Commercial Trust,Singapore,Real Estate,124008631
Capital & Counties Properties PLC,United Kingdom,Real Estate,163539273
Capital One Financial Corp,United States,Industrials,310021414
Capital Securities Corp,Taiwan,Financials,13706023
Capitaland India Trust,Singapore,Real Estate,13602800
Capitaland Investment Ltd/Singapore,Singapore,Real Estate,109976127
Capitec Bank Holdings Ltd,South Africa,Financials,78958039
Capitol Federal Financial Inc,United States,Financials,10243226
Capri Holdings Ltd,United States,Consumer Discretionary,79219565
Capricorn Metals Ltd,Australia,Basic Materials,17407210
Captor Therapeutics SA,Poland,Health Care,3547449
CarMax Inc,United States,Consumer Discretionary,97408534
CarParts.com Inc,United States,Consumer Discretionary,1387216
Carabao Group PCL,Thailand,Consumer Staples,63693
Carbacid Investments Ltd,Kenya,Industrials,741355
Carborundum Universal Ltd,India,Basic Materials,6362767
Card Factory PLC,United Kingdom,Consumer Discretionary,1
Cardinal Health Inc,United States,Health Care,215086104
Cardiovascular Systems Inc,United States,Health Care,3003210
Cardlytics Inc,United States,Consumer Discretionary,2338420
Care Ratings Ltd,India,Financials,1563738
CareDx Inc,United States,Health Care,4565620
CareMax Inc,United States,Health Care,2126125
CareTrust REIT Inc,United States,Real Estate,24217339
Career Technology MFG. Co Ltd,Taiwan,Technology,2824803
Careerlink Co Ltd,Japan,Industrials,795435
Caregen Co Ltd,South Korea,Health Care,423931
Carel Industries SpA,Italy,Industrials,38407835
Cargills Ceylon PLC,Sri Lanka,Consumer Staples,2296986
Cargojet Inc,Canada,Industrials,12047607
Cargotec Oyj,Finland,Industrials,51372421
Cargurus Inc,United States,Technology,15721139
Caribou Biosciences Inc,United States,Health Care,1358364
Carl Zeiss Meditec AG,Germany,Health Care,46217664
Carlisle Cos Inc,United States,Industrials,239526678
Carlsberg AS,Denmark,Consumer Staples,374109680
Carlsberg Brewery Malaysia Bhd,Malaysia,Consumer Staples,15989863
Carlyle Group Inc/The,United States,Financials,100905631
Carmila SA,France,Real Estate,28173798
Carnival Corp,United States,Consumer Discretionary,10450878
Carnival PLC,United Kingdom,Consumer Discretionary,81341496
Carpenter Technology Corp,United States,Basic Materials,20327897
Carrefour SA,France,Consumer Staples,131899927
Carriage Services Inc,United States,Consumer Discretionary,1068552
Carrier Global Corp,United States,Industrials,289363264
Cars Motorcycles and Marine Engine Trade and Import Co SA,Greece,Consumer Discretionary,1137354
Carta Holdings Inc,Japan,Technology,752254
Carter's Inc,United States,Consumer Discretionary,22563855
Cartrade Tech Ltd,India,Technology,41965
Carvana Co,United States,Consumer Discretionary,3827266
Cascades Inc,Canada,Basic Materials,5460829
Casella Waste Systems Inc,United States,Utilities,34105838
Casey's General Stores Inc,United States,Consumer Staples,82961489
Cash Converters International Ltd,Australia,Financials,421215
Casino Guichard Perrachon SA,France,Consumer Staples,11572399
Casio Computer Co Ltd,Japan,Consumer Discretionary,16703768
Cassava Sciences Inc,United States,Health Care,9749441
Castellum AB,Sweden,Real Estate,80317985
Castile Resources Ltd,Australia,Basic Materials,6
Castle Biosciences Inc,United States,Health Care,3088448
Castrol India Ltd,India,Basic Materials,6967584
Catalent Inc,United States,Health Care,66525005
Catalyst Pharmaceuticals Inc,United States,Health Care,5847840
Catapult Group International Ltd,Australia,Industrials,2102275
Catcher Technology Co Ltd,Taiwan,Technology,41845424
Catena AB,Sweden,Real Estate,29462664
Caterpillar Inc,United States,Industrials,1145491355
Cathay Financial Holding Co Ltd,Taiwan,Financials,192373863
Cathay General Bancorp,United States,Financials,29967924
Cathay Pacific Airways Ltd,Hong Kong,Consumer Discretionary,27739732
Cathay Real Estate Development Co Ltd,Taiwan,Real Estate,4780439
Cavatina Holding SA,Poland,Real Estate,3370783
Cavco Industries Inc,United States,Consumer Discretionary,19595513
Caverion Oyj,Finland,Industrials,831544
Cawachi Ltd,Japan,Consumer Staples,1778875
Caxton and CTP Publishers and Printers Ltd,South Africa,Consumer Discretionary,5449089
Cboe Global Markets Inc,United States,Financials,156438380
Ceat Ltd,India,Consumer Discretionary,14918578
Cebu Air Inc,Philippines,Consumer Discretionary,5391353
Cedar Woods Properties Ltd,Australia,Real Estate,2068681
Celanese Corp,United States,Basic Materials,152443214
Celestica Inc,Canada,Technology,11351179
Cellavision AB,Sweden,Health Care,1764110
Cellcom Israel Ltd,Israel,Telecommunications,14548520
Cellectis SA,France,Health Care,691517
Cellid Co Ltd,South Korea,Health Care,728212
Cellivery Therapeutics Inc,South Korea,Health Care,1987558
Cellnex Telecom SA,Spain,Telecommunications,836177801
Celltrion Healthcare Co Ltd,South Korea,Health Care,72736807
Celltrion Inc,South Korea,Health Care,210763953
Celltrion Pharm Inc,South Korea,Health Care,8972376
Celon Pharma SA,Poland,Health Care,763954
Celsius Holdings Inc,United States,Consumer Staples,18860267
Cembra Money Bank AG,Switzerland,Financials,39761173
Cementir Holding NV,Italy,Industrials,11347755
Cementos Argos SA,Colombia,Industrials,4854210
Cemex SAB de CV,Mexico,Industrials,94573897
Cencosud SA,Chile,Consumer Staples,15423655
Cencosud Shopping SA,Chile,Real Estate,16134815
Centamin PLC,United Kingdom,Basic Materials,44223274
Centene Corp,United States,Health Care,708979976
Center Laboratories Inc,Taiwan,Health Care,8908443
CenterPoint Energy Inc,United States,Utilities,84263953
Centerspace,United States,Real Estate,8193852
Central China Management Co Ltd,China,Real Estate,163696
Central China Securities Co Ltd,China,Financials,1414065
Central Depository Services India Ltd,India,Financials,5930894
Central Garden & Pet Co,United States,Consumer Discretionary,13824349
Central Glass Co Ltd,Japan,Industrials,6476364
Central Japan Railway Co,Japan,Industrials,490094394
Central Pattana PCL,Thailand,Real Estate,46302928
Central Plaza Hotel PCL,Thailand,Consumer Discretionary,2719009
Central Retail Corp PCL,Thailand,Consumer Discretionary,13631831
Central Security Patrols Co Ltd,Japan,Industrials,1236652
Central Sports Co Ltd,Japan,Consumer Discretionary,377824
Centrica PLC,United Kingdom,Utilities,42817884
Centuria Capital Group,Australia,Financials,6255284
Centuria Industrial REIT,Australia,Real Estate,13524849
Centuria Office REIT,Australia,Real Estate,4786793
Century Aluminum Co,United States,Basic Materials,3518979
Century Communities Inc,United States,Consumer Discretionary,3062262
Century Iron & Steel Industrial Co Ltd,Taiwan,Basic Materials,6004581
Century Pacific Food Inc,Philippines,Consumer Staples,3513920
Century Plyboards India Ltd,India,Basic Materials,35662855
Century Textiles & Industries Ltd,India,Basic Materials,2815843
Ceragon Networks Ltd,Israel,Telecommunications,203329
Cerence Inc,United States,Technology,12117712
Cerevel Therapeutics Holdings Inc,United States,Health Care,5504929
Ceridian HCM Holding Inc,United States,Technology,17303949
Certara Inc,United States,Health Care,15915407
Cewe Stiftung & Co KGAA,Germany,Consumer Discretionary,14151766
Ceylon Cold Stores PLC,Sri Lanka,Consumer Staples,1243109
Chaarat Gold Holdings Ltd,Kyrgyzstan,Basic Materials,2408996
Chabiotech Co Ltd,South Korea,Health Care,4003722
Chailease Holding Co Ltd,Taiwan,Financials,167319833
Chalice Mining Ltd,Australia,Basic Materials,34889324
Challenger Ltd,Australia,Financials,10963865
Chambal Fertilisers and Chemicals Ltd,India,Basic Materials,5930973
Champion Building Materials Co Ltd,Taiwan,Industrials,235081
Champion Iron Ltd,Australia,Basic Materials,10984477
Champion REIT,Hong Kong,Real Estate,4962928
ChampionX Corp,United States,Energy,1768651
Chandra Asri Petrochemical Tbk PT,Indonesia,Basic Materials,3920170
Chang Hwa Commercial Bank Ltd,Taiwan,Financials,55042700
Chang Wah Electromaterials Inc,Taiwan,Technology,4738888
Chang Wah Technology Co Ltd,Taiwan,Technology,1637894
Changchun High & New Technology Industry Group Inc,China,Health Care,9337740
Change Inc,Japan,Technology,15460988
Channel Infrastructure NZ Ltd,New Zealand,Energy,177259
Chaowei Power Holdings Ltd,China,Consumer Discretionary,392568
Chaozhou Three-Circle Group Co Ltd,China,Technology,50816883
ChargePoint Holdings Inc,United States,Energy,24709022
Charles River Laboratories International Inc,United States,Health Care,95175887
Charles Schwab Corp/The,United States,Financials,1304679288
Charm Care Corp KK,Japan,Health Care,8284411
Charoen Pokphand Enterprise,Taiwan,Consumer Staples,12282468
Charoen Pokphand Indonesia Tbk PT,Indonesia,Consumer Staples,11446523
Chart Industries Inc,United States,Industrials,50014314
Charter Communications Inc,United States,Telecommunications,123360172
Charter Hall Group,Australia,Real Estate,50266482
Charter Hall Long Wale REIT,Australia,Real Estate,24516117
Charter Hall Retail REIT,Australia,Real Estate,15536185
Charter Hall Social Infrastructure REIT,Australia,Real Estate,8608961
Chartwell Retirement Residences,Canada,Real Estate,12589145
Check Point Software Technologies Ltd,United States,Technology,196243394
Cheesecake Factory Inc/The,United States,Consumer Discretionary,13927191
Chegg Inc,United States,Consumer Discretionary,45304208
Cheil Worldwide Inc,South Korea,Consumer Discretionary,11387938
Chemed Corp,United States,Health Care,71705206
Chemometec A/S,Denmark,Health Care,40740080
Chemours Co/The,United States,Basic Materials,47013274
Chemplast Sanmar Ltd,India,Basic Materials,13120572
Chemring Group PLC,United Kingdom,Industrials,36913342
Cheng Shin Rubber Industry Co Ltd,Taiwan,Consumer Discretionary,33387929
Cheng Uei Precision Industry Co Ltd,Taiwan,Technology,10332474
Chengdu Hongqi Chain Co Ltd,China,Consumer Discretionary,23099141
Cheniere Energy Inc,United States,Energy,252811416
Chennai Super Kings Cricket Ltd,India,Industrials,56610
Cherrypick Games SA,Poland,Consumer Discretionary,6153
Chervon Holdings Ltd,Hong Kong,Industrials,7650318
Chesapeake Utilities Corp,United States,Utilities,6750087
Chesnara PLC,United Kingdom,Financials,904244
Chevron Corp,United States,Energy,2975562963
Chiba Bank Ltd/The,Japan,Financials,71907712
Chiba Kogyo Bank Ltd/The,Japan,Financials,145561
Chicony Electronics Co Ltd,Taiwan,Technology,29136141
Chicony Power Technology Co Ltd,Taiwan,Technology,2567487
Chief Telecom Inc,Taiwan,Telecommunications,2971320
Children's Place Inc/The,United States,Consumer Discretionary,898226
Chilled & Frozen Logistics Holdings Co Ltd,Japan,Industrials,1751434
Chimera Investment Corp,United States,Financials,10395495
Chin-Poon Industrial Co Ltd,Taiwan,Technology,5659015
China Airlines Ltd,Taiwan,Consumer Discretionary,25305611
China Aoyuan Group Ltd,China,Real Estate,76
China CITIC Bank Corp Ltd,China,Financials,42112715
China CSSC Holdings Ltd,China,Industrials,8653423
China Chemical & Pharmaceutical Co Ltd,Taiwan,Health Care,2847326
China Communications Services Corp Ltd,China,Telecommunications,26088348
China Conch Environment Protection Holdings Ltd,China,Utilities,7486406
China Conch Venture Holdings Ltd,China,Energy,36610801
China Construction Bank Corp,China,Financials,677162887
China Datang Corp Renewable Power Co Ltd,China,Utilities,5424465
China Development Financial Holding Corp,Taiwan,Financials,103836145
China Dili Group,China,Real Estate,203625
China Dongxiang Group Co Ltd,China,Consumer Discretionary,1616101
China East Education Holdings Ltd,China,Consumer Discretionary,80619
China Eastern Airlines Corp Ltd,China,Consumer Discretionary,34712767
China Education Group Holdings Ltd,China,Consumer Discretionary,9366338
China Electric Manufacturing Corp,Taiwan,Consumer Staples,1719528
China Everbright Bank Co Ltd,China,Financials,10162162
China Everbright Environment Group Ltd,China,Utilities,8638846
China Everbright Greentech Ltd,China,Utilities,97493
China Everbright Ltd,China,Financials,7716444
China Evergrande Group,China,Real Estate,48
China Fangda Group Co Ltd,China,Industrials,481176
China Feihe Ltd,China,Consumer Staples,45455324
China Foods Ltd,China,Consumer Staples,3629943
China Galaxy Securities Co Ltd,China,Financials,27107555
China Gas Holdings Ltd,China,Utilities,15935540
China General Plastics Corp,Taiwan,Basic Materials,7231363
China High Speed Transmission Equipment Group Co Ltd,China,Energy,2857037
China ITS Holdings Co Ltd,China,Industrials,15451
China International Capital Corp Ltd,China,Financials,75581379
China International Marine Containers Group Co Ltd,China,Industrials,7047227
China Jinmao Holdings Group Ltd,China,Real Estate,15675131
China Jushi Co Ltd,China,Basic Materials,868604
China Kepei Education Group Ltd,China,Consumer Discretionary,24625
China LNG Group Ltd,Hong Kong,Financials,23
China Lesso Group Holdings Ltd,China,Industrials,12603604
China Life Insurance Co Ltd,China,Financials,196722875
China Lilang Ltd,China,Consumer Discretionary,2577820
China Literature Ltd,China,Technology,24979798
China Longyuan Power Group Corp Ltd,China,Energy,59042907
China Man-Made Fiber Corp,Taiwan,Basic Materials,3425908
China Medical System Holdings Ltd,China,Health Care,17001576
China Meidong Auto Holdings Ltd,China,Consumer Discretionary,14631967
China Mengniu Dairy Co Ltd,China,Consumer Staples,142246860
China Merchants Bank Co Ltd,China,Financials,620360619
China Merchants Energy Shipping Co Ltd,China,Industrials,9649438
China Merchants Land Ltd,China,Real Estate,1167093
China Merchants Port Holdings Co Ltd,China,Industrials,24890004
China Merchants Securities Co Ltd,China,Financials,8403378
China Merchants Shekou Industrial Zone Holdings Co Ltd,China,Real Estate,20052700
China Metal Products,Taiwan,Basic Materials,4800092
China Minsheng Banking Corp Ltd,China,Financials,69
China Modern Dairy Holdings Ltd,China,Consumer Staples,1248765
China Motor Corp,Taiwan,Consumer Discretionary,9636096
China National Accord Medicines Corp Ltd,China,Consumer Staples,1544654
China National Software & Service Co Ltd,China,Technology,8390753
China New Higher Education Group Ltd,China,Consumer Discretionary,492
China Nonferrous Mining Corp Ltd,China,Basic Materials,13279068
China Northern Rare Earth Group High-Tech Co Ltd,China,Basic Materials,12309849
China Oilfield Services Ltd,China,Energy,33974782
China Oriental Group Co Ltd,China,Basic Materials,4844626
China Overseas Grand Oceans Group Ltd,China,Real Estate,7874362
China Overseas Land & Investment Ltd,China,Real Estate,124743895
China Overseas Property Holdings Ltd,China,Real Estate,24579736
China Pacific Insurance Group Co Ltd,China,Financials,180620106
China Petrochemical Development Corp,Taiwan,Basic Materials,16118020
China Petroleum & Chemical Corp,China,Energy,170558017
China Railway Signal & Communication Corp Ltd,China,Industrials,4614533
China Reinsurance Group Corp,China,Financials,5064380
China Renaissance Holdings Ltd,China,Financials,1426965
China Resources Beer Holdings Co Ltd,China,Consumer Staples,193998047
China Resources Gas Group Ltd,China,Utilities,62506817
China Resources Land Ltd,China,Real Estate,248519900
China Resources Medical Holdings Co Ltd,China,Health Care,18943547
China Resources Mixc Lifestyle Services Ltd,China,Real Estate,115167442
China Resources Pharmaceutical Group Ltd,China,Health Care,32873523
China Resources Sanjiu Medical & Pharmaceutical Co Ltd,China,Health Care,30850387
China Risun Group Ltd,China,Basic Materials,15145760
China Ruyi Holdings Ltd,China,Technology,8453435
China SCE Group Holdings Ltd,China,Real Estate,2064731
China Shineway Pharmaceutical Group Ltd,China,Health Care,2855142
China South City Holdings Ltd,China,Real Estate,287
China Southern Airlines Co Ltd,China,Consumer Discretionary,39327486
China State Construction Engineering Corp Ltd,China,Industrials,13097360
China Steel Chemical Corp,Taiwan,Basic Materials,5804901
China Steel Corp,Taiwan,Basic Materials,189080746
China Suntien Green Energy Corp Ltd,China,Utilities,29871876
China Taiping Insurance Holdings Co Ltd,China,Financials,9858849
China Three Gorges Renewables Group Co Ltd,China,Utilities,8940259
China Tourism Group Duty Free Corp Ltd,China,Consumer Discretionary,144873624
China Tower Corp Ltd,China,Telecommunications,41331881
China Travel International Investment Hong Kong Ltd,Hong Kong,Consumer Discretionary,9099696
China Tungsten And Hightech Materials Co Ltd,China,Basic Materials,7311650
China Vanke Co Ltd,China,Real Estate,42714516
China Water Affairs Group Ltd,China,Utilities,228086
China World Trade Center Co Ltd,China,Real Estate,2945254
China Yangtze Power Co Ltd,China,Utilities,17116211
China Yongda Automobiles Services Holdings Ltd,China,Consumer Discretionary,34408971
China Yuhua Education Corp Ltd,China,Consumer Discretionary,9955
Chinasoft International Ltd,China,Technology,21403557
Chindata Group Holdings Ltd,China,Technology,22635836
Chinese Estates Holdings Ltd,Hong Kong,Real Estate,161
Chinook Therapeutics Inc,United States,Health Care,7973341
ChipMOS Technologies Inc,Taiwan,Technology,12703133
Chipbond Technology Corp,Taiwan,Technology,21078237
Chipotle Mexican Grill Inc,United States,Consumer Discretionary,449073626
Chiyoda Co Ltd,Japan,Consumer Discretionary,1249351
Chiyoda Corp,Japan,Industrials,17610033
Chiyoda Integre Co Ltd,Japan,Technology,1971470
Chocoladefabriken Lindt & Spruengli AG,Switzerland,Consumer Staples,515309479
Chofu Seisakusho Co Ltd,Japan,Consumer Discretionary,2498341
Choice Hotels International Inc,United States,Consumer Discretionary,6235525
Choice Properties Real Estate Investment Trust,Canada,Real Estate,24456403
Cholamandalam Financial Holdings Ltd,India,Financials,3135653
Cholamandalam Investment and Finance Co Ltd,India,Financials,91524753
Chong Hong Construction Co Ltd,Taiwan,Real Estate,10575141
Chong Kun Dang Pharmaceutical Corp,South Korea,Health Care,4351786
Chongkundang Holdings Corp,South Korea,Health Care,1280299
Chongqing Changan Automobile Co Ltd,China,Consumer Discretionary,30214846
Chongqing Rural Commercial Bank Co Ltd,China,Financials,4890527
Chongqing Zhifei Biological Products Co Ltd,China,Health Care,23430180
Chori Co Ltd,Japan,Basic Materials,1845020
Chorus Ltd,New Zealand,Telecommunications,23855823
Chow Sang Sang Holdings International Ltd,Hong Kong,Consumer Discretionary,12735305
Chow Tai Fook Jewellery Group Ltd,Hong Kong,Consumer Discretionary,125645402
Chr Hansen Holding A/S,Denmark,Health Care,286250573
Christian Dior SE,France,Consumer Discretionary,228933139
Chroma ATE Inc,Taiwan,Industrials,57178369
Chrysalis Investments Ltd,United Kingdom,Financials,616027
Chuan Hup Holdings Ltd,Singapore,Technology,1653133
Chubb Ltd,United States,Financials,597865487
Chubu Electric Power Co Inc,Japan,Utilities,55238416
Chubu Shiryo Co Ltd,Japan,Consumer Staples,1326759
Chudenko Corp,Japan,Industrials,3684245
Chugai Pharmaceutical Co Ltd,Japan,Health Care,251427741
Chugai Ro Co Ltd,Japan,Industrials,165546
Chugin Financial Group Inc,Japan,Financials,18133056
Chugoku Marine Paints Ltd,Japan,Industrials,2781491
Chularat Hospital PCL,Thailand,Health Care,9764679
Chun Yuan Steel Industry Co Ltd,Taiwan,Basic Materials,1569286
Chunbo Co Ltd,South Korea,Basic Materials,10261221
Chung Hung Steel Corp,Taiwan,Basic Materials,11364757
Chung-Hsin Electric & Machinery Manufacturing Corp,Taiwan,Industrials,25143564
Chunghwa Precision Test Tech Co Ltd,Taiwan,Technology,2105204
Chunghwa Telecom Co Ltd,Taiwan,Telecommunications,223398489
Chuo Spring Co Ltd,Japan,Consumer Discretionary,427361
Church & Dwight Co Inc,United States,Consumer Staples,187275570
Churchill Downs Inc,United States,Consumer Discretionary,75299949
Cia Energetica de Minas Gerais,Brazil,Utilities,14129033
Cia Energetica do Ceara,Brazil,Utilities,240434
Cia Paranaense de Energia,Brazil,Utilities,7
Cia Sud Americana de Vapores SA,Chile,Industrials,8429487
Cia de Distribucion Integral Logista Holdings SA,Spain,Industrials,34893276
Cia de Saneamento Basico do Estado de Sao Paulo,Brazil,Utilities,39786554
Cian PLC,Russia,Real Estate,106023
Cibus Nordic Real Estate AB,Sweden,Real Estate,5672306
Cie Financiere Richemont SA,Switzerland,Consumer Discretionary,1747187966
Cie Generale des Etablissements Michelin SCA,France,Consumer Discretionary,602322976
Cie Plastic Omnium SA,France,Consumer Discretionary,21549021
Cie d'Entreprises CFE,Belgium,Industrials,1079226
Cie de L'Odet SE,France,Industrials,12204569
Cie de Saint-Gobain,France,Industrials,909932606
Cie des Alpes,France,Consumer Discretionary,1448885
Ciech SA,Poland,Basic Materials,9637691
Cielo SA,Brazil,Industrials,58903734
Ciena Corp,United States,Telecommunications,151059093
Cigna Corp,United States,Health Care,939921456
Cimpress PLC,United States,Industrials,3684996
Cincinnati Financial Corp,United States,Financials,145787387
Cinda International Holdings Ltd,China,Financials,69371
Cinemark Holdings Inc,United States,Consumer Discretionary,8659238
Cint Group AB,Sweden,Technology,21408323
Cintas Corp,United States,Industrials,369922845
Cipla Ltd/India,India,Health Care,236296874
Ciputra Development Tbk PT,Indonesia,Real Estate,30765559
Cirrus Logic Inc,United States,Technology,43434576
Cisarua Mountain Dairy PT TBK,Indonesia,Consumer Staples,7512737
Cisco Systems Inc,United States,Telecommunications,1985036746
Citic Pacific Special Steel Group Co Ltd,China,Basic Materials,23258611
Citigroup Inc,United States,Financials,611022473
Citizen Watch Co Ltd,Japan,Consumer Discretionary,3992734
Citizens Financial Group Inc,United States,Financials,188441907
City Bank Ltd/The,Bangladesh,Financials,8685763
City Chic Collective Ltd,Australia,Consumer Discretionary,1619913
City Developments Ltd,Singapore,Real Estate,40556387
City Holding Co,United States,Financials,11158698
City Union Bank Ltd,India,Financials,6063854
Citycon Oyj,Finland,Real Estate,12268040
Clal Insurance Enterprises Holdings Ltd,Israel,Financials,20428279
Clariant AG,Switzerland,Basic Materials,89642197
Clarivate PLC,United States,Technology,64002886
Clarkson PLC,United Kingdom,Industrials,28488532
Claros Mortgage Trust Inc,United States,Financials,360822
Clas Ohlson AB,Sweden,Consumer Discretionary,6555818
Classys Inc,South Korea,Financials,3120477
Clean Harbors Inc,United States,Utilities,66013855
Clean Science & Technology Ltd,India,Basic Materials,2935199
Clean TeQ Water Ltd,Australia,Industrials,43420
Cleanaway Co Ltd,Taiwan,Utilities,9048169
Cleanaway Waste Management Ltd,Australia,Utilities,38942261
Cleanup Corp,Japan,Consumer Discretionary,2117022
Clear Channel Outdoor Holdings Inc,United States,Consumer Discretionary,2595915
Clear Sale SA,Brazil,Technology,53317
Clear Secure Inc,United States,Technology,3288528
Clearwater Analytics Holdings Inc,United States,Financials,7027237
Clearwater Paper Corp,United States,Basic Materials,1187272
Clearway Energy Inc,United States,Utilities,29870572
Cleveland-Cliffs Inc,United States,Basic Materials,50678081
Clevo Co,Taiwan,Technology,8708241
Clicks Group Ltd,South Africa,Consumer Staples,5449219
Clinuvel Pharmaceuticals Ltd,Australia,Health Care,8339100
Clipan Finance Indonesia Tbk PT,Indonesia,Financials,1445320
Cloetta AB,Sweden,Consumer Staples,9934407
Clorox Co/The,United States,Consumer Staples,97526684
Close Brothers Group PLC,United Kingdom,Financials,17931250
Cloudflare Inc,United States,Technology,124627740
Cluey Ltd,Australia,Consumer Discretionary,1294091
Cnergenz Bhd,Malaysia,Technology,2203745
Co-Tech Development Corp,Taiwan,Basic Materials,4598917
CoStar Group Inc,United States,Real Estate,317195528
Coastal Contracts Bhd,Malaysia,Industrials,2639820
Coats Group PLC,United Kingdom,Industrials,23783508
Cobram Estate Olives Ltd,Australia,Consumer Staples,4157169
Coca-Cola Bottlers Japan Holdings Inc,Japan,Consumer Staples,22517245
Coca-Cola Co/The,United States,Consumer Staples,2877934964
Coca-Cola Consolidated Inc,United States,Consumer Staples,31756585
Coca-Cola Embonor SA,Chile,Consumer Staples,7571463
Coca-Cola Europacific Partners PLC,United States,Consumer Staples,63743270
Coca-Cola Femsa SAB de CV,Mexico,Consumer Staples,5972180
Coca-Cola HBC AG,United Kingdom,Consumer Staples,224731050
Coca-Cola Icecek AS,Turkey,Consumer Staples,33849195
Cochlear Ltd,Australia,Health Care,139265181
Coconala Inc,Japan,Technology,945986
Codan Ltd/Australia,Australia,Telecommunications,9302510
Coeur Mining Inc,United States,Basic Materials,2506288
Coface SA,France,Financials,34032810
Coffee Day Enterprises Ltd,India,Consumer Staples,3318762
Cofinimmo SA,Belgium,Real Estate,74845228
Coforge Ltd,India,Technology,19307823
Cogeco Communications Inc,Canada,Telecommunications,7807933
Cogent Communications Holdings Inc,United States,Telecommunications,39772374
Cogna Educacao,Brazil,Consumer Discretionary,22442106
Cognex Corp,United States,Industrials,78650710
Cognizant Technology Solutions Corp,United States,Technology,367336346
Cohen & Steers Inc,United States,Financials,15695569
Coherent Corp,United States,Technology,43439163
Coinbase Global Inc,United States,Financials,52805808
Colbun SA,Chile,Utilities,31079485
Coles Group Ltd,Australia,Consumer Staples,262605308
Colgate-Palmolive Co,United States,Consumer Staples,629161157
Colgate-Palmolive India Ltd,India,Consumer Staples,19042953
Collector Bank AB,Sweden,Financials,5090748
Colliers International Group Inc,Canada,Real Estate,31929401
Collins Foods Ltd,Australia,Consumer Discretionary,5808195
Coloplast A/S,Denmark,Health Care,390704635
Colowide Co Ltd,Japan,Consumer Discretionary,1347
Colt CZ Group SE,Czech Republic,Industrials,1219512
Columbia Banking System Inc,United States,Financials,1241597
Columbia Financial Inc,United States,Financials,5678493
Columbia Sportswear Co,United States,Consumer Discretionary,26486995
Columbus McKinnon Corp/NY,United States,Industrials,1746886
Com2uS Holdings Corp,South Korea,Consumer Discretionary,1173961
Com2uSCorp,South Korea,Consumer Discretionary,7705249
Com7 PCL,Thailand,Consumer Discretionary,46637575
ComArch SA,Poland,Technology,8043992
Comba Telecom Systems Holdings Ltd,China,Telecommunications,3179582
Comcast Corp,United States,Telecommunications,1762358191
Comer Industries SpA,Italy,Industrials,10119569
Comerica Inc,United States,Financials,111597652
Comet Holding AG,Switzerland,Technology,35469597
Comforia Residential REIT Inc,Japan,Real Estate,22960116
Comfort Systems USA Inc,United States,Industrials,49490269
ComfortDelGro Corp Ltd,Singapore,Consumer Discretionary,31716517
CommScope Holding Co Inc,United States,Telecommunications,12676141
CommVault Systems Inc,United States,Technology,24385879
Commerce Bancshares Inc/MO,United States,Financials,75358255
Commercial Bank PSQC/The,Qatar,Financials,101636584
Commercial International Bank Egypt SAE,Egypt,Financials,46600628
Commercial Metals Co,United States,Basic Materials,114476699
Commerzbank AG,Germany,Financials,361560048
Commonwealth Bank of Australia,Australia,Financials,1250684734
Community Bank System Inc,United States,Financials,33998665
Community Health Systems Inc,United States,Health Care,5025888
Community Healthcare Trust Inc,United States,Real Estate,2165900
Community Trust Bancorp Inc,United States,Financials,5801969
Compal Electronics Inc,Taiwan,Technology,47442178
Compass Group PLC,United Kingdom,Consumer Discretionary,940149687
Compass Inc,United States,Real Estate,1373302
Compass Minerals International Inc,United States,Basic Materials,10009043
Compeq Manufacturing Co Ltd,Taiwan,Technology,29217337
CompuGroup Medical SE & Co KgaA,Germany,Health Care,45209335
Computacenter PLC,United Kingdom,Technology,35057929
Computer Age Management Services Ltd,India,Consumer Discretionary,6335234
Computer Engineering & Consulting Ltd,Japan,Technology,2866194
Computershare Ltd,Australia,Financials,165341472
Comture Corp,Japan,Technology,4066770
Comvita Ltd,New Zealand,Consumer Staples,21877
Conagra Brands Inc,United States,Consumer Staples,158764622
Concentradora Fibra Danhos SA de CV,Mexico,Real Estate,7937844
Concentric AB,Sweden,Industrials,15463186
Concentrix Corp,United States,Technology,56060893
Concord New Energy Group Ltd,China,Industrials,10036669
Concordia Financial Group Ltd,Japan,Financials,74566748
Confluent Inc,United States,Technology,25665649
Consensus Cloud Solutions Inc,United States,Technology,6556140
Consolidated Communications Holdings Inc,United States,Telecommunications,792254
Consolidated Edison Inc,United States,Utilities,310110719
Consorcio ARA SAB de CV,Mexico,Consumer Discretionary,3275472
Constellation Brands Inc,United States,Consumer Staples,365370793
Constellation Energy Corp,United States,Utilities,134381044
Constellation Software Inc/Canada,Canada,Technology,335603144
Constellium SE,United States,Basic Materials,20604145
Construcciones y Auxiliar de Ferrocarriles SA,Spain,Industrials,14570753
Construtora Tenda SA,Brazil,Consumer Discretionary,264146
Consun Pharmaceutical Group Ltd,China,Health Care,4714220
Contact Energy Ltd,New Zealand,Utilities,58274736
Container Corp Of India Ltd,India,Industrials,18535808
Container Store Group Inc/The,United States,Consumer Discretionary,206449
Contemporary Amperex Technology Co Ltd,China,Consumer Discretionary,186747770
ContextLogic Inc,United States,Consumer Discretionary,1259558
Continental AG,Germany,Consumer Discretionary,77046827
Continental Holdings Corp,Taiwan,Industrials,1073156
Controladora Vuela Cia de Aviacion SAB de CV,Mexico,Consumer Discretionary,27578863
ConvaTec Group PLC,United Kingdom,Health Care,119450657
Converge Information and Communications Technology Solutions Inc,Philippines,Telecommunications,6754190
Convoy Global Holdings Ltd,Hong Kong,Financials,484547
Cooper Cos Inc/The,United States,Health Care,143131171
Copa Holdings SA,United States,Consumer Discretionary,3767851
Copart Inc,United States,Consumer Discretionary,250519788
Copperwired PCL,Thailand,Consumer Discretionary,1634417
CorVel Corp,United States,Health Care,10475241
Coraza Integrated Technology Bhd,Malaysia,Basic Materials,1391067
Corbion NV,Netherlands,Consumer Staples,50252341
Corcept Therapeutics Inc,United States,Health Care,15647799
Core & Main Inc,United States,Industrials,108023461
Core Laboratories NV,United States,Energy,7593041
Core Lithium Ltd,Australia,Basic Materials,16110069
Coreana Cosmetics Co Ltd,South Korea,Consumer Discretionary,454249
Corebridge Financial Inc,United States,Financials,115409754
Corem Property Group AB,Sweden,Real Estate,23111357
Corestate Capital Holding SA,Germany,Real Estate,7152
Coretronic Corp,Taiwan,Technology,14368287
Corning Inc,United States,Technology,235649296
Coromandel International Ltd,India,Basic Materials,10763061
Corona Corp,Japan,Consumer Discretionary,525155
Coronado Global Resources Inc,Australia,Energy,14283502
Corp ACCIONA Energias Renovables SA,Spain,Utilities,50778723
Corp Financiera Alba SA,Spain,Financials,20214961
Corp Financiera Colombiana SA,Colombia,Financials,386687
Corp Inmobiliaria Vesta SAB de CV,Mexico,Real Estate,73007085
Corporate Office Properties Trust,United States,Real Estate,29594349
Corporate Travel Management Ltd,Australia,Consumer Discretionary,13238190
Corporativo Fragua SAB de CV,Mexico,Consumer Staples,67537583
Corteva Inc,United States,Consumer Staples,318894138
Corticeira Amorim SGPS SA,Portugal,Industrials,16420164
Corus Entertainment Inc,Canada,Consumer Discretionary,2
Cosan SA,Brazil,Energy,245278606
Cosel Co Ltd,Japan,Technology,1875914
Cosmax Inc,South Korea,Consumer Discretionary,13191322
Cosmo Energy Holdings Co Ltd,Japan,Energy,41774386
CosmoAM&T Co Ltd,South Korea,Consumer Discretionary,11827399
Cosmochemical Co Ltd,South Korea,Basic Materials,1023843
Cosmopolitan International Holdings Ltd,China,Real Estate,602079
Cosmos Pharmaceutical Corp,Japan,Consumer Staples,39159314
Costa Group Holdings Ltd,Australia,Consumer Staples,15947883
Costco Wholesale Corp,United States,Consumer Discretionary,2280384123
Coty Inc,United States,Consumer Discretionary,26862496
Couchbase Inc,United States,Technology,4515030
Country Garden Holdings Co Ltd,China,Real Estate,51396589
Country Garden Services Holdings Co Ltd,China,Real Estate,129252843
Country Group Development PCL,Thailand,Consumer Discretionary,507032
Coupa Software Inc,United States,Technology,114383470
Coupang Inc,United States,Consumer Discretionary,198448991
Coursera Inc,United States,Consumer Discretionary,137598374
Cousins Properties Inc,United States,Real Estate,38680777
Covestro AG,Germany,Basic Materials,267599007
Covivio,France,Real Estate,73772912
Coway Co Ltd,South Korea,Consumer Discretionary,24710051
Cowell e Holdings Inc,Hong Kong,Technology,2620053
Cowen Inc,United States,Financials,10817462
Cracker Barrel Old Country Store Inc,United States,Consumer Discretionary,18943547
Crane Holdings Co,United States,Industrials,45726045
Cranswick PLC,United Kingdom,Consumer Staples,39305167
Create Restaurants Holdings Inc,Japan,Consumer Discretionary,1573163
Create SD Holdings Co Ltd,Japan,Consumer Staples,3960139
Creative & Innovative System,South Korea,Industrials,3343309
Credicorp Ltd,United States,Financials,45867596
Credit Agricole SA,France,Financials,142974295
Credit Corp Group Ltd,Australia,Financials,4427116
Credit Saison Co Ltd,Japan,Industrials,16802405
Credit Suisse Group AG,Switzerland,Financials,177725729
CreditAccess Grameen Ltd,India,Financials,23551478
Credito Emiliano SpA,Italy,Financials,10204604
Credito Real SAB de CV SOFOM ER,Mexico,Financials,5046
Creek & River Co Ltd,Japan,Industrials,8413373
Creepy Jar SA,Poland,Consumer Discretionary,2333360
Creotech Instruments SA,Poland,Industrials,373604
Crest Nicholson Holdings plc,United Kingdom,Consumer Discretionary,25720233
Crocs Inc,United States,Consumer Discretionary,6196991
Croda International PLC,United Kingdom,Basic Materials,474396743
Crompton Greaves Consumer Electricals Ltd,India,Consumer Discretionary,35021925
Cromwell European Real Estate Investment Trust,Singapore,Real Estate,8037100
Cromwell Property Group,Australia,Real Estate,6260004
CropEnergies AG,Germany,Energy,8303438
Crowdstrike Holdings Inc,United States,Technology,241014074
Crown Castle Inc,United States,Real Estate,630591038
Crown Holdings Inc,United States,Industrials,159974001
Cruzeiro do Sul Educacional SA,Brazil,Consumer Discretionary,2563758
CryoPort Inc,United States,Industrials,6613143
Crystal International Group Ltd,Hong Kong,Consumer Discretionary,567886
CrystalGenomics Inc,South Korea,Health Care,1264201
Ctek AB,Sweden,Energy,476587
Cub Elecparts Inc,Taiwan,Consumer Discretionary,3135874
CubeSmart,United States,Real Estate,293769133
Cuckoo Holdings Co Ltd,South Korea,Consumer Discretionary,734038
Cuckoo Homesys Co Ltd,South Korea,Consumer Discretionary,969514
Cullen/Frost Bankers Inc,United States,Financials,81228232
Cullinan Oncology Inc,United States,Health Care,1075045
Cummins Inc,United States,Industrials,284151170
Cummins India Ltd,India,Industrials,43891165
CureVac NV,United States,Health Care,2960115
Curro Holdings Ltd,South Africa,Consumer Discretionary,10481859
Currys PLC,United Kingdom,Consumer Discretionary,12159616
Curtiss-Wright Corp,United States,Industrials,67673365
Curves Holdings Co Ltd,Japan,Consumer Discretionary,4948103
Cury Construtora e Incorporadora SA,Brazil,Industrials,24409065
Cushman & Wakefield PLC,United States,Real Estate,20778470
Cutera Inc,United States,Health Care,6806740
Cy4gate SPA,Italy,Technology,6881143
CyberAgent Inc,Japan,Technology,57299616
CyberArk Software Ltd,United States,Technology,62314068
CyberTAN Technology Inc,Taiwan,Telecommunications,4030695
Cyberlink Corp,Taiwan,Technology,1312304
Cyberoo SpA,Italy,Technology,1508344
Cybozu Inc,Japan,Technology,3823066
Cyclopharm Ltd,Australia,Health Care,1435284
Cydsa SAB de CV,Mexico,Basic Materials,16502626
Cyfrowy Polsat SA,Poland,Telecommunications,3270183
Cyient Ltd,India,Technology,4901789
Cypark Resources Bhd,Malaysia,Utilities,3
Cytokinetics Inc,United States,Health Care,49728767
D&L Industries Inc,Philippines,Basic Materials,11378551
D&O Green Technologies Bhd,Malaysia,Technology,17553830
D'ieteren Group,Belgium,Consumer Discretionary,112660536
D-Link Corp,Taiwan,Telecommunications,4336631
D/S Norden A/S,Denmark,Industrials,37850691
D2L Inc,Canada,Consumer Discretionary,374634
DB Financial Investment Co Ltd,South Korea,Financials,529774
DB HiTek Co Ltd,South Korea,Technology,11763901
DB Insurance Co Ltd,South Korea,Financials,22051154
DBS Group Holdings Ltd,Singapore,Financials,900274559
DBV Technologies SA,France,Health Care,66524
DCB Bank Ltd,India,Financials,2146278
DCC PLC,United Kingdom,Industrials,112330901
DCM Holdings Co Ltd,Japan,Consumer Discretionary,5812089
DCM Shriram Ltd,India,Basic Materials,2705121
DDH1 Ltd,Australia,Basic Materials,6007719
DEN Networks Ltd,India,Telecommunications,20976
DENTSPLY SIRONA Inc,United States,Health Care,59226253
DFI Retail Group Holdings Ltd,Hong Kong,Consumer Staples,14122893
DGB Financial Group Inc,South Korea,Financials,9329988
DIC Asset AG,Germany,Real Estate,10748417
DIC Corp,Japan,Basic Materials,19075052
DIO Corp,South Korea,Health Care,12050027
DISH Network Corp,United States,Telecommunications,3859933
DKK Co Ltd,Japan,Telecommunications,1990223
DKS Co Ltd,Japan,Basic Materials,992971
DKSH Holding AG,Switzerland,Industrials,73467198
DL E&C Co Ltd,South Korea,Industrials,8610986
DL Holdings Co Ltd,South Korea,Industrials,4015674
DMC Global Inc,United States,Energy,2416392
DMG Mori AG,Germany,Industrials,288564
DMG Mori Co Ltd,Japan,Industrials,26615296
DO & CO AG,Austria,Consumer Discretionary,26348022
DR Horton Inc,United States,Consumer Discretionary,250048843
DRB-Hicom Bhd,Malaysia,Consumer Discretionary,191600
DRC Systems India Ltd,India,Technology,24655
DRDGOLD Ltd,South Africa,Basic Materials,467662
DS Smith PLC,United Kingdom,Industrials,123844383
DSV A/S,Denmark,Industrials,709638510
DT Midstream Inc,United States,Energy,54847042
DTS Corp,Japan,Technology,12800825
DWS Group GmbH & Co KGaA,Germany,Financials,38828265
DX Group PLC,United Kingdom,Industrials,2353474
DXC Technology Co,United States,Technology,69385056
DY Corp,South Korea,Consumer Discretionary,4
DaVita Inc,United States,Health Care,115313180
Dabur India Ltd,India,Consumer Staples,67326252
Dacian Gold Ltd,Australia,Basic Materials,1717
Dada Nexus Ltd,China,Technology,2153381
Dadelo SA,Poland,Consumer Discretionary,389522
Dae Han Flour Mills Co Ltd,South Korea,Consumer Staples,1162584
Daea TI Co Ltd,South Korea,Industrials,1016963
Daeduck Co Ltd,South Korea,Technology,657194
Daeduck Electronics Co Ltd / New,South Korea,Technology,6167468
Daejoo Electronic Materials Co Ltd,South Korea,Basic Materials,6368943
Daekyo Co Ltd,South Korea,Consumer Discretionary,147503
Daesang Corp,South Korea,Consumer Staples,2740764
Daetwyler Holding AG,Switzerland,Industrials,39631198
Daewoo Engineering & Construction Co Ltd,South Korea,Industrials,2547469
Daewoo Industrial Development Co Ltd,South Korea,Consumer Discretionary,954
Daewoong Co Ltd,South Korea,Health Care,2658471
Daewoong Pharmaceutical Co Ltd,South Korea,Health Care,7421234
Dah Sing Banking Group Ltd,Hong Kong,Financials,2867380
Dah Sing Financial Holdings Ltd,Hong Kong,Financials,6332092
Dai Nippon Printing Co Ltd,Japan,Industrials,91986205
Dai Nippon Toryo Co Ltd,Japan,Industrials,1331327
Dai-Dan Co Ltd,Japan,Industrials,1810815
Dai-ichi Life Holdings Inc,Japan,Financials,413750671
Daicel Corp,Japan,Basic Materials,45258179
Daido Metal Co Ltd,Japan,Consumer Discretionary,787378
Daido Steel Co Ltd,Japan,Basic Materials,15317441
Daifuku Co Ltd,Japan,Industrials,72642088
Daihen Corp,Japan,Industrials,22191384
Daiho Corp,Japan,Industrials,1983232
Daiichi Jitsugyo Co Ltd,Japan,Industrials,2982843
Daiichi Sankyo Co Ltd,Japan,Health Care,1024046225
Daiichikosho Co Ltd,Japan,Consumer Discretionary,19121014
Daiken Corp,Japan,Industrials,1982834
Daiki Aluminium Industry Co Ltd,Japan,Basic Materials,2275175
Daikin Industries Ltd,Japan,Industrials,817994484
Daikoku Denki Co Ltd,Japan,Consumer Discretionary,1075
Daikokutenbussan Co Ltd,Japan,Consumer Staples,1957611
Daikyonishikawa Corp,Japan,Consumer Discretionary,2478438
Daimler Truck Holding AG,Germany,Industrials,139951176
Dainichiseika Color & Chemicals Manufacturing Co Ltd,Japan,Industrials,1791065
Daiseki Co Ltd,Japan,Utilities,12658909
Daishi Hokuetsu Financial Group Inc,Japan,Financials,9792217
Daishin Securities Co Ltd,South Korea,Financials,4126860
Daisyo Corp,Japan,Consumer Discretionary,439086
Daito Bank Ltd/The,Japan,Financials,795
Daito Pharmaceutical Co Ltd,Japan,Health Care,2197585
Daito Trust Construction Co Ltd,Japan,Real Estate,100310733
Daiwa House Industry Co Ltd,Japan,Consumer Discretionary,235003076
Daiwa House Logistics Trust,Singapore,Real Estate,3595429
Daiwa House REIT Investment Corp,Japan,Real Estate,81243419
Daiwa Industries Ltd,Japan,Industrials,2172942
Daiwa Office Investment Corp,Japan,Real Estate,15890258
Daiwa Securities Group Inc,Japan,Financials,57009874
Daiwa Securities Living Investments Corp,Japan,Real Estate,38752246
Daiwabo Holdings Co Ltd,Japan,Industrials,13205870
Dalata Hotel Group PLC,Ireland,Consumer Discretionary,21404269
Dalekovod dd,Croatia,Industrials,1486
Dali Foods Group Co Ltd,China,Consumer Staples,12143304
Dalmia Bharat Ltd,India,Industrials,12231546
Dalrymple Bay Infrastructure Ltd,Australia,Industrials,5363810
Dana Gas PJSC,United Arab Emirates,Energy,19221685
Dana Inc,United States,Consumer Discretionary,22790289
Danaher Corp,United States,Health Care,2030650121
Danal Co Ltd,South Korea,Technology,1059047
Danel Adir Yeoshua Ltd,Israel,Industrials,188061
Danieli & C Officine Meccaniche SpA,Italy,Industrials,25292912
Danone SA,France,Consumer Staples,655810188
Danske Bank A/S,Denmark,Financials,211595757
Daol Investment & Securities Co Ltd,South Korea,Financials,386052
Daou Data Corp,South Korea,Technology,5343152
Daou Technology Inc,South Korea,Technology,8101017
Darden Restaurants Inc,United States,Consumer Discretionary,26570011
Darfon Electronics Corp,Taiwan,Technology,5284658
Darktrace PLC,United Kingdom,Technology,23380690
Darling Ingredients Inc,United States,Consumer Staples,135361515
Darwin Precisions Corp,Taiwan,Technology,1992429
Dassault Aviation SA,France,Industrials,98936923
Dassault Systemes SE,France,Technology,389642524
Dat Xanh Group JSC,Vietnam,Real Estate,8156332
Dat Xanh Real Estate Services JSC,Vietnam,Real Estate,1386713
Data#3 Ltd,Australia,Technology,19685182
Datadog Inc,United States,Technology,204259293
Datalogic SpA,Italy,Industrials,2484615
Datasonic Group Bhd,Malaysia,Technology,657252
Datawalk SA,Poland,Technology,2526040
Dave & Buster's Entertainment Inc,United States,Consumer Discretionary,10774398
Davide Campari-Milano NV,Italy,Consumer Staples,130942282
Dawonsys Co Ltd,South Korea,Industrials,2471002
Day One Biopharmaceuticals Inc,United States,Health Care,9580575
Dayamitra Telekomunikasi PT,Indonesia,Telecommunications,4625022
Dayang Enterprise Holdings Bhd,Malaysia,Energy,16978135
Dazhong Transportation Group Co Ltd,China,Consumer Discretionary,2523910
De Grey Mining Ltd,Australia,Basic Materials,12047935
De La Rue PLC,United Kingdom,Industrials,3737517
De' Longhi SpA,Italy,Consumer Discretionary,32489606
DeA Capital SpA,Italy,Financials,493
DeNA Co Ltd,Japan,Technology,17617840
Dear U Co Ltd,South Korea,Technology,2499598
Deceuninck NV,Belgium,Industrials,896474
Dechra Pharmaceuticals PLC,United Kingdom,Health Care,85773194
Deciphera Pharmaceuticals Inc,United States,Health Care,1115
Deckers Outdoor Corp,United States,Consumer Discretionary,115033521
Decmil Group Ltd,Australia,Industrials,23833
Deep Yellow Ltd,Australia,Basic Materials,1413784
Deepak Fertilisers & Petrochemicals Corp Ltd,India,Basic Materials,13502227
Deepak Nitrite Ltd,India,Basic Materials,64894835
Deere & Co,United States,Industrials,1297942272
Defence Tech Holding SpA,Italy,Technology,1305887
Definitive Healthcare Corp,United States,Technology,12527325
Definity Financial Corp,Canada,Financials,22957987
Delek Automotive Systems Ltd,Israel,Consumer Discretionary,415744
Delek Group Ltd,Israel,Energy,60950992
Delek US Holdings Inc,United States,Energy,84733290
Delhivery Ltd,India,Industrials,13060949
Deliveroo PLC,United Kingdom,Technology,25198292
Delivery Hero SE,Germany,Consumer Discretionary,69110172
Dell Technologies Inc,United States,Technology,108633938
Delta Air Lines Inc,United States,Consumer Discretionary,59394779
Delta Electronics Inc,Taiwan,Technology,220512682
Delta Electronics Thailand PCL,Thailand,Technology,22749213
Delta Galil Ltd,Israel,Consumer Discretionary,325742
Delta Sugar Co,Egypt,Consumer Staples,662264
Deluxe Corp,United States,Industrials,6738954
Demae-Can Co Ltd,Japan,Technology,1843905
Demant A/S,Denmark,Health Care,65898920
Deme Group NV,Belgium,Industrials,26009113
Denali Therapeutics Inc,United States,Health Care,28483169
Denka Co Ltd,Japan,Basic Materials,31644443
Denso Corp,Japan,Consumer Discretionary,311730238
Dentium Co Ltd,South Korea,Health Care,13489520
Dentsu Group Inc,Japan,Consumer Discretionary,75745076
Denyo Co Ltd,Japan,Industrials,1700521
Depo Auto Parts Ind Co Ltd,Taiwan,Consumer Discretionary,6821129
Derichebourg SA,France,Utilities,14181569
Dermapharm Holding SE,Germany,Health Care,23192873
Derwent London PLC,United Kingdom,Real Estate,305594784
Descartes Systems Group Inc/The,Canada,Technology,69489974
Descente Ltd,Japan,Consumer Discretionary,15333229
Desktop - Sigmanet Comunicacao Multimidia S.A,Brazil,Telecommunications,3816544
Desktop Metal Inc,United States,Industrials,2933493
Despegar.com Corp,United States,Consumer Discretionary,3591000
Destination XL Group Inc,United States,Consumer Discretionary,3345300
Deterra Royalties Ltd,Australia,Basic Materials,27076058
Deutsche Bank AG,Germany,Financials,507620238
Deutsche Beteiligungs AG,Germany,Financials,8615735
Deutsche Boerse AG,Germany,Financials,729818957
Deutsche EuroShop AG,Germany,Real Estate,1844743
Deutsche Lufthansa AG,Germany,Consumer Discretionary,208406743
Deutsche Pfandbriefbank AG,Germany,Financials,25570287
Deutsche Post AG,Germany,Industrials,707009888
Deutsche Telekom AG,Germany,Telecommunications,2154319477
Deutsche Wohnen SE,Germany,Real Estate,27742850
Deutz AG,Germany,Industrials,17396549
Devro PLC,United Kingdom,Consumer Staples,7112517
Devsisters Co Ltd,South Korea,Consumer Discretionary,1525900
Devyani International Ltd,India,Consumer Discretionary,2856289
Dexco SA,Brazil,Industrials,333503
Dexcom Inc,United States,Health Care,413800589
Dexerials Corp,Japan,Technology,9846717
Dexus,Australia,Real Estate,92136147
Dexus Industria REIT,Australia,Real Estate,2009635
Dfds A/S,Denmark,Industrials,29059341
Dhani Services Ltd,India,Financials,545069
Dharma Polimetal TbK PT,Indonesia,Consumer Discretionary,1002510
DiDi Global Inc,China,Consumer Discretionary,18282450
DiGi.Com Bhd,Malaysia,Telecommunications,13260204
DiaSorin SpA,Italy,Health Care,91758143
Diageo PLC,United Kingdom,Consumer Staples,2677891378
Dialog Axiata PLC,Sri Lanka,Telecommunications,2991367
Dialog Group Bhd,Malaysia,Energy,14683451
Diamond Trust Bank Kenya Ltd,Kenya,Financials,2877188
DiamondRock Hospitality Co,United States,Real Estate,16550286
Dick's Sporting Goods Inc,United States,Consumer Discretionary,7182275
Dicker Data Ltd,Australia,Technology,11043359
Differ Group Auto Ltd,China,Financials,1896
Digi Communications NV,Romania,Telecommunications,6944812
Digital Arts Inc,Japan,Technology,18025618
Digital Bros SpA,Italy,Consumer Discretionary,10081453
Digital China Holdings Ltd,China,Technology,4278375
Digital Core REIT Management Pte Ltd,Singapore,Real Estate,6190855
Digital Domain Holdings Ltd,Hong Kong,Consumer Discretionary,2629443
Digital Garage Inc,Japan,Technology,30016884
Digital Holdings Inc,Japan,Consumer Discretionary,1458997
Digital Realty Trust Inc,United States,Real Estate,435718873
Digital Turbine Inc,United States,Technology,13125191
Digital Value SpA,Italy,Technology,29786536
DigitalBridge Group Inc,United States,Real Estate,16835074
DigitalOcean Holdings Inc,United States,Technology,6800668
Dignity PLC,United Kingdom,Consumer Discretionary,7076215
Dillard's Inc,United States,Consumer Discretionary,14508448
Dimand SA,Greece,Real Estate,1550447
Dimerco Express Corp,Taiwan,Industrials,2077955
Dine Brands Global Inc,United States,Consumer Discretionary,9051558
Dino Polska SA,Poland,Consumer Staples,110138796
Diodes Inc,United States,Technology,30756068
Dios Fastigheter AB,Sweden,Real Estate,14917528
Diploma PLC,United Kingdom,Industrials,80360597
Direcional Engenharia SA,Brazil,Consumer Discretionary,4758094
Direct Line Insurance Group PLC,United Kingdom,Financials,97070691
Direct Marketing MiX Inc,Japan,Consumer Discretionary,14818369
Dis-Chem Pharmacies Ltd,South Africa,Consumer Staples,15838754
Disco Corp,Japan,Technology,125194565
Discover Financial Services,United States,Financials,334017741
DiscoverIE Group PLC,United Kingdom,Industrials,6245695
Discovery Ltd,South Africa,Financials,5572767
Distribuidora Internacional de Alimentacion SA,Spain,Consumer Staples,7350363
Divi's Laboratories Ltd,India,Health Care,131742221
Dixon Technologies India Ltd,India,Consumer Discretionary,10758629
Dlocal Ltd/Uruguay,United States,Industrials,16
Doctor Care Anywhere Group PLC,United Kingdom,Health Care,356246
DocuSign Inc,United States,Technology,97152258
Doganlar Mobilya Grubu Imalat Sanayi ve Ticaret AS,Turkey,Consumer Discretionary,53
Dogus Otomotiv Servis ve Ticaret AS,Turkey,Consumer Discretionary,50892194
Doha Bank QPSC,Qatar,Financials,21841947
Dolby Laboratories Inc,United States,Technology,38977371
Dollar General Corp,United States,Consumer Discretionary,556559721
Dollar Tree Inc,United States,Consumer Discretionary,265980890
Dollarama Inc,Canada,Consumer Discretionary,174400056
Dom Development SA,Poland,Real Estate,4156089
Domain Holdings Australia Ltd,Australia,Technology,3946110
Dometic Group AB,Sweden,Consumer Discretionary,52301249
Dominion Energy Inc,United States,Utilities,320038953
Domino's Pizza Enterprises Ltd,Australia,Consumer Discretionary,29469973
Domino's Pizza Group PLC,United Kingdom,Consumer Discretionary,36092757
Domino's Pizza Inc,United States,Consumer Discretionary,369468854
Domo Inc,United States,Technology,1604848
Donaldson Co Inc,United States,Industrials,63086387
Dong-A ST Co Ltd,South Korea,Health Care,2062440
Dong-A Socio Holdings Co Ltd,South Korea,Health Care,1978066
Dong-E-E-Jiao Co Ltd,China,Health Care,4022191
DongKook Pharmaceutical Co Ltd,South Korea,Health Care,9298112
Dongfang Electric Corp Ltd,China,Energy,10437585
Dongfeng Motor Group Co Ltd,China,Consumer Discretionary,21610470
Dongjin Semichem Co Ltd,South Korea,Basic Materials,10303675
Dongkuk Steel Mill Co Ltd,South Korea,Basic Materials,2179395
Dongsuh Cos Inc,South Korea,Consumer Staples,5107812
Dongsung Pharmaceutical Co Ltd,South Korea,Health Care,896039
Dongwon F&B Co Ltd,South Korea,Consumer Staples,10626707
Dongwon Industries Co Ltd,South Korea,Consumer Staples,2547506
Dongyue Group Ltd,China,Basic Materials,32873222
Donnelley Financial Solutions Inc,United States,Industrials,39
DoorDash Inc,United States,Technology,130725412
Doosan Bobcat Inc,South Korea,Industrials,6043384
Doosan Co Ltd,South Korea,Industrials,4164397
Doosan Enerbility Co Ltd,South Korea,Industrials,82351419
Doosan Fuel Cell Co Ltd,South Korea,Industrials,1135168
Doosan Tesna Inc,South Korea,Technology,1956469
Dorman Products Inc,United States,Consumer Discretionary,20433019
Doshisha Co Ltd,Japan,Industrials,2136611
Dottikon Es Holding AG,Switzerland,Basic Materials,11854406
DouYu International Holdings Ltd,China,Technology,104
Double Standard Inc,Japan,Technology,3071841
DoubleUGames Co Ltd,South Korea,Consumer Discretionary,8365024
DoubleVerify Holdings Inc,United States,Technology,13793932
Douglas Emmett Inc,United States,Real Estate,114496661
Doutor Nichires Holdings Co Ltd,Japan,Consumer Discretionary,260602
Douzone Bizon Co Ltd,South Korea,Technology,21148517
Dover Corp,United States,Industrials,162561872
Dow Inc,United States,Basic Materials,264800861
Dowa Holdings Co Ltd,Japan,Basic Materials,33330876
Downer EDI Ltd,Australia,Industrials,16847337
Doximity Inc,United States,Health Care,5266369
Dr Ing hc F Porsche AG,Germany,Consumer Discretionary,1019207604
Dr Lal PathLabs Ltd,India,Health Care,5791102
Dr Martens PLC,United Kingdom,Consumer Discretionary,35449585
Dr Reddy's Laboratories Ltd,India,Health Care,90157785
Draegerwerk AG & Co KGaA,Germany,Health Care,25306817
DraftKings Inc,United States,Consumer Discretionary,32645608
Drax Group PLC,United Kingdom,Utilities,67596916
Dream Industrial Real Estate Investment Trust,Canada,Real Estate,18993880
Dream Office Real Estate Investment Trust,Canada,Real Estate,3698167
Driven Brands Holdings Inc,United States,Consumer Discretionary,15503204
Dropbox Inc,United States,Technology,11563500
DuPont de Nemours Inc,United States,Industrials,57458409
Dubai Electricity & Water Authority PJSC,United Arab Emirates,Utilities,71817793
Dubai Financial Market PJSC,United Arab Emirates,Financials,5961635
Dubai Islamic Bank PJSC,United Arab Emirates,Financials,48815763
Dubber Corp Ltd,Australia,Technology,604208
Duc Giang Chemicals JSC,Vietnam,Basic Materials,23176860
Duck Creek Technologies Inc,United States,Technology,8275844
Ducommun Inc,United States,Industrials,1084132
Duerr AG,Germany,Industrials,47505172
Dufry AG,Switzerland,Consumer Discretionary,120761108
Dufu Technology Corp Bhd,Malaysia,Industrials,10073819
Duk San Neolux Co Ltd,South Korea,Technology,3615598
Duksan Hi-Metal Co Ltd,South Korea,Technology,7919549
Dun & Bradstreet Holdings Inc,United States,Technology,37478207
Dunelm Group PLC,United Kingdom,Consumer Discretionary,33271991
Duolingo Inc,United States,Consumer Discretionary,32403271
Duskin Co Ltd,Japan,Consumer Discretionary,8322135
Dustin Group AB,Sweden,Consumer Discretionary,831452
Duty Free International Ltd,Singapore,Industrials,451040
DyDo Group Holdings Inc,Japan,Consumer Staples,2702065
Dyaco International Inc,Taiwan,Consumer Discretionary,2051188
Dycom Industries Inc,United States,Industrials,31646347
Dye & Durham Ltd,Canada,Technology,2358682
Dynam Japan Holdings Co Ltd,Hong Kong,Consumer Discretionary,4066129
Dynamic Holding Co Ltd,Taiwan,Technology,2886702
Dynapack International Technology Corp,Taiwan,Technology,5104274
Dynasty Ceramic PCL,Thailand,Industrials,916512
Dynatrace Inc,United States,Technology,89055888
Dyne Therapeutics Inc,United States,Health Care,1828346
E Ink Holdings Inc,Taiwan,Technology,85082137
E-Finance for Digital & Financial Investments,Egypt,Industrials,16197712
E-MART Inc,South Korea,Consumer Discretionary,15176319
E.ON SE,Germany,Utilities,439112890
E.Sun Financial Holding Co Ltd,Taiwan,Financials,161883386
E1 Corp,South Korea,Energy,809222
E2open Parent Holdings Inc,United States,Technology,12068327
EBOS Group Ltd,New Zealand,Health Care,78682000
EC Healthcare,Hong Kong,Health Care,3000081
ECN Capital Corp,Canada,Financials,4636682
EDION Corp,Japan,Consumer Discretionary,7238715
EDP - Energias de Portugal SA,Portugal,Utilities,613163696
EDP - Energias do Brasil SA,Brazil,Utilities,47443609
EDP Renovaveis SA,Portugal,Utilities,119274387
EF-ON INC,Japan,Industrials,637256
EFG International AG,Switzerland,Financials,19233290
EHang Holdings Ltd,China,Industrials,86
EID Parry India Ltd,India,Consumer Staples,6984884
EIH Ltd,India,Consumer Discretionary,4093547
EM Systems Co Ltd,Japan,Technology,1946394
EMCOR Group Inc,United States,Industrials,63867254
EML Payments Ltd,Australia,Financials,1358071
EMS-Chemie Holding AG,Switzerland,Basic Materials,104469332
EN+ Group International PJSC,Russia,Basic Materials,6532469
ENEOS Holdings Inc,Japan,Energy,141856470
ENF Technology Co Ltd,South Korea,Basic Materials,4687629
ENN Energy Holdings Ltd,China,Utilities,135398713
EPAM Systems Inc,United States,Technology,177051047
EPL Ltd,India,Industrials,4134161
EPR Properties,United States,Real Estate,30669830
EQT AB,Sweden,Financials,351068444
EQT Holdings Ltd,Australia,Financials,5491581
EQUATORIAL PARA DISTRIBUIDORA,Brazil,Utilities,6354132
ERG SpA,Italy,Utilities,52572925
ES-Con Japan Ltd,Japan,Real Estate,1180008
ESCO Technologies Inc,United States,Industrials,21093113
ESCON Japan Reit Investment Corp,Japan,Real Estate,1033740
ESPEC Corp,Japan,Industrials,2570561
ESR Group Ltd,Hong Kong,Real Estate,75546807
ESR Kendall Square REIT Co Ltd,South Korea,Real Estate,3339051
ESR-LOGOS REIT,Singapore,Real Estate,26873474
EVERGREEN Steel Corp,Taiwan,Basic Materials,2466217
EVERTEC Inc,United States,Industrials,19676355
EVN AG,Austria,Utilities,17444368
EVS Broadcast Equipment SA,Belgium,Telecommunications,248030
EVT Ltd,Australia,Consumer Discretionary,23224584
EW Scripps Co/The,United States,Consumer Discretionary,5658589
EXEO Group Inc,Japan,Industrials,27668759
EXOR NV,Netherlands,Financials,470363840
Eagers Automotive Ltd,Australia,Consumer Discretionary,12837766
Eagle Bancorp Inc,United States,Financials,13537996
Eagle Industry Co Ltd,Japan,Industrials,2070960
Eagle Materials Inc,United States,Industrials,60427752
Eagle Pharmaceuticals Inc/DE,United States,Health Care,350760
Earth Corp,Japan,Basic Materials,4548229
East African Breweries PLC,Kenya,Consumer Staples,31131644
East Japan Railway Co,Japan,Industrials,331177979
East Money Information Co Ltd,China,Financials,109122690
East West Bancorp Inc,United States,Financials,99406525
EastGroup Properties Inc,United States,Real Estate,64709623
Eastern Bankshares Inc,United States,Financials,21807467
Eastern Communications Co Ltd,China,Telecommunications,1189064
Eastern Water Resources Development and Management PCL,Thailand,Utilities,385621
Eastman Chemical Co,United States,Basic Materials,100299224
Eaton Corp PLC,United States,Industrials,783085702
Ebara Corp,Japan,Industrials,62537848
Ebase Co Ltd,Japan,Technology,815065
Ebro Foods SA,Spain,Consumer Staples,27357878
Ebusco Holding NV,Netherlands,Industrials,3397315
Echo Marketing Inc,South Korea,Consumer Discretionary,2642516
EchoStar Corp,United States,Telecommunications,5660325
Eckert & Ziegler Strahlen- und Medizintechnik AG,Germany,Basic Materials,50766531
Eclipx Group Ltd,Australia,Financials,13728491
Eco World Development Group Bhd,Malaysia,Real Estate,2829171
Ecofibre Ltd,Australia,Health Care,1633509
Ecolab Inc,United States,Basic Materials,268107110
Econocom Group SA/NV,Belgium,Technology,8312581
Econpile Holdings Bhd,Malaysia,Industrials,1199
Ecopetrol SA,Colombia,Energy,83831645
Ecopro BM Co Ltd,South Korea,Industrials,42787855
Ecopro Co Ltd,South Korea,Basic Materials,13899419
Ecopro HN Co Ltd,South Korea,Basic Materials,4408471
Ecovyst Inc,United States,Basic Materials,2977846
Edelweiss Financial Services Ltd,India,Financials,1127657
Edenred,France,Industrials,239764833
Edgewell Personal Care Co,United States,Consumer Staples,6596391
Edison International,United States,Utilities,217161526
Editas Medicine Inc,United States,Health Care,3249418
Edwards Lifesciences Corp,United States,Health Care,647354710
Egis Technology Inc,Taiwan,Technology,1346391
Egypt Aluminium,Egypt,Basic Materials,976380
Egypt Kuwait Holding Co SAE,Egypt,Financials,24533522
Egyptian Financial Group-Hermes Holding Co,Egypt,Financials,28378337
Ehime Bank Ltd/The,Japan,Financials,1231555
Eicher Motors Ltd,India,Consumer Discretionary,137912168
Eidai Co Ltd,Japan,Industrials,702
Eiffage SA,France,Industrials,146494659
Eiken Chemical Co Ltd,Japan,Health Care,13659566
Einhell Germany AG,Germany,Consumer Discretionary,6722795
EirGenix Inc,Taiwan,Health Care,7319451
Eisai Co Ltd,Japan,Health Care,251500788
Eizo Corp,Japan,Technology,4729509
Ekspress Grupp AS,Estonia,Consumer Discretionary,516399
El Puerto de Liverpool SAB de CV,Mexico,Consumer Discretionary,112271135
El.En. SpA,Italy,Health Care,10462924
Elan Corp,Japan,Health Care,1966356
Elan Microelectronics Corp,Taiwan,Technology,16764070
Elanco Animal Health Inc,United States,Health Care,81015313
Elang Mahkota Teknologi Tbk PT,Indonesia,Telecommunications,13260492
Elastic NV,United States,Technology,40308432
Elders Ltd,Australia,Consumer Staples,13280230
Elecnor SA,Spain,Industrials,10456433
Elecom Co Ltd,Japan,Technology,9434602
Electricite de France SA,France,Utilities,132010868
Electro Optic Systems Holdings Ltd,Australia,Industrials,430400
Electrolux AB,Sweden,Consumer Discretionary,5158051
Electrolux Professional AB,Sweden,Industrials,24305025
Electronic Arts Inc,United States,Consumer Discretionary,262263891
Elekta AB,Sweden,Health Care,42254476
Elematec Corp,Japan,Technology,2487520
Element Fleet Management Corp,Canada,Industrials,63070378
Element Solutions Inc,United States,Basic Materials,23204565
Elementis PLC,United Kingdom,Basic Materials,30420428
Eletromidia SA,Brazil,Consumer Discretionary,4723087
Elevance Health Inc,United States,Health Care,1242962731
Elgi Equipments Ltd,India,Industrials,788207
Eli Lilly & Co,United States,Health Care,3342640203
Elia Group SA/NV,Belgium,Utilities,41820507
Elica SpA,Italy,Consumer Discretionary,3349913
Elior Group SA,France,Consumer Discretionary,8308506
Elis SA,France,Industrials,91016688
Elisa Oyj,Finland,Telecommunications,178369112
Elite Advanced Laser Corp,Taiwan,Technology,3410657
Elite Material Co Ltd,Taiwan,Technology,26586115
Elite Semiconductor Microelectronics Technology Inc,Taiwan,Technology,8549828
Elitegroup Computer Systems Co Ltd,Taiwan,Technology,2963082
Elme Communities,United States,Real Estate,14945076
Elmos Semiconductor SE,Germany,Technology,8008644
ElringKlinger AG,Germany,Consumer Discretionary,4674008
Elsoft Research Bhd,Malaysia,Technology,1982804
Emaar Development PJSC,United Arab Emirates,Real Estate,39579434
Emaar Properties PJSC,United Arab Emirates,Real Estate,254282950
Emami Ltd,India,Consumer Staples,9061724
Embassy Office Parks REIT,India,Real Estate,20972234
Embecta Corp,United States,Health Care,10048172
Embotelladora Andina SA,Chile,Consumer Staples,16769838
Emeco Holdings Ltd,Australia,Industrials,755202
Emergent BioSolutions Inc,United States,Health Care,5015813
Emerson Electric Co,United States,Industrials,689186312
Emirates Central Cooling Systems Corp,United Arab Emirates,Utilities,67045864
Emirates NBD Bank PJSC,United Arab Emirates,Financials,184509225
Emirates Telecommunications Group Co PJSC,United Arab Emirates,Telecommunications,84430318
Emmi AG,Switzerland,Consumer Staples,43944309
Emperor Capital Group Ltd,Hong Kong,Financials,43645
Empire State Realty Trust Inc,United States,Real Estate,9268208
Employers Holdings Inc,United States,Financials,9330874
Empreendimentos Pague Menos S/A,Brazil,Consumer Staples,4167585
Empresa Editora EL Comercio,Peru,Consumer Discretionary,270212
Empresa Nacional de Telecomunicaciones SA,Chile,Telecommunications,29180635
Empresas CMPC SA,Chile,Basic Materials,24696617
Empresas Copec SA,Chile,Energy,26457423
Empyrean Technology Co Ltd,China,Technology,5947053
EnPro Industries Inc,United States,Industrials,22341664
Enagas SA,Spain,Energy,87241035
Enanta Pharmaceuticals Inc,United States,Health Care,10533012
Enav SpA,Italy,Industrials,30288070
Enbridge Inc,Canada,Energy,703770072
Encavis AG,Germany,Utilities,43835381
Ence Energia y Celulosa SA,Spain,Basic Materials,6307478
Enchem Co Ltd,South Korea,Basic Materials,2473344
Encompass Health Corp,United States,Health Care,58988031
Encore Capital Group Inc,United States,Financials,10467747
Encore Wire Corp,United States,Industrials,25846286
Endava PLC,United Kingdom,Technology,4131000
Endeavour Group Ltd/Australia,Australia,Consumer Staples,90041487
Endeavour Mining PLC,United Kingdom,Basic Materials,91563731
Endesa SA,Spain,Utilities,66860742
Endurance Technologies Ltd,India,Consumer Discretionary,4803794
Enefit Green AS,Estonia,Utilities,4300828
Enel Americas SA,Chile,Utilities,11987526
Enel Chile SA,Chile,Utilities,12794092
Enel Generacion Chile SA,Chile,Utilities,7447355
Enel SpA,Italy,Utilities,1184507016
EnerSys,United States,Industrials,26527168
Enerflex Ltd,Canada,Energy,6
Energiekontor AG,Germany,Utilities,25103647
Energisa SA,Brazil,Utilities,29006365
Energix-Renewable Energies Ltd,Israel,Utilities,586183
Energizer Holdings Inc,United States,Consumer Staples,8113564
Energy Absolute PCL,Thailand,Utilities,26500156
Energy Srl,Italy,Industrials,2220727
EnergyO Solutions Invest AB,Sweden,Financials,115060
Enerjisa Enerji AS,Turkey,Utilities,9150084
Enero Group Ltd,Australia,Consumer Discretionary,5317700
Enerpac Tool Group Corp,United States,Industrials,21078963
EngageSmart Inc,United States,Technology,1246080
Enghouse Systems Ltd,Canada,Technology,11680434
Engie SA,France,Utilities,690466029
Engineers India Ltd,India,Industrials,2779421
Enhabit Inc,United States,Health Care,5908458
Eni SpA,Italy,Energy,789707843
Enigmo Inc,Japan,Technology,6063043
Enka Insaat ve Sanayi AS,Turkey,Industrials,19208259
Enlight Renewable Energy Ltd,Israel,Utilities,37913780
Ennakl Automobiles,Tunisia,Consumer Discretionary,1543215
Ennoconn Corp,Taiwan,Technology,5935403
Ennostar Inc,Taiwan,Technology,15505797
Enovix Corp,United States,Industrials,13141691
Enphase Energy Inc,United States,Energy,317027290
Enplas Corp,Japan,Technology,1901550
Ensign Energy Services Inc,Canada,Energy,3
Ensign Group Inc/The,United States,Health Care,50020023
Enstar Group Ltd,United States,Financials,25551407
Entain PLC,United Kingdom,Consumer Discretionary,238600509
Entegris Inc,United States,Technology,201491759
Enter Air SA,Poland,Consumer Discretionary,3312692
Entergy Corp,United States,Utilities,64658700
Envestnet Inc,United States,Technology,24777116
EnviroSuite Ltd,Australia,Utilities,3330137
Envista Holdings Corp,United States,Health Care,32879630
Enzychem Lifesciences Corp,South Korea,Health Care,4046853
Eo Technics Co Ltd,South Korea,Technology,4135256
Eoflow Co Ltd,South Korea,Health Care,7829323
Epiroc AB,Sweden,Industrials,375124750
Episil Technologies Inc,Taiwan,Technology,10845486
Equals Group PLC,United Kingdom,Industrials,5834777
Equasens,France,Technology,8846447
Equatorial Energia SA,Brazil,Utilities,220500226
Equifax Inc,United States,Industrials,224446151
Equinix Inc,United States,Real Estate,711440529
Equinox Gold Corp,Canada,Basic Materials,7221532
Equitable Holdings Inc,United States,Financials,551017671
Equitas Holdings Ltd/India,India,Financials,1029181
Equites Property Fund Ltd,South Africa,Real Estate,6936512
Equitrans Midstream Corp,United States,Energy,17366239
Equity Commonwealth,United States,Real Estate,26738201
Equity Group Holdings PLC/Kenya,Kenya,Financials,39462484
Equity LifeStyle Properties Inc,United States,Real Estate,226550843
Equity Residential,United States,Real Estate,1817149850
Erajaya Swasembada Tbk PT,Indonesia,Consumer Discretionary,7100951
Eramet SA,France,Basic Materials,22085595
Erawan Group PCL/The,Thailand,Consumer Discretionary,8
Erciyas Celik Boru Sanayi AS,Turkey,Basic Materials,6669435
Eregli Demir ve Celik Fabrikalari TAS,Turkey,Basic Materials,19897031
Eris Lifesciences Ltd,India,Health Care,5551172
Erste Group Bank AG,Austria,Financials,246912302
Escorts Kubota Ltd,India,Industrials,23173922
Esken Ltd,United Kingdom,Industrials,755731
Esker SA,France,Technology,3860700
Esperion Therapeutics Inc,United States,Health Care,4584657
Esprinet SpA,Italy,Technology,2947051
Esprit Holdings Ltd,Hong Kong,Consumer Discretionary,2153600
Essent Group Ltd,United States,Financials,40728083
Essential Properties Realty Trust Inc,United States,Real Estate,37955895
Essential Utilities Inc,United States,Utilities,206493153
Essentra PLC,United Kingdom,Industrials,26357145
Essex Property Trust Inc,United States,Real Estate,473336671
EssilorLuxottica SA,France,Health Care,1280114639
Essity AB,Sweden,Consumer Staples,863624416
Esso SA Francaise,France,Energy,4131
Esso Thailand PCL,Thailand,Energy,144
Establishment Labs Holdings Inc,United States,Health Care,11732771
Estee Lauder Cos Inc/The,United States,Consumer Discretionary,844515081
Esthetics International Group Bhd,Malaysia,Consumer Staples,146288
Estia Health Ltd,Australia,Health Care,3821682
Etablissements Franz Colruyt NV,Belgium,Consumer Staples,26706508
Etalon Group PLC,Russia,Real Estate,731923
Eternal Materials Co Ltd,Taiwan,Basic Materials,15626573
Ethan Allen Interiors Inc,United States,Consumer Discretionary,9590
Etron Technology Inc,Taiwan,Technology,2045731
Etsy Inc,United States,Consumer Discretionary,62648294
Eubiologics Co Ltd,South Korea,Health Care,2466246
Eugene Investment & Securities Co Ltd,South Korea,Financials,1022462
Eugene Technology Co Ltd,South Korea,Technology,2949304
Eurazeo SE,France,Financials,71764186
Euroapi SA,France,Health Care,16311067
Eurobank Ergasias Services and Holdings SA,Greece,Financials,11595584
Eurocash SA,Poland,Consumer Staples,82851
Eurocommercial Properties NV,Netherlands,Real Estate,27129018
Eurofins Scientific SE,France,Health Care,201272557
Euronav NV,Belgium,Industrials,91560384
Euronet Worldwide Inc,United States,Industrials,45866037
Euronext NV,France,Financials,137681227
Eurotech SpA,Italy,Technology,5257359
Eusu Holdings Co Ltd,South Korea,Industrials,677904
Eutelsat Communications SA,France,Telecommunications,37654411
Eutilex Co Ltd,South Korea,Health Care,1218142
Eva Airways Corp,Taiwan,Consumer Discretionary,33936693
Eve Energy Co Ltd,China,Consumer Staples,47273663
Eventbrite Inc,United States,Technology,5783814
EverChina International Holdings Co Ltd,China,Utilities,381635
Everbridge Inc,United States,Technology,11476034
Everbright Securities Co Ltd,China,Financials,2780810
Evercore Inc,United States,Financials,38709765
Everest Medicines Ltd,Hong Kong,Health Care,3445961
Everest Re Group Ltd,United States,Financials,134164681
Evergrande Property Services Group Ltd,China,Real Estate,997708
Evergreen International Storage & Transport Corp,Taiwan,Industrials,10432406
Everi Holdings Inc,United States,Consumer Discretionary,3187135
Everlight Chemical Industrial Corp,Taiwan,Basic Materials,2662159
Everlight Electronics Co Ltd,Taiwan,Technology,7947238
Eversource Energy,United States,Utilities,267479866
Evo Payments Inc,United States,Industrials,22165200
Evolent Health Inc,United States,Health Care,23743269
Evolution AB,Sweden,Consumer Discretionary,407864921
Evonik Industries AG,Germany,Basic Materials,77957626
Evoqua Water Technologies Corp,United States,Utilities,38120306
Evotec SE,Germany,Health Care,64310205
Evraz PLC,United Kingdom,Basic Materials,4068951
Exact Sciences Corp,United States,Health Care,44871903
Exail Technologies SA,France,Industrials,5829717
Exasol AG,Germany,Technology,1552155
Excelerate Energy Inc,United States,Utilities,18205989
Exclusive Networks SA,France,Technology,25736054
Exedy Corp,Japan,Consumer Discretionary,1603201
Exelixis Inc,United States,Health Care,50953257
Exelon Corp,United States,Utilities,254312363
Exide Industries Ltd,India,Industrials,43693039
ExlService Holdings Inc,United States,Industrials,66557187
Exotic Food PCL,Thailand,Consumer Staples,5950310
Expedia Group Inc,United States,Consumer Discretionary,115429206
Expeditors International of Washington Inc,United States,Industrials,129179730
Experian PLC,United Kingdom,Industrials,644159964
Experience Co Ltd,Australia,Consumer Discretionary,3527820
Exponent Inc,United States,Industrials,51619251
Expro Group Holdings NV,United States,Energy,70725
Exscientia Plc,United Kingdom,Health Care,202961
Extra Space Storage Inc,United States,Real Estate,376346030
Extreme Networks Inc,United States,Telecommunications,5694410
Exxon Mobil Corp,United States,Energy,5118127915
Eyegene Inc,South Korea,Health Care,1498447
Ez Tec Empreendimentos e Participacoes SA,Brazil,Real Estate,7240079
Ezaki Glico Co Ltd,Japan,Consumer Staples,13197630
F&F Co Ltd / New,South Korea,Consumer Discretionary,90227068
F&F Holdings Co Ltd,South Korea,Consumer Discretionary,88761
F&G Annuities & Life Inc,United States,Financials,3628733
F-Secure Oyj,Finland,Technology,8262000
F5 Inc,United States,Technology,12608502
FACC AG,Austria,Industrials,2172897
FAN Communications Inc,Japan,Technology,1391472
FANUC Corp,Japan,Industrials,432857313
FARO Technologies Inc,United States,Industrials,4165397
FCC Co Ltd,Japan,Consumer Discretionary,2752274
FD Technologies PLC,United Kingdom,Technology,9572370
FDK Corp,Japan,Technology,602508
FDM Group Holdings PLC,United Kingdom,Industrials,22828660
FIBI Holdings Ltd,Israel,Financials,1157012
FIBRA Macquarie Mexico,Mexico,Real Estate,32816397
FIDEA Holdings Co Ltd,Japan,Financials,2430353
FIH Mobile Ltd,China,Telecommunications,3584418
FIT Hon Teng Ltd,Hong Kong,Technology,3912229
FLEXium Interconnect Inc,Taiwan,Technology,19347803
FLSmidth & Co A/S,Denmark,Industrials,53875002
FMC Corp,United States,Basic Materials,211430045
FNB Corp/PA,United States,Financials,46598705
FP Corp,Japan,Industrials,18103129
FPT Corp,Vietnam,Telecommunications,17368142
FPT DIGITAL RETAIL JSC,Vietnam,Consumer Discretionary,6890376
FSN E-Commerce Ventures Ltd,India,Consumer Discretionary,34490981
FSP Technology Inc,Taiwan,Industrials,2438198
FTI Consulting Inc,United States,Industrials,44979465
FUCHS PETROLUB SE,Germany,Basic Materials,101849628
FUJIFILM Holdings Corp,Japan,Technology,300786614
FULLCAST Holdings Co Ltd,Japan,Industrials,3039206
Fabege AB,Sweden,Real Estate,54562141
Fabryki Mebli Forte SA,Poland,Consumer Discretionary,1073256
FactSet Research Systems Inc,United States,Financials,31919866
Faes Farma SA,Spain,Health Care,30937381
Fagerhult AB,Sweden,Industrials,4595550
Fagron,Belgium,Health Care,20439895
Fair Isaac Corp,United States,Industrials,99801842
Fairfax Financial Holdings Ltd,Canada,Financials,144171335
Fairvest Ltd,South Africa,Real Estate,4523364
Falabella SA,Chile,Consumer Discretionary,25741903
Falcon Metals Ltd/Australia,Australia,Basic Materials,186886
Family Zone Cyber Safety Ltd,Australia,Technology,5133850
Famous Brands Ltd,South Africa,Consumer Discretionary,11027974
Fancl Corp,Japan,Consumer Discretionary,27738035
Far EasTone Telecommunications Co Ltd,Taiwan,Telecommunications,51045346
Far East Consortium International Ltd,Hong Kong,Real Estate,4339217
Far East Horizon Ltd,China,Consumer Discretionary,20529269
Far East Hospitality Trust,Singapore,Real Estate,7061426
Far East Orchard Ltd,Singapore,Consumer Discretionary,1105049
Far Eastern Department Stores Ltd,Taiwan,Consumer Discretionary,16390139
Far Eastern International Bank,Taiwan,Financials,18550172
Far Eastern New Century Corp,Taiwan,Basic Materials,61847164
Faraday Technology Corp,Taiwan,Technology,24923886
Farfetch Ltd,United States,Consumer Discretionary,15765818
Farglory Land Development Co Ltd,Taiwan,Real Estate,10272505
Farm Fresh Bhd,Malaysia,Consumer Staples,3700807
Farmae' SpA,Italy,Consumer Discretionary,997879
Fast Retailing Co Ltd,Japan,Consumer Discretionary,381237200
Fastenal Co,United States,Basic Materials,261951453
Fastighets AB Balder,Sweden,Real Estate,72463930
Fastly Inc,United States,Technology,5802541
Fate Therapeutics Inc,United States,Health Care,8119847
Fattal Holdings 1998 Ltd,Israel,Consumer Discretionary,324541
Faurecia SE,France,Consumer Discretionary,55203625
Fawry for Banking & Payment Technology Services SAE,Egypt,Industrials,14221405
FedEx Corp,United States,Industrials,378934061
Federal Bank Ltd,India,Financials,24633590
Federal Corp,Taiwan,Consumer Discretionary,5050510
Federal Grid Co Unified Energy System PJSC,Russia,Utilities,0
Federal Realty Investment Trust,United States,Real Estate,726849225
Federal Signal Corp,United States,Industrials,25845731
Federated Hermes Inc,United States,Financials,3485760
Feed One Co Ltd,Japan,Consumer Staples,1079331
Feng Hsin Steel Co Ltd,Taiwan,Basic Materials,8339078
Feng TAY Enterprise Co Ltd,Taiwan,Consumer Discretionary,69982145
Ferguson PLC,United Kingdom,Industrials,608966124
Ferrari NV,Italy,Consumer Discretionary,369251471
Ferrexpo PLC,United Kingdom,Basic Materials,12514834
Ferreycorp SAA,Peru,Industrials,12558258
Ferro SA,Poland,Consumer Discretionary,4592720
Ferroglobe PLC,United States,Basic Materials,1203125
Ferronordic AB,Sweden,Industrials,1159241
Ferrotec Holdings Corp,Japan,Technology,5255263
Ferrovial SA,Spain,Industrials,283709618
Fertiglobe plc,United Arab Emirates,Basic Materials,26114479
Fevertree Drinks PLC,United Kingdom,Consumer Staples,3288376
Fibergate Inc/Japan,Japan,Telecommunications,3667140
Fibra Uno Administracion SA de CV,Mexico,Real Estate,32960466
FibroGen Inc,United States,Health Care,12641478
Fidelity National Financial Inc,United States,Financials,109732348
Fidelity National Information Services Inc,United States,Industrials,380530076
Fielmann AG,Germany,Consumer Discretionary,17050919
Fiera Milano SpA,Italy,Industrials,3172401
Fifth Third Bancorp,United States,Financials,180536434
Figs Inc,United States,Consumer Discretionary,4434464
Fila Holdings Corp,South Korea,Consumer Discretionary,10922065
Fila SpA,Italy,Consumer Staples,4522545
FinVolution Group,China,Financials,4049106
Financial Partners Group Co Ltd,Japan,Industrials,4378782
Fincantieri SpA,Italy,Industrials,3979262
Fine Foods & Pharmaceuticals NTM,Italy,Health Care,5395206
FinecoBank Banca Fineco SpA,Italy,Financials,57358075
Fineos Corp Ltd,Australia,Technology,2295216
Finnair Oyj,Finland,Consumer Discretionary,5964480
Finning International Inc,Canada,Industrials,45368622
Fino Payments Bank Ltd,India,Financials,735436
Finolex Cables Ltd,India,Industrials,5443440
Finolex Industries Ltd,India,Industrials,4973052
Fire Rock Holdings Ltd,China,Consumer Discretionary,276
Firefinch Ltd,Australia,Basic Materials,10097
Firich Enterprises Co Ltd,Taiwan,Technology,153378
First Abu Dhabi Bank PJSC,United Arab Emirates,Financials,195864028
First American Financial Corp,United States,Financials,53163099
First BanCorp/Puerto Rico,United States,Financials,24220623
First Capital Real Estate Investment Trust,Canada,Real Estate,24083515
First Citizens BancShares Inc/NC,United States,Financials,77056201
First Commonwealth Financial Corp,United States,Financials,12823077
First Financial Bancorp,United States,Financials,21747612
First Financial Bankshares Inc,United States,Financials,43668770
First Financial Holding Co Ltd,Taiwan,Financials,132727299
First Hawaiian Inc,United States,Financials,34342021
First Horizon Corp,United States,Financials,132842234
First Industrial Realty Trust Inc,United States,Real Estate,70782942
First International Bank Of Israel Ltd/The,Israel,Financials,83599292
First Interstate BancSystem Inc,United States,Financials,33978606
First Majestic Silver Corp,Canada,Basic Materials,5407016
First Merchants Corp,United States,Financials,19195616
First National Financial Corp,Canada,Financials,3153443
First Quantum Minerals Ltd,Canada,Basic Materials,79846304
First Real Estate Investment Trust,Singapore,Real Estate,4013758
First Republic Bank/CA,United States,Financials,213442920
First Solar Inc,United States,Energy,213049463
First Steamship Co Ltd,Taiwan,Industrials,1636880
First Tractor Co Ltd,China,Industrials,4521638
First Watch Restaurant Group Inc,United States,Consumer Discretionary,1095930
FirstRand Ltd,South Africa,Financials,213943098
FirstService Corp,Canada,Real Estate,56900929
Firstgroup PLC,United Kingdom,Consumer Discretionary,14574271
Firstsource Solutions Ltd,India,Industrials,3244938
Firstwave Cloud Technology Ltd,Australia,Technology,1840738
Fiserv Inc,United States,Industrials,546009551
Fisher & Paykel Healthcare Corp Ltd,New Zealand,Health Care,128413809
Fisker Inc,United States,Consumer Discretionary,7
Fitipower Integrated Technology Inc,Taiwan,Technology,8026099
Fittech Co Ltd,Taiwan,Technology,2393418
Five Below Inc,United States,Consumer Discretionary,55355358
Five-Star Business Finance Ltd,India,Financials,37934503
Five9 Inc,United States,Technology,55363377
Fiverr International Ltd,United States,Technology,8174702
Fixer Inc,Japan,Technology,3335596
Fixstars Corp,Japan,Technology,1625523
Flat Glass Group Co Ltd,China,Industrials,18459219
FleetCor Technologies Inc,United States,Industrials,132095125
Fleetwood Ltd,Australia,Consumer Discretionary,2709916
Fletcher Building Ltd,New Zealand,Industrials,33104579
Fleury SA,Brazil,Health Care,117045
Flex Ltd,United States,Technology,100832256
Flight Centre Travel Group Ltd,Australia,Consumer Discretionary,10105738
Floor & Decor Holdings Inc,United States,Consumer Discretionary,9400
Flow Traders,Netherlands,Financials,16983052
Flowers Foods Inc,United States,Consumer Staples,38880420
Flowserve Corp,United States,Industrials,25014938
Fluence Energy Inc,United States,Energy,3183777
Flughafen Wien AG,Austria,Industrials,9656520
Flughafen Zurich AG,Switzerland,Industrials,105782483
Fluidra SA,Spain,Industrials,39852427
Flushing Financial Corp,United States,Financials,19
Flutter Entertainment PLC,United Kingdom,Consumer Discretionary,591113789
Flytech Technology Co Ltd,Taiwan,Technology,6037989
Flywire Corp,United States,Industrials,24
Fnac Darty SA,France,Consumer Discretionary,14480245
FocalTech Systems Co Ltd,Taiwan,Technology,5268782
Focus Financial Partners Inc,United States,Financials,4626921
Focus Media Information Technology Co Ltd,China,Consumer Discretionary,36037137
Fomento Economico Mexicano SAB de CV,Mexico,Consumer Staples,173700848
Fomento de Construcciones y Contratas SA,Spain,Industrials,13586275
Food & Life Cos Ltd,Japan,Consumer Discretionary,43399292
Foodnamoo Inc,South Korea,Consumer Staples,1427419
Foosung Co Ltd,South Korea,Basic Materials,4003399
Foot Locker Inc,United States,Consumer Discretionary,10216111
ForFarmers NV,Netherlands,Consumer Staples,1140940
Forbo Holding AG,Switzerland,Consumer Discretionary,26246295
Ford Motor Co,United States,Consumer Discretionary,408326509
Ford Otomotiv Sanayi AS,Turkey,Consumer Discretionary,46475304
Foresight Group Holdings Ltd,United Kingdom,Financials,2445410
Forest Water Environment Engineering Co Ltd,Taiwan,Utilities,1308
FormFactor Inc,United States,Technology,18309295
Formosa International Hotels Corp,Taiwan,Consumer Discretionary,33050189
Formosa Petrochemical Corp,Taiwan,Energy,55755630
Formosa Prosonic Industries BHD,Malaysia,Consumer Discretionary,1897671
Formosa Sumco Technology Corp,Taiwan,Technology,4349628
Formosan Rubber Group Inc,Taiwan,Industrials,3378311
Formula Systems 1985 Ltd,Israel,Technology,7323291
Formycon AG,Germany,Health Care,3498819
Forrester Research Inc,United States,Industrials,2975232
Fortescue Metals Group Ltd,Australia,Basic Materials,218168287
Forth Corp PCL,Thailand,Telecommunications,17241063
Forth Smart Service PCL,Thailand,Industrials,12566354
Fortinet Inc,United States,Technology,305462960
Fortis Healthcare Ltd,India,Health Care,12554458
Fortis Inc/Canada,Canada,Utilities,99509940
Fortive Corp,United States,Industrials,188397576
Fortress REIT Ltd,South Africa,Real Estate,8897662
Fortum Oyj,Finland,Utilities,126470309
Fortune Brands Innovations Inc,United States,Industrials,79197749
Fortune Real Estate Investment Trust,Hong Kong,Real Estate,15087633
Forus SA,Chile,Consumer Discretionary,8328397
Forward Air Corp,United States,Industrials,33348307
Foschini Group Ltd/The,South Africa,Consumer Discretionary,54603384
Foshan Haitian Flavouring & Food Co Ltd,China,Consumer Staples,64390529
Fossal SAA,Peru,Basic Materials,5576
Fossil Group Inc,United States,Consumer Discretionary,1851145
Foster Electric Co Ltd,Japan,Consumer Discretionary,82750
Fosun International Ltd,China,Industrials,203426
FoundPac Group Bhd,Malaysia,Industrials,1268094
Four Corners Property Trust Inc,United States,Real Estate,22201473
Fourlis Holdings SA,Greece,Consumer Discretionary,2438975
Fox Corp,United States,Consumer Discretionary,157737520
Fox Factory Holding Corp,United States,Consumer Discretionary,34350193
Fox Wizel Ltd,Israel,Consumer Discretionary,792931
Foxconn Industrial Internet Co Ltd,China,Telecommunications,3963895
Foxconn Technology Co Ltd,Taiwan,Technology,27471928
Foxsemicon Integrated Technology Inc,Taiwan,Technology,8194547
France Bed Holdings Co Ltd,Japan,Health Care,1339339
Franchi Umberto Marmi SpA,Italy,Industrials,1651623
Franco-Nevada Corp,Canada,Basic Materials,212661773
Franklin Covey Co,United States,Industrials,3082143
Franklin Electric Co Inc,United States,Industrials,36996583
Franklin Resources Inc,United States,Financials,33620360
Franklin Street Properties Corp,United States,Real Estate,2818455
Fraport AG Frankfurt Airport Services Worldwide,Germany,Industrials,48191431
Fraser & Neave Holdings Bhd,Malaysia,Consumer Staples,10795257
Fraser and Neave Ltd,Singapore,Industrials,277351
Frasers Centrepoint Trust,Singapore,Real Estate,27382550
Frasers Group PLC,United Kingdom,Consumer Discretionary,49325947
Frasers Hospitality Trust,Singapore,Real Estate,1357363
Frasers Logistics & Commercial Trust,Singapore,Real Estate,40570630
Frasers Property Ltd,Singapore,Real Estate,2603265
Freee KK,Japan,Technology,3412986
Freenet AG,Germany,Telecommunications,84337134
Freightways Ltd,New Zealand,Industrials,10629116
Fresenius Medical Care AG & Co KGaA,Germany,Health Care,116606618
Fresenius SE & Co KGaA,Germany,Health Care,237958198
Fresh Del Monte Produce Inc,United States,Consumer Staples,7325212
Fresh Market Inc/The,United States,Consumer Staples,4
Freshpet Inc,United States,Consumer Staples,12828493
Freshworks Inc,United States,Technology,2130685
Fresnillo PLC,United Kingdom,Basic Materials,49733082
Frontage Holdings Corp,Hong Kong,Health Care,2337850
Frontdoor Inc,United States,Consumer Discretionary,3511893
Frontier Communications Parent Inc,United States,Telecommunications,54468290
Frontier Group Holdings Inc,United States,Consumer Discretionary,859599
Frontier Real Estate Investment Corp,Japan,Real Estate,24163281
Frontken Corp Bhd,Malaysia,Industrials,24515157
Fu Shou Yuan International Group Ltd,China,Consumer Discretionary,17699101
Fubon Financial Holding Co Ltd,Taiwan,Financials,221271163
Fudo Tetra Corp,Japan,Industrials,1350358
FuelCell Energy Inc,United States,Energy,9584247
Fugro NV,Netherlands,Industrials,37806525
Fuji Co Ltd/Ehime,Japan,Consumer Staples,1080428
Fuji Corp/Aichi,Japan,Industrials,10930987
Fuji Electric Co Ltd,Japan,Industrials,110907227
Fuji Kyuko Co Ltd,Japan,Consumer Discretionary,9092995
Fuji Media Holdings Inc,Japan,Consumer Discretionary,1748420
Fuji Oil Holdings Inc,Japan,Consumer Staples,10822152
Fuji Pharma Co Ltd,Japan,Health Care,1351388
Fuji Seal International Inc,Japan,Industrials,4833578
Fuji Soft Inc,Japan,Technology,15286734
Fujian Sunner Development Co Ltd,China,Consumer Staples,5214312
Fujibo Holdings Inc,Japan,Basic Materials,2277221
Fujicco Co Ltd,Japan,Consumer Staples,2327985
Fujikura Kasei Co Ltd,Japan,Industrials,423822
Fujikura Ltd,Japan,Industrials,22826173
Fujimi Inc,Japan,Basic Materials,15139832
Fujimori Kogyo Co Ltd,Japan,Industrials,3383533
Fujio Food Group Inc,Japan,Consumer Discretionary,1007
Fujita Kanko Inc,Japan,Consumer Discretionary,1649554
Fujitec Co Ltd,Japan,Industrials,22355129
Fujitsu General Ltd,Japan,Consumer Discretionary,33948438
Fujitsu Ltd,Japan,Technology,418821428
Fujiya Co Ltd,Japan,Consumer Staples,1785358
Fukuda Corp,Japan,Industrials,2366319
Fukui Bank Ltd/The,Japan,Financials,1754273
Fukui Computer Holdings Inc,Japan,Technology,1286770
Fukuoka Financial Group Inc,Japan,Financials,72202129
Fukuoka REIT Corp,Japan,Real Estate,8732616
Fukushima Galilei Co Ltd,Japan,Industrials,4272354
Fukuyama Transporting Co Ltd,Japan,Industrials,6040498
Fulcrum Therapeutics Inc,United States,Health Care,2596048
Fulgent Genetics Inc,United States,Health Care,2140795
Fulgent Sun International Holding Co Ltd,Taiwan,Consumer Discretionary,1586130
Full Truck Alliance Co Ltd,China,Industrials,65125896
Fulton Financial Corp,United States,Financials,29379121
Funai Soken Holdings Inc,Japan,Industrials,4593666
Funding Circle Holdings PLC,United Kingdom,Financials,866054
Funko Inc,United States,Consumer Discretionary,2067445
Furukawa Battery Co Ltd/The,Japan,Industrials,987854
Furukawa Co Ltd,Japan,Industrials,1656690
Furukawa Electric Co Ltd,Japan,Industrials,18265919
Furuno Electric Co Ltd,Japan,Industrials,1918590
Fusheng Precision Co Ltd,Taiwan,Consumer Discretionary,11122383
Fuso Chemical Co Ltd,Japan,Basic Materials,6439502
Fuso Pharmaceutical Industries Ltd,Japan,Health Care,720791
Futaba Corp,Japan,Industrials,1460859
Futaba Industrial Co Ltd,Japan,Consumer Discretionary,753038
Future Corp,Japan,Technology,16537681
Future PLC,United Kingdom,Consumer Discretionary,54547107
Fuyao Glass Industry Group Co Ltd,China,Industrials,58944676
Fuyo General Lease Co Ltd,Japan,Financials,19535445
G City Ltd,Israel,Real Estate,79271
G-7 Holdings Inc,Japan,Consumer Discretionary,572874
G-III Apparel Group Ltd,United States,Consumer Discretionary,6478661
G-SMATT GLOBAL Co Ltd,South Korea,Technology,343
G-Tekt Corp,Japan,Consumer Discretionary,2296639
G1 Therapeutics Inc,United States,Health Care,1225551
G8 Education Ltd,Australia,Consumer Discretionary,11161846
GA Technologies Co Ltd/Japan,Japan,Real Estate,546966
GAIL India Ltd,India,Energy,70197619
GATX Corp,United States,Industrials,24696721
GC Cell Corp,South Korea,Health Care,5125683
GCC SAB de CV,Mexico,Industrials,97814584
GDI Property Group Partnership,Australia,Real Estate,2343917
GDS Holdings Ltd,China,Technology,8847211
GEA Group AG,Germany,Industrials,137714415
GEK Terna Holding Real Estate Construction SA,Greece,Industrials,18147519
GEM Co Ltd,China,Utilities,8550427
GEN Ilac VE Saglik Urunleri Sanayi VE Ticaret AS,Turkey,Health Care,22014426
GF Securities Co Ltd,China,Financials,48032892
GFL Environmental Inc,Canada,Utilities,223993743
GFL Ltd,India,Basic Materials,183333
GFPT PCL,Thailand,Consumer Staples,3338365
GFT Technologies SE,Germany,Technology,20661910
GHCL Ltd,India,Consumer Discretionary,3886764
GK Software SE,Germany,Technology,15594943
GL Events,France,Consumer Discretionary,4224133
GLOBALFOUNDRIES Inc,United States,Technology,79576561
GLOBERIDE Inc,Japan,Consumer Discretionary,3605036
GLP J-Reit,Japan,Real Estate,83956053
GMM Pfaudler Ltd,India,Industrials,952713
GMO Financial Gate Inc,Japan,Technology,2310054
GMO Financial Holdings Inc,Japan,Financials,1486003
GMO GlobalSign Holdings KK,Japan,Technology,2990856
GMO Payment Gateway Inc,Japan,Industrials,61981938
GMO internet group Inc,Japan,Technology,47203648
GMR Airports Infrastructure Ltd,India,Industrials,22483018
GMR Power and Urban Infra Ltd,India,Industrials,415507
GMexico Transportes SAB de CV,Mexico,Industrials,59626083
GN Store Nord AS,Denmark,Health Care,156127646
GNCO Co Ltd,South Korea,Consumer Discretionary,17258
GNI Group Ltd,Japan,Health Care,1316511
GOLFZON Co Ltd,South Korea,Consumer Discretionary,10409980
GOME Retail Holdings Ltd,China,Consumer Discretionary,11
GPI SpA,Italy,Health Care,11517705
GPS Participacoes e Empreendimentos SA,Brazil,Financials,20111470
GPT Group/The,Australia,Real Estate,88710035
GQG Partners Inc,Australia,Financials,30046961
GRENKE AG,Germany,Financials,10378750
GRUPO DE MODA SOMA SA,Brazil,Consumer Discretionary,36025064
GS Engineering & Construction Corp,South Korea,Industrials,6016936
GS Holdings Corp,South Korea,Industrials,27485821
GS Retail Co Ltd,South Korea,Consumer Staples,7416283
GS Yuasa Corp,Japan,Industrials,12114087
GSK PLC,United Kingdom,Health Care,1635953629
GT Capital Holdings Inc,Philippines,Real Estate,1384210
GTN Ltd,Australia,Consumer Discretionary,1736050
GTPL Hathway Ltd,India,Consumer Discretionary,4794168
GUD Holdings Ltd,Australia,Consumer Discretionary,11232387
GVS SpA,Italy,Industrials,5073870
GWA Group Ltd,Australia,Industrials,14897181
GXO Logistics Inc,United States,Industrials,41706124
Gabungan AQRS Bhd,Malaysia,Industrials,317584
Gadang Holdings BHD,Malaysia,Industrials,1133214
Gadwa for Industrial Development,Egypt,Industrials,290205
Gakken Holdings Co Ltd,Japan,Consumer Discretionary,2009448
Galapagos NV,Netherlands,Health Care,49560757
Galata Wind Enerji AS,Turkey,Utilities,7882255
Galaxy Cosmos Mezz PLC,Greece,Financials,176978
Galaxy Entertainment Group Ltd,Hong Kong,Consumer Discretionary,327379471
Galaxy Surfactants Ltd,India,Basic Materials,1622309
Galenica AG,Switzerland,Consumer Staples,97112943
Gallant Venture Ltd,Singapore,Utilities,2673624
Galliford Try Holdings PLC,United Kingdom,Industrials,3765275
Galp Energia SGPS SA,Portugal,Energy,85832266
Gamania Digital Entertainment Co Ltd,Taiwan,Consumer Discretionary,2676784
GameStop Corp,United States,Consumer Discretionary,19508214
Games Workshop Group PLC,United Kingdom,Consumer Discretionary,103616677
Gaming and Leisure Properties Inc,United States,Real Estate,129106159
Gamivo SA,Poland,Technology,467826
Gamuda Bhd,Malaysia,Industrials,27155253
Ganfeng Lithium Group Co Ltd,China,Basic Materials,70697517
Gannett Co Inc,United States,Consumer Discretionary,33895
Gaona Aero Material Co Ltd,China,Basic Materials,9843643
Gaotu Techedu Inc,China,Consumer Discretionary,45
Gap Inc/The,United States,Consumer Discretionary,5267094
Garmin Ltd,United States,Consumer Discretionary,140979897
Garofalo Health Care SpA,Italy,Health Care,6134724
Gartner Inc,United States,Technology,257497358
Gas Malaysia Bhd,Malaysia,Utilities,7975714
Gates Industrial Corp PLC,United States,Industrials,12416898
Gateway Distriparks Ltd,India,Industrials,2833835
Gav-Yam Lands Corp Ltd,Israel,Real Estate,397026
Gazprom Neft PJSC,Russia,Energy,7886159
Gazprom PJSC,Russia,Energy,74243100
Gaztransport Et Technigaz SA,France,Energy,83262528
Geberit AG,Switzerland,Industrials,398101696
Gecina SA,France,Real Estate,726698612
Gecoss Corp,Japan,Industrials,1590329
Gediz Ambalaj Sanayi VE Ticaret AS,Turkey,Basic Materials,1343890
Geely Automobile Holdings Ltd,China,Consumer Discretionary,92959083
Gelex Group JSC,Vietnam,Industrials,5432842
GemVax & Kael Co Ltd,South Korea,Technology,2512378
Gemdale Properties & Investment Corp Ltd,China,Real Estate,6127640
Gemtek Technology Corp,Taiwan,Telecommunications,6640195
Gen Digital Inc,United States,Technology,51257474
GeneOne Life Science Inc,South Korea,Basic Materials,4663501
GeneReach Biotechnology Corp,Taiwan,Health Care,1259640
Generac Holdings Inc,United States,Industrials,57661571
General Dynamics Corp,United States,Industrials,592875468
General Electric Co,United States,Industrials,613313641
General Insurance Corp of India,India,Financials,905616
General Interface Solution Holding Ltd,Taiwan,Technology,11727416
General Mills Inc,United States,Consumer Staples,370277156
General Motors Co,United States,Consumer Discretionary,481695533
Generalfinance SpA,Italy,Financials,3569142
Genertec Universal Medical Group Co Ltd,China,Health Care,127534
Genesis Energy Ltd,New Zealand,Utilities,8276040
Genesis Minerals Ltd,Australia,Basic Materials,4069031
Genesys Logic Inc,Taiwan,Technology,2805876
Genetec Technology Bhd,Malaysia,Industrials,6029202
Genetic Signatures Ltd,Australia,Health Care,2565735
Genetron Holdings Ltd,China,Health Care,244492
Genexine Inc,South Korea,Health Care,3367907
Genius Electronic Optical Co Ltd,Taiwan,Technology,15716143
Genky DrugStores Co Ltd,Japan,Consumer Staples,2730141
Genmab A/S,Denmark,Health Care,706866502
Genomma Lab Internacional SAB de CV,Mexico,Health Care,36774343
Genpact Ltd,United States,Industrials,81568733
Genscript Biotech Corp,China,Health Care,47212437
Gentera SAB de CV,Mexico,Financials,26485959
Gentex Corp,United States,Consumer Discretionary,57219332
Gentherm Inc,United States,Consumer Discretionary,17802102
Genting Malaysia Bhd,Malaysia,Consumer Discretionary,44094409
Genting Singapore Ltd,Singapore,Consumer Discretionary,72226396
Genuine Parts Co,United States,Consumer Discretionary,233557126
Genuit Group PLC,United Kingdom,Industrials,14707650
Genus PLC,United Kingdom,Health Care,59497598
Genworth Financial Inc,United States,Financials,26169910
Geo Holdings Corp,Japan,Consumer Discretionary,3005358
Georg Fischer AG,Switzerland,Industrials,131518836
George Weston Ltd,Canada,Consumer Staples,93742995
Georgia Capital PLC,United Kingdom,Financials,7919781
Geovis Technology Co Ltd,China,Technology,5680145
Geox SpA,Italy,Consumer Discretionary,242056
Gerresheimer AG,Germany,Health Care,45365056
Gesco AG,Germany,Industrials,245401
Gestamp Automocion SA,Spain,Consumer Discretionary,12321990
Getac Holdings Corp,Taiwan,Technology,10547850
Getinge AB,Sweden,Health Care,113573412
Getlink SE,France,Industrials,266904064
Getnet Adquirencia e Servicos para Meios de Pagamento SA,Brazil,Industrials,4153283
Getty Realty Corp,United States,Real Estate,12016682
Ghabbour Auto,Egypt,Consumer Discretionary,1844813
Giant Manufacturing Co Ltd,Taiwan,Consumer Discretionary,30218489
Giantstep Inc,South Korea,Consumer Discretionary,186230
Gibraltar Industries Inc,United States,Industrials,46
Gibson Energy Inc,Canada,Energy,28802312
Gift Holdings Inc,Japan,Consumer Discretionary,5195915
GigaDevice Semiconductor Inc,China,Technology,8454582
Gigabyte Technology Co Ltd,Taiwan,Technology,33341259
Gigasolar Materials Corp,Taiwan,Energy,877318
Gigastorage Corp,Taiwan,Industrials,96311
Giken Ltd,Japan,Industrials,2816462
Gilat Satellite Networks Ltd,Israel,Telecommunications,5455
Gildan Activewear Inc,Canada,Consumer Discretionary,55296503
Gilead Sciences Inc,United States,Health Care,1089588197
Gillette India Ltd,India,Consumer Staples,2634323
Gimv NV,Belgium,Financials,24023097
Ginkgo Bioworks Holdings Inc,United States,Health Care,13306472
Giordano International Ltd,Hong Kong,Consumer Discretionary,4767297
Gitlab Inc,United States,Technology,77129084
Givaudan SA,Switzerland,Basic Materials,444158181
Glacier Bancorp Inc,United States,Financials,35035864
Glanbia PLC,Ireland,Consumer Staples,73569968
Gland Pharma Ltd,India,Health Care,526895
Glaukos Corp,United States,Health Care,17592600
GlaxoSmithKline Pharmaceuticals Ltd,India,Health Care,4340063
Glenmark Pharmaceuticals Ltd,India,Health Care,6996676
Global Brands Manufacture Ltd,Taiwan,Industrials,6097407
Global Digital Niaga Tbk PT,Indonesia,Consumer Discretionary,8453513
Global Dominion Access SA,Spain,Industrials,18400036
Global Fashion Group SA,Germany,Consumer Discretionary,4185995
Global Health Ltd/India,India,Health Care,45333012
Global Medical REIT Inc,United States,Real Estate,1287384
Global Mixed Mode Technology Inc,Taiwan,Technology,6999657
Global Net Lease Inc,United States,Real Estate,12139817
Global One Real Estate Investment Corp,Japan,Real Estate,4934394
Global Payments Inc,United States,Industrials,254820159
Global Ports Investments PLC,Russia,Industrials,264574
Global Power Synergy PCL,Thailand,Utilities,17541311
Global Unichip Corp,Taiwan,Technology,39677557
Global-e Online Ltd,United States,Technology,12992653
GlobalData PLC,United Kingdom,Consumer Discretionary,7795084
Globaltrans Investment PLC,Russia,Industrials,442898
Globalwafers Co Ltd,Taiwan,Technology,45245970
Globalworth Real Estate Investments Ltd,Romania,Real Estate,1704499
Globant SA,United States,Technology,76777820
Globe Life Inc,United States,Financials,110332544
Globe Telecom Inc,Philippines,Telecommunications,41533620
Globe Union Industrial Corp,Taiwan,Industrials,2259929
Globetronics Technology BHD,Malaysia,Technology,3118438
Globus Medical Inc,United States,Health Care,10997827
Glodon Co Ltd,China,Technology,24225088
Gloria Material Technology Corp,Taiwan,Basic Materials,6857137
Glory Ltd,Japan,Industrials,16987143
Glory Sun Financial Group Ltd,Hong Kong,Technology,3
Glory Sun Land Group Ltd,Hong Kong,Real Estate,39967
GoDaddy Inc,United States,Technology,113531569
GoTo Gojek Tokopedia Tbk PT,Indonesia,Technology,15073040
Godo Steel Ltd,Japan,Basic Materials,1285136
Godrej Agrovet Ltd,India,Consumer Staples,2177971
Godrej Consumer Products Ltd,India,Consumer Staples,74905189
Godrej Industries Ltd,India,Basic Materials,3636924
Godrej Properties Ltd,India,Real Estate,10668006
GoerTek Inc,China,Industrials,13897322
Gol Linhas Aereas Inteligentes SA,Brazil,Consumer Discretionary,1150894
Golar LNG Ltd,United States,Energy,23862953
Gold Circuit Electronics Ltd,Taiwan,Technology,13536202
Gold Fields Ltd,South Africa,Basic Materials,197255409
Gold Road Resources Ltd,Australia,Basic Materials,19352760
Goldcrest Co Ltd,Japan,Real Estate,2116650
Golden Eagle Retail Group Ltd,China,Consumer Discretionary,1053188
Golden Solar New Energy Technology Holdings Ltd,China,Consumer Discretionary,3613181
Goldman Sachs Group Inc/The,United States,Financials,732628014
Goldsun Building Materials Co Ltd,Taiwan,Industrials,11381012
Goldwin Inc,Japan,Consumer Discretionary,38856911
Gongniu Group Co Ltd,China,Industrials,14800327
Good Drinks Australia Ltd,Australia,Consumer Staples,1736234
Goodman Group,Australia,Real Estate,362111796
Goodman Property Trust,New Zealand,Real Estate,11603937
Goodyear Tire & Rubber Co/The,United States,Consumer Discretionary,18271634
Goosehead Insurance Inc,United States,Financials,1476620
Gourmet Master Co Ltd,Taiwan,Consumer Discretionary,6227414
Grab Holdings Ltd,United States,Consumer Discretionary,56534538
Grace Technology Inc,Japan,Technology,25609
Graco Inc,United States,Industrials,116115915
Gradiant Corp,South Korea,Consumer Discretionary,669457
GrafTech International Ltd,United States,Basic Materials,39464955
Grafton Group PLC,United Kingdom,Industrials,56538729
Graham Holdings Co,United States,Consumer Discretionary,23344258
GrainCorp Ltd,Australia,Consumer Staples,17775987
Grainger PLC,United Kingdom,Real Estate,205195677
GrameenPhone Ltd,Bangladesh,Telecommunications,32354604
Grand Baoxin Auto Group Ltd,China,Consumer Discretionary,2
Grand Canyon Education Inc,United States,Consumer Discretionary,11761015
Grand City Properties SA,Germany,Real Estate,20841490
Grand Korea Leisure Co Ltd,South Korea,Consumer Discretionary,2250677
Grand Pacific Petrochemical,Taiwan,Basic Materials,9271216
Grange Resources Ltd,Australia,Basic Materials,2935235
Granges AB,Sweden,Consumer Discretionary,30364925
Granite Construction Inc,United States,Industrials,30408285
Granite Point Mortgage Trust Inc,United States,Financials,1702872
Granite Real Estate Investment Trust,Canada,Real Estate,31040038
Granules India Ltd,India,Health Care,10747772
Grape King Bio Ltd,Taiwan,Consumer Staples,10188609
Graphic Packaging Holding Co,United States,Industrials,216431824
Graphisoft Park SE,Hungary,Real Estate,210257
Graphite India Ltd,India,Industrials,3605023
Grasim Industries Ltd,India,Industrials,262840966
Gray Television Inc,United States,Consumer Discretionary,9115139
Great China Metal Industry,Taiwan,Industrials,1088543
Great Eastern Shipping Co Ltd/The,India,Industrials,10590748
Great Portland Estates PLC,United Kingdom,Real Estate,232776500
Great Taipei Gas Co Ltd,Taiwan,Utilities,2756682
Great Tree Pharmacy Co Ltd,Taiwan,Consumer Staples,5278245
Great Wall Enterprise Co Ltd,Taiwan,Consumer Staples,18599293
Great Wall Motor Co Ltd,China,Consumer Discretionary,60834153
Great-West Lifeco Inc,Canada,Financials,69262572
Greatech Technology Bhd,Malaysia,Industrials,11561062
Greatek Electronics Inc,Taiwan,Technology,9268761
Greater Than AB,Sweden,Technology,2750483
Gree Electric Appliances Inc of Zhuhai,China,Consumer Discretionary,25572528
Gree Inc,Japan,Technology,3310897
Green Cross Corp/South Korea,South Korea,Health Care,7395273
Green Cross Holdings Corp,South Korea,Health Care,3649723
Green Dot Corp,United States,Industrials,7820364
Green Technology Metals Ltd,Australia,Basic Materials,2204958
GreenTree Hospitality Group Ltd,China,Consumer Discretionary,188097
Greenbrier Cos Inc/The,United States,Industrials,9113957
Greencore Group PLC,United Kingdom,Consumer Staples,7675722
Greenland Hong Kong Holdings Ltd,China,Real Estate,96
Greentown China Holdings Ltd,China,Real Estate,34622336
Greentown Service Group Co Ltd,China,Real Estate,30363423
Greenvolt-Energias Renovaveis SA,Portugal,Utilities,22470375
Greggs PLC,United Kingdom,Consumer Staples,56154905
Greif Inc,United States,Industrials,16668970
Grendene SA,Brazil,Consumer Discretionary,706905
Griffon Corp,United States,Industrials,14521399
Grifols SA,Spain,Health Care,113942720
Grindrod Ltd,South Africa,Industrials,246887
Grindwell Norton Ltd,India,Basic Materials,3909693
Grocery Outlet Holding Corp,United States,Consumer Staples,16272141
Group 1 Automotive Inc,United States,Consumer Discretionary,7705587
Group Lease PCL,Thailand,Financials,23038
Groupe Bruxelles Lambert NV,Belgium,Financials,340099813
Groupe LDLC,France,Technology,4096087
Growens SpA,Italy,Technology,1865012
Growthpoint Properties Australia Ltd,Australia,Real Estate,8985048
Growthpoint Properties Ltd,South Africa,Real Estate,3455163
Gruma SAB de CV,Mexico,Consumer Staples,26589934
Grupa Azoty SA,Poland,Basic Materials,215660
Grupa Kety SA,Poland,Basic Materials,32617480
Grupo Aeroportuario del Centro Norte SAB de CV,Mexico,Industrials,30525634
Grupo Aeroportuario del Pacifico SAB de CV,Mexico,Industrials,60270214
Grupo Aeroportuario del Sureste SAB de CV,Mexico,Industrials,109395153
Grupo Argos SA/Colombia,Colombia,Industrials,3594136
Grupo Aval Acciones y Valores SA,Colombia,Financials,1581869
Grupo Bimbo SAB de CV,Mexico,Consumer Staples,138352260
Grupo Catalana Occidente SA,Spain,Financials,15917096
Grupo Comercial Chedraui SA de CV,Mexico,Consumer Discretionary,2309981
Grupo Energia Bogota SA ESP,Colombia,Utilities,1333738
Grupo Financiero Banorte SAB de CV,Mexico,Financials,331658289
Grupo Industrial Saltillo SAB de CV,Mexico,Industrials,10592928
Grupo KUO SAB De CV,Mexico,Basic Materials,3258138
Grupo Mateus SA,Brazil,Consumer Discretionary,12675328
Grupo Mexico SAB de CV,Mexico,Basic Materials,125728152
Grupo Pochteca SAB de CV,Mexico,Basic Materials,1137084
Grupo Rotoplas SAB de CV,Mexico,Utilities,23493821
Grupo SBF SA,Brazil,Consumer Discretionary,17089
Grupo Televisa SAB,Mexico,Consumer Discretionary,55299476
Grupo Traxion SAB de CV,Mexico,Industrials,21210027
Grupo de Inversiones Suramericana SA,Colombia,Financials,5749714
Gruppo MutuiOnline SpA,Italy,Financials,10592662
Guan Chong Bhd,Malaysia,Consumer Staples,2016545
Guangdong Haid Group Co Ltd,China,Consumer Staples,206087588
Guangdong Investment Ltd,China,Utilities,37779173
Guangdong Provincial Expressway Development Co Ltd,China,Industrials,4636111
Guangshen Railway Co Ltd,China,Consumer Discretionary,4006565
Guangzhou Automobile Group Co Ltd,China,Consumer Discretionary,25718633
Guangzhou Baiyun International Airport Co Ltd,China,Industrials,17537323
Guangzhou Baiyunshan Pharmaceutical Holdings Co Ltd,China,Health Care,96859941
Guangzhou Kingmed Diagnostics Group Co Ltd,China,Health Care,4953417
Guangzhou Tinci Materials Technology Co Ltd,China,Basic Materials,6213985
Guaranty Trust Holding Co PLC,Nigeria,Financials,5021786
Guardant Health Inc,United States,Health Care,21407570
Gudeng Precision Industrial Co Ltd,Taiwan,Technology,7394884
Guerbet,France,Health Care,3230878
Guess? Inc,United States,Consumer Discretionary,6087515
Guidewire Software Inc,United States,Technology,53116505
Guinness Nigeria PLC,Nigeria,Consumer Staples,2903495
Gujarat Gas Ltd,India,Utilities,8336218
Gujarat Narmada Valley Fertilizers & Chemicals Ltd,India,Basic Materials,5418857
Gujarat Pipavav Port Ltd,India,Industrials,21240370
Gujarat State Fertilizers & Chemicals Ltd,India,Basic Materials,2
Gujarat State Petronet Ltd,India,Energy,49862321
Gulf Bank KSCP,Kuwait,Financials,95691925
Gulf Energy Development PCL,Thailand,Utilities,92422070
Gulf Warehousing Co,Qatar,Industrials,14814910
Gun-Ei Chemical Industry Co Ltd,Japan,Basic Materials,352807
GungHo Online Entertainment Inc,Japan,Consumer Discretionary,10055036
Gunkul Engineering PCL,Thailand,Industrials,742072
Gunma Bank Ltd/The,Japan,Financials,35037614
Gunosy Inc,Japan,Technology,1347665
Gunze Ltd,Japan,Consumer Discretionary,4668210
Guotai Junan International Holdings Ltd,Hong Kong,Financials,4173167
Guotai Junan Securities Co Ltd,China,Financials,9160128
Gurunavi Inc,Japan,Consumer Discretionary,833941
Gym Group PLC/The,United Kingdom,Consumer Discretionary,1972699
H & M Hennes & Mauritz AB,Sweden,Consumer Discretionary,70367397
H Lundbeck A/S,Denmark,Health Care,28618293
H World Group Ltd,China,Consumer Discretionary,92890554
H&E Equipment Services Inc,United States,Industrials,17018599
H&R Block Inc,United States,Consumer Discretionary,58072769
H&R GmbH & Co KGaA,Germany,Basic Materials,829268
H&R Real Estate Investment Trust,Canada,Real Estate,22629608
H.U. Group Holdings Inc,Japan,Health Care,18027229
H2O Retailing Corp,Japan,Consumer Discretionary,15142545
HAESUNG DS Co Ltd,South Korea,Technology,2501958
HAL Trust,Netherlands,Financials,227196
HB Fuller Co,United States,Industrials,58592752
HCA Healthcare Inc,United States,Health Care,534671193
HCL Technologies Ltd,India,Technology,150170852
HD Hyundai Co Ltd,South Korea,Industrials,21696326
HDC Holdings Co Ltd,South Korea,Industrials,835804
HDFC Asset Management Co Ltd,India,Financials,10699239
HDFC Bank Ltd,India,Financials,369799912
HDFC Life Insurance Co Ltd,India,Financials,52992754
HEG Ltd,India,Industrials,1277619
HEICO Corp,United States,Industrials,157263295
HELLENIQ ENERGY HOLDINGS S.A.,Greece,Energy,4404049
HF Sinclair Corp,United States,Energy,96834264
HFCL Ltd,India,Telecommunications,4454249
HI-LEX CORP,Japan,Industrials,2011555
HIS Co Ltd,Japan,Consumer Discretionary,2721531
HJ Shipbuilding & Construction Co Ltd,South Korea,Industrials,171526
HK inno N Corp,South Korea,Health Care,5386211
HKBN Ltd,Hong Kong,Telecommunications,7992306
HL Holdings Corp,South Korea,Consumer Discretionary,1652621
HL Mando Co Ltd,South Korea,Consumer Discretionary,5252194
HLB Global Co Ltd,South Korea,Energy,1390470
HLB Inc,South Korea,Consumer Discretionary,17257158
HLB Life Science CO LTD,South Korea,Energy,6350191
HLB Therapeutics Co Ltd,South Korea,Health Care,2014813
HMC Capital Ltd,Australia,Real Estate,3343427
HMM Co Ltd,South Korea,Industrials,73784257
HMS Networks AB,Sweden,Telecommunications,23285716
HNI Corp,United States,Consumer Discretionary,10934832
HOCHTIEF AG,Germany,Industrials,46485797
HP Inc,United States,Technology,144447155
HPSP Co Ltd,South Korea,Technology,1906241
HS Industries Co Ltd,South Korea,Industrials,5596739
HSBC Holdings PLC,United Kingdom,Financials,3668108680
HSS Engineers Bhd,Malaysia,Industrials,468558
HT&E Ltd,Australia,Consumer Discretionary,3898539
HTC Corp,Taiwan,Telecommunications,16686088
HUA ENG Wire & Cable Co Ltd,Taiwan,Industrials,446
HUB24 Ltd,Australia,Financials,10135431
HUGO BOSS AG,Germany,Consumer Discretionary,107560642
HUTCHMED China Ltd,Hong Kong,Health Care,26619399
HUUUGE Inc,United States,Consumer Discretionary,12126988
HUYA Inc,China,Consumer Discretionary,773430
HYBE Co Ltd,South Korea,Consumer Discretionary,50488150
HYUNDAI Corp,South Korea,Industrials,782891
Ha Do Group JSC,Vietnam,Real Estate,12221754
Hachijuni Bank Ltd/The,Japan,Financials,29312670
Haci Omer Sabanci Holding AS,Turkey,Financials,27585711
Hackett Group Inc/The,United States,Technology,5554899
Haemonetics Corp,United States,Health Care,33931891
Haichang Ocean Park Holdings Ltd,China,Consumer Discretionary,20910
Haidilao International Holding Ltd,China,Consumer Discretionary,30949795
Haier Smart Home Co Ltd,China,Consumer Discretionary,211429690
Hain Celestial Group Inc/The,United States,Consumer Staples,11823632
Hainan Meilan International Airport Co Ltd,China,Industrials,11739665
Haitian International Holdings Ltd,China,Industrials,25879325
Haitong International Securities Group Ltd,Hong Kong,Financials,4594861
Haitong Securities Co Ltd,China,Financials,24108085
Hakuhodo DY Holdings Inc,Japan,Consumer Discretionary,37328585
Hakuto Co Ltd,Japan,Technology,3521783
Haleon PLC,United Kingdom,Health Care,464939409
Halfords Group PLC,United Kingdom,Consumer Discretionary,18119801
Halliburton Co,United States,Energy,448874658
Halma PLC,United Kingdom,Industrials,210081671
Halows Co Ltd,Japan,Consumer Staples,229447
Halozyme Therapeutics Inc,United States,Health Care,53956620
Hamakyorex Co Ltd,Japan,Industrials,3533307
Hamamatsu Photonics KK,Japan,Industrials,93508798
Hamburger Hafen und Logistik AG,Germany,Industrials,8629507
Hamilton Lane Inc,United States,Financials,22673567
Hammerson PLC,United Kingdom,Real Estate,23371308
Han Kuk Carbon Co Ltd,South Korea,Basic Materials,1738481
Han's Laser Technology Industry Group Co Ltd,China,Technology,17823369
Hana Financial Group Inc,South Korea,Financials,149830831
Hana Materials Inc,South Korea,Technology,11342076
Hana Microelectronics PCL,Thailand,Technology,44219287
Hana Micron Inc,South Korea,Technology,1952898
Hana Tour Service Inc,South Korea,Consumer Discretionary,3928265
Hanall Biopharma Co Ltd,South Korea,Health Care,4282881
Hancock Whitney Corp,United States,Financials,42279117
Hancom Inc,South Korea,Technology,1347854
Handsome Co Ltd,South Korea,Consumer Discretionary,2452447
Hanesbrands Inc,United States,Consumer Discretionary,12663097
Hang Lung Group Ltd,Hong Kong,Real Estate,47821741
Hang Lung Properties Ltd,Hong Kong,Real Estate,35745513
Hang Seng Bank Ltd,Hong Kong,Financials,254373625
Hang Zhou Great Star Industrial Co Ltd,China,Industrials,1080833
Hangzhou Oxygen Plant Group Co Ltd,China,Industrials,15111388
Hangzhou Robam Appliances Co Ltd,China,Consumer Discretionary,22438685
Hangzhou Silan Microelectronics Co Ltd,China,Technology,36316689
Hangzhou Steam Turbine Power Group Co Ltd,China,Industrials,4062577
Hangzhou Tigermed Consulting Co Ltd,China,Health Care,27712497
Hanil Cement Co Ltd/New,South Korea,Industrials,1305049
Hanil Holdings Co Ltd,South Korea,Industrials,908917
Hanjin Kal Corp,South Korea,Consumer Discretionary,2580274
Hankook & Co Co Ltd,South Korea,Consumer Discretionary,2835418
Hankook Shell Oil Co Ltd,South Korea,Energy,948034
Hankook Tire & Technology Co Ltd,South Korea,Consumer Discretionary,5644985
Hankyu Hanshin Holdings Inc,Japan,Industrials,97377386
Hankyu Hanshin REIT Inc,Japan,Real Estate,7195915
Hanmi Pharm Co Ltd,South Korea,Health Care,17019345
Hanmi Science Co ltd,South Korea,Health Care,3491127
Hanmi Semiconductor Co Ltd,South Korea,Technology,6894870
HannStar Display Corp,Taiwan,Technology,14069066
Hannon Armstrong Sustainable Infrastructure Capital Inc,United States,Real Estate,21888014
Hannover Rueck SE,Germany,Financials,185566404
HannsTouch Solution Inc,Taiwan,Technology,3129697
Hannstar Board Corp,Taiwan,Technology,1586851
Hanon Systems,South Korea,Consumer Discretionary,17786290
Hanover Insurance Group Inc/The,United States,Financials,51392371
Hansa Biopharma AB,Sweden,Health Care,2434665
Hansae Co Ltd,South Korea,Consumer Discretionary,8956113
Hansen Technologies Ltd,Australia,Technology,11545965
Hansoh Pharmaceutical Group Co Ltd,China,Health Care,26259985
Hansol Chemical Co Ltd,South Korea,Basic Materials,72051594
Hansol Holdings Co Ltd,South Korea,Basic Materials,576782
Hansol Paper Co Ltd,South Korea,Basic Materials,992927
Hansol Technics Co Ltd,South Korea,Technology,719917
Hanssem Co Ltd,South Korea,Consumer Discretionary,493122
Hanwa Co Ltd,Japan,Industrials,22433955
Hanwha Aerospace Co Ltd,South Korea,Industrials,21644509
Hanwha Corp,South Korea,Industrials,10446250
Hanwha General Insurance Co Ltd,South Korea,Financials,2333762
Hanwha Investment & Securities Co Ltd,South Korea,Financials,1548004
Hanwha Life Insurance Co Ltd,South Korea,Financials,6329474
Hanwha Solutions Corp,South Korea,Basic Materials,141927458
Hanwha Systems Co Ltd,South Korea,Industrials,10520113
Happiest Minds Technologies Ltd,India,Technology,2838970
Happinet Corp,Japan,Consumer Discretionary,2347479
Hapvida Participacoes e Investimentos S/A,Brazil,Health Care,81670071
Harel Insurance Investments & Financial Services Ltd,Israel,Financials,1127750
Hargreaves Lansdown PLC,United Kingdom,Financials,63708203
Harim Holdings Co Ltd,South Korea,Consumer Staples,10091181
Harley-Davidson Inc,United States,Consumer Discretionary,2380186
Harmonic Drive Systems Inc,Japan,Industrials,11870431
Harmony Biosciences Holdings Inc,United States,Health Care,13236508
Harmony Gold Mining Co Ltd,South Africa,Basic Materials,44308300
Harsco Corp,United States,Utilities,6832305
Hartalega Holdings Bhd,Malaysia,Health Care,2141467
Hartford Financial Services Group Inc/The,United States,Financials,271896048
Harvey Norman Holdings Ltd,Australia,Consumer Discretionary,20639687
Hasbro Inc,United States,Consumer Discretionary,81246102
Haseko Corp,Japan,Industrials,40668176
HashiCorp Inc,United States,Technology,6151500
Hathway Cable & Datacom Ltd,India,Telecommunications,9167185
Hatsun Agro Product Ltd,India,Consumer Staples,3392148
Hatton National Bank PLC,Sri Lanka,Financials,2715767
Havells India Ltd,India,Industrials,163233954
Haverty Furniture Cos Inc,United States,Consumer Discretionary,4141150
Haw Par Corp Ltd,Singapore,Health Care,15480000
Hawaiian Electric Industries Inc,United States,Utilities,33350432
Hayleys Fabric PLC,Sri Lanka,Consumer Discretionary,16994
Hays PLC,United Kingdom,Industrials,41557737
Hayward Holdings Inc,United States,Industrials,81047
Hazama Ando Corp,Japan,Industrials,14746454
HeadHunter Group PLC,Russia,Industrials,676042
Healius Ltd,Australia,Health Care,17168256
Health & Happiness H&H International Holdings Ltd,China,Consumer Staples,3514525
Health Care & Medical Investment Corp,Japan,Real Estate,8949184
Health Catalyst Inc,United States,Health Care,2552263
HealthEquity Inc,United States,Health Care,34070894
Healthcare Realty Trust Inc,United States,Real Estate,71154764
Healthcare Services Group Inc,United States,Health Care,6992064
Healthpeak Properties Inc,United States,Real Estate,383479745
Heartland Express Inc,United States,Industrials,5171160
Heartland Financial USA Inc,United States,Financials,17908887
Heartland Group Holdings Ltd,New Zealand,Financials,5353531
Hecla Mining Co,United States,Basic Materials,16808436
HeidelbergCement AG,Germany,Industrials,73136156
Heidrick & Struggles International Inc,United States,Industrials,2729872
Heilongjiang Agriculture Co Ltd,China,Consumer Staples,1747202
Heineken Holding NV,Netherlands,Consumer Staples,603400293
Heineken NV,Netherlands,Consumer Staples,336062919
Heiwa Corp,Japan,Consumer Discretionary,15424723
Heiwa Real Estate Co Ltd,Japan,Real Estate,7644155
Heiwa Real Estate REIT Inc,Japan,Real Estate,11953655
Heiwado Co Ltd,Japan,Consumer Staples,4462737
Hela Apparel Holdings PLC,Sri Lanka,Consumer Discretionary,516353
Helen of Troy Ltd,United States,Consumer Discretionary,22832044
Helens International Holdings Co ltd,China,Consumer Discretionary,8462153
Helia Group Ltd,Australia,Financials,7716286
Heliad Equity Partners GmbH & Co KGaA,Germany,Financials,957393
Helical PLC,United Kingdom,Real Estate,16741078
Helios Technologies Inc,United States,Industrials,18359128
Helios Towers PLC,United Kingdom,Telecommunications,18790991
Helixmith Co Ltd,South Korea,Health Care,3046050
Hella GmbH & Co KGaA,Germany,Consumer Discretionary,63803874
Hellenic Exchanges - Athens Stock Exchange SA,Greece,Financials,760949
Hellenic Telecommunications Organization SA,Greece,Telecommunications,24758172
Hello Group Inc,China,Technology,12091705
HelloFresh SE,Germany,Consumer Staples,269266415
Helloworld Travel Ltd,Australia,Consumer Discretionary,1584978
Helmerich & Payne Inc,United States,Energy,18142422
Helvetia Holding AG,Switzerland,Financials,39117115
Hemas Holdings PLC,Sri Lanka,Consumer Staples,1766558
Hemisphere Properties India Ltd,India,Telecommunications,750030
Hemnet Group AB,Sweden,Real Estate,17873292
Henderson Investment Ltd,Hong Kong,Consumer Discretionary,176740
Henderson Land Development Co Ltd,Hong Kong,Real Estate,67425179
Hengan International Group Co Ltd,China,Consumer Staples,35675503
Hengdian Group DMEGC Magnetics Co Ltd,China,Technology,10782839
Hengyi Petrochemical Co Ltd,China,Basic Materials,12
Henkel AG & Co KGaA,Germany,Consumer Discretionary,361762174
Henry Schein Inc,United States,Health Care,107254228
Hensoldt AG,Germany,Industrials,47132259
Hera SpA,Italy,Utilities,33729432
Heranba Industries Ltd,India,Basic Materials,1810722
Herbalife Nutrition Ltd,United States,Consumer Staples,12070299
Herc Holdings Inc,United States,Industrials,31318002
Heritage-Crystal Clean Inc,United States,Utilities,3462368
Hermes International,France,Consumer Discretionary,1092582523
Hero MotoCorp Ltd,India,Consumer Discretionary,164232051
Heron Therapeutics Inc,United States,Health Care,697500
Heroz Inc,Japan,Technology,544287
Hersha Hospitality Trust,United States,Real Estate,1151904
Hershey Co/The,United States,Consumer Staples,403880079
Hertz Global Holdings Inc,United States,Consumer Discretionary,17143490
Hewlett Packard Enterprise Co,United States,Technology,36518507
Hexagon AB,Sweden,Technology,623660988
Hexatronic Group AB,Sweden,Telecommunications,59113519
Hexcel Corp,United States,Basic Materials,56738168
Hexpol AB,Sweden,Basic Materials,67260395
Hey Song Corp,Taiwan,Consumer Staples,2879169
Hi Sun Technology China Ltd,China,Technology,620433
HiProMine SA,Poland,Consumer Staples,451160
Hiag Immobilien Holding AG,Switzerland,Real Estate,5776604
Hiap Teck Venture Bhd,Malaysia,Basic Materials,604227
Hibiya Engineering Ltd,Japan,Industrials,2863023
Hiday Hidaka Corp,Japan,Consumer Discretionary,2361783
Hidrovias do Brasil SA,Brazil,Industrials,10829602
Highfield Resources Ltd,Australia,Basic Materials,917370
Highlight Communications AG,Switzerland,Consumer Discretionary,632796
Highwealth Construction Corp,Taiwan,Real Estate,18581597
Highwoods Properties Inc,United States,Real Estate,33511506
Hikal Ltd,India,Health Care,11797873
Hikari Tsushin Inc,Japan,Telecommunications,75943835
Hikma Pharmaceuticals PLC,United Kingdom,Health Care,71768409
Hilan Ltd,Israel,Technology,23461582
Hill & Smith PLC,United Kingdom,Basic Materials,31060574
Hillenbrand Inc,United States,Industrials,30223332
Hilltop Holdings Inc,United States,Financials,15123960
Hilton Food Group PLC,United Kingdom,Consumer Staples,15811436
Hilton Grand Vacations Inc,United States,Consumer Discretionary,41553944
Hilton Worldwide Holdings Inc,United States,Consumer Discretionary,334342747
Hindustan Aeronautics Ltd,India,Industrials,21297778
Hindustan Petroleum Corp Ltd,India,Energy,15969099
Hindustan Unilever Ltd,India,Consumer Staples,248011928
Hino Motors Ltd,Japan,Industrials,14993705
Hioki EE Corp,Japan,Industrials,4413657
Hipages Group Holdings Ltd,Australia,Technology,1357966
Hirata Corp,Japan,Industrials,3070461
Hirogin Holdings Inc,Japan,Financials,24586561
Hirose Electric Co Ltd,Japan,Technology,73086805
Hisaka Works Ltd,Japan,Industrials,1174417
Hisamitsu Pharmaceutical Co Inc,Japan,Health Care,34062231
Hiscox Ltd,United Kingdom,Financials,183102888
Hisense Home Appliances Group Co Ltd,China,Consumer Discretionary,25681825
Hitachi Construction Machinery Co Ltd,Japan,Industrials,39939898
Hitachi Energy India Ltd,India,Industrials,18983153
Hitachi Ltd,Japan,Industrials,1222797668
Hitachi Transport System Ltd,Japan,Industrials,8347956
Hitachi Zosen Corp,Japan,Industrials,9347707
Hito Communications Holdings Inc,Japan,Industrials,5574291
Hiwin Technologies Corp,Taiwan,Industrials,26415993
Ho Tung Chemical Corp,Taiwan,Basic Materials,5602118
Hoa Phat Group JSC,Vietnam,Industrials,21151614
Hochiki Corp,Japan,Industrials,1365483
Hochschild Mining PLC,United Kingdom,Basic Materials,3114171
Hodogaya Chemical Co Ltd,Japan,Basic Materials,956132
Hogy Medical Co Ltd,Japan,Health Care,4608004
Hokkaido Gas Co Ltd,Japan,Utilities,1387529
Hokkan Holdings Ltd,Japan,Industrials,630459
Hokkoku Financial Holdings Inc,Japan,Financials,478275
Hokuetsu Corp,Japan,Basic Materials,6345717
Hokuhoku Financial Group Inc,Japan,Financials,10169405
Hokuto Corp,Japan,Consumer Staples,2536357
Holcim AG,Switzerland,Industrials,629844943
Holding Co ADMIE IPTO SA,Greece,Utilities,362865
Hollysys Automation Technologies Ltd,China,Industrials,10865915
Holmen AB,Sweden,Basic Materials,310410620
Hologic Inc,United States,Health Care,171474919
Holtek Semiconductor Inc,Taiwan,Technology,5443041
Holy Stone Enterprise Co Ltd,Taiwan,Technology,6929551
Home BancShares Inc/AR,United States,Financials,34255695
Home Capital Group Inc,Canada,Financials,13720536
Home Depot Inc/The,United States,Consumer Discretionary,3662997782
Home First Finance Co India Ltd,India,Financials,2595036
Home Product Center PCL,Thailand,Consumer Discretionary,31207728
Home Reit PLC,United Kingdom,Real Estate,0
HomeCo Daily Needs REIT,Australia,Real Estate,18167948
HomeServe PLC,United Kingdom,Financials,105026300
Homecast Co Ltd,South Korea,Telecommunications,890501
Hon Hai Precision Industry Co Ltd,Taiwan,Technology,490354584
Honda Motor Co Ltd,Japan,Consumer Discretionary,617979608
Honeywell Automation India Ltd,India,Industrials,8834382
Hong Kong & China Gas Co Ltd,Hong Kong,Utilities,155835932
Hong Kong Exchanges & Clearing Ltd,Hong Kong,Financials,1004246574
Hong Kong Technology Venture Co Ltd,Hong Kong,Consumer Discretionary,13897415
Hong Leong Bank Bhd,Malaysia,Financials,59899378
Hong Leong Financial Group Bhd,Malaysia,Financials,42330632
Hong Leong Industries Bhd,Malaysia,Consumer Discretionary,13723768
Hong Pu Real Estate Development Co Ltd,Taiwan,Real Estate,2694062
Hongfa Technology Co Ltd,China,Technology,44377415
Hongkong Land Holdings Ltd,Hong Kong,Real Estate,83476471
Honma Golf Ltd,Japan,Consumer Discretionary,7597887
Hoosiers Holdings Co Ltd,Japan,Real Estate,2088579
Hope Bancorp Inc,United States,Financials,14687472
Hope Education Group Co Ltd,China,Consumer Discretionary,4126
Hopson Development Holdings Ltd,China,Real Estate,808
Horace Mann Educators Corp,United States,Financials,1494800
Horiba Ltd,Japan,Industrials,24515342
Horizon Therapeutics Plc,United States,Health Care,250986924
Hormel Foods Corp,United States,Consumer Staples,35149978
Hornbach Baumarkt AG,Germany,Consumer Discretionary,8905597
Hornbach Holding AG & Co KGaA,Germany,Consumer Discretionary,18195955
Hortifrut SA,Chile,Consumer Staples,2297684
Hoshino Resorts REIT Inc,Japan,Real Estate,12907030
Hoshizaki Corp,Japan,Industrials,63597439
Hosiden Corp,Japan,Technology,8878914
Hosokawa Micron Corp,Japan,Industrials,2494522
Hospital Mater Dei SA,Brazil,Health Care,8053020
Host Hotels & Resorts Inc,United States,Real Estate,407488346
Hostelworld Group Plc,United Kingdom,Consumer Discretionary,974093
Hostess Brands Inc,United States,Consumer Staples,33544456
Hota Industrial Manufacturing Co Ltd,Taiwan,Consumer Discretionary,6583941
Hotai Finance Co Ltd,Taiwan,Financials,8190399
Hotai Motor Co Ltd,Taiwan,Consumer Discretionary,51864066
Hotel Chocolat Group PLC,United Kingdom,Consumer Staples,4193220
Hotel Property Investments Ltd,Australia,Real Estate,4846993
Hotel Shilla Co Ltd,South Korea,Consumer Discretionary,18994246
Houlihan Lokey Inc,United States,Financials,43733750
Hour Glass Ltd/The,Singapore,Consumer Discretionary,4913826
House Foods Group Inc,Japan,Consumer Staples,20906133
Housing Development Finance Corp Ltd,India,Financials,737209955
Hovnanian Enterprises Inc,United States,Consumer Discretionary,1434928
Howard Hughes Corp/The,United States,Real Estate,27697894
Howden Joinery Group PLC,United Kingdom,Consumer Discretionary,89347813
Howmet Aerospace Inc,United States,Industrials,130901143
Hoya Corp,Japan,Health Care,539932341
Hsin Kuang Steel Co Ltd,Taiwan,Basic Materials,4118064
Hsing TA Cement Co,Taiwan,Industrials,96
Hu Lane Associate Inc,Taiwan,Industrials,5255347
Hua Hong Semiconductor Ltd,China,Technology,44935032
Hua Medicine,Hong Kong,Health Care,4022263
Hua Nan Financial Holdings Co Ltd,Taiwan,Financials,109262693
Huadong Medicine Co Ltd,China,Health Care,63087991
Huafon Chemical Co Ltd,China,Basic Materials,23510395
Huaku Development Co Ltd,Taiwan,Real Estate,12766800
Hualan Biological Engineering Inc,China,Health Care,12163688
Huaming Power Equipment Co Ltd,China,Industrials,9009456
Huang Hsiang Construction Corp,Taiwan,Real Estate,1942595
Huangshan Tourism Development Co Ltd,China,Consumer Discretionary,2384311
Huatai Securities Co Ltd,China,Financials,26771383
Huaxin Cement Co Ltd,China,Industrials,5344826
Huayu Automotive Systems Co Ltd,China,Consumer Discretionary,9158971
Hub Group Inc,United States,Industrials,28884997
HubSpot Inc,United States,Technology,138547626
Hubbell Inc,United States,Industrials,89372950
Huber + Suhner AG,Switzerland,Telecommunications,42149603
Hudaco Industries Ltd,South Africa,Industrials,7611673
Hudbay Minerals Inc,Canada,Basic Materials,4922074
Hudson Pacific Properties Inc,United States,Real Estate,101241594
Hudson Technologies Inc,United States,Industrials,1463352
Hufvudstaden AB,Sweden,Real Estate,38671593
Hugel Inc,South Korea,Health Care,11916325
Huhtamaki Oyj,Finland,Industrials,89357274
Huizhou Desay Sv Automotive Co Ltd,China,Consumer Discretionary,7000745
Hulic Co Ltd,Japan,Real Estate,51253263
Hulic Reit Inc,Japan,Real Estate,18057633
Humana Inc,United States,Health Care,704157275
Humanica PCL,Thailand,Industrials,3904053
Humansoft Holding Co KSC,Kuwait,Consumer Discretionary,66196415
Humasis Co Ltd,South Korea,Health Care,2840162
Humedix Co Ltd,South Korea,Health Care,1040464
Humm Group Ltd,Australia,Financials,5815381
Hundsun Technologies Inc,China,Technology,79068352
Hung Sheng Construction Ltd,Taiwan,Real Estate,2010203
Hunting PLC,United Kingdom,Energy,9707001
Huntington Bancshares Inc/OH,United States,Financials,211160782
Huntsman Corp,United States,Basic Materials,47779861
Huons Co Ltd,South Korea,Health Care,1335506
Huons Global Co Ltd,South Korea,Health Care,716192
Huron Consulting Group Inc,United States,Industrials,13299739
Husqvarna AB,Sweden,Consumer Discretionary,18886371
Hutchison Port Holdings Trust,Singapore,Industrials,15743333
Hutchison Telecommunications Hong Kong Holdings Ltd,Hong Kong,Telecommunications,2315028
Hwaseung Enterprise Co Ltd,South Korea,Consumer Discretionary,3634722
Hyakugo Bank Ltd/The,Japan,Financials,5244792
Hyakujushi Bank Ltd/The,Japan,Financials,3285338
Hyatt Hotels Corp,United States,Consumer Discretionary,68933573
Hydro One Ltd,Canada,Utilities,47567384
Hygeia Healthcare Holdings Co Ltd,China,Health Care,99785479
Hyosung Advanced Materials Corp,South Korea,Basic Materials,11350603
Hyosung Chemical Corp,South Korea,Basic Materials,408465
Hyosung Corp,South Korea,Industrials,4650621
Hyosung Heavy Industries Corp,South Korea,Industrials,3129191
Hyosung TNC Corp,South Korea,Consumer Discretionary,10132699
Hypera SA,Brazil,Health Care,76946593
Hypoport SE,Germany,Financials,12169236
Hysan Development Co Ltd,Hong Kong,Real Estate,22897998
Hyster-Yale Materials Handling Inc,United States,Industrials,992152
Hyulim ROBOT Co Ltd,South Korea,Industrials,622588
Hyundai Autoever Corp,South Korea,Technology,2822782
Hyundai Bioland Co Ltd,South Korea,Basic Materials,911622
Hyundai Bioscience Co Ltd,South Korea,Technology,6909176
Hyundai Construction Equipment Co Ltd,South Korea,Industrials,2851952
Hyundai Department Store Co Ltd,South Korea,Consumer Discretionary,12750064
Hyundai Doosan Infracore Co Ltd,South Korea,Industrials,3556637
Hyundai Electric & Energy System Co Ltd,South Korea,Industrials,24853472
Hyundai Elevator Co Ltd,South Korea,Industrials,8250014
Hyundai Energy Solutions Co Ltd,South Korea,Energy,1878867
Hyundai Engineering & Construction Co Ltd,South Korea,Industrials,19626328
Hyundai Ezwel Co Ltd,South Korea,Technology,2559697
Hyundai Glovis Co Ltd,South Korea,Industrials,42895955
Hyundai Greenfood Co Ltd,South Korea,Consumer Discretionary,2129729
Hyundai Heavy Industries Co Ltd,South Korea,Industrials,23280174
Hyundai Home Shopping Network Corp,South Korea,Consumer Discretionary,14922050
Hyundai Livart Furniture Co Ltd,South Korea,Consumer Discretionary,270852
Hyundai Marine & Fire Insurance Co Ltd,South Korea,Financials,13069743
Hyundai Mipo Dockyard Co Ltd,South Korea,Industrials,13417957
Hyundai Mobis Co Ltd,South Korea,Consumer Discretionary,178816802
Hyundai Motor Co,South Korea,Consumer Discretionary,337679750
Hyundai Rotem Co Ltd,South Korea,Industrials,13452929
Hyundai Wia Corp,South Korea,Consumer Discretionary,4062212
Hyzon Motors Inc,United States,Industrials,10075000
I'll Inc,Japan,Technology,2344675
I-PEX Inc,Japan,Technology,553324
I-TAIL Corp PCL,Thailand,Consumer Staples,32791685
IAA Inc,United States,Consumer Discretionary,54229040
IAC Inc,United States,Technology,39254706
IAMGOLD Corp,Canada,Basic Materials,12552466
IBF Financial Holdings Co Ltd,Taiwan,Financials,17038414
ICADE,France,Real Estate,34626227
ICD Co Ltd,South Korea,Technology,808212
ICICI Bank Ltd,India,Financials,692954741
ICICI Lombard General Insurance Co Ltd,India,Financials,157954150
ICICI Prudential Life Insurance Co Ltd,India,Financials,13277423
ICICI Securities Ltd,India,Financials,31375933
ICL Group Ltd,Israel,Basic Materials,124357615
ICON PLC,United States,Health Care,132871662
ICU Medical Inc,United States,Health Care,20265944
ID Logistics Group,France,Industrials,15689220
IDEX Corp,United States,Industrials,222494114
IDEXX Laboratories Inc,United States,Health Care,328364964
IDFC First Bank Ltd,India,Financials,18856340
IDFC Ltd,India,Financials,12440841
IDGC of Centre and Volga Region PJSC,Russia,Utilities,1076316
IDGC of the North-West PJSC,Russia,Utilities,51223
IDI Insurance Co Ltd,Israel,Financials,525808
IDOM Inc,Japan,Consumer Discretionary,2188591
IDP Education Ltd,Australia,Consumer Discretionary,39967004
IDT Corp,United States,Telecommunications,1450755
IEI Integration Corp,Taiwan,Technology,4366111
IFCI Ltd,India,Financials,880828
IG Group Holdings PLC,United Kingdom,Financials,86941607
IGB Real Estate Investment Trust,Malaysia,Real Estate,4041283
IGG Inc,Hong Kong,Consumer Discretionary,4981121
IGM Financial Inc,Canada,Financials,24448743
IGO Ltd,Australia,Basic Materials,89759323
IHH Healthcare Bhd,Malaysia,Health Care,12188517
IHI Corp,Japan,Industrials,77315874
IIFL Finance Ltd,India,Financials,7468227
IIFL Wealth Management Ltd,India,Financials,14813794
IMAGICA GROUP Inc,Japan,Technology,3488163
IMAX China Holding Inc,Hong Kong,Consumer Discretionary,1429610
IMAX Corp,United States,Consumer Discretionary,7100835
IMCD NV,Netherlands,Basic Materials,213968064
IMI PLC,United Kingdom,Industrials,79365346
IMMOFINANZ AG,Austria,Real Estate,4906408
INESA Intelligent Tech Inc,China,Technology,817253
INFRONEER Holdings Inc,Japan,Industrials,24381272
ING Groep NV,Netherlands,Financials,1644676569
INTOPS Co Ltd,South Korea,Telecommunications,1928586
INVISIO AB,Sweden,Industrials,11544875
IOI Properties Group Bhd,Malaysia,Real Estate,4909414
IP Group PLC,United Kingdom,Financials,18105728
IPG Photonics Corp,United States,Technology,35900947
IPH Ltd,Australia,Industrials,24330011
IPSOS,France,Consumer Discretionary,118887311
IQGEO Group PLC,United Kingdom,Technology,4176773
IQVIA Holdings Inc,United States,Health Care,399105026
IR Japan Holdings Ltd,Japan,Industrials,4256437
IRB Brasil Resseguros S/A,Brazil,Financials,116057
IRB Infrastructure Developers Ltd,India,Industrials,7031307
IRESS Ltd,Australia,Financials,27982121
IRPC PCL,Thailand,Energy,1166568
IS Dongseo Co Ltd,South Korea,Industrials,2455797
ISC Co Ltd,South Korea,Technology,17641209
ISS A/S,Denmark,Industrials,119633281
ITE Technology Inc,Taiwan,Technology,6636667
ITEQ Corp,Taiwan,Technology,11723640
ITM Semiconductor Co Ltd,South Korea,Technology,974196
ITOCHU Corp,Japan,Industrials,660721639
ITT Inc,United States,Industrials,64597610
ITV PLC,United Kingdom,Consumer Discretionary,42339396
IVERIC bio Inc,United States,Health Care,5768860
IWG PLC,United Kingdom,Industrials,33692285
Iberdrola SA,Spain,Utilities,2664866443
Iberpapel Gestion SA,Spain,Basic Materials,1499419
Ibersol SGPS SA,Portugal,Consumer Discretionary,10532641
Ibiden Co Ltd,Japan,Technology,63572814
Ibstock PLC,United Kingdom,Industrials,12640876
Ichia Technologies Inc,Taiwan,Technology,2208716
Ichibanya Co Ltd,Japan,Consumer Discretionary,621100
Ichigo Inc,Japan,Real Estate,10451635
Ichigo Office REIT Investment Corp,Japan,Real Estate,5926712
Ichikoh Industries Ltd,Japan,Consumer Discretionary,1385752
Ichiyoshi Securities Co Ltd,Japan,Financials,1141943
Icom Inc,Japan,Telecommunications,1965061
Icon Offshore Bhd,Malaysia,Energy,194098
Ideal Holdings SA,Greece,Technology,582377
Ideaya Biosciences Inc,United States,Health Care,2498375
Idec Corp/Japan,Japan,Technology,4218061
Idemitsu Kosan Co Ltd,Japan,Energy,90977964
Idorsia Ltd,Switzerland,Health Care,45912384
Iguatemi SA,Brazil,Real Estate,67545117
Iida Group Holdings Co Ltd,Japan,Consumer Discretionary,35355061
Iino Kaiun Kaisha Ltd,Japan,Industrials,5336337
Il Dong Pharmaceutical Co Ltd,South Korea,Health Care,2125276
Iljin Materials Co Ltd,South Korea,Technology,6275323
Illimity Bank SpA,Italy,Financials,13833586
Illinois Tool Works Inc,United States,Industrials,692090735
Illumina Inc,United States,Health Care,278214461
Iluka Resources Ltd,Australia,Basic Materials,39369809
Ilyang Pharmaceutical Co Ltd,South Korea,Health Care,1414348
Imdex Ltd,Australia,Basic Materials,12140215
Imerys SA,France,Basic Materials,38952885
Immobiliare Grande Distribuzione SIIQ SpA,Italy,Real Estate,3315006
Immunovant Inc,United States,Health Care,3755900
Impack Pratama Industri Tbk PT,Indonesia,Industrials,7540526
Impala Platinum Holdings Ltd,South Africa,Basic Materials,235620000
Impax Asset Management Group PLC,United Kingdom,Financials,12000232
Imperial Hotel Ltd,Japan,Consumer Discretionary,133177
Impinj Inc,United States,Technology,2903205
Implenia AG,Switzerland,Industrials,15368836
Imugene Ltd,Australia,Health Care,8066637
InBody Co Ltd,South Korea,Health Care,1519177
InNature Bhd,Malaysia,Consumer Discretionary,318729
InPost SA,Netherlands,Industrials,38288621
Ina Invest Holding AG,Switzerland,Real Estate,697634
Inaba Denki Sangyo Co Ltd,Japan,Technology,9338357
Inaba Seisakusho Co Ltd,Japan,Industrials,742196
Inabata & Co Ltd,Japan,Basic Materials,6661059
Inageya Co Ltd,Japan,Consumer Staples,186867
Inari Amertron Bhd,Malaysia,Technology,65089342
Inari Medical Inc,United States,Health Care,82019921
Incannex Healthcare Ltd,Australia,Health Care,592728
Inchcape PLC,United Kingdom,Industrials,84894211
Incitec Pivot Ltd,Australia,Basic Materials,78941844
Incyte Corp,United States,Health Care,121753795
Independence Realty Trust Inc,United States,Real Estate,38206969
Independent Bank Corp,United States,Financials,39144028
Independent Bank Group Inc,United States,Financials,21711290
Index Livingmall PCL,Thailand,Consumer Discretionary,5343707
India Cements Ltd/The,India,Industrials,4042020
IndiaMart InterMesh Ltd,India,Technology,3780046
Indiabulls Real Estate Ltd,India,Real Estate,708865
Indian Bank,India,Financials,1850170
Indian Energy Exchange Ltd,India,Consumer Discretionary,6305742
Indian Hotels Co Ltd,India,Consumer Discretionary,27057033
Indian Oil Corp Ltd,India,Energy,32532582
Indian Railway Catering & Tourism Corp Ltd,India,Consumer Discretionary,14165725
Indian Railway Finance Corp Ltd,India,Industrials,2334174
Indigo Paints Ltd,India,Industrials,862742
Indivior PLC,United Kingdom,Health Care,63776288
Indofood CBP Sukses Makmur Tbk PT,Indonesia,Consumer Staples,18132786
Indorama Ventures PCL,Thailand,Basic Materials,64017478
Indosat Tbk PT,Indonesia,Telecommunications,20843725
Indra Sistemas SA,Spain,Technology,49363904
Indraprastha Gas Ltd,India,Utilities,27509037
Indus Holding AG,Germany,Industrials,10668685
Indus Towers Ltd,India,Telecommunications,14803787
IndusInd Bank Ltd,India,Financials,221520569
Industri Jamu Dan Farmasi Sido Muncul Tbk PT,Indonesia,Consumer Staples,7347193
Industri dan Perdagangan Bintraco Dharma Tbk PT,Indonesia,Consumer Discretionary,1888551
Industria de Diseno Textil SA,Spain,Consumer Discretionary,1027163722
Industrial & Commercial Bank of China Ltd,China,Financials,478178788
Industrial & Infrastructure Fund Investment Corp,Japan,Real Estate,39402770
Industrial Bank Co Ltd,China,Financials,23556403
Industrial Bank of Korea,South Korea,Financials,30186156
Industrias Bachoco SAB de CV,Mexico,Consumer Staples,5146013
Industrie De Nora SpA,Italy,Industrials,41288437
Industries Qatar QSC,Qatar,Basic Materials,78006159
Industrivarden AB,Sweden,Financials,232361928
Indutrade AB,Sweden,Industrials,134778805
Ines Corp,Japan,Technology,2042030
Infant Bacterial Therapeutics AB,Sweden,Health Care,533217
Infibeam Avenues Ltd,India,Consumer Discretionary,2354735
Inficon Holding AG,Switzerland,Industrials,44693490
Infineon Technologies AG,Germany,Technology,1105857333
Info Edge India Ltd,India,Technology,33824044
Infocom Corp,Japan,Technology,3159050
Infomart Corp,Japan,Technology,5060150
Infomedia Ltd,Australia,Consumer Discretionary,9675410
Infomina Bhd,Malaysia,Technology,4157530
Informa PLC,United Kingdom,Consumer Discretionary,333352556
Information Services International-Dentsu Ltd,Japan,Technology,22777465
Infortrend Technology Inc,Taiwan,Technology,3127307
Infosys Ltd,India,Technology,963359087
Infracommerce CXAAS SA,Brazil,Industrials,281075
Infrastrutture Wireless Italiane SpA,Italy,Telecommunications,93674640
Infratil Ltd,New Zealand,Utilities,58395632
Ingenia Communities Group,Australia,Real Estate,16219003
Ingersoll Rand Inc,United States,Industrials,182185613
Ingevity Corp,United States,Basic Materials,31974195
Inghams Group Ltd,Australia,Consumer Staples,3693830
Ingredion Inc,United States,Consumer Staples,62186236
Inmobiliaria Colonial Socimi SA,Spain,Real Estate,55926517
Inmode Ltd,United States,Health Care,25889319
Inner Mongolia BaoTou Steel Union Co Ltd,China,Basic Materials,2
Inner Mongolia ERDOS Resources Co Ltd,China,Consumer Discretionary,5936516
Inner Mongolia Yili Industrial Group Co Ltd,China,Consumer Staples,135022243
Innergex Renewable Energy Inc,Canada,Utilities,10658319
InnoCare Pharma Ltd,China,Health Care,11747602
Innocean Worldwide Inc,South Korea,Consumer Discretionary,2992609
Innolux Corp,Taiwan,Technology,42845753
Innospec Inc,United States,Basic Materials,25179717
Innovative Industrial Properties Inc,United States,Real Estate,21085867
Innovent Biologics Inc,China,Health Care,81407706
Innovid Corp,United States,Technology,3430046
Innoviva Inc,United States,Health Care,6718545
Innox Advanced Materials Co Ltd,South Korea,Technology,15757148
Inogen Inc,United States,Health Care,6686598
Inox Leisure Ltd,India,Consumer Discretionary,946045
Inox Wind Energy Ltd,India,Energy,266386
Inscobee Inc,South Korea,Industrials,658875
Insight Enterprises Inc,United States,Technology,30492608
Insignia Financial Ltd,Australia,Financials,17758601
Insmed Inc,United States,Health Care,26849783
Insource Co Ltd,Japan,Industrials,19488030
Insperity Inc,United States,Industrials,41048338
Inspire Medical Systems Inc,United States,Health Care,75003315
Inspur Electronic Information Industry Co Ltd,China,Technology,5572153
Instalco AB,Sweden,Industrials,22028290
Installed Building Products Inc,United States,Industrials,16657931
Insteel Industries Inc,United States,Industrials,806336
Instituto de Diagnostico SA,Chile,Health Care,2508028
Instone Real Estate Group SE,Germany,Real Estate,9001080
Instructure Holdings Inc,United States,Consumer Discretionary,1707885
Insulet Corp,United States,Health Care,106965723
Insun ENT Co Ltd,South Korea,Utilities,1421106
Insurance Australia Group Ltd,Australia,Financials,125965415
Intact Financial Corp,Canada,Financials,274346020
Intage Holdings Inc,Japan,Industrials,2593182
Integer Holdings Corp,United States,Health Care,19491110
Integra Indocabinet Tbk PT,Indonesia,Consumer Discretionary,5406459
Integra LifeSciences Holdings Corp,United States,Health Care,39872386
IntegraFin Holdings PLC,United Kingdom,Financials,13514143
Integral Diagnostics Ltd,Australia,Health Care,29924436
Integrated Diagnostics Holdings PLC,Egypt,Health Care,6204860
Intel Corp,United States,Technology,1067153168
Intelbras SA Industria de Telecomunicacao Eletronica Brasileira,Brazil,Industrials,43400225
Intellect Design Arena Ltd,India,Technology,3910250
Intellia Therapeutics Inc,United States,Health Care,29910429
Intellian Technologies Inc,South Korea,Telecommunications,3391718
Inter & Co Inc,Brazil,Financials,5814769
Inter Action Corp,Japan,Technology,1246421
Inter Cars SA,Poland,Consumer Discretionary,9459105
Inter Parfums Inc,United States,Consumer Discretionary,13091973
Inter RAO UES PJSC,Russia,Utilities,6222049
InterContinental Hotels Group PLC,United Kingdom,Consumer Discretionary,244561431
InterDigital Inc,United States,Telecommunications,14438808
InterGlobe Aviation Ltd,India,Consumer Discretionary,56343276
Interactive Brokers Group Inc,United States,Financials,99666538
Interconexion Electrica SA ESP,Colombia,Utilities,25580148
Intercontinental Exchange Inc,United States,Financials,566160253
Intercorp Financial Services Inc,Peru,Financials,2985017
Intercos SpA,Italy,Consumer Discretionary,21764429
Interflex Co Ltd,South Korea,Technology,654472
Interfor Corp,Canada,Basic Materials,9175014
Interlink Communication PCL,Thailand,Telecommunications,2974684
Interlink Telecom PCL,Thailand,Telecommunications,3827649
Intermediate Capital Group PLC,United Kingdom,Financials,78351506
International Bancshares Corp,United States,Financials,25037996
International Business Machines Corp,United States,Technology,845790425
International CSRC Investment Holdings Co,Taiwan,Basic Materials,8073081
International Consolidated Airlines Group SA,United Kingdom,Consumer Discretionary,25005453
International Container Terminal Services Inc,Philippines,Industrials,55390666
International Distributions Services PLC,United Kingdom,Industrials,44389950
International Flavors & Fragrances Inc,United States,Basic Materials,102494939
International Game Technology PLC,United States,Consumer Discretionary,21798338
International Games System Co Ltd,Taiwan,Consumer Discretionary,23977160
International Meal Co Alimentacao SA,Brazil,Consumer Discretionary,1164488
International Money Express Inc,United States,Industrials,8339511
International Paper Co,United States,Basic Materials,80566799
International Personal Finance PLC,United Kingdom,Financials,2010303
Internet Initiative Japan Inc,Japan,Technology,33536286
Interparfums SA,France,Consumer Discretionary,23875443
Interpublic Group of Cos Inc/The,United States,Consumer Discretionary,13137830
Interpump Group SpA,Italy,Industrials,79922741
Interroll Holding AG,Switzerland,Industrials,37652832
Intershop Holding AG,Switzerland,Real Estate,18511683
Intertek Group PLC,United Kingdom,Industrials,180507756
Intesa Sanpaolo SpA,Italy,Financials,671099526
Intloop Inc,Japan,Industrials,4090250
Intouch Holdings PCL,Thailand,Telecommunications,25356715
Intra-Cellular Therapies Inc,United States,Health Care,64585632
Intralot SA-Integrated Information Systems & Gaming Services,Greece,Consumer Discretionary,1285992
Intred SpA,Italy,Telecommunications,7688011
Intrum AB,Sweden,Financials,24046323
Intuit Inc,United States,Technology,1157019504
Intuitive Surgical Inc,United States,Health Care,898011534
Inui Global Logistics Co Ltd,Japan,Industrials,1582106
Inventec Corp,Taiwan,Technology,35957399
Inversiones Aguas Metropolitanas SA,Chile,Utilities,5701367
Inversiones La Construccion SA,Chile,Financials,2723623
Invesco Ltd,United States,Financials,58133354
Investec Ltd,South Africa,Financials,3790773
Investec PLC,United Kingdom,Financials,104955395
Investment & Industrial Development Corp,Vietnam,Real Estate,7476777
Investment AB Latour,Sweden,Financials,67953070
Investment AB Oresund,Sweden,Financials,7896123
Investor AB,Sweden,Financials,1060623303
Invincible Investment Corp,Japan,Real Estate,286415
Invinity Energy Systems PLC,United Kingdom,Industrials,1654051
Invitae Corp,United States,Health Care,444867
Invitation Homes Inc,United States,Real Estate,1122865636
InvoCare Ltd,Australia,Consumer Discretionary,12622610
Iochpe Maxion SA,Brazil,Consumer Discretionary,9955123
Ion Beam Applications,Belgium,Health Care,16735608
IonQ Inc,United States,Technology,2677128
Ionis Pharmaceuticals Inc,United States,Health Care,48974357
Iovance Biotherapeutics Inc,United States,Health Care,19009336
Ipca Laboratories Ltd,India,Health Care,11956591
Ipsen SA,France,Health Care,90430927
Iren SpA,Italy,Utilities,29334123
Iridium Communications Inc,United States,Telecommunications,59061787
Irish Continental Group PLC,Ireland,Industrials,1815539
Iriso Electronics Co Ltd,Japan,Technology,6665027
Iron Force Industrial Co Ltd,Taiwan,Consumer Discretionary,3290391
Iron Mountain Inc,United States,Real Estate,94368592
Ironwood Pharmaceuticals Inc,United States,Health Care,18852971
Is Yatirim Menkul Degerler AS,Turkey,Financials,36654208
Iseki & Co Ltd,Japan,Industrials,1258649
Isetan Mitsukoshi Holdings Ltd,Japan,Consumer Discretionary,71698348
Ishihara Sangyo Kaisha Ltd,Japan,Basic Materials,2839176
IsoPlexis Corp,United States,Health Care,974950
Isracard Ltd,Israel,Industrials,199218
Israel Corp Ltd,Israel,Basic Materials,33611608
Israel Discount Bank Ltd,Israel,Financials,10481200
Istyle Inc,Japan,Consumer Discretionary,2024310
Isuzu Motors Ltd,Japan,Industrials,91712161
Italgas SpA,Italy,Utilities,22092095
Italian Wine Brands SpA,Italy,Consumer Staples,7799390
Italmobiliare SpA,Italy,Financials,10836807
Italtile Ltd,South Africa,Consumer Discretionary,3833258
Itau CorpBanca Chile SA,Chile,Financials,50060996
Itau Unibanco Holding SA,Brazil,Financials,174913273
Itausa SA,Brazil,Financials,291655620
Ito En Ltd,Japan,Consumer Staples,20134995
Itochu Enex Co Ltd,Japan,Consumer Discretionary,2884725
Itochu Techno-Solutions Corp,Japan,Technology,35990793
Itochu-Shokuhin Co Ltd,Japan,Consumer Staples,2111607
Itoham Yonekyu Holdings Inc,Japan,Consumer Staples,12446705
Itoki Corp,Japan,Consumer Discretionary,191682
Itron Inc,United States,Industrials,20846172
Ivanhoe Electric Inc / US,United States,Basic Materials,2305705
Ivanhoe Mines Ltd,Canada,Basic Materials,48578016
Iveco Group NV,Italy,Industrials,131548463
Iwatani Corp,Japan,Utilities,101051248
Iwatsuka Confectionery Co Ltd,Japan,Consumer Staples,283527
Iyogin Holdings Inc,Japan,Financials,21401827
Izostal SA,Poland,Basic Materials,497364
Izumi Co Ltd,Japan,Consumer Discretionary,14481287
J & J Snack Foods Corp,United States,Consumer Staples,22556506
J D Wetherspoon PLC,United Kingdom,Consumer Discretionary,8583517
J Front Retailing Co Ltd,Japan,Consumer Discretionary,49969085
J M Smucker Co/The,United States,Consumer Staples,215098675
J Sainsbury PLC,United Kingdom,Consumer Staples,93074340
J Trust Co Ltd,Japan,Financials,1876570
J-Oil Mills Inc,Japan,Consumer Staples,1527980
JA Solar Technology Co Ltd,China,Energy,39115523
JAC Recruitment Co Ltd,Japan,Industrials,1259188
JAFCO Group Co ltd,Japan,Financials,35949176
JB Chemicals & Pharmaceuticals Ltd,India,Health Care,29054822
JB Financial Group Co Ltd,South Korea,Financials,26870978
JB Hi-Fi Ltd,Australia,Consumer Discretionary,13752266
JB Hunt Transport Services Inc,United States,Industrials,140754377
JBG SMITH Properties,United States,Real Estate,180521134
JCDecaux SE,France,Consumer Discretionary,32870695
JCR Pharmaceuticals Co Ltd,Japan,Health Care,17295566
JCU Corp,Japan,Basic Materials,5943143
JD Health International Inc,China,Consumer Staples,68244587
JD Logistics Inc,China,Industrials,61503246
JD Sports Fashion PLC,United Kingdom,Consumer Discretionary,70858558
JD.com Inc,China,Consumer Discretionary,984428449
JDC Corp,Japan,Industrials,434
JDE Peet's NV,Netherlands,Consumer Staples,59510248
JELD-WEN Holding Inc,United States,Industrials,7315742
JET2 PLC,United Kingdom,Consumer Discretionary,13462481
JFE Holdings Inc,Japan,Basic Materials,63872796
JFrog Ltd,United States,Technology,6669016
JG Summit Holdings Inc,Philippines,Industrials,1277305
JGC Holdings Corp,Japan,Industrials,64013837
JHM Consolidation Bhd,Malaysia,Technology,37983
JINS Holdings Inc,Japan,Health Care,5282747
JK Cement Ltd,India,Industrials,8901034
JK Lakshmi Cement Ltd,India,Industrials,5602926
JL Mag Rare-Earth Co Ltd,China,Industrials,24561555
JM AB,Sweden,Real Estate,27800604
JM Financial Ltd,India,Financials,2412228
JM Holdings Co Ltd,Japan,Consumer Staples,667560
JMDC Inc,Japan,Industrials,22953019
JMT Network Services PCL,Thailand,Industrials,1992204
JNBY Design Ltd,China,Consumer Discretionary,721421
JOST Werke AG,Germany,Consumer Discretionary,23392490
JOYY Inc,China,Technology,15925404
JP-Holdings Inc,Japan,Consumer Discretionary,650905
JPMorgan Chase & Co,United States,Financials,3800874480
JR Global Reit,South Korea,Real Estate,2169643
JS Global Lifestyle Co Ltd,Hong Kong,Consumer Discretionary,36290391
JSL SA,Brazil,Industrials,6597285
JSP Corp,Japan,Industrials,1326721
JSR Corp,Japan,Basic Materials,57100527
JSW Steel Ltd,India,Basic Materials,75955775
JTC PLC,United Kingdom,Financials,39292804
JTEKT Corp,Japan,Consumer Discretionary,19069760
JUMBO SA,Greece,Consumer Discretionary,21480270
JVCKenwood Corp,Japan,Consumer Discretionary,2417421
JW Cayman Therapeutics Co Ltd,Hong Kong,Health Care,1114120
JW Holdings Corp,South Korea,Health Care,898737
JW Pharmaceutical Corp,South Korea,Health Care,1684723
JWD Infologistics PCL,Thailand,Industrials,7807131
JYP Entertainment Corp,South Korea,Consumer Discretionary,91637332
Jabil Inc,United States,Technology,102655527
Jaccs Co Ltd,Japan,Financials,6852856
Jack Henry & Associates Inc,United States,Industrials,16096043
Jack in the Box Inc,United States,Consumer Discretionary,12910071
Jackson Financial Inc,United States,Financials,30748307
Jacobio Pharmaceuticals Group Co Ltd,Hong Kong,Health Care,3018208
Jacquet Metals SACA,France,Basic Materials,4178753
Jalles Machado SA,Brazil,Consumer Staples,7224628
Jamco Corp,Japan,Industrials,896717
James Fisher & Sons PLC,United Kingdom,Industrials,4697325
James Hardie Industries PLC,Australia,Industrials,115649992
Jamf Holding Corp,United States,Technology,9159426
Janus Henderson Group PLC,United States,Financials,17923016
Japan Airlines Co Ltd,Japan,Consumer Discretionary,82437776
Japan Airport Terminal Co Ltd,Japan,Industrials,45720692
Japan Aviation Electronics Industry Ltd,Japan,Technology,13381749
Japan Best Rescue System Co Ltd,Japan,Industrials,1064012
Japan Business Systems Inc,Japan,Technology,7666073
Japan Cash Machine Co Ltd,Japan,Industrials,797
Japan Display Inc,Japan,Technology,1201589
Japan Elevator Service Holdings Co Ltd,Japan,Industrials,18860954
Japan Excellent Inc,Japan,Real Estate,4490606
Japan Exchange Group Inc,Japan,Financials,128704248
Japan Hospice Holdings Inc,Japan,Health Care,3861949
Japan Hotel REIT Investment Corp,Japan,Real Estate,21003620
Japan Lifeline Co Ltd,Japan,Health Care,6472988
Japan Logistics Fund Inc,Japan,Real Estate,36058026
Japan Material Co Ltd,Japan,Industrials,37691664
Japan Medical Dynamic Marketing Inc,Japan,Health Care,5563946
Japan Metropolitan Fund Invest,Japan,Real Estate,82100770
Japan Post Bank Co Ltd,Japan,Financials,71090805
Japan Post Holdings Co Ltd,Japan,Financials,346067695
Japan Post Insurance Co Ltd,Japan,Financials,76341721
Japan Prime Realty Investment Corp,Japan,Real Estate,35568788
Japan Pulp & Paper Co Ltd,Japan,Basic Materials,2958839
Japan Real Estate Investment Corp,Japan,Real Estate,87438824
Japan Securities Finance Co Ltd,Japan,Financials,6785200
Japan Steel Works Ltd/The,Japan,Industrials,32154678
Japan Transcity Corp,Japan,Industrials,1786535
Japan Wool Textile Co Ltd/The,Japan,Basic Materials,4430595
Jardine Cycle & Carriage Ltd,Singapore,Consumer Discretionary,39195264
Jardine Matheson Holdings Ltd,Hong Kong,Industrials,168533616
Jasa Marga Persero Tbk PT,Indonesia,Industrials,25192580
Jasmine International PCL,Thailand,Telecommunications,968405
Jason Furniture Hangzhou Co Ltd,China,Consumer Discretionary,26301690
Jaya Real Property Tbk PT,Indonesia,Real Estate,3232730
Jayamas Medica Industri Tbk PT,Indonesia,Health Care,1741126
Jazeera Airways Co KSCP,Kuwait,Consumer Discretionary,65678229
Jefferies Financial Group Inc,United States,Financials,68262107
Jeil Pharmaceutical Co Ltd,South Korea,Health Care,937933
Jeisys Medical Inc,South Korea,Health Care,6184798
Jeju Air Co Ltd,South Korea,Consumer Discretionary,1100267
Jenoptik AG,Germany,Technology,58644583
Jentech Precision Industrial Co Ltd,Taiwan,Technology,17964815
Jeol Ltd,Japan,Industrials,24321207
Jeronimo Martins SGPS SA,Portugal,Consumer Staples,138062684
Jervois Global Ltd,Australia,Basic Materials,3032415
Jess-Link Products Co Ltd,Taiwan,Technology,2233355
JetBlue Airways Corp,United States,Consumer Discretionary,4916810
Jiangsu Changshu Rural Commercial Bank Co Ltd,China,Financials,14185819
Jiangsu Dingsheng New Energy Materials Co Ltd,China,Basic Materials,7925070
Jiangsu Eastern Shenghong Co Ltd,China,Basic Materials,22857343
Jiangsu Expressway Co Ltd,China,Industrials,13490905
Jiangsu Hengli Hydraulic Co Ltd,China,Industrials,19628807
Jiangsu Hengrui Pharmaceuticals Co Ltd,China,Health Care,44120667
Jiangsu Provincial Agricultural Reclamation and Development Corp,China,Consumer Staples,5450178
Jiangsu Yanghe Brewery Joint-Stock Co Ltd,China,Consumer Staples,28409755
Jiangsu Yangnong Chemical Co Ltd,China,Basic Materials,61161618
Jiangsu Yuyue Medical Equipment & Supply Co Ltd,China,Health Care,7149726
Jiangsu Zhongtian Technology Co Ltd,China,Telecommunications,32285346
Jiangxi Bank Co Ltd,China,Financials,889477
Jiangxi Copper Co Ltd,China,Basic Materials,34826047
Jiangyin Hengrun Heavy Industries Co ltd,China,Industrials,9458138
Jiayuan International Group Ltd,China,Real Estate,5
Jimoto Holdings Inc,Japan,Financials,3574
Jinan Shengquan Group Share Holding Co Ltd,China,Basic Materials,13538562
Jindal Saw Ltd,India,Basic Materials,1061112
Jindalee Resources Ltd,Australia,Basic Materials,2176863
Jinke Smart Services Group Co Ltd,China,Real Estate,3511
Jinmao Property Services Co Ltd,China,Real Estate,483
Jinsung T.E.C.,South Korea,Industrials,7013665
Jinxin Fertility Group Ltd,China,Health Care,29074130
Jiumaojiu International Holdings Ltd,China,Consumer Discretionary,25631907
John B Sanfilippo & Son Inc,United States,Consumer Staples,2927520
John Bean Technologies Corp,United States,Industrials,37359267
John Keells Holdings PLC,Sri Lanka,Industrials,11741140
John Keells Hotels PLC,Sri Lanka,Consumer Discretionary,1014836
John Wiley & Sons Inc,United States,Consumer Discretionary,7514775
John Wood Group PLC,United Kingdom,Energy,3968215
Johns Lyng Group Ltd,Australia,Financials,10122027
Johnson & Johnson,United States,Health Care,4498434823
Johnson Controls International plc,United States,Industrials,409257600
Johnson Electric Holdings Ltd,Hong Kong,Industrials,8209919
Johnson Health Tech Co Ltd,Taiwan,Consumer Discretionary,5479417
Johnson Matthey PLC,United Kingdom,Basic Materials,3066802
Johnson Outdoors Inc,United States,Consumer Discretionary,2076168
Joinn Laboratories China Co Ltd,China,Health Care,19099857
Joint Corp/The,United States,Health Care,521454
Jollibee Foods Corp,Philippines,Consumer Discretionary,62381661
Jones Lang LaSalle Inc,United States,Real Estate,74299410
Jonjee Hi-Tech Industrial And Commercial Holding Co Ltd,China,Industrials,10134533
Joshin Denki Co Ltd,Japan,Consumer Discretionary,1565216
Joy City Property Ltd,China,Real Estate,1460653
JoyCity Corp,South Korea,Consumer Discretionary,6069479
Joyful Honda Co Ltd,Japan,Consumer Discretionary,11522156
Ju Teng International Holdings Ltd,Hong Kong,Technology,1104284
Jubilant Foodworks Ltd,India,Consumer Discretionary,43349001
Jubilant Ingrevia Ltd,India,Health Care,4561189
Jubilant Pharmova Ltd,India,Health Care,28538624
Judo Capital Holdings Ltd,Australia,Financials,10656947
Juki Corp,Japan,Industrials,2184
Julius Baer Group Ltd,Switzerland,Financials,365564504
Jumbo Interactive Ltd,Australia,Consumer Discretionary,7744196
Jungheinrich AG,Germany,Industrials,19814589
Juniper Networks Inc,United States,Telecommunications,93191621
Jupiter Fund Management PLC,United Kingdom,Financials,5005974
Juroku Financial Group Inc,Japan,Financials,6205549
Just Dial Ltd,India,Technology,968362
Just Eat Takeaway.com NV,Netherlands,Technology,103305429
Just Group PLC,United Kingdom,Financials,30353437
Justsystems Corp,Japan,Technology,14058847
Jusung Engineering Co Ltd,South Korea,Technology,4874239
Juventus Football Club SpA,Italy,Consumer Discretionary,0
Jyske Bank A/S,Denmark,Financials,28370399
K Wah International Holdings Ltd,Hong Kong,Real Estate,8238882
K's Holdings Corp,Japan,Consumer Discretionary,19423350
K+S AG,Germany,Basic Materials,158201649
KAP Industrial Holdings Ltd,South Africa,Industrials,19780509
KAR Auction Services Inc,United States,Consumer Discretionary,10775816
KAWADA TECHNOLOGIES Inc,Japan,Industrials,4350199
KB Financial Group Inc,South Korea,Financials,317700158
KB Home,United States,Consumer Discretionary,29140680
KBC Ancora,Belgium,Financials,39685657
KBC Corp Ltd,China,Industrials,21245833
KBC Group NV,Belgium,Financials,214128598
KBR Inc,United States,Technology,84560520
KC Co Ltd,South Korea,Industrials,828270
KC Tech Co Ltd/New,South Korea,Technology,7482163
KCB Group PLC,Kenya,Financials,19755313
KCC Corp,South Korea,Industrials,6275699
KCC Glass Corp,South Korea,Industrials,2032995
KCE Electronics PCL,Thailand,Technology,20826113
KDDI Corp,Japan,Telecommunications,788697996
KE Holdings Inc,China,Real Estate,148837067
KEC International Ltd,India,Industrials,8416629
KEE TAI Properties Co Ltd,Taiwan,Real Estate,1827390
KEI Industries Ltd,India,Industrials,5736284
KEPCO Engineering & Construction Co Inc,South Korea,Industrials,4998501
KEPCO Plant Service & Engineering Co Ltd,South Korea,Industrials,5966757
KFC Holdings Japan Ltd,Japan,Consumer Discretionary,818811
KGHM Polska Miedz SA,Poland,Basic Materials,28520303
KGL Resources Ltd/Australia,Australia,Basic Materials,1503827
KH FEELUX Co Ltd,South Korea,Industrials,250898
KH Neochem Co Ltd,Japan,Basic Materials,11090805
KH Vatec Co Ltd,South Korea,Technology,1503849
KION Group AG,Germany,Industrials,69977479
KISCO Corp,South Korea,Basic Materials,766381
KISWIRE Ltd,South Korea,Basic Materials,1498485
KIWOOM Securities Co Ltd,South Korea,Financials,8321878
KKR & Co Inc,United States,Financials,252446211
KLA Corp,United States,Technology,577085888
KLab Inc,Japan,Technology,828673
KMC Kuei Meng International Inc,Taiwan,Consumer Discretionary,4272584
KMD Brands Ltd,New Zealand,Consumer Discretionary,15066040
KMW Co Ltd,South Korea,Telecommunications,5415178
KNOW IT AB,Sweden,Technology,1747776
KNT-CT Holdings Co Ltd,Japan,Consumer Discretionary,1582708
KOC Holding AS,Turkey,Energy,78777723
KOMEDA Holdings Co Ltd,Japan,Consumer Discretionary,787245
KPIT Technologies Ltd,India,Technology,12356894
KPJ Healthcare Bhd,Malaysia,Health Care,364050
KPP Group Holdings Co Ltd,Japan,Basic Materials,1278117
KPR Mill Ltd,India,Basic Materials,3879367
KRBL Ltd,India,Consumer Staples,3665988
KRUK SA,Poland,Financials,48362332
KSB SE & Co KGaA,Germany,Industrials,1514492
KSS LINE Ltd,South Korea,Industrials,2135612
KT Corp,South Korea,Telecommunications,300792
KT Skylife Co Ltd,South Korea,Consumer Discretionary,847294
KUMHOE&C Co Ltd,South Korea,Industrials,1408392
KWG Group Holdings Ltd,China,Real Estate,116
KWG Living Group Holdings Ltd,China,Real Estate,1052
KWS Saat SE & Co KGaA,Germany,Consumer Staples,15885039
KYB Corp,Japan,Consumer Discretionary,3641230
KYORIN Holdings Inc,Japan,Health Care,3199882
Kabel Deutschland Holding AG,Germany,Telecommunications,33138499
Kadant Inc,United States,Industrials,468233
Kadokawa Corp,Japan,Consumer Discretionary,22191138
Kaga Electronics Co Ltd,Japan,Technology,4705157
Kagome Co Ltd,Japan,Consumer Staples,21305214
Kaimei Electronic Corp,Taiwan,Technology,2411856
Kainos Group PLC,United Kingdom,Technology,39478486
Kaisa Group Holdings Ltd,China,Real Estate,69
Kaiser Aluminum Corp,United States,Basic Materials,9885890
Kajaria Ceramics Ltd,India,Industrials,103061482
Kajima Corp,Japan,Industrials,84742071
Kakaku.com Inc,Japan,Technology,32721540
Kakao Corp,South Korea,Technology,195872416
Kakao Games Corp,South Korea,Consumer Discretionary,11129907
KakaoBank Corp,South Korea,Financials,45740512
Kakaopay Corp,South Korea,Industrials,12131240
Kaken Pharmaceutical Co Ltd,Japan,Health Care,15058365
KalVista Pharmaceuticals Inc,United States,Health Care,1479764
Kalbe Farma Tbk PT,Indonesia,Health Care,72262806
Kalray SADIR,France,Technology,277518
Kamada Ltd,Israel,Health Care,130629
Kamakura Shinsho Ltd,Japan,Consumer Discretionary,1318984
Kaman Corp,United States,Industrials,5564051
Kameda Seika Co Ltd,Japan,Consumer Staples,488128
Kamei Corp,Japan,Energy,2097849
Kamigumi Co Ltd,Japan,Industrials,29696600
Kanaden Corp,Japan,Industrials,1582197
Kanagawa Chuo Kotsu Co Ltd,Japan,Consumer Discretionary,4919
Kanamic Network Co Ltd,Japan,Technology,743001
Kanamoto Co Ltd,Japan,Industrials,5105878
Kandenko Co Ltd,Japan,Industrials,10136498
Kaneka Corp,Japan,Basic Materials,26626947
Kanematsu Corp,Japan,Industrials,19145478
Kanematsu Electronics Ltd,Japan,Technology,3834295
Kangji Medical Holdings Ltd,China,Health Care,2625641
Kangmei Pharmaceutical Co Ltd,China,Health Care,28
Kangwon Land Inc,South Korea,Consumer Discretionary,18859093
Kansai Electric Power Co Inc/The,Japan,Utilities,64260280
Kansai Food Market Ltd,Japan,Consumer Staples,25262
Kansai Nerolac Paints Ltd,India,Industrials,4036895
Kansai Paint Co Ltd,Japan,Industrials,37849779
Kanto Denka Kogyo Co Ltd,Japan,Basic Materials,3429535
Kanzhun Ltd,China,Industrials,81259413
Kao Corp,Japan,Consumer Staples,249231227
Kaori Heat Treatment Co Ltd,Taiwan,Industrials,16392771
Kappa Create Co Ltd,Japan,Consumer Discretionary,254458
Kapsch TrafficCom AG,Austria,Industrials,462607
Kardex Holding AG,Switzerland,Industrials,23827134
Karnataka Bank Ltd/The,India,Financials,2716921
Karuna Therapeutics Inc,United States,Health Care,69663966
Kasai Kogyo Co Ltd,Japan,Consumer Discretionary,28115
Kasikornbank PCL,Thailand,Financials,169626315
Katakura Industries Co Ltd,Japan,Industrials,2462990
Katitas Co Ltd,Japan,Consumer Discretionary,17543902
Kato Sangyo Co Ltd,Japan,Consumer Staples,6315314
Kato Works Co Ltd,Japan,Industrials,296
Kaveri Seed Co Ltd,India,Consumer Staples,1807382
Kawai Musical Instruments Manufacturing Co Ltd,Japan,Consumer Discretionary,1235990
Kawasaki Heavy Industries Ltd,Japan,Industrials,56243764
Kawasaki Kisen Kaisha Ltd,Japan,Industrials,76071617
Kaynes Technology India Ltd,India,Technology,15535552
Kearny Financial Corp/MD,United States,Financials,4598935
KeePer Technical Laboratory Co Ltd,Japan,Consumer Discretionary,3600485
Keihan Holdings Co Ltd,Japan,Industrials,51424365
Keihanshin Building Co Ltd,Japan,Real Estate,3170180
Keikyu Corp,Japan,Industrials,35937951
Keio Corp,Japan,Consumer Discretionary,68525116
Keisei Electric Railway Co Ltd,Japan,Industrials,128548872
Keiyo Bank Ltd/The,Japan,Financials,4759792
Keiyo Co Ltd,Japan,Consumer Discretionary,1284399
Kelington Group Bhd,Malaysia,Industrials,1316662
Keller Group PLC,United Kingdom,Industrials,24306461
Kellogg Co,United States,Consumer Staples,127423070
Kelly Services Inc,United States,Industrials,1977300
Kelsian Group Ltd,Australia,Consumer Discretionary,4863207
Kemira Oyj,Finland,Basic Materials,35852927
Kemper Corp,United States,Financials,14366056
Kenda Rubber Industrial Co Ltd,Taiwan,Consumer Discretionary,5347175
Kenedix Office Investment Corp,Japan,Real Estate,28130510
Kenedix Residential Next Investment Corp,Japan,Real Estate,20931638
Kenedix Retail REIT Corp,Japan,Real Estate,11481694
Kenko Mayonnaise Co Ltd,Japan,Consumer Staples,1417277
Kennametal Inc,United States,Industrials,6066127
Kennedy-Wilson Holdings Inc,United States,Real Estate,16017010
Kenon Holdings Ltd/Singapore,Israel,Utilities,204550
Kepler Weber SA,Brazil,Industrials,3771023
Keppel Corp Ltd,Singapore,Energy,121489848
Keppel DC REIT,Singapore,Real Estate,23728009
Keppel Infrastructure Trust,Singapore,Basic Materials,24089221
Keppel Pacific Oak US REIT,Singapore,Real Estate,4977706
Keppel REIT,Singapore,Real Estate,15525502
Kering SA,France,Consumer Discretionary,1094262807
Kerjaya Prospek Group Bhd,Malaysia,Industrials,2594151
Kernel Holding SA,Poland,Consumer Staples,1339618
Kerry Express Thailand PCL,Thailand,Industrials,7754191
Kerry Group PLC,Ireland,Consumer Staples,7951660
Kerry Logistics Network Ltd,Hong Kong,Industrials,4595225
Kerry Properties Ltd,Hong Kong,Real Estate,20196665
Keshun Waterproof Technologies Co Ltd,China,Industrials,631539
Kesko Oyj,Finland,Consumer Staples,214849324
Kesm Industries Bhd,Malaysia,Technology,537058
Keurig Dr Pepper Inc,United States,Consumer Staples,269316052
Kewpie Corp,Japan,Consumer Staples,25994333
Key Coffee Inc,Japan,Consumer Staples,71888
KeyCorp,United States,Financials,130381262
Keyence Corp,Japan,Industrials,1425848283
Keyera Corp,Canada,Energy,52896905
Keymed Biosciences Inc,China,Health Care,12915073
Keysight Technologies Inc,United States,Industrials,257712165
Keywords Studios PLC,United Kingdom,Consumer Discretionary,9793072
Kforce Inc,United States,Industrials,8959222
Khang Dien House Trading and Investment JSC,Vietnam,Real Estate,8618895
Ki-Star Real Estate Co Ltd,Japan,Real Estate,6807860
Kia Corp,South Korea,Consumer Discretionary,192416071
Kiatnakin Phatra Bank PCL,Thailand,Financials,27869653
Kikkoman Corp,Japan,Consumer Staples,151690803
Kilroy Realty Corp,United States,Real Estate,350234538
Kimberly-Clark Corp,United States,Consumer Staples,430610132
Kimberly-Clark de Mexico SAB de CV,Mexico,Consumer Staples,46087654
Kimco Realty Corp,United States,Real Estate,236022168
Kinaxis Inc,Canada,Technology,33045961
Kinden Corp,Japan,Industrials,21768964
Kinder Morgan Inc,United States,Energy,247889311
Kindom Development Co Ltd,Taiwan,Real Estate,4402967
Kinepolis Group NV,Belgium,Consumer Discretionary,11479032
King Slide Works Co Ltd,Taiwan,Basic Materials,15160951
King Yuan Electronics Co Ltd,Taiwan,Technology,21952894
King's Town Bank Co Ltd,Taiwan,Financials,15344367
Kingboard Holdings Ltd,China,Basic Materials,25079398
Kingboard Laminates Holdings Ltd,China,Basic Materials,13492837
Kingdee International Software Group Co Ltd,China,Technology,60076931
Kingfisher PLC,United Kingdom,Consumer Discretionary,252198349
Kingsoft Cloud Holdings Ltd,China,Technology,814549
Kingsoft Corp Ltd,China,Consumer Discretionary,58554998
Kingspan Group PLC,Ireland,Industrials,220098676
Kinh Bac City Development Holding Corp,Vietnam,Real Estate,7082962
Kinik Co,Taiwan,Industrials,8201818
Kinki Sharyo Co Ltd/The,Japan,Industrials,443
Kinnevik AB,Sweden,Financials,76447140
Kino Polska TV SA,Poland,Consumer Discretionary,2063480
Kinpo Electronics,Taiwan,Consumer Discretionary,7988596
Kinross Gold Corp,Canada,Basic Materials,6677731
Kinsale Capital Group Inc,United States,Financials,28682468
Kinsus Interconnect Technology Corp,Taiwan,Technology,15832235
Kintetsu Department Store Co Ltd,Japan,Consumer Discretionary,1494714
Kintetsu Group Holdings Co Ltd,Japan,Industrials,88517059
Kintor Pharmaceutical Ltd,China,Health Care,2667909
Kirby Corp,United States,Industrials,42762055
Kirin Holdings Co Ltd,Japan,Consumer Staples,170167294
Kisoji Co Ltd,Japan,Consumer Discretionary,47633
Kissei Pharmaceutical Co Ltd,Japan,Health Care,5914965
Kita-Nippon Bank Ltd/The,Japan,Financials,531972
Kitagawa Corp,Japan,Industrials,82798
Kitano Construction Corp,Japan,Industrials,389761
Kitanotatsujin Corp,Japan,Consumer Staples,1017929
Kite Realty Group Trust,United States,Real Estate,44198306
Kitz Corp,Japan,Industrials,4273612
Kiwi Property Group Ltd,New Zealand,Real Estate,7262933
Kiyo Bank Ltd/The,Japan,Financials,6727373
Klabin SA,Brazil,Basic Materials,77777131
Klepierre SA,France,Real Estate,337916035
Kloeckner & Co SE,Germany,Basic Materials,16344087
Knight-Swift Transportation Holdings Inc,United States,Industrials,90026491
Knights Group Holdings PLC,United Kingdom,Industrials,3311845
Knorr-Bremse AG,Germany,Industrials,132940589
KnowBe4 Inc,United States,Technology,9642641
Knowles Corp,United States,Consumer Discretionary,14000201
KoMiCo Ltd,South Korea,Technology,10225452
Koa Corp,Japan,Technology,15956320
Koatsu Gas Kogyo Co Ltd,Japan,Basic Materials,1272773
Kobay Technology BHD,Malaysia,Industrials,8660653
Kobayashi Pharmaceutical Co Ltd,Japan,Health Care,67184038
Kobe Bussan Co Ltd,Japan,Consumer Staples,64128716
Kobe Steel Ltd,Japan,Basic Materials,5034035
Kocaer Celik Sanayi Ve Ticaret AS,Turkey,Basic Materials,13700056
Kodiak Sciences Inc,United States,Health Care,285827
Koei Tecmo Holdings Co Ltd,Japan,Consumer Discretionary,38725257
Koenig & Bauer AG,Germany,Industrials,4291114
Kogan.com Ltd,Australia,Consumer Discretionary,1513630
Koh Young Technology Inc,South Korea,Industrials,5606238
Kohl's Corp,United States,Consumer Discretionary,42156996
Kohnan Shoji Co Ltd,Japan,Consumer Discretionary,5075115
Koito Manufacturing Co Ltd,Japan,Consumer Discretionary,48859044
Kojamo Oyj,Finland,Real Estate,201836482
Kojima Co Ltd,Japan,Consumer Discretionary,852028
Kokuyo Co Ltd,Japan,Industrials,18154032
Kolmar Korea Co Ltd,South Korea,Consumer Discretionary,4468738
Kolmar Korea Holdings Co Ltd,South Korea,Consumer Discretionary,773936
Kolon Corp,South Korea,Basic Materials,810464
Kolon Industries Inc,South Korea,Basic Materials,5618658
Komatsu Ltd,Japan,Industrials,388151863
Komatsu Matere Co Ltd,Japan,Basic Materials,1784462
Komax Holding AG,Switzerland,Industrials,21300249
Komehyo Holdings Co Ltd,Japan,Consumer Discretionary,1606695
Komercni Banka AS,Czech Republic,Financials,13611654
Komeri Co Ltd,Japan,Consumer Discretionary,6034867
Komipharm International Co Ltd,South Korea,Health Care,1496899
Komori Corp,Japan,Industrials,3123330
Konami Group Corp,Japan,Consumer Discretionary,69788985
Kone Oyj,Finland,Industrials,369497834
Konecranes Oyj,Finland,Industrials,53353177
Konica Minolta Inc,Japan,Technology,21233622
Koninklijke Ahold Delhaize NV,Netherlands,Consumer Staples,847502590
Koninklijke BAM Groep NV,Netherlands,Industrials,14024101
Koninklijke DSM NV,Netherlands,Consumer Staples,500997200
Koninklijke KPN NV,Netherlands,Telecommunications,350118069
Koninklijke Philips NV,Netherlands,Health Care,346760449
Koninklijke Vopak NV,Netherlands,Industrials,55719984
Konishi Co Ltd,Japan,Basic Materials,2992663
Konoike Transport Co Ltd,Japan,Industrials,3319711
Kontoor Brands Inc,United States,Consumer Discretionary,20836829
Kontron AG,Germany,Technology,20846796
Koolearn Technology Holding Ltd,China,Consumer Discretionary,20182865
Korea Aerospace Industries Ltd,South Korea,Industrials,35898524
Korea Asset In Trust Co Ltd,South Korea,Real Estate,1115490
Korea Electric Terminal Co Ltd,South Korea,Industrials,2222259
Korea Gas Corp,South Korea,Utilities,5500710
Korea Investment Holdings Co Ltd,South Korea,Financials,30133860
Korea Petrochemical Ind Co Ltd,South Korea,Basic Materials,3909711
Korea Real Estate Investment & Trust Co Ltd,South Korea,Real Estate,1399096
Korea Shipbuilding & Offshore Engineering Co Ltd,South Korea,Industrials,39249090
Korea United Pharm Inc,South Korea,Health Care,672731
Korea Zinc Co Ltd,South Korea,Basic Materials,84751192
Korean Air Lines Co Ltd,South Korea,Consumer Discretionary,54151031
Korean Reinsurance Co,South Korea,Financials,5243667
Korian SA,France,Health Care,17341104
Korn Ferry,United States,Industrials,35031672
Kornit Digital Ltd,United States,Industrials,8438948
Kose Corp,Japan,Consumer Discretionary,28128100
Koshidaka Holdings Co Ltd,Japan,Consumer Discretionary,14582465
Kossan Rubber Industries Bhd,Malaysia,Health Care,8700663
Kotak Mahindra Bank Ltd,India,Financials,158711499
Kotobuki Spirits Co Ltd,Japan,Consumer Staples,26866211
Kourakuen Holdings Corp,Japan,Consumer Discretionary,199063
Kraft Heinz Co/The,United States,Consumer Staples,245496973
Krafton Inc,South Korea,Consumer Discretionary,66521216
Kratos Defense & Security Solutions Inc,United States,Industrials,12759576
Kri-Kri Milk Industry SA,Greece,Consumer Staples,1264268
Krishna Institute of Medical Sciences Ltd,India,Health Care,3204649
Krispy Kreme Inc,United States,Consumer Discretionary,5176574
Krka dd Novo mesto,Slovenia,Health Care,24758479
Kroger Co/The,United States,Consumer Staples,149092148
Krones AG,Germany,Industrials,68456537
Krosaki Harima Corp,Japan,Basic Materials,1455740
Krung Thai Bank PCL,Thailand,Financials,55369434
Krungthai Card PCL,Thailand,Financials,36963032
Krystal Biotech Inc,United States,Health Care,11282829
Ktima Kostas Lazaridis SA,Greece,Consumer Staples,244047
Kuaishou Technology,China,Technology,205344464
Kubota Corp,Japan,Industrials,227445075
Kuehne + Nagel International AG,Switzerland,Industrials,229399432
Kufu Co Inc,Japan,Industrials,5967528
Kuk-il Paper Manufacturing Co Ltd,South Korea,Basic Materials,284257
Kulicke & Soffa Industries Inc,United States,Technology,7326048
Kumagai Gumi Co Ltd,Japan,Industrials,9389806
Kumba Iron Ore Ltd,South Africa,Basic Materials,40643350
Kumho Petrochemical Co Ltd,South Korea,Basic Materials,18403770
Kumho Tire Co Inc,South Korea,Consumer Discretionary,2558934
Kumiai Chemical Industry Co Ltd,Japan,Basic Materials,5018674
Kung Long Batteries Industrial Co Ltd,Taiwan,Industrials,4671341
Kunlun Energy Co Ltd,China,Energy,41355499
Kuo Toong International Co Ltd,Taiwan,Industrials,2941370
Kuo Yang Construction Co Ltd,Taiwan,Real Estate,2159688
Kura Sushi Inc,Japan,Consumer Discretionary,13212324
Kurabo Industries Ltd,Japan,Basic Materials,2624891
Kuraray Co Ltd,Japan,Basic Materials,34369715
Kureha Corp,Japan,Industrials,16371065
Kurimoto Ltd,Japan,Basic Materials,1724901
Kurita Water Industries Ltd,Japan,Industrials,133205220
Kusuri no Aoki Holdings Co Ltd,Japan,Consumer Staples,17383244
Kuwait Finance House KSCP,Kuwait,Financials,134914674
Kwang Dong Pharmaceutical Co Ltd,South Korea,Health Care,1356231
Kweichow Moutai Co Ltd,China,Consumer Staples,674322888
Kymera Therapeutics Inc,United States,Health Care,5541544
Kyndryl Holdings Inc,United States,Technology,26154340
Kyobo Securities Co Ltd,South Korea,Financials,580788
Kyocera Corp,Japan,Technology,279452485
Kyodo Printing Co Ltd,Japan,Industrials,1530774
Kyoei Steel Ltd,Japan,Basic Materials,12508121
Kyokuto Kaihatsu Kogyo Co Ltd,Japan,Industrials,2961056
Kyokuto Securities Co Ltd,Japan,Financials,893800
Kyokuyo Co Ltd,Japan,Consumer Staples,2430710
Kyoritsu Maintenance Co Ltd,Japan,Consumer Discretionary,17441768
Kyosan Electric Manufacturing Co Ltd,Japan,Industrials,1277187
Kyowa Kirin Co Ltd,Japan,Health Care,91418262
Kyudenko Corp,Japan,Industrials,14250738
Kyung Dong Navien Co Ltd,South Korea,Industrials,10907228
Kyushu Electric Power Co Inc,Japan,Utilities,16759384
Kyushu Financial Group Inc,Japan,Financials,22663329
Kyushu Railway Co,Japan,Consumer Discretionary,63015304
L E Lundbergforetagen AB,Sweden,Financials,77881914
L&C Bio Co Ltd,South Korea,Health Care,10078997
L&F Co Ltd,South Korea,Technology,65471990
L&K Engineering Co Ltd,Taiwan,Industrials,2856625
L&T Finance Holdings Ltd,India,Financials,7892224
L&T Technology Services Ltd,India,Industrials,7751083
L'Occitane International SA,Hong Kong,Consumer Staples,24116170
L'Oreal SA,France,Consumer Discretionary,2141387191
L3Harris Technologies Inc,United States,Industrials,332897600
LAMDA Development SA,Greece,Real Estate,9271468
LANXESS AG,Germany,Basic Materials,161749869
LB Group Co Ltd,China,Basic Materials,12203581
LCI Industries,United States,Consumer Discretionary,18563128
LEC Inc,Japan,Consumer Discretionary,1683240
LEENO Industrial Inc,South Korea,Technology,31257279
LEG Immobilien SE,Germany,Real Estate,117072614
LEM Holding SA,Switzerland,Industrials,23491472
LF Corp,South Korea,Consumer Discretionary,2092488
LG Chem Ltd,South Korea,Basic Materials,447325803
LG Corp,South Korea,Industrials,104852495
LG Display Co Ltd,South Korea,Technology,10
LG Electronics Inc,South Korea,Consumer Discretionary,138077856
LG Energy Solution Ltd,South Korea,Industrials,190254066
LG H&H Co Ltd,South Korea,Consumer Staples,89579128
LG HelloVision Co Ltd,South Korea,Consumer Discretionary,720260
LG Innotek Co Ltd,South Korea,Technology,54487476
LG Uplus Corp,South Korea,Telecommunications,29625470
LGI Homes Inc,United States,Consumer Discretionary,5927604
LGMS Bhd,Malaysia,Technology,989552
LHC Group Inc,United States,Health Care,62341358
LHV Group AS,Estonia,Financials,2208315
LIC Housing Finance Ltd,India,Financials,72586030
LIFENET INSURANCE CO,Japan,Financials,23982576
LIFULL Co Ltd,Japan,Real Estate,1012636
LIG Nex1 Co Ltd,South Korea,Industrials,46361975
LIKE Inc,Japan,Industrials,9010386
LISI,France,Industrials,9822799
LITALICO Inc,Japan,Industrials,3435456
LK Technology Holdings Ltd,Hong Kong,Industrials,27430767
LKQ Corp,United States,Consumer Discretionary,236333962
LONGi Green Energy Technology Co Ltd,China,Technology,217512373
LOTTE Fine Chemical Co Ltd,South Korea,Basic Materials,12736177
LOTTE Himart Co Ltd,South Korea,Consumer Discretionary,1019128
LOTTE Reit Co Ltd,South Korea,Real Estate,3165071
LPI Capital Bhd,Malaysia,Financials,4458864
LPKF Laser & Electronics SE,Germany,Technology,3725631
LPL Financial Holdings Inc,United States,Financials,217799273
LPN Development PCL,Thailand,Real Estate,437283
LPP SA,Poland,Consumer Discretionary,39487250
LS Corp,South Korea,Technology,17645094
LS Electric Co Ltd,South Korea,Industrials,23183675
LSB Industries Inc,United States,Basic Materials,2880780
LSR Group PJSC,Russia,Real Estate,516757
LTC Properties Inc,United States,Real Estate,14136712
LTIMindtree Ltd,India,Technology,65990677
LU-VE SpA,Italy,Industrials,9373443
LUKOIL PJSC,Russia,Energy,54468733
LVGEM China Real Estate Investment Co Ltd,China,Real Estate,1322
LVMC Holdings,South Korea,Consumer Discretionary,148711
LVMH Moet Hennessy Louis Vuitton SE,France,Consumer Discretionary,4197756043
LX Hausys Ltd,South Korea,Industrials,1132612
LX Holdings Corp,South Korea,Industrials,2148023
LX INTERNATIONAL CORP,South Korea,Industrials,6023661
LX Semicon Co Ltd,South Korea,Technology,6914442
LXI REIT Plc,United Kingdom,Real Estate,39890577
LXP Industrial Trust,United States,Real Estate,29909560
La Francaise des Jeux SAEM,France,Consumer Discretionary,86716056
La-Z-Boy Inc,United States,Consumer Discretionary,6761520
LaSalle Logiport REIT,Japan,Real Estate,36861406
Laboratorios Farmaceuticos Rovi SA,Spain,Health Care,31975599
Laboratory Corp of America Holdings,United States,Health Care,214261133
Labrador Iron Ore Royalty Corp,Canada,Basic Materials,620076
Ladder Capital Corp,United States,Financials,10882778
Lagardere SA,France,Consumer Discretionary,7345324
Lagercrantz Group AB,Sweden,Technology,49308963
Lake Materials Co Ltd,South Korea,Basic Materials,2496111
Lake Resources NL,Australia,Basic Materials,8975335
Lakshmi Machine Works Ltd,India,Industrials,3815161
Lam Research Corp,United States,Technology,617500557
Lamar Advertising Co,United States,Real Estate,79703242
Lamb Weston Holdings Inc,United States,Consumer Staples,44705914
Lancashire Holdings Ltd,United Kingdom,Financials,37881937
Lancaster Colony Corp,United States,Consumer Staples,19830031
Land & Houses PCL,Thailand,Real Estate,16144818
Land Securities Group PLC,United Kingdom,Real Estate,433847804
LandMark Optoelectronics Corp,Taiwan,Technology,2157557
Landis+Gyr Group AG,Switzerland,Industrials,43955311
Landstar System Inc,United States,Industrials,54341322
Lantheus Holdings Inc,United States,Health Care,52925833
Lao Feng Xiang Co Ltd,China,Consumer Discretionary,10733407
Laox Holdings Co Ltd,Japan,Consumer Discretionary,200658
Lar Espana Real Estate Socimi SA,Spain,Real Estate,6208569
Largan Precision Co Ltd,Taiwan,Consumer Discretionary,114927158
Lark Distilling Co Ltd,Australia,Consumer Staples,3645845
Larsen & Toubro Ltd,India,Industrials,262334727
Las Vegas Sands Corp,United States,Consumer Discretionary,160819435
Lasertec Corp,Japan,Technology,197725172
Lastminute.com NV,Switzerland,Consumer Discretionary,22
Lattice Semiconductor Corp,United States,Technology,93971543
Laureate Education Inc,United States,Consumer Discretionary,16959473
Laurentian Bank of Canada,Canada,Financials,11583994
Laurus Labs Ltd,India,Health Care,13365486
Lawson Inc,Japan,Consumer Staples,53584894
Lazard Ltd,United States,Financials,29190615
Leaders Cosmetics Co Ltd,South Korea,Consumer Discretionary,30
Lealea Enterprise Co Ltd,Taiwan,Basic Materials,842938
Lear Corp,United States,Consumer Discretionary,57564007
Lectra,France,Technology,3021229
Lee & Man Paper Manufacturing Ltd,China,Basic Materials,8076934
Legal & General Group PLC,United Kingdom,Financials,297775308
Legalzoom.com Inc,United States,Industrials,376822
Legend Biotech Corp,United States,Health Care,10270740
Legend Holdings Corp,China,Technology,6558403
Leggett & Platt Inc,United States,Consumer Discretionary,30894034
LegoChem Biosciences Inc,South Korea,Health Care,5292423
Legrand SA,France,Industrials,637549667
Leidos Holdings Inc,United States,Technology,163656180
Lemon Tree Hotels Ltd,India,Consumer Discretionary,905911
Lemonade Inc,United States,Financials,350974
LendingTree Inc,United States,Financials,1749209
Lendlease Corp Ltd,Australia,Industrials,54412949
Lendlease Global Commercial REIT,Singapore,Real Estate,13951140
Lennar Corp,United States,Consumer Discretionary,226988185
Lennox International Inc,United States,Industrials,60765138
Lenovo Group Ltd,Hong Kong,Technology,93905254
Lens Technology Co Ltd,China,Technology,787895
Lenta International Co PJSC,Russia,Consumer Staples,3372060
Lenzing AG,Austria,Basic Materials,19860263
Leo Lithium Ltd,Australia,Basic Materials,1537905
Leonardo SpA,Italy,Industrials,96810356
Leonteq AG,Switzerland,Financials,12523130
Leopalace21 Corp,Japan,Real Estate,4217730
Lepidico Ltd,Australia,Basic Materials,2088702
Lepu Medical Technology Beijing Co Ltd,China,Health Care,35653761
Leslie's Inc,United States,Consumer Discretionary,20726622
Li Auto Inc,China,Consumer Discretionary,139947204
Li Cheng Enterprise Co Ltd,Taiwan,Basic Materials,530675
Li Peng Enterprise Co Ltd,Taiwan,Basic Materials,3320109
Lianhe Chemical Technology Co Ltd,China,Basic Materials,18216045
Liberty Broadband Corp,United States,Telecommunications,133720922
Liberty Energy Inc,United States,Energy,15353046
Liberty Financial Group Ltd,Australia,Financials,7193134
Liberty Global PLC,United States,Telecommunications,119940316
Liberty Latin America Ltd,United States,Telecommunications,13270305
Liberty Media Corp-Liberty Braves,United States,Consumer Discretionary,15444416
Liberty Media Corp-Liberty Formula One,United States,Consumer Discretionary,157567132
Liberty Media Corp-Liberty SiriusXM,United States,Consumer Discretionary,117656138
Liberty TripAdvisor Holdings Inc,United States,Consumer Discretionary,528
Liechtensteinische Landesbank AG,Switzerland,Financials,1914944
Lien Hwa Industrial Holdings Corp,Taiwan,Consumer Staples,22652620
Lifco AB,Sweden,Industrials,100071258
Life Corp,Japan,Consumer Staples,3353735
Life Healthcare Group Holdings Ltd,South Africa,Health Care,12066399
Life Insurance Corp of India,India,Financials,19619587
Life Storage Inc,United States,Real Estate,295752061
Life Time Group Holdings Inc,United States,Consumer Discretionary,7471268
Life360 Inc,Australia,Technology,6367823
LifeStance Health Group Inc,United States,Health Care,5971536
Lifestyle Communities Ltd,Australia,Real Estate,18373995
Lifetech Scientific Corp,China,Health Care,4458586
Ligand Pharmaceuticals Inc,United States,Health Care,9690476
Light & Wonder Inc,United States,Consumer Discretionary,87240867
Light SA,Brazil,Utilities,526
Lightspeed Commerce Inc,Canada,Technology,20806686
Limeade Inc,United States,Technology,1618173
Linamar Corp,Canada,Consumer Discretionary,23751075
Lincoln Electric Holdings Inc,United States,Industrials,96737789
Lincoln National Corp,United States,Financials,61390203
Lindab International AB,Sweden,Industrials,33039279
Linde India Ltd,India,Basic Materials,6500409
Linde PLC,United States,Basic Materials,2384089414
Lindsay Corp,United States,Industrials,21111874
Linea Directa Aseguradora SA Cia de Seguros y Reaseguros,Spain,Financials,13392504
Lingsen Precision Industries Ltd,Taiwan,Technology,3207638
Linical Co Ltd,Japan,Health Care,438228
Link Administration Holdings Ltd,Australia,Industrials,9527682
Link And Motivation Inc,Japan,Industrials,2161651
Link REIT,Hong Kong,Real Estate,283257159
Link-U Inc,Japan,Technology,2289522
Linklogis Inc,China,Technology,5227
Lintec Corp,Japan,Basic Materials,11444050
Lion Brewery Ceylon PLC,Sri Lanka,Consumer Staples,309036
Lion Corp,Japan,Consumer Staples,45743147
Lions Gate Entertainment Corp,United States,Consumer Discretionary,9206574
Liontown Resources Ltd,Australia,Basic Materials,26264962
Liontrust Asset Management PLC,United Kingdom,Financials,27317730
Lippo Malls Indonesia Retail Trust,Singapore,Real Estate,2104308
Lite-On Technology Corp,Taiwan,Technology,65899793
Lithia Motors Inc,United States,Consumer Discretionary,65185121
Lithium Americas Corp,Canada,Basic Materials,17578973
Littelfuse Inc,United States,Industrials,59510812
Litu Holdings Ltd,China,Industrials,53155
LivaNova PLC,United States,Health Care,50390165
Live Nation Entertainment Inc,United States,Consumer Discretionary,112597601
Live Oak Bancshares Inc,United States,Financials,5642085
LiveChat Software SA,Poland,Telecommunications,14979341
LivePerson Inc,United States,Technology,2294560
LiveRamp Holdings Inc,United States,Technology,21513349
Livent Corp,United States,Basic Materials,31993740
Livzon Pharmaceutical Group Inc,China,Health Care,26847845
Lixil Corp,Japan,Industrials,55987178
Lloyds Banking Group PLC,United Kingdom,Financials,671314765
Loblaw Cos Ltd,Canada,Consumer Staples,149736193
Localiza Rent a Car SA,Brazil,Consumer Discretionary,161131265
Locaweb Servicos de Internet SA,Brazil,Technology,1071336
Lock&Lock Co Ltd,South Korea,Consumer Discretionary,612749
Locondo Inc,Japan,Technology,2259942
Loews Corp,United States,Financials,417751294
Log-in Logistica Intermodal SA,Brazil,Industrials,12909042
Logan Group Co Ltd,China,Real Estate,160
Logistics Development Group PLC,United Kingdom,Industrials,650804
Logitech International SA,Switzerland,Technology,235815128
Logo Yazilim Sanayi Ve Ticaret AS,Turkey,Technology,11064371
Lojas Quero Quero S/A,Brazil,Consumer Discretionary,7077952
Lojas Renner SA,Brazil,Consumer Discretionary,67753934
London Stock Exchange Group PLC,United Kingdom,Financials,808898739
LondonMetric Property PLC,United Kingdom,Real Estate,126390603
Longfor Group Holdings Ltd,China,Real Estate,98208433
Longshine Technology Group Co Ltd,China,Technology,1245317
Lonking Holdings Ltd,China,Industrials,5120901
Lonza Group AG,Switzerland,Health Care,912945078
Lookers PLC,United Kingdom,Consumer Discretionary,9707049
Loomis AB,Sweden,Industrials,50807785
Loongson Technology Corp Ltd,China,Technology,9833566
Lotes Co Ltd,Taiwan,Technology,44617411
Lotte Chemical Corp,South Korea,Industrials,1060836
Lotte Chemical Titan Holding Bhd,Malaysia,Industrials,38229
Lotte Chilsung Beverage Co Ltd,South Korea,Consumer Staples,1589915
Lotte Confectionery Co Ltd,South Korea,Consumer Staples,2122461
Lotte Corp,South Korea,Consumer Staples,5904684
Lotte Data Communication Co,South Korea,Technology,193278
Lotte Rental Co Ltd,South Korea,Consumer Discretionary,3106071
Lotte Shopping Co Ltd,South Korea,Consumer Discretionary,7564334
Lotte Tour Development Co Ltd,South Korea,Consumer Discretionary,2973717
Lottery Corp Ltd/The,Australia,Consumer Discretionary,134336499
Lotus Bakeries NV,Belgium,Consumer Staples,61238037
Lotus Pharmaceutical Co Ltd,Taiwan,Health Care,18112541
Louisiana-Pacific Corp,United States,Industrials,37575602
Lovisa Holdings Ltd,Australia,Consumer Discretionary,7202120
Lowe's Cos Inc,United States,Consumer Discretionary,1431650576
Lucid Group Inc,United States,Consumer Discretionary,28487793
Lufax Holding Ltd,China,Financials,29421900
Luk Fook Holdings International Ltd,Hong Kong,Consumer Discretionary,17374102
Luka Koper,Slovenia,Industrials,7732409
Lululemon Athletica Inc,United States,Consumer Discretionary,83580414
Lumen Technologies Inc,United States,Telecommunications,32059220
Lumens Co Ltd,South Korea,Telecommunications,23568
Lumentum Holdings Inc,United States,Telecommunications,34040299
Luminar Technologies Inc,United States,Consumer Discretionary,10380660
Lundin Mining Corp,Canada,Basic Materials,18327783
Lung Kee Bermuda Holdings,China,Basic Materials,4492303
Lung Yen Life Service Corp,Taiwan,Consumer Discretionary,4207955
Luoyang Glass Co Ltd,China,Industrials,3698166
Lupin Ltd,India,Health Care,63326826
Lutronic Corp,South Korea,Health Care,9066272
Luxshare Precision Industry Co Ltd,China,Telecommunications,224150198
Luye Pharma Group Ltd,China,Health Care,467057
Luzhou Laojiao Co Ltd,China,Consumer Staples,11383616
Lyft Inc,United States,Consumer Discretionary,75722365
Lygend Resources & Technology Co Ltd-H,China,Basic Materials,2184860
LyondellBasell Industries NV,United States,Basic Materials,32021931
M&A Capital Partners Co Ltd,Japan,Financials,19527490
M&C Saatchi PLC,United Kingdom,Consumer Discretionary,3339475
M&G PLC,United Kingdom,Financials,242305538
M&T Bank Corp,United States,Financials,224911178
M.I.Tech Co Ltd,South Korea,Health Care,6955376
M.Video PJSC,Russia,Consumer Discretionary,632743
M3 Inc,Japan,Health Care,184351629
M31 Technology Corp,Taiwan,Technology,6170552
MA Financial Group Ltd,Australia,Financials,4341109
MACOM Technology Solutions Holdings Inc,United States,Technology,6973586
MARR SpA,Italy,Consumer Staples,6341903
MARUKA FURUSATO Corp,Japan,Industrials,4690712
MBIA Inc,United States,Financials,13
MBK PCL,Thailand,Industrials,38163943
MCJ Co Ltd,Japan,Technology,20864411
MD Medical Group Investments PLC,Russia,Health Care,2890395
MD Pictures Tbk PT,Indonesia,Consumer Discretionary,245383
MDC Holdings Inc,United States,Consumer Discretionary,13290834
MDU Resources Group Inc,United States,Industrials,61384829
ME GROUP INTERNATIONAL PLC,United Kingdom,Consumer Discretionary,7282461
MEC Co Ltd,Japan,Basic Materials,11046340
MED Life SA,Romania,Health Care,1363450
MEIJI Holdings Co Ltd,Japan,Consumer Staples,93081885
MEKO AB,Sweden,Consumer Discretionary,8276886
METAWATER Co Ltd,Japan,Industrials,2892283
METRO AG,Germany,Consumer Staples,30390373
MFA Financial Inc,United States,Financials,9121819
MFE-MediaForEurope NV,Italy,Consumer Discretionary,8566829
MFEC PCL,Thailand,Technology,3018957
MFO SA,Poland,Basic Materials,1133464
MGB Bhd,Malaysia,Industrials,944381
MGIC Investment Corp,United States,Financials,17554446
MGM China Holdings Ltd,Hong Kong,Consumer Discretionary,13252349
MGM Resorts International,United States,Consumer Discretionary,163272893
MGP Ingredients Inc,United States,Consumer Staples,106
MHP SE,Ukraine,Consumer Staples,12458951
MIMAKI ENGINEERING CO LTD,Japan,Industrials,2087387
MINEBEA MITSUMI Inc,Japan,Industrials,106938956
MINISO Group Holding Ltd,China,Consumer Discretionary,55527986
MIPS AB,Sweden,Consumer Discretionary,22939277
MIRAIT ONE corp,Japan,Industrials,19321932
MISC Bhd,Malaysia,Industrials,67488082
MISUMI Group Inc,Japan,Industrials,101637139
MIXI Inc,Japan,Consumer Discretionary,15149795
MK Restaurants Group PCL,Thailand,Consumer Discretionary,8717362
MKS Instruments Inc,United States,Industrials,74359895
MLP Group SA,Poland,Real Estate,13121196
MLP SE,Germany,Financials,2081991
MLP Saglik Hizmetleri AS,Turkey,Health Care,29874730
MM Group for Industry & International Trade SAE,Egypt,Consumer Discretionary,590111
MOL Hungarian Oil & Gas PLC,Hungary,Energy,24218679
MOS Food Services Inc,Japan,Consumer Discretionary,439035
MP Evans Group PLC,United Kingdom,Consumer Staples,10296004
MP Materials Corp,United States,Basic Materials,19805584
MR DIY Group M Bhd,Malaysia,Consumer Discretionary,7442520
MRC Global Inc,United States,Energy,3857298
MRF Ltd,India,Consumer Discretionary,19466456
MRV Engenharia e Participacoes SA,Brazil,Consumer Discretionary,11542048
MS&AD Insurance Group Holdings Inc,Japan,Financials,361458114
MSA Safety Inc,United States,Industrials,51983090
MSC Industrial Direct Co Inc,United States,Industrials,38273182
MSCI Inc,United States,Financials,374741417
MTAG Group Bhd,Malaysia,Industrials,1146571
MTI Ltd,Japan,Technology,869879
MTN Group Ltd,South Africa,Telecommunications,213750488
MTN Nigeria Communications PLC,Nigeria,Telecommunications,5417860
MTR Corp Ltd,Hong Kong,Industrials,128507792
MTU Aero Engines AG,Germany,Industrials,296903020
MYR Group Inc,United States,Industrials,1307394
Maanshan Iron & Steel Co Ltd,China,Basic Materials,2919947
Maas Group Holdings Ltd,Australia,Industrials,3988735
Mabanee Co KPSC,Kuwait,Real Estate,69484552
Mabuchi Motor Co Ltd,Japan,Industrials,23034629
Macerich Co/The,United States,Real Estate,22702389
Machvision Inc,Taiwan,Technology,693140
Macmahon Holdings Ltd,Australia,Basic Materials,1842219
Macnica Holdings Inc,Japan,Technology,24112184
Macquarie Group Ltd,Australia,Financials,497567856
Macquarie Korea Infrastructure Fund,South Korea,Financials,139171
Macquarie Telecom Group Ltd,Australia,Telecommunications,7189388
Macro Group Pharmaceuticals Macro Capital SAE,Egypt,Consumer Staples,2119976
Macromill Inc,Japan,Consumer Discretionary,11415904
Macronix International Co Ltd,Taiwan,Technology,37902071
Macrotech Developers Ltd,India,Real Estate,9428713
Macy's Inc,United States,Consumer Discretionary,21313588
Madara Cosmetics AS,Latvia,Consumer Discretionary,247287
Made.com Group PLC,United Kingdom,Consumer Discretionary,5795
Madison Square Garden Entertainment Corp,United States,Consumer Discretionary,11368551
Madison Square Garden Sports Corp,United States,Consumer Discretionary,47578352
Madrigal Pharmaceuticals Inc,United States,Health Care,33756075
Maeda Kosen Co Ltd,Japan,Industrials,27111798
Maeil Dairies Co Ltd,South Korea,Consumer Staples,9858880
Maezawa Kasei Industries Co Ltd,Japan,Industrials,86814
Maezawa Kyuso Industries Co Ltd,Japan,Industrials,1214267
Magazine Luiza SA,Brazil,Consumer Discretionary,51507380
Magellan Financial Group Ltd,Australia,Financials,28708082
Maggie Beer Holdings Ltd,Australia,Consumer Staples,1505637
Magna International Inc,Canada,Consumer Discretionary,164471216
Magni-Tech Industries Bhd,Malaysia,Consumer Discretionary,2063807
Magnit PJSC,Russia,Consumer Staples,7306226
Magnite Inc,United States,Technology,12577616
Magnitogorsk Iron & Steel Works PJSC,Russia,Basic Materials,4571389
Magnum Bhd,Malaysia,Consumer Discretionary,218397
Magyar Telekom Telecommunications PLC,Hungary,Telecommunications,9666598
Mahaka Radio Integra Tbk PT,Indonesia,Consumer Discretionary,740004
Mahanagar Gas Ltd,India,Utilities,21177096
Mahindra & Mahindra Financial Services Ltd,India,Financials,13236403
Mahindra & Mahindra Ltd,India,Consumer Discretionary,308291894
Mahindra CIE Automotive Ltd,India,Consumer Discretionary,3559632
Mahindra Holidays & Resorts India Ltd,India,Consumer Discretionary,17105494
Mahindra Lifespace Developers Ltd,India,Real Estate,722897
Mainfreight Ltd,New Zealand,Industrials,70784441
Maire Tecnimont SpA,Italy,Industrials,9375202
Maisons du Monde SA,France,Consumer Discretionary,13133614
Major Cineplex Group PCL,Thailand,Consumer Discretionary,1017826
Majorel Group Luxembourg SA,Netherlands,Technology,20048566
Makalot Industrial Co Ltd,Taiwan,Consumer Discretionary,47985037
MakeMyTrip Ltd,India,Consumer Discretionary,6562377
Makino Milling Machine Co Ltd,Japan,Industrials,7085094
Makita Corp,Japan,Consumer Discretionary,90177512
Makuake Inc,Japan,Technology,1277840
Malayan Banking Bhd,Malaysia,Financials,126698752
Malayan Cement Bhd,Malaysia,Industrials,2616431
Malaysia Airports Holdings Bhd,Malaysia,Industrials,31088561
Malaysia Smelting Corp Bhd,Malaysia,Basic Materials,2176976
Malaysian Pacific Industries Bhd,Malaysia,Technology,43987457
Malaysian Resources Corp Bhd,Malaysia,Industrials,392882
Malee Group PCL,Thailand,Consumer Staples,14552
Man Group PLC/Jersey,United Kingdom,Financials,102845107
Man Wah Holdings Ltd,Hong Kong,Consumer Discretionary,58761288
Management Solutions Co Ltd,Japan,Industrials,13323279
Manappuram Finance Ltd,India,Financials,4280034
Mandom Corp,Japan,Consumer Discretionary,5148327
Mangata Holding SA,Poland,Industrials,998502
Mango Excellent Media Co Ltd,China,Consumer Discretionary,10795894
Manhattan Associates Inc,United States,Technology,85349056
Mani Inc,Japan,Health Care,15280580
Manila Water Co Inc,Philippines,Utilities,36129201
Manitou BF SA,France,Industrials,8593645
Manitowoc Co Inc/The,United States,Industrials,1887876
ManpowerGroup Inc,United States,Industrials,41325165
Manulife Financial Corp,Canada,Financials,397840981
Manulife US Real Estate Investment Trust,Singapore,Real Estate,6634057
Manz AG,Germany,Technology,299646
Maoyan Entertainment,China,Technology,2959870
Maoye International Holdings Ltd,China,Consumer Discretionary,1110708
Map Aktif Adiperkasa PT,Indonesia,Consumer Discretionary,5194751
Mapeley Ltd,United Kingdom,Real Estate,7
Mapfre SA,Spain,Financials,14168408
Maple Leaf Foods Inc,Canada,Consumer Staples,14178113
Mapletree Industrial Trust,Singapore,Real Estate,51270480
Mapletree Logistics Trust,Singapore,Real Estate,65106267
Mapletree Pan Asia Commercial Trust,Singapore,Real Estate,36101498
Marathon Digital Holdings Inc,United States,Financials,2851637
Marathon Petroleum Corp,United States,Energy,439295083
Maravai LifeSciences Holdings Inc,United States,Health Care,28010380
Marcopolo SA,Brazil,Industrials,5536394
Marcus & Millichap Inc,United States,Real Estate,7555643
Marfin Investment Group Holdings SA,Greece,Financials,462256
Marfrig Global Foods SA,Brazil,Consumer Staples,871911
Marico Ltd,India,Consumer Staples,65700944
Marimekko Oyj,Finland,Consumer Discretionary,760064
MarkLines Co Ltd,Japan,Technology,3332602
Markel Corp,United States,Financials,178161538
MarketAxess Holdings Inc,United States,Financials,107948000
Marketech International Corp,Taiwan,Technology,2530039
Marks & Spencer Group PLC,United Kingdom,Consumer Discretionary,38647139
Marley Spoon AG,Australia,Consumer Staples,1243651
Marlowe PLC,United Kingdom,Industrials,7765069
Marqeta Inc,United States,Industrials,31498119
Marriott International Inc/MD,United States,Consumer Discretionary,317490058
Marriott Vacations Worldwide Corp,United States,Consumer Discretionary,57540186
Mars Group Holdings Corp,Japan,Consumer Discretionary,1765052
Marseille-Kliniken AG,Germany,Health Care,0
Marsh & McLennan Cos Inc,United States,Financials,639446492
Marshalls PLC,United Kingdom,Industrials,20734866
Marston's PLC,United Kingdom,Consumer Discretionary,5607050
Marten Transport Ltd,United States,Industrials,6430478
Martin Marietta Materials Inc,United States,Industrials,192669938
Marubeni Corp,Japan,Industrials,307073953
Marudai Food Co Ltd,Japan,Consumer Staples,2573578
Maruha Nichiro Corp,Japan,Consumer Staples,6282048
Marui Group Co Ltd,Japan,Consumer Discretionary,51785401
Maruichi Steel Tube Ltd,Japan,Basic Materials,18832420
Marusan Securities Co Ltd,Japan,Financials,347418
Maruti Suzuki India Ltd,India,Consumer Discretionary,312146001
Maruwa Co Ltd/Aichi,Japan,Industrials,19635979
Maruzen Showa Unyu Co Ltd,Japan,Industrials,3234060
Marvell Technology Inc,United States,Technology,181582711
Marvelous Inc,Japan,Consumer Discretionary,2612207
MasTec Inc,United States,Industrials,46675766
Masan Group Corp,Vietnam,Consumer Staples,12992057
Masco Corp,United States,Industrials,67168911
Masimo Corp,United States,Health Care,42917040
Masonite International Corp,United States,Industrials,18808651
Masraf Al Rayan QSC,Qatar,Financials,60046168
Mastek Ltd,India,Technology,1934467
MasterCraft Boat Holdings Inc,United States,Consumer Discretionary,2144623
Masterbrand Inc,United States,Industrials,13399174
Mastercard Inc,United States,Industrials,3245164841
Matas A/S,Denmark,Consumer Discretionary,67231
Match Group Inc,United States,Technology,117354506
Materion Corp,United States,Basic Materials,14780351
Matrix Concepts Holdings Bhd,Malaysia,Real Estate,3612857
Matrix IT Ltd,Israel,Technology,1013951
Matson Inc,United States,Industrials,5290971
Matsuda Sangyo Co Ltd,Japan,Basic Materials,2277884
Matsui Securities Co Ltd,Japan,Financials,7735474
MatsukiyoCocokara & Co,Japan,Consumer Staples,94100063
Matsuya Co Ltd,Japan,Consumer Discretionary,2215612
Matsuyafoods Holdings Co Ltd,Japan,Consumer Discretionary,1939899
Mattel Inc,United States,Consumer Discretionary,89774573
Matterport Inc,United States,Technology,3899266
Matthews International Corp,United States,Consumer Discretionary,7459779
Max Co Ltd,Japan,Industrials,13397060
Max Financial Services Ltd,India,Financials,53861636
Max Healthcare Institute Ltd,India,Health Care,77308803
MaxLinear Inc,United States,Technology,24371347
Maxar Technologies Inc,United States,Industrials,31144479
Maxell Ltd,Japan,Consumer Discretionary,20470746
Maximus Inc,United States,Industrials,37672921
Maxis Bhd,Malaysia,Telecommunications,909100
Maxscend Microelectronics Co Ltd,China,Technology,7109568
Maxvalu Tokai Co Ltd,Japan,Consumer Staples,556676
Mayne Pharma Group Ltd,Australia,Health Care,2257720
Mayora Indah Tbk PT,Indonesia,Consumer Staples,43398509
Mayr Melnhof Karton AG,Austria,Industrials,35086610
Maytronics Ltd,Israel,Industrials,2294774
Mazda Motor Corp,Japan,Consumer Discretionary,67352964
McCormick & Co Inc/MD,United States,Consumer Staples,143798401
McDonald's Corp,United States,Consumer Discretionary,2294869311
McDonald's Holdings Co Japan Ltd,Japan,Consumer Discretionary,12303423
McGrath RentCorp,United States,Industrials,21376124
McKesson Corp,United States,Consumer Staples,621064052
McLeod Russel India Ltd,India,Consumer Staples,117097
McMillan Shakespeare Ltd,Australia,Financials,9960876
Mcnex Co Ltd,South Korea,Industrials,2066828
Mebuki Financial Group Inc,Japan,Financials,41379032
MedAdvisor Ltd,Australia,Health Care,2876046
MedPacto Inc,South Korea,Health Care,3241092
MedPeer Inc,Japan,Health Care,4021467
Medacta Group SA,Switzerland,Health Care,16253894
Medartis Holding AG,Switzerland,Health Care,8417054
Media Do Co Ltd,Japan,Consumer Discretionary,733358
Media Nusantara Citra Tbk PT,Indonesia,Consumer Discretionary,13739260
Media Prima Bhd,Malaysia,Consumer Discretionary,1244382
MediaAlpha Inc,United States,Technology,15920000
MediaTek Inc,Taiwan,Technology,450279830
Mediaset Espana Comunicacion SA,Spain,Consumer Discretionary,3515525
Medibank Pvt Ltd,Australia,Financials,75223489
Medical Data Vision Co Ltd,Japan,Health Care,2073748
Medical Properties Trust Inc,United States,Real Estate,34612392
Medicalgorithmics SA,Poland,Health Care,399995
Mediclinic International PLC,United Kingdom,Health Care,58410572
Medicover AB,Sweden,Health Care,23778027
Medifast Inc,United States,Consumer Staples,12190303
Medigen Biotechnology Corp,Taiwan,Health Care,257328
Medigen Vaccine Biologics Corp,Taiwan,Health Care,1454
Medinice SA,Poland,Health Care,413155
Mediobanca Banca di Credito Finanziario SpA,Italy,Financials,71646710
Medios AG,Germany,Health Care,7960084
Medipal Holdings Corp,Japan,Consumer Staples,44181778
Medipost Co Ltd,South Korea,Health Care,1420431
Medley Inc,Japan,Industrials,908447
Medlive Technology Co Ltd,China,Health Care,1251913
Medmix AG,Switzerland,Health Care,11432733
Medpace Holdings Inc,United States,Health Care,43977366
Medplus Health Services Ltd,India,Consumer Staples,1711687
Medtronic PLC,United States,Health Care,1037512803
Medytox Inc,South Korea,Health Care,5288034
Mega Financial Holding Co Ltd,Taiwan,Financials,163485897
Mega First Corp BHD,Malaysia,Utilities,7126883
Mega Lifesciences PCL,Thailand,Health Care,46054723
Mega Or Holdings Ltd,Israel,Industrials,927665
MegaStudyEdu Co Ltd,South Korea,Consumer Discretionary,4564047
Megacable Holdings SAB de CV,Mexico,Telecommunications,31735448
Megachips Corp,Japan,Technology,2230691
Megaport Ltd,Australia,Technology,8069983
Megawide Construction Corp,Philippines,Industrials,2917748
Megaworld Corp,Philippines,Real Estate,17944
Megmilk Snow Brand Co Ltd,Japan,Consumer Staples,4051523
Mehadrin Ltd,Israel,Consumer Staples,4919
Meidensha Corp,Japan,Industrials,4965875
Meiko Electronics Co Ltd,Japan,Technology,3288204
Meiko Network Japan Co Ltd,Japan,Consumer Discretionary,7682
Meisei Industrial Co Ltd,Japan,Industrials,2500339
Meitec Corp,Japan,Industrials,14162268
Meituan,China,Technology,1493995624
Melco Holdings Inc,Japan,Technology,1814859
Melco International Development Ltd,Hong Kong,Consumer Discretionary,2090896
Melexis NV,Belgium,Technology,45351611
Melia Hotels International SA,Spain,Consumer Discretionary,10494659
Melisron Ltd,Israel,Real Estate,37896087
Meliuz SA,Brazil,Technology,116441
Melrose Industries PLC,United Kingdom,Industrials,290185514
Menicon Co Ltd,Japan,Health Care,16188596
Menora Mivtachim Holdings Ltd,Israel,Financials,159551
MercadoLibre Inc,United States,Consumer Discretionary,153235714
Mercari Inc,Japan,Technology,2990593
Mercedes-Benz Group AG,Germany,Consumer Discretionary,250696180
Mercialys SA,France,Real Estate,14793133
Merck & Co Inc,United States,Health Care,2669321974
Merck KGaA,Germany,Health Care,587111489
Mercor SA,Poland,Industrials,886063
Mercuries & Associates Holding Ltd,Taiwan,Consumer Discretionary,6429152
Mercuries Life Insurance Co Ltd,Taiwan,Financials,6695087
Mercury General Corp,United States,Financials,1604014
Mercury NZ Ltd,New Zealand,Utilities,38056966
Mercury Systems Inc,United States,Industrials,14108267
Merida Industry Co Ltd,Taiwan,Consumer Discretionary,20134059
Meridian Bioscience Inc,United States,Health Care,13297284
Meridian Energy Ltd,New Zealand,Utilities,65075941
Merit Medical Systems Inc,United States,Health Care,37702394
Meritage Homes Corp,United States,Consumer Discretionary,36473029
Meritz Financial Group Inc,South Korea,Financials,154591
Meritz Fire & Marine Insurance Co Ltd,South Korea,Financials,65916302
Meritz Securities Co Ltd,South Korea,Financials,41465138
Merlin Properties Socimi SA,Spain,Real Estate,80237003
Merry Electronics Co Ltd,Taiwan,Consumer Discretionary,8869311
Mersen SA,France,Industrials,27666604
Merus NV,Netherlands,Health Care,1160250
Mesaieed Petrochemical Holding Co,Qatar,Basic Materials,885143
Mesoblast Ltd,Australia,Health Care,2565131
MetLife Inc,United States,Financials,432781719
Meta Platforms Inc,United States,Technology,4172579507
Metair Investments Ltd,South Africa,Consumer Discretionary,2606704
Metall Zug AG,Switzerland,Consumer Discretionary,1373217
Metcash Ltd,Australia,Consumer Staples,36672153
Methanex Corp,Canada,Basic Materials,23496030
Methode Electronics Inc,United States,Technology,14966933
Metro Bank PLC,United Kingdom,Financials,7447252
Metro Brands Ltd,India,Consumer Discretionary,9611387
Metro Inc/CN,Canada,Consumer Staples,142982749
Metro Pacific Investments Corp,Philippines,Utilities,139556
Metropole Television SA,France,Consumer Discretionary,26144296
Metropolis Healthcare Ltd,India,Health Care,3854821
Metropolitan Bank & Trust Co,Philippines,Financials,37486682
Metsa Board Oyj,Finland,Basic Materials,41142071
Metso Outotec Oyj,Finland,Industrials,149699271
Mettler-Toledo International Inc,United States,Industrials,421008994
Meyer Burger Technology AG,Switzerland,Industrials,73611833
Mezzion Pharma Co Ltd,South Korea,Health Care,1327706
MiCo Ltd,South Korea,Technology,5697482
MiX Telematics Ltd,South Africa,Technology,1785956
Micro Focus International PLC,United Kingdom,Technology,4323734
Micro-Star International Co Ltd,Taiwan,Technology,42154731
Micro-X Ltd,Australia,Health Care,1354891
MicroStrategy Inc,United States,Technology,98957
MicroTech Medical Hangzhou Co Ltd,China,Health Care,492679
MicroVision Inc,United States,Technology,3001876
Microbio Co Ltd,Taiwan,Consumer Staples,1866
Microchip Technology Inc,United States,Technology,416430409
Micron Technology Inc,United States,Technology,582206874
Micronics Japan Co Ltd,Japan,Technology,2185706
Microport Cardioflow Medtech Corp,China,Health Care,937824
Microport Scientific Corp,China,Health Care,13131176
Microsoft Corp,United States,Technology,20290146888
Microvast Holdings Inc,United States,Industrials,2295000
Mid-America Apartment Communities Inc,United States,Real Estate,538742426
Midac Holdings Co Ltd,Japan,Utilities,2025693
Middleby Corp/The,United States,Industrials,7361286
Midea Group Co Ltd,China,Consumer Discretionary,265082176
Midea Real Estate Holding Ltd,China,Real Estate,154
Mie Kotsu Group Holdings Inc,Japan,Industrials,1810319
Migdal Insurance & Financial Holdings Ltd,Israel,Financials,131716
Migros Ticaret AS,Turkey,Consumer Staples,8608670
Milbon Co Ltd,Japan,Consumer Staples,7258411
Military Commercial Joint Stock Bank,Vietnam,Financials,16734746
Milkyway Chemical Supply Chain Service Co Ltd,China,Industrials,16862431
MillerKnoll Inc,United States,Consumer Discretionary,13156273
Mimasu Semiconductor Industry Co Ltd,Japan,Technology,2377460
Mincor Resources NL,Australia,Basic Materials,5710111
Mindspace Business Parks REIT,India,Real Estate,4040977
Mineral Resources Ltd,Australia,Basic Materials,289263256
Minerals 260 Ltd,Australia,Basic Materials,163206
Minerals Technologies Inc,United States,Basic Materials,20001472
Ming Yang Smart Energy Group Ltd,China,Energy,20630474
Ming Yuan Cloud Group Holdings Ltd,China,Technology,1143175
Mingfa Group International Co Ltd,China,Real Estate,171430
Ministop Co Ltd,Japan,Consumer Staples,610639
Minkabu The Infonoid Inc,Japan,Industrials,16146947
Minor International PCL,Thailand,Consumer Discretionary,62708510
Minth Group Ltd,China,Consumer Discretionary,38573999
Miquel y Costas & Miquel SA,Spain,Basic Materials,6751464
Mirae Asset Life Insurance Co Ltd,South Korea,Financials,1579908
Mirae Asset Securities Co Ltd,South Korea,Financials,9892314
Mirai Corp,Japan,Real Estate,7426510
Mirarth Holdings Inc,Japan,Real Estate,2276729
Mirati Therapeutics Inc,United States,Health Care,21567198
Miroku Jyoho Service Co Ltd,Japan,Technology,1889806
Mirvac Group,Australia,Real Estate,94405454
Mister Car Wash Inc,United States,Consumer Discretionary,3999719
Mitac Holdings Corp,Taiwan,Technology,12734723
Mitani Sekisan Co Ltd,Japan,Industrials,3502766
Mitchells & Butlers PLC,United Kingdom,Consumer Discretionary,7835497
Mithra Pharmaceuticals SA,Belgium,Health Care,1617912
Mitie Group PLC,United Kingdom,Industrials,36724531
Mito Securities Co Ltd,Japan,Financials,141772
Mitra Adiperkasa Tbk PT,Indonesia,Consumer Discretionary,32010226
Mitra Keluarga Karyasehat Tbk PT,Indonesia,Health Care,53453956
Mitra Pinasthika Mustika Tbk PT,Indonesia,Consumer Discretionary,1295006
Mitre Realty Empreendimentos E Participacoes LTDA,Brazil,Real Estate,171883
Mitsuba Corp,Japan,Consumer Discretionary,339123
Mitsubishi Chemical Group Corp,Japan,Basic Materials,40431598
Mitsubishi Corp,Japan,Industrials,615896276
Mitsubishi Electric Corp,Japan,Industrials,312812313
Mitsubishi Estate Co Ltd,Japan,Real Estate,239862722
Mitsubishi Estate Logistics REIT Investment Corp,Japan,Real Estate,20030968
Mitsubishi Gas Chemical Co Inc,Japan,Basic Materials,67259536
Mitsubishi HC Capital Inc,Japan,Financials,52938457
Mitsubishi Heavy Industries Ltd,Japan,Industrials,188268908
Mitsubishi Logisnext Co Ltd,Japan,Industrials,11027614
Mitsubishi Logistics Corp,Japan,Industrials,21980975
Mitsubishi Materials Corp,Japan,Industrials,33503052
Mitsubishi Motors Corp,Japan,Consumer Discretionary,14380791
Mitsubishi Paper Mills Ltd,Japan,Basic Materials,86
Mitsubishi Pencil Co Ltd,Japan,Consumer Staples,4655940
Mitsubishi Research Institute Inc,Japan,Technology,4210829
Mitsubishi Shokuhin Co Ltd,Japan,Consumer Staples,2848211
Mitsubishi Steel Manufacturing Co Ltd,Japan,Basic Materials,579
Mitsubishi UFJ Financial Group Inc,Japan,Financials,1439632619
Mitsuboshi Belting Ltd,Japan,Industrials,4709644
Mitsui & Co Ltd,Japan,Industrials,759315650
Mitsui Chemicals Inc,Japan,Basic Materials,64998629
Mitsui DM Sugar Holdings Co Ltd,Japan,Consumer Staples,2137585
Mitsui E&S Holdings Co Ltd,Japan,Industrials,1888388
Mitsui Fudosan Co Ltd,Japan,Real Estate,287027690
Mitsui Fudosan Logistics Park Inc,Japan,Real Estate,40756226
Mitsui High-Tec Inc,Japan,Technology,16632234
Mitsui Matsushima Holdings Co Ltd,Japan,Energy,248
Mitsui Mining & Smelting Co Ltd,Japan,Basic Materials,19698478
Mitsui OSK Lines Ltd,Japan,Industrials,113071156
Mitsui-Soko Holdings Co Ltd,Japan,Industrials,7078536
Mitsuuroko Group Holdings Co Ltd,Japan,Utilities,2626253
Miura Co Ltd,Japan,Industrials,51567038
Miyazaki Bank Ltd/The,Japan,Financials,3333548
Mizrahi Tefahot Bank Ltd,Israel,Financials,52148349
Mizuho Financial Group Inc,Japan,Financials,536925432
Mizuho Leasing Co Ltd,Japan,Financials,9599705
Mizuno Corp,Japan,Consumer Discretionary,3592334
Mobile TeleSystems PJSC,Russia,Telecommunications,262227
Mobile Telecommunications Co KSCP,Kuwait,Telecommunications,38812790
Mobile World Investment Corp,Vietnam,Consumer Discretionary,34708757
Mobileye Global Inc,United States,Technology,423063831
Mobimo Holding AG,Switzerland,Real Estate,47303818
Mobvista Inc,China,Technology,1055964
Mochida Pharmaceutical Co Ltd,Japan,Health Care,6181105
Modec Inc,Japan,Energy,2585782
Modern Times Group MTG AB,Sweden,Consumer Discretionary,23460266
Moderna Inc,United States,Health Care,614108745
Modetour Network Inc,South Korea,Consumer Discretionary,1451198
Modine Manufacturing Co,United States,Industrials,1533212
Moelis & Co,United States,Financials,20493801
Mohawk Industries Inc,United States,Industrials,48175468
Molecure SA,Poland,Health Care,1351359
Molina Healthcare Inc,United States,Health Care,210354103
Molson Coors Beverage Co,United States,Consumer Staples,80967647
Molson Coors Canada Inc,Canada,Consumer Staples,1429603
Molten Ventures PLC,United Kingdom,Financials,965379
Momentive Global Inc,United States,Technology,18833437
Momentum Metropolitan Holdings,South Africa,Financials,69904774
Monadelphous Group Ltd,Australia,Industrials,7373604
Monarch Casino & Resort Inc,United States,Consumer Discretionary,2414346
Monash IVF Group Ltd,Australia,Health Care,1435324
Moncler SpA,Italy,Consumer Discretionary,247179544
Monday.com Ltd,United States,Technology,4906230
Monde Nissin Corp,Philippines,Consumer Staples,1667284
Mondelez International Inc,United States,Consumer Staples,959530657
Mondi PLC,United Kingdom,Industrials,306427353
Moneta Money Bank AS,Czech Republic,Financials,6041483
Monex Group Inc,Japan,Financials,8472105
Money Forward Inc,Japan,Technology,26194181
MoneyGram International Inc,United States,Financials,1726065
MoneyMe Ltd,Australia,Financials,1406390
Moneysupermarket.com Group PLC,United Kingdom,Technology,23761675
MongoDB Inc,United States,Technology,159019753
Monogatari Corp/The,Japan,Consumer Discretionary,6478291
Monolithic Power Systems Inc,United States,Technology,148418957
MonotaRO Co Ltd,Japan,Consumer Discretionary,50406691
Monro Inc,United States,Consumer Discretionary,12790108
Monster Beverage Corp,United States,Consumer Staples,354248221
Montage Technology Co Ltd,China,Technology,3890156
Montana Aerospace AG,Switzerland,Industrials,5838280
Montea NV,Belgium,Real Estate,24617591
Moody's Corp,United States,Financials,422393492
Moog Inc,United States,Industrials,33216107
Moonpig Group PLC,United Kingdom,Consumer Discretionary,12480949
Morgan Advanced Materials PLC,United Kingdom,Industrials,17096239
Morgan Sindall Group PLC,United Kingdom,Industrials,11322460
Morgan Stanley,United States,Financials,931525796
Morguard Real Estate Investment Trust,Canada,Real Estate,151926
Mori Hills REIT Investment Corp,Japan,Real Estate,39364019
Mori Trust Hotel Reit Inc,Japan,Real Estate,2971541
Mori Trust Sogo Reit Inc,Japan,Real Estate,14463436
Morinaga & Co Ltd/Japan,Japan,Consumer Staples,16809930
Morinaga Milk Industry Co Ltd,Japan,Consumer Staples,24659277
Moriroku Holdings Co Ltd,Japan,Industrials,1207114
Morita Holdings Corp,Japan,Industrials,3201120
Morningstar Inc,United States,Financials,53622486
Morphic Holding Inc,United States,Health Care,1123500
MorphoSys AG,Germany,Health Care,17575736
Mosaic Co/The,United States,Basic Materials,150021098
Mosenergo PJSC,Russia,Utilities,390740
Moshi Moshi Retail Corp plc,Thailand,Consumer Discretionary,270359
Mota-Engil SGPS SA,Portugal,Industrials,326393
Motech Industries Inc,Taiwan,Energy,109353
Motherson Sumi Wiring India Ltd,India,Consumer Discretionary,17559380
Motilal Oswal Financial Services Ltd,India,Financials,3116799
Motor Oil Hellas Corinth Refineries SA,Greece,Energy,46109042
Motorola Solutions Inc,United States,Telecommunications,460887791
Motus Holdings Ltd,South Africa,Consumer Discretionary,31804384
Mount Gibson Iron Ltd,Australia,Basic Materials,3003698
Mphasis Ltd,India,Technology,23700952
Mr Cooper Group Inc,United States,Financials,23949704
Mr Price Group Ltd,South Africa,Consumer Discretionary,75628584
Muangthai Capital PCL,Thailand,Financials,47022188
Mueller Industries Inc,United States,Basic Materials,39196650
Mueller Water Products Inc,United States,Industrials,17097242
Muenchener Rueckversicherungs-Gesellschaft AG in Muenchen,Germany,Financials,967868687
Muhak Co Ltd,South Korea,Consumer Staples,32537
Muhibbah Engineering M Bhd,Malaysia,Industrials,335466
Mulberry Group PLC,United Kingdom,Consumer Discretionary,3
Mullen Group Ltd,Canada,Industrials,8348712
Multi Bintang Indonesia Tbk PT,Indonesia,Consumer Staples,11506897
Multi Commodity Exchange of India Ltd,India,Financials,16877038
MultiChoice Group,South Africa,Telecommunications,5107109
Multilaser Industrial SA,Brazil,Consumer Discretionary,305317
Multiplan Corp,United States,Health Care,3452558
Multiplan Empreendimentos Imobiliarios SA,Brazil,Real Estate,77069463
Munters Group AB,Sweden,Industrials,26135030
Murata Manufacturing Co Ltd,Japan,Technology,381300398
Murphy USA Inc,United States,Consumer Discretionary,51918405
Murray & Roberts Holdings Ltd,South Africa,Industrials,1282507
Musashi Seimitsu Industry Co Ltd,Japan,Consumer Discretionary,27521086
Musashino Bank Ltd/The,Japan,Financials,5194571
Musti Group Oyj,Finland,Consumer Discretionary,1031506
Muthoot Finance Ltd,India,Financials,28557446
Muyuan Foods Co Ltd,China,Consumer Staples,71159163
My EG Services Bhd,Malaysia,Technology,15460038
My Food Bag Group Ltd,New Zealand,Consumer Staples,1190721
MyState Ltd,Australia,Financials,3007647
Mycronic AB,Sweden,Technology,29336758
Myer Holdings Ltd,Australia,Consumer Discretionary,3793671
Myers Industries Inc,United States,Industrials,4603833
Mynews Holdings Bhd,Malaysia,Consumer Discretionary,2102455
Myoung Shin Industrial Co Ltd,South Korea,Consumer Discretionary,2815573
Myovant Sciences Ltd,United States,Health Care,10131056
Mytilineos SA,Greece,Industrials,36201186
N Brown Group PLC,United Kingdom,Consumer Discretionary,3858334
N-able Inc,United States,Technology,3397581
NARI Technology Co Ltd,China,Industrials,35933077
NAURA Technology Group Co Ltd,China,Technology,10337834
NAVER Corp,South Korea,Technology,343281447
NBCC India Ltd,India,Industrials,3517467
NBT Bancorp Inc,United States,Financials,14842476
NCC AB,Sweden,Industrials,22395289
NCC Group PLC,United Kingdom,Technology,12562967
NCC Ltd/India,India,Industrials,4396061
NCR Corp,United States,Technology,30112704
NCSoft Corp,South Korea,Consumer Discretionary,96092356
NEC Capital Solutions Ltd,Japan,Technology,606660
NEC Corp,Japan,Technology,148140432
NEC Networks & System Integration Corp,Japan,Telecommunications,37058614
NEPES Corp,South Korea,Technology,1588849
NEPI Rockcastle NV,South Africa,Real Estate,16081337
NET Insurance SpA,Italy,Financials,1905604
NET One Systems Co Ltd,Japan,Technology,35320514
NETGEAR Inc,United States,Telecommunications,2495558
NETLINK NBN TRUST,Singapore,Telecommunications,29235283
NETSTREIT Corp,United States,Real Estate,2897973
NEXTDC Ltd,Australia,Technology,33608621
NEXTIN Inc,South Korea,Technology,3321204
NFI Group Inc,Canada,Industrials,4769773
NForce Secure PCL,Thailand,Technology,814540
NGK Insulators Ltd,Japan,Industrials,53632009
NGK Spark Plug Co Ltd,Japan,Consumer Discretionary,55592677
NH Foods Ltd,Japan,Consumer Staples,44351065
NH Hotel Group SA,Spain,Consumer Discretionary,843602
NH Investment & Securities Co Ltd,South Korea,Financials,7819406
NHK Spring Co Ltd,Japan,Consumer Discretionary,12432568
NHN Corp,South Korea,Consumer Discretionary,6388853
NHN KCP Corp,South Korea,Industrials,6765553
NICE Holdings Co Ltd,South Korea,Industrials,1692394
NICE Information Service Co Ltd,South Korea,Industrials,2967373
NIIT Ltd,India,Industrials,2864821
NIKE Inc,United States,Consumer Discretionary,1310931715
NIO Inc,China,Consumer Discretionary,165870325
NIPPON EXPRESS HOLDINGS INC,Japan,Industrials,63045649
NIPPON REIT Investment Corp,Japan,Real Estate,8580507
NKMax Co Ltd,South Korea,Health Care,2855884
NKT A/S,Denmark,Industrials,63089500
NMC Health PLC,United Kingdom,Health Care,9505
NMI Holdings Inc,United States,Financials,18362176
NN Group NV,Netherlands,Financials,456800068
NOF Corp,Japan,Basic Materials,50628218
NOK Corp,Japan,Consumer Discretionary,13241826
NOS SGPS SA,Portugal,Telecommunications,21324435
NOV Inc,United States,Energy,5666266
NOVAREX Co Ltd,South Korea,Health Care,575078
NOW Inc,United States,Energy,11791302
NP3 Fastigheter AB,Sweden,Real Estate,10928137
NRW Holdings Ltd,Australia,Industrials,21034454
NS Solutions Corp,Japan,Technology,12660597
NS United Kaiun Kaisha Ltd,Japan,Industrials,2572663
NSD Co Ltd,Japan,Technology,10426271
NSI NV,Netherlands,Real Estate,10606309
NSK Ltd,Japan,Consumer Discretionary,31150302
NSL Foods PCL,Thailand,Consumer Staples,2598331
NTG Nordic Transport Group A/S,Denmark,Industrials,7307506
NTN Corp,Japan,Basic Materials,6640461
NTT Data Corp,Japan,Technology,79160975
NTT UD REIT Investment Corp,Japan,Real Estate,10334051
NU Holdings Ltd/Cayman Islands,Brazil,Industrials,1729750
NVIDIA Corp,United States,Technology,3867645372
NVR Inc,United States,Consumer Discretionary,135047117
NWS Holdings Ltd,Hong Kong,Industrials,14285098
NX Filtration NV,Netherlands,Industrials,1540525
NXP Semiconductors NV,United States,Technology,316800529
Nabtesco Corp,Japan,Industrials,37166516
Nachi-Fujikoshi Corp,Japan,Industrials,4441824
NagaCorp Ltd,Hong Kong,Consumer Discretionary,21706170
Nagaileben Co Ltd,Japan,Health Care,3315952
Nagarro SE,Germany,Technology,45877417
Nagase & Co Ltd,Japan,Basic Materials,23059075
Nagatanien Holdings Co Ltd,Japan,Consumer Staples,893422
Nagawa Co Ltd,Japan,Consumer Discretionary,4854296
Nagoya Railroad Co Ltd,Japan,Industrials,56791717
Nakanishi Inc,Japan,Health Care,26404280
Nakayama Steel Works Ltd,Japan,Basic Materials,4111236
Nam Long Investment Corp,Vietnam,Real Estate,12652753
Namchow Holdings Co Ltd,Taiwan,Consumer Staples,6670560
Namsun Aluminum Co Ltd,South Korea,Basic Materials,418501
Namura Shipbuilding Co Ltd,Japan,Industrials,24195
Namyang Dairy Products Co Ltd,South Korea,Consumer Staples,1310961
Nan Kang Rubber Tire Co Ltd,Taiwan,Consumer Discretionary,10752772
Nan Liu Enterprise Co Ltd,Taiwan,Consumer Staples,1871946
Nan Pao Resins Chemical Co Ltd,Taiwan,Basic Materials,354830
Nan Ya Plastics Corp,Taiwan,Basic Materials,206054716
Nan Ya Printed Circuit Board Corp,Taiwan,Technology,24691910
Nanjing King-Friend Biochemical Pharmaceutical Co Ltd,China,Health Care,5219654
Nanjing Sample Technology Co Ltd,China,Industrials,2210184
Nankai Electric Railway Co Ltd,Japan,Industrials,34126112
NanoString Technologies Inc,United States,Health Care,3124822
Nanobiotix SA,France,Health Care,986585
Nanofilm Technologies International Ltd,Singapore,Basic Materials,3610145
Nanoform Finland Plc,Finland,Health Care,6286087
Nanosonics Ltd,Australia,Health Care,9188051
Nantex Industry Co Ltd,Taiwan,Basic Materials,5361826
Nanto Bank Ltd/The,Japan,Financials,6126570
Nanya Technology Corp,Taiwan,Technology,32685843
Napco Security Technologies Inc,United States,Industrials,7431746
Narayana Hrudayalaya Ltd,India,Health Care,4136377
Nasdaq Inc,United States,Financials,230032070
Nasmedia Co Ltd,South Korea,Consumer Discretionary,2899762
Naspers Ltd,South Africa,Technology,446416690
NatWest Group PLC,United Kingdom,Financials,1074422237
Natco Pharma Ltd,India,Health Care,5213773
Natera Inc,United States,Health Care,111689793
Nation Media Group PLC,Kenya,Consumer Discretionary,32067
National Agricultural Holdings Ltd,China,Financials,8218
National Aluminium Co Ltd,India,Basic Materials,9408480
National Australia Bank Ltd,Australia,Financials,927223441
National Bank of Canada,Canada,Financials,249955185
National Bank of Greece SA,Greece,Financials,39509979
National Bank of Kuwait SAKP,Kuwait,Financials,267223291
National Beverage Corp,United States,Consumer Staples,8560124
National Central Cooling Co PJSC,United Arab Emirates,Industrials,14012699
National CineMedia Inc,United States,Consumer Discretionary,0
National Express Group PLC,United Kingdom,Consumer Discretionary,16887623
National Fuel Gas Co,United States,Utilities,53631368
National Grid PLC,United Kingdom,Utilities,948757182
National Health Investors Inc,United States,Real Estate,21036723
National Instruments Corp,United States,Technology,38110541
National Presto Industries Inc,United States,Industrials,1478736
National Retail Properties Inc,United States,Real Estate,90553274
National Storage Affiliates Trust,United States,Real Estate,33132226
National Storage REIT,Australia,Real Estate,22909926
National Vision Holdings Inc,United States,Consumer Discretionary,20614467
Natura & Co Holding SA,Brazil,Consumer Discretionary,11492025
Naturalendo Tech Co Ltd,South Korea,Health Care,12866
Nature Holdings Co Ltd/The,South Korea,Consumer Discretionary,9913544
Naturecell Co Ltd,South Korea,Consumer Staples,3706624
Naturgy Energy Group SA,Spain,Utilities,6289368
Navigator Global Investments Ltd,Australia,Financials,6818477
Navin Fluorine International Ltd,India,Basic Materials,11433004
Nayax Ltd,Israel,Industrials,8365600
Nayuki Holdings Ltd,China,Consumer Discretionary,12500073
Nedbank Group Ltd,South Africa,Financials,45351416
Neinor Homes SA,Spain,Real Estate,7088243
Nektar Therapeutics,United States,Health Care,3834883
Nelnet Inc,United States,Financials,1194815
Nemak SAB de CV,Mexico,Consumer Discretionary,35669432
Nemetschek SE,Germany,Technology,33901372
NeoGenomics Inc,United States,Health Care,13090437
Neobo Fastigheter AB,Sweden,Real Estate,226072
Neoen SA,France,Utilities,166063596
Neoenergia SA,Brazil,Utilities,46190755
Neogen Corp,United States,Health Care,280246012
Neometals Ltd,Australia,Basic Materials,679069
Neowiz,South Korea,Consumer Discretionary,3068296
Nera Telecommunications Ltd,Singapore,Telecommunications,188524
Neste Oyj,Finland,Energy,476409379
Nestle India Ltd,India,Consumer Staples,71746634
Nestle Lanka PLC,Sri Lanka,Consumer Staples,233192
Nestle Malaysia Bhd,Malaysia,Consumer Staples,2370942
Nestle Nigeria PLC,Nigeria,Consumer Staples,2411286
Nestle SA,Switzerland,Consumer Staples,8948205415
Net Protections Holdings Inc,Japan,Industrials,1461559
NetApp Inc,United States,Technology,135267492
NetDragon Websoft Holdings Ltd,China,Consumer Discretionary,5432809
NetEase Inc,China,Consumer Discretionary,416478788
NetScout Systems Inc,United States,Technology,20591801
Netbay PCL,Thailand,Technology,3115129
Netcare Ltd,South Africa,Health Care,32091874
Netcompany Group A/S,Denmark,Technology,7336369
Netflix Inc,United States,Consumer Discretionary,1473933205
Netjoy Holdings Ltd,China,Technology,2122531
Netmarble Corp,South Korea,Consumer Discretionary,19184031
Neto Malinda Trading Ltd,Israel,Consumer Staples,5403072
Neturen Co Ltd,Japan,Basic Materials,1547942
Netwealth Group Ltd,Australia,Financials,9336316
Network International Holdings PLC,United Kingdom,Industrials,84605549
Network18 Media & Investments Ltd,India,Consumer Discretionary,15603925
Neuca SA,Poland,Health Care,8522132
Neuren Pharmaceuticals Ltd,Australia,Health Care,2338311
Neurocrine Biosciences Inc,United States,Health Care,110901832
Neurones,France,Technology,2391643
Nevro Corp,United States,Health Care,50205355
New Century Resources Ltd,Australia,Basic Materials,582310
New China Life Insurance Co Ltd,China,Financials,21443528
New Fortress Energy Inc,United States,Energy,39411616
New Hope Liuhe Co Ltd,China,Consumer Staples,7781248
New Horizon Health Ltd,China,Health Care,4599030
New India Assurance Co Ltd/The,India,Financials,2827315
New Jersey Resources Corp,United States,Utilities,39225503
New Oriental Education & Technology Group Inc,China,Consumer Discretionary,181988056
New Relic Inc,United States,Technology,28552128
New Work SE,Germany,Technology,16839153
New World Development Co Ltd,Hong Kong,Real Estate,40002762
New York Community Bancorp Inc,United States,Financials,49053832
New York Times Co/The,United States,Consumer Discretionary,51766429
New Zealand Rural Land Co Ltd,New Zealand,Real Estate,1567286
NewMarket Corp,United States,Basic Materials,16952695
Newborn Town Inc,China,Technology,7306271
Newcrest Mining Ltd,Australia,Basic Materials,197285556
Newell Brands Inc,United States,Consumer Discretionary,41300584
Newland Digital Technology Co Ltd,China,Technology,1383953
Newlat Food SpA,Italy,Consumer Staples,1736113
Newmark Group Inc,United States,Real Estate,10547514
Newmark Property REIT,Australia,Real Estate,969808
Newmax Technology Co Ltd,Taiwan,Industrials,1072844
Newmont Corp,United States,Basic Materials,323871257
News Corp,United States,Consumer Discretionary,107051218
NexPoint Residential Trust Inc,United States,Real Estate,2506752
NexTier Oilfield Solutions Inc,United States,Energy,9
NexTone Inc,Japan,Consumer Discretionary,9506098
Nexa Resources SA,United States,Basic Materials,75291
Nexans SA,France,Industrials,70030076
Nexen Tire Corp,South Korea,Consumer Discretionary,1446057
Nexi SpA,Italy,Industrials,204580350
Nexity SA,France,Real Estate,28971456
Nexon Co Ltd,Japan,Consumer Discretionary,102858259
Nexon Games Co Ltd,South Korea,Consumer Discretionary,3041637
Nexstar Media Group Inc,United States,Consumer Discretionary,64347329
Next PLC,United Kingdom,Consumer Discretionary,159697348
NextCure Inc,United States,Health Care,73179
NextEra Energy Inc,United States,Utilities,2749780981
NextGen Healthcare Inc,United States,Health Care,1494757
Nextage Co Ltd,Japan,Consumer Discretionary,4706734
Nexteer Automotive Group Ltd,Hong Kong,Consumer Discretionary,8757437
Nexus AG,Germany,Technology,4558748
Ngern Tid Lor PCL,Thailand,Financials,27869611
NiSource Inc,United States,Utilities,17842825
Nibe Industrier AB,Sweden,Industrials,277427537
Nice Information & Telecommunication Inc,South Korea,Technology,6094993
Nice Ltd,Israel,Telecommunications,125830736
Nichi-iko Pharmaceutical Co Ltd,Japan,Health Care,270177
Nichias Corp,Japan,Industrials,8564835
Nichiban Co Ltd,Japan,Basic Materials,921434
Nichicon Corp,Japan,Technology,13162694
Nichiden Corp,Japan,Industrials,2231711
Nichidenbo Corp,Taiwan,Technology,4375989
Nichiha Corp,Japan,Industrials,20342531
Nichirei Corp,Japan,Consumer Staples,47976270
Nichireki Co Ltd,Japan,Industrials,1835853
Nick Scali Ltd,Australia,Consumer Discretionary,7518928
Nickel Asia Corp,Philippines,Basic Materials,37053396
Nickel Industries Ltd,Australia,Basic Materials,19391928
Nidec Chaun-Choung Technology Corp,Taiwan,Technology,3608075
Nidec Corp,Japan,Industrials,264126242
Nien Made Enterprise Co Ltd,Taiwan,Consumer Discretionary,29255414
Nifco Inc/Japan,Japan,Consumer Discretionary,45652903
Nightingale Health Oyj,Finland,Health Care,1112518
Nihon Chouzai Co Ltd,Japan,Consumer Staples,1328020
Nihon Kohden Corp,Japan,Health Care,50626444
Nihon M&A Center Holdings Inc,Japan,Financials,49383611
Nihon Nohyaku Co Ltd,Japan,Basic Materials,1812949
Nihon Parkerizing Co Ltd,Japan,Industrials,6056888
Nihon Tokushu Toryo Co Ltd,Japan,Industrials,561822
Nihon Trim Co Ltd,Japan,Consumer Discretionary,817686
Nihon Yamamura Glass Co Ltd,Japan,Industrials,54414
Nikkiso Co Ltd,Japan,Industrials,3133725
Nikkon Holdings Co Ltd,Japan,Industrials,7493886
Nikola Corp,United States,Industrials,72535761
Nikon Corp,Japan,Consumer Discretionary,49271109
Nilfisk Holding A/S,Denmark,Industrials,14680619
Nine Entertainment Co Holdings Ltd,Australia,Consumer Discretionary,25049042
Ninestar Corp,China,Technology,8956913
Ninety One Ltd,South Africa,Financials,6030171
Ninety One PLC,United Kingdom,Financials,24089734
Ningbo Deye Technology Co Ltd,China,Industrials,48543476
Ningbo Orient Wires & Cables Co Ltd,China,Industrials,10834124
Ningxia Baofeng Energy Group Co Ltd,China,Energy,19402145
Nintendo Co Ltd,Japan,Consumer Discretionary,801365867
Nippn Corp,Japan,Consumer Staples,5582736
Nippon Accommodations Fund Inc,Japan,Real Estate,34536142
Nippon Aqua Co Ltd,Japan,Industrials,5647181
Nippon Beet Sugar Manufacturing Co Ltd,Japan,Consumer Staples,1813335
Nippon Building Fund Inc,Japan,Real Estate,81249131
Nippon Carbon Co Ltd,Japan,Basic Materials,1845235
Nippon Ceramic Co Ltd,Japan,Industrials,2236424
Nippon Chemi-Con Corp,Japan,Industrials,2579550
Nippon Chemiphar Co Ltd,Japan,Health Care,101722
Nippon Denko Co Ltd,Japan,Basic Materials,1039273
Nippon Densetsu Kogyo Co Ltd,Japan,Industrials,3746955
Nippon Electric Glass Co Ltd,Japan,Industrials,12971774
Nippon Fine Chemical Co Ltd,Japan,Basic Materials,51953
Nippon Gas Co Ltd,Japan,Utilities,24309594
Nippon Indosari Corpindo Tbk PT,Indonesia,Consumer Staples,5500632
Nippon Kanzai Co Ltd,Japan,Real Estate,3182953
Nippon Kayaku Co Ltd,Japan,Basic Materials,21528414
Nippon Koei Co Ltd,Japan,Industrials,13601842
Nippon Life India Asset Management Ltd,India,Financials,3378683
Nippon Light Metal Holdings Co Ltd,Japan,Basic Materials,6170453
Nippon Paint Holdings Co Ltd,Japan,Industrials,230350340
Nippon Paper Industries Co Ltd,Japan,Basic Materials,4992108
Nippon Parking Development Co Ltd,Japan,Industrials,7114412
Nippon Pillar Packing Co Ltd,Japan,Industrials,4266404
Nippon Prologis REIT Inc,Japan,Real Estate,80535701
Nippon Rietec Co Ltd,Japan,Industrials,522603
Nippon Road Co Ltd/The,Japan,Industrials,1875448
Nippon Sanso Holdings Corp,Japan,Basic Materials,33154926
Nippon Seiki Co Ltd,Japan,Consumer Discretionary,2450072
Nippon Sharyo Ltd,Japan,Industrials,1094539
Nippon Sheet Glass Co Ltd,Japan,Industrials,1917078
Nippon Shinyaku Co Ltd,Japan,Health Care,53928113
Nippon Shokubai Co Ltd,Japan,Basic Materials,19589723
Nippon Signal Company Ltd,Japan,Industrials,16743887
Nippon Soda Co Ltd,Japan,Basic Materials,7821805
Nippon Steel Corp,Japan,Basic Materials,99330729
Nippon Steel Trading Corp,Japan,Basic Materials,7576737
Nippon Telegraph & Telephone Corp,Japan,Telecommunications,584832661
Nippon Television Holdings Inc,Japan,Consumer Discretionary,3784353
Nippon Thompson Co Ltd,Japan,Industrials,2223636
Nippon Yakin Kogyo Co Ltd,Japan,Basic Materials,1361124
Nippon Yusen KK,Japan,Industrials,153366531
Nipro Corp,Japan,Health Care,12844264
Nirvana Daii PCL,Thailand,Consumer Discretionary,1568718
Nishi-Nippon Financial Holdings Inc,Japan,Financials,11216766
Nishi-Nippon Railroad Co Ltd,Japan,Industrials,20263156
Nishimatsu Construction Co Ltd,Japan,Industrials,13069979
Nishimatsuya Chain Co Ltd,Japan,Consumer Discretionary,3913643
Nishimoto Co Ltd,Japan,Consumer Staples,11192482
Nishio Rent All Co Ltd,Japan,Industrials,3593187
Nissan Chemical Corp,Japan,Basic Materials,96241112
Nissan Motor Co Ltd,Japan,Consumer Discretionary,83787140
Nissan Shatai Co Ltd,Japan,Consumer Discretionary,1213631
Nissan Tokyo Sales Holdings Co Ltd,Japan,Consumer Discretionary,1059
Nissei ASB Machine Co Ltd,Japan,Industrials,20667506
Nissha Co Ltd,Japan,Industrials,8543560
Nisshin Oillio Group Ltd/The,Japan,Consumer Staples,6891417
Nisshin Seifun Group Inc,Japan,Consumer Staples,51571573
Nisshinbo Holdings Inc,Japan,Industrials,8986910
Nissin Corp,Japan,Industrials,1704190
Nissin Electric Co Ltd,Japan,Industrials,4761386
Nissin Foods Co Ltd,Hong Kong,Consumer Staples,4577172
Nissin Foods Holdings Co Ltd,Japan,Consumer Staples,90706087
Nissin Sugar Co Ltd,Japan,Consumer Staples,221676
Nisso Corp,Japan,Industrials,402319
Nissui Corp,Japan,Consumer Staples,9902347
Nitori Holdings Co Ltd,Japan,Consumer Discretionary,161511559
Nitta Corp,Japan,Basic Materials,3764031
Nittetsu Mining Co Ltd,Japan,Basic Materials,2695272
Nitto Boseki Co Ltd,Japan,Industrials,3477390
Nitto Denko Corp,Japan,Basic Materials,53137542
Nitto Kogyo Corp,Japan,Industrials,4028297
Nitto Kohki Co Ltd,Japan,Industrials,1131158
Nittoku Co Ltd,Japan,Industrials,8832747
Niu Technologies,China,Consumer Discretionary,1566594
Noah Holdings Ltd,China,Financials,2040497
Nobia AB,Sweden,Consumer Discretionary,5340479
Noevir Holdings Co Ltd,Japan,Consumer Discretionary,10224488
Nohmi Bosai Ltd,Japan,Industrials,2959544
Nojima Corp,Japan,Consumer Discretionary,24263706
Nokia Oyj,Finland,Telecommunications,882405839
Nokian Renkaat Oyj,Finland,Consumer Discretionary,66631245
Nolato AB,Sweden,Industrials,23725836
Nomad Foods Ltd,United States,Consumer Staples,22913270
Nomura Co Ltd,Japan,Industrials,5353254
Nomura Holdings Inc,Japan,Financials,132446275
Nomura Real Estate Holdings Inc,Japan,Real Estate,38567361
Nomura Real Estate Master Fund Inc,Japan,Real Estate,87739206
Nomura Research Institute Ltd,Japan,Technology,175827777
NongShim Co Ltd,South Korea,Consumer Staples,8562917
Nongfu Spring Co Ltd,China,Consumer Staples,82868979
Nordea Bank Abp,Finland,Financials,1714357761
Nordex SE,Germany,Energy,17618458
Nordic Paper Holding AB,Sweden,Basic Materials,6155394
Nordic Waterproofing Holding AB,Sweden,Industrials,1068800
Nordnet AB publ,Sweden,Financials,185405571
Nordson Corp,United States,Industrials,176078253
Nordstrom Inc,United States,Consumer Discretionary,15103586
Norfolk Southern Corp,United States,Industrials,523410865
Noritake Co Ltd/Nagoya Japan,Japan,Industrials,3854106
Noritsu Koki Co Ltd,Japan,Industrials,16047773
Noritz Corp,Japan,Industrials,2955470
Norma Group SE,Germany,Industrials,28543814
Norte Grande SA,Chile,Financials,15488005
North Pacific Bank Ltd,Japan,Financials,6829312
North West Co Inc/The,Canada,Consumer Discretionary,12420111
NorthWest Healthcare Properties Real Estate Investment Trust,Canada,Real Estate,4541434
NorthWestern Corp,United States,Utilities,35293236
Northam Platinum Holdings Ltd,South Africa,Basic Materials,129987934
Northern Star Resources Ltd,Australia,Basic Materials,105587054
Northern Trust Corp,United States,Financials,130542218
Northland Power Inc,Canada,Utilities,190920736
Northwest Bancshares Inc,United States,Financials,15874905
Northwest Natural Holding Co,United States,Utilities,15540943
Norwegian Cruise Line Holdings Ltd,United States,Consumer Discretionary,46140602
Noumi Ltd,Australia,Consumer Staples,107267
Nova Ljubljanska Banka dd,Slovenia,Financials,14269741
Nova Ltd,Israel,Technology,15711197
Novagold Resources Inc,Canada,Basic Materials,12487442
Novanta Inc,United States,Technology,46718492
Novartis AG,Switzerland,Health Care,4895365499
Novatek Microelectronics Corp,Taiwan,Technology,114078397
Novatek PJSC,Russia,Energy,12005644
Novavax Inc,United States,Health Care,8016354
Novem Group SA,Germany,Consumer Discretionary,3755653
Novo Nordisk A/S,Denmark,Health Care,5792843725
Novocure Ltd,United States,Health Care,69604969
Novolipetsk Steel PJSC,Russia,Basic Materials,2578500
Novonix Ltd,Australia,Industrials,2647149
Novozymes A/S,Denmark,Health Care,240909169
Nu Skin Enterprises Inc,United States,Consumer Staples,12916559
NuVasive Inc,United States,Health Care,32896529
Nucor Corp,United States,Basic Materials,103643653
Nufarm Ltd/Australia,Australia,Basic Materials,22225199
Nuix Ltd,Australia,Technology,893653
Nutanix Inc,United States,Technology,62420671
Nutrien Ltd,Canada,Basic Materials,399754635
Nuvei Corp,Canada,Industrials,2177179
Nuvoton Technology Corp,Taiwan,Technology,13106831
Nyfosa AB,Sweden,Real Estate,36213260
O'Reilly Automotive Inc,United States,Consumer Discretionary,558672741
O-Bank Co Ltd,Taiwan,Financials,4716449
O-I Glass Inc,United States,Industrials,26557551
OBI Pharma Inc,Taiwan,Health Care,4923559
OBIC Business Consultants Co Ltd,Japan,Technology,12730870
OC Oerlikon Corp AG,Switzerland,Industrials,30399788
OCI International Holdings Ltd,Hong Kong,Health Care,1038
OCI NV,Netherlands,Basic Materials,124002897
ODP Corp/The,United States,Consumer Discretionary,28647347
OFX Group Ltd,Australia,Industrials,8311842
OGE Energy Corp,United States,Utilities,31301847
OKUMA Corp,Japan,Industrials,15436070
OMV AG,Austria,Energy,96868729
OMV Petrom SA,Romania,Energy,34224448
ON Semiconductor Corp,United States,Technology,303644540
ON24 Inc,United States,Technology,1862354
ONE Gas Inc,United States,Utilities,33464151
ONEOK Inc,United States,Energy,132580957
OPAP SA,Greece,Consumer Discretionary,34522709
OPC Energy Ltd,Israel,Utilities,16816228
OPKO Health Inc,United States,Health Care,4041731
OR PJSC,Russia,Consumer Discretionary,38566
ORIX Corp,Japan,Financials,307834531
OSAKA Titanium Technologies Co Ltd,Japan,Basic Materials,13129865
OSB Group PLC,United Kingdom,Financials,100347990
OSG Corp,Japan,Industrials,15169875
OSI Systems Inc,United States,Industrials,14044266
OSRAM Licht AG,Germany,Industrials,110518096
OTP Bank Nyrt,Hungary,Financials,76668106
OUE Commercial Real Estate Investment Trust,Singapore,Real Estate,7164412
OUE Ltd,Singapore,Consumer Discretionary,2201946
OUTsurance Group Ltd,South Africa,Financials,9228495
OVH Groupe SAS,France,Technology,10157309
OVS SpA,Italy,Consumer Discretionary,4495257
OX2 AB,Sweden,Energy,7946579
OZ Minerals Ltd,Australia,Basic Materials,127132140
Oak Street Health Inc,United States,Health Care,17639770
Oatly Group AB,Sweden,Consumer Staples,1353334
Obara Group Inc,Japan,Industrials,2665656
Obayashi Corp,Japan,Industrials,77897813
Oberoi Realty Ltd,India,Real Estate,9613598
Obic Co Ltd,Japan,Technology,27101625
Objective Corp Ltd,Australia,Technology,740351
Ocado Group PLC,United Kingdom,Consumer Staples,32753230
Oceana Group Ltd,South Africa,Consumer Staples,2384186
OceanaGold Corp,Canada,Basic Materials,12216555
Oceaneering International Inc,United States,Energy,16865450
Oceania Healthcare Ltd,New Zealand,Health Care,1883385
Oceanpact Servicos Maritimos SA,Brazil,Industrials,379185
Ocumension Therapeutics,China,Health Care,2900913
Odakyu Electric Railway Co Ltd,Japan,Industrials,63547097
Odontoprev SA,Brazil,Health Care,915408
Oesterreichische Post AG,Austria,Industrials,26489437
Office Properties Income Trust,United States,Real Estate,6022305
Ogaki Kyoritsu Bank Ltd/The,Japan,Financials,5479825
Ohara Inc,Japan,Industrials,841935
Ohsho Food Service Corp,Japan,Consumer Discretionary,2664929
Oil Refineries Ltd,Israel,Energy,272585
Oiles Corp,Japan,Basic Materials,2550547
Oisix ra daichi Inc,Japan,Consumer Staples,3650388
Oita Bank Ltd/The,Japan,Financials,2866151
Okabe Co Ltd,Japan,Basic Materials,1989477
Okamoto Industries Inc,Japan,Industrials,7848271
Okamura Corp,Japan,Consumer Discretionary,23750000
Okasan Securities Group Inc,Japan,Financials,1626397
Oki Electric Industry Co Ltd,Japan,Technology,4052234
Okinawa Cellular Telephone Co,Japan,Telecommunications,5332090
Okinawa Financial Group Inc,Japan,Financials,2169423
Okta Inc,United States,Technology,105739308
Okumura Corp,Japan,Industrials,7164724
Okura Industrial Co Ltd,Japan,Basic Materials,880264
Okuwa Co Ltd,Japan,Consumer Staples,648721
Olaplex Holdings Inc,United States,Consumer Staples,18643448
Old Dominion Freight Line Inc,United States,Industrials,295490749
Old Mutual Ltd,South Africa,Financials,13715731
Old National Bancorp/IN,United States,Financials,48604543
Old Republic International Corp,United States,Financials,68926974
OliX Pharmaceuticals Inc,South Korea,Health Care,1081004
Olin Corp,United States,Basic Materials,67494371
Ollie's Bargain Outlet Holdings Inc,United States,Consumer Discretionary,28482327
Olo Inc,United States,Technology,483125
Olympic Steel Inc,United States,Basic Materials,3738394
Olympus Corp,Japan,Health Care,342942420
Omega Energia SA,Brazil,Utilities,9046943
Omega Healthcare Investors Inc,United States,Real Estate,36626183
Omni Bridgeway Ltd,Australia,Financials,19680326
OmniAb Inc,United States,Health Care,2245018
Omnicell Inc,United States,Health Care,22290581
Omnicom Group Inc,United States,Consumer Discretionary,8028609
Omron Corp,Japan,Technology,118217243
Oncoclinicas do Brasil Servicos Medicos SA,Brazil,Health Care,770917
Onde SA,Poland,Industrials,304931
One 97 Communications Ltd,India,Industrials,14389324
One Enterprise Public Co Ltd/The,Thailand,Consumer Discretionary,9748970
One REIT Inc,Japan,Real Estate,7381285
One Software Technologies Ltd,Israel,Technology,986843
OneConnect Financial Technology Co Ltd,China,Technology,865365
OneMain Holdings Inc,United States,Financials,38088519
Oneness Biotech Co Ltd,Taiwan,Health Care,10942884
Onewo Inc,China,Real Estate,20796579
Onex Corp,Canada,Financials,36644558
Ono Pharmaceutical Co Ltd,Japan,Health Care,169055751
Onoken Co Ltd,Japan,Industrials,1698208
Ontex Group NV,Belgium,Consumer Staples,12642687
Onto Innovation Inc,United States,Technology,33441382
Onward Holdings Co Ltd,Japan,Consumer Discretionary,616264
Ooma Inc,United States,Telecommunications,1033758
Ooredoo QPSC,Qatar,Telecommunications,71824306
Opdenergy Holdings SA,Spain,Utilities,8385700
Open Door Inc,Japan,Consumer Discretionary,1470054
Open House Group Co Ltd,Japan,Real Estate,42032251
Open Lending Corp,United States,Financials,6095419
Open Text Corp,Canada,Technology,86792622
Opendoor Technologies Inc,United States,Real Estate,5610765
Oponeo.pl SA,Poland,Consumer Discretionary,5209492
Oppein Home Group Inc,China,Consumer Discretionary,6993524
Opple Lighting Co Ltd,China,Consumer Discretionary,251
Optex Group Co Ltd,Japan,Industrials,3603026
Opthea Ltd,Australia,Health Care,6137301
Optim Corp,Japan,Technology,1256797
OptimizeRx Corp,United States,Health Care,905520
Option Care Health Inc,United States,Health Care,51009170
OptoElectronics Solutions Co Ltd,South Korea,Telecommunications,827680
Optorun Co Ltd,Japan,Industrials,14718409
Oracle Corp,United States,Technology,1380087289
Oracle Corp Japan,Japan,Technology,33481674
Oracle Financial Services Software Ltd,India,Technology,7279977
Orange Belgium SA,Belgium,Telecommunications,21852201
Orange Polska SA,Poland,Telecommunications,25870185
Orange SA,France,Telecommunications,346981151
Orascom Construction PLC,United Arab Emirates,Industrials,5548379
Orbia Advance Corp SAB de CV,Mexico,Industrials,77022178
Organizacion Cultiba SAB de CV,Mexico,Industrials,7510364
Organo Corp,Japan,Industrials,5239979
Organon & Co,United States,Health Care,39120825
Orica Ltd,Australia,Basic Materials,28579051
Oricon Inc,Japan,Technology,2277467
Orient Corp,Japan,Financials,8814084
Orient Electric Ltd,India,Industrials,1417890
Orient Overseas International Ltd,Hong Kong,Industrials,35019891
Orient Securities Co Ltd/China,China,Financials,3291604
Orient Semiconductor Electronics Ltd,Taiwan,Technology,4208238
Oriental Food Industries Holdings BHD,Malaysia,Consumer Staples,2053409
Oriental Land Co Ltd/Japan,Japan,Consumer Discretionary,391591242
Oriental Shiraishi Corp,Japan,Industrials,1927485
Oriental Union Chemical Corp,Taiwan,Basic Materials,7079602
Origin Energy Ltd,Australia,Utilities,150919779
Origin Enterprises PLC,Ireland,Consumer Staples,1999889
Origin Property PCL,Thailand,Real Estate,5219583
Oriola Oyj,Finland,Health Care,6207585
Orion Corp/Republic of Korea,South Korea,Consumer Staples,31282002
Orion Holdings Corp,South Korea,Consumer Staples,2134384
Orion Office REIT Inc,United States,Real Estate,9364025
Orion Oyj,Finland,Health Care,159250643
Orior AG,Switzerland,Consumer Staples,1113206
Orix JREIT Inc,Japan,Real Estate,57764189
Orizon Valorizacao de Residuos SA,Brazil,Utilities,6650715
Ormat Technologies Inc,United States,Utilities,60293434
Oro Co Ltd,Japan,Technology,815334
Orora Ltd,Australia,Industrials,26550913
Orpea SA,France,Health Care,4748900
Orron Energy ab,Sweden,Basic Materials,2441181
Orsted AS,Denmark,Utilities,419765734
OrthoPediatrics Corp,United States,Health Care,676125
Orthofix Medical Inc,United States,Health Care,1250277
Orzel Bialy SA,Poland,Utilities,1604329
Osai Automation System SpA,Italy,Industrials,1560143
Osaka Gas Co Ltd,Japan,Utilities,63514797
Osaka Organic Chemical Industry Ltd,Japan,Basic Materials,1799838
Osaka Soda Co Ltd,Japan,Basic Materials,7108773
Osaka Steel Co Ltd,Japan,Basic Materials,945772
Osaki Electric Co Ltd,Japan,Industrials,1812801
Oscotec Inc,South Korea,Health Care,3502316
Oshkosh Corp,United States,Industrials,59226993
Osisko Gold Royalties Ltd,Canada,Basic Materials,21192705
Osotspa PCL,Thailand,Consumer Staples,2261780
Osstem Implant Co Ltd,South Korea,Health Care,7504361
Otis Worldwide Corp,United States,Industrials,362252976
Otsuka Corp,Japan,Technology,69874731
Otsuka Holdings Co Ltd,Japan,Health Care,192390915
Ottogi Corp,South Korea,Consumer Staples,4155071
Oulmes,Morocco,Consumer Staples,4364871
Ouro Fino Saude Animal Participacoes SA,Brazil,Health Care,2419982
Outfront Media Inc,United States,Real Estate,66577753
Outokumpu Oyj,Finland,Basic Materials,95425953
Outsourcing Inc,Japan,Industrials,19924921
Oversea-Chinese Banking Corp Ltd,Singapore,Financials,474509524
Overstock.com Inc,United States,Consumer Discretionary,6984662
Ovostar Union NV,Ukraine,Consumer Staples,1492194
Owens & Minor Inc,United States,Health Care,6147400
Owens Corning,United States,Industrials,111342943
Oxford Biomedica PLC,United Kingdom,Health Care,7815499
Oxford Industries Inc,United States,Consumer Discretionary,14155999
Oxford Instruments PLC,United Kingdom,Industrials,59332577
Oxford Nanopore Technologies PLC,United Kingdom,Health Care,35549841
Oxide Corp,Japan,Industrials,7721248
Oyo Corp,Japan,Industrials,2799365
Ozon Holdings PLC,Russia,Consumer Discretionary,1032247
P10 Inc,United States,Financials,819040
P3 Health Partners Inc,United States,Health Care,1691659
PACCAR Inc,United States,Industrials,315892842
PAL GROUP Holdings Co Ltd,Japan,Consumer Discretionary,2337005
PALTAC Corp,Japan,Consumer Staples,17101955
PATRIZIA SE,Germany,Real Estate,11016751
PAX Global Technology Ltd,China,Technology,5578766
PB Fintech Ltd,India,Financials,20201960
PBF Energy Inc,United States,Energy,43996196
PC Connection Inc,United States,Technology,220430
PC Depot Corp,Japan,Consumer Discretionary,5108
PCAS,France,Basic Materials,460935
PCC Rokita SA,Poland,Basic Materials,9634802
PCCW Ltd,Hong Kong,Telecommunications,29207666
PCTEL Inc,United States,Telecommunications,29670
PChome Online Inc,Taiwan,Technology,3559326
PDF Solutions Inc,United States,Technology,1522968
PEUGEOT INVEST,France,Financials,10759264
PEXA Group Ltd,Australia,Technology,11127852
PG&E Corp,United States,Utilities,178556296
PHC Holdings Corp,Japan,Health Care,3956431
PI Advanced Materials Co Ltd,South Korea,Industrials,3267494
PI Industries Ltd,India,Basic Materials,19273843
PIA Corp,Japan,Consumer Discretionary,1300784
PICC Property & Casualty Co Ltd,China,Financials,157440400
PIE Industrial BHD,Malaysia,Industrials,109194
PIERER Mobility AG,Austria,Consumer Discretionary,5660565
PIK Group PJSC,Russia,Real Estate,582238
PLDT Inc,Philippines,Telecommunications,46123063
PNB Housing Finance Ltd,India,Financials,136435
PNC Financial Services Group Inc/The,United States,Financials,720278894
PNC Infratech Ltd,India,Industrials,4377953
PNE AG,Germany,Utilities,33221222
POSCO Chemical Co Ltd,South Korea,Basic Materials,41349176
PP Persero Tbk PT,Indonesia,Industrials,2776956
PPB Group Bhd,Malaysia,Consumer Staples,1771714
PPG Industries Inc,United States,Industrials,311113327
PPK Group Ltd,Australia,Industrials,396605
PPK Mining Equipment Pty Ltd,Australia,Industrials,3
PPL Corp,United States,Utilities,45560233
PRA Group Inc,United States,Financials,7305905
PRADA SpA,Hong Kong,Consumer Discretionary,67753968
PROCEPT BioRobotics Corp,United States,Health Care,921856
PROG Holdings Inc,United States,Consumer Discretionary,16483120
PROS Holdings Inc,United States,Technology,10394925
PSC Insurance Group Ltd,Australia,Financials,14567854
PSG Konsult Ltd,South Africa,Financials,1237079
PSP Swiss Property AG,Switzerland,Real Estate,137807665
PTC Inc,United States,Technology,45678581
PTC India Ltd,India,Utilities,2156233
PTC Therapeutics Inc,United States,Health Care,24587473
PTG Energy PCL,Thailand,Energy,3515368
PTT Global Chemical PCL,Thailand,Basic Materials,927350
PVH Corp,United States,Consumer Discretionary,32359374
PVR Ltd,India,Consumer Discretionary,18594878
PWR Holdings Ltd,Australia,Consumer Discretionary,9595890
PXP Energy Corp,Philippines,Basic Materials,392807
PZ Cussons PLC,United Kingdom,Consumer Staples,8181110
PacWest Bancorp,United States,Financials,26646786
Pacific Basin Shipping Ltd,Hong Kong,Industrials,20103027
Pacific Biosciences of California Inc,United States,Health Care,13885771
Pacific Current Group Ltd,Australia,Financials,183506
Pacific Edge Ltd,New Zealand,Health Care,7063244
Pacific Electric Wire & Cable Co Ltd,Taiwan,Technology,9494
Pacific Industrial Co Ltd,Japan,Consumer Discretionary,2932202
Pacific Metals Co Ltd,Japan,Basic Materials,3397302
Pacific Premier Bancorp Inc,United States,Financials,29131647
Pacific Smiles Group Ltd,Australia,Health Care,4325992
Pacific Textiles Holdings Ltd,China,Consumer Discretionary,2385850
Pacira BioSciences Inc,United States,Health Care,14993537
Pack Corp/The,Japan,Industrials,1480094
Packaging Corp of America,United States,Industrials,116017312
Pact Group Holdings Ltd,Australia,Industrials,2739156
Pactiv Evergreen Inc,United States,Industrials,4953119
Padini Holdings Bhd,Malaysia,Consumer Discretionary,15001003
Pagegroup PLC,United Kingdom,Industrials,33929481
PagerDuty Inc,United States,Technology,22062489
Pagseguro Digital Ltd,United States,Industrials,70207039
Pakuwon Jati Tbk PT,Indonesia,Real Estate,2688021
Paladin Energy Ltd,Australia,Basic Materials,40677201
Palantir Technologies Inc,United States,Technology,36629387
Palfinger AG,Austria,Industrials,10550210
Palm Hills Developments SAE,Egypt,Real Estate,1459451
Palo Alto Networks Inc,United States,Technology,743653313
Palomar Holdings Inc,United States,Financials,8610341
Pan African Resources PLC,United Kingdom,Basic Materials,462623
Pan American Silver Corp,Canada,Basic Materials,35985013
Pan Jit International Inc,Taiwan,Technology,15293753
Pan Ocean Co Ltd,South Korea,Industrials,8338135
Pan Pacific International Holdings Corp,Japan,Consumer Discretionary,144687520
Pan-International Industrial Corp,Taiwan,Technology,4047291
Panasonic Holdings Corp,Japan,Consumer Discretionary,397714336
Pandora A/S,Denmark,Consumer Discretionary,152208239
Pandox AB,Sweden,Real Estate,24750196
Pantech Group Holdings Bhd,Malaysia,Basic Materials,2119679
Pantoro Ltd,Australia,Basic Materials,635501
Papa John's International Inc,United States,Consumer Discretionary,22857240
Papoutsanis SA,Greece,Consumer Staples,1153406
Par Pacific Holdings Inc,United States,Energy,3650250
Parade Technologies Ltd,Taiwan,Technology,52312148
Paradigm Biopharmaceuticals Ltd,Australia,Health Care,2063008
Paradise Co Ltd,South Korea,Consumer Discretionary,6077963
Paragon Banking Group PLC,United Kingdom,Financials,43120087
Paramount Bed Holdings Co Ltd,Japan,Health Care,8203333
Paramount Global,United States,Consumer Discretionary,17255951
Paramount Group Inc,United States,Real Estate,109166936
Paris Miki Holdings Inc,Japan,Consumer Discretionary,285061
Park Hotels & Resorts Inc,United States,Real Estate,22305277
Park Systems Corp,South Korea,Industrials,22281251
Park24 Co Ltd,Japan,Industrials,75945244
Parker-Hannifin Corp,United States,Industrials,510487914
Parkland Corp,Canada,Energy,37094644
Parkway Life Real Estate Investment Trust,Singapore,Real Estate,16148768
Parsons Corp,United States,Technology,31510726
Partner Communications Co Ltd,Israel,Telecommunications,1150189
Partners Group Holding AG,Switzerland,Financials,425906641
Partron Co Ltd,South Korea,Technology,2047676
Pasona Group Inc,Japan,Industrials,2163609
Patrick Industries Inc,United States,Industrials,13443625
Patterson Cos Inc,United States,Health Care,22777823
Patterson-UTI Energy Inc,United States,Energy,26244786
Pavilion Real Estate Investment Trust,Malaysia,Real Estate,819943
PayPal Holdings Inc,United States,Industrials,1029386318
PayPoint PLC,United Kingdom,Industrials,11078271
Paychex Inc,United States,Industrials,23190927
Paycom Software Inc,United States,Technology,26226781
Paycor HCM Inc,United States,Technology,16980296
Paylocity Holding Corp,United States,Industrials,86062619
Payoneer Global Inc,United States,Industrials,3892950
Paysafe Ltd,United States,Industrials,2482893
Paz Oil Co Ltd,Israel,Energy,1096084
Peab AB,Sweden,Industrials,28861611
Pearl Abyss Corp,South Korea,Consumer Discretionary,13416501
Pearson PLC,United Kingdom,Consumer Discretionary,22050524
Pebblebrook Hotel Trust,United States,Real Estate,14623808
Pediatrix Medical Group Inc,United States,Health Care,11063760
Pegasus Hava Tasimaciligi AS,Turkey,Consumer Discretionary,33206015
Pegasus Sewing Machine Manufacturing Co Ltd,Japan,Consumer Discretionary,3097768
Pegasystems Inc,United States,Technology,14211620
Pegatron Corp,Taiwan,Technology,63828914
Pegavision Corp,Taiwan,Health Care,15091865
Peijia Medical Ltd,China,Health Care,3199344
Peloton Interactive Inc,United States,Consumer Discretionary,20306010
Pembangunan Jaya Ancol Tbk PT,Indonesia,Consumer Discretionary,425562
Pembina Pipeline Corp,Canada,Energy,127934873
Pendal Group Ltd,Australia,Financials,15795138
Pendragon PLC,United Kingdom,Consumer Discretionary,5316635
Penn Entertainment Inc,United States,Consumer Discretionary,59503891
Pennant Group Inc/The,United States,Health Care,428
Pennon Group PLC,United Kingdom,Utilities,69044030
PennyMac Financial Services Inc,United States,Financials,1874993
PennyMac Mortgage Investment Trust,United States,Financials,10707550
Pensionbee Group PLC,United Kingdom,Financials,5139603
Penske Automotive Group Inc,United States,Consumer Discretionary,25162889
Penta-Ocean Construction Co Ltd,Japan,Industrials,38881609
Pentair PLC,United States,Industrials,5479778
Pentamaster Corp Bhd,Malaysia,Industrials,31223153
Pentamaster International Ltd,Malaysia,Technology,406
Penumbra Inc,United States,Health Care,99050982
People & Technology Inc,South Korea,Industrials,7738137
People's Insurance Co Group of China Ltd/The,China,Financials,47396673
PeopleIN Ltd,Australia,Industrials,6522483
Pepco Group NV,Poland,Consumer Discretionary,6961665
Pepkor Holdings Ltd,South Africa,Consumer Discretionary,42818846
Pepper Food Service Co Ltd,Japan,Consumer Discretionary,514
PepsiCo Inc,United States,Consumer Staples,2459997538
PeptiDream Inc,Japan,Health Care,32197555
Peptron Inc,South Korea,Health Care,1028312
Perenti Ltd,Australia,Basic Materials,7046477
Perfect World Co Ltd/China,China,Consumer Discretionary,11320301
Perficient Inc,United States,Technology,26728061
Performance Food Group Co,United States,Consumer Staples,89711973
Performance Technologies IT Solutions,Greece,Technology,568465
Perion Network Ltd,Israel,Technology,18258093
PerkinElmer Inc,United States,Health Care,186863622
Pernod Ricard SA,France,Consumer Staples,890310354
Perpetual Ltd,Australia,Financials,15877660
Perrigo Co PLC,United States,Health Care,45075264
Persimmon PLC,United Kingdom,Consumer Discretionary,113767201
Persistent Systems Ltd,India,Technology,18968393
Persol Holdings Co Ltd,Japan,Industrials,54088758
Perusahaan Gas Negara Tbk PT,Indonesia,Utilities,33871394
Pet Center Comercio e Participacoes SA,Brazil,Consumer Discretionary,15658176
Petco Health & Wellness Co Inc,United States,Consumer Discretionary,21521155
Petershill Partners PLC,United Kingdom,Financials,18276233
Petra Diamonds Ltd,United Kingdom,Basic Materials,2320935
PetroChina Co Ltd,China,Energy,130160976
PetroVietNam Ca Mau Fertilizer JSC,Vietnam,Basic Materials,12017740
PetroVietnam Drilling & Well Services JSC,Vietnam,Energy,13454326
PetroVietnam Gas JSC,Vietnam,Utilities,16638764
PetroVietnam Technical Services Corp,Vietnam,Energy,8729376
Petrofac Ltd,United Kingdom,Energy,5252440
Petroleo Brasileiro SA,Brazil,Energy,711089356
Petronas Chemicals Group Bhd,Malaysia,Basic Materials,62111718
Petronas Dagangan Bhd,Malaysia,Energy,387324
Petronas Gas Bhd,Malaysia,Utilities,35534
Petronet LNG Ltd,India,Energy,15978117
Petropavlovsk PLC,United Kingdom,Basic Materials,213707
Petrovietnam Fertilizer & Chemicals JSC,Vietnam,Basic Materials,21404056
Petrovietnam Transportation Corp,Vietnam,Industrials,3798390
Pets at Home Group Plc,United Kingdom,Consumer Discretionary,64853559
Pfeiffer Vacuum Technology AG,Germany,Industrials,28691094
Pfizer Inc,United States,Health Care,3081239208
Pfizer Ltd,India,Health Care,9652139
Pharma Foods International Co Ltd,Japan,Consumer Staples,1816504
Pharma Mar SA,Spain,Health Care,17966770
PharmaEngine Inc,Taiwan,Health Care,4997413
PharmaResearch Co Ltd,South Korea,Health Care,11857404
Pharmanutra SpA,Italy,Health Care,20576560
Pharmaron Beijing Co Ltd,China,Health Care,20164673
Pharmena SA,Poland,Health Care,195338
Pharmicell Co Ltd,South Korea,Health Care,4327529
Pharming Group NV,Netherlands,Health Care,5340773
Phihong Technology Co Ltd,Taiwan,Technology,11699706
Phillips 66,United States,Energy,352435384
Phillips Edison & Co Inc,United States,Real Estate,4521407
Phison Electronics Corp,Taiwan,Technology,36203698
Phoenix Group Holdings PLC,United Kingdom,Financials,105260271
Phoenix Holdings Ltd/The,Israel,Financials,16919520
Phoenix Mills Ltd/The,India,Real Estate,8861799
Phoenix Vega Mezz PLC,Greece,Financials,1618525
PhosAgro PJSC,Russia,Basic Materials,8447865
Photronics Inc,United States,Technology,3083256
Phreesia Inc,United States,Health Care,9435367
Phu Nhuan Jewelry JSC,Vietnam,Consumer Discretionary,10908260
Physicians Realty Trust,United States,Real Estate,27733680
Piaggio & C SpA,Italy,Consumer Discretionary,7007558
Pick n Pay Stores Ltd,South Africa,Consumer Staples,20130131
Picton Property Income Ltd/The,United Kingdom,Real Estate,8393662
Pidilite Industries Ltd,India,Basic Materials,118244414
Piedmont Lithium Inc,United States,Basic Materials,1320100
Piedmont Office Realty Trust Inc,United States,Real Estate,16163941
Pieno Zvaigzdes,Lithuania,Consumer Staples,915114
Pierce Group AB,Sweden,Consumer Discretionary,913865
Pigeon Corp,Japan,Consumer Staples,11519640
Pilbara Minerals Ltd,Australia,Basic Materials,101522394
Pilgrim's Pride Corp,United States,Consumer Staples,10544117
Pilot Corp,Japan,Consumer Staples,13732734
Pinduoduo Inc,China,Consumer Discretionary,695363639
Ping An Bank Co Ltd,China,Financials,14594157
Ping An Healthcare and Technology Co Ltd,China,Health Care,1603520
Ping An Insurance Group Co of China Ltd,China,Financials,504853177
Pinnacle Financial Partners Inc,United States,Financials,61722941
Pinnacle Investment Management Group Ltd,Australia,Financials,4941182
Pinnacle West Capital Corp,United States,Utilities,102060584
Pinterest Inc,United States,Technology,150202830
Piolax Inc,Japan,Consumer Discretionary,2794920
Pioneer Motor PCL,Thailand,Industrials,1558331
Piovan SpA,Italy,Industrials,3116110
Piper Sandler Cos,United States,Financials,18683437
Piquadro SpA,Italy,Consumer Discretionary,2533175
Piraeus Financial Holdings SA,Greece,Financials,63287898
Piramal Enterprises Ltd,India,Health Care,9439154
Piramal Pharma Ltd,India,Health Care,5225490
Pirelli & C SpA,Italy,Consumer Discretionary,22164344
Pitney Bowes Inc,United States,Industrials,1257800
Pixart Imaging Inc,Taiwan,Technology,5485631
Plaid Inc,Japan,Technology,121098
Plaisio Computers SA,Greece,Consumer Discretionary,116789
Plan B Media Pcl,Thailand,Consumer Discretionary,1348075
Planet Fitness Inc,United States,Consumer Discretionary,63013681
Plano & Plano Desenvolvimento Imobiliario SA,Brazil,Real Estate,376912
Platinum Asset Management Ltd,Australia,Financials,9163164
Platinum Group PCL/The,Thailand,Real Estate,10829965
Platzer Fastigheter Holding AB,Sweden,Real Estate,9865282
PlayAGS Inc,United States,Consumer Discretionary,981750
PlayWay SA,Poland,Consumer Discretionary,8347048
Playa Hotels & Resorts NV,United States,Consumer Discretionary,4848525
Playtech Plc,United Kingdom,Consumer Discretionary,36642735
Playtika Holding Corp,United States,Consumer Discretionary,4709749
Plaza SA,Chile,Real Estate,12570702
Plexus Corp,United States,Technology,32855977
Plug Power Inc,United States,Energy,209514587
Plus Alpha Consulting Co Ltd,Japan,Technology,2494373
Plus500 Ltd,United Kingdom,Financials,39191009
Pod Point Group Holdings PLC,United Kingdom,Energy,1521742
Poh Huat Resources Holdings BHD,Malaysia,Consumer Discretionary,1391615
Poh Kong Holdings Bhd,Malaysia,Consumer Discretionary,1780696
Pointpack PL SA,Poland,Technology,275539
PointsBet Holdings Ltd,Australia,Consumer Discretionary,5501151
Pola Orbis Holdings Inc,Japan,Consumer Discretionary,12936139
Polaris Inc,United States,Consumer Discretionary,49002473
Pole To Win Holdings Inc,Japan,Technology,942158
Polski Koncern Naftowy ORLEN SA,Poland,Energy,194978275
Poltreg SA,Poland,Health Care,681676
Poly Developments and Holdings Group Co Ltd,China,Real Estate,41443316
Poly Medicure Ltd,India,Health Care,6303704
Poly Property Group Co Ltd,China,Real Estate,5096141
Poly Property Services Co Ltd,China,Real Estate,25407019
PolyNovo Ltd,Australia,Health Care,9250959
PolyPeptide Group AG,Switzerland,Health Care,10229669
Polycab India Ltd,India,Industrials,27099860
Polymetal International PLC,United Kingdom,Basic Materials,32918718
Polyplex Corp Ltd,India,Basic Materials,712013
Pool Corp,United States,Consumer Discretionary,7317898
Poonawalla Fincorp Ltd,India,Financials,2384743
Pop Mart International Group Ltd,China,Consumer Discretionary,23895379
Popular Inc,United States,Financials,49188218
Porr Ag,Austria,Industrials,4283935
Porsche Automobil Holding SE,Germany,Consumer Discretionary,155386566
Portillo's Inc,United States,Consumer Discretionary,22032000
Portland General Electric Co,United States,Utilities,25507440
Porto Seguro SA,Brazil,Financials,6252374
Posco ICT Co Ltd,South Korea,Technology,2556307
Poshmark Inc,United States,Consumer Discretionary,9817908
Posiflex Technology Inc,Taiwan,Technology,1983900
Post Holdings Inc,United States,Consumer Staples,79258840
PostNL NV,Netherlands,Industrials,18163243
Postal Savings Bank of China Co Ltd,China,Financials,69396146
Poste Italiane SpA,Italy,Financials,164132398
PotlatchDeltic Corp,United States,Real Estate,129467233
Pou Chen Corp,Taiwan,Consumer Discretionary,47232304
Pou Sheng International Holdings Ltd,China,Consumer Discretionary,2353314
Powell Industries Inc,United States,Industrials,1628834
Power Assets Holdings Ltd,Hong Kong,Utilities,121229304
Power Construction Corp of China Ltd,China,Industrials,4093166
Power Corp of Canada,Canada,Financials,139037244
Power Finance Corp Ltd,India,Financials,27307520
Power Grid Corp of India Ltd,India,Utilities,73255202
Power Integrations Inc,United States,Technology,35392170
PowerSchool Holdings Inc,United States,Consumer Discretionary,4971270
Powerchip Semiconductor Manufacturing Corp,Taiwan,Technology,40920911
Powerlong Real Estate Holdings Ltd,Hong Kong,Real Estate,1408
Powertech Technology Inc,Taiwan,Technology,31941522
Powszechna Kasa Oszczednosci Bank Polski SA,Poland,Financials,195195127
Powszechny Zaklad Ubezpieczen SA,Poland,Financials,37328687
Poya International Co Ltd,Taiwan,Consumer Discretionary,18419421
Pozavarovalnica Sava dd,Slovenia,Financials,2986722
Poznanska Korporacja Budowlana Pekabex SA,Poland,Industrials,1381677
Praemium Ltd,Australia,Industrials,50882
Praj Industries Ltd,India,Industrials,9040433
Praram 9 Hospital PCL,Thailand,Health Care,6504219
Precigen Inc,United States,Health Care,766977
Precinct Properties New Zealand Ltd,New Zealand,Real Estate,14849002
Precious Shipping PCL,Thailand,Industrials,9150109
Premier Foods PLC,United Kingdom,Consumer Staples,8828258
Premier Inc,United States,Health Care,24418733
Premier Investments Ltd,Australia,Financials,16980244
Premium Brands Holdings Corp,Canada,Consumer Staples,24702825
Premium Group Co Ltd,Japan,Financials,19898258
President Chain Store Corp,Taiwan,Consumer Staples,90797159
President Securities Corp,Taiwan,Financials,4759881
Press Kogyo Co Ltd,Japan,Consumer Discretionary,599362
Press Metal Aluminium Holdings Bhd,Malaysia,Basic Materials,61705549
Pressance Corp,Japan,Real Estate,3618158
Prestige Consumer Healthcare Inc,United States,Health Care,35335885
Prestige Estates Projects Ltd,India,Real Estate,6974335
Prestige International Inc,Japan,Industrials,17060960
PriceSmart Inc,United States,Consumer Discretionary,3156609
Prima Meat Packers Ltd,Japan,Consumer Staples,5126456
Primaris Real Estate Investment Trust,Canada,Real Estate,10899963
Primary Health Properties PLC,United Kingdom,Real Estate,34641402
Primax Electronics Ltd,Taiwan,Technology,11152186
Prime US REIT,Singapore,Real Estate,4184932
Primerica Inc,United States,Financials,50973654
Primo Water Corp,Canada,Consumer Staples,22125677
Primoris Services Corp,United States,Industrials,9505198
Prince Housing & Development Corp,Taiwan,Real Estate,4272436
Principal Financial Group Inc,United States,Financials,73980012
Privia Health Group Inc,United States,Health Care,19716322
Pro Medicus Ltd,Australia,Technology,18480359
ProAssurance Corp,United States,Financials,5780788
ProPetro Holding Corp,United States,Energy,870043
ProSiebenSat.1 Media SE,Germany,Consumer Discretionary,30079656
Procore Technologies Inc,United States,Technology,37935362
Procrea Holdings Inc,Japan,Financials,3716322
Procter & Gamble Co/The,United States,Consumer Staples,3666824150
Procter & Gamble Health Ltd,India,Health Care,1756655
Profile Systems & Software SA,Greece,Technology,2741641
Progress Software Corp,United States,Technology,20040304
Progressive Corp/The,United States,Financials,794965610
Progyny Inc,United States,Health Care,1530836
ProjectCompany Inc,Japan,Technology,1314184
Prologis Inc,United States,Real Estate,956035849
Prologis Property Mexico SA de CV,Mexico,Real Estate,58768891
Prometheus Biosciences Inc,United States,Health Care,21573860
Promotora Ambiental SAB de CV,Mexico,Utilities,1416311
Promotora de Informaciones SA,Spain,Consumer Discretionary,1376455
Promotora y Operadora de Infraestructura SAB de CV,Mexico,Industrials,114444113
Pronexus Inc,Japan,Industrials,1533730
Propel Funeral Partners Ltd,Australia,Consumer Discretionary,4859754
Property & Building Corp Ltd,Israel,Real Estate,86564
Prosegur Cash SA,Spain,Industrials,3818464
Prosegur Cia de Seguridad SA,Spain,Industrials,8736451
Prosperity Bancshares Inc,United States,Financials,63077809
Prosperity REIT,Hong Kong,Real Estate,4210005
Prosus NV,Netherlands,Technology,2394162072
Protagonist Therapeutics Inc,United States,Health Care,1622317
Prothena Corp PLC,United States,Health Care,3570355
Proto Corp,Japan,Consumer Discretionary,6398535
Proto Labs Inc,United States,Industrials,7034587
Provident Financial PLC,United Kingdom,Financials,18328573
Provident Financial Services Inc,United States,Financials,15922406
Proximus SADP,Belgium,Telecommunications,42908983
Proya Cosmetics Co Ltd,China,Consumer Discretionary,8713143
Prudential Financial Inc,United States,Financials,163521490
Prudential PLC,United Kingdom,Financials,1170118231
Pruksa Holding PCL,Thailand,Real Estate,484197
Prysmian SpA,Italy,Industrials,296541166
Public Bank Bhd,Malaysia,Financials,191538708
Public Financial Holdings Ltd,Hong Kong,Financials,1755882
Public Service Enterprise Group Inc,United States,Utilities,134209545
Public Storage,United States,Real Estate,660232431
Publicis Groupe SA,France,Consumer Discretionary,41365556
Pulmonx Corp,United States,Health Care,3153663
PulteGroup Inc,United States,Consumer Discretionary,161545676
Puma SE,Germany,Consumer Discretionary,332191911
Punjab National Bank,India,Financials,2871831
Puradelta Lestari Tbk PT,Indonesia,Real Estate,5484910
Purcari Wineries PLC,Moldova,Consumer Staples,2911819
Pure Biologics SA,Poland,Health Care,284416
Pure Cycle Corp,United States,Utilities,1116120
Pure Storage Inc,United States,Technology,92997797
PureTech Health PLC,United Kingdom,Health Care,9439399
Puregold Price Club Inc,Philippines,Consumer Staples,879522
Pushpay Holdings Ltd,New Zealand,Industrials,6835851
Puuilo Oyj,Finland,Consumer Discretionary,3119038
Pylon PCL,Thailand,Industrials,1073890
Q Technology Group Co Ltd,China,Technology,747071
Q2 Holdings Inc,United States,Technology,16200460
QAF Ltd,Singapore,Consumer Staples,534867
QB Net Holdings Co Ltd,Japan,Consumer Discretionary,1245755
QBE Insurance Group Ltd,Australia,Financials,175815201
QIAGEN NV,Germany,Health Care,315882523
QL Resources Bhd,Malaysia,Consumer Staples,9154355
QLM Life & Medical Insurance Co WLL,Qatar,Financials,21214787
QT Group Oyj,Finland,Technology,22946442
QUALCOMM Inc,United States,Technology,1443871374
Qantas Airways Ltd,Australia,Consumer Discretionary,86417906
Qatar Aluminum Manufacturing Co,Qatar,Basic Materials,27304516
Qatar Electricity & Water Co QSC,Qatar,Utilities,18920937
Qatar Fuel QSC,Qatar,Energy,26998939
Qatar Gas Transport Co Ltd,Qatar,Industrials,103978870
Qatar Insurance Co SAQ,Qatar,Financials,5914080
Qatar Islamic Bank SAQ,Qatar,Financials,55072131
Qatar National Bank QPSC,Qatar,Financials,464333259
Qatar Navigation QSC,Qatar,Industrials,34641678
QinetiQ Group PLC,United Kingdom,Industrials,69442720
Qingdao Sentury Tire Co Ltd,China,Consumer Discretionary,9829579
Qingling Motors Co Ltd,China,Consumer Discretionary,850486
Qisda Corp,Taiwan,Technology,22271485
Qol Holdings Co Ltd,Japan,Consumer Staples,2019091
Qorvo Inc,United States,Technology,99179013
Quadient SA,France,Technology,13518469
Quaker Chemical Corp,United States,Basic Materials,19832393
Qualicorp Consultoria e Corretora de Seguros SA,Brazil,Financials,381540
Qualitas Controladora SAB de CV,Mexico,Financials,22437588
Quality Houses PCL,Thailand,Real Estate,985863
Qualtrics International Inc,United States,Technology,3291643
Qualys Inc,United States,Technology,17135613
Quanex Building Products Corp,United States,Industrials,2062315
Quanta Computer Inc,Taiwan,Technology,93149944
Quanta Services Inc,United States,Industrials,175999043
Quanta Storage Inc,Taiwan,Technology,3559751
QuantumScape Corp,United States,Consumer Discretionary,13515511
Qube Holdings Ltd,Australia,Industrials,48891701
Quebecor Inc,Canada,Telecommunications,20815767
Quess Corp Ltd,India,Industrials,3090204
Quest Diagnostics Inc,United States,Health Care,153192931
Quest Holdings SA,Greece,Technology,9773686
QuidelOrtho Corp,United States,Health Care,44749382
Quilter PLC,United Kingdom,Financials,57279545
Quinenco SA,Chile,Industrials,55385306
Qurate Retail Inc,United States,Consumer Discretionary,10317180
R Bio Co Ltd,South Korea,Health Care,0
R1 RCM Inc,United States,Health Care,30117044
R22 SA,Poland,Technology,5918553
RAI Way SpA,Italy,Telecommunications,39330869
RAPT Therapeutics Inc,United States,Health Care,5112360
RBC Bearings Inc,United States,Basic Materials,41854717
RBL Bank Ltd,India,Financials,41814099
RDC Semiconductor Co Ltd,Taiwan,Technology,4645296
REA Group Ltd,Australia,Real Estate,18031787
REC Ltd,India,Financials,16248557
REGENXBIO Inc,United States,Health Care,7407696
RELX PLC,United Kingdom,Consumer Discretionary,1355974090
REN - Redes Energeticas Nacionais SGPS SA,Portugal,Utilities,23537279
RENOVA Inc,Japan,Utilities,12695638
REVOLUTION Medicines Inc,United States,Health Care,14831309
RFHIC Corp,South Korea,Telecommunications,2189998
RGT BHD,Malaysia,Industrials,3474739
RH,United States,Consumer Discretionary,47513329
RHB Bank Bhd,Malaysia,Financials,62476699
RHI Magnesita NV,United Kingdom,Basic Materials,13845968
RHT Health Trust,Singapore,Health Care,175301
RLH Properties SAB de CV,Mexico,Consumer Discretionary,15918306
RLI Corp,United States,Financials,32847430
RLJ Lodging Trust,United States,Real Estate,33938292
RLX Technology Inc,China,Consumer Staples,13367662
RMR Group Inc/The,United States,Real Estate,28
ROBLOX Corp,United States,Consumer Discretionary,78755366
ROCKWOOL A/S,Denmark,Industrials,33629790
RPA Holdings Inc,Japan,Technology,585987
RPM International Inc,United States,Industrials,111224850
RPMGlobal Holdings Ltd,Australia,Technology,8166029
RPT Realty,United States,Real Estate,6827993
RS GROUP PLC,United Kingdom,Industrials,124840082
RS Technologies Co Ltd,Japan,Technology,20370754
RTL Group SA,Germany,Consumer Discretionary,35067634
RXO Inc,United States,Industrials,16391050
Raccoon Holdings Inc,Japan,Consumer Discretionary,819
Racing Force SpA,Italy,Consumer Discretionary,1048694
Radian Group Inc,United States,Financials,14078427
Radiant Opto-Electronics Corp,Taiwan,Technology,27698256
Radico Khaitan Ltd,India,Consumer Staples,8937462
Radium Life Tech Co Ltd,Taiwan,Real Estate,4494758
Radware Ltd,Israel,Technology,17364042
Rafako SA,Poland,Industrials,552762
Raffles Medical Group Ltd,Singapore,Health Care,17660201
Raia Drogasil SA,Brazil,Consumer Staples,1123159
Raiffeisen Bank International AG,Austria,Financials,34811034
Rain Industries Ltd,India,Industrials,3095008
Rainbow Tours SA,Poland,Consumer Discretionary,1246936
Raisio Oyj,Finland,Consumer Staples,7890641
Raito Kogyo Co Ltd,Japan,Industrials,20893373
Raizen SA,Brazil,Energy,708367
Raiznext Corp,Japan,Industrials,3924711
Rajesh Exports Ltd,India,Consumer Discretionary,9755437
Raksul Inc,Japan,Industrials,11184509
Rakus Co Ltd,Japan,Technology,18270414
Rakuten Group Inc,Japan,Technology,45362904
Rallis India Ltd,India,Basic Materials,2639398
Rallye SA,France,Consumer Discretionary,112582
Ralph Lauren Corp,United States,Consumer Discretionary,95843
Ramayana Lestari Sentosa Tbk PT,Indonesia,Consumer Discretionary,2158052
Rambus Inc,United States,Technology,41548155
Ramco Cements Ltd/The,India,Industrials,6389898
Rami Levy Chain Stores Hashikma Marketing 2006 Ltd,Israel,Consumer Staples,9475026
Ramsay Health Care Ltd,Australia,Health Care,120718940
Randstad NV,Netherlands,Industrials,103913985
Rank Group PLC,United Kingdom,Consumer Discretionary,3652817
Ranpak Holdings Corp,United States,Industrials,179972
Rapid7 Inc,United States,Technology,20260983
Ras Al Khaimah Ceramics,United Arab Emirates,Industrials,7503322
Ratchthani Leasing PCL,Thailand,Industrials,4988784
Rathbones Group PLC,United Kingdom,Financials,38496286
Rational AG,Germany,Industrials,82464497
Ratnamani Metals & Tubes Ltd,India,Basic Materials,5495359
Ratos AB,Sweden,Financials,19110662
Raubex Group Ltd,South Africa,Industrials,2493178
Raven Property Group Ltd,United Kingdom,Real Estate,80229
Ray Co Ltd/KR,South Korea,Health Care,6849612
Raydium Semiconductor Corp,Taiwan,Technology,10996893
Raymond James Financial Inc,United States,Financials,201722542
Raymond Ltd,India,Basic Materials,5531578
Rayonier Inc,United States,Real Estate,376137378
Raytheon Technologies Corp,United States,Industrials,1545211754
Reach PLC,United Kingdom,Consumer Discretionary,3856032
Realord Group Holdings Ltd,Hong Kong,Industrials,1135
Realtek Semiconductor Corp,Taiwan,Technology,74055539
Realty Income Corp,United States,Real Estate,306793530
Reata Pharmaceuticals Inc,United States,Health Care,7800069
Rechi Precision Co Ltd,Taiwan,Industrials,3625762
Reckitt Benckiser Group PLC,United Kingdom,Consumer Staples,1165749650
Recordati Industria Chimica e Farmaceutica SpA,Italy,Health Care,83946722
Recruit Holdings Co Ltd,Japan,Industrials,666348523
Recticel SA,Belgium,Industrials,8035945
Recursion Pharmaceuticals Inc,United States,Health Care,33702823
Red 5 Ltd,Australia,Basic Materials,1338095
Red Electrica Corp SA,Spain,Utilities,130961910
Red Rock Resorts Inc,United States,Consumer Discretionary,17769401
Red Star Macalline Group Corp Ltd,China,Real Estate,1616515
Redbubble Ltd,Australia,Consumer Discretionary,761193
Redco Properties Group Ltd,China,Real Estate,206
Redde Northgate PLC,United Kingdom,Industrials,37775252
Rede D'Or Sao Luiz SA,Brazil,Health Care,1978077
Redfin Corp,United States,Real Estate,3831637
Redington Ltd,India,Technology,22659855
Redrow PLC,United Kingdom,Consumer Discretionary,35631227
Redwood Trust Inc,United States,Financials,7533554
Reece Ltd,Australia,Industrials,24301814
Regal Rexnord Corp,United States,Industrials,74496542
Regency Centers Corp,United States,Real Estate,1008662437
Regeneron Pharmaceuticals Inc,United States,Health Care,679464650
Region RE Ltd,Australia,Real Estate,20164951
Regional SAB de CV,Mexico,Financials,39382591
Regions Financial Corp,United States,Financials,196749208
Regis Healthcare Ltd,Australia,Health Care,1995950
Regis Resources Ltd,Australia,Basic Materials,15114660
Reinsurance Group of America Inc,United States,Financials,96942323
Reit 1 Ltd,Israel,Real Estate,1380497
Reject Shop Ltd/The,Australia,Consumer Discretionary,53962
Relatech SpA,Italy,Technology,1184601
Relaxo Footwears Ltd,India,Consumer Discretionary,4323337
Relay Therapeutics Inc,United States,Health Care,26717546
Relia Inc,Japan,Industrials,2913575
Reliance Home Finance Ltd,India,Financials,78192
Reliance Industries Ltd,India,Energy,1641684396
Reliance Steel & Aluminum Co,United States,Basic Materials,78365536
Reliance Worldwide Corp Ltd,Australia,Industrials,41035634
Relo Group Inc,Japan,Real Estate,48118837
Relpol SA,Poland,Industrials,15142
Remed Co Ltd,South Korea,Health Care,1647809
Remegen Co Ltd,China,Health Care,11272212
Remgro Ltd,South Africa,Financials,9522477
Remixpoint Inc,Japan,Utilities,2537218
Remy Cointreau SA,France,Consumer Staples,93481923
RenaissanceRe Holdings Ltd,United States,Financials,38719251
Renasant Corp,United States,Financials,19074219
Renascor Resources Ltd,Australia,Basic Materials,745889
Renata Ltd,Bangladesh,Health Care,11424974
Renault SA,France,Consumer Discretionary,148010782
Renesas Electronics Corp,Japan,Technology,250498119
Rengo Co Ltd,Japan,Industrials,47690561
Renishaw PLC,United Kingdom,Industrials,35212653
Rent-A-Center Inc/TX,United States,Consumer Discretionary,10833494
Rentokil Initial PLC,United Kingdom,Industrials,375040479
Renuka Agri Foods PLC,Sri Lanka,Consumer Staples,48053
Repligen Corp,United States,Health Care,83313388
Replimune Group Inc,United States,Health Care,3854240
Reply SpA,Italy,Technology,79854690
Repsol SA,Spain,Energy,701445193
Republic Bancorp Inc/KY,United States,Financials,3081112
Republic Services Inc,United States,Utilities,251654846
ResMed Inc,United States,Health Care,285733461
Resideo Technologies Inc,United States,Industrials,23759656
Resolute Forest Products Inc,United States,Basic Materials,3918585
Resona Holdings Inc,Japan,Financials,133988070
Resorttrust Inc,Japan,Consumer Discretionary,26684727
Resources Connection Inc,United States,Industrials,3876048
Restar Holdings Corp,Japan,Technology,2977545
Restaurant Brands Asia Ltd,India,Consumer Discretionary,810036
Restaurant Brands International Inc,Canada,Consumer Discretionary,86317166
Restaurant Brands New Zealand Ltd,New Zealand,Consumer Discretionary,926613
Restaurant Group PLC/The,United Kingdom,Consumer Discretionary,4620397
Resurs Holding AB,Sweden,Financials,8023584
Retail Estates NV,Belgium,Real Estate,17717281
Retail Opportunity Investments Corp,United States,Real Estate,17732304
Retail Partners Co Ltd,Japan,Consumer Staples,1314517
Retail Value Inc,United States,Real Estate,0
Reunert Ltd,South Africa,Industrials,2753981
Revance Therapeutics Inc,United States,Health Care,2972060
Revenio Group Oyj,Finland,Health Care,22813232
Rexel SA,France,Industrials,282627308
Rexford Industrial Realty Inc,United States,Real Estate,283318946
Rexon Industrial Corp Ltd,Taiwan,Consumer Discretionary,1450469
Reynolds Consumer Products Inc,United States,Consumer Staples,3790221
Rheinmetall AG,Germany,Industrials,191158483
Rheon Automatic Machinery Co Ltd,Japan,Industrials,1487375
Rhythm Co Ltd,Japan,Consumer Discretionary,719
Rich Development Co Ltd,Taiwan,Real Estate,3097701
RichWave Technology Corp,Taiwan,Technology,3976125
Richter Gedeon Nyrt,Hungary,Health Care,52712184
Ricoh Co Ltd,Japan,Technology,51501468
Ricoh Leasing Co Ltd,Japan,Industrials,3662397
Ridley Corp Ltd,Australia,Consumer Staples,6937296
Rieter Holding AG,Switzerland,Industrials,8623233
Right On Co Ltd,Japan,Consumer Discretionary,466006
Rightmove PLC,United Kingdom,Real Estate,124520027
Riken Corp,Japan,Consumer Discretionary,609108
Riken Keiki Co Ltd,Japan,Industrials,11244686
Riken Technos Corp,Japan,Industrials,1886160
Riken Vitamin Co Ltd,Japan,Consumer Staples,2096503
RingCentral Inc,United States,Technology,31315902
Ringer Hut Co Ltd,Japan,Consumer Discretionary,1667
Ringkjoebing Landbobank A/S,Denmark,Financials,100179689
Rinnai Corp,Japan,Consumer Discretionary,41866065
Rio Tinto Ltd,Australia,Basic Materials,430408090
Rio Tinto PLC,United Kingdom,Basic Materials,1877826709
RioCan Real Estate Investment Trust,Canada,Real Estate,52229081
Riso Kagaku Corp,Japan,Technology,3850429
Riso Kyoiku Co Ltd,Japan,Consumer Discretionary,1889597
Ritchie Bros Auctioneers Inc,Canada,Consumer Discretionary,79537205
Ritek Corp,Taiwan,Industrials,25094
Rithm Capital Corp,United States,Financials,11415541
Riverstone Holdings Ltd,Singapore,Health Care,4482778
Rivian Automotive Inc,United States,Consumer Discretionary,84251694
Riyue Heavy Industry Co Ltd,China,Basic Materials,7446117
Rizzoli Corriere Della Sera Mediagroup SpA,Italy,Consumer Discretionary,1349153
Road King Infrastructure Ltd,China,Real Estate,1113183
Robert Half International Inc,United States,Industrials,56630563
Robert Walters PLC,United Kingdom,Industrials,809288
Robertet SA,France,Basic Materials,1670449
Robinhood Markets Inc,United States,Financials,33089401
Robinsons Land Corp,Philippines,Real Estate,2113581
Robinsons Retail Holdings Inc,Philippines,Consumer Discretionary,1962207
Robot Home Inc,Japan,Real Estate,572714
Roche Holding AG,Switzerland,Health Care,6299382755
Rock Field Co Ltd,Japan,Consumer Staples,2089919
Rocket Internet SE,Germany,Financials,13104624
Rocket Pharmaceuticals Inc,United States,Health Care,6277528
Rockwell Automation Inc,United States,Industrials,208018168
Rogers Communications Inc,Canada,Telecommunications,5418499
Rogers Corp,United States,Technology,197665706
Rohm Co Ltd,Japan,Technology,74001398
Rohto Pharmaceutical Co Ltd,Japan,Health Care,56089970
Rojukiss International PCL,Thailand,Consumer Discretionary,19511
Rokko Butter Co Ltd,Japan,Consumer Staples,1157883
Roku Inc,United States,Telecommunications,31328540
Roland Corp,Japan,Consumer Discretionary,2516139
Roland DG Corp,Japan,Technology,2274344
Rollins Inc,United States,Consumer Discretionary,82567976
Rolls-Royce Holdings PLC,United Kingdom,Industrials,184539788
Rongsheng Petrochemical Co Ltd,China,Basic Materials,16958899
Ronshine China Holdings Ltd,China,Real Estate,72
Roo Hsing Co Ltd,Taiwan,Consumer Discretionary,551947
Roper Technologies Inc,United States,Technology,487121414
Rorze Corp,Japan,Industrials,14743235
Ros Agro PLC,Russia,Consumer Staples,437585
Ross Stores Inc,United States,Consumer Discretionary,359664484
Rosseti Centre PJSC,Russia,Utilities,804925
Rosseti Moscow Region PJSC,Russia,Utilities,176483
Rosseti South PJSC,Russia,Utilities,108757
Rosseti Volga PJSC,Russia,Utilities,35828
Rostelecom PJSC,Russia,Telecommunications,845602
Rothschild & Co,France,Financials,26425973
Rotork PLC,United Kingdom,Industrials,63716013
Round One Corp,Japan,Consumer Discretionary,6398208
Route Mobile Ltd,India,Telecommunications,704072
Rovio Entertainment Oyj,Finland,Consumer Discretionary,1852465
Royal Bank of Canada,Canada,Financials,1550898011
Royal Caribbean Cruises Ltd,United States,Consumer Discretionary,97780053
Royal Gold Inc,United States,Basic Materials,239552206
Royal Holdings Co Ltd,Japan,Consumer Discretionary,100224
Royal Unibrew A/S,Denmark,Consumer Staples,91453555
Royalty Pharma PLC,United States,Health Care,147290408
Rubis SCA,France,Consumer Discretionary,60279042
Ruentex Development Co Ltd,Taiwan,Real Estate,46402869
Ruentex Industries Ltd,Taiwan,Basic Materials,21990332
Rukun Raharja Tbk PT,Indonesia,Utilities,5873618
Rumo SA,Brazil,Industrials,100051621
Rural Funds Group,Australia,Real Estate,2584530
RusHydro PJSC,Russia,Utilities,0
Rush Enterprises Inc,United States,Consumer Discretionary,21555410
Rush Street Interactive Inc,United States,Consumer Discretionary,3830530
Russel Metals Inc,Canada,Basic Materials,15469258
Rvrc Holding AB,Sweden,Consumer Discretionary,11991608
Ryanair Holdings PLC,Ireland,Consumer Discretionary,23967883
Ryder System Inc,United States,Industrials,61907486
Ryerson Holding Corp,United States,Basic Materials,3821838
Ryman Healthcare Ltd,New Zealand,Health Care,17871883
Ryman Hospitality Properties Inc,United States,Real Estate,32747411
Ryobi Ltd,Japan,Basic Materials,865824
Ryoden Corp,Japan,Technology,1742209
Ryohin Keikaku Co Ltd,Japan,Consumer Discretionary,64842978
Ryosan Co Ltd,Japan,Technology,2907803
Ryoyo Electro Corp,Japan,Technology,1828232
Ryvu Therapeutics SA,Poland,Health Care,4091862
S Foods Inc,Japan,Consumer Staples,12904783
S Hotels & Resorts PCL,Thailand,Consumer Discretionary,1371144
S IMMO AG,Austria,Real Estate,1866484
S&P Global Inc,United States,Financials,1086745654
S&S Tech Corp,South Korea,Technology,2496133
S&T Bancorp Inc,United States,Financials,10239474
S-1 Corp,South Korea,Industrials,11640807
S-MAC Co Ltd/Korea,South Korea,Telecommunications,288466
S-Oil Corp,South Korea,Energy,40990320
S-Pool Inc,Japan,Industrials,8817784
S4 Capital PLC,United Kingdom,Consumer Discretionary,22213363
SAES Getters SpA,Italy,Industrials,22198217
SAF-Holland SE,Germany,Consumer Discretionary,7661503
SAIC Motor Corp Ltd,China,Consumer Discretionary,7388067
SAM KANG M&T Co Ltd,South Korea,Basic Materials,5848885
SAMHWA NETWORKS Co Ltd,South Korea,Consumer Discretionary,2519026
SAMTY Co Ltd,Japan,Real Estate,3670143
SAP SE,Germany,Technology,3460319186
SATS Ltd,Singapore,Consumer Discretionary,22379505
SB Technology Corp,Japan,Technology,576637
SBA Communications Corp,United States,Real Estate,306051708
SBI Cards & Payment Services Ltd,India,Financials,66391107
SBI Holdings Inc,Japan,Financials,89954012
SBI Life Insurance Co Ltd,India,Financials,88570658
SBM Offshore NV,Netherlands,Energy,62435248
SBS Holdings Inc,Japan,Industrials,18012374
SCB X PCL,Thailand,Financials,123079166
SCG Packaging PCL,Thailand,Industrials,11901343
SCM Lifescience Co Ltd,South Korea,Health Care,773009
SCOR SE,France,Financials,194876241
SCREEN Holdings Co Ltd,Japan,Technology,51173497
SCSK Corp,Japan,Technology,29238942
SD Biosensor Inc,South Korea,Health Care,12571368
SDI Corp,Taiwan,Technology,11378998
SDS Optic SA,Poland,Health Care,346765
SEB SA,France,Consumer Discretionary,61868426
SEEK Ltd,Australia,Industrials,61882387
SEI Investments Co,United States,Financials,29691432
SES SA,France,Telecommunications,61010318
SES-imagotag SA,France,Industrials,14496448
SF Holding Co Ltd,China,Industrials,237470755
SFA Engineering Corp,South Korea,Industrials,5093956
SFA Semicon Co Ltd,South Korea,Technology,2075968
SFC Energy AG,Germany,Energy,2908585
SFL Corp Ltd,United States,Industrials,9177892
SFP Tech Holdings Bhd,Malaysia,Industrials,7382247
SFS Group AG,Switzerland,Industrials,42864219
SG Capital PCL,Thailand,Financials,649762
SG Fleet Group Ltd,Australia,Consumer Discretionary,2157191
SG Holdings Co Ltd,Japan,Industrials,92878056
SG Micro Corp,China,Technology,27799356
SGL Carbon SE,Germany,Basic Materials,17750998
SGS SA,Switzerland,Industrials,358305447
SHIFT Inc,Japan,Technology,28765629
SHO-BOND Holdings Co Ltd,Japan,Industrials,35978735
SIA Engineering Co Ltd,Singapore,Industrials,6299436
SIG Group AG,Switzerland,Industrials,213296127
SIG PLC,United Kingdom,Industrials,3461438
SIGA Technologies Inc,United States,Health Care,3633632
SIGMAXYZ Holdings Inc,Japan,Industrials,1493450
SIMMTECH Co Ltd,South Korea,Technology,4772964
SIMPAR SA,Brazil,Industrials,3952227
SIS Ltd,India,Industrials,4433394
SISB PCL,Thailand,Consumer Discretionary,4213079
SITC International Holdings Co Ltd,Hong Kong,Industrials,53152412
SITE Centers Corp,United States,Real Estate,35855273
SJ Group Co Ltd,South Korea,Consumer Discretionary,25991
SJM Holdings Ltd,Hong Kong,Consumer Discretionary,21286990
SJW Group,United States,Utilities,19796477
SK Biopharmaceuticals Co Ltd,South Korea,Health Care,22673608
SK Bioscience Co Ltd,South Korea,Health Care,21060872
SK Chemicals Co Ltd,South Korea,Basic Materials,8563675
SK D&D Co Ltd,South Korea,Real Estate,8210573
SK Discovery Co Ltd,South Korea,Basic Materials,2642838
SK Gas Ltd,South Korea,Utilities,12681341
SK Hynix Inc,South Korea,Technology,489277992
SK IE Technology Co Ltd,South Korea,Technology,17248658
SK Inc,South Korea,Technology,159371894
SK Innovation Co Ltd,South Korea,Energy,131272652
SK Networks Co Ltd,South Korea,Industrials,3327177
SK REITs Co Ltd,South Korea,Real Estate,2597717
SK Securities Co Ltd,South Korea,Financials,1333028
SK Square Co Ltd,South Korea,Telecommunications,155737780
SK Telecom Co Ltd,South Korea,Telecommunications,54099268
SKAN Group AG,Switzerland,Industrials,17046158
SKC Co Ltd,South Korea,Basic Materials,13886065
SKF AB,Sweden,Basic Materials,115025605
SKF India Ltd,India,Basic Materials,8751954
SKP Resources Bhd,Malaysia,Industrials,12357929
SKY Network Television Ltd,New Zealand,Telecommunications,1489885
SKY Perfect JSAT Holdings Inc,Japan,Telecommunications,4924802
SKYCITY Entertainment Group Ltd,New Zealand,Consumer Discretionary,11902055
SL Corp,South Korea,Consumer Discretionary,2642762
SL Green Realty Corp,United States,Real Estate,24416922
SLM Corp,United States,Financials,41054307
SLP Resources Bhd,Malaysia,Industrials,1294799
SM Entertainment Co Ltd,South Korea,Consumer Discretionary,52230419
SM Investments Corp,Philippines,Consumer Discretionary,22893131
SM Prime Holdings Inc,Philippines,Real Estate,15167136
SMA Solar Technology AG,Germany,Energy,12630679
SMARTBROKER HOLDING AG,Germany,Consumer Discretionary,560947
SMC Corp,Japan,Industrials,409457959
SMCP SA,France,Consumer Discretionary,6683071
SMK Corp,Japan,Technology,108224
SMS Co Ltd,Japan,Industrials,28074876
SMU SA,Chile,Consumer Staples,19407450
SNC-Lavalin Group Inc,Canada,Industrials,37445047
SNT Dynamics Co Ltd,South Korea,Consumer Discretionary,76648
SNT Motiv Co Ltd,South Korea,Consumer Discretionary,2095184
SOHO China Ltd,China,Real Estate,2283377
SOITEC,France,Technology,103083438
SOL SpA,Italy,Basic Materials,39691066
SOLUM Co Ltd,South Korea,Industrials,8616308
SONDA SA,Chile,Technology,190264
SOSiLA Logistics REIT Inc,Japan,Real Estate,5953011
SP Setia Bhd Group,Malaysia,Real Estate,3389332
SPAR Group Ltd/The,South Africa,Consumer Staples,7458528
SPCG PCL,Thailand,Utilities,1202619
SPH REIT,Singapore,Real Estate,4595556
SPIE SA,France,Industrials,111658412
SPS Commerce Inc,United States,Technology,42215198
SPX Technologies Inc,United States,Industrials,28629440
SRA Holdings,Japan,Technology,2440557
SRE Holdings Corp,Japan,Real Estate,722483
SRF Ltd,India,Basic Materials,47570900
SRG Global Ltd,Australia,Industrials,6290658
SS&C Technologies Holdings Inc,United States,Technology,121885111
SSAB AB,Sweden,Basic Materials,75887934
SSANGYONG C&E Co Ltd,South Korea,Industrials,7215318
SSE PLC,United Kingdom,Utilities,366200759
SSI Securities Corp,Vietnam,Financials,12330449
SSP Group Plc,United Kingdom,Consumer Discretionary,57871212
SSR Mining Inc,Canada,Basic Materials,36211869
SSY Group Ltd,China,Health Care,10180685
ST Corp,Japan,Consumer Discretionary,1733794
ST Pharm Co Ltd,South Korea,Health Care,15762802
STAAR Surgical Co,United States,Health Care,14148391
STAG Industrial Inc,United States,Real Estate,59208786
STARK Corp PCL,Thailand,Consumer Discretionary,3521864
STCUBE,South Korea,Technology,1812219
STERIS PLC,United States,Health Care,149537952
STMicroelectronics NV,France,Technology,503861991
STO Express Co Ltd,China,Industrials,3349138
STORE Capital Corp,United States,Real Estate,99862668
STRATEC SE,Germany,Health Care,13977169
STS Holding SA,Poland,Consumer Discretionary,28228342
SUESS MicroTec SE,Germany,Technology,3708299
SUMCO Corp,Japan,Technology,71209192
SUNeVision Holdings Ltd,Hong Kong,Technology,4687177
SUSE SA,Germany,Technology,17601879
SUSMED Inc,Japan,Technology,409577
SVB Financial Group,United States,Financials,137928425
SWCC Showa Holdings Co Ltd,Japan,Industrials,2101230
Sa Sa International Holdings Ltd,Hong Kong,Consumer Discretionary,2147751
Saab AB,Sweden,Industrials,91988641
Sabaf SpA,Italy,Technology,3560346
Sabana Industrial Real Estate Investment Trust,Singapore,Real Estate,5434322
Sabra Health Care REIT Inc,United States,Real Estate,26808788
Sabre Corp,United States,Consumer Discretionary,9897981
Sac's Bar Holdings Inc,Japan,Consumer Discretionary,125958
Sacyr SA,Spain,Industrials,32578637
Safaricom PLC,Kenya,Telecommunications,42459243
Safehold Inc,United States,Real Estate,10319656
Safestore Holdings PLC,United Kingdom,Real Estate,46055701
Safety Insurance Group Inc,United States,Financials,84
Safilo Group SpA,Italy,Consumer Discretionary,12669965
Saga PLC,United Kingdom,Consumer Discretionary,6896825
Sagami Holdings Corp,Japan,Consumer Discretionary,226324
Sagami Rubber Industries Co Ltd,Japan,Consumer Staples,33423
Sagax AB,Sweden,Real Estate,105587491
Sage Group PLC/The,United Kingdom,Technology,29013109
Sage Therapeutics Inc,United States,Health Care,18715374
Saia Inc,United States,Industrials,24618529
Saibu Gas Holdings Co Ltd,Japan,Utilities,2286093
Saigon Beer Alcohol Beverage Corp,Vietnam,Consumer Staples,10314932
Saigon Thuong Tin Commercial JSB,Vietnam,Financials,29068237
Saintmed PCL,Thailand,Health Care,1543010
Saipem SpA,Italy,Energy,35457
Saizeriya Co Ltd,Japan,Consumer Discretionary,32896913
Sakai Chemical Industry Co Ltd,Japan,Basic Materials,1643635
Sakai Moving Service Co Ltd,Japan,Industrials,2625583
Sakata INX Corp,Japan,Industrials,15402441
Sakata Seed Corp,Japan,Consumer Staples,9788170
Sala Corp,Japan,Utilities,1068148
Salcef Group SpA,Italy,Industrials,22947501
Salesforce Inc,United States,Technology,1404684978
Salik Co PJSC,United Arab Emirates,Industrials,75415522
Sally Beauty Holdings Inc,United States,Consumer Discretionary,8765552
Salvatore Ferragamo SpA,Italy,Consumer Discretionary,22656663
Salzgitter AG,Germany,Basic Materials,32066249
Sam Chun Dang Pharm Co Ltd,South Korea,Health Care,3958834
Sam Engineering & Equipment M Bhd,Malaysia,Industrials,4549478
Sam Young Electronics Co Ltd,South Korea,Technology,511158
Samart Corp PCL,Thailand,Telecommunications,1267036
Samart Telcoms PCL,Thailand,Telecommunications,438285
Sambu Engineering & Construction Co Ltd,South Korea,Industrials,1152009
Samchully Co Ltd,South Korea,Utilities,5253530
Samhallsbyggnadsbolaget i Norden AB,Sweden,Real Estate,2009822
Sampath Bank PLC,Sri Lanka,Financials,1109018
Sampo Corp,Taiwan,Consumer Discretionary,5618416
Sampo Oyj,Finland,Financials,516681671
Samsara Inc,United States,Technology,7734219
Samsonite International SA,Hong Kong,Consumer Discretionary,79071225
Samsung Biologics Co Ltd,South Korea,Health Care,199518232
Samsung C&T Corp,South Korea,Industrials,142249366
Samsung Card Co Ltd,South Korea,Financials,3532890
Samsung Electro-Mechanics Co Ltd,South Korea,Technology,81073773
Samsung Electronics Co Ltd,South Korea,Technology,4069462825
Samsung Engineering Co Ltd,South Korea,Industrials,32396471
Samsung Fire & Marine Insurance Co Ltd,South Korea,Financials,94318727
Samsung Heavy Industries Co Ltd,South Korea,Industrials,23708061
Samsung Life Insurance Co Ltd,South Korea,Financials,83260839
Samsung Pharmaceutical Co Ltd,South Korea,Health Care,614303
Samsung SDI Co Ltd,South Korea,Technology,446441440
Samsung SDS Co Ltd,South Korea,Technology,58524258
Samsung Securities Co Ltd,South Korea,Financials,13271724
Samty Residential Investment Corp,Japan,Real Estate,5622558
Samvardhana Motherson International Ltd,India,Consumer Discretionary,16178663
Samwha Capacitor Co Ltd,South Korea,Industrials,1394377
Samyang Corp,South Korea,Consumer Staples,937882
Samyang Foods Co Ltd,South Korea,Consumer Staples,11211452
Samyang Holdings Corp,South Korea,Consumer Staples,2522151
San ju San Financial Group Inc,Japan,Financials,3267595
San-A Co Ltd,Japan,Consumer Staples,5484638
San-Ai Obbli Co Ltd,Japan,Consumer Discretionary,4589981
San-In Godo Bank Ltd/The,Japan,Financials,7163717
SanBio Co Ltd,Japan,Health Care,4267127
Sana Biotechnology Inc,United States,Health Care,986003
Sandfire Resources Ltd,Australia,Basic Materials,15367745
Sands China Ltd,Hong Kong,Consumer Discretionary,199469151
Sandvik AB,Sweden,Industrials,316571307
Sandy Spring Bancorp Inc,United States,Financials,15999423
Sanei Architecture Planning Co Ltd,Japan,Real Estate,685249
Sangetsu Corp,Japan,Consumer Discretionary,8898381
Sangsangin Co Ltd,South Korea,Telecommunications,1563356
Sankei Real Estate Inc,Japan,Real Estate,841401
Sanken Electric Co Ltd,Japan,Technology,22849977
Sanki Engineering Co Ltd,Japan,Industrials,5422586
Sankyo Co Ltd,Japan,Consumer Discretionary,40649185
Sankyo Seiko Co Ltd,Japan,Consumer Discretionary,1209255
Sankyo Tateyama Inc,Japan,Industrials,1141676
Sankyu Inc,Japan,Industrials,30500329
Sanlam Ltd,South Africa,Financials,88935572
Sanlorenzo SpA/Ameglia,Italy,Consumer Discretionary,11229912
Sanmina Corp,United States,Technology,6101442
Sanofi,France,Health Care,2553987622
Sanofi India Ltd,India,Health Care,5360921
Sanoh Industrial Co Ltd,Japan,Consumer Discretionary,401904
Sanoma Oyj,Finland,Consumer Discretionary,19048296
Sanrio Co Ltd,Japan,Consumer Discretionary,31032235
Sansan Inc,Japan,Technology,7147535
Sanshin Electronics Co Ltd,Japan,Technology,1937374
Sansiri PCL,Thailand,Real Estate,1222694
Santam Ltd,South Africa,Financials,5380748
Santander Bank Polska SA,Poland,Financials,32903363
Santen Pharmaceutical Co Ltd,Japan,Health Care,63826901
Sanwa Holdings Corp,Japan,Industrials,24742035
Sanxun Holdings Group Ltd,China,Real Estate,384056
Sany Heavy Equipment International Holdings Co Ltd,China,Industrials,14658044
Sany Heavy Industry Co Ltd,China,Industrials,20455491
Sanyang Motor Co Ltd,Taiwan,Consumer Discretionary,13878724
Sanyo Chemical Industries Ltd,Japan,Basic Materials,4126394
Sanyo Denki Co Ltd,Japan,Industrials,3399611
Sanyo Electric Railway Co Ltd,Japan,Consumer Discretionary,1787747
Sanyo Shokai Ltd,Japan,Consumer Discretionary,294584
Sanyo Special Steel Co Ltd,Japan,Basic Materials,2538579
Sao Carlos Empreendimentos e Participacoes SA,Brazil,Real Estate,3863245
Sao Martinho SA,Brazil,Consumer Staples,6672396
Sapiens International Corp NV,Israel,Technology,6746
Sappi Ltd,South Africa,Basic Materials,38303650
Sapporo Holdings Ltd,Japan,Consumer Staples,17592629
Sapura Energy Bhd,Malaysia,Energy,105501
Saputo Inc,Canada,Consumer Staples,54308263
Sarana Menara Nusantara Tbk PT,Indonesia,Telecommunications,1801966
Sarantis SA,Greece,Consumer Staples,138529
Saras SpA,Italy,Energy,13890792
Saratoga Investama Sedaya Tbk PT,Indonesia,Financials,3467536
Saratovskiy Neftepererabatyvayuschiy Zavod PJSC,Russia,Energy,46641
Saregama India Ltd,India,Consumer Discretionary,791950
Sarepta Therapeutics Inc,United States,Health Care,118785338
Sarimelati Kencana PT,Indonesia,Consumer Discretionary,1422194
Sartorius AG,Germany,Health Care,345824082
Sartorius Stedim Biotech,France,Health Care,204395534
Satellite Chemical Co Ltd,China,Basic Materials,46681208
Sato Holdings Corp,Japan,Technology,13997112
Saul Centers Inc,United States,Real Estate,4591389
Savills PLC,United Kingdom,Real Estate,25697035
Savior Lifetec Corp,Taiwan,Health Care,3253058
Sawai Group Holdings Co Ltd,Japan,Health Care,20466091
Sayona Mining Ltd,Australia,Basic Materials,11142123
Sberbank of Russia PJSC,Russia,Financials,53121507
Scales Corp Ltd,New Zealand,Consumer Staples,6868818
ScanSource Inc,United States,Technology,7720625
Scandic Hotels Group AB,Sweden,Consumer Discretionary,9753722
Scentre Group,Australia,Real Estate,144080680
Schaeffler AG,Germany,Consumer Discretionary,30846700
Schaeffler India Ltd,India,Basic Materials,5935161
Schindler Holding AG,Switzerland,Industrials,199074084
Schlumberger Ltd,United States,Energy,990351686
Schneider Electric SE,France,Industrials,1975694915
Schneider National Inc,United States,Industrials,14200033
Schoeller-Bleckmann Oilfield Equipment AG,Austria,Energy,19432039
Scholar Rock Holding Corp,United States,Health Care,1376505
Scholastic Corp,United States,Consumer Discretionary,8188739
Schouw & Co A/S,Denmark,Industrials,25336036
Schroders PLC,United Kingdom,Financials,11956713
Schrodinger Inc/United States,United States,Technology,7622829
Schweiter Technologies AG,Switzerland,Industrials,19214596
Science Applications International Corp,United States,Technology,60581535
Scientex BHD,Malaysia,Industrials,9041653
ScinoPharm Taiwan Ltd,Taiwan,Health Care,6821219
Sciuker Frames SpA,Italy,Industrials,1617684
Scope Fluidics SA,Poland,Health Care,3784554
Scorpio Tankers Inc,United States,Industrials,23347633
Scotts Miracle-Gro Co/The,United States,Basic Materials,5287224
Scout24 SE,Germany,Technology,152792632
Sdiptech AB,Sweden,Industrials,3371661
SeAH Steel Holdings Corp,South Korea,Basic Materials,10579743
Sea Harvest Group Ltd,South Africa,Consumer Staples,5815252
Sea Ltd,Singapore,Technology,324447685
SeaWorld Entertainment Inc,United States,Consumer Discretionary,14233178
Seagate Technology Holdings PLC,United States,Technology,89769443
Seagen Inc,United States,Health Care,276911677
Seah Besteel Holdings Corp,South Korea,Basic Materials,202819
Sealed Air Corp,United States,Industrials,73894526
Seazen Group Ltd,China,Real Estate,26846995
Sebang Global Battery Co Ltd,South Korea,Consumer Discretionary,2087022
Secom Co Ltd,Japan,Industrials,178304993
Sectra AB,Sweden,Health Care,46177426
Secunet Security Networks AG,Germany,Technology,9542400
Secure Energy Services Inc,Canada,Energy,5
Securitas AB,Sweden,Industrials,97399440
Security Bank Corp,Philippines,Financials,952283
Sedana Medical AB,Sweden,Health Care,4786960
Seegene Inc,South Korea,Health Care,12038617
Sega Sammy Holdings Inc,Japan,Consumer Discretionary,40457895
Segezha Group PJSC,Russia,Basic Materials,1860057
Segro PLC,United Kingdom,Real Estate,612276696
Seibu Holdings Inc,Japan,Industrials,35570774
Seika Corp,Japan,Industrials,1183069
Seikagaku Corp,Japan,Health Care,2847339
Seiko Epson Corp,Japan,Technology,40594629
Seiko Group Corp,Japan,Consumer Discretionary,3047440
Seino Holdings Co Ltd,Japan,Industrials,18762482
Seiren Co Ltd,Japan,Basic Materials,15911264
Sekisui Chemical Co Ltd,Japan,Consumer Discretionary,75836782
Sekisui House Ltd,Japan,Consumer Discretionary,215599919
Sekisui House Reit Inc,Japan,Real Estate,32998819
Sekisui Jushi Corp,Japan,Industrials,3434014
Sekisui Kasei Co Ltd,Japan,Industrials,672814
Select Energy Services Inc,United States,Energy,4671744
Select Harvests Ltd,Australia,Consumer Staples,4755847
Select Medical Holdings Corp,United States,Health Care,24027321
Selective Insurance Group Inc,United States,Financials,41342945
Selectquote Inc,United States,Consumer Discretionary,1
Sella Capital Real Estate Ltd,Israel,Real Estate,13772895
Selvita SA,Poland,Health Care,16426683
Semapa-Sociedade de Investimento e Gestao,Portugal,Basic Materials,8056334
Sembcorp Industries Ltd,Singapore,Utilities,38233503
Sembcorp Marine Ltd,Singapore,Industrials,26834742
Semen Indonesia Persero Tbk PT,Indonesia,Industrials,45461881
Semitronix Corp,China,Technology,12806517
Sempra Energy,United States,Utilities,988786019
Semtech Corp,United States,Technology,19994204
Senao International Co Ltd,Taiwan,Telecommunications,2994395
Sendas Distribuidora SA,Brazil,Consumer Staples,35537014
Senheng New Retail Bhd,Malaysia,Consumer Discretionary,1531220
Senior PLC,United Kingdom,Industrials,28117768
Senko Group Holdings Co Ltd,Japan,Industrials,6894581
Senshu Electric Co Ltd,Japan,Industrials,2777885
Senshu Ikeda Holdings Inc,Japan,Financials,4427457
Sensient Technologies Corp,United States,Basic Materials,29672388
Sensirion Holding AG,Switzerland,Industrials,25772030
Sensortek Technology Corp,Taiwan,Technology,2417335
Sentul City Tbk PT,Indonesia,Real Estate,4335959
Seobu T&D,South Korea,Real Estate,498298
Seojin System Co Ltd,South Korea,Telecommunications,2039148
Seoul Semiconductor Co Ltd,South Korea,Technology,2121287
Septeni Holdings Co Ltd,Japan,Consumer Discretionary,3095987
Sequoia Logistica e Transportes SA,Brazil,Industrials,2863175
Ser Educacional SA,Brazil,Consumer Discretionary,189750
Serba Dinamik Holdings Bhd,Malaysia,Energy,3684
Sercomm Corp,Taiwan,Telecommunications,8460263
Seri Industrial SpA,Italy,Industrials,7291822
Seria Co Ltd,Japan,Consumer Discretionary,45555665
Serko Ltd,New Zealand,Technology,3605011
Sermsang Power Corp Co Ltd,Thailand,Utilities,6951988
Service Corp International/US,United States,Consumer Discretionary,87387291
Service Properties Trust,United States,Real Estate,13443744
Service Stream Ltd,Australia,Telecommunications,5123728
ServiceNow Inc,United States,Technology,872149158
ServisFirst Bancshares Inc,United States,Financials,31122237
Sesa SpA,Italy,Technology,64767731
Seven & i Holdings Co Ltd,Japan,Consumer Discretionary,545525366
Seven Bank Ltd,Japan,Financials,16713214
Seven Group Holdings Ltd,Australia,Industrials,56430062
Seven West Media Ltd,Australia,Consumer Discretionary,13538222
Severn Trent PLC,United Kingdom,Utilities,197318498
Severstal PAO,Russia,Basic Materials,257780
Sewon Precision Industry Co Ltd,South Korea,Consumer Discretionary,334011
Shaftesbury PLC,United Kingdom,Real Estate,437909900
Shake Shack Inc,United States,Consumer Discretionary,12514152
Shakey's Pizza Asia Ventures Inc,Philippines,Consumer Discretionary,612997
Shandong Chenming Paper Holdings Ltd,China,Basic Materials,2442682
Shandong Gold Mining Co Ltd,China,Basic Materials,43157976
Shandong Head Group Co Ltd,China,Basic Materials,8226883
Shandong Hi-Speed New Energy Group Ltd,China,Energy,1557845
Shandong Hualu Hengsheng Chemical Co Ltd,China,Basic Materials,56251693
Shandong Nanshan Aluminum Co Ltd,China,Basic Materials,9925056
Shandong Sinocera Functional Material Co Ltd,China,Basic Materials,8675047
Shandong Sun Paper Industry JSC Ltd,China,Basic Materials,8324938
Shandong Weigao Group Medical Polymer Co Ltd,China,Health Care,107023622
Shanghai Bailian Group Co Ltd,China,Consumer Discretionary,5130824
Shanghai Baosight Software Co Ltd,China,Technology,14516912
Shanghai Chlor-Alkali Chemical Co Ltd,China,Basic Materials,780148
Shanghai Commercial & Savings Bank Ltd/The,Taiwan,Financials,74934450
Shanghai Dazhong Public Utilities Group Co Ltd,China,Utilities,1317400
Shanghai Electric Group Co Ltd,China,Industrials,7443235
Shanghai Flyco Electrical Appliance Co Ltd,China,Consumer Discretionary,1835378
Shanghai Fosun Pharmaceutical Group Co Ltd,China,Health Care,19459812
Shanghai Fudan Microelectronics Group Co Ltd,China,Technology,11459907
Shanghai Fudan-Zhangjiang Bio-Pharmaceutical Co Ltd,China,Health Care,175168
Shanghai Haixin Group Co,China,Basic Materials,573126
Shanghai Haohai Biological Technology Co Ltd,China,Health Care,723313
Shanghai Huayi Group Co Ltd,China,Consumer Discretionary,1936733
Shanghai Industrial Urban Development Group Ltd,China,Real Estate,960621
Shanghai International Airport Co Ltd,China,Industrials,27115183
Shanghai Jin Jiang Online Network Service Co Ltd,China,Consumer Discretionary,45318
Shanghai Jinjiang International Hotels Co Ltd,China,Consumer Discretionary,2583709
Shanghai Jinqiao Export Processing Zone Development Co Ltd,China,Real Estate,1865343
Shanghai Junshi Biosciences Co Ltd,China,Health Care,8269598
Shanghai Lujiazui Finance & Trade Zone Development Co Ltd,China,Real Estate,11229472
Shanghai M&G Stationery Inc,China,Consumer Staples,17175031
Shanghai Mechanical and Electrical Industry Co Ltd,China,Industrials,3155022
Shanghai Pharmaceuticals Holding Co Ltd,China,Health Care,22883196
Shanghai Putailai New Energy Technology Co Ltd,China,Basic Materials,37718597
Shanghai Shibei Hi-Tech Co Ltd,China,Real Estate,427039
Shanghai Waigaoqiao Free Trade Zone Group Co Ltd,China,Industrials,1593710
Shangri-La Asia Ltd,Hong Kong,Consumer Discretionary,14738444
Shanxi Xinghuacun Fen Wine Factory Co Ltd,China,Consumer Staples,37756327
Sharp Corp/Japan,Japan,Technology,22342145
Shaw Communications Inc,Canada,Telecommunications,155970096
Shede Spirits Co Ltd,China,Consumer Staples,20620997
Sheela Foam Ltd,India,Consumer Discretionary,687276
Shell PLC,United Kingdom,Energy,6162847743
Shenandoah Telecommunications Co,United States,Telecommunications,6500129
Sheng Siong Group Ltd,Singapore,Consumer Staples,9699717
Sheng Yu Steel Co Ltd,Taiwan,Basic Materials,3222772
Shengyi Technology Co Ltd,China,Technology,50127398
Shennan Circuits Co Ltd,China,Technology,28374949
Shenwan Hongyuan Group Co Ltd,China,Financials,1365257
Shenzhen Dynanonic Co Ltd,China,Basic Materials,3827865
Shenzhen Expressway Corp Ltd,China,Industrials,4061307
Shenzhen Inovance Technology Co Ltd,China,Industrials,78655866
Shenzhen International Holdings Ltd,China,Industrials,4795863
Shenzhen Investment Ltd,China,Real Estate,2588871
Shenzhen Mindray Bio-Medical Electronics Co Ltd,China,Health Care,103016127
Shenzhen Senior Technology Material Co Ltd,China,Basic Materials,2231952
Shenzhen Sunlord Electronics Co Ltd,China,Technology,9727801
Shenzhou International Group Holdings Ltd,China,Consumer Discretionary,158224769
Sherwin-Williams Co/The,United States,Industrials,484780463
Shibaura Machine Co Ltd,Japan,Industrials,4374424
Shibaura Mechatronics Corp,Japan,Technology,908560
Shibusawa Warehouse Co Ltd/The,Japan,Industrials,1715890
Shibuya Corp,Japan,Industrials,3470846
Shift4 Payments Inc,United States,Industrials,11636572
Shiga Bank Ltd/The,Japan,Financials,6980459
Shihlin Paper Corp,Taiwan,Basic Materials,3609975
Shikoku Bank Ltd/The,Japan,Financials,3123188
Shikoku Chemicals Corp,Japan,Basic Materials,2822369
Shima Seiki Manufacturing Ltd,Japan,Industrials,14393490
Shimadzu Corp,Japan,Industrials,125245897
Shimamura Co Ltd,Japan,Consumer Discretionary,72815432
Shimano Inc,Japan,Consumer Discretionary,129650734
Shimao Services Holdings Ltd,China,Real Estate,101
Shimizu Bank Ltd/The,Japan,Financials,1029065
Shimizu Corp,Japan,Industrials,39235497
Shimojima Co Ltd,Japan,Industrials,62226
Shin Foong Specialty & Applied Materials Co Ltd,Taiwan,Basic Materials,866165
Shin Kong Financial Holding Co Ltd,Taiwan,Financials,56947749
Shin Nippon Air Technologies Co Ltd,Japan,Industrials,1548941
Shin Nippon Biomedical Laboratories Ltd,Japan,Health Care,6611543
Shin Poong Pharmaceutical Co Ltd,South Korea,Health Care,4105441
Shin Zu Shing Co Ltd,Taiwan,Industrials,6409233
Shin-Etsu Chemical Co Ltd,Japan,Basic Materials,1298024045
Shin-Etsu Polymer Co Ltd,Japan,Basic Materials,4757386
Shindengen Electric Manufacturing Co Ltd,Japan,Technology,1053227
Shinhan Alpha REIT Co Ltd,South Korea,Real Estate,74720
Shinhan Financial Group Co Ltd,South Korea,Financials,143866487
Shining Building Business Co Ltd,Taiwan,Real Estate,3213853
Shinko Electric Industries Co Ltd,Japan,Technology,36367769
Shinko Shoji Co Ltd,Japan,Technology,2328945
Shinkong Insurance Co Ltd,Taiwan,Financials,2940330
Shinkong Synthetic Fibers Corp,Taiwan,Basic Materials,15185773
Shinkong Textile Co Ltd,Taiwan,Basic Materials,2779580
Shinmaywa Industries Ltd,Japan,Industrials,3828733
Shinnihon Corp,Japan,Industrials,4381523
Shinsegae Food Co Ltd,South Korea,Consumer Staples,1571761
Shinsegae Inc,South Korea,Consumer Discretionary,31598051
Shinsegae International Inc,South Korea,Consumer Discretionary,4433450
Shinsei Bank Ltd,Japan,Financials,20907793
Shinsung E&G Co Ltd,South Korea,Technology,1647117
Shinwa Co Ltd/Nagoya,Japan,Industrials,1558385
Shiny Chemical Industrial Co Ltd,Taiwan,Basic Materials,3995421
Shionogi & Co Ltd,Japan,Health Care,189489180
Ship Healthcare Holdings Inc,Japan,Health Care,59952722
Shiseido Co Ltd,Japan,Consumer Discretionary,301881520
Shizuoka Financial Group Inc,Japan,Financials,70843543
Shizuoka Gas Co Ltd,Japan,Utilities,4656433
Shoals Technologies Group Inc,United States,Energy,46963860
Shochiku Co Ltd,Japan,Consumer Discretionary,7701834
Shockwave Medical Inc,United States,Health Care,112808749
Shoei Co Ltd,Japan,Consumer Discretionary,23320127
Shoei Foods Corp,Japan,Consumer Staples,3197461
Shop Apotheke Europe NV,Germany,Consumer Staples,14740891
Shoper SA,Poland,Technology,3787460
Shopify Inc,Canada,Technology,413592416
Shoprite Holdings Ltd,South Africa,Consumer Staples,102111449
Shoucheng Holdings Ltd,China,Basic Materials,3994578
Showa Denko KK,Japan,Basic Materials,47442698
Showa Sangyo Co Ltd,Japan,Consumer Staples,4591769
Shree Renuka Sugars Ltd,India,Consumer Staples,1227633
Shriram Finance Ltd,India,Financials,119671653
Shuangliang Eco-Energy Systems Co Ltd,China,Industrials,8087849
Shufersal Ltd,Israel,Consumer Staples,2065003
Shui On Land Ltd,China,Real Estate,6511043
Shun Tak Holdings Ltd,Hong Kong,Real Estate,3993160
Shurgard Self Storage SA,Belgium,Consumer Discretionary,28283250
Shutterstock Inc,United States,Technology,21436268
Shyft Group Inc/The,United States,Industrials,3721542
SiS Distribution Thailand PCL,Thailand,Technology,6552661
SiTime Corp,United States,Technology,14920865
Siam Cement PCL/The,Thailand,Industrials,51522391
Siam City Cement PCL,Thailand,Industrials,7133750
Siam Commercial Bank PCL/The,Thailand,Financials,62805
Siam Global House PCL,Thailand,Consumer Discretionary,71811749
Siam Makro PCL,Thailand,Consumer Discretionary,50217739
Siauliu Bankas AB,Lithuania,Financials,4338401
Sibanye Stillwater Ltd,South Africa,Basic Materials,72281345
Sichuan Expressway Co Ltd,China,Industrials,3556077
Sichuan Kelun Pharmaceutical Co Ltd,China,Health Care,23448255
Siegfried Holding AG,Switzerland,Health Care,75572829
Siemens AG,Germany,Industrials,2479973837
Siemens Energy AG,Germany,Energy,196191199
Siemens Healthineers AG,Germany,Health Care,252888207
Siemens Ltd,India,Industrials,77279887
Sierra Rutile Holdings Ltd,Australia,Basic Materials,794199
Sigdo Koppers SA,Chile,Basic Materials,10059854
Sigma Healthcare Ltd,Australia,Consumer Staples,4712132
Signature Bank/New York NY,United States,Financials,16303284
Signet Jewelers Ltd,United States,Consumer Discretionary,21605096
Signify Health Inc,United States,Health Care,34524724
Signify NV,Netherlands,Industrials,97819153
Sigurd Microelectronics Corp,Taiwan,Technology,9931693
Sihuan Pharmaceutical Holdings Group Ltd,China,Health Care,399721
Siix Corp,Japan,Technology,15335228
Sika AG,Switzerland,Industrials,1155427698
Silergy Corp,Taiwan,Technology,69688325
Silgan Holdings Inc,United States,Industrials,54128425
Silicon Integrated Systems Corp,Taiwan,Technology,616264
Silicon Laboratories Inc,United States,Technology,37482365
Silk Road Medical Inc,United States,Health Care,5147590
SillaJen Inc,South Korea,Health Care,106576
Siltronic AG,Germany,Technology,46051318
Silvair Inc,United States,Technology,326019
Silvano Fashion Group AS,Estonia,Consumer Discretionary,1046334
Silver Grant International Holdings Group Ltd,China,Basic Materials,140994
Silver Life Co Ltd,Japan,Consumer Discretionary,4087322
Silvergate Capital Corp,United States,Financials,4070974
Silverlake Axis Ltd,Singapore,Technology,5012380
SimCorp A/S,Denmark,Technology,38803938
Simcere Pharmaceutical Group Ltd,China,Health Care,37730627
Sime Darby Bhd,Malaysia,Industrials,16921310
Sime Darby Property Bhd,Malaysia,Real Estate,6835403
Simmons First National Corp,United States,Financials,26532934
Simon Property Group Inc,United States,Real Estate,798789400
Simplex Holdings Inc,Japan,Technology,7232073
Simplo Technology Co Ltd,Taiwan,Industrials,27893716
Simply Good Foods Co/The,United States,Consumer Staples,34541318
Simpson Manufacturing Co Inc,United States,Industrials,29418275
Sims Ltd,Australia,Utilities,10470633
Sinanen Holdings Co Ltd,Japan,Utilities,2384971
Sinbon Electronics Co Ltd,Taiwan,Technology,37739846
Sincere Navigation Corp,Taiwan,Industrials,4785352
Sinch AB,Sweden,Technology,12496171
Sinclair Broadcast Group Inc,United States,Consumer Discretionary,3741539
Sindoh Co Ltd,South Korea,Technology,1448778
Sinfonia Technology Co Ltd,Japan,Industrials,2685575
Singamas Container Holdings Ltd,Hong Kong,Industrials,2013522
Singapore Airlines Ltd,Singapore,Consumer Discretionary,93210327
Singapore Exchange Ltd,Singapore,Financials,93008731
Singapore Post Ltd,Singapore,Industrials,7738082
Singapore Technologies Engineering Ltd,Singapore,Industrials,64542701
Singapore Telecommunications Ltd,Singapore,Telecommunications,240944084
Singer Bangladesh Ltd,Bangladesh,Consumer Discretionary,5505128
Singer Thailand PCL,Thailand,Consumer Discretionary,3735383
Sinko Industries Ltd,Japan,Industrials,2051222
Sino Biopharmaceutical Ltd,China,Health Care,64164768
Sino Land Co Ltd,Hong Kong,Real Estate,74394319
Sino-American Silicon Products Inc,Taiwan,Technology,37949029
Sino-Ocean Group Holding Ltd,China,Real Estate,4937999
Sino-Thai Engineering & Construction PCL,Thailand,Industrials,471559
SinoPac Financial Holdings Co Ltd,Taiwan,Financials,90610407
Sinon Corp,Taiwan,Basic Materials,4215964
Sinopec Kantons Holdings Ltd,China,Energy,6185024
Sinopec Oilfield Service Corp,China,Energy,510591
Sinopec Shanghai Petrochemical Co Ltd,China,Energy,9513194
Sinopharm Group Co Ltd,China,Consumer Staples,36771961
Sinotrans Ltd,China,Industrials,8729780
Sinotruk Hong Kong Ltd,China,Industrials,14752566
Sinpas Gayrimenkul Yatirim Ortakligi AS,Turkey,Real Estate,5344728
Sintokogio Ltd,Japan,Industrials,2365888
Sinyi Realty Inc,Taiwan,Real Estate,5749152
Sirius Real Estate Ltd,United Kingdom,Real Estate,17867300
Sirius XM Holdings Inc,United States,Consumer Discretionary,30120612
SiriusPoint Ltd,United States,Financials,332011
Sirnaomics Ltd,Hong Kong,Health Care,4867672
Sistema PJSFC,Russia,Financials,2791598
SiteMinder Ltd,Australia,Technology,8512721
SiteOne Landscape Supply Inc,United States,Consumer Discretionary,7967670
Sitios Latinoamerica SAB de CV,Mexico,Telecommunications,403407
Sitronix Technology Corp,Taiwan,Technology,13207991
Six Flags Entertainment Corp,United States,Consumer Discretionary,15474828
Sixt SE,Germany,Consumer Discretionary,71428656
Skandinaviska Enskilda Banken AB,Sweden,Financials,212980523
Skanska AB,Sweden,Industrials,134091879
Skechers USA Inc,United States,Consumer Discretionary,36183763
Skellerup Holdings Ltd,New Zealand,Basic Materials,4589065
SkiStar AB,Sweden,Consumer Discretionary,10560740
Skshu Paint Co Ltd,China,Industrials,46131110
SkyWest Inc,United States,Consumer Discretionary,2139977
Skylark Holdings Co Ltd,Japan,Consumer Discretionary,1079391
Skyline Champion Corp,United States,Consumer Discretionary,29368375
Skyworks Solutions Inc,United States,Technology,148464075
Skyworth Group Ltd,China,Consumer Discretionary,7530411
Sleep Number Corp,United States,Consumer Discretionary,5195065
Sligro Food Group NV,Netherlands,Consumer Staples,13840234
SmarTone Telecommunications Holdings Ltd,Hong Kong,Telecommunications,3827631
SmartCentres Real Estate Investment Trust,Canada,Real Estate,24931420
SmartGroup Corp Ltd,Australia,Industrials,8106735
Smartfit Escola de Ginastica e Danca SA,Brazil,Consumer Discretionary,8358761
Smartsheet Inc,United States,Technology,52291885
Smith & Nephew PLC,United Kingdom,Health Care,258484029
Smiths Group PLC,United Kingdom,Industrials,139175037
Smoore International Holdings Ltd,China,Consumer Staples,33304514
Smurfit Kappa Group PLC,United Kingdom,Industrials,470227673
Snam SpA,Italy,Energy,177242351
Snap-on Inc,United States,Industrials,109598656
Snow Peak Inc,Japan,Consumer Discretionary,4714651
Snowflake Inc,United States,Technology,492010623
So-Young International Inc,China,Health Care,662056
SoFi Technologies Inc,United States,Financials,44798620
Sobha Ltd,India,Real Estate,1946108
Sociedad Matriz SAAM SA,Chile,Industrials,9877301
Sociedad Quimica y Minera de Chile SA,Chile,Basic Materials,163724264
Sociedad de Inversiones Oro Blanco SA,Chile,Financials,9202866
Societe BIC SA,France,Consumer Staples,55003121
Societe Generale SA,France,Financials,61804289
Socionext Inc,Japan,Technology,2206677
Sodexo SA,France,Consumer Discretionary,203720106
Sodick Co Ltd,Japan,Industrials,2254700
Sofina SA,Belgium,Financials,86607679
Soft-World International Corp,Taiwan,Consumer Discretionary,4362080
Soft99 Corp,Japan,Consumer Staples,3426
SoftBank Corp,Japan,Telecommunications,450947657
SoftBank Group Corp,Japan,Telecommunications,575956231
Softcat PLC,United Kingdom,Technology,35225157
Softcreate Holdings Corp,Japan,Technology,2188412
Softline Holding PLC,Russia,Technology,5733786
Software AG,Germany,Technology,16733967
Softwareone Holding AG,Switzerland,Technology,45195152
Sohgo Security Services Co Ltd,Japan,Industrials,35890333
Sohu.com Ltd,China,Technology,4361549
Sojitz Corp,Japan,Industrials,68689381
Sok Marketler Ticaret AS,Turkey,Consumer Staples,17176741
SolGold PLC,United Kingdom,Basic Materials,15950454
Solar Applied Materials Technology Corp,Taiwan,Basic Materials,7197492
Solar Industries India Ltd,India,Basic Materials,7653380
SolarEdge Technologies Inc,United States,Energy,111577787
SolarWinds Corp,United States,Technology,4129183
Solaria Energia y Medio Ambiente SA,Spain,Utilities,75863909
Solasto Corp,Japan,Health Care,8744847
Solid Forsakring AB,Sweden,Financials,487
Solid Inc,South Korea,Telecommunications,818174
Sollers PJSC,Russia,Consumer Discretionary,19382
Solocal Group,France,Consumer Discretionary,137717
Solus Advanced Materials Co Ltd,South Korea,Industrials,2766595
Solutions 30 SE,France,Technology,3326613
Solvar Ltd,Australia,Financials,10570549
Solvay SA,Belgium,Basic Materials,130215491
Somec SpA,Italy,Industrials,6776426
Somfy SA,France,Industrials,21547501
Sompo Holdings Inc,Japan,Financials,788601263
Sona Blw Precision Forgings Ltd,India,Consumer Discretionary,5856110
Sonae SGPS SA,Portugal,Consumer Staples,22998913
Sonata Software Ltd,India,Technology,7533732
Songwon Industrial Co Ltd,South Korea,Basic Materials,1730691
Sonic Healthcare Ltd,Australia,Health Care,175234503
Sonix Technology Co Ltd,Taiwan,Technology,3848115
Sonoco Products Co,United States,Industrials,53428989
Sonos Inc,United States,Consumer Discretionary,19798384
Sonova Holding AG,Switzerland,Health Care,303885517
Sony Group Corp,Japan,Consumer Discretionary,1731959048
Sopra Steria Group SACA,France,Technology,61781470
Sorrento Therapeutics Inc,United States,Health Care,2768979
Sosei Group Corp,Japan,Health Care,23548869
Sotera Health Co,United States,Health Care,7217370
Sotetsu Holdings Inc,Japan,Consumer Discretionary,20747614
Soulbrain Co Ltd,South Korea,Basic Materials,20811903
Soulbrain Holdings Co Ltd,South Korea,Basic Materials,970389
Sourcenext Corp,Japan,Technology,1775851
South Jersey Industries Inc,United States,Utilities,84188939
South32 Ltd,Australia,Basic Materials,292231324
SouthState Corp,United States,Financials,59906024
Southern Co/The,United States,Utilities,417425584
Southern Copper Corp,United States,Basic Materials,29794071
Southern Cross Media Group Ltd,Australia,Consumer Discretionary,1322458
Southwest Airlines Co,United States,Consumer Discretionary,43030799
Southwest Gas Holdings Inc,United States,Utilities,39176104
Space Communication Ltd,Israel,Telecommunications,81555
Spar Nord Bank A/S,Denmark,Financials,32330522
Spark New Zealand Ltd,New Zealand,Telecommunications,104600554
Sparx Group Co Ltd,Japan,Financials,1262120
Spectris PLC,United Kingdom,Industrials,106135274
Spectrum Brands Holdings Inc,United States,Consumer Staples,22965073
Speed Tech Corp,Taiwan,Technology,2383924
Speedy Hire PLC,United Kingdom,Industrials,5737833
Sphera Franchise Group SA,Romania,Consumer Discretionary,2826001
SpiderPlus & Co,Japan,Industrials,192219
Spigen Korea Co Ltd,South Korea,Consumer Discretionary,3763714
Spirax-Sarco Engineering PLC,United Kingdom,Industrials,227281282
Spire Healthcare Group PLC,United Kingdom,Health Care,14403565
Spire Inc,United States,Utilities,23031742
Spirent Communications PLC,United Kingdom,Telecommunications,54165468
Spirit AeroSystems Holdings Inc,United States,Industrials,28852334
Spirit Airlines Inc,United States,Consumer Discretionary,11874716
Spirit Realty Capital Inc,United States,Real Estate,56606325
Splunk Inc,United States,Technology,80670032
Sporton International Inc,Taiwan,Technology,7688249
Sports Toto Bhd,Malaysia,Consumer Discretionary,2066699
Spotify Technology SA,United States,Consumer Discretionary,124305749
SpringWorks Therapeutics Inc,United States,Health Care,9303621
Sprinklr Inc,United States,Technology,276146
Sprout Social Inc,United States,Technology,4605724
Sprouts Farmers Market Inc,United States,Consumer Staples,13765634
Spyrosoft SA,Poland,Technology,777201
Square Enix Holdings Co Ltd,Japan,Consumer Discretionary,96205487
Square Pharmaceuticals Ltd,Bangladesh,Health Care,35771833
Sri Trang Agro-Industry PCL,Thailand,Basic Materials,23711035
Sri Trang Gloves Thailand PCL,Thailand,Basic Materials,58
Srisawad Corp PCL,Thailand,Financials,67107131
Ssangyong Motor Co,South Korea,Consumer Discretionary,57723
St Barbara Ltd,Australia,Basic Materials,7433427
St Cousair Co Ltd,Japan,Consumer Staples,5769677
St Galler Kantonalbank AG,Switzerland,Financials,37570717
St James's Place PLC,United Kingdom,Financials,40623787
St Joe Co/The,United States,Real Estate,12835897
St Marc Holdings Co Ltd,Japan,Consumer Discretionary,1533162
St Shine Optical Co Ltd,Taiwan,Health Care,6468501
Stabilus SE,Germany,Industrials,69076124
Stadio Holdings Ltd,South Africa,Consumer Discretionary,422523
Stadler Rail AG,Switzerland,Industrials,46983128
Stalprodukt SA,Poland,Basic Materials,5426102
Stalprofil SA,Poland,Basic Materials,383152
Stanbic Holdings Plc,Kenya,Financials,1221686
Stanbic IBTC Holdings PLC,Nigeria,Financials,4277162
Standard Bank Group Ltd,South Africa,Financials,172449049
Standard Chartered Bank Kenya Ltd,Kenya,Financials,2899958
Standard Chartered PLC,United Kingdom,Financials,185649044
Standard Foods Corp,Taiwan,Consumer Staples,9400997
Standard Motor Products Inc,United States,Consumer Discretionary,2188920
Standex International Corp,United States,Industrials,12607183
Stanley Black & Decker Inc,United States,Industrials,75684677
Stanley Electric Co Ltd,Japan,Consumer Discretionary,44325919
Stanmore Resources Ltd,Australia,Energy,773906
Stantec Inc,Canada,Industrials,60337514
Star Asia Investment Corp,Japan,Real Estate,9087114
Star Bulk Carriers Corp,Greece,Industrials,4540934
Star Entertainment Grp Ltd/The,Australia,Consumer Discretionary,8469968
Star Health & Allied Insurance Co Ltd,India,Financials,2053548
Star Mica Holdings Co Ltd,Japan,Real Estate,5236337
Star Micronics Co Ltd,Japan,Industrials,2733815
Star Petroleum Refining PCL,Thailand,Energy,1464503
Star7 S.P.A.,Italy,Industrials,2429127
StarHub Ltd,Singapore,Telecommunications,7149791
StarPower Semiconductor Ltd,China,Technology,56338736
Starbucks Corp,United States,Consumer Discretionary,1195683094
Starhill Global REIT,Singapore,Real Estate,8718164
Starpharma Holdings Ltd,Australia,Health Care,1443556
Starts Corp Inc,Japan,Real Estate,5144991
Starts Proceed Investment Corp,Japan,Real Estate,3966138
Starwood Property Trust Inc,United States,Financials,30110269
Starzen Co Ltd,Japan,Consumer Staples,2288280
State Bank of India,India,Financials,417137251
State Street Corp,United States,Financials,177780821
Steadfast Group Ltd,Australia,Financials,43757970
Steel Dynamics Inc,United States,Basic Materials,86952414
Steelcase Inc,United States,Consumer Discretionary,4916464
Steinhoff International Holdings NV,South Africa,Consumer Discretionary,86837
Stelco Holdings Inc,Canada,Basic Materials,9920542
Stella Chemifa Corp,Japan,Basic Materials,986263
Stella-Jones Inc,Canada,Basic Materials,24925339
Stellantis NV,Italy,Consumer Discretionary,459536562
Stem Inc,United States,Energy,288807
StepStone Group Inc,United States,Financials,2209318
Stepan Co,United States,Basic Materials,22622218
Sterling Infrastructure Inc,United States,Industrials,2430480
Sterlite Technologies Ltd,India,Telecommunications,2897424
Stevanato Group SpA,Italy,Health Care,16741050
Steven Madden Ltd,United States,Consumer Discretionary,15659793
Stewart Information Services Corp,United States,Financials,2704809
Stifel Financial Corp,United States,Financials,60421063
Stillfront Group AB,Sweden,Consumer Discretionary,7345782
Stitch Fix Inc,United States,Consumer Discretionary,3
Stock Yards Bancorp Inc,United States,Financials,11178249
Stockland,Australia,Real Estate,97386070
Stockmann OYJ Abp,Finland,Consumer Discretionary,138806
Stoke Therapeutics Inc,United States,Health Care,3639500
StoneCo Ltd,United States,Industrials,3163271
StoneX Group Inc,United States,Financials,1029240
Stor-Age Property REIT Ltd,South Africa,Real Estate,557906
Stora Enso Oyj,Finland,Basic Materials,307049060
Storskogen Group AB,Sweden,Financials,25201575
Strabag SE,Austria,Industrials,17061793
Strandline Resources Ltd,Australia,Basic Materials,834204
Stratasys Ltd,United States,Technology,8760211
Strategic Education Inc,United States,Consumer Discretionary,14493586
Straumann Holding AG,Switzerland,Health Care,283641349
Strauss Group Ltd,Israel,Consumer Staples,1454303
Stride Inc,United States,Consumer Discretionary,13431632
Strides Pharma Science Ltd,India,Health Care,2794385
Strike Co Ltd,Japan,Industrials,4042685
Strix Group PLC,United Kingdom,Industrials,549803
Stroeer SE & Co KGaA,Germany,Consumer Discretionary,32466995
Stryker Corp,United States,Health Care,755688273
Studio Alice Co Ltd,Japan,Consumer Discretionary,2044820
Studio Dragon Corp,South Korea,Consumer Discretionary,9433066
Sturm Ruger & Co Inc,United States,Consumer Discretionary,8259159
Subaru Corp,Japan,Consumer Discretionary,169951345
Suedzucker AG,Germany,Consumer Staples,24414463
Sugi Holdings Co Ltd,Japan,Consumer Staples,38662590
Suheung Co Ltd,South Korea,Health Care,13699101
Sulzer AG,Switzerland,Industrials,36946459
Sumber Alfaria Trijaya Tbk PT,Indonesia,Consumer Staples,6387018
Sumida Corp,Japan,Technology,7088422
Sumitomo Bakelite Co Ltd,Japan,Basic Materials,23347371
Sumitomo Chemical Co Ltd,Japan,Basic Materials,24453383
Sumitomo Chemical India Ltd,India,Industrials,4324875
Sumitomo Corp,Japan,Industrials,288438927
Sumitomo Densetsu Co Ltd,Japan,Industrials,2486661
Sumitomo Electric Industries Ltd,Japan,Consumer Discretionary,126276673
Sumitomo Heavy Industries Ltd,Japan,Industrials,34881264
Sumitomo Metal Mining Co Ltd,Japan,Basic Materials,152906447
Sumitomo Mitsui Construction Co Ltd,Japan,Industrials,3802476
Sumitomo Mitsui Financial Group Inc,Japan,Financials,947294118
Sumitomo Mitsui Trust Holdings Inc,Japan,Financials,148301575
Sumitomo Osaka Cement Co Ltd,Japan,Industrials,4046270
Sumitomo Pharma Co Ltd,Japan,Health Care,20475977
Sumitomo Realty & Development Co Ltd,Japan,Real Estate,154227246
Sumitomo Riko Co Ltd,Japan,Consumer Discretionary,820737
Sumitomo Rubber Industries Ltd,Japan,Consumer Discretionary,20330328
Sumitomo Seika Chemicals Co Ltd,Japan,Basic Materials,1911725
Sumitomo Warehouse Co Ltd/The,Japan,Industrials,8873949
Summarecon Agung Tbk PT,Indonesia,Real Estate,21801905
Summerset Group Holdings Ltd,New Zealand,Health Care,25927974
Summit Hotel Properties Inc,United States,Real Estate,5419621
Summit Industrial Income REIT,Canada,Real Estate,25558574
Summit Materials Inc,United States,Industrials,34373817
Sun Art Retail Group Ltd,China,Consumer Discretionary,8599098
Sun Communities Inc,United States,Real Estate,326417377
Sun Frontier Fudousan Co Ltd,Japan,Real Estate,2157858
Sun Hung Kai & Co Ltd,Hong Kong,Financials,5668582
Sun Hung Kai Properties Ltd,Hong Kong,Real Estate,330716741
Sun Kwang Co Ltd,South Korea,Industrials,1091040
Sun Life Financial Inc,Canada,Financials,283510809
Sun Pharmaceutical Industries Ltd,India,Health Care,331516851
Sun TV Network Ltd,India,Consumer Discretionary,7183855
Sun* Inc,Japan,Technology,1676399
SunPower Corp,United States,Energy,9522941
Sunac China Holdings Ltd,China,Real Estate,657224
Sunac Services Holdings Ltd,China,Real Estate,28485
Suncorp Group Ltd,Australia,Financials,226846547
Sundaram Finance Ltd,India,Financials,10988080
Sundram Fasteners Ltd,India,Consumer Discretionary,6982052
Sundrug Co Ltd,Japan,Consumer Staples,30985901
Sung Kwang Bend Co Ltd,South Korea,Basic Materials,618585
Sungeel Hitech Co Ltd,South Korea,Industrials,3611817
Sungrow Power Supply Co Ltd,China,Energy,41682346
Sungwoo Hitech Co Ltd,South Korea,Consumer Discretionary,124892
Sunland Group Ltd,Australia,Real Estate,396820
Sunlight Real Estate Investment Trust,Hong Kong,Real Estate,6342808
Sunnova Energy International Inc,United States,Utilities,14253978
Sunny Friend Environmental Technology Co Ltd,Taiwan,Utilities,4424135
Sunny Optical Technology Group Co Ltd,China,Technology,99943167
Sunonwealth Electric Machine Industry Co Ltd,Taiwan,Technology,1931089
Sunplus Technology Co Ltd,Taiwan,Technology,6016235
Sunresin New Materials Co Ltd,China,Industrials,6839460
Sunrex Technology Corp,Taiwan,Technology,1353212
Sunrise Energy Metals Ltd,Australia,Industrials,714100
Sunrisemezz PLC,Greece,Financials,618310
Sunrun Inc,United States,Utilities,36589065
Sunshine 100 China Holdings Ltd,China,Real Estate,51062
Sunshine Holdings PLC,Sri Lanka,Consumer Discretionary,361504
Sunstone Hotel Investors Inc,United States,Real Estate,19940848
Suntec Real Estate Investment Trust,Singapore,Real Estate,2613583
Suntory Beverage & Food Ltd,Japan,Consumer Staples,71517689
Sunway Bhd,Malaysia,Real Estate,21894097
Sunway Construction Group Bhd,Malaysia,Industrials,33077
Sunway Real Estate Investment Trust,Malaysia,Real Estate,7986084
Suofeiya Home Collection Co Ltd,China,Consumer Discretionary,5224444
Supalai PCL,Thailand,Real Estate,3281519
Super Energy Corp PCL,Thailand,Energy,4113628
Super Hi International Holding Ltd,China,Consumer Discretionary,1373397
Super Micro Computer Inc,United States,Technology,5007361
Super Retail Group Ltd,Australia,Consumer Discretionary,6171396
Supercomnet Technologies Bhd,Malaysia,Industrials,1874733
Superdry PLC,United Kingdom,Consumer Discretionary,2
Superior Plus Corp,Canada,Utilities,13801350
Superloop Ltd,Australia,Telecommunications,9324931
Supermarket Income Reit PLC,United Kingdom,Real Estate,30292060
Supermax Corp Bhd,Malaysia,Health Care,11595814
Supernus Pharmaceuticals Inc,United States,Health Care,15287199
Supreme Electronics Co Ltd,Taiwan,Technology,8524823
Supreme Industries Ltd,India,Industrials,85204615
Surgery Partners Inc,United States,Health Care,12119936
Surgutneftegas PJSC,Russia,Energy,7728248
Surmodics Inc,United States,Health Care,1579756
Suruga Bank Ltd,Japan,Financials,7087883
Surya Citra Media Tbk PT,Indonesia,Consumer Discretionary,17309275
Surya Esa Perkasa Tbk PT,Indonesia,Energy,7814842
Surya Pertiwi Tbk PT,Indonesia,Consumer Discretionary,1992182
Surya Semesta Internusa Tbk PT,Indonesia,Industrials,1980088
Sutro Biopharma Inc,United States,Health Care,1666096
Suven Pharmaceuticals Ltd,India,Health Care,4007548
Suvidhaa Infoserve Ltd,India,Industrials,16638
Suzano SA,Brazil,Basic Materials,139002832
Suzhou Nanomicro Technology Co Ltd,China,Basic Materials,15833092
Suzlon Energy Ltd,India,Energy,3609052
Suzuken Co Ltd/Aichi Japan,Japan,Consumer Staples,32690698
Suzuki Motor Corp,Japan,Consumer Discretionary,230308277
Svenska Cellulosa AB SCA,Sweden,Basic Materials,639003575
Svenska Handelsbanken AB,Sweden,Financials,184359056
Swancor Holding Co Ltd,Taiwan,Industrials,10573653
Swatch Group AG/The,Switzerland,Consumer Discretionary,281600501
Sweco AB,Sweden,Industrials,42859794
Swedbank AB,Sweden,Financials,836376671
Swedish Orphan Biovitrum AB,Sweden,Health Care,92628716
Swire Pacific Ltd,Hong Kong,Industrials,83264777
Swire Properties Ltd,Hong Kong,Real Estate,41424642
Swiss Life Holding AG,Switzerland,Financials,93668628
Swiss Prime Site AG,Switzerland,Real Estate,173041442
Swiss Re AG,Switzerland,Financials,656742972
Swiss Steel Holding AG,Switzerland,Basic Materials,1632061
Swisscom AG,Switzerland,Telecommunications,142653457
Swissquote Group Holding SA,Switzerland,Financials,29083867
Syarikat Takaful Malaysia Keluarga Bhd,Malaysia,Financials,1285646
Sydbank AS,Denmark,Financials,22224305
Sylvamo Corp,United States,Basic Materials,18291560
Symphony Ltd,India,Consumer Discretionary,1302037
Symrise AG,Germany,Basic Materials,529932772
Synaptics Inc,United States,Technology,34790020
Synchronoss Technologies Inc,United States,Technology,1
Synchrony Financial,United States,Industrials,147673037
Syncmold Enterprise Corp,Taiwan,Industrials,4573457
Syndax Pharmaceuticals Inc,United States,Health Care,4303595
Synektik SA,Poland,Health Care,993776
Syneos Health Inc,United States,Health Care,38253095
Synergy Grid & Development Phils Inc,Philippines,Industrials,3100690
Syngene International Ltd,India,Health Care,34407621
Synlab AG,Germany,Health Care,24186461
Synlait Milk Ltd,New Zealand,Consumer Staples,2481091
Synnex Technology International Corp,Taiwan,Technology,35902709
Synnex Thailand PCL,Thailand,Technology,3420869
Synopsys Inc,United States,Technology,882568646
Synovus Financial Corp,United States,Financials,55365034
Synsam AB,Sweden,Consumer Discretionary,8604755
Synthomer PLC,United Kingdom,Basic Materials,22552502
Syrah Resources Ltd,Australia,Basic Materials,12850551
Sysco Corp,United States,Consumer Staples,388099572
Sysmex Corp,Japan,Health Care,176614967
Systemair AB,Sweden,Industrials,4707495
Systems Technology Inc/South Korea,South Korea,Technology,3686260
Systena Corp,Japan,Technology,11268898
Systex Corp,Taiwan,Technology,5557422
T Hasegawa Co Ltd,Japan,Basic Materials,4278583
T RAD Co Ltd,Japan,Consumer Discretionary,2040
T Rowe Price Group Inc,United States,Financials,201991335
T&D Holdings Inc,Japan,Financials,88057249
T&R Biofab Co Ltd,South Korea,Health Care,4705003
T-Gaia Corp,Japan,Telecommunications,2408958
T-Mobile US Inc,United States,Telecommunications,2810164560
T3EX Global Holdings Corp,Taiwan,Industrials,2111695
TA Chen Stainless Pipe,Taiwan,Basic Materials,37329683
TA-I Technology Co Ltd,Taiwan,Technology,1154632
TAC Consumer PCL,Thailand,Consumer Staples,5616515
TAG Immobilien AG,Germany,Real Estate,34152509
TAL Education Group,China,Consumer Discretionary,3024
TAV Havalimanlari Holding AS,Turkey,Industrials,27471354
TBC Bank Group PLC,United Kingdom,Financials,35267800
TBS Holdings Inc,Japan,Consumer Discretionary,2430695
TC Energy Corp,Canada,Energy,509805135
TCI Co Ltd,Taiwan,Consumer Staples,8523734
TCL Electronics Holdings Ltd,China,Consumer Discretionary,3985183
TCL Zhonghuan Renewable Energy Technology Co Ltd,China,Technology,28532273
TCS Group Holding PLC,Russia,Financials,5054754
TD SYNNEX Corp,United States,Technology,34998565
TDCX Inc,Singapore,Technology,10770600
TDK Corp,Japan,Technology,194625526
TE Connectivity Ltd,United States,Technology,575352344
TECOM Group PJSC,United Arab Emirates,Real Estate,17766463
TEGNA Inc,United States,Consumer Discretionary,51288191
TELUS Corp,Canada,Telecommunications,88977765
TEN Square Games SA,Poland,Consumer Discretionary,5772585
TES Co Ltd/Korea,South Korea,Technology,1397182
TESEC Corp,Japan,Technology,622308
TFI International Inc,Canada,Industrials,92469816
TFS Financial Corp,United States,Financials,3878149
TG Therapeutics Inc,United States,Health Care,13428138
THG PLC,United Kingdom,Consumer Staples,10047911
THK Co Ltd,Japan,Industrials,42755021
TI Fluid Systems PLC,United Kingdom,Consumer Discretionary,9314012
TIM SA/Brazil,Brazil,Telecommunications,59232828
TIME dotCom Bhd,Malaysia,Telecommunications,34876070
TIS Inc,Japan,Technology,103733967
TJX Cos Inc/The,United States,Consumer Discretionary,879275848
TK Corp,South Korea,Basic Materials,7054817
TKC Corp,Japan,Industrials,8561127
TKG Huchems Co Ltd,South Korea,Basic Materials,3309450
TKH Group NV,Netherlands,Industrials,41571328
TKP Corp,Japan,Industrials,3203039
TLG Immobilien AG,Germany,Real Estate,608333
TMBThanachart Bank PCL,Thailand,Financials,22004856
TMX Group Ltd,Canada,Financials,61823705
TOA Paint Thailand PCL,Thailand,Industrials,533160
TOC Co Ltd,Japan,Real Estate,3251646
TOKAI Holdings Corp,Japan,Industrials,6779164
TOMONY Holdings Inc,Japan,Financials,3311478
TOPPAN INC,Japan,Industrials,65269660
TORM PLC,Denmark,Industrials,21000044
TOTO Ltd,Japan,Industrials,61829754
TOTVS SA,Brazil,Technology,61021286
TOWER Ltd,New Zealand,Financials,635139
TP ICAP Group PLC,United Kingdom,Financials,35873998
TPG Inc,United States,Financials,55992262
TPG Telecom Ltd,Australia,Telecommunications,13801642
TPI Polene PCL,Thailand,Industrials,661391
TPI Polene Power PCL,Thailand,Utilities,1353060
TPK Holding Co Ltd,Taiwan,Technology,6261490
TPR Co Ltd,Japan,Consumer Discretionary,1585737
TQM Alpha PCL,Thailand,Financials,10401126
TRE Holdings Corp,Japan,Utilities,21096647
TS Tech Co Ltd,Japan,Consumer Discretionary,16478498
TSE Co Ltd,South Korea,Technology,346678
TSEC Corp,Taiwan,Energy,7490761
TSI Holdings Co Ltd,Japan,Consumer Discretionary,2031777
TSRC Corp,Taiwan,Basic Materials,11545745
TTEC Holdings Inc,United States,Industrials,7381272
TTK Prestige Ltd,India,Consumer Discretionary,2836308
TTM Technologies Inc,United States,Technology,8662329
TTS Transport Trade Services SA,Romania,Industrials,1003664
TTW PCL,Thailand,Utilities,1302510
TTY Biopharm Co Ltd,Taiwan,Health Care,9643466
TUI AG,United Kingdom,Consumer Discretionary,41039233
TV Asahi Holdings Corp,Japan,Consumer Discretionary,1213612
TV18 Broadcast Ltd,India,Consumer Discretionary,25199996
TVS Motor Co Ltd,India,Consumer Discretionary,23594075
TX Group AG,Switzerland,Consumer Discretionary,8419939
TXC Corp,Taiwan,Technology,11099222
TY Holdings Co Ltd/Korea,South Korea,Utilities,677163
TYC Brother Industrial Co Ltd,Taiwan,Consumer Discretionary,4115155
Ta Win Holdings BHD,Malaysia,Industrials,2130756
Ta Ya Electric Wire & Cable,Taiwan,Industrials,1435262
Taaleem Holdings PSC,United Arab Emirates,Consumer Discretionary,26029754
Taaleem Management Services Co SAE,Egypt,Consumer Discretionary,3529546
Tabcorp Holdings Ltd,Australia,Consumer Discretionary,29721611
Tachi-S Co Ltd,Japan,Consumer Discretionary,2336454
Tachibana Eletech Co Ltd,Japan,Technology,1627955
Tadano Ltd,Japan,Industrials,21461881
Taeyoung Engineering & Construction Co Ltd,South Korea,Industrials,311344
TaiDoc Technology Corp,Taiwan,Health Care,3533211
TaiMed Biologics Inc,Taiwan,Health Care,5237719
Taichung Commercial Bank Co Ltd,Taiwan,Financials,25443358
Taiflex Scientific Co Ltd,Taiwan,Technology,4123546
Taigen Biopharmaceuticals Holdings Ltd,Taiwan,Health Care,1633716
Taihan Electric Wire Co Ltd,South Korea,Industrials,4374572
Taihei Dengyo Kaisha Ltd,Japan,Industrials,3583099
Taiheiyo Cement Corp,Japan,Industrials,25241727
Taiho Kogyo Co Ltd,Japan,Consumer Discretionary,369737
Taiji Computer Corp Ltd,China,Technology,8092665
Taikisha Ltd,Japan,Industrials,6076275
Taiko Pharmaceutical Co Ltd,Japan,Health Care,799377
Taisei Corp,Japan,Industrials,87310713
Taisei Lamick Co Ltd,Japan,Industrials,1207126
Taishin Financial Holding Co Ltd,Taiwan,Financials,81753982
Taisho Pharmaceutical Holdings Co Ltd,Japan,Health Care,38508538
Taiwan Business Bank,Taiwan,Financials,32890803
Taiwan Cement Corp,Taiwan,Industrials,101551703
Taiwan Cogeneration Corp,Taiwan,Utilities,3834308
Taiwan Cooperative Financial Holding Co Ltd,Taiwan,Financials,126700690
Taiwan Fertilizer Co Ltd,Taiwan,Basic Materials,19484928
Taiwan Fire & Marine Insurance Co Ltd,Taiwan,Financials,1404137
Taiwan Glass Industry Corp,Taiwan,Industrials,18973123
Taiwan High Speed Rail Corp,Taiwan,Industrials,31177832
Taiwan Hon Chuan Enterprise Co Ltd,Taiwan,Industrials,16419924
Taiwan Land Development Corp,Taiwan,Real Estate,176231
Taiwan Mask Corp,Taiwan,Technology,5547367
Taiwan Mobile Co Ltd,Taiwan,Telecommunications,79027201
Taiwan PCB Techvest Co Ltd,Taiwan,Technology,5757534
Taiwan Paiho Ltd,Taiwan,Basic Materials,7556306
Taiwan Sakura Corp,Taiwan,Consumer Discretionary,478850
Taiwan Sanyo Electric Co Ltd,Taiwan,Consumer Discretionary,666890
Taiwan Secom Co Ltd,Taiwan,Industrials,14116217
Taiwan Semiconductor Co Ltd,Taiwan,Technology,9765223
Taiwan Semiconductor Manufacturing Co Ltd,Taiwan,Technology,6094859620
Taiwan Shin Kong Security Co Ltd,Taiwan,Industrials,1284076
Taiwan Styrene Monomer,Taiwan,Industrials,3766508
Taiwan Surface Mounting Technology Corp,Taiwan,Technology,12910017
Taiwan TEA Corp,Taiwan,Consumer Staples,1083219
Taiwan Union Technology Corp,Taiwan,Technology,3281118
Taiwan-Asia Semiconductor Corp,Taiwan,Technology,9012021
Taiyen Biotech Co Ltd,Taiwan,Consumer Staples,2847530
Taiyo Holdings Co Ltd,Japan,Basic Materials,17062541
Taiyo Yuden Co Ltd,Japan,Technology,71406797
Takamatsu Construction Group Co Ltd,Japan,Industrials,2355561
Takamiya Co Ltd,Japan,Industrials,2371643
Takaoka Toko Co Ltd,Japan,Industrials,1317904
Takara Bio Inc,Japan,Health Care,12677125
Takara Holdings Inc,Japan,Consumer Staples,24364630
Takara Leben Real Estate Investment Corp,Japan,Real Estate,3725287
Takara Standard Co Ltd,Japan,Industrials,4887589
Takasago International Corp,Japan,Basic Materials,2669506
Takasago Thermal Engineering Co Ltd,Japan,Industrials,17746895
Takashimaya Co Ltd,Japan,Consumer Discretionary,31283776
Take off SpA,Italy,Consumer Discretionary,1897318
Take-Two Interactive Software Inc,United States,Consumer Discretionary,201315779
Takeda Pharmaceutical Co Ltd,Japan,Health Care,756074240
Takeuchi Manufacturing Co Ltd,Japan,Industrials,17791644
Taki Chemical Co Ltd,Japan,Basic Materials,1422305
Takihyo Co Ltd,Japan,Consumer Discretionary,29362
Takkt AG,Germany,Industrials,10760830
Takuma Co Ltd,Japan,Industrials,6242158
Talaat Moustafa Group,Egypt,Real Estate,23888363
Talanx AG,Germany,Financials,102837385
Talgo SA,Spain,Industrials,4464117
Tallinna Kaubamaja Grupp AS,Estonia,Consumer Discretionary,1769263
Tama Home Co Ltd,Japan,Real Estate,686186
Tamburi Investment Partners SpA,Italy,Financials,17864745
Tamron Co Ltd,Japan,Consumer Discretionary,2661202
Tamura Corp,Japan,Technology,8006286
Tandem Diabetes Care Inc,United States,Health Care,28451013
Tanger Factory Outlet Centers Inc,United States,Real Estate,16662618
Tangshan Sanyou Chemical Industries Co Ltd,China,Basic Materials,8317984
Tanla Platforms Ltd,India,Technology,3721937
Tanseisha Co Ltd,Japan,Industrials,8926595
Tapestry Inc,United States,Consumer Discretionary,71991154
Tapex Co Ltd,South Korea,Basic Materials,2956445
Targa Resources Corp,United States,Energy,99689741
Target Corp,United States,Consumer Discretionary,709284937
Tarkett SA,France,Industrials,676251
Taro Pharmaceutical Industries Ltd,United States,Health Care,1765342
Tata Chemicals Ltd,India,Basic Materials,14711069
Tata Communications Ltd,India,Telecommunications,85014706
Tata Consultancy Services Ltd,India,Technology,414234184
Tata Consumer Products Ltd,India,Consumer Staples,167416791
Tata Elxsi Ltd,India,Technology,22272662
Tata Motors Ltd,India,Consumer Discretionary,114383544
Tata Steel Ltd,India,Basic Materials,170583331
Tata Teleservices Maharashtra Ltd,India,Telecommunications,2631739
Tate & Lyle PLC,United Kingdom,Consumer Staples,155940812
Tatsuta Electric Wire and Cable Co Ltd,Japan,Industrials,1886083
Tatung Co Ltd,Taiwan,Technology,22999626
Tayca Corp,Japan,Basic Materials,955682
Taylor Morrison Home Corp,United States,Consumer Discretionary,32973454
Taylor Wimpey PLC,United Kingdom,Consumer Discretionary,118435094
Team17 Group PLC,United Kingdom,Consumer Discretionary,7574982
TeamLease Services Ltd,India,Industrials,1352803
TeamSpirit Inc,Japan,Technology,901112
TeamViewer AG,Germany,Technology,90340831
Tecan Group AG,Switzerland,Health Care,259490175
Tech Mahindra Ltd,India,Technology,240543973
TechMatrix Corp,Japan,Technology,19080610
TechTarget Inc,United States,Technology,4587527
Technicolor Creative Studios SA,France,Consumer Discretionary,6332
Technip Energies NV,France,Energy,23116077
TechnipFMC PLC,United States,Energy,25937065
TechnoPro Holdings Inc,Japan,Technology,44270551
Technogym SpA,Italy,Consumer Discretionary,22626341
Technology One Ltd,Australia,Technology,19327339
Technoprobe SpA,Italy,Technology,2555165
Techtronic Industries Co Ltd,Hong Kong,Industrials,265687837
Teck Resources Ltd,Canada,Basic Materials,286990228
Tecnicas Reunidas SA,Spain,Energy,8226437
Teco Electric and Machinery Co Ltd,Taiwan,Industrials,29830955
Teejay Lanka PLC,Sri Lanka,Consumer Discretionary,1942485
Tegma Gestao Logistica SA,Brazil,Industrials,6286685
Teijin Ltd,Japan,Basic Materials,25038469
Teikoku Electric Manufacturing Co Ltd,Japan,Industrials,2242250
Teikoku Sen-I Co Ltd,Japan,Consumer Discretionary,1737224
Tejas Networks Ltd,India,Telecommunications,19852422
Tekken Corp,Japan,Industrials,1445982
Teladoc Health Inc,United States,Health Care,34631807
Telcon RF Pharmaceutical Inc,South Korea,Telecommunications,428150
Tele2 AB,Sweden,Telecommunications,107012162
Telecom Egypt Co,Egypt,Telecommunications,3665720
Telecom Italia SpA/Milano,Italy,Telecommunications,108817523
Telecom Plus PLC,United Kingdom,Telecommunications,45723130
Teledyne Technologies Inc,United States,Industrials,162571413
Teleflex Inc,United States,Health Care,101619131
Telefonaktiebolaget LM Ericsson,Sweden,Telecommunications,410671364
Telefonica Deutschland Holding AG,Germany,Telecommunications,58013309
Telefonica SA,Spain,Telecommunications,403612235
Telekom Austria AG,Austria,Telecommunications,23392217
Telekom Malaysia Bhd,Malaysia,Telecommunications,34777230
Telekom Slovenije DD,Slovenia,Telecommunications,8791205
Telenet Group Holding NV,Belgium,Telecommunications,30994481
Teleperformance,France,Industrials,396986905
Telephone and Data Systems Inc,United States,Telecommunications,8836010
Television Broadcasts Ltd,Hong Kong,Consumer Discretionary,2100595
Television Francaise 1,France,Consumer Discretionary,19226710
Telia Co AB,Sweden,Telecommunications,119441868
Telix Pharmaceuticals Ltd,Australia,Health Care,16353408
Telkom Indonesia Persero Tbk PT,Indonesia,Telecommunications,133759111
Telkom SA SOC Ltd,South Africa,Telecommunications,33820516
Telstra Group Ltd,Australia,Telecommunications,207715507
Temenos AG,Switzerland,Technology,40079664
Temple & Webster Group Ltd,Australia,Consumer Discretionary,3658275
Tempur Sealy International Inc,United States,Consumer Discretionary,52109988
Tenable Holdings Inc,United States,Technology,42934124
Tenaris SA,Italy,Energy,331057129
Tencent Holdings Ltd,China,Technology,3782320811
Tencent Music Entertainment Group,China,Technology,52070626
Tenet Healthcare Corp,United States,Health Care,65580005
Tenma Corp,Japan,Industrials,1892605
Tennant Co,United States,Industrials,13966169
Tera Light Ltd,Israel,Financials,33167
Teradata Corp,United States,Technology,41629140
Teradyne Inc,United States,Technology,98510273
Terex Corp,United States,Industrials,30229185
Terna - Rete Elettrica Nazionale,Italy,Utilities,136616795
Terna Energy SA,Greece,Utilities,16242531
Ternium SA,Mexico,Basic Materials,1048208
TerraSky Co Ltd,Japan,Technology,1136846
Terreno Realty Corp,United States,Real Estate,49504539
Terumo Corp,Japan,Health Care,282646581
Terveystalo Oyj,Finland,Health Care,10740951
Tesco PLC,United Kingdom,Consumer Staples,578049296
Tesla Inc,United States,Consumer Discretionary,3392477099
Tess Holdings Co Ltd,Japan,Utilities,1771215
Tessenderlo Group SA,Belgium,Basic Materials,22810741
Test Research Inc,Taiwan,Technology,8082707
Test Rite International Co Ltd,Taiwan,Industrials,762521
Tetra Tech Inc,United States,Industrials,132467726
Teva Pharmaceutical Industries Ltd,Israel,Health Care,103739945
Texas Capital Bancshares Inc,United States,Financials,29735001
Texas Instruments Inc,United States,Technology,1528545387
Texas Roadhouse Inc,United States,Consumer Discretionary,36003558
Texwinca Holdings Ltd,Hong Kong,Basic Materials,1398792
Thai Airways International PCL,Thailand,Consumer Discretionary,20863
Thai Beverage PCL,Thailand,Consumer Staples,37578215
Thai Life Insurance PCL,Thailand,Financials,9904123
Thai Oil PCL,Thailand,Energy,51079148
Thai Stanley Electric PCL,Thailand,Consumer Discretionary,5815922
Thai Vegetable Oil PCL,Thailand,Consumer Staples,913913
Thaicom PCL,Thailand,Telecommunications,1325041
Thales SA,France,Industrials,377758461
Thanachart Capital PCL,Thailand,Financials,23867839
Theme International Holdings Ltd,Hong Kong,Consumer Discretionary,1012
Theravance Biopharma Inc,United States,Health Care,6119691
Thermax Ltd,India,Industrials,5001531
Thermo Fisher Scientific Inc,United States,Health Care,3070727841
Thermon Group Holdings Inc,United States,Industrials,1283112
Thinking Electronic Industrial Co Ltd,Taiwan,Technology,2392413
Thomson Medical Group Ltd,Singapore,Health Care,4539196
Thomson Reuters Corp,Canada,Financials,202804500
Thong Guan Industries Bhd,Malaysia,Industrials,10424878
Thor Industries Inc,United States,Consumer Discretionary,37270998
Thoughtworks Holding Inc,United States,Technology,6199545
Three-A Resources BHD,Malaysia,Consumer Staples,1348468
Thule Group AB,Sweden,Consumer Discretionary,55049194
Thunder Software Technology Co Ltd,China,Technology,35770002
Tian Lun Gas Holdings Ltd,China,Utilities,870198
Tiangong International Co Ltd,China,Basic Materials,25755225
Tianjin Capital Environmental Protection Group Co Ltd,China,Utilities,3712029
Tianli International Holdings Ltd,China,Consumer Discretionary,16659607
Tianneng Power International Ltd,China,Consumer Discretionary,1604725
Tianqi Lithium Corp,China,Basic Materials,31536418
Tidewater Inc,United States,Energy,2597925
TietoEVRY Oyj,Finland,Technology,41523313
Tiger Brands Ltd,South Africa,Consumer Staples,1923075
Tigerair Taiwan Co Ltd,Taiwan,Consumer Discretionary,2080074
Tim SA/Siechnice,Poland,Industrials,3450200
Timah Tbk PT,Indonesia,Basic Materials,751566
Times China Holdings Ltd,China,Real Estate,193
Timken Co/The,United States,Basic Materials,43603178
Timken India Ltd,India,Basic Materials,3978391
Tinexta Spa,Italy,Financials,31094259
Tingyi Cayman Islands Holding Corp,China,Consumer Staples,40788037
Tipco Asphalt PCL,Thailand,Industrials,14581815
Tisco Financial Group PCL,Thailand,Financials,3249697
Titan Cement International SA,Belgium,Industrials,405296
Titan Co Ltd,India,Consumer Discretionary,97428137
Toa Corp/Hyogo,Japan,Technology,1195748
Toa Corp/Tokyo,Japan,Industrials,2687805
Toagosei Co Ltd,Japan,Basic Materials,6314916
Toast Inc,United States,Technology,47642364
Tobu Railway Co Ltd,Japan,Industrials,74318400
Tocalo Co Ltd,Japan,Industrials,15897847
Tochigi Bank Ltd/The,Japan,Financials,5299846
Tod's SpA,Italy,Consumer Discretionary,4366647
Toda Corp,Japan,Industrials,17398356
Toda Kogyo Corp,Japan,Basic Materials,342
Toei Animation Co Ltd,Japan,Consumer Discretionary,11081345
Toei Co Ltd,Japan,Consumer Discretionary,7812043
Toenec Corp,Japan,Industrials,1777256
Toho Bank Ltd/The,Japan,Financials,1954026
Toho Co Ltd/Kobe,Japan,Consumer Staples,83235
Toho Co Ltd/Tokyo,Japan,Consumer Discretionary,69618700
Toho Gas Co Ltd,Japan,Utilities,11352740
Toho Holdings Co Ltd,Japan,Health Care,11193484
Toho Titanium Co Ltd,Japan,Basic Materials,27753042
Toho Zinc Co Ltd,Japan,Basic Materials,1735875
Tohoku Electric Power Co Inc,Japan,Utilities,11543652
Tohokushinsha Film Corp,Japan,Consumer Discretionary,40684
Tokai Carbon Co Ltd,Japan,Basic Materials,15852613
Tokai Carbon Korea Co Ltd,South Korea,Technology,14914928
Tokai Corp/Gifu,Japan,Health Care,2446832
Tokai Rika Co Ltd,Japan,Consumer Discretionary,4836188
Tokai Tokyo Financial Holdings Inc,Japan,Financials,5019505
Token Corp,Japan,Consumer Discretionary,5161862
Tokio Marine Holdings Inc,Japan,Financials,921128445
Tokmanni Group Corp,Finland,Consumer Discretionary,9213846
Tokushu Tokai Paper Co Ltd,Japan,Basic Materials,307437
Tokuyama Corp,Japan,Basic Materials,8518930
Tokyo Base Co Ltd,Japan,Consumer Discretionary,709782
Tokyo Cement Co Lanka PLC,Sri Lanka,Industrials,342331
Tokyo Century Corp,Japan,Financials,39304791
Tokyo Electric Power Co Holdings Inc,Japan,Utilities,39286458
Tokyo Electron Device Ltd,Japan,Technology,5722415
Tokyo Electron Ltd,Japan,Technology,680678349
Tokyo Energy & Systems Inc,Japan,Industrials,2105075
Tokyo Gas Co Ltd,Japan,Utilities,78614959
Tokyo Individualized Educational Institute Inc,Japan,Consumer Discretionary,801534
Tokyo Kiraboshi Financial Group Inc,Japan,Financials,3691169
Tokyo Ohka Kogyo Co Ltd,Japan,Basic Materials,48555661
Tokyo Rakutenchi Co Ltd,Japan,Real Estate,937724
Tokyo Rope Manufacturing Co Ltd,Japan,Basic Materials,1524
Tokyo Seimitsu Co Ltd,Japan,Technology,11705325
Tokyo Steel Manufacturing Co Ltd,Japan,Basic Materials,2907234
Tokyo Tatemono Co Ltd,Japan,Real Estate,35576549
Tokyo Tekko Co Ltd,Japan,Basic Materials,464
Tokyotokeiba Co Ltd,Japan,Consumer Discretionary,5556516
Tokyu Construction Co Ltd,Japan,Industrials,3041637
Tokyu Corp,Japan,Industrials,96490203
Tokyu Fudosan Holdings Corp,Japan,Real Estate,44896626
Tokyu REIT Inc,Japan,Real Estate,8948236
Toli Corp,Japan,Industrials,373592
Toll Brothers Inc,United States,Consumer Discretionary,53701740
TomTom NV,Netherlands,Technology,9822760
Tomoku Co Ltd,Japan,Basic Materials,1304400
Tomy Co Ltd,Japan,Consumer Discretionary,13225802
Ton Yi Industrial Corp,Taiwan,Industrials,6894779
Tonami Holdings Co Ltd,Japan,Industrials,1613248
Tong Hsing Electronic Industries Ltd,Taiwan,Technology,12475922
Tong Yang Industry Co Ltd,Taiwan,Consumer Discretionary,13211617
Tong-Tai Machine & Tool Co Ltd,Taiwan,Industrials,920448
Tongcheng Travel Holdings Ltd,China,Consumer Discretionary,38569868
Tongdao Liepin Group,China,Industrials,742873
Tongkun Group Co Ltd,China,Basic Materials,21591792
Tongwei Co Ltd,China,Consumer Staples,38744913
Tongyang Inc,South Korea,Industrials,710521
Tongyang Life Insurance Co Ltd,South Korea,Financials,1113587
Top Glove Corp Bhd,Malaysia,Health Care,68974
TopBuild Corp,United States,Industrials,70297968
Topchoice Medical Corp,China,Health Care,6162254
Topco Scientific Co Ltd,Taiwan,Technology,13607361
Topcon Corp,Japan,Industrials,29422144
Topdanmark AS,Denmark,Financials,65118639
Topgolf Callaway Brands Corp,United States,Consumer Discretionary,27643166
Topicus.com Inc,Canada,Technology,4381614
Topkey Corp,Taiwan,Consumer Discretionary,6090970
Topre Corp,Japan,Consumer Discretionary,15984034
Topsports International Holdings Ltd,China,Consumer Discretionary,28806263
Toptec Co Ltd,South Korea,Technology,691560
Topy Industries Ltd,Japan,Basic Materials,2856894
Toray Industries Inc,Japan,Basic Materials,47434123
Toridoll Holdings Corp,Japan,Consumer Discretionary,927321
Torii Pharmaceutical Co Ltd,Japan,Health Care,4061424
Torishima Pump Manufacturing Co Ltd,Japan,Industrials,907945
Toro Co/The,United States,Industrials,118096806
Toromont Industries Ltd,Canada,Industrials,63549323
Toronto-Dominion Bank/The,Canada,Financials,1455071015
Torrent Pharmaceuticals Ltd,India,Health Care,50206998
Torrent Power Ltd,India,Utilities,10163746
Tosei Corp,Japan,Real Estate,14832455
Tosei Reit Investment Corp,Japan,Real Estate,2027611
Toshiba Corp,Japan,Industrials,233506160
Toshiba TEC Corp,Japan,Industrials,14762072
Tosho Co Ltd,Japan,Consumer Discretionary,1731000
Tosoh Corp,Japan,Basic Materials,52073349
Total Access Communication PCL,Thailand,Telecommunications,42494806
TotalEnergies SE,France,Energy,4511437680
Totetsu Kogyo Co Ltd,Japan,Industrials,16505845
Toung Loong Textile Manufacturing,Taiwan,Basic Materials,998167
Tourism Holdings Ltd,New Zealand,Consumer Discretionary,1980701
Towa Bank Ltd/The,Japan,Financials,1531237
Towa Corp,Japan,Technology,11793945
Towa Pharmaceutical Co Ltd,Japan,Health Care,3934949
Tower Bersama Infrastructure Tbk PT,Indonesia,Telecommunications,15078567
Tower Semiconductor Ltd,Israel,Technology,4822851
Towne Bank/Portsmouth VA,United States,Financials,18039951
Towngas Smart Energy Co Ltd,China,Utilities,9650739
Toya SA,Poland,Industrials,2171359
Toyo Construction Co Ltd,Japan,Industrials,4334550
Toyo Corp/Chuo-ku,Japan,Industrials,1991455
Toyo Ink SC Holdings Co Ltd,Japan,Industrials,4278146
Toyo Kanetsu KK,Japan,Industrials,1346161
Toyo Securities Co Ltd,Japan,Financials,24
Toyo Seikan Group Holdings Ltd,Japan,Industrials,27974225
Toyo Suisan Kaisha Ltd,Japan,Consumer Staples,70440959
Toyo Tanso Co Ltd,Japan,Basic Materials,3781515
Toyo Tire Corp,Japan,Consumer Discretionary,29612442
Toyobo Co Ltd,Japan,Basic Materials,15294146
Toyoda Gosei Co Ltd,Japan,Consumer Discretionary,17006549
Toyota Boshoku Corp,Japan,Consumer Discretionary,8102145
Toyota Industries Corp,Japan,Consumer Discretionary,160188568
Toyota Motor Corp,Japan,Consumer Discretionary,2349858395
Toyota Tsusho Corp,Japan,Industrials,134269070
Track & Field Co SA,Brazil,Consumer Discretionary,9865460
Tractor Supply Co,United States,Consumer Discretionary,263188354
Trade Desk Inc/The,United States,Consumer Discretionary,95746435
Tradeweb Markets Inc,United States,Financials,72442336
Trainline PLC,United Kingdom,Consumer Discretionary,29881315
Trancom Co Ltd,Japan,Industrials,12204184
Trane Technologies PLC,United States,Industrials,522337154
TransAlta Renewables Inc,Canada,Utilities,11012795
TransDigm Group Inc,United States,Industrials,173165713
TransMedics Group Inc,United States,Health Care,8760413
TransUnion,United States,Industrials,117118153
Transaction Capital Ltd,South Africa,Financials,19875428
Transcend Information Inc,Taiwan,Technology,9865290
Transcom Inc/Taiwan,Taiwan,Technology,7923346
Transcontinental Inc,Canada,Industrials,9406185
Transcosmos Inc,Japan,Technology,25969447
Transurban Group,Australia,Industrials,415635783
Traton SE,Germany,Industrials,23659287
Travel + Leisure Co,United States,Consumer Discretionary,29932776
TravelCenters of America Inc,United States,Consumer Discretionary,6493100
TravelSky Technology Ltd,China,Technology,51617320
Travelers Cos Inc/The,United States,Financials,229287146
Travere Therapeutics Inc,United States,Health Care,4521450
Travis Perkins PLC,United Kingdom,Industrials,9042301
Treace Medical Concepts Inc,United States,Health Care,10702512
Treasure Factory Co Ltd,Japan,Consumer Discretionary,997566
Treasury Wine Estates Ltd,Australia,Consumer Staples,200642493
Tredegar Corp,United States,Basic Materials,10
TreeHouse Foods Inc,United States,Consumer Staples,9658481
Trelleborg AB,Sweden,Industrials,110247459
Tremor International Ltd,Israel,Consumer Discretionary,9102430
Trend Micro Inc/Japan,Japan,Technology,32017953
Trent Ltd,India,Consumer Discretionary,25121063
Trex Co Inc,United States,Industrials,35762839
Tri Chemical Laboratories Inc,Japan,Basic Materials,11224829
Tri Pointe Homes Inc,United States,Consumer Discretionary,17632225
TriMas Corp,United States,Industrials,6442976
TriNet Group Inc,United States,Industrials,34684649
Tricon Residential Inc,Canada,Real Estate,21378311
Trident Ltd/India,India,Consumer Discretionary,4285556
Trigano SA,France,Consumer Discretionary,71359305
Trimble Inc,United States,Industrials,159987615
Trinity Industries Inc,United States,Industrials,21951467
Trinseo PLC,United States,Industrials,7310349
Trip.com Group Ltd,China,Consumer Discretionary,225463997
TripAdvisor Inc,United States,Consumer Discretionary,18574185
Triple Flag Precious Metals Corp,Canada,Basic Materials,9686704
Tripod Technology Corp,Taiwan,Technology,25317084
Triputra Agro Persada PT,Indonesia,Consumer Staples,3074597
Tritax Big Box REIT PLC,United Kingdom,Real Estate,61791581
Triton International Ltd,United States,Industrials,42827036
Triumph Financial Inc,United States,Financials,4248367
Triumph Group Inc,United States,Industrials,4009172
Troax Group AB,Sweden,Basic Materials,14291361
Tronox Holdings PLC,United States,Basic Materials,16634946
True Corp PCL,Thailand,Telecommunications,2713156
TrueBlue Inc,United States,Industrials,4745115
Truecaller AB,Sweden,Technology,16039497
Truist Financial Corp,United States,Financials,540169962
Truly International Holdings Ltd,Hong Kong,Technology,2958030
Trupanion Inc,United States,Financials,17687101
Trusco Nakayama Corp,Japan,Industrials,30554691
Trustmark Corp,United States,Financials,19060162
Trustpilot Group PLC,United Kingdom,Technology,5542656
Truworths International Ltd,South Africa,Consumer Discretionary,6045290
Tryg A/S,Denmark,Financials,254070253
Tsingtao Brewery Co Ltd,China,Consumer Staples,126541618
Tsubaki Nakashima Co Ltd,Japan,Industrials,4874077
Tsubakimoto Chain Co,Japan,Industrials,21883897
Tsuburaya Fields Holdings Inc,Japan,Consumer Discretionary,196323
Tsugami Corp,Japan,Industrials,5315892
Tsukishima Kikai Co Ltd,Japan,Industrials,11270151
Tsukuba Bank Ltd,Japan,Financials,170990
Tsumura & Co,Japan,Health Care,21540040
Tsuruha Holdings Inc,Japan,Consumer Staples,55326142
Tsurumi Manufacturing Co Ltd,Japan,Industrials,2724495
Tsutsumi Jewelry Co Ltd,Japan,Consumer Discretionary,1029950
TuSimple Holdings Inc,United States,Industrials,3451254
Tubacex SA,Spain,Basic Materials,2028492
Tube Investments of India Ltd,India,Basic Materials,27431614
Tune Protect Group Bhd,Malaysia,Financials,528170
Tung Ho Steel Enterprise Corp,Taiwan,Basic Materials,17508994
Tung Thih Electronic Co Ltd,Taiwan,Consumer Discretionary,4663793
Turk Hava Yollari AO,Turkey,Consumer Discretionary,71517866
Turk Traktor ve Ziraat Makineleri AS,Turkey,Industrials,63676964
Turk Tuborg Bira ve Malt Sanayii AS,Turkey,Consumer Staples,2
Turkcell Iletisim Hizmetleri AS,Turkey,Telecommunications,55647854
Turkiye Is Bankasi AS,Turkey,Financials,17144587
Turkiye Petrol Rafinerileri AS,Turkey,Energy,120930317
Turkiye Sise ve Cam Fabrikalari AS,Turkey,Industrials,90067089
Turning Point Brands Inc,United States,Consumer Staples,1587642
Turtle Beach Corp,United States,Consumer Discretionary,773643
Tutor Perini Corp,United States,Industrials,170547
Tuya Inc,China,Technology,10
Tv Tokyo Holdings Corp,Japan,Consumer Discretionary,1693178
Twilio Inc,United States,Technology,82516450
Twist Bioscience Corp,United States,Health Care,9631002
Two Harbors Investment Corp,United States,Financials,12004771
Tyler Technologies Inc,United States,Technology,163705290
Tyntek Corp,Taiwan,Industrials,1937850
Tyro Payments Ltd,Australia,Industrials,1333423
Tyson Foods Inc,United States,Consumer Staples,84747959
U-Haul Holding Co,United States,Consumer Discretionary,58946916
U-Ming Marine Transport Corp,Taiwan,Industrials,5752529
UACJ Corp,Japan,Basic Materials,10232655
UBCare Co Ltd,South Korea,Health Care,582783
UBE Corp,Japan,Basic Materials,25563873
UBS Group AG,Switzerland,Financials,2168260812
UCB SA,Belgium,Health Care,234536724
UDR Inc,United States,Real Estate,910633819
UEM Sunrise Bhd,Malaysia,Real Estate,447231
UFP Industries Inc,United States,Basic Materials,46159955
UFP Technologies Inc,United States,Health Care,4314774
UGI Corp,United States,Utilities,58630505
UK Commercial Property REIT Ltd,United Kingdom,Real Estate,9818957
UMB Financial Corp,United States,Financials,37183522
UMS Holdings Ltd,Singapore,Industrials,7961657
UMW Holdings Bhd,Malaysia,Consumer Discretionary,15338975
UNIQA Insurance Group AG,Austria,Financials,5737446
UNIRITA Inc,Japan,Technology,491019
UNITE Group PLC/The,United Kingdom,Real Estate,231777800
UNO Minda Ltd,India,Consumer Discretionary,7543206
UOA Development Bhd,Malaysia,Real Estate,318
UOB-Kay Hian Holdings Ltd,Singapore,Financials,4275133
UOL Group Ltd,Singapore,Real Estate,39840261
UPC Technology Corp,Taiwan,Basic Materials,7032170
UPI Semiconductor Corp,Taiwan,Technology,5844903
UPL Ltd,India,Basic Materials,144457371
UPM-Kymmene Oyj,Finland,Basic Materials,516552877
US Bancorp,United States,Financials,630486647
US Foods Holding Corp,United States,Consumer Staples,68955954
US Silica Holdings Inc,United States,Basic Materials,4168750
US Xpress Enterprises Inc,United States,Industrials,1539935
USANA Health Sciences Inc,United States,Consumer Staples,5785394
USI Corp,Taiwan,Industrials,13429111
USS Co Ltd,Japan,Consumer Discretionary,53431926
UT Group Co Ltd,Japan,Industrials,4825056
UTI Asset Management Co Ltd,India,Financials,3983596
UWC BHD,Malaysia,Basic Materials,15071213
Uber Technologies Inc,United States,Consumer Discretionary,577177798
Ubicom Holdings Inc,Japan,Technology,1155509
Ubiquiti Inc,United States,Telecommunications,8721231
Ubisoft Entertainment SA,France,Consumer Discretionary,17037523
Uchi Technologies Bhd,Malaysia,Technology,3187600
Uchida Yoko Co Ltd,Japan,Consumer Discretionary,2527863
Udemy Inc,United States,Consumer Discretionary,5212903
Ufaorgsintez OAO,Russia,Basic Materials,15
UiPath Inc,United States,Technology,43808281
Ulta Beauty Inc,United States,Consumer Discretionary,199403064
Ultra Chip Inc,Taiwan,Technology,1085865
Ultragenyx Pharmaceutical Inc,United States,Health Care,33525871
Ultrajaya Milk Industry & Trading Co Tbk PT,Indonesia,Consumer Staples,3141906
Ultrapar Participacoes SA,Brazil,Energy,11014119
Ulvac Inc,Japan,Industrials,62290207
Umicore SA,Belgium,Basic Materials,480152905
Umpqua Holdings Corp,United States,Financials,61209721
Under Armour Inc,United States,Consumer Discretionary,35400976
Uni-Charm Indonesia Tbk PT,Indonesia,Consumer Staples,4809273
Uni-President China Holdings Ltd,China,Consumer Staples,18246307
Uni-President Enterprises Corp,Taiwan,Consumer Staples,165596117
UniCredit SpA,Italy,Financials,727568046
UniFirst Corp/MA,United States,Industrials,27551831
UniTest Inc,South Korea,Technology,4635162
Unibail-Rodamco-Westfield,Netherlands,Real Estate,317948395
Unicaja Banco SA,Spain,Financials,76667014
Unicharm Corp,Japan,Consumer Staples,241639118
Unid Btplus Co Ltd,South Korea,Basic Materials,290303
Unid Co Ltd,South Korea,Basic Materials,3435150
Unidata SpA,Italy,Telecommunications,2014221
Unifique Telecomunicacoes S/A,Brazil,Telecommunications,5245039
Unigroup Guoxin Microelectronics Co Ltd,China,Technology,20175436
Unilever Indonesia Tbk PT,Indonesia,Consumer Staples,32102096
Unilever PLC,United Kingdom,Consumer Staples,3007462116
Unimicron Technology Corp,Taiwan,Technology,95617549
Union Assurance PLC/Sri Lanka,Sri Lanka,Financials,440568
Union Bank Of Taiwan,Taiwan,Financials,10485855
Union Bank of the Philippines,Philippines,Financials,1060020
Union Pacific Corp,United States,Industrials,1246113922
Union Semiconductor Equipment & Materials Co Ltd,South Korea,Technology,1199702
Union Tool Co,Japan,Industrials,2208087
Uniper SE,Germany,Utilities,727243
Unipol Gruppo SpA,Italy,Financials,62619081
UnipolSai Assicurazioni SpA,Italy,Financials,19737538
Unipres Corp,Japan,Consumer Discretionary,1438502
Unipro PJSC,Russia,Utilities,0
Unique Engineering & Construction PCL,Thailand,Industrials,559439
Unisem M Bhd,Malaysia,Technology,38064191
Unisplendour Corp Ltd,China,Technology,9507581
Unitech Printed Circuit Board Corp,Taiwan,Technology,4400436
United Airlines Holdings Inc,United States,Consumer Discretionary,27204056
United Arrows Ltd,Japan,Consumer Discretionary,2905483
United Bankshares Inc/WV,United States,Financials,36439826
United Breweries Ltd,India,Consumer Staples,1922153
United Community Banks Inc/GA,United States,Financials,33990531
United Integrated Services Co Ltd,Taiwan,Industrials,17344081
United Internet AG,Germany,Technology,64147218
United Laboratories International Holdings Ltd/The,Hong Kong,Health Care,7504242
United Malt Grp Ltd,Australia,Consumer Staples,22488725
United Microelectronics Corp,Taiwan,Technology,239746857
United Natural Foods Inc,United States,Consumer Staples,19828230
United Overseas Bank Ltd,Singapore,Financials,552588395
United Paper PCL,Thailand,Basic Materials,5417917
United Parcel Service Inc,United States,Industrials,1225112367
United Renewable Energy Co Ltd/Taiwan,Taiwan,Energy,13688542
United Rentals Inc,United States,Industrials,583080016
United Spirits Ltd,India,Consumer Staples,28841716
United States Steel Corp,United States,Basic Materials,61924502
United Super Markets Holdings Inc,Japan,Consumer Staples,2735487
United Therapeutics Corp,United States,Health Care,124157730
United U-Li Corp BHD,Malaysia,Industrials,1775918
United Urban Investment Corp,Japan,Real Estate,53839118
United Utilities Group PLC,United Kingdom,Utilities,200966815
UnitedHealth Group Inc,United States,Health Care,5122831909
Uniti Group Inc,United States,Real Estate,12060991
Unitika Ltd,Japan,Basic Materials,672680
Unity Software Inc,United States,Technology,156052997
Univar Solutions Inc,United States,Basic Materials,53513867
Universal Cement Corp,Taiwan,Industrials,1855576
Universal Display Corp,United States,Technology,47819368
Universal Entertainment Corp,Japan,Consumer Discretionary,3927138
Universal Health Realty Income Trust,United States,Real Estate,5128970
Universal Health Services Inc,United States,Health Care,64198642
Universal Logistics Holdings Inc,United States,Industrials,3360720
Universal Music Group NV,Netherlands,Consumer Discretionary,617117136
Universal Robina Corp,Philippines,Consumer Staples,26878178
Universal Store Holdings Ltd,Australia,Consumer Discretionary,1805887
Universal Vision Biotechnology Co Ltd,Taiwan,Health Care,7484959
Unizyx Holding Corp,Taiwan,Telecommunications,6023862
Unum Group,United States,Financials,426463194
Upland Software Inc,United States,Technology,139748
Uponor Oyj,Finland,Industrials,25980192
Upstart Holdings Inc,United States,Financials,11225089
Upwork Inc,United States,Technology,10257248
Urban Edge Properties,United States,Real Estate,15831975
Urban Outfitters Inc,United States,Consumer Discretionary,8437701
Urstadt Biddle Properties Inc,United States,Real Estate,19
Usen-Next Holdings Co Ltd,Japan,Telecommunications,1298525
Ushio Inc,Japan,Industrials,31805709
Uzma Bhd,Malaysia,Energy,207461
V Technology Co Ltd,Japan,Technology,1423645
V-Cube Inc,Japan,Technology,1296207
V-Guard Industries Ltd,India,Industrials,3159676
V-Mart Retail Ltd,India,Consumer Discretionary,970926
V-ZUG Holding AG,Switzerland,Consumer Discretionary,203107
VA Tech Wabag Ltd,India,Utilities,9941059
VAT Group AG,Switzerland,Industrials,152738525
VBG Group AB,Sweden,Consumer Discretionary,2455250
VERBIO Vereinigte BioEnergie AG,Germany,Energy,47260542
VF Corp,United States,Consumer Discretionary,80992803
VGI PCL,Thailand,Consumer Discretionary,3047818
VGP NV,Belgium,Real Estate,37789048
VIA Labs Inc,Taiwan,Technology,747897
VICI Properties Inc,United States,Real Estate,324472619
VIDENDUM PLC,United Kingdom,Industrials,7879544
VIGO PHOTONICS SA,Poland,Technology,650241
VIP Industries Ltd,India,Consumer Discretionary,8237128
VIRO Tvornica Secera,Croatia,Consumer Staples,9968
VK Co Ltd,Russia,Technology,736228
VMware Inc,United States,Technology,180358992
VNDirect Securities Corp,Vietnam,Financials,5153790
VNV Global AB,Sweden,Financials,1193247
VP Bank AG,Switzerland,Financials,5259364
VPower Group International Holdings Ltd,Hong Kong,Industrials,154401
VS Industry Bhd,Malaysia,Industrials,14341223
VS International Group Ltd,China,Industrials,217549
VSTECS Holdings Ltd,Hong Kong,Technology,3723406
VT Holdings Co Ltd,Japan,Consumer Discretionary,4085575
VTB Bank PJSC,Russia,Financials,4149964
VTEX,United States,Technology,818974
VTech Holdings Ltd,Hong Kong,Telecommunications,15988478
VZ Holding AG,Switzerland,Financials,26723383
Vaibhav Global Ltd,India,Consumer Discretionary,2015251
Vail Resorts Inc,United States,Consumer Discretionary,96255502
Vaisala Oyj,Finland,Industrials,394716
Valamar Riviera DD,Croatia,Consumer Discretionary,3239903
Valaris Ltd,United States,Energy,42828750
Vale Indonesia Tbk PT,Indonesia,Basic Materials,20709070
Valeo,France,Consumer Discretionary,209712663
Valero Energy Corp,United States,Energy,523246629
Valiant Holding AG,Switzerland,Financials,44653264
Valid Solucoes e Servicos de Seguranca em Meios de Pagamento e Identificacao SA,Brazil,Industrials,4228542
Valley National Bancorp,United States,Financials,47062177
Vallourec SA,France,Basic Materials,50956715
Valmet Oyj,Finland,Industrials,144548935
Valmont Industries Inc,United States,Industrials,64415177
Valneva SE,France,Health Care,13629472
Valor Holdings Co Ltd,Japan,Consumer Discretionary,4899357
Valqua Ltd,Japan,Basic Materials,2931661
Value Added Technology Co Ltd,South Korea,Health Care,2249932
Value Partners Group Ltd,Hong Kong,Financials,3892176
ValueCommerce Co Ltd,Japan,Consumer Discretionary,15428178
Valuence Holdings Inc,Japan,Consumer Discretionary,1747847
Valvoline Inc,United States,Basic Materials,60298869
Vamos Locacao de Caminhoes Maquinas e Equipamentos SA,Brazil,Industrials,19103600
Van de Velde NV,Belgium,Consumer Discretionary,2276021
Vanda Pharmaceuticals Inc,United States,Health Care,1175010
Vanguard International Semiconductor Corp,Taiwan,Technology,63142385
Vantage Towers AG,Germany,Telecommunications,92191702
Vantiva SA,France,Consumer Discretionary,5814
Vardhman Textiles Ltd,India,Basic Materials,4373847
Varex Imaging Corp,United States,Health Care,6602088
Varonis Systems Inc,United States,Technology,25431725
Varroc Engineering Ltd,India,Consumer Discretionary,7924621
Varta AG,Germany,Industrials,7265602
Varun Beverages Ltd,India,Consumer Staples,319186877
Vastned Retail NV,Netherlands,Real Estate,9142948
Vatti Corp Ltd,China,Consumer Discretionary,43
Vaxcell-Bio Therapeutics Co Ltd,South Korea,Health Care,2476840
Vaxcyte Inc,United States,Health Care,8840398
Vector Inc,Japan,Consumer Discretionary,2349575
Vector Ltd,New Zealand,Utilities,5898115
Veeco Instruments Inc,United States,Technology,6991654
Veeva Systems Inc,United States,Health Care,262345299
Velesto Energy Bhd,Malaysia,Energy,4484215
Ventas Inc,United States,Real Estate,181481312
Ventia Services Group Pty Ltd,Australia,Industrials,4832942
Venture Corp Ltd,Singapore,Industrials,61666876
Venus MedTech Hangzhou Inc,China,Health Care,13223060
Venustech Group Inc,China,Technology,75565668
Veolia Environnement SA,France,Utilities,547088837
Veracyte Inc,United States,Health Care,8989588
Verallia SA,France,Industrials,86815068
Verbund AG,Austria,Utilities,130707036
VeriSign Inc,United States,Technology,197390861
Vericel Corp,United States,Health Care,1475830
Verint Systems Inc,United States,Technology,23447546
Veris Residential Inc,United States,Real Estate,17808354
Verisk Analytics Inc,United States,Industrials,262168588
Veritiv Corp,United States,Industrials,2160596
Verizon Communications Inc,United States,Telecommunications,1790177494
Verra Mobility Corp,United States,Industrials,21764064
Vertex Inc,United States,Technology,590049
Vertex Pharmaceuticals Inc,United States,Health Care,698438110
Vertiv Holdings Co,United States,Technology,40173240
Vertu Motors PLC,United Kingdom,Consumer Discretionary,4027309
Vestas Wind Systems A/S,Denmark,Energy,328188577
Vesuvius PLC,United Kingdom,Industrials,19265798
Vesync Co Ltd,Hong Kong,Consumer Discretionary,13733873
Vetoquinol SA,France,Health Care,7226114
Vetropack Holding AG,Switzerland,Industrials,11922247
ViTrox Corp Bhd,Malaysia,Technology,46685666
Via S/A,Brazil,Consumer Discretionary,163
Via Technologies Inc,Taiwan,Technology,8270310
Viaplay Group AB,Sweden,Consumer Discretionary,120723274
Viasat Inc,United States,Telecommunications,23768644
Viatris Inc,United States,Health Care,122263729
Viavi Solutions Inc,United States,Telecommunications,23771665
Vibra Energia SA,Brazil,Energy,74688555
Vicat SA,France,Industrials,8818768
Vicinity Ltd,Australia,Real Estate,66896355
Vicor Corp,United States,Industrials,9680483
Victoria PLC,United Kingdom,Consumer Discretionary,7255979
Victoria's Secret & Co,United States,Consumer Discretionary,23633620
Victrex PLC,United Kingdom,Basic Materials,47917129
Vidente Co Ltd,South Korea,Industrials,532523
Vidrala SA,Spain,Industrials,33532993
Vienna Insurance Group AG Wiener Versicherung Gruppe,Austria,Financials,162773
Viet Capital Securities JSC,Vietnam,Financials,2821859
Vietnam Dairy Products JSC,Vietnam,Consumer Staples,2682155
Vietnam Export Import Commercial JSB,Vietnam,Financials,6224315
Vietnam Joint Stock Commercial Bank for Industry and Trade,Vietnam,Financials,13727249
Vietnam Prosperity JSC Bank,Vietnam,Financials,36371981
Vietnam Technological & Commercial Joint Stock Bank,Vietnam,Financials,2050466
ViewRay Inc,United States,Health Care,443520
Vieworks Co Ltd,South Korea,Health Care,1433108
Viglacera Corp JSC,Vietnam,Industrials,7122194
Vilmorin & Cie SA,France,Consumer Staples,10955317
Vimeo Inc,United States,Technology,7385925
Vinati Organics Ltd,India,Basic Materials,4333271
Vinci SA,France,Industrials,1174304978
Vinda International Holdings Ltd,China,Consumer Staples,26887040
Vingroup JSC,Vietnam,Real Estate,6712313
Vinh Hoan Corp,Vietnam,Consumer Staples,19012046
Vinhomes JSC,Vietnam,Real Estate,29569574
Viohalco SA,Greece,Basic Materials,3846689
Vipshop Holdings Ltd,China,Consumer Discretionary,93010096
Vir Biotechnology Inc,United States,Health Care,18439854
Virbac SA,France,Health Care,25205649
Virgin Galactic Holdings Inc,United States,Industrials,6568730
Virgin Money UK PLC,United Kingdom,Financials,3021
Viridian Therapeutics Inc,United States,Health Care,3919982
Virtu Financial Inc,United States,Financials,19030386
Virtus Investment Partners Inc,United States,Financials,12827437
Visa Inc,United States,Industrials,3012686416
Viscofan SA,Spain,Consumer Staples,60720311
Vishay Intertechnology Inc,United States,Technology,33694648
Vision Inc/Tokyo Japan,Japan,Telecommunications,16626101
Visional Inc,Japan,Industrials,27122575
Vista Group International Ltd,New Zealand,Technology,1670952
Vista Land & Lifescapes Inc,Philippines,Real Estate,828590
Vista Outdoor Inc,United States,Consumer Discretionary,4967410
Visteon Corp,United States,Consumer Discretionary,38168606
Vistra Corp,United States,Utilities,22849773
Vistry Group PLC,United Kingdom,Consumer Discretionary,48966573
Visual Photonics Epitaxy Co Ltd,Taiwan,Technology,5571928
Vita Group Ltd,Australia,Consumer Discretionary,205274
Vital Farms Inc,United States,Consumer Staples,89520
Vital Healthcare Property Trust,New Zealand,Real Estate,6333696
Vital KSK Holdings Inc,Japan,Consumer Staples,2689568
Vitasoy International Holdings Ltd,Hong Kong,Consumer Staples,17000457
Vitec Software Group AB,Sweden,Technology,25368579
Vitesco Technologies Group AG,Germany,Consumer Discretionary,36462794
Vitro SAB de CV,Mexico,Industrials,2404825
Vitrolife AB,Sweden,Health Care,29475123
Vitru Ltd,Brazil,Consumer Discretionary,7385827
Viva Biotech Holdings,China,Health Care,775678
Viva Energy Group Ltd,Australia,Energy,27087744
Viva Leisure Ltd,Australia,Consumer Discretionary,1992744
Vivendi SE,France,Consumer Discretionary,145717462
Vivint Smart Home Inc,United States,Industrials,2572566
Vivoryon Therapeutics NV,Netherlands,Health Care,4581832
Vivotek Inc,Taiwan,Industrials,709522
Vnet Group Inc,China,Technology,3944534
Vobile Group Ltd,Hong Kong,Technology,8098491
Vodacom Group Ltd,South Africa,Telecommunications,6632651
Vodafone Group PLC,United Kingdom,Telecommunications,614157159
Vodafone Idea Ltd,India,Telecommunications,4408812
Volati AB,Sweden,Industrials,1380027
Volkswagen AG,Germany,Consumer Discretionary,467831028
Volpara Health Technologies Ltd,New Zealand,Health Care,2124116
Voltabox AG,Germany,Consumer Discretionary,67443
Voltalia SA,France,Utilities,15642534
Voltas Ltd,India,Industrials,18328177
Voltronic Power Technology Corp,Taiwan,Technology,48646778
Volution Group PLC,United Kingdom,Industrials,2025223
Volvo AB,Sweden,Industrials,829205834
Volvo Car AB,Sweden,Consumer Discretionary,45093942
Vonovia SE,Germany,Real Estate,2731498702
Vontier Corp,United States,Industrials,33979820
Vontobel Holding AG,Switzerland,Financials,52020855
Vornado Realty Trust,United States,Real Estate,375454249
Vossloh AG,Germany,Industrials,12390691
Voxel SA,Poland,Health Care,2572810
Voya Financial Inc,United States,Financials,60768599
Vroom Inc,United States,Technology,648624
Vulcan Energy Resources Ltd,Australia,Basic Materials,5233965
Vulcan Materials Co,United States,Industrials,211813581
Vulcan Steel Ltd,New Zealand,Basic Materials,2861429
W R Berkley Corp,United States,Financials,195570852
W-Scope Corp,Japan,Industrials,4521727
WAG Payment Solutions PLC,United Kingdom,Industrials,4201310
WATAMI Co Ltd,Japan,Consumer Discretionary,205413
WCT Holdings Bhd,Malaysia,Industrials,92586
WD-40 Co,United States,Consumer Staples,20288923
WDB Holdings Co Ltd,Japan,Industrials,1084736
WEG SA,Brazil,Industrials,27566391
WESCO International Inc,United States,Industrials,56752910
WEX Inc,United States,Industrials,73068579
WH Group Ltd,Hong Kong,Consumer Staples,60522817
WH Smith PLC,United Kingdom,Consumer Discretionary,50026188
WHA Corp PCL,Thailand,Real Estate,11331799
WIN-Partners Co Ltd,Japan,Health Care,1882
WONIK IPS Co Ltd,South Korea,Technology,11188545
WP Carey Inc,United States,Real Estate,170392008
WPG Holdings Ltd,Taiwan,Technology,33625280
WPP PLC,United Kingdom,Consumer Discretionary,192045820
WSFS Financial Corp,United States,Financials,28875368
WSP Global Inc,Canada,Industrials,157958259
WT Microelectronics Co Ltd,Taiwan,Technology,10613665
WUS Printed Circuit Co Ltd,Taiwan,Technology,1824617
WUS Printed Circuit Kunshan Co Ltd,China,Technology,28107857
WW Grainger Inc,United States,Industrials,252790594
Wacker Chemie AG,Germany,Basic Materials,47803704
Wacker Neuson SE,Germany,Industrials,11382801
Wacoal Holdings Corp,Japan,Consumer Discretionary,2991404
Wacom Co Ltd,Japan,Technology,17621580
Wafa Assurance,Morocco,Financials,179775
Wafer Works Corp,Taiwan,Technology,9023648
Wah Lee Industrial Corp,Taiwan,Industrials,9610999
Wah Seong Corp Bhd,Malaysia,Energy,1183813
Wakita & Co Ltd,Japan,Industrials,3817868
Wal-Mart de Mexico SAB de CV,Mexico,Consumer Discretionary,73377170
Walgreens Boots Alliance Inc,United States,Consumer Staples,32457098
Walker & Dunlop Inc,United States,Financials,22893479
Wallenstam AB,Sweden,Real Estate,35816346
Walmart Inc,United States,Consumer Discretionary,2550650243
Walsin Lihwa Corp,Taiwan,Industrials,73412215
Walsin Technology Corp,Taiwan,Technology,17471007
Walt Disney Co/The,United States,Consumer Discretionary,1394909659
Walton Hi-Tech Industries Ltd,Bangladesh,Consumer Discretionary,2996185
Walvax Biotechnology Co Ltd,China,Health Care,3786764
Wan Hai Lines Ltd,Taiwan,Industrials,38611682
Wangsu Science & Technology Co Ltd,China,Technology,18378073
Wanhua Chemical Group Co Ltd,China,Basic Materials,228362856
Want Want China Holdings Ltd,Hong Kong,Consumer Staples,41046865
Warabeya Nichiyo Holdings Co Ltd,Japan,Consumer Discretionary,3010327
Warehouse Group Ltd/The,New Zealand,Consumer Discretionary,1571677
Warehouses De Pauw CVA,Belgium,Real Estate,168286488
Warner Bros Discovery Inc,United States,Consumer Discretionary,190839709
Warrior Met Coal Inc,United States,Energy,20181541
Warrix Sport PCL,Thailand,Consumer Discretionary,409032
Warsaw Stock Exchange,Poland,Financials,1118549
Wartsila OYJ Abp,Finland,Industrials,61419144
Washington Federal Inc,United States,Financials,21710507
Washington Trust Bancorp Inc,United States,Financials,5242642
Washtec AG,Germany,Industrials,14717409
Waste Connections Inc,Canada,Utilities,594017291
Waste Management Inc,United States,Utilities,642995898
Watches of Switzerland Group PLC,United Kingdom,Consumer Discretionary,66147382
Waters Corp,United States,Industrials,211213931
Watsco Inc,United States,Industrials,69642705
Watts Water Technologies Inc,United States,Industrials,38180068
Wavestone,France,Technology,10600765
Wayfair Inc,United States,Consumer Discretionary,27817704
Waypoint REIT Ltd,Australia,Real Estate,7784853
WeWork Inc,United States,Real Estate,2285542
WealthNavi Inc,Japan,Financials,77875
Weatherford International PLC,United States,Energy,3307916
Weathernews Inc,Japan,Industrials,3457274
Webjet Ltd,Australia,Consumer Discretionary,17705742
Webster Financial Corp,United States,Financials,84632416
Webuild SpA,Italy,Industrials,8934795
Webzen Inc,South Korea,Consumer Discretionary,1972261
Wei Chuan Foods Corp,Taiwan,Consumer Staples,5100991
Weibo Corp,China,Technology,40661207
Weichai Power Co Ltd,China,Industrials,53982081
Weifu High-Technology Group Co Ltd,China,Consumer Discretionary,3043680
Weilong Delicious Global Holdings Ltd,China,Consumer Staples,7008475
Weimob Inc,China,Technology,4425238
Weir Group PLC/The,United Kingdom,Industrials,116774828
Weis Markets Inc,United States,Consumer Staples,9753751
Welbe Inc,Japan,Industrials,4425093
Welcia Holdings Co Ltd,Japan,Consumer Staples,36013800
Wellnet Corp,Japan,Industrials,1449
Wells Fargo & Co,United States,Financials,2012139119
Welltower Inc,United States,Real Estate,1097399163
Welspun Corp Ltd,India,Basic Materials,3479926
Welspun India Ltd,India,Basic Materials,4519928
Weltrend Semiconductor,Taiwan,Technology,2166157
Wemade Co Ltd,South Korea,Consumer Discretionary,7280776
Wemade Max Co Ltd,South Korea,Consumer Discretionary,589937
Wendel SE,France,Financials,59856753
Wendy's Co/The,United States,Consumer Discretionary,44445275
Wereldhave Belgium Comm VA,Belgium,Real Estate,4156113
Wereldhave NV,Netherlands,Real Estate,11890108
Werner Enterprises Inc,United States,Industrials,19973912
WesBanco Inc,United States,Financials,19533391
Wesfarmers Ltd,Australia,Consumer Discretionary,530113636
West African Resources Ltd,Australia,Basic Materials,14367455
West China Cement Ltd,China,Industrials,2958871
West Fraser Timber Co Ltd,Canada,Basic Materials,116722494
West Holdings Corp,Japan,Consumer Discretionary,5812521
West Japan Railway Co,Japan,Industrials,159571231
West Pharmaceutical Services Inc,United States,Health Care,233168541
Westamerica BanCorp,United States,Financials,12477428
Western Alliance Bancorp,United States,Financials,68940224
Western Digital Corp,United States,Technology,86747261
Western Superconducting Technologies Co Ltd,China,Basic Materials,10089815
Western Union Co/The,United States,Industrials,27747238
Westgold Resources Ltd,Australia,Basic Materials,4598860
Westinghouse Air Brake Technologies Corp,United States,Industrials,163181665
Westlake Corp,United States,Basic Materials,30915092
Westlife Foodworld Ltd,India,Consumer Discretionary,4273365
Westpac Banking Corp,Australia,Financials,598791236
Westports Holdings Bhd,Malaysia,Industrials,10069439
Westrock Co,United States,Industrials,192614039
Westshore Terminals Investment Corp,Canada,Industrials,7691258
Weyerhaeuser Co,United States,Real Estate,479666689
Wharf Holdings Ltd/The,Hong Kong,Real Estate,59142697
Wharf Real Estate Investment Co Ltd,Hong Kong,Real Estate,158936465
Wheaton Precious Metals Corp,Canada,Basic Materials,238453705
Whirlpool Corp,United States,Consumer Discretionary,20065252
Whirlpool of India Ltd,India,Consumer Discretionary,4080371
Whitbread PLC,United Kingdom,Consumer Discretionary,197409739
White Mountains Insurance Group Ltd,United States,Financials,38748399
WiSoL Co Ltd,South Korea,Technology,346309
Wickes Group PLC,United Kingdom,Consumer Discretionary,10104966
Widodo Makmur Perkasa Tbk PT,Indonesia,Consumer Staples,2115305
Wielton SA,Poland,Industrials,252449
Wienerberger AG,Austria,Industrials,75668735
Wihlborgs Fastigheter AB,Sweden,Real Estate,58270641
Wiit SpA,Italy,Technology,2017103
Wijaya Karya Bangunan Gedung Tbk PT,Indonesia,Industrials,2179595
Wijaya Karya Persero Tbk PT,Indonesia,Industrials,7547990
Wilcon Depot Inc,Philippines,Consumer Discretionary,15653382
Will Semiconductor Co Ltd Shanghai,China,Technology,17400845
WillScot Mobile Mini Holdings Corp,United States,Industrials,91014749
Williams Cos Inc/The,United States,Energy,282733651
Williams-Sonoma Inc,United States,Consumer Discretionary,55499120
Willis Towers Watson PLC,United States,Financials,270017543
Win Semiconductors Corp,Taiwan,Technology,23240796
Winbond Electronics Corp,Taiwan,Technology,30357056
Wincanton PLC,United Kingdom,Industrials,20326534
Wing Tai Holdings Ltd,Singapore,Real Estate,1664479
WingArc1st Inc,Japan,Technology,10076239
Wingstop Inc,United States,Consumer Discretionary,19882925
Wingtech Technology Co Ltd,China,Telecommunications,952935
Winnebago Industries Inc,United States,Consumer Discretionary,15535696
Winning Health Technology Group Co Ltd,China,Technology,456640
Winpak Ltd,Canada,Industrials,8510154
Wintrust Financial Corp,United States,Financials,54595018
Wipro Ltd,India,Technology,156973397
Wirtualna Polska Holding SA,Poland,Technology,15627858
Wisdom Marine Lines Co Ltd,Taiwan,Industrials,12487442
WisdomTree Inc,United States,Financials,476690
Wise PLC,United Kingdom,Industrials,107700219
WiseTech Global Ltd,Australia,Technology,81160593
Wistron Corp,Taiwan,Technology,42476445
Wistron NeWeb Corp,Taiwan,Telecommunications,13552149
WithSecure Oyj,Finland,Technology,3818607
Wittchen SA,Poland,Consumer Discretionary,1105220
Wiwynn Corp,Taiwan,Technology,46520083
Wix.com Ltd,United States,Technology,27570753
Wizz Air Holdings Plc,United Kingdom,Consumer Discretionary,24693310
Wolfspeed Inc,United States,Technology,226719075
Wolters Kluwer NV,Netherlands,Consumer Discretionary,619527205
Wolverine World Wide Inc,United States,Consumer Discretionary,7935082
Wonik Holdings Co Ltd,South Korea,Technology,889093
Wonik Materials Co Ltd,South Korea,Basic Materials,11904169
Woodward Inc,United States,Industrials,23812240
Woolworths Group Ltd,Australia,Consumer Staples,450262358
Woolworths Holdings Ltd/South Africa,South Africa,Consumer Discretionary,20883702
Woongjin Thinkbig Co Ltd,South Korea,Consumer Discretionary,480742
Woori Financial Group Inc,South Korea,Financials,40335636
Woori Technology Investment Co Ltd,South Korea,Financials,5919394
Workday Inc,United States,Technology,610102080
Workhorse Group Inc,United States,Industrials,743
Workiva Inc,United States,Technology,35347255
Workman Co Ltd,Japan,Consumer Discretionary,5598697
Workpoint Entertainment PCL,Thailand,Consumer Discretionary,509015
Workspace Group PLC,United Kingdom,Real Estate,26218317
World Co Ltd,Japan,Consumer Discretionary,10911702
World Fuel Services Corp,United States,Energy,18002353
World Holdings Co Ltd,Japan,Industrials,915739
World Wrestling Entertainment Inc,United States,Consumer Discretionary,26656267
Worldline SA/France,France,Industrials,237773217
Worley Ltd,Australia,Industrials,66255577
Worthington Industries Inc,United States,Basic Materials,14999048
Wowow Inc,Japan,Consumer Discretionary,838054
Wowprime Corp,Taiwan,Consumer Discretionary,3489697
WuXi AppTec Co Ltd,China,Health Care,62416262
Wuestenrot & Wuerttembergische AG,Germany,Financials,2484275
Wuhan DR Laser Technology Corp Ltd,China,Technology,12553125
Wuhan Raycus Fiber Laser Technologies Co Ltd,China,Technology,5818190
Wuliangye Yibin Co Ltd,China,Consumer Staples,180171657
Wuxi Biologics Cayman Inc,China,Health Care,481472372
Wuxi Lead Intelligent Equipment Co Ltd,China,Industrials,303
Wuxi Shangji Automation Co Ltd,China,Technology,10658407
Wyndham Hotels & Resorts Inc,United States,Consumer Discretionary,63559887
Wynn Macau Ltd,Hong Kong,Consumer Discretionary,28204905
Wynn Resorts Ltd,United States,Consumer Discretionary,96561566
Wysiwyg Studios Co Ltd,South Korea,Consumer Discretionary,2409447
X-Fab Silicon Foundries SE,France,Technology,8147974
X5 Retail Group NV,Russia,Consumer Staples,4414546
XD Inc,China,Consumer Discretionary,5526093
XL Axiata Tbk PT,Indonesia,Telecommunications,26510747
XP Inc,United States,Financials,60383059
XP Power Ltd,United Kingdom,Industrials,11191855
XPEC Entertainment Inc,Taiwan,Consumer Discretionary,11657
XPO Inc,United States,Industrials,38001700
XPS Pensions Group PLC,United Kingdom,Financials,5255516
XPeng Inc,China,Consumer Discretionary,69071959
XYMAX REIT Investment Corp,Japan,Real Estate,1697253
Xebio Holdings Co Ltd,Japan,Consumer Discretionary,1539799
Xencor Inc,United States,Health Care,14034128
Xenia Hotels & Resorts Inc,United States,Real Estate,18408229
Xenon Pharmaceuticals Inc,Canada,Health Care,5301679
Xero Ltd,Australia,Technology,114279148
Xerox Holdings Corp,United States,Technology,7594015
Xi'An Shaangu Power Co Ltd,China,Industrials,3042174
Xiabuxiabu Catering Management China Holdings Co Ltd,China,Consumer Discretionary,16380605
Xiamen C & D Inc,China,Industrials,7854194
Xiamen Faratronic Co Ltd,China,Technology,34921120
Xiamen Tungsten Co Ltd,China,Basic Materials,3842835
Xiaomi Corp,China,Telecommunications,220716199
XinTec Inc,Taiwan,Technology,6551489
Xingda International Holdings Ltd,China,Basic Materials,4163491
Xinhua Winshare Publishing and Media Co Ltd,China,Consumer Discretionary,3545541
Xinyi Energy Holdings Ltd,China,Utilities,2301731
Xinyi Glass Holdings Ltd,Hong Kong,Industrials,71232485
Xinyi Solar Holdings Ltd,China,Energy,67171402
Xior Student Housing NV,Belgium,Real Estate,15188647
Xperi Inc,United States,Telecommunications,3689196
Xuji Electric Co Ltd,China,Industrials,8256607
Xxentria Technology Materials Corp,Taiwan,Industrials,1665195
Xylem Inc/NY,United States,Industrials,193020169
Y G-1 Co Ltd,South Korea,Industrials,1495205
Y2 Solution Co Ltd,South Korea,Technology,3
YA-MAN Ltd,Japan,Consumer Staples,3940359
YAKUODO Holdings Co Ltd,Japan,Consumer Staples,2164311
YAMABIKO Corp,Japan,Industrials,1950339
YC INOX Co Ltd,Taiwan,Basic Materials,5950311
YDUQS Participacoes SA,Brazil,Consumer Discretionary,370288
YETI Holdings Inc,United States,Consumer Discretionary,18308716
YG Entertainment Inc,South Korea,Consumer Discretionary,3907764
YHI International Ltd,Singapore,Consumer Discretionary,314234
YIT Oyj,Finland,Industrials,10375333
YTL Hospitality REIT,Malaysia,Real Estate,2529363
YTL Power International Bhd,Malaysia,Utilities,8778
YTO Express Group Co Ltd,China,Consumer Discretionary,11437881
Yadea Group Holdings Ltd,China,Consumer Discretionary,21878527
Yageo Corp,Taiwan,Technology,59795201
Yahagi Construction Co Ltd,Japan,Industrials,1525201
Yakult Honsha Co Ltd,Japan,Consumer Staples,119738152
Yamada Holdings Co Ltd,Japan,Consumer Discretionary,42321528
Yamagata Bank Ltd/The,Japan,Financials,1812610
Yamaguchi Financial Group Inc,Japan,Financials,23230120
Yamaha Corp,Japan,Consumer Discretionary,96391361
Yamaha Motor Co Ltd,Japan,Consumer Discretionary,111109555
Yamaichi Electronics Co Ltd,Japan,Technology,8081019
Yamana Gold Inc,Canada,Basic Materials,13563548
Yamanashi Chuo Bank Ltd/The,Japan,Financials,1892826
Yamashin-Filter Corp,Japan,Industrials,2692407
Yamato Holdings Co Ltd,Japan,Industrials,86697744
Yamato Kogyo Co Ltd,Japan,Basic Materials,18564411
Yamazaki Baking Co Ltd,Japan,Consumer Staples,11815123
Yamazen Corp,Japan,Industrials,9863904
YanTai Shuangta Food Co Ltd,China,Consumer Staples,855645
Yandex NV,United States,Technology,13961100
Yang Ming Marine Transport Corp,Taiwan,Industrials,52997687
Yangtze Optical Fibre and Cable Joint Stock Ltd Co,China,Telecommunications,2671
Yangzhou Yangjie Electronic Technology Co Ltd,China,Technology,11937319
Yangzijiang Financial Holding Ltd,China,Financials,1796096
Yangzijiang Shipbuilding Holdings Ltd,China,Industrials,21677053
Yanlord Land Group Ltd,China,Real Estate,6474095
Yantai Changyu Pioneer Wine Co Ltd,China,Consumer Staples,3649635
Yaoko Co Ltd,Japan,Consumer Staples,17099249
Yapi ve Kredi Bankasi AS,Turkey,Financials,30781042
Yaskawa Electric Corp,Japan,Industrials,124477610
Yatas Yatak ve Yorgan Sanayi ve Ticaret AS,Turkey,Consumer Discretionary,7382574
Yatsen Holding Ltd,China,Consumer Discretionary,3540369
Yeahka Ltd,China,Industrials,3574273
Yellow Cake PLC,United Kingdom,Basic Materials,2756593
Yellow Corp,United States,Industrials,390807
Yellow Hat Ltd,Japan,Consumer Discretionary,1029261
Yelp Inc,United States,Technology,19207690
Yeong Guan Energy Technology Group Co Ltd,Taiwan,Basic Materials,114057
Yes Bank Ltd,India,Financials,13269202
Yext Inc,United States,Technology,13101994
YiChang HEC ChangJiang Pharmaceutical Co Ltd,China,Health Care,7344339
Yidu Tech Inc,China,Health Care,472685
Yieh Phui Enterprise Co Ltd,Taiwan,Basic Materials,6338442
Yifeng Pharmacy Chain Co Ltd,China,Consumer Staples,5142032
Yihai International Holding Ltd,China,Consumer Staples,15806892
Yincheng Life Service Co Ltd,China,Real Estate,2833586
Yodogawa Steel Works Ltd,Japan,Basic Materials,4319781
Yokogawa Bridge Holdings Corp,Japan,Industrials,4973279
Yokogawa Electric Corp,Japan,Industrials,55679275
Yokohama Rubber Co Ltd/The,Japan,Consumer Discretionary,31399144
Yokorei Co Ltd,Japan,Consumer Staples,2918880
Yokowo Co Ltd,Japan,Consumer Discretionary,1038368
Yondoshi Holdings Inc,Japan,Consumer Discretionary,1423339
Yonex Co Ltd,Japan,Consumer Discretionary,8818690
Yong Tai Bhd,Malaysia,Real Estate,34597
Yonyou Network Technology Co Ltd,China,Technology,18709546
York Water Co/The,United States,Utilities,1656433
Yorozu Corp,Japan,Consumer Discretionary,778093
Yoshinoya Holdings Co Ltd,Japan,Consumer Discretionary,840017
YouGov PLC,United Kingdom,Consumer Discretionary,6026916
Youdao Inc,China,Consumer Discretionary,519708
Youngone Corp,South Korea,Consumer Discretionary,34613303
Youngone Holdings Co Ltd,South Korea,Consumer Discretionary,2281390
Ypsomed Holding AG,Switzerland,Health Care,18835832
Yuan Longping High-tech Agriculture Co Ltd,China,Consumer Staples,1482486
Yuanta Financial Holding Co Ltd,Taiwan,Financials,125686299
Yuanta Securities Korea Co Ltd,South Korea,Financials,1249086
Yuasa Trading Co Ltd,Japan,Industrials,4288196
Yue Yuen Industrial Holdings Ltd,Hong Kong,Consumer Discretionary,16286257
Yuexiu Property Co Ltd,China,Real Estate,14722066
Yuexiu Real Estate Investment Trust,China,Real Estate,3777730
Yuexiu Transport Infrastructure Ltd,China,Industrials,4192852
Yuhan Corp,South Korea,Health Care,28037089
Yukiguni Maitake Co Ltd,Japan,Consumer Staples,787637
Yulon Finance Corp,Taiwan,Financials,21733346
Yulon Motor Co Ltd,Taiwan,Consumer Discretionary,26337545
Yulon Nissan Motor Co Ltd,Taiwan,Consumer Discretionary,3179158
Yum China Holdings Inc,China,Consumer Discretionary,310837441
Yum! Brands Inc,United States,Consumer Discretionary,306546160
Yung Chi Paint & Varnish Manufacturing Co Ltd,Taiwan,Industrials,3294831
YungShin Global Holding Corp,Taiwan,Health Care,5614498
Yungjin Pharmaceutical Co Ltd,South Korea,Health Care,1685255
Yunnan Botanee Bio-Technology Group Co Ltd,China,Consumer Discretionary,6618125
Yunnan Copper Co Ltd,China,Basic Materials,7642159
Yunnan Energy New Material Co Ltd,China,Industrials,47155984
Yunnan Yuntianhua Co Ltd,China,Basic Materials,5050117
Yurtec Corp,Japan,Industrials,2838171
Yushin Precision Equipment Co Ltd,Japan,Industrials,866464
Yushiro Chemical Industry Co Ltd,Japan,Basic Materials,203212
Yuzhou Group Holdings Co Ltd,China,Real Estate,112
Z Holdings Corp,Japan,Technology,108151480
ZERIA Pharmaceutical Co Ltd,Japan,Health Care,5791922
ZIGExN Co Ltd,Japan,Technology,1249953
ZIM Integrated Shipping Services Ltd,United States,Industrials,12787211
ZOZO Inc,Japan,Consumer Discretionary,50805229
ZTO Express Cayman Inc,China,Industrials,199660524
ZWSOFT Co Ltd Guangzhou,China,Technology,11190652
Zai Lab Ltd,China,Health Care,34202339
Zaklady Urzadzen Komputerowych ELZAB SA,Poland,Technology,92298
Zalando SE,Germany,Consumer Discretionary,112490366
Zamet Industry SA,Poland,Industrials,280433
Zamp SA,Brazil,Consumer Discretionary,684585
Zavarovalnica Triglav DD,Slovenia,Financials,9855091
Zeal Network SE,Germany,Consumer Discretionary,1743851
Zealand Pharma A/S,Denmark,Health Care,33013142
Zebra Technologies Corp,United States,Industrials,105619894
Zee Entertainment Enterprises Ltd,India,Consumer Discretionary,60490060
Zehnder Group AG,Switzerland,Industrials,14448111
Zeng Hsing Industrial Co Ltd,Taiwan,Consumer Discretionary,1726206
Zenith Bank PLC,Nigeria,Financials,5024325
Zenkoku Hosho Co Ltd,Japan,Financials,63522684
Zenrin Co Ltd,Japan,Technology,1928585
Zensar Technologies Ltd,India,Technology,2934580
Zensho Holdings Co Ltd,Japan,Consumer Discretionary,7725775
Zentalis Pharmaceuticals Inc,United States,Health Care,4672238
Zeon Corp,Japan,Basic Materials,42177941
Zhangzhou Pientzehuang Pharmaceutical Co Ltd,China,Health Care,22890571
Zhejiang Expressway Co Ltd,China,Industrials,11800389
Zhejiang Huayou Cobalt Co Ltd,China,Basic Materials,24864008
Zhejiang JIULI Hi-tech Metals Co Ltd,China,Basic Materials,28529193
Zhejiang Jiecang Linear Motion Technology Co Ltd,China,Technology,3491921
Zhejiang Jingsheng Mechanical & Electrical Co Ltd,China,Technology,110719336
Zhejiang Juhua Co Ltd,China,Basic Materials,10307534
Zhejiang NHU Co Ltd,China,Consumer Staples,51
Zhejiang Orient Gene Biotech Co Ltd,China,Health Care,50966981
Zhejiang Sanhua Intelligent Controls Co Ltd,China,Industrials,47716113
Zhejiang Shuanghuan Driveline Co Ltd,China,Consumer Discretionary,14870657
Zhejiang Supcon Technology Co Ltd,China,Industrials,49559546
Zhen Ding Technology Holding Ltd,Taiwan,Technology,30305168
Zhenro Properties Group Ltd,China,Real Estate,56
ZhongAn Online P&C Insurance Co Ltd,China,Financials,7224652
Zhongji Innolight Co Ltd,China,Telecommunications,670002
Zhongsheng Group Holdings Ltd,China,Consumer Discretionary,59108072
Zhongyu Energy Holdings Ltd,China,Utilities,1746130
Zhou Hei Ya International Holdings Co Ltd,China,Consumer Staples,17143810
Zhuguang Holdings Group Co Ltd,China,Real Estate,782734
Zhuzhou CRRC Times Electric Co Ltd,China,Industrials,48107403
Ziff Davis Inc,United States,Technology,20284879
Zignago Vetro SpA,Italy,Industrials,10481209
Zillow Group Inc,United States,Real Estate,84683645
Zimmer Biomet Holdings Inc,United States,Health Care,225139883
Zimvie Inc,United States,Health Care,2598042
Zinus Inc,South Korea,Consumer Discretionary,16198147
Zinwell Corp,Taiwan,Telecommunications,1627137
Zions Bancorp NA,United States,Financials,90093123
Zip Co Ltd,Australia,Industrials,2087287
Zoetis Inc,United States,Health Care,729363083
Zojirushi Corp,Japan,Consumer Discretionary,6197358
Zomato Ltd,India,Technology,53714403
Zoom Video Communications Inc,United States,Technology,93941019
ZoomInfo Technologies Inc,United States,Technology,64396016
Zoomlion Heavy Industry Science and Technology Co Ltd,China,Industrials,30783206
Zotefoams PLC,United Kingdom,Basic Materials,3875236
Zscaler Inc,United States,Technology,65661465
Zuiko Corp,Japan,Industrials,227286
Zuken Inc,Japan,Technology,6189466
Zur Rose Group AG,Switzerland,Consumer Staples,9993043
Zurich Insurance Group AG,Switzerland,Financials,1294897309
Zurn Elkay Water Solutions Corp,United States,Industrials,29448245
Zydus Lifesciences Ltd,India,Health Care,16010471
Zydus Wellnes Ltd,India,Consumer Staples,18270693
Zyle Motors Corp,South Korea,Consumer Discretionary,774
a2 Milk Co Ltd/The,New Zealand,Consumer Staples,45743914
abrdn plc,United Kingdom,Financials,18592125
adidas AG,Germany,Consumer Discretionary,548485467
agilon health Inc,United States,Health Care,22149067
ams-OSRAM AG,Switzerland,Technology,46892896
boohoo Group PLC,United Kingdom,Consumer Discretionary,35308500
bpost SA,Belgium,Industrials,12800066
carsales.com Ltd,Australia,Consumer Discretionary,56218195
dip Corp,Japan,Industrials,6738672
doValue SpA,Italy,Financials,7177518
dormakaba Holding AG,Switzerland,Industrials,26934019
eBay Inc,United States,Consumer Discretionary,44436764
eClerx Services Ltd,India,Technology,3800287
eDreams ODIGEO SA,Spain,Consumer Discretionary,2542805
eGuarantee Inc,Japan,Financials,15191797
eHealth Inc,United States,Financials,5
eMemory Technology Inc,Taiwan,Technology,56900002
ePlus Inc,United States,Technology,836892
eRex Co Ltd,Japan,Energy,5201804
eXp World Holdings Inc,United States,Real Estate,7173170
easyJet PLC,United Kingdom,Consumer Discretionary,31312981
elf Beauty Inc,United States,Consumer Discretionary,3131915
en Japan Inc,Japan,Industrials,6850655
euglena Co Ltd,Japan,Consumer Staples,5502914
flatexDEGIRO AG,Germany,Financials,9076661
giftee Inc,Japan,Technology,2394164
gremz Inc,Japan,Energy,12751011
hSenid Business Solutions Ltd,Sri Lanka,Technology,201245
i-SENS Inc,South Korea,Health Care,2135729
iA Financial Corp Inc,Canada,Financials,68306876
iDreamSky Technology Holdings Ltd,China,Consumer Discretionary,9101822
iFAST Corp Ltd,Singapore,Technology,11246311
iHeartMedia Inc,United States,Consumer Discretionary,4171667
iMarketKorea Inc,South Korea,Industrials,1443960
iNtRON Biotechnology Inc,South Korea,Health Care,2921502
iQIYI Inc,China,Consumer Discretionary,6793593
iRhythm Technologies Inc,United States,Health Care,54467138
iRobot Corp,United States,Consumer Discretionary,48708
iStar Inc,United States,Financials,5570266
ioneer Ltd,Australia,Basic Materials,6474699
m-up Holdings Inc,Japan,Technology,12213461
mBank SA,Poland,Financials,16870903
momo.com Inc,Taiwan,Consumer Discretionary,34480072
nCino Inc,United States,Technology,13354157
nVent Electric PLC,United States,Industrials,65665559
nib holdings Ltd/Australia,Australia,Financials,40159221
oOh!media Ltd,Australia,Consumer Discretionary,4424076
thyssenkrupp AG,Germany,Industrials,113472212
u-blox Holding AG,Switzerland,Technology,21203137
uniQure NV,United States,Health Care,17535109
va-Q-tec AG,Germany,Industrials,3031140
voestalpine AG,Austria,Basic Materials,64344225
zooplus SE,Germany,Consumer Discretionary,30075267
