Name,Country,Industry,mvUsd
1&1 AG,Germany,Telecommunications,14289999
360 ONE WAM Ltd,India,Financials,113900416
3BB Internet Infrastructure Fund,Thailand,Telecommunications,4475350
3DG Holdings International Ltd,Hong Kong,Consumer Discretionary,8007
3M Co,United States,Industrials,1490588156
3M India Ltd,India,Industrials,10488860
3P Learning Ltd,Australia,Consumer Discretionary,3384651
3SBio Inc,China,Health Care,60917073
3billion Inc,South Korea,Health Care,11819476
3i Group PLC,United Kingdom,Financials,861809000
3peak Inc,China,Technology,4581122
4imprint Group PLC,United Kingdom,Consumer Discretionary,3024265
7-Eleven Malaysia Holdings Bhd,Malaysia,Consumer Staples,7794750
77 Bank Ltd/The,Japan,Financials,20817625
99 Speed Mart Retail Holdings Bhd,Malaysia,Consumer Staples,15469088
A O Smith Corp,United States,Industrials,97100798
A2A SpA,Italy,Utilities,97869889
AAC Technologies Holdings Inc,Hong Kong,Technology,95018501
AAK AB,Sweden,Consumer Staples,19594822
AAON Inc,United States,Industrials,73245750
AB SA,Poland,Technology,13379560
ABB India Ltd,India,Industrials,31559471
ABB Ltd,Switzerland,Industrials,2137314196
ABC-Mart Inc,Japan,Consumer Discretionary,25359156
ABLBio Inc,South Korea,Health Care,149404880
ABM Industries Inc,United States,Industrials,32850349
ABN AMRO Bank NV,Netherlands,Financials,376695849
ABSA Bank Kenya PLC,Kenya,Financials,16929481
ACADIA Pharmaceuticals Inc,United States,Health Care,40266046
ACEA SpA,Italy,Utilities,19357912
ACI Worldwide Inc,United States,Industrials,51015469
ACL Cables PLC,Sri Lanka,Industrials,2647686
ACM Research Inc,United States,Technology,60911984
ACS Actividades de Construccion y Servicios SA,Spain,Industrials,330907894
ACSL LTD,Japan,Industrials,10059
ADATA Technology Co Ltd,Taiwan,Technology,41751503
ADEKA Corp,Japan,Basic Materials,12935249
ADNH Catering Plc,United Arab Emirates,Consumer Discretionary,6223965
ADNOC Logistics & Services,United Arab Emirates,Industrials,96319722
ADT Inc,United States,Industrials,192996285
AECI Ltd,South Africa,Basic Materials,6146952
AECOM,United States,Industrials,174620823
AEM Holdings Ltd,Singapore,Technology,22959
AEON Financial Service Co Ltd,Japan,Financials,37540288
AEON REIT Investment Corp,Japan,Real Estate,29501828
AEON Thana Sinsap Thailand PCL,Thailand,Financials,42299914
AFFIN Bank Bhd,Malaysia,Financials,22953454
AFRY AB,Sweden,Industrials,32744088
AG Anadolu Grubu Holding AS,Türkiye,Industrials,18082600
AGC Inc,Japan,Industrials,110708220
AGCO Corp,United States,Industrials,87194516
AGNC Investment Corp,United States,Financials,146861106
AIA Engineering Ltd,India,Industrials,12398191
AIA Group Ltd,Hong Kong,Financials,2104726170
AIB Group PLC,Ireland,Financials,586588945
AIC Inc,Taiwan,Technology,1111933
AIMA Technology Group Co Ltd,China,Consumer Discretionary,3191122
AIMS APAC REIT,Singapore,Real Estate,15312288
AIRO Group Holdings Inc,United States,Industrials,163600
AIXTRON SE,Germany,Technology,47744074
AJ Bell PLC,United Kingdom,Financials,4386650
AKR Corporindo Tbk PT,Indonesia,Energy,45431693
AKWEL SADIR,France,Consumer Discretionary,2770018
AL Sydbank,Denmark,Financials,88546734
ALK-Abello A/S,Denmark,Health Care,102262590
ALS Ltd,Australia,Industrials,103554273
ALSO Holding AG,Switzerland,Technology,34157387
ALSOK Co Ltd,Japan,Industrials,42935348
AME Elite Consortium Bhd,Malaysia,Industrials,2229698
AMETEK Inc,United States,Industrials,709309094
AMG Critical Materials NV,Netherlands,Industrials,9800718
AMMB Holdings Bhd,Malaysia,Financials,105144147
AMP Ltd,Australia,Financials,38998054
ANA Holdings Inc,Japan,Consumer Discretionary,24716378
ANDRITZ AG,Austria,Industrials,102785744
ANE Cayman Inc,China,Industrials,11884540
ANTA Sports Products Ltd,China,Consumer Discretionary,236164093
ANZ Group Holdings Ltd,Australia,Financials,1621998602
AOKI Holdings Inc,Japan,Consumer Discretionary,2361596
AP Memory Technology Corp,Taiwan,Technology,83196639
AP Moller - Maersk A/S,Denmark,Industrials,255771822
AP Thailand PCL,Thailand,Real Estate,562655
APA Group,Australia,Energy,131849137
APAM Corp,South Korea,Consumer Discretionary,137
APERAM SA,Netherlands,Basic Materials,3330131
API Group Corp,United States,Industrials,181066100
APL Apollo Tubes Ltd,India,Basic Materials,147164839
APR Corp/Korea,South Korea,Consumer Discretionary,21151682
APT Medical Inc,China,Health Care,27427460
ARB Corp Ltd,Australia,Consumer Discretionary,22469088
ARCLANDS CORP,Japan,Consumer Discretionary,3617473
ARE Holdings Inc,Japan,Basic Materials,9375805
ARGAN SA,France,Real Estate,27084760
ARM Holdings PLC,United States,Technology,14875123
ASAHI YUKIZAI CORP,Japan,Basic Materials,2650726
ASE Technology Holding Co Ltd,Taiwan,Technology,363758225
ASIA Holdings Co Ltd,South Korea,Basic Materials,18458339
ASKUL Corp,Japan,Consumer Discretionary,1876551
ASM International NV,Netherlands,Technology,1173528542
ASML Holding NV,Netherlands,Technology,9526641405
ASMPT Ltd,Hong Kong,Technology,54558791
ASMedia Technology Inc,Taiwan,Technology,17444980
ASPEED Technology Inc,Taiwan,Technology,202176923
ASR Nederland NV,Netherlands,Financials,829264980
ASROCK Inc,Taiwan,Technology,6266991
AST SpaceMobile Inc,United States,Telecommunications,187825320
ASX Ltd,Australia,Financials,77915847
AT&T Inc,United States,Telecommunications,1899392041
ATI Inc,United States,Industrials,196490580
ATS Corp,Canada,Industrials,29765014
AU Small Finance Bank Ltd,India,Financials,72104796
AUB Group Ltd,Australia,Financials,77357152
AUO Corp,Taiwan,Technology,9805840
AURAS Technology Co Ltd,Taiwan,Technology,99455451
AVI Ltd,South Africa,Consumer Staples,11377179
AVZ Minerals Ltd,Australia,Basic Materials,3443801
AXA SA,France,Financials,2515129757
AZ-COM MARUWA Holdings Inc,Japan,Industrials,1903992
AZOOM Co Ltd,Japan,Industrials,4202928
Aadhar Housing Finance Ltd,India,Financials,5733898
Aalberts NV,Netherlands,Industrials,191488679
Aarti Industries Ltd,India,Basic Materials,7106760
Aavas Financiers Ltd,India,Financials,29948040
AbCellera Biologics Inc,Canada,Health Care,603240
Abacus Group,Australia,Real Estate,4242357
Abacus Storage King,Australia,Real Estate,5720317
AbbVie Inc,United States,Health Care,5546969245
Abbisko Cayman Ltd,China,Health Care,28480425
Abbott Laboratories,United States,Health Care,2783934153
Abercrombie & Fitch Co,United States,Consumer Discretionary,104272218
Aberdeen Group PLC,United Kingdom,Financials,11144485
Abitare In SpA,Italy,Consumer Discretionary,2373651
Abivax SA,France,Health Care,65962782
Able Global Bhd,Malaysia,Consumer Staples,2041728
Absa Group Ltd,South Africa,Financials,397066229
Abu Dhabi Commercial Bank PJSC,United Arab Emirates,Financials,312123759
Abu Dhabi Islamic Bank PJSC,United Arab Emirates,Financials,108953967
Abu Dhabi National Oil Co for Distribution PJSC,United Arab Emirates,Energy,39164151
Abu Dhabi Ports Co PJSC,United Arab Emirates,Industrials,114869917
Academy Sports & Outdoors Inc,United States,Consumer Discretionary,44898303
Accelerant Holdings,United States,Financials,10873993
Accelink Technologies Co Ltd,China,Telecommunications,4509061
Accelleron Industries AG,Switzerland,Industrials,153251770
Accent Group Ltd,Australia,Consumer Discretionary,2595645
Accenture PLC,United States,Industrials,2025278916
Acciona SA,Spain,Industrials,96346958
Accor SA,France,Consumer Discretionary,441816593
Accton Technology Corp,Taiwan,Telecommunications,391282244
Acer Inc,Taiwan,Technology,15383908
Acerinox SA,Spain,Basic Materials,76061919
Ackermans & van Haaren NV,Belgium,Industrials,108847819
Acom Co Ltd,Japan,Financials,20654723
Acotec Scientific Holdings Ltd,China,Health Care,704182
Acrow Ltd,Australia,Basic Materials,6410551
Acter Group Corp Ltd,Taiwan,Industrials,139150311
Action Construction Equipment Ltd,India,Industrials,3363642
Activia Properties Inc,Japan,Real Estate,32187862
Acuity Inc,United States,Industrials,138746815
Acushnet Holdings Corp,United States,Consumer Discretionary,25216415
Acutaas Chemicals Ltd,India,Health Care,55041380
Adani Total Gas Ltd,India,Utilities,3216548
AddTech AB,Sweden,Industrials,231407711
Adecco Group AG,Switzerland,Industrials,75025939
Adese Alisveris Merkezleri Ticaret AS,Türkiye,Consumer Staples,4966208
Adheris Health Ltd,Australia,Health Care,254657
Adi Sarana Armada Tbk PT,Indonesia,Consumer Discretionary,4334708
Adicon Holdings Ltd,China,Health Care,389387
Aditya Birla Capital Ltd,India,Financials,47535631
Aditya Birla Fashion and Retail Ltd,India,Consumer Discretionary,2863735
Aditya Birla Lifestyle Brands Ltd,India,Consumer Discretionary,1546133
Aditya Birla Real Estate Ltd,India,Basic Materials,7214378
Aditya Birla Sun Life Asset Management Co Ltd,India,Financials,62688728
Admiral Group PLC,United Kingdom,Financials,270493016
Adnoc Gas PLC,United Arab Emirates,Energy,213646438
Adobe Inc,United States,Technology,1686990299
Advance Auto Parts Inc,United States,Consumer Discretionary,39
Advance Residence Investment Corp,Japan,Real Estate,50761169
Advanced Drainage Systems Inc,United States,Industrials,166651681
Advanced Echem Materials Co Ltd,Taiwan,Technology,75195524
Advanced Energy Industries Inc,United States,Technology,98265925
Advanced Energy Solution Holding Co Ltd,Taiwan,Industrials,9100746
Advanced Info Service PCL,Thailand,Telecommunications,134075619
Advanced Micro Devices Inc,United States,Technology,4535848621
Advanced Nano Products Co Ltd,South Korea,Basic Materials,183566
Advancetek Enterprise Co Ltd,Taiwan,Real Estate,3305748
Advantech Co Ltd,Taiwan,Technology,50399290
Advantest Corp,Japan,Technology,1573099780
Advtech Ltd,South Africa,Consumer Discretionary,27643740
Adyen NV,Netherlands,Industrials,1264125717
Aedas Homes SA,Spain,Consumer Discretionary,15064935
Aedifica SA,Belgium,Real Estate,63206256
Aegean Airlines SA,Greece,Consumer Discretionary,6598577
Aegis Logistics Ltd,India,Energy,9376303
Aegis Vopak Terminals Ltd,India,Energy,55485462
Aegon Ltd,Netherlands,Financials,616264147
Aena SME SA,Spain,Industrials,323437632
Aeon Co Ltd,Japan,Consumer Staples,515207419
Aeon Fantasy Co Ltd,Japan,Consumer Discretionary,9477419
Aeon Hokkaido Corp,Japan,Consumer Discretionary,1612307
Aequs Ltd/India,India,Industrials,1850345
AerCap Holdings NV,United States,Industrials,489835173
AeroVironment Inc,United States,Industrials,107572353
Aeroports de Paris SA,France,Industrials,91486925
Afcons Infrastructure Ltd,India,Industrials,5925924
Affiliated Managers Group Inc,United States,Financials,101347429
Affirm Holdings Inc,United States,Industrials,285018595
Affle 3i Ltd,India,Technology,12474642
Aflac Inc,United States,Financials,343916361
African Rainbow Minerals Ltd,South Africa,Basic Materials,100357198
Afrimat Ltd,South Africa,Basic Materials,7863323
AfroCentric Investment Corp Ltd,South Africa,Health Care,1953046
After You PCL,Thailand,Consumer Discretionary,770452
Ageas SA/NV,Belgium,Financials,66650553
Agilent Technologies Inc,United States,Health Care,546565296
Agility Global PLC,United Arab Emirates,Industrials,562336
Agility Public Warehousing Co KSCC,Kuwait,Industrials,4153805
Agnico Eagle Mines Ltd,Canada,Basic Materials,1456067760
Agree Realty Corp,United States,Real Estate,102204736
Agthia Group PJSC,United Arab Emirates,Consumer Staples,26871246
Ahluwalia Contracts India Ltd,India,Industrials,10393949
Ai Holdings Corp,Japan,Technology,3980075
Aica Kogyo Co Ltd,Japan,Basic Materials,19344567
Aichi Corp,Japan,Industrials,1572108
Aichi Financial Group Inc,Japan,Financials,6457168
Aichi Steel Corp,Japan,Basic Materials,3056200
Aiful Corp,Japan,Financials,6408773
Ain Holdings Inc,Japan,Consumer Staples,7153669
Air Arabia PJSC,United Arab Emirates,Consumer Discretionary,1953007
Air Canada,Canada,Consumer Discretionary,24060298
Air China Ltd,China,Consumer Discretionary,1625005
Air France-KLM,France,Consumer Discretionary,34179188
Air Lease Corp,United States,Industrials,85623086
Air Liquide SA,France,Basic Materials,2250007504
Air New Zealand Ltd,New Zealand,Consumer Discretionary,4733698
Air Products and Chemicals Inc,United States,Basic Materials,1045095921
Air Water Inc,Japan,Basic Materials,44824024
AirAsia X Bhd,Malaysia,Consumer Discretionary,23914992
Airbnb Inc,United States,Consumer Discretionary,459213234
Airoha Technology Corp,Taiwan,Technology,6914833
Airport City Ltd,Israel,Real Estate,1952840
Airports of Thailand PCL,Thailand,Industrials,45754381
Airtac International Group,Taiwan,Industrials,49785050
Airtel Africa PLC,United Kingdom,Telecommunications,67338308
Aisan Industry Co Ltd,Japan,Consumer Discretionary,2997206
Aisin Corp,Japan,Consumer Discretionary,159837965
Ajanta Pharma Ltd,India,Health Care,13309016
Ajinomoto Co Inc,Japan,Consumer Staples,276064676
Ajman Bank PJSC,United Arab Emirates,Financials,923649
Akamai Technologies Inc,United States,Technology,163858467
Akatsuki Inc,Japan,Consumer Discretionary,1169117
Akbank TAS,Türkiye,Financials,117388587
Akeso Inc,China,Health Care,268730623
Aksa Akrilik Kimya Sanayii AS,Türkiye,Basic Materials,21887596
Aktor SA Holding Company Technical And Energy Projects,Greece,Industrials,12063314
Akzo Nobel India Ltd,India,Industrials,2595837
Akzo Nobel NV,Netherlands,Basic Materials,158354029
Al Rayan Bank,Qatar,Financials,46287258
Alamos Gold Inc,Canada,Basic Materials,233998461
Alamtri Minerals Indonesia Tbk PT,Indonesia,Energy,12625513
Alaska Air Group Inc,United States,Consumer Discretionary,15113239
Albemarle Corp,United States,Basic Materials,122724376
Albertsons Cos Inc,United States,Consumer Staples,409096026
Alchip Technologies Ltd,Taiwan,Technology,138800306
Alcoa Corp,United States,Basic Materials,63073328
Alcon AG,Switzerland,Health Care,936758860
Aldar Properties PJSC,United Arab Emirates,Real Estate,191023803
Alec Holdings PJSC,United Arab Emirates,Industrials,17588282
Alembic Pharmaceuticals Ltd,India,Health Care,4442119
Alexandria Real Estate Equities Inc,United States,Real Estate,803677606
Alfa Laval AB,Sweden,Industrials,228299842
Alfen N.V.,Netherlands,Industrials,4111531
Alfresa Holdings Corp,Japan,Health Care,45484088
Algonquin Power & Utilities Corp,Canada,Utilities,67151331
Ali Alghanim Sons Automotive Co KSCC,Kuwait,Consumer Discretionary,18656855
Alibaba Group Holding Ltd,China,Consumer Discretionary,7249634946
Alibaba Health Information Technology Ltd,China,Consumer Staples,38547446
Align Technology Inc,United States,Health Care,156050845
Alimentation Couche-Tard Inc,Canada,Consumer Discretionary,552057774
Alior Bank SA,Poland,Financials,3081860
Alivus Life Sciences Ltd,India,Health Care,26137756
Alkem Laboratories Ltd,India,Health Care,64885297
Alkermes PLC,United States,Health Care,41329734
Alkyl Amines Chemicals,India,Basic Materials,2558678
All Ring Tech Co Ltd,Taiwan,Technology,13612132
AllDay Marts Inc,Philippines,Consumer Staples,172999
AllHome Corp,Philippines,Consumer Discretionary,232402
Allegion plc,United States,Industrials,135670725
Allegro MicroSystems Inc,United States,Technology,39113283
Allegro.eu SA,Poland,Consumer Discretionary,245480884
Alleima AB,Sweden,Basic Materials,34477195
Allfunds Group Plc,Netherlands,Financials,90829473
Alliance Aviation Services Ltd,Australia,Consumer Discretionary,3977724
Alliance Bank Malaysia Bhd,Malaysia,Financials,16536371
Alliance International Education Leasing Holdings Ltd,China,Financials,1593
Alliance Laundry Holdings Inc,United States,Industrials,55962500
Allianz Malaysia Bhd,Malaysia,Financials,2399815
Allianz SE,Germany,Financials,3091412520
Allied Supreme Corp,Taiwan,Basic Materials,5630076
Allis Electric Co Ltd,Taiwan,Industrials,8061443
Allison Transmission Holdings Inc,United States,Industrials,95701949
Allos SA,Brazil,Real Estate,87848575
Allreal Holding AG,Switzerland,Real Estate,83706047
Allstate Corp/The,United States,Financials,413382570
Ally Financial Inc,United States,Financials,144891994
Alm Brand A/S,Denmark,Financials,53726573
Almacenes Exito SA,Colombia,Consumer Staples,6748664
Almendral SA,Chile,Telecommunications,8734714
Almirall SA,Spain,Health Care,24211670
Alnylam Pharmaceuticals Inc,United States,Health Care,843534945
Alok Industries Ltd,India,Basic Materials,1398936
Alony Hetz Properties & Investments Ltd,Israel,Real Estate,2693818
Alpek SAB de CV,Mexico,Basic Materials,60621680
Alpen Co Ltd,Japan,Consumer Discretionary,3844664
Alpha Bank SA,Greece,Financials,104840342
Alpha Data PJSC,United Arab Emirates,Technology,3166953
Alpha Dhabi Holding PJSC,United Arab Emirates,Industrials,735154
Alpha IVF Group Bhd,Malaysia,Health Care,5298492
Alphabet Inc,United States,Technology,43553177955
Alphamab Oncology,China,Health Care,6318032
Alps Alpine Co Ltd,Japan,Technology,35215528
Alrosa PJSC,Russia,Basic Materials,1019295
Alsea SAB de CV,Mexico,Consumer Discretionary,154578916
Alstom SA,France,Industrials,462821426
AltaGas Ltd,Canada,Utilities,120442758
Altaba Inc,United States,Financials,4030546
Altarea SCA,France,Real Estate,17503694
Alten SA,France,Technology,52094064
Alteogen Inc,South Korea,Health Care,187087233
Alterity Therapeutics ltd,Australia,Health Care,430928
Alternergy Holdings Corp,Philippines,Utilities,906856
Altinkilic Gida VE Sut Sanayi Ticaret AS,Türkiye,Consumer Staples,13855321
Altron Ltd,South Africa,Technology,4824962
Altus Group Ltd/Canada,Canada,Real Estate,325180
Alupar Investimento SA,Brazil,Utilities,20410434
Amada Co Ltd,Japan,Industrials,97876791
Amadeus IT Group SA,Spain,Technology,839035784
Amano Corp,Japan,Industrials,29138672
Amara Raja Energy & Mobility Ltd,India,Industrials,11684223
Amata Corp PCL,Thailand,Real Estate,10256925
Amazon.com Inc,United States,Consumer Discretionary,30525272160
Amber Enterprises India Ltd,India,Consumer Discretionary,24905558
Ambev SA,Brazil,Consumer Staples,20346515
Ambipar Participacoes e Empreendimentos S/A,Brazil,Utilities,29301
Ambiq Micro Inc,United States,Technology,570000
Ambra SA,Poland,Consumer Staples,2564063
Ambu A/S,Denmark,Health Care,40721669
Ambuja Cements Ltd,India,Industrials,54167589
Amcor PLC,United States,Industrials,323317815
Amdocs Ltd,United States,Technology,28662
Amentum Holdings Inc,United States,Industrials,66526261
Amer Sports Inc,United States,Consumer Discretionary,70055154
America Movil SAB de CV,Mexico,Telecommunications,46138277
American Airlines Group Inc,United States,Consumer Discretionary,6441160
American Express Co,United States,Industrials,2264098439
American Financial Group Inc/OH,United States,Financials,114605360
American Healthcare REIT Inc,United States,Real Estate,102190272
American Homes 4 Rent,United States,Real Estate,710671947
American International Group Inc,United States,Financials,575357286
American Tower Corp,United States,Real Estate,1120043372
American Water Works Co Inc,United States,Utilities,333650003
Americana Restaurants International PLC - Foreign Co,United Arab Emirates,Consumer Discretionary,9885533
Americold Realty Trust Inc,United States,Real Estate,160850257
Ameriprise Financial Inc,United States,Financials,590336017
Ameris Bancorp,United States,Financials,62673334
Amgen Inc,United States,Health Care,1799819429
Amicus Therapeutics Inc,United States,Health Care,10117435
Amkor Technology Inc,United States,Technology,56106054
Amlex Holdings Bhd,Malaysia,Technology,420158
Amlogic Shanghai Co Ltd,China,Technology,89649200
Amman Mineral Internasional PT,Indonesia,Basic Materials,26371822
Amorepacific Corp,South Korea,Consumer Discretionary,10861570
Amorepacific Holdings Corp,South Korea,Consumer Discretionary,716188
Amot Investments Ltd,Israel,Real Estate,2336795
Amotiv Ltd,Australia,Consumer Discretionary,16747660
Amoy Diagnostics Co Ltd,China,Health Care,1758635
Amphastar Pharmaceuticals Inc,United States,Health Care,27
Amphenol Corp,United States,Technology,2847498317
Amplifon SpA,Italy,Health Care,39210450
Ampol Ltd,Australia,Energy,73688069
Amrize Ltd,Switzerland,Industrials,660081034
Amundi SA,France,Financials,61831003
Amvis Holdings Inc,Japan,Health Care,884223
Anadolu Efes Biracilik Ve Malt Sanayii AS,Türkiye,Consumer Staples,11287673
Analog Devices Inc,United States,Technology,2004503203
Anand Rathi Wealth Ltd,India,Financials,10125479
Anant Raj Ltd,India,Real Estate,7067859
Andino Investment Holding SAA,Peru,Industrials,1722090
Aneka Tambang Tbk,Indonesia,Basic Materials,21046156
Angang Steel Co Ltd,China,Basic Materials,4101909
Angel One Ltd,India,Financials,7850653
Angelalign Technology Inc,China,Health Care,6892
Anglo American PLC,United Kingdom,Basic Materials,1466352104
Anglogold Ashanti Plc,South Africa,Basic Materials,994619037
Anheuser-Busch InBev SA/NV,Belgium,Consumer Staples,1243463240
Anhui Expressway Co Ltd,China,Industrials,8390075
Anhui Gujing Distillery Co Ltd,China,Consumer Staples,17957280
Anhui Zhongding Sealing Parts Co Ltd,China,Consumer Discretionary,18565140
Anima Holding SpA,Italy,Financials,4269363
Anji Microelectronics Technology Shanghai Co Ltd,China,Technology,15372868
Anjoy Foods Group Co Ltd,China,Consumer Staples,4267294
Anker Innovations Technology Co Ltd,China,Consumer Discretionary,68021665
Annaly Capital Management Inc,United States,Financials,184962054
Annehem Fastigheter AB,Sweden,Real Estate,682815
Anritsu Corp,Japan,Telecommunications,11098436
Ansell Ltd,Australia,Health Care,41691637
AntarChile SA,Chile,Financials,44311440
Antares Vision SpA,Italy,Industrials,8561206
Antero Midstream Corp,United States,Energy,65908694
Anthem Biosciences Ltd,India,Health Care,17795318
Antin Infrastructure Partners SA,France,Financials,19049125
Antofagasta PLC,United Kingdom,Basic Materials,188523579
Anycolor Inc,Japan,Consumer Discretionary,4885738
Aon PLC,United States,Financials,1140504278
Aoyama Trading Co Ltd,Japan,Consumer Discretionary,5031714
Aozora Bank Ltd,Japan,Financials,27157498
Apar Industries Ltd,India,Industrials,66216525
Apellis Pharmaceuticals Inc,United States,Health Care,31403140
Apex Dynamics Inc,Taiwan,Industrials,4938687
Apex Investment Co PSC,United Arab Emirates,Industrials,2372117
Apogee Therapeutics Inc,United States,Health Care,44917771
Apollo Global Management Inc,United States,Financials,1317771798
Apollo Hospitals Enterprise Ltd,India,Health Care,152418018
Apollo Tyres Ltd,India,Consumer Discretionary,21196509
AppLovin Corp,United States,Technology,1857717023
Appfolio Inc,United States,Technology,48450758
Appier Group Inc,Japan,Technology,7625472
Apple Hospitality REIT Inc,United States,Real Estate,33401690
Apple Inc,United States,Technology,49227183527
Applied Industrial Technologies Inc,United States,Industrials,121345137
Applied Materials Inc,United States,Technology,2328867537
AptarGroup Inc,United States,Industrials,91096802
Aptitude Software Group PLC,United Kingdom,Technology,6366889
Aptiv PLC,United States,Consumer Discretionary,626815496
Aptus Value Housing Finance India Ltd,India,Financials,32171058
Aquawalk Group Bhd,Malaysia,Consumer Discretionary,8193797
Aramark,United States,Consumer Discretionary,123356892
Arata Corp,Japan,Consumer Staples,3986934
Araxi Ltd,South Africa,Technology,3120418
Arca Continental SAB de CV,Mexico,Consumer Staples,88266414
Arcadis NV,Netherlands,Industrials,58059356
Arcadyan Technology Corp,Taiwan,Telecommunications,14121924
Arcelik AS,Türkiye,Consumer Discretionary,3996369
ArcelorMittal SA,Netherlands,Basic Materials,336912610
Arch Capital Group Ltd,United States,Financials,595593754
Archean Chemical Industries Ltd,India,Basic Materials,3222113
Archer Aviation Inc,United States,Industrials,58493921
Archer-Daniels-Midland Co,United States,Consumer Staples,368582705
Archi Indonesia Tbk PT,Indonesia,Basic Materials,5343328
Archicom SA,Poland,Consumer Discretionary,20518795
Arcosa Inc,United States,Industrials,66054915
Arcs Co Ltd,Japan,Consumer Staples,5603709
Arctech Solar Holding Co Ltd,China,Energy,5683455
Arctic Paper SA,Poland,Basic Materials,2957833
Arcus Biosciences Inc,United States,Health Care,12187425
Arcutis Biotherapeutics Inc,United States,Health Care,22408571
Ardagh Metal Packaging SA,United States,Industrials,71570
Ardentec Corp,Taiwan,Technology,25486028
Arena REIT,Australia,Real Estate,11872416
Ares Management Corp,United States,Financials,389959367
Argenx SE,Belgium,Health Care,1494400827
Argo Graphics Inc,Japan,Technology,3780903
Argo Properties NV,Germany,Real Estate,7557807
Argosy Property Ltd,New Zealand,Real Estate,5480448
Ariake Japan Co Ltd,Japan,Consumer Staples,27090389
Arisawa Manufacturing Co Ltd,Japan,Industrials,1000306
Arista Networks Inc,United States,Telecommunications,1487998038
Aristocrat Leisure Ltd,Australia,Consumer Discretionary,340878256
Ariston Holding NV,Italy,Industrials,41103766
Aritzia Inc,Canada,Consumer Discretionary,107099479
Arkema SA,France,Basic Materials,201399825
Armstrong World Industries Inc,United States,Industrials,105325912
Arnoldo Mondadori Editore SpA,Italy,Consumer Discretionary,13738107
Aroa Biosurgery Ltd,New Zealand,Health Care,2600111
Aroundtown SA,Germany,Real Estate,70872091
Arrow Electronics Inc,United States,Technology,6308797
Arrowhead Pharmaceuticals Inc,United States,Health Care,113159365
Arthur J Gallagher & Co,United States,Financials,1884489112
Artience Co Ltd,Japan,Basic Materials,5627076
Artrya Ltd,Australia,Health Care,6463897
Arvind Ltd,India,Basic Materials,5493263
Arwana Citramulia Tbk PT,Indonesia,Industrials,3470024
As One Corp,Japan,Health Care,23980584
Asahi Group Holdings Ltd,Japan,Consumer Staples,452645245
Asahi India Glass Ltd,India,Consumer Discretionary,8009858
Asahi Intecc Co Ltd,Japan,Health Care,69722564
Asahi Kasei Corp,Japan,Basic Materials,144407669
Asbury Automotive Group Inc,United States,Consumer Discretionary,70579831
Ascendis Pharma A/S,Denmark,Health Care,49903704
Ascentage Pharma Group International,China,Health Care,29918135
Ascom Holding AG,Switzerland,Telecommunications,980750
Aselsan Elektronik Sanayi Ve Ticaret AS,Türkiye,Industrials,141789862
Ashmore Group PLC,United Kingdom,Financials,1111705
Ashok Leyland Ltd,India,Industrials,161081874
Ashtead Group PLC,United Kingdom,Industrials,670229639
Asia Aviation PCL,Thailand,Consumer Discretionary,2418740
Asia Cement Co Ltd,South Korea,Industrials,11215301
Asia Cement Corp,Taiwan,Industrials,32922677
Asia Commercial Bank JSC,Vietnam,Financials,8161173
Asia Optical Co Inc,Taiwan,Consumer Discretionary,12388941
Asia Pile Holdings Corp,Japan,Industrials,1322339
Asia Poly Holdings Bhd,Malaysia,Basic Materials,852624
Asia Sermkij Leasing PCL,Thailand,Financials,1485268
Asia Vital Components Co Ltd,Taiwan,Technology,268795234
Asian Paints Ltd,India,Industrials,203247160
Asiana Airlines Inc,South Korea,Consumer Discretionary,266800
Asics Corp,Japan,Consumer Discretionary,458441313
Asker Healthcare Group AB,Sweden,Health Care,42818874
Asmodee Group AB,Sweden,Consumer Discretionary,86982753
Aspen Group Ltd/Australia,Australia,Real Estate,17532783
Aspen Insurance Holdings Ltd,United States,Financials,4081890
Aspen Pharmacare Holdings Ltd,South Africa,Health Care,37176209
Aspirasi Hidup Indonesia Tbk PT,Indonesia,Consumer Discretionary,5826404
Assa Abloy AB,Sweden,Industrials,757102135
Asseco Poland SA,Poland,Technology,5454486
Asset Five Group PCL,Thailand,Real Estate,1557318
Asset World Corp PCL,Thailand,Real Estate,8112610
Assetwise PCL,Thailand,Real Estate,1915486
Associated Banc-Corp,United States,Financials,54659964
Associated British Foods PLC,United Kingdom,Consumer Staples,133043056
Assurant Inc,United States,Financials,161573500
Assured Guaranty Ltd,United States,Financials,51538468
Astellas Pharma Inc,Japan,Health Care,292453236
Aster DM Healthcare Ltd,India,Health Care,17708572
Astera Labs Inc,United States,Technology,48808693
Astor Transformator Enerji Turizm Insaat Ve Petrol Sanayi Ticaret AS,Türkiye,Industrials,28374926
Astra Microwave Products Ltd,India,Telecommunications,3852294
Astra Otoparts Tbk PT,Indonesia,Consumer Discretionary,6941023
AstraZeneca PLC,United Kingdom,Health Care,6175084511
AstraZeneca Pharma India Ltd,India,Health Care,5396039
Astral Foods Ltd,South Africa,Consumer Staples,12962071
Astral Ltd,India,Industrials,19914989
Astramina Group Bhd,Malaysia,Consumer Staples,996180
Astro Malaysia Holdings Bhd,Malaysia,Consumer Discretionary,3431318
Astroscale Holdings Inc,Japan,Industrials,83958
Asustek Computer Inc,Taiwan,Technology,98020868
Asymchem Laboratories Tianjin Co Ltd,China,Health Care,48867195
Atal SA/Poland,Poland,Consumer Discretionary,11598798
Atco Ltd/Canada,Canada,Utilities,39333065
Ategrity Specialty Holdings LLC,United States,Financials,840400
Athens Water Supply & Sewage Co SA,Greece,Utilities,12305427
Atinum Investment Co Ltd,South Korea,Financials,135476
AtkinsRealis Group Inc,Canada,Industrials,121985088
Atkore Inc,United States,Industrials,418905
Atlanta Braves Holdings Inc,United States,Consumer Discretionary,42
Atlas Arteria Ltd,Australia,Industrials,43148489
Atlas Copco AB,Sweden,Industrials,1587244713
Atlassian Corp,United States,Technology,218785879
Atmos Energy Corp,United States,Utilities,348366319
Atmus Filtration Technologies Inc,United States,Consumer Discretionary,52
Atom Corp,Japan,Consumer Discretionary,38455
Atoss Software SE,Germany,Technology,25878390
Atour Lifestyle Holdings Ltd,China,Consumer Discretionary,292017513
AtriCure Inc,United States,Health Care,8466473
Atrium Ljungberg AB,Sweden,Real Estate,17069130
Attendo AB,Sweden,Health Care,25091217
Attijariwafa Bank,Morocco,Financials,10014698
Atul Ltd,India,Basic Materials,11592547
Auckland International Airport Ltd,New Zealand,Industrials,107239805
Audinate Group Ltd,Australia,Technology,404395
Aumas Resources Bhd,Malaysia,Basic Materials,6756657
Aumovio SE,Germany,Consumer Discretionary,56131187
Aura Minerals Inc,United States,Basic Materials,6964580
Aurelius Technologies Bhd,Malaysia,Technology,507418
Auren Energia SA,Brazil,Utilities,654292
AurionPro Solutions Ltd,India,Technology,2965051
Aurizon Holdings Ltd,Australia,Industrials,85416016
Aurobindo Pharma Ltd,India,Health Care,40769679
Aurora Design PCL,Thailand,Consumer Discretionary,4305632
Aurora Innovation Inc,United States,Industrials,32055222
Aurubis AG,Germany,Basic Materials,7662669
Aussie Broadband Ltd,Australia,Telecommunications,7350341
Austal Ltd,Australia,Industrials,19793895
Australian Agricultural Co Ltd,Australia,Consumer Staples,2853107
Australian Clinical Labs Ltd,Australia,Health Care,3300731
Authum Investment & Infrastucture Ltd,India,Financials,7962159
Auto Partner SA,Poland,Consumer Discretionary,17892941
Auto Trader Group PLC,United Kingdom,Technology,150257709
Auto1 Group SE,Germany,Consumer Discretionary,78498390
AutoNation Inc,United States,Consumer Discretionary,58561651
AutoWallis Nyrt,Hungary,Consumer Discretionary,3303808
AutoZone Inc,United States,Consumer Discretionary,924221057
Autobacs Seven Co Ltd,Japan,Consumer Discretionary,3732172
Autocount Dotcom Bhd,Malaysia,Technology,908357
Autodesk Inc,United States,Technology,697866960
Autohellas Tourist and Trading SA,Greece,Consumer Discretionary,18701784
Autohome Inc,China,Technology,14167221
Autoliv Inc,United States,Consumer Discretionary,136004311
Automatic Data Processing Inc,United States,Industrials,639602138
Avalo Therapeutics Inc,United States,Health Care,5933054
AvalonBay Communities Inc,United States,Real Estate,1389322505
Avangaad Bhd,Malaysia,Industrials,2759980
Avanti Feeds Ltd,India,Consumer Staples,6407900
Avantor Inc,United States,Health Care,104556296
Avanza Bank Holding AB,Sweden,Financials,45473595
Avenue Supermarts Ltd,India,Consumer Staples,73448769
Avery Dennison Corp,United States,Basic Materials,178624166
Avex Inc,Japan,Consumer Discretionary,1863028
Avia Avian Tbk PT,Indonesia,Industrials,7388560
Avidity Biosciences Inc,United States,Health Care,186123386
Avient Corp,United States,Basic Materials,35549371
Avis Budget Group Inc,United States,Consumer Discretionary,22761787
Avista Corp,United States,Utilities,1053298
Aviva PLC,United Kingdom,Financials,405168991
Avnet Inc,United States,Technology,35081812
Avolta AG,Switzerland,Consumer Discretionary,93722888
Avon Technologies PLC,United Kingdom,Industrials,5033093
Awa Bank Ltd/The,Japan,Financials,5388029
Axalta Coating Systems Ltd,United States,Industrials,39634580
Axcelis Technologies Inc,United States,Technology,1585671
Axfood AB,Sweden,Consumer Staples,36046650
Axial Retailing Inc,Japan,Consumer Staples,2961484
Axiata Group Bhd,Malaysia,Telecommunications,58214324
Axis Bank Ltd,India,Financials,1031478123
Axis Capital Holdings Ltd,United States,Financials,103000875
Axon Enterprise Inc,United States,Industrials,521353493
Axsome Therapeutics Inc,United States,Health Care,121400808
Axtra Future City Freehold and Leasehold Real Estate Investment Trust,Thailand,Real Estate,3483996
Ayala Corp,Philippines,Real Estate,9371690
Ayala Land Inc,Philippines,Real Estate,100015154
AyalaLand Logistics Holdings Corp,Philippines,Real Estate,895870
Ayvens SA,France,Consumer Discretionary,114076134
Azad Engineering Ltd,India,Industrials,9199637
Azbil Corp,Japan,Industrials,76003328
Azelis Group NV,Belgium,Industrials,106996002
Azimut Holding SpA,Italy,Financials,123886231
Azrieli Group Ltd,Israel,Real Estate,40271349
Azzas 2154 SA,Brazil,Consumer Discretionary,22447761
B Grimm Power PCL,Thailand,Utilities,1365559
B&M European Value Retail SA,United Kingdom,Consumer Discretionary,62211300
B2Gold Corp,Canada,Basic Materials,75430219
B3 SA - Brasil Bolsa Balcao,Brazil,Financials,89318995
BAIC Motor Corp Ltd,China,Consumer Discretionary,4558285
BASF India Ltd,India,Basic Materials,4949148
BASF SE,Germany,Basic Materials,560881546
BAWAG Group AG,Austria,Financials,296091940
BB Seguridade Participacoes SA,Brazil,Financials,26075518
BBB Foods Inc,Mexico,Consumer Staples,36941995
BBMG Corp,China,Industrials,94
BCE Inc,Canada,Telecommunications,59014546
BCPG PCL,Thailand,Utilities,520396
BDO Unibank Inc,Philippines,Financials,97196309
BE Semiconductor Industries NV,Netherlands,Technology,285605229
BEC World PCL,Thailand,Consumer Discretionary,0
BEML Ltd,India,Industrials,6168089
BFF Bank SpA,Italy,Financials,41321649
BFI Finance Indonesia Tbk PT,Indonesia,Financials,5118564
BGF retail Co Ltd,South Korea,Consumer Staples,19928769
BHI Co Ltd,South Korea,Industrials,11545065
BHP Group Ltd,Australia,Basic Materials,1809606821
BICO Group AB,Sweden,Health Care,80550
BILL Holdings Inc,United States,Industrials,54275481
BIM Birlesik Magazalar AS,Türkiye,Consumer Staples,120039303
BIPROGY Inc,Japan,Technology,44912592
BJ's Wholesale Club Holdings Inc,United States,Consumer Discretionary,136189461
BKW AG,Switzerland,Utilities,81421001
BLS International Services Ltd,India,Industrials,3872707
BM GreenTech Bhd,Malaysia,Energy,1586281
BML Inc,Japan,Health Care,2979350
BNK Financial Group Inc,South Korea,Financials,45580121
BNP Paribas SA,France,Financials,2835372164
BOC Aviation Ltd,Hong Kong,Industrials,37234766
BOC Hong Kong Holdings Ltd,Hong Kong,Financials,277746898
BOC Kenya PLC,Kenya,Basic Materials,119179
BOE Technology Group Co Ltd,China,Technology,45285811
BOK Financial Corp,United States,Financials,33359165
BOYD GROUP INC,Canada,Consumer Discretionary,56575048
BP PLC,United Kingdom,Energy,2709771100
BPER Banca SPA,Italy,Financials,439768792
BRAC Bank PLC,Bangladesh,Financials,45452646
BSE Ltd,India,Financials,55598070
BT Group PLC,United Kingdom,Telecommunications,317153773
BTG Hotels Group Co Ltd,China,Consumer Discretionary,4439502
BTS Group Holdings PCL,Thailand,Industrials,3503680
BWP Property Group Ltd,Australia,Real Estate,19170042
BXP Inc,United States,Real Estate,689418935
BYD Co Ltd,China,Consumer Discretionary,552462172
BYD Electronic International Co Ltd,China,Telecommunications,81127246
Babcock International Group PLC,United Kingdom,Industrials,124410532
Bachem Holding AG,Switzerland,Health Care,44462396
Badger Meter Inc,United States,Industrials,61929328
Baidu Inc,China,Technology,460620670
Baiksan Co Ltd,South Korea,Basic Materials,5017794
Bajaj Auto Ltd,India,Consumer Discretionary,204822214
Bajaj Electricals Ltd,India,Consumer Discretionary,19046305
Bajaj Finance Ltd,India,Financials,355045665
Bajaj Finserv Ltd,India,Financials,196412452
Bajaj Holdings & Investment Ltd,India,Financials,36002812
Bajaj Housing Finance Ltd,India,Financials,11313017
Baker Hughes Co,United States,Energy,925497215
Balaji Amines Ltd,India,Basic Materials,1368707
Balchem Corp,United States,Basic Materials,64171652
Balfour Beatty PLC,United Kingdom,Industrials,103742422
Balkrishna Industries Ltd,India,Consumer Discretionary,108411082
Ball Corp,United States,Industrials,175153356
Balrampur Chini Mills Ltd,India,Consumer Staples,5771498
Baltic Classifieds Group PLC,United Kingdom,Technology,23930578
BancFirst Corp,United States,Financials,27723488
Banca Generali SpA,Italy,Financials,133274095
Banca Mediolanum SpA,Italy,Financials,138333086
Banca Monte dei Paschi di Siena SpA,Italy,Financials,934553524
Banca Popolare di Sondrio SPA,Italy,Financials,101140263
Banco BPM SpA,Italy,Financials,476198842
Banco BTG Pactual SA,Brazil,Financials,178244057
Banco Bilbao Vizcaya Argentaria SA,Spain,Financials,3041816438
Banco Bradesco SA,Brazil,Financials,132544548
Banco Comercial Portugues SA,Portugal,Financials,188168251
Banco Itau Chile SA,Chile,Financials,64736823
Banco Popular SA,Colombia,Financials,548872
Banco Santander Brasil SA,Brazil,Financials,5876756
Banco Santander Chile,Chile,Financials,79774073
Banco Santander SA,Spain,Financials,2899413896
Banco de Chile,Chile,Financials,42202866
Banco de Credito e Inversiones SA,Chile,Financials,94035611
Banco de Sabadell SA,Spain,Financials,422951524
Banco del Bajio SA,Mexico,Financials,38164837
Banco do Brasil SA,Brazil,Financials,65859269
Bandai Namco Holdings Inc,Japan,Consumer Discretionary,122436043
Bandhan Bank Ltd,India,Financials,52144295
Bandwidth Inc,United States,Technology,18552453
Bangchak Corp PCL,Thailand,Energy,2752044
Bangkok Airways PCL,Thailand,Consumer Discretionary,8697162
Bangkok Bank PCL,Thailand,Financials,94250990
Bangkok Chain Hospital PCL,Thailand,Health Care,17067954
Bangkok Commercial Asset Management PCL,Thailand,Financials,3614715
Bangkok Dusit Medical Services PCL,Thailand,Health Care,99181941
Bangkok Expressway & Metro PCL,Thailand,Industrials,10192003
Bangkok Land PCL,Thailand,Real Estate,257777
Bangkok Life Assurance PCL,Thailand,Financials,714838
Bangun Kosambi Sukses PT,Indonesia,Real Estate,2745322
Bank BTPN Syariah Tbk PT,Indonesia,Financials,14913051
Bank CIMB Niaga Tbk PT,Indonesia,Financials,24305402
Bank Central Asia Tbk PT,Indonesia,Financials,480212458
Bank Jago Tbk PT,Indonesia,Financials,5194078
Bank Mandiri Persero Tbk PT,Indonesia,Financials,224079688
Bank Millennium SA,Poland,Financials,4377323
Bank Negara Indonesia Persero Tbk PT,Indonesia,Financials,81176806
Bank OZK,United States,Financials,66831993
Bank Polska Kasa Opieki SA,Poland,Financials,49990615
Bank Rakyat Indonesia Persero Tbk PT,Indonesia,Financials,215483943
Bank St Petersburg PJSC,Russia,Financials,2522710
Bank Syariah Indonesia Tbk PT,Indonesia,Financials,26887795
Bank Tabungan Negara Persero Tbk PT,Indonesia,Financials,1766738
Bank for Foreign Trade of Vietnam JSC,Vietnam,Financials,14297368
Bank for Investment and Development of Vietnam JSC,Vietnam,Financials,12195023
Bank of America Corp,United States,Financials,4698983245
Bank of Baroda,India,Financials,34777532
Bank of China Ltd,China,Financials,415696803
Bank of Chongqing Co Ltd,China,Financials,1099817
Bank of Communications Co Ltd,China,Financials,62616370
Bank of Cyprus Holdings PLC,Greece,Financials,68660954
Bank of East Asia Ltd/The,Hong Kong,Financials,21147387
Bank of India,India,Financials,16479923
Bank of Ireland Group PLC,Ireland,Financials,1008504299
Bank of Maharashtra,India,Financials,10767526
Bank of Montreal,Canada,Financials,1041181762
Bank of Nagoya Ltd/The,Japan,Financials,7554464
Bank of New York Mellon Corp/The,United States,Financials,1381923867
Bank of Ningbo Co Ltd,China,Financials,3466049
Bank of Nova Scotia/The,Canada,Financials,1351328372
Bank of Queensland Ltd,Australia,Financials,38332366
Bank of Saga Ltd/The,Japan,Financials,1663977
Bank of the Philippine Islands,Philippines,Financials,14685207
Bankinter SA,Spain,Financials,234397455
Banque Cantonale Vaudoise,Switzerland,Financials,79892928
Baoshan Iron & Steel Co Ltd,China,Basic Materials,6762354
Bapcor Ltd,Australia,Consumer Discretionary,5629444
Barclays PLC,United Kingdom,Financials,1499911619
Barito Pacific Tbk PT,Indonesia,Basic Materials,2650989
Barito Renewables Energy Tbk PT,Indonesia,Utilities,7416792
Barratt Redrow PLC,United Kingdom,Consumer Discretionary,129974402
Barry Callebaut AG,Switzerland,Consumer Staples,110665058
Base Co Ltd,Japan,Technology,983511
Bashneft PJSC,Russia,Energy,1659244
Basic-Fit NV,Netherlands,Consumer Discretionary,48111398
Basler AG,Germany,Industrials,21721030
Bata India Ltd,India,Consumer Discretionary,4483854
Bath & Body Works Inc,United States,Consumer Discretionary,45939406
Baticim Bati Anadolu Cimento Sanayii AS,Türkiye,Industrials,753228
Bausch Health Cos Inc,Canada,Health Care,25471883
Bavarian Nordic A/S,Denmark,Health Care,55618268
Baxter International Inc,United States,Health Care,117281051
BayCurrent Inc,Japan,Industrials,94603624
BayWa AG,Germany,Industrials,4460605
Bayer AG,Germany,Health Care,708903816
Bayerische Motoren Werke AG,Germany,Consumer Discretionary,496785703
BeOne Medicines Ltd,China,Health Care,356720086
Beazley PLC,United Kingdom,Financials,135088514
Becamex Investment and Industrial Development Group,Vietnam,Real Estate,6882828
Bechtle AG,Germany,Technology,87347238
Becle SAB de CV,Mexico,Consumer Staples,26610479
Becton Dickinson & Co,United States,Health Care,739313546
Bega Cheese Ltd,Australia,Consumer Staples,33037230
Beiersdorf AG,Germany,Consumer Staples,246097394
Beijer Alma AB,Sweden,Basic Materials,5091139
Beijer Ref AB,Sweden,Industrials,679615277
Beijing Capital International Airport Co Ltd,China,Industrials,2593591
Beijing Dabeinong Technology Group Co Ltd,China,Consumer Staples,2464201
Beijing Easpring Material Technology Co Ltd,China,Basic Materials,2070215
Beijing Enterprises Holdings Ltd,China,Utilities,4088
Beijing Enterprises Water Group Ltd,China,Utilities,743989
Beijing Fourth Paradigm Technology Co Ltd,China,Technology,20909554
Beijing Gas Blue Sky Holdings Ltd,China,Utilities,9
Beijing Geekplus Technology Co Ltd,China,Industrials,10490931
Beijing Huafeng Test & Control Technology Co Ltd,China,Technology,5449896
Beijing Jingneng Clean Energy Co Ltd,China,Utilities,583
Beijing Kingsoft Office Software Inc,China,Technology,28727528
Beijing New Building Materials PLC,China,Industrials,8443179
Beijing Oriental Yuhong Waterproof Technology Co Ltd,China,Industrials,137262
Beijing Originwater Technology Co Ltd,China,Utilities,116989
Beijing Roborock Technology Co Ltd,China,Consumer Discretionary,26993567
Beijing Yuanliu Hongyuan Electronic Technology Co Ltd,China,Technology,5224694
Beisen Holding Ltd,China,Technology,7553068
Bekaert SA,Belgium,Basic Materials,61207532
Belc Co Ltd,Japan,Consumer Staples,3646222
Belden Inc,United States,Industrials,54518244
Belimo Holding AG,Switzerland,Industrials,184222349
Bell Food Group AG,Switzerland,Consumer Staples,11500411
Bell System24 Holdings Inc,Japan,Industrials,1989535
BellRing Brands Inc,United States,Consumer Staples,19672959
Bellevue Gold Ltd,Australia,Basic Materials,25902125
Belluna Co Ltd,Japan,Consumer Discretionary,1640037
Bellway PLC,United Kingdom,Consumer Discretionary,83782289
Bendigo & Adelaide Bank Ltd,Australia,Financials,53534145
Benefit Systems SA,Poland,Industrials,158467440
Bentley Systems Inc,United States,Technology,74944687
Berger Paints India Ltd,India,Industrials,10784673
Berjaya Corp Bhd,Malaysia,Consumer Discretionary,7865944
Berjaya Food Bhd,Malaysia,Consumer Discretionary,61607
Berkeley Group Holdings PLC,United Kingdom,Consumer Discretionary,98701677
Berkshire Hathaway Inc,United States,Financials,11497774369
Berli Jucker PCL,Thailand,Consumer Discretionary,16151165
Bermaz Auto Bhd,Malaysia,Consumer Discretionary,9396
Bertrandt AG,Germany,Industrials,6482656
Besalco SA,Chile,Industrials,11321856
Best Buy Co Inc,United States,Consumer Discretionary,135672732
Beta Technologies Inc,United States,Industrials,41485316
Bethel Automotive Safety Systems Co Ltd,China,Consumer Discretionary,85486947
Betmakers Technology Group Ltd,Australia,Consumer Discretionary,2807009
Beyond Meat Inc,United States,Consumer Staples,1
Bharat Dynamics Ltd,India,Industrials,15788182
Bharat Forge Ltd,India,Basic Materials,41153479
Bharat Petroleum Corp Ltd,India,Energy,88762064
Bharti Airtel Ltd,India,Telecommunications,1431252976
Bharti Hexacom Ltd,India,Telecommunications,19431536
Bic Camera Inc,Japan,Consumer Discretionary,16444744
Bicara Therapeutics Inc,United States,Health Care,721822
Bid Corp Ltd,South Africa,Consumer Staples,222973316
Bidvest Group Ltd,South Africa,Industrials,52221227
Biesse SpA,Italy,Industrials,10001758
Big Shopping Centers Ltd,Israel,Real Estate,32770389
Big Technologies plc,United Kingdom,Technology,2165260
Big Yellow Group PLC,United Kingdom,Real Estate,50386756
Bikaji Foods International Ltd,India,Consumer Staples,8410238
Bilfinger SE,Germany,Industrials,94256083
Bilia AB,Sweden,Consumer Discretionary,7499913
Bilibili Inc,China,Technology,387217107
Billerud Aktiebolag,Sweden,Basic Materials,45897480
Billionbrains Garage Ventures Ltd,India,Financials,16504841
Billiontoone Inc,United States,Health Care,818400
Binastra Corp Bhd,Malaysia,Industrials,8026730
Bio-Rad Laboratories Inc,United States,Health Care,45543639
Bio-Techne Corp,United States,Health Care,100425073
BioGaia AB,Sweden,Health Care,16876708
BioMarin Pharmaceutical Inc,United States,Health Care,442337549
BioMerieux,France,Health Care,103634634
BioNTech SE,Germany,Health Care,32726333
Bioceltix SA,Poland,Health Care,3123253
Biocon Ltd,India,Health Care,27413020
Biogen Inc,United States,Health Care,436264251
Bioneer Corp,South Korea,Health Care,134541
Birkenstock Holding Plc,United States,Consumer Discretionary,28111306
Birlasoft Ltd,India,Technology,8593518
Bizlink Holding Inc,Taiwan,Technology,157194670
Black Rock Coffee Bar Inc,United States,Consumer Discretionary,1891250
BlackBerry Ltd,Canada,Technology,23
BlackLine Inc,United States,Technology,85044424
Blackbaud Inc,United States,Technology,22996874
Blackrock Inc,United States,Financials,2379100376
Blackstone Inc,United States,Financials,1149516468
Blackstone Mortgage Trust Inc,United States,Financials,38452830
Blend Labs Inc,United States,Technology,28753019
Block Inc,United States,Industrials,474464779
Bloom Energy Corp,United States,Industrials,663399328
Bloomage Biotechnology Corp Ltd,China,Health Care,221211
Bloomberry Resorts Corp,Philippines,Consumer Discretionary,20954511
Blue Dart Express Ltd,India,Industrials,4505468
Blue Moon Group Holdings Ltd,China,Consumer Staples,173
Blue Owl Capital Inc,United States,Financials,140643233
Blue Star Ltd,India,Industrials,21955081
Blue Zones Holdings Co Ltd,Japan,Consumer Staples,22700548
BlueScope Steel Ltd,Australia,Basic Materials,54685915
Bluebik Group PCL,Thailand,Technology,2423330
Boardwalk Real Estate Investment Trust,Canada,Real Estate,25268869
Bodycote PLC,United Kingdom,Industrials,33173878
Boer Power Holdings Ltd,China,Technology,12478
Boiron SA,France,Health Care,6492707
Boise Cascade Co,United States,Industrials,32128240
Boliden AB,Sweden,Basic Materials,34472261
Bolsa Mexicana de Valores SAB de CV,Mexico,Financials,1029506
Bombardier Inc,Canada,Industrials,170853455
Bonduelle SCA,France,Consumer Staples,10494656
BoneSupport Holding AB,Sweden,Health Care,43459471
Booking Holdings Inc,United States,Consumer Discretionary,2651327487
Booz Allen Hamilton Holding Corp,United States,Industrials,102665276
Boozt AB,Sweden,Consumer Discretionary,23293712
Bora Pharmaceuticals Co Ltd,Taiwan,Health Care,12423285
Boralex Inc,Canada,Utilities,36145
BorgWarner Inc,United States,Consumer Discretionary,127219971
Borosil Renewables Ltd,India,Industrials,551904
Borouge PLC,United Arab Emirates,Basic Materials,3253825
Borusan Birlesik Boru Fabrikalari Sanayi ve Ticaret AS,Türkiye,Basic Materials,1135784
Bosch Ltd,India,Consumer Discretionary,38645820
Boss Energy Ltd,Australia,Basic Materials,3424993
Bossard Holding AG,Switzerland,Industrials,4055490
Boston Scientific Corp,United States,Health Care,1925154640
Boubyan Bank KSCP,Kuwait,Financials,717288
Bound And Beyond PCL,Thailand,Consumer Discretionary,1526959
Boursa Kuwait Securities Co KPSC,Kuwait,Financials,44613710
Boustead Singapore Ltd,Singapore,Industrials,954445
Bouygues SA,France,Industrials,110724679
Box Inc,United States,Technology,50623632
Boyd Gaming Corp,United States,Consumer Discretionary,58762666
BrainBees Solutions Ltd,India,Consumer Discretionary,1333449
Brainscan SA,Poland,Health Care,144081
Brait PLC,South Africa,Financials,3996105
Brambles Ltd,Australia,Industrials,360111467
Braskem SA,Brazil,Basic Materials,28877223
Bravida Holding AB,Sweden,Industrials,33792109
Brazilian Rare Earths Ltd,Australia,Basic Materials,9809883
Bread Financial Holdings Inc,United States,Financials,5619469
Brembo NV,Italy,Consumer Discretionary,28082376
Brenntag SE,Germany,Basic Materials,148883187
Breville Group Ltd,Australia,Consumer Discretionary,34287595
Bridgebio Pharma Inc,United States,Health Care,173916537
Bridgepoint Group PLC,United Kingdom,Financials,67909667
Bridgestone Corp,Japan,Consumer Discretionary,430513413
Brigade Enterprises Ltd,India,Real Estate,6802395
Bright Horizons Family Solutions Inc,United States,Consumer Discretionary,67692409
Bright Smart Securities & Commodities Group Ltd,Hong Kong,Financials,15135332
BrightSpring Health Services Inc,United States,Health Care,331807
Brightoil Petroleum Holdings Ltd,China,Energy,1863822
Brighton-Best International Taiwan Inc,Taiwan,Basic Materials,5571884
Brightstar Lottery PLC,United States,Consumer Discretionary,19565451
Brii Biosciences Ltd,China,Health Care,27
Brilliance China Automotive Holdings Ltd,China,Consumer Discretionary,71539333
Brink's Co/The,United States,Industrials,61105353
Brinker International Inc,United States,Consumer Discretionary,83603270
Bristol-Myers Squibb Co,United States,Health Care,1794248239
Britannia Industries Ltd,India,Consumer Staples,71818497
British Land Co PLC/The,United Kingdom,Real Estate,111372804
Brixmor Property Group Inc,United States,Real Estate,101587056
Broadcom Inc,United States,Technology,21378035626
Broadleaf Co Ltd,Japan,Technology,11300107
Broadridge Financial Solutions Inc,United States,Financials,341571281
Broadstone Net Lease Inc,United States,Real Estate,41470719
Broedrene A&O Johansen A/S,Denmark,Industrials,5789043
Brookfield Asset Management Ltd,Canada,Financials,259730671
Brookfield Corp,Canada,Financials,1208670324
Brookfield India Real Estate Trust,India,Real Estate,59389388
Brookfield Infrastructure Corp,Canada,Utilities,71067723
Brookfield Renewable Corp,Canada,Utilities,68159794
Brookfield Wealth Solutions Ltd,Canada,Financials,9758620
Brother Industries Ltd,Japan,Technology,80217982
Brown & Brown Inc,United States,Financials,512005233
Brown-Forman Corp,United States,Consumer Staples,28759276
Bruker Corp,United States,Health Care,6232229
Brunello Cucinelli SpA,Italy,Consumer Discretionary,27240600
Brunswick Corp/DE,United States,Industrials,61238794
Bucher Industries AG,Switzerland,Industrials,67449105
Budimex SA,Poland,Industrials,4604678
Budweiser Brewing Co APAC Ltd,Hong Kong,Consumer Staples,60001712
Buffalo Inc /Japan,Japan,Technology,6195
Builders FirstSource Inc,United States,Industrials,88175187
Bukalapak.com PT Tbk,Indonesia,Technology,4379419
Bullish,United States,Financials,17041500
Bumi Armada Bhd,Malaysia,Energy,625984
Bumi Resources Minerals Tbk PT,Indonesia,Basic Materials,31096714
Bumi Serpong Damai Tbk PT,Indonesia,Real Estate,19288825
Bumrungrad Hospital PCL,Thailand,Health Care,82974215
Bunge Global SA,United States,Consumer Staples,163888939
Bunka Shutter Co Ltd,Japan,Industrials,5416176
Bunzl PLC,United Kingdom,Industrials,170550139
Burberry Group PLC,United Kingdom,Consumer Discretionary,184420309
Burckhardt Compression Holding AG,Switzerland,Industrials,41795012
Bure Equity AB,Sweden,Financials,29352088
Bureau Veritas SA,France,Industrials,327173106
Burgan Bank SAK,Kuwait,Financials,2341941
Burlington Stores Inc,United States,Consumer Discretionary,208632311
Bursa Malaysia Bhd,Malaysia,Financials,52209509
Business Engineering Corp,Japan,Technology,4149781
Buzzi SpA,Italy,Industrials,158271175
Byggmax Group AB,Sweden,Consumer Discretionary,10446912
Bystronic AG,Switzerland,Industrials,11261786
Bytes Technology Group PLC,United Kingdom,Technology,23841766
C Sun Manufacturing Ltd,Taiwan,Technology,33205471
C Uyemura & Co Ltd,Japan,Basic Materials,5967068
C&A MODAS SA,Brazil,Consumer Discretionary,17697623
C&D International Investment Group Ltd,China,Real Estate,135454034
C&D Property Management Group Co Ltd,China,Real Estate,1459183
C-Mer Medical Holdings Ltd,Hong Kong,Health Care,662499
CA Immobilien Anlagen AG,Austria,Real Estate,4978714
CACI International Inc,United States,Technology,145211505
CAE Inc,Canada,Industrials,96504585
CALB Group Co Ltd,China,Consumer Discretionary,20544681
CAPITAL A BHD,Malaysia,Consumer Discretionary,12044726
CAR Group Ltd,Australia,Technology,104906189
CARsgen Therapeutics Holdings Ltd,China,Health Care,7385411
CBRE Group Inc,United States,Real Estate,672561738
CCC Intelligent Solutions Holdings Inc,United States,Technology,50904152
CCC SA,Poland,Consumer Discretionary,21270051
CCI Group Inc,Japan,Financials,6125016
CCL Industries Inc,Canada,Industrials,6072
CCL Products India Ltd,India,Consumer Staples,12552649
CD Projekt SA,Poland,Consumer Discretionary,42704969
CDL Hospitality Trusts,Singapore,Real Estate,9312905
CDW Corp/DE,United States,Technology,68859179
CECONOMY AG,Germany,Consumer Discretionary,17107674
CELCOMDIGI BHD,Malaysia,Telecommunications,35736333
CF Industries Holdings Inc,United States,Basic Materials,93162449
CG Power & Industrial Solutions Ltd,India,Industrials,45840507
CG oncology Inc,United States,Health Care,6216831
CGI Inc,Canada,Technology,239286371
CGN Mining Co Ltd,Hong Kong,Energy,21731432
CGN Power Co Ltd,China,Utilities,65530061
CH Karnchang PCL,Thailand,Industrials,30077660
CH Robinson Worldwide Inc,United States,Industrials,240722024
CIC Holdings PLC,Sri Lanka,Basic Materials,2818087
CIE Automotive India Ltd,India,Consumer Discretionary,6906824
CIE Automotive SA,Spain,Consumer Discretionary,46542621
CIMB Group Holdings Bhd,Malaysia,Financials,304406965
CIMC Enric Holdings Ltd,China,Energy,11330044
CITIC Ltd,China,Industrials,74354273
CITIC Securities Co Ltd,China,Financials,92530742
CITIC Telecom International Holdings Ltd,Hong Kong,Telecommunications,8235912
CJ CGV Co Ltd,South Korea,Consumer Discretionary,310257
CJ CheilJedang Corp,South Korea,Consumer Staples,14685324
CJ Corp,South Korea,Industrials,39862497
CJ ENM Co Ltd,South Korea,Consumer Discretionary,21438115
CJ Logistics Corp,South Korea,Industrials,71691768
CK Asset Holdings Ltd,Hong Kong,Real Estate,138256263
CK Hutchison Holdings Ltd,Hong Kong,Industrials,317092614
CK Infrastructure Holdings Ltd,Hong Kong,Utilities,75884890
CK Power PCL,Thailand,Utilities,354078
CKD Corp,Japan,Industrials,6813232
CLS Holdings PLC,United Kingdom,Real Estate,5650208
CMB Tech NV,Belgium,Industrials,21961141
CMC Markets PLC,United Kingdom,Financials,5797984
CME Group Inc,United States,Financials,1335712654
CMS Energy Corp,United States,Utilities,311777101
CMS Info Systems Ltd,India,Industrials,26976923
CNA Financial Corp,United States,Financials,16473690
CNH Industrial NV,United States,Industrials,50167551
COFCO Joycome Foods Ltd,China,Consumer Staples,493644
COLOPL Inc,Japan,Consumer Discretionary,1123236
COMSYS Holdings Corp,Japan,Industrials,58234168
COPT Defense Properties,United States,Real Estate,39684806
COSCO SHIPPING Development Co Ltd,China,Industrials,135
COSCO SHIPPING Energy Transportation Co Ltd,China,Industrials,16991019
COSCO SHIPPING Holdings Co Ltd,China,Industrials,1237
COSON Co Ltd,South Korea,Consumer Discretionary,557
CP ALL PCL,Thailand,Consumer Staples,219457449
CP AXTRA PCL,Thailand,Consumer Discretionary,10164490
CPE Technology Bhd,Malaysia,Industrials,4348292
CPI Europe AG,Austria,Real Estate,3442675
CRE Logistics REIT Inc,Japan,Real Estate,5031808
CRH PLC,United States,Industrials,1433443459
CRISIL Ltd,India,Financials,9937679
CRISPR Therapeutics AG,United States,Health Care,25706403
CS Disco Inc,United States,Technology,4252069
CS Wind Corp,South Korea,Energy,21896925
CSC Financial Co Ltd,China,Financials,15183319
CSE Global Ltd,Singapore,Technology,580814
CSG Holding Co Ltd,China,Industrials,3463804
CSL Ltd,Australia,Health Care,861168988
CSPC Innovation Pharmaceutical Co Ltd,China,Consumer Staples,34445546
CSPC Pharmaceutical Group Ltd,China,Health Care,221734737
CSW Industrials Inc,United States,Industrials,86282263
CSX Corp,United States,Industrials,759949096
CTBC Financial Holding Co Ltd,Taiwan,Financials,406343559
CTCI Corp,Taiwan,Industrials,10313432
CTF Services Ltd,Hong Kong,Industrials,18469718
CTI Logistics Ltd,Australia,Industrials,2482410
CTOS Digital Bhd,Malaysia,Industrials,5772473
CTP NV,Netherlands,Real Estate,57999826
CTS Eventim AG & Co KGaA,Germany,Consumer Discretionary,104492679
CTS Global Equity Group,Philippines,Financials,55072
CVC Capital Partners PLC,Netherlands,Financials,84794248
CVS Health Corp,United States,Consumer Staples,1374790024
Cabaletta Bio Inc,United States,Health Care,5900907
Cable One Inc,United States,Telecommunications,3295671
Cabot Corp,United States,Basic Materials,49661549
Cadence Bank,United States,Financials,98962713
Cadence Design Systems Inc,United States,Technology,1273099580
Caesars Entertainment Inc,United States,Consumer Discretionary,59186898
Cafe de Coral Holdings Ltd,Hong Kong,Consumer Discretionary,2558364
Cafe24 Corp,South Korea,Technology,333784
Cahya Mata Sarawak Bhd,Malaysia,Industrials,5460953
Cairn Homes PLC,Ireland,Consumer Discretionary,1786832
CaixaBank SA,Spain,Financials,350045076
Calbee Inc,Japan,Consumer Staples,23676119
California Water Service Group,United States,Utilities,958200
Caliway Biopharmaceuticals Co Ltd,Taiwan,Health Care,7498289
Camden Property Trust,United States,Real Estate,154586665
Cameco Corp,Canada,Energy,435600519
Camil Alimentos SA,Brazil,Consumer Staples,9901050
Campbell's Company/The,United States,Consumer Staples,26915815
Camplify Holdings Ltd,Australia,Technology,110417
Camtek Ltd/Israel,Israel,Technology,8181055
Camurus AB,Sweden,Health Care,48599973
Can Fin Homes Ltd,India,Financials,8069096
CanSino Biologics Inc,China,Health Care,897
Canada Packers Inc,Canada,Consumer Staples,2498126
Canadian Apartment Properties REIT,Canada,Real Estate,54603939
Canadian Imperial Bank of Commerce,Canada,Financials,942081561
Canadian National Railway Co,Canada,Industrials,559908256
Canadian Pacific Kansas City Ltd,Canada,Industrials,965171232
Canadian Tire Corp Ltd,Canada,Consumer Discretionary,82302837
Canadian Utilities Ltd,Canada,Utilities,397639
Canal+ SA,United Kingdom,Consumer Discretionary,35752507
Canara Bank,India,Financials,31797658
Canon Electronics Inc,Japan,Technology,2622323
Canon Inc,Japan,Technology,423264903
Canon Marketing Japan Inc,Japan,Technology,50976118
Capcom Co Ltd,Japan,Consumer Discretionary,100780551
Capgemini SE,France,Technology,266746153
Capita PLC,United Kingdom,Industrials,13292955
CapitaLand Ascendas REIT,Singapore,Real Estate,143677806
CapitaLand Ascott Trust,Singapore,Real Estate,33331438
CapitaLand China Trust,Singapore,Real Estate,12437217
CapitaLand Integrated Commercial Trust,Singapore,Real Estate,192671272
CapitaLand Investment Ltd/Singapore,Singapore,Real Estate,83857979
Capital One Financial Corp,United States,Industrials,1916907885
Capital Power Corp,Canada,Utilities,89528684
Capital Securities Corp,Taiwan,Financials,16159470
Capitaland India Trust,Singapore,Real Estate,18469818
Capitec Bank Holdings Ltd,South Africa,Financials,328031565
Caplin Point Laboratories Ltd,India,Health Care,4883043
Capri Global Capital Ltd,India,Financials,3010067
Capri Holdings Ltd,United States,Consumer Discretionary,50227742
Capricorn Metals Ltd,Australia,Basic Materials,81690246
Capstone Copper Corp,Canada,Basic Materials,251052381
Captor Therapeutics SA,Poland,Health Care,2935574
CarMax Inc,United States,Consumer Discretionary,138377723
Carabao Group PCL,Thailand,Consumer Staples,11271203
Carasent AB,Sweden,Health Care,5955222
Carbacid Investments Ltd,Kenya,Industrials,1393238
Carborundum Universal Ltd,India,Basic Materials,10719943
Card Factory PLC,United Kingdom,Consumer Discretionary,8528835
Cardinal Health Inc,United States,Health Care,625865252
Care Ratings Ltd,India,Financials,411744
CareTrust REIT Inc,United States,Real Estate,103044610
Caregen Co Ltd,South Korea,Health Care,761687
Carel Industries SpA,Italy,Industrials,28804261
Cargurus Inc,United States,Technology,38
Caris Life Sciences Inc,United States,Health Care,2975732
Carl Zeiss Meditec AG,Germany,Health Care,44746874
Carlisle Cos Inc,United States,Industrials,146670843
Carlsberg AS,Denmark,Consumer Staples,319199241
Carlsberg Brewery Malaysia Bhd,Malaysia,Consumer Staples,20692279
Carlsmed Inc,United States,Health Care,802750
Carlyle Group Inc/The,United States,Financials,113828423
Carmila SA,France,Real Estate,27846431
Carnival Corp,United States,Consumer Discretionary,123366177
Carnival PLC,United Kingdom,Consumer Discretionary,403249727
Carpenter Technology Corp,United States,Basic Materials,195253693
Carrefour SA,France,Consumer Staples,144717504
Carrier Global Corp,United States,Industrials,363621049
Cars Motorcycles and Marine Engine Trade and Import Co SA,Greece,Consumer Discretionary,1049183
Carter's Inc,United States,Consumer Discretionary,32
Cartrade Tech Ltd,India,Technology,15286580
Carvana Co,United States,Consumer Discretionary,441677692
Casella Waste Systems Inc,United States,Utilities,77216190
Casey's General Stores Inc,United States,Consumer Staples,265162623
Casio Computer Co Ltd,Japan,Consumer Discretionary,29010553
Castellum AB,Sweden,Real Estate,86976495
Castrol India Ltd,India,Energy,11613820
Catalyst Metals Ltd,Australia,Basic Materials,16343031
Catapult Sports Ltd,Australia,Technology,8247017
Catcher Technology Co Ltd,Taiwan,Technology,1959
Catena AB,Sweden,Real Estate,47485101
Cathay Financial Holding Co Ltd,Taiwan,Financials,272285192
Cathay General Bancorp,United States,Financials,41140210
Cathay Pacific Airways Ltd,Hong Kong,Consumer Discretionary,26965835
Cathay Real Estate Development Co Ltd,Taiwan,Real Estate,7175315
Cava Group Inc,United States,Consumer Discretionary,58888548
Cawachi Ltd,Japan,Consumer Staples,2214425
Cboe Global Markets Inc,United States,Financials,346786871
Ceat Ltd,India,Consumer Discretionary,9749810
Cebu Air Inc,Philippines,Consumer Discretionary,3887734
Cedar Woods Properties Ltd,Australia,Real Estate,8595953
Celanese Corp,United States,Basic Materials,17293196
Celcuity Inc,United States,Health Care,8308043
Celestica Inc,Canada,Technology,449855868
Cellnex Telecom SA,Spain,Telecommunications,379383677
Cello World Ltd,India,Consumer Discretionary,2447527
Celltrion Inc,South Korea,Health Care,51153185
Celltrion Pharm Inc,South Korea,Health Care,958809
Celsius Holdings Inc,United States,Consumer Staples,106136057
Cembra Money Bank AG,Switzerland,Financials,81682316
Cementir Holding NV,Italy,Industrials,20630659
Cementos Argos SA,Colombia,Industrials,4856715
Cemex SAB de CV,Mexico,Industrials,287773131
Cemindia Projects Ltd,India,Industrials,3976844
Cencora Inc,United States,Consumer Staples,806625358
Cencosud SA,Chile,Consumer Staples,36967067
Centene Corp,United States,Health Care,228618866
Center Laboratories Inc,Taiwan,Health Care,100616
CenterPoint Energy Inc,United States,Utilities,328726853
Central Automotive Products Ltd,Japan,Consumer Discretionary,3253685
Central Bank of India Ltd,India,Financials,2502631
Central China Securities Co Ltd,China,Financials,2562200
Central Depository Services India Ltd,India,Financials,11044128
Central Glass Co Ltd,Japan,Basic Materials,3204412
Central Japan Railway Co,Japan,Industrials,320626722
Central Pattana PCL,Thailand,Real Estate,94402970
Central Plaza Hotel PCL,Thailand,Consumer Discretionary,12973689
Central Retail Corp PCL,Thailand,Consumer Discretionary,3085224
Centrica PLC,United Kingdom,Utilities,207147221
Centuria Capital Group,Australia,Real Estate,15949551
Centuria Industrial REIT,Australia,Real Estate,22179351
Century Iron & Steel Industrial Co Ltd,Taiwan,Basic Materials,11450184
Century Pacific Food Inc,Philippines,Consumer Staples,6621333
Century Plyboards India Ltd,India,Basic Materials,4311237
Cera Sanitaryware Ltd,India,Industrials,1820729
Chaarat Gold Holdings Ltd,Kyrgyzstan,Basic Materials,34598
Chabiotech Co Ltd,South Korea,Health Care,822357
Chailease Holding Co Ltd,Taiwan,Financials,51960317
Chalet Hotels Ltd,India,Consumer Discretionary,6420475
Challenger Ltd,Australia,Financials,49674982
Chambal Fertilisers and Chemicals Ltd,India,Basic Materials,12137919
Champion Homes Inc,United States,Consumer Discretionary,40471444
Champion Iron Ltd,Australia,Basic Materials,23377959
Champion REIT,Hong Kong,Real Estate,4760730
Chang Hwa Commercial Bank Ltd,Taiwan,Financials,57713191
Chang Wah Electromaterials Inc,Taiwan,Technology,8045451
Chang Wah Technology Co Ltd,Taiwan,Technology,4168330
Change Holdings Inc,Japan,Technology,1410190
Changzhou Xingyu Automotive Lighting Systems Co Ltd,China,Consumer Discretionary,115720740
Channel Infrastructure NZ Ltd,New Zealand,Energy,2993346
Chaowei Power Holdings Ltd,China,Consumer Discretionary,53
Chaozhou Three-Circle Group Co Ltd,China,Technology,309337046
Charles River Laboratories International Inc,United States,Health Care,99748777
Charles Schwab Corp/The,United States,Financials,1968740038
Charoen Pokphand Enterprise,Taiwan,Consumer Staples,10045653
Charoen Pokphand Indonesia Tbk PT,Indonesia,Consumer Staples,12202316
Chart Industries Inc,United States,Industrials,118207118
Charter Communications Inc,United States,Telecommunications,569512168
Charter Hall Group,Australia,Real Estate,99566502
Charter Hall Long Wale REIT,Australia,Real Estate,24032049
Charter Hall Retail REIT,Australia,Real Estate,19864877
Charter Hall Social Infrastructure REIT,Australia,Real Estate,9457902
Chartwell Retirement Residences,Canada,Real Estate,59255929
Check Point Software Technologies Ltd,United States,Technology,728127605
Cheeding Holdings Bhd,Malaysia,Industrials,3720836
Cheil Worldwide Inc,South Korea,Consumer Discretionary,3069232
Chemed Corp,United States,Health Care,75040226
Chemometec A/S,Denmark,Health Care,4324171
Chemours Co/The,United States,Basic Materials,626898
Chemplast Sanmar Ltd,India,Basic Materials,2149866
Chemring Group PLC,United Kingdom,Industrials,10514170
Chenbro Micom Co Ltd,Taiwan,Technology,13369934
Cheng Shin Rubber Industry Co Ltd,Taiwan,Consumer Discretionary,22532337
Cheng Uei Precision Industry Co Ltd,Taiwan,Technology,5361495
Cheniere Energy Inc,United States,Energy,695837278
Chenming Electronic Technology Corp,Taiwan,Technology,7899652
Chennai Super Kings Cricket Ltd,India,Industrials,10942400
Chervon Holdings Ltd,China,Industrials,881495
Cheryong Electric Co Ltd,South Korea,Technology,25560149
Chevron Corp,United States,Energy,3479774520
Chewy Inc,United States,Consumer Discretionary,90409233
Chiba Bank Ltd/The,Japan,Financials,125126054
Chicony Electronics Co Ltd,Taiwan,Technology,27330921
Chicony Power Technology Co Ltd,Taiwan,Technology,28376818
Chief Telecom Inc,Taiwan,Telecommunications,4266721
Chieftek Precision Co Ltd,Taiwan,Industrials,1145749
Chime Financial Inc,United States,Financials,19391547
China Airlines Ltd,Taiwan,Consumer Discretionary,13893432
China Aoyuan Group Ltd,China,Real Estate,4
China Bohai Bank Co Ltd,China,Financials,61
China CITIC Bank Corp Ltd,China,Financials,82057350
China CITIC Financial Asset Management Co Ltd,China,Financials,7015998
China Conch Venture Holdings Ltd,China,Utilities,2657
China Construction Bank Corp,China,Financials,1249553708
China Datang Corp Renewable Power Co Ltd,China,Utilities,4938072
China Dili Group,China,Consumer Staples,10209
China Eastern Airlines Corp Ltd,China,Consumer Discretionary,6163
China Education Group Holdings Ltd,China,Consumer Discretionary,26331142
China Everbright Bank Co Ltd,China,Financials,4687643
China Everbright Environment Group Ltd,China,Utilities,2311509
China Everbright Ltd,China,Financials,5648975
China Fangda Group Co Ltd,China,Industrials,69
China Feihe Ltd,China,Consumer Staples,20126667
China Foods Ltd,China,Consumer Staples,1748602
China Galaxy Securities Co Ltd,China,Financials,70842801
China Gas Holdings Ltd,China,Utilities,402154
China Gold International Resources Corp Ltd,China,Basic Materials,51159056
China HK Power Smart Energy Group Ltd,China,Utilities,15
China Hongqiao Group Ltd,China,Basic Materials,136770566
China ITS Holdings Co Ltd,China,Industrials,5390
China International Capital Corp Ltd,China,Financials,45994466
China Jinmao Holdings Group Ltd,China,Real Estate,8925049
China Jushi Co Ltd,China,Basic Materials,79783887
China Lesso Group Holdings Ltd,China,Industrials,10144989
China Life Insurance Co Ltd,China,Financials,314984501
China Literature Ltd,China,Technology,27000610
China Longyuan Power Group Corp Ltd,China,Utilities,2601667
China Medical System Holdings Ltd,China,Health Care,79773162
China Mengniu Dairy Co Ltd,China,Consumer Staples,51867336
China Merchants Bank Co Ltd,China,Financials,540813095
China Merchants Port Holdings Co Ltd,China,Industrials,33905454
China Merchants Securities Co Ltd,China,Financials,12696619
China Minsheng Banking Corp Ltd,China,Financials,6495065
China Motor Corp,Taiwan,Consumer Discretionary,6764216
China National Accord Medicines Corp Ltd,China,Consumer Staples,1391918
China National Software & Service Co Ltd,China,Technology,51728349
China Oilfield Services Ltd,China,Energy,17460137
China Overseas Grand Oceans Group Ltd,China,Real Estate,1080243
China Overseas Land & Investment Ltd,China,Real Estate,66023620
China Overseas Property Holdings Ltd,China,Real Estate,10035927
China Pacific Insurance Group Co Ltd,China,Financials,347269114
China Petrochemical Development Corp,Taiwan,Basic Materials,2037
China Petroleum & Chemical Corp,China,Energy,205093020
China Railway Signal & Communication Corp Ltd,China,Industrials,4566639
China Reinsurance Group Corp,China,Financials,17235568
China Resources Beer Holdings Co Ltd,China,Consumer Staples,86395508
China Resources Beverage Holdings Co Ltd,China,Consumer Staples,5633393
China Resources Gas Group Ltd,China,Utilities,27979517
China Resources Land Ltd,China,Real Estate,127860912
China Resources Microelectronics Ltd,China,Technology,2271936
China Resources Mixc Lifestyle Services Ltd,China,Real Estate,86724445
China Resources Pharmaceutical Group Ltd,China,Health Care,15212046
China Resources Sanjiu Medical & Pharmaceutical Co Ltd,China,Health Care,1464824
China Risun Group Ltd,China,Basic Materials,581
China Ruyi Holdings Ltd,China,Consumer Discretionary,24943575
China Southern Airlines Co Ltd,China,Consumer Discretionary,4486
China Steel Chemical Corp,Taiwan,Basic Materials,3190705
China Steel Corp,Taiwan,Basic Materials,28922525
China Taiping Insurance Holdings Co Ltd,China,Financials,2247177
China Tourism Group Duty Free Corp Ltd,China,Consumer Discretionary,53351
China Travel International Investment Hong Kong Ltd,Hong Kong,Consumer Discretionary,5230902
China Vanke Co Ltd,China,Real Estate,11025149
China Water Affairs Group Ltd,China,Utilities,6681
China Yangtze Power Co Ltd,China,Utilities,11858263
China Yuhua Education Corp Ltd,China,Consumer Discretionary,5516338
China Zheshang Bank Co Ltd,China,Financials,7158373
Chinasoft International Ltd,China,Technology,14707203
ChipMOS Technologies Inc,Taiwan,Technology,12528375
Chipbond Technology Corp,Taiwan,Technology,18534628
Chipotle Mexican Grill Inc,United States,Consumer Discretionary,650155342
Chiyoda Corp,Japan,Industrials,5024419
Chocoladefabriken Lindt & Spruengli AG,Switzerland,Consumer Staples,586784298
Chofu Seisakusho Co Ltd,Japan,Consumer Discretionary,1554459
Choice Hotels International Inc,United States,Consumer Discretionary,28910267
Choice Properties Real Estate Investment Trust,Canada,Real Estate,36127616
Cholamandalam Financial Holdings Ltd,India,Financials,22441443
Cholamandalam Investment and Finance Co Ltd,India,Financials,169643979
Chong Hong Construction Co Ltd,Taiwan,Real Estate,11576268
Chong Kun Dang Pharmaceutical Corp,South Korea,Health Care,13402229
Chongqing Changan Automobile Co Ltd,China,Consumer Discretionary,9328883
Chongqing Rural Commercial Bank Co Ltd,China,Financials,6581018
Chorus Ltd,Australia,Telecommunications,29161753
Chow Sang Sang Holdings International Ltd,Hong Kong,Consumer Discretionary,8785379
Chow Tai Fook Jewellery Group Ltd,Hong Kong,Consumer Discretionary,54351087
Christian Dior SE,France,Consumer Discretionary,222512127
Chroma ATE Inc,Taiwan,Industrials,105085171
Chuangxin Industries Holdings Ltd,China,Basic Materials,34561285
Chubb Ltd,United States,Financials,1057742220
Chubu Electric Power Co Inc,Japan,Utilities,192076572
Chudenko Corp,Japan,Industrials,7563054
Chugai Pharmaceutical Co Ltd,Japan,Health Care,411471607
Chugin Financial Group Inc,Japan,Financials,41685150
Chugoku Marine Paints Ltd,Japan,Industrials,7381524
Chularat Hospital PCL,Thailand,Health Care,545242
Chunbo Co Ltd,South Korea,Basic Materials,4913
Chung Hung Steel Corp,Taiwan,Basic Materials,3643696
Chung-Hsin Electric & Machinery Manufacturing Corp,Taiwan,Industrials,67968603
Chunghwa Precision Test Tech Co Ltd,Taiwan,Technology,23707770
Chunghwa Telecom Co Ltd,Taiwan,Telecommunications,163879973
Church & Dwight Co Inc,United States,Consumer Staples,241367004
Churchill Downs Inc,United States,Consumer Discretionary,94704442
Cia Cervecerias Unidas SA,Chile,Consumer Staples,24412744
Cia Paranaense de Energia - Copel,Brazil,Utilities,80989255
Cia Sud Americana de Vapores SA,Chile,Industrials,5659587
Cia de Saneamento Basico do Estado de Sao Paulo SABESP,Brazil,Utilities,70596300
Cia de Saneamento de Minas Gerais Copasa MG,Brazil,Utilities,1147142
Cian PLC,Russia,Real Estate,106028
Cie Financiere Richemont SA,Switzerland,Consumer Discretionary,2433929198
Cie Financiere Tradition SA,Switzerland,Financials,11908191
Cie Generale des Etablissements Michelin SCA,France,Consumer Discretionary,435263650
Cie de Saint-Gobain SA,France,Industrials,917787071
Ciena Corp,United States,Telecommunications,148027549
Cigna Group/The,United States,Health Care,931576761
Cimsa Cimento Sanayi VE Ticaret AS,Türkiye,Industrials,956286
Cincinnati Financial Corp,United States,Financials,250754015
Cinda International Holdings Ltd,China,Financials,52172
Cint Group AB,Sweden,Technology,822955
Cintas Corp,United States,Industrials,798797234
Cipla Ltd/India,India,Health Care,249845839
Ciputra Development Tbk PT,Indonesia,Real Estate,24383250
Circle Internet Group Inc,United States,Financials,147410136
Cirrus Logic Inc,United States,Technology,75124971
Cirsa Enterprises SA,Spain,Consumer Discretionary,22777276
Cisarua Mountain Dairy PT TBK,Indonesia,Consumer Staples,8968778
Cisco Systems Inc,United States,Telecommunications,3925004953
Citaglobal Bhd,Malaysia,Industrials,1425618
Citigroup Inc,United States,Financials,2758335724
Citizen Watch Co Ltd,Japan,Consumer Discretionary,10853363
Citizens Financial Group Inc,United States,Financials,350820214
City Bank PLC,Bangladesh,Financials,10737996
City Developments Ltd,Singapore,Real Estate,43422470
City Union Bank Ltd,India,Financials,4777063
Civil Engineering PCL,Thailand,Industrials,266477
Clal Insurance Enterprises Holdings Ltd,Israel,Financials,5429354
Clariant AG,Switzerland,Basic Materials,43010701
Clarity Pharmaceuticals Ltd,Australia,Health Care,9091687
Clas Ohlson AB,Sweden,Consumer Discretionary,1618695
Classys Inc,South Korea,Health Care,6015146
Clean Harbors Inc,United States,Utilities,149754169
Clean Science & Technology Ltd,India,Basic Materials,24653223
Cleanaway Co Ltd,Taiwan,Utilities,14759842
Cleanaway Waste Management Ltd,Australia,Utilities,50368084
Cleanup Corp,Japan,Industrials,1249567
Clearwater Analytics Holdings Inc,United States,Financials,139465892
Clearway Energy Inc,United States,Utilities,29221394
Cleveland-Cliffs Inc,United States,Basic Materials,55109145
Clevo Co,Taiwan,Technology,6378870
Clicks Group Ltd,South Africa,Consumer Staples,974042
Clinuvel Pharmaceuticals Ltd,Australia,Health Care,4626873
Clipan Finance Indonesia Tbk PT,Indonesia,Financials,163214
Clorox Co/The,United States,Consumer Staples,129326675
Cloudflare Inc,United States,Technology,717515005
Co-Tech Development Corp,Taiwan,Technology,25284002
CoStar Group Inc,United States,Real Estate,398814157
Coast Entertainment Holdings Ltd,Australia,Consumer Discretionary,27168
Coats Group PLC,United Kingdom,Industrials,69725287
Cobram Estate Olives Ltd,Australia,Consumer Staples,10060133
Coca-Cola Bottlers Japan Holdings Inc,Japan,Consumer Staples,64583510
Coca-Cola Co/The,United States,Consumer Staples,3444462135
Coca-Cola Consolidated Inc,United States,Consumer Staples,220137727
Coca-Cola Embonor SA,Chile,Consumer Staples,1361088
Coca-Cola Europacific Partners PLC,United Kingdom,Consumer Staples,359230010
Coca-Cola Femsa SAB de CV,Mexico,Consumer Staples,73451194
Coca-Cola HBC AG,United Kingdom,Consumer Staples,201813696
Coca-Cola Icecek AS,Türkiye,Consumer Staples,58684253
Cochin Shipyard Ltd,India,Industrials,6590289
Cochlear Ltd,Australia,Health Care,178893047
Codan Ltd,Australia,Industrials,25231833
Coeur Mining Inc,United States,Basic Materials,144623070
Coface SA,France,Financials,40366861
Coffee Stain Group AB,Sweden,Consumer Discretionary,2086890
Cofinimmo SA,Belgium,Real Estate,97939614
Coforge Ltd,India,Technology,224956999
Cogent Biosciences Inc,United States,Health Care,26251056
Cogna Educacao SA,Brazil,Consumer Discretionary,36391902
Cognex Corp,United States,Industrials,84610532
Cognizant Technology Solutions Corp,United States,Technology,603924351
Cognor Holding SA,Poland,Basic Materials,5141781
Cohance Lifesciences Ltd,India,Health Care,6664392
Cohen & Steers Inc,United States,Financials,21287254
Coherent Corp,United States,Technology,396722879
Coinbase Global Inc,United States,Financials,653624427
Colbun SA,Chile,Utilities,24544881
Coles Group Ltd,Australia,Consumer Staples,296427548
Colgate-Palmolive Co,United States,Consumer Staples,819480308
Colgate-Palmolive India Ltd,India,Consumer Staples,17450846
Colliers International Group Inc,Canada,Real Estate,85000793
Collins Foods Ltd,Australia,Consumer Discretionary,18309190
Colonial SFL Socimi SA,Spain,Real Estate,50487720
Coloplast A/S,Denmark,Health Care,249610617
Colowide Co Ltd,Japan,Consumer Discretionary,2576582
Colruyt Group N.V,Belgium,Consumer Staples,16064600
Columbia Banking System Inc,United States,Financials,103604892
Columbia Sportswear Co,United States,Consumer Discretionary,5513628
Com7 PCL,Thailand,Consumer Discretionary,51118704
Comcast Corp,United States,Telecommunications,2366015134
Comer Industries SpA,Italy,Industrials,5486151
Comerica Inc,United States,Financials,138674561
Comet Holding AG,Switzerland,Technology,46477375
Comforia Residential REIT Inc,Japan,Real Estate,11353191
Comfort Systems USA Inc,United States,Industrials,416586124
ComfortDelGro Corp Ltd,Singapore,Industrials,41961678
Commerce Bancshares Inc/MO,United States,Financials,85282430
Commercial Bank PSQC/The,Qatar,Financials,40952362
Commercial Bank of Ceylon PLC,Sri Lanka,Financials,15540323
Commercial International Bank - Egypt (CIB),Egypt,Financials,26580797
Commercial Metals Co,United States,Basic Materials,97983056
Commerzbank AG,Germany,Financials,395849937
Commonwealth Bank of Australia,Australia,Financials,2179223693
Community Financial System Inc,United States,Financials,38992799
Commvault Systems Inc,United States,Technology,5728325
Compal Electronics Inc,Taiwan,Technology,5189491
Compass Group PLC,United Kingdom,Consumer Discretionary,1043047243
Compass Inc,United States,Real Estate,10928101
Compeq Manufacturing Co Ltd,Taiwan,Technology,70780913
Computacenter PLC,United Kingdom,Technology,44372744
Computer Age Management Services Ltd,India,Industrials,25050385
Computer Engineering & Consulting Ltd,Japan,Technology,9216799
Computershare Ltd,Australia,Financials,151643228
Comture Corp,Japan,Technology,4909
Conagra Brands Inc,United States,Consumer Staples,148044589
Concentra Group Holdings Parent Inc,United States,Health Care,36845821
Concentradora Fibra Danhos SA de CV,Mexico,Real Estate,23640535
Concentrix Corp,United States,Technology,24749081
Concord Biotech Ltd,India,Health Care,46832058
Confluent Inc,United States,Technology,180942824
Consolidated Edison Inc,United States,Utilities,457011346
Constellation Brands Inc,United States,Consumer Staples,251432652
Constellation Energy Corp,United States,Utilities,1416747296
Constellation Software Inc/Canada,Canada,Technology,776883304
Construtora Tenda S/A,Brazil,Consumer Discretionary,26622637
Consun Pharmaceutical Group Ltd,China,Health Care,9174824
Contact Energy Ltd,New Zealand,Utilities,73844569
Container Corp Of India Ltd,India,Industrials,90546250
Contemporary Amperex Technology Co Ltd,China,Industrials,1139966921
Continental AG,Germany,Consumer Discretionary,220164848
Continental Holdings Corp,Taiwan,Industrials,579138
Controladora Vuela Cia de Aviacion SAB de CV,Mexico,Consumer Discretionary,46812220
Convatec Group PLC,United Kingdom,Health Care,120410085
Converge Information and Communications Technology Solutions Inc,Philippines,Telecommunications,5297453
Convoy Global Holdings Ltd,Hong Kong,Financials,485882
Cooper Cos Inc/The,United States,Health Care,24502844
Copa Holdings SA,Panama,Consumer Discretionary,8442700
Copart Inc,United States,Consumer Discretionary,439930547
Copperwired PCL,Thailand,Consumer Discretionary,648894
CorVel Corp,United States,Health Care,23133057
Coraza Integrated Technology Bhd,Malaysia,Basic Materials,1420022
Corcept Therapeutics Inc,United States,Health Care,27369643
Core & Main Inc,United States,Industrials,107865710
CoreWeave Inc,United States,Technology,41370529
Corebridge Financial Inc,United States,Financials,577304700
Corem Property Group AB,Sweden,Real Estate,1336097
Coretronic Corp,Taiwan,Technology,66440
Corning Inc,United States,Technology,851118487
Coromandel International Ltd,India,Basic Materials,32485006
Coronado Global Resources Inc,Australia,Energy,484533
Corp ACCIONA Energias Renovables SA,Spain,Utilities,23104036
Corp Inmobiliaria Vesta SAB de CV,Mexico,Real Estate,135304435
Corpay Inc,United States,Industrials,255550960
Corporate Travel Management Ltd,Australia,Consumer Discretionary,2955476
Corporativo Fragua SAB de CV,Mexico,Consumer Staples,100614374
Corteva Inc,United States,Consumer Staples,495038067
Cosan SA,Brazil,Energy,115277538
Cosmax Inc,South Korea,Consumer Discretionary,56737420
Cosmecca Korea Co Ltd,South Korea,Consumer Discretionary,14061890
Cosmo Energy Holdings Co Ltd,Japan,Energy,50953778
CosmoAM&T Co Ltd,South Korea,Consumer Discretionary,363822
Cosmochemical Co Ltd,South Korea,Basic Materials,168917
Cosmos Pharmaceutical Corp,Japan,Consumer Staples,56621030
Costco Wholesale Corp,United States,Consumer Discretionary,4891671079
Coty Inc,United States,Consumer Discretionary,41866979
Country Garden Holdings Co Ltd,China,Real Estate,33
Country Garden Services Holdings Co Ltd,China,Real Estate,13858596
Coupang Inc,United States,Consumer Discretionary,518199053
Coursera Inc,United States,Consumer Discretionary,10594492
Cousins Properties Inc,United States,Real Estate,53552846
Covestro AG,Germany,Basic Materials,93692327
Covivio SA/France,France,Real Estate,75194338
Coway Co Ltd,South Korea,Consumer Discretionary,24403303
Cowell e Holdings Inc,Hong Kong,Consumer Discretionary,38803885
Craftsman Automation Ltd,India,Consumer Discretionary,10912011
Crane Co,United States,Industrials,197143498
Crane NXT Co,United States,Industrials,30057066
Cranswick PLC,United Kingdom,Consumer Staples,65154929
Create Restaurants Holdings Inc,Japan,Consumer Discretionary,6754757
Create SD Holdings Co Ltd,Japan,Consumer Staples,3371004
Creative & Innovative System,South Korea,Industrials,149240
Credicorp Ltd,United States,Financials,224709520
Credit Agricole SA,France,Financials,59486039
Credit Clear Ltd,Australia,Industrials,2585143
Credit Corp Group Ltd,Australia,Financials,7696582
Credit Saison Co Ltd,Japan,Industrials,52482803
CreditAccess Grameen Ltd,India,Financials,5910008
Credito Emiliano SpA,Italy,Financials,22015729
Credo Technology Group Holding Ltd,United States,Technology,28376979
Creepy Jar SA,Poland,Consumer Discretionary,1991433
Creotech Instruments SA,Poland,Industrials,9142857
Crest Group Bhd,Malaysia,Industrials,1138492
Crest Nicholson Holdings plc,United Kingdom,Consumer Discretionary,2271843
Crinetics Pharmaceuticals Inc,United States,Health Care,12342174
Crocs Inc,United States,Consumer Discretionary,97413266
Croda International PLC,United Kingdom,Basic Materials,465652680
Crompton Greaves Consumer Electricals Ltd,India,Consumer Discretionary,74530297
Cromwell Property Group,Australia,Real Estate,6385461
Crowdstrike Holdings Inc,United States,Technology,1485814978
Crown Castle Inc,United States,Real Estate,500676161
Crown Holdings Inc,United States,Industrials,153958273
Cub Elecparts Inc,Taiwan,Consumer Discretionary,6306574
CubeSmart,United States,Real Estate,395968117
Cuckoo Holdings Co Ltd,South Korea,Consumer Discretionary,650842
Cuckoo Homesys Co Ltd,South Korea,Consumer Discretionary,7049920
Cuckoo International Mal bhd,Malaysia,Consumer Discretionary,4162736
Cullen/Frost Bankers Inc,United States,Financials,96057466
Cummins Inc,United States,Industrials,795057523
Cummins India Ltd,India,Industrials,98442068
Curro Holdings Ltd,South Africa,Consumer Discretionary,9832457
Curtiss-Wright Corp,United States,Industrials,286769000
Curves Holdings Co Ltd,Japan,Consumer Discretionary,1534596
Cury Construtora e Incorporadora SA,Brazil,Industrials,19734135
Cuscal Ltd,Australia,Industrials,1445487
Cyber Folks SA,Poland,Technology,22560701
CyberAgent Inc,Japan,Technology,80313658
CyberArk Software Ltd,United States,Technology,277281155
CyberPower Systems Inc,Taiwan,Industrials,5270588
Cyberoo SpA,Italy,Technology,1524497
Cybozu Inc,Japan,Technology,2501703
Cyclopharm Ltd,Australia,Health Care,1412281
Cydsa SAB de CV,Mexico,Basic Materials,20345924
Cyfrowy Polsat SA,Poland,Telecommunications,12651
Cyient Ltd,India,Technology,11586980
Cypark Resources Bhd,Malaysia,Utilities,1173238
Cyrela Brazil Realty SA Empreendimentos e Participacoes,Brazil,Real Estate,29052135
Cytokinetics Inc,United States,Health Care,99079383
D&D PharmaTech Inc,South Korea,Health Care,2325923
D&L Industries Inc,Philippines,Consumer Staples,2277686
D&O Green Technologies Bhd,Malaysia,Technology,401836
D'Alba Global Co Ltd,South Korea,Consumer Discretionary,31863911
D'ieteren Group,Belgium,Consumer Discretionary,80101304
D2L Inc,Canada,Consumer Discretionary,772063
DAP Gayrimenkul Gelistirme AS,Türkiye,Industrials,640180
DB HiTek Co Ltd,South Korea,Technology,2149329
DB Insurance Co Ltd,South Korea,Financials,6169085
DBS Group Holdings Ltd,Singapore,Financials,1594242304
DCC PLC,United Kingdom,Industrials,72140366
DCM Holdings Co Ltd,Japan,Consumer Discretionary,10761109
DCM Shriram Ltd,India,Industrials,5290659
DENTSPLY SIRONA Inc,United States,Health Care,5551128
DFI Retail Group Holdings Ltd,Hong Kong,Consumer Staples,21057450
DIC Corp,Japan,Basic Materials,32556528
DKSH Holding AG,Switzerland,Industrials,48634844
DL Holdings Co Ltd,South Korea,Industrials,13025272
DMG Mori Co Ltd,Japan,Industrials,64182551
DO & CO AG,Austria,Consumer Discretionary,101358144
DPC Dash Ltd,China,Consumer Discretionary,9027707
DPM Metals Inc,Canada,Basic Materials,53422462
DR Horton Inc,United States,Consumer Discretionary,466832485
DRB-Hicom Bhd,Malaysia,Consumer Discretionary,4564390
DSM-Firmenich AG,Netherlands,Consumer Staples,290469525
DSV A/S,Denmark,Industrials,1700261619
DT Midstream Inc,United States,Energy,144593666
DTS Corp,Japan,Technology,6017282
DUG Technology Ltd,Australia,Technology,5932588
DWS Group GmbH & Co KGaA,Germany,Financials,43297634
DXC Technology Co,United States,Technology,1465
DXN Holdings Bhd,Malaysia,Consumer Staples,3855163
DY POWER Corp,United States,Industrials,2203721
DYPNF Co Ltd,South Korea,Industrials,1625180
DaVita Inc,United States,Health Care,45432412
Dabur India Ltd,India,Consumer Staples,20324273
Dadelo SA,Poland,Consumer Discretionary,1575364
Daeduck Co Ltd,South Korea,Technology,1026366
Daeduck Electronics Co Ltd / New,South Korea,Technology,1624003
Daejoo Electronic Materials Co Ltd,South Korea,Basic Materials,9394720
Daesang Corp,South Korea,Consumer Staples,12777089
Daetwyler Holding AG,Switzerland,Industrials,34635292
Daewon San Up Co Ltd,South Korea,Consumer Discretionary,16543
Daewoong Co Ltd,South Korea,Health Care,319741
Daewoong Pharmaceutical Co Ltd,South Korea,Health Care,34439906
Dagang NeXchange Bhd,Malaysia,Technology,7264047
Dah Sing Banking Group Ltd,Hong Kong,Financials,6588826
Dah Sing Financial Holdings Ltd,Hong Kong,Financials,10530084
Dai Nippon Printing Co Ltd,Japan,Industrials,117681970
Dai-Dan Co Ltd,Japan,Industrials,30390612
Dai-ichi Life Holdings Inc,Japan,Financials,456140126
Daicel Corp,Japan,Industrials,53890039
Daido Steel Co Ltd,Japan,Basic Materials,24269296
Daiei Kankyo Co Ltd,Japan,Utilities,38315873
Daifuku Co Ltd,Japan,Industrials,215322805
Daihen Corp,Japan,Industrials,41024869
Daiho Corp,Japan,Industrials,1269787
Daiichi Sankyo Co Ltd,Japan,Health Care,559904209
Daiichikosho Co Ltd,Japan,Consumer Discretionary,4333303
Daikin Industries Ltd,Japan,Industrials,607932265
Daikoku Denki Co Ltd,Japan,Consumer Discretionary,3751930
Daikokutenbussan Co Ltd,Japan,Consumer Staples,1269023
Daimler Truck Holding AG,Germany,Industrials,158065488
Daiseki Co Ltd,Japan,Utilities,5451084
Daishi Hokuetsu Financial Group Inc,Japan,Financials,15048642
Daishin Securities Co Ltd,South Korea,Financials,5536296
Daito Trust Construction Co Ltd,Japan,Real Estate,93249135
Daiwa House Industry Co Ltd,Japan,Consumer Discretionary,323486252
Daiwa House Logistics Trust,Singapore,Real Estate,3110136
Daiwa House REIT Investment Corp,Japan,Real Estate,67490234
Daiwa Industries Ltd,Japan,Industrials,5445318
Daiwa Office Investment Corp,Japan,Real Estate,21068238
Daiwa Securities Group Inc,Japan,Financials,98412620
Daiwa Securities Living Investments Corp,Japan,Real Estate,24108443
Daiwabo Holdings Co Ltd,Japan,Technology,11203994
Dajin Heavy Industry Co Ltd,China,Energy,26604145
Dalmia Bharat Ltd,India,Industrials,18288640
Dalrymple Bay Infrastructure Ltd,Australia,Industrials,14449760
Damai Entertainment Holdings Ltd,China,Consumer Discretionary,15862016
Dana Gas PJSC,United Arab Emirates,Energy,21807892
Danaher Corp,United States,Health Care,2231714983
Danieli & C Officine Meccaniche SpA,Italy,Industrials,46577773
Danone SA,France,Consumer Staples,1317797238
Danske Bank A/S,Denmark,Financials,1163513062
Daou Data Corp,South Korea,Financials,3984991
Daou Technology Inc,South Korea,Financials,6519939
Darden Restaurants Inc,United States,Consumer Discretionary,89187133
Darling Ingredients Inc,United States,Consumer Staples,53653068
Dassault Aviation SA,France,Industrials,111404060
Dassault Systemes SE,France,Technology,202351491
Dat Xanh Group JSC,Vietnam,Real Estate,9874561
Dat Xanh Real Estate Services JSC,Vietnam,Real Estate,2125666
Data Patterns India Ltd,India,Industrials,8077200
Data#3 Ltd,Australia,Technology,11010760
DataTec Ltd,South Africa,Technology,21719009
Datadog Inc,United States,Technology,403584730
Datalogic SpA,Italy,Industrials,3255158
Davide Campari-Milano NV,Italy,Consumer Staples,80008656
Davivienda Group SA,Colombia,Financials,2481031
Dayamitra Telekomunikasi PT,Indonesia,Telecommunications,2925190
Dayang Enterprise Holdings Bhd,Malaysia,Energy,3796586
Dayforce Inc,United States,Technology,141340079
De' Longhi SpA,Italy,Consumer Discretionary,98989629
DeNA Co Ltd,Japan,Consumer Discretionary,7128081
Deckers Outdoor Corp,United States,Consumer Discretionary,222571611
Deep Source Holdings Ltd,Hong Kong,Basic Materials,899
Deep Yellow Ltd,Australia,Energy,736
Deepak Fertilisers & Petrochemicals Corp Ltd,India,Basic Materials,10071610
Deepak Nitrite Ltd,India,Basic Materials,13524999
Deere & Co,United States,Industrials,1581887674
Definity Financial Corp,Canada,Financials,70948006
Delek US Holdings Inc,United States,Energy,40931986
Delhivery Ltd,India,Industrials,26136643
Delivery Hero SE,Germany,Consumer Discretionary,144761985
Dell Technologies Inc,United States,Technology,496676408
Delpha Construction Co Ltd,Taiwan,Real Estate,5306456
Delta Air Lines Inc,United States,Consumer Discretionary,104752291
Delta Electronics Inc,Taiwan,Industrials,1001677014
Delta Electronics Thailand PCL,Thailand,Technology,83497422
Delton Technology Guangzhou Inc,China,Technology,1151950
Demant A/S,Denmark,Health Care,34047390
Deme Group NV,Belgium,Industrials,23089610
Denali Therapeutics Inc,United States,Health Care,84524959
Denso Corp,Japan,Consumer Discretionary,390448966
Dentsu Group Inc,Japan,Consumer Discretionary,6512364
Dentsu Soken Inc,Japan,Technology,20379754
Depo Auto Parts Ind Co Ltd,Taiwan,Consumer Discretionary,3960281
Dermapharm Holding SE,Germany,Health Care,13694359
Derwent London PLC,United Kingdom,Real Estate,146047651
Descartes Systems Group Inc/The,Canada,Technology,98989625
Desktop SA,Brazil,Telecommunications,10389819
Destek Finans Faktoring AS,Türkiye,Financials,5285121
Deterra Royalties Ltd,Australia,Basic Materials,16735541
Deutsche Bank AG,Germany,Financials,518720324
Deutsche Boerse AG,Germany,Financials,1196518412
Deutsche EuroShop AG,Germany,Real Estate,4590702
Deutsche Lufthansa AG,Germany,Consumer Discretionary,29776187
Deutsche Post AG,Germany,Industrials,889822520
Deutsche Telekom AG,Germany,Telecommunications,2248096891
Deutsche Wohnen SE,Germany,Real Estate,28808355
Devsisters Co Ltd,South Korea,Consumer Discretionary,6706300
Devyani International Ltd,India,Consumer Discretionary,342021
Dexcom Inc,United States,Health Care,350131351
Dexelance SpA,Italy,Consumer Discretionary,3124232
Dexerials Corp,Japan,Technology,49437499
Dexus,Australia,Real Estate,64362689
Dexus Industria REIT,Australia,Real Estate,11872295
Dharma Satya Nusantara Tbk PT,Indonesia,Consumer Staples,2406565
DiDi Global Inc,China,Consumer Discretionary,30355765
DiaSorin SpA,Italy,Health Care,40670610
Diageo PLC,United Kingdom,Consumer Staples,965511453
Diagnostyka SA,Poland,Health Care,74198932
Dialight PLC,United Kingdom,Industrials,4377964
Dialog Axiata PLC,Sri Lanka,Telecommunications,8641017
Dialog Group Bhd,Malaysia,Energy,23242930
Diamond Trust Bank Kenya Ltd,Kenya,Financials,4483163
Dianthus Therapeutics Inc,United States,Health Care,11762776
Dick's Sporting Goods Inc,United States,Consumer Discretionary,199983355
Dicker Data Ltd,Australia,Technology,8511855
DigiCo Infrastructure REIT,Australia,Real Estate,30984716
Digital Arts Inc,Japan,Technology,2567865
Digital Core REIT Management Pte Ltd,Singapore,Real Estate,9919398
Digital Daesung Co Ltd,South Korea,Consumer Discretionary,1395086
Digital Domain Holdings Ltd,Hong Kong,Consumer Discretionary,11179377
Digital Garage Inc,Japan,Technology,3689255
Digital Realty Trust Inc,United States,Real Estate,3403082228
Dillard's Inc,United States,Consumer Discretionary,22119283
Dimand SA,Greece,Real Estate,6425532
Dino Polska SA,Poland,Consumer Staples,126418654
Diploma PLC,United Kingdom,Industrials,287922202
Dipula Properties Ltd,South Africa,Real Estate,2464842
Direcional Engenharia SA,Brazil,Consumer Discretionary,18637472
Dis-Chem Pharmacies Ltd,South Africa,Consumer Staples,3639130
Disc Medicine Inc,United States,Health Care,27053081
Disco Corp,Japan,Technology,531506142
Discovery Ltd,South Africa,Financials,51477497
Divi's Laboratories Ltd,India,Health Care,250538669
Dixon Technologies India Ltd,India,Consumer Discretionary,56963261
DocMorris AG,Switzerland,Consumer Staples,7449896
Docusign Inc,United States,Technology,187290760
Dogus Otomotiv Servis ve Ticaret AS,Türkiye,Consumer Discretionary,1005725
Doha Bank QPSC,Qatar,Financials,1165392
Dohome PCL,Thailand,Consumer Discretionary,1073319
Dolby Laboratories Inc,United States,Technology,52326135
Dollar General Corp,United States,Consumer Discretionary,204157110
Dollar Tree Inc,United States,Consumer Discretionary,203580935
Dollarama Inc,Canada,Consumer Discretionary,544166419
Dom Development SA,Poland,Real Estate,10667770
Dometic Group AB,Sweden,Consumer Discretionary,55746387
Dominion Energy Inc,United States,Utilities,670979008
Domino's Pizza Enterprises Ltd,Australia,Consumer Discretionary,47853704
Domino's Pizza Inc,United States,Consumer Discretionary,282378044
Doms Industries Ltd,India,Consumer Staples,4480954
Donaldson Co Inc,United States,Industrials,117835967
Dong-A Socio Holdings Co Ltd,South Korea,Health Care,3246802
DongKook Pharmaceutical Co Ltd,South Korea,Health Care,20264299
Dongfang Electric Corp Ltd,China,Energy,11641292
Dongfeng Motor Group Co Ltd,China,Consumer Discretionary,27124885
Dongjin Semichem Co Ltd,South Korea,Basic Materials,22345471
Dongsuh Cos Inc,South Korea,Consumer Staples,753041
Dongsung Pharmaceutical Co Ltd,South Korea,Health Care,795
Dongwon Industries Co Ltd,South Korea,Consumer Staples,9401621
Dongyue Group Ltd,China,Basic Materials,110297552
DoorDash Inc,United States,Technology,1130345600
Doosan Bobcat Inc,South Korea,Industrials,12163643
Doosan Co Ltd,South Korea,Industrials,14032778
Doosan Enerbility Co Ltd,South Korea,Industrials,474857100
Doosan Fuel Cell Co Ltd,South Korea,Energy,1300118
Doosan Robotics Inc,South Korea,Industrials,1250772
Doosan Tesna Inc,South Korea,Technology,15880046
Dorman Products Inc,United States,Consumer Discretionary,21656309
Dottikon Es Holding AG,Switzerland,Basic Materials,20810586
DoubleUGames Co Ltd,South Korea,Consumer Discretionary,3574425
Douglas AG,Germany,Consumer Discretionary,24199439
Doutor Nichires Holdings Co Ltd,Japan,Consumer Discretionary,2613879
Douzone Bizon Co Ltd,South Korea,Technology,72626331
Dover Corp,United States,Industrials,270517320
Dow Inc,United States,Industrials,238983837
Dowa Holdings Co Ltd,Japan,Basic Materials,44096565
Downer EDI Ltd,Australia,Industrials,46184983
Doximity Inc,United States,Health Care,2048791
Dr Ing hc F Porsche AG,Germany,Consumer Discretionary,331570145
Dr Lal PathLabs Ltd,India,Health Care,12270065
Dr Reddy's Laboratories Ltd,India,Health Care,138103126
Draegerwerk AG & Co KGaA,Germany,Health Care,8855887
DraftKings Inc,United States,Consumer Discretionary,327205936
Drax Group PLC,United Kingdom,Utilities,46324419
Dream Industrial Real Estate Investment Trust,Canada,Real Estate,35021297
Dream International Ltd,Hong Kong,Consumer Discretionary,2118029
Dreamtech Co Ltd,South Korea,Technology,5249846
Dropbox Inc,United States,Technology,68452107
DuPont de Nemours Inc,United States,Industrials,105853514
Duality Biotherapeutics Inc,Hong Kong,Health Care,20998705
Dubai Electricity & Water Authority PJSC,United Arab Emirates,Utilities,243899491
Dubai Financial Market PJSC,United Arab Emirates,Financials,7811231
Dubai Islamic Bank PJSC,United Arab Emirates,Financials,6727460
Dubai Taxi Co PJSC,United Arab Emirates,Consumer Discretionary,29756932
Duc Giang Chemicals JSC,Vietnam,Basic Materials,1180909
Duerr AG,Germany,Industrials,26764073
Duk San Neolux Co Ltd,South Korea,Basic Materials,17711324
Dunelm Group PLC,United Kingdom,Consumer Discretionary,40869267
Duolingo Inc,United States,Consumer Discretionary,71912880
Duskin Co Ltd,Japan,Consumer Discretionary,5981866
Dutch Bros Inc,United States,Consumer Discretionary,91153519
DyDo Group Holdings Inc,Japan,Consumer Staples,1692231
Dycom Industries Inc,United States,Industrials,18252344
Dynapack International Technology Corp,Taiwan,Industrials,11572795
Dynatrace Inc,United States,Technology,12647479
Dynavox Group AB,Sweden,Technology,7745198
Dyno Nobel Ltd,Australia,Basic Materials,11830262
E Ink Holdings Inc,Taiwan,Technology,81716217
E-Finance for Digital & Financial Investments,Egypt,Industrials,7587120
E-MART Inc,South Korea,Consumer Discretionary,2004578
E.ON SE,Germany,Utilities,1306730669
E.Sun Financial Holding Co Ltd,Taiwan,Financials,203501056
E7 Group PJSC,United Arab Emirates,Industrials,16194244
EBOS Group Ltd,New Zealand,Health Care,50033759
ECOMATE HOLDINGS BHD,Malaysia,Consumer Discretionary,4411952
EDION Corp,Japan,Consumer Discretionary,6091559
EDP Renovaveis SA,Portugal,Utilities,81490277
EDP SA,Portugal,Utilities,348891030
EFG Holding S.A.E.,Egypt,Financials,1158457
EFG International AG,Switzerland,Financials,72755935
EG Industries Bhd,Malaysia,Technology,8573039
EHang Holdings Ltd,China,Industrials,7131013
EID Parry India Ltd,India,Consumer Staples,14484815
EIH Ltd,India,Consumer Discretionary,12188009
ELRIDGE ENERGY HOLDINGS Bhd,Malaysia,Energy,14684574
EM Systems Co Ltd,Japan,Technology,6839
EMCOR Group Inc,United States,Industrials,381191666
EMS-Chemie Holding AG,Switzerland,Basic Materials,105324359
EMSTEEL Building Materials PJSC,United Arab Emirates,Industrials,4132059
EN+ Group International PJSC,Russia,Basic Materials,2762045
ENEOS Holdings Inc,Japan,Energy,314198713
ENF Technology Co Ltd,South Korea,Basic Materials,7324437
ENN Energy Holdings Ltd,China,Utilities,78226939
ENN Natural Gas Co Ltd,China,Utilities,193227
EPAM Systems Inc,United States,Technology,149386613
EPL Ltd,India,Industrials,4737259
EPR Properties,United States,Real Estate,48097612
EQB Inc,Canada,Financials,17169154
EQT AB,Sweden,Financials,1313216186
EQT Holdings Ltd,Australia,Financials,3744621
ERG SpA,Italy,Utilities,14692582
ES-Con Japan Ltd,Japan,Real Estate,1888734
ESG Minerals Ltd,Australia,Basic Materials,51798
ESR Kendall Square REIT Co Ltd,South Korea,Real Estate,611835
ESR-REIT,Singapore,Real Estate,21441748
ESSA Industries Indonesia Tbk PT,Indonesia,Energy,7141264
EURO CREATIONS PCL,Thailand,Consumer Discretionary,178067
EVERGREEN Steel Corp,Taiwan,Basic Materials,2997565
EVN AG,Austria,Utilities,25215190
EVT Ltd,Australia,Consumer Discretionary,29526529
EXEO Group Inc,Japan,Industrials,54927849
EXOR NV,Netherlands,Financials,422858916
EZconn Corp,Taiwan,Telecommunications,56485416
Eagers Automotive Ltd,Australia,Consumer Discretionary,36722168
Eagle Industry Co Ltd,Japan,Industrials,2632888
Eagle Materials Inc,United States,Industrials,91757859
Eaglerise Electric & Electronic China Co Ltd,China,Industrials,18547913
Earth Corp,Japan,Consumer Staples,3135890
East African Breweries PLC,Kenya,Consumer Staples,43013153
East Buy Holding Ltd,China,Consumer Discretionary,9994311
East Japan Railway Co,Japan,Industrials,490703081
East Money Information Co Ltd,China,Financials,37155349
East West Bancorp Inc,United States,Financials,212116232
EastGroup Properties Inc,United States,Real Estate,274819428
Eastern & Oriental Bhd,Malaysia,Real Estate,3681086
Eastern Bankshares Inc,United States,Financials,50610383
Eastman Chemical Co,United States,Basic Materials,95595127
Eastroc Beverage Group Co Ltd,China,Consumer Staples,100399075
Eaton Corp PLC,United States,Industrials,1497532415
Ebara Corp,Japan,Industrials,185910441
Ebro Foods SA,Spain,Consumer Staples,15503013
Echo Marketing Inc,South Korea,Consumer Discretionary,5357821
EchoStar Corp,United States,Telecommunications,163652850
Eckert & Ziegler SE,Germany,Health Care,645429
Eclat Textile Co Ltd,Taiwan,Consumer Discretionary,31829045
Eco World Development Group Bhd,Malaysia,Real Estate,8106089
EcoRodovias Infraestrutura e Logistica SA,Brazil,Industrials,4300740
Ecolab Inc,United States,Basic Materials,829799205
Econocom Group SA/NV,Belgium,Technology,761965
Econpile Holdings Bhd,Malaysia,Industrials,1815163
Ecopro BM Co Ltd,South Korea,Industrials,3025625
Ecopro Co Ltd,South Korea,Basic Materials,2720187
Ecopro HN Co Ltd,South Korea,Industrials,105846
Ecopro Materials Co Ltd,South Korea,Basic Materials,347345
Edelweiss Financial Services Ltd,India,Financials,6339941
Edenred SE,France,Industrials,113849758
Edgewell Personal Care Co,United States,Consumer Staples,21312500
Edgewise Therapeutics Inc,United States,Health Care,1185040
Edison International,United States,Utilities,296227690
Edwards Lifesciences Corp,United States,Health Care,754248693
Efor Yatirim Sanayi Ticaret AS,Türkiye,Consumer Staples,15719487
Eicher Motors Ltd,India,Consumer Discretionary,117903215
Eiffage SA,France,Industrials,508769485
Eiken Chemical Co Ltd,Japan,Health Care,2977558
Einhell Germany AG,Germany,Consumer Discretionary,16790508
EirGenix Inc,Taiwan,Health Care,5027036
Eisai Co Ltd,Japan,Health Care,209010447
Eizo Corp,Japan,Technology,2755844
Ekachai Medical Care PCL,Thailand,Health Care,5398725
Ekovest BHD,Malaysia,Industrials,5925678
El Puerto de Liverpool SAB de CV,Mexico,Consumer Discretionary,60720316
El.En. SpA,Italy,Health Care,6413962
Elan Corp,Japan,Health Care,923
Elan Microelectronics Corp,Taiwan,Technology,17549575
Elanco Animal Health Inc,United States,Health Care,36520588
Elang Mahkota Teknologi Tbk PT,Indonesia,Consumer Discretionary,11376101
Elastic NV,United States,Technology,27233161
Elders Ltd,Australia,Consumer Staples,10018907
Elecom Co Ltd,Japan,Technology,2816227
Elecon Engineering Co Ltd,India,Industrials,8075130
Electrolux AB,Sweden,Consumer Discretionary,15148866
Electrolux Professional AB,Sweden,Industrials,32626522
Electronic Arts Inc,United States,Consumer Discretionary,241364404
Electronics Mart India Ltd,India,Consumer Discretionary,11406441
Electrosteel Castings Ltd,India,Basic Materials,5372985
Elekta AB,Sweden,Health Care,73707544
Element Fleet Management Corp,Canada,Industrials,119678005
Elevance Health Inc,United States,Health Care,1110745018
Elgi Equipments Ltd,India,Industrials,10363245
Eli Lilly & Co,United States,Health Care,11991836124
Elia Group SA/NV,Belgium,Utilities,112672868
Elis SA,France,Industrials,108181671
Elisa Oyj,Finland,Telecommunications,129927562
Elite Advanced Laser Corp,Taiwan,Technology,28455837
Elite Material Co Ltd,Taiwan,Technology,269393625
ElringKlinger AG,Germany,Consumer Discretionary,1918447
Emaar Development PJSC,United Arab Emirates,Real Estate,106970178
Emaar Properties PJSC,United Arab Emirates,Real Estate,503715563
Emami Ltd,India,Consumer Staples,17618359
Embark Early Education Ltd,Australia,Consumer Discretionary,284461
Embassy Developments Ltd,India,Real Estate,1
Embassy Office Parks REIT,India,Real Estate,81891625
Embotelladora Andina SA,Chile,Consumer Staples,27934755
Embracer Group AB,Sweden,Consumer Discretionary,19299700
Emerald Resources NL,Australia,Basic Materials,33846581
Emerson Electric Co,United States,Industrials,937358226
Emirates Central Cooling Systems Corp,United Arab Emirates,Industrials,84994012
Emirates Integrated Telecommunications Co PJSC,United Arab Emirates,Telecommunications,107189512
Emirates NBD Bank PJSC,United Arab Emirates,Financials,261694232
Emirates Telecommunications Group Co PJSC,United Arab Emirates,Telecommunications,101058783
Emlak Konut Gayrimenkul Yatirim Ortakligi AS,Türkiye,Real Estate,973189
Emmi AG,Switzerland,Consumer Staples,43698290
Emperor Capital Group Ltd,Hong Kong,Financials,27135
Empresa Nacional de Telecomunicaciones SA,Chile,Telecommunications,38650320
Empresas CMPC SA,Chile,Basic Materials,34989749
Empresas Copec SA,Chile,Energy,33081457
Enact Holdings Inc,United States,Financials,14433836
Enagas SA,Spain,Energy,13890566
Enav SpA,Italy,Industrials,24938726
Enbridge Inc,Canada,Energy,1175593131
Enchem Co Ltd,South Korea,Basic Materials,730016
Encompass Health Corp,United States,Health Care,132032428
Endeavour Group Ltd/Australia,Australia,Consumer Staples,57941139
Endeavour Mining PLC,United Kingdom,Basic Materials,200100740
Endesa SA,Spain,Utilities,97014837
Endurance Technologies Ltd,India,Consumer Discretionary,12849021
Enel Americas SA,Chile,Utilities,708093
Enel Generacion Chile SA,Chile,Utilities,15526998
Enel SpA,Italy,Utilities,1312809153
EnerSys,United States,Industrials,75794908
Energisa S/A,Brazil,Utilities,169148207
Energy Absolute PCL,Thailand,Utilities,434110
Energy One Ltd,Australia,Technology,2436251
EnergyO Solutions Invest AB,Russia,Financials,10748
Enero Group Ltd,Australia,Consumer Discretionary,1143577
Enerya Enerji AS,Türkiye,Utilities,875872
Eneva SA,Brazil,Utilities,84856352
Engie Brasil Energia SA,Brazil,Utilities,1083705
Engie SA,France,Utilities,1209001425
Engineers India Ltd,India,Industrials,7171954
Engtex Group Bhd,Malaysia,Basic Materials,1741745
Eni SpA,Italy,Energy,465888535
Enity Holding AB,Sweden,Financials,1130950
Enka Insaat ve Sanayi AS,Türkiye,Industrials,39380790
Enlight Renewable Energy Ltd,Israel,Utilities,17874220
Ennoconn Corp,Taiwan,Technology,12988492
Ennostar Inc,Taiwan,Technology,6839038
Enphase Energy Inc,United States,Energy,49263094
Enplas Corp,Japan,Technology,130390
Ensign Group Inc/The,United States,Health Care,122134233
Entain PLC,United Kingdom,Consumer Discretionary,97513299
Entegris Inc,United States,Technology,153192112
Entergy Corp,United States,Utilities,551678807
Enviri Corp,United States,Utilities,4855980
Envision Greenwise Holdings Ltd,Hong Kong,Industrials,825
Envista Holdings Corp,United States,Health Care,10565410
Enzychem Lifesciences Corp,South Korea,Health Care,76930
Eo Technics Co Ltd,South Korea,Technology,72690114
Eoflow Co Ltd,South Korea,Health Care,156511
Eoptolink Technology Inc Ltd,China,Telecommunications,23143978
Epb Group Bhd,Malaysia,Industrials,862494
Epiroc AB,Sweden,Industrials,428253557
Episil Technologies Inc,Taiwan,Technology,4868671
Equatorial Energia SA,Brazil,Utilities,314211331
Equatorial Para Distribuidora de Energia SA,Brazil,Utilities,6089883
Equifax Inc,United States,Industrials,278857705
Equinix Inc,United States,Real Estate,851045165
Equinox Gold Corp,Canada,Basic Materials,141563115
Equitable Holdings Inc,United States,Financials,534485285
Equitas Small Finance Bank Ltd,India,Financials,2546327
Equity Group Holdings PLC/Kenya,Kenya,Financials,50258875
Equity LifeStyle Properties Inc,United States,Real Estate,149396740
Equity Residential,United States,Real Estate,2196689823
Erajaya Swasembada Tbk PT,Indonesia,Consumer Discretionary,9018877
Erawan Group PCL/The,Thailand,Consumer Discretionary,5
Eregli Demir ve Celik Fabrikalari TAS,Türkiye,Basic Materials,49464588
Erie Indemnity Co,United States,Financials,2966828
Eris Lifesciences Ltd,India,Health Care,8298478
Eroad Ltd,New Zealand,Technology,2037127
Erste Group Bank AG,Austria,Financials,492892471
Esab Corp,United States,Industrials,85692368
Escorts Kubota Ltd,India,Industrials,14658626
Esentia Energy Development SAB de CV,Mexico,Energy,65701493
Espressif Systems Shanghai Co Ltd,China,Technology,31566279
Essent Group Ltd,United States,Financials,155516142
Essential Properties Realty Trust Inc,United States,Real Estate,74022284
Essential Utilities Inc,United States,Utilities,152254216
Essentra PLC,United Kingdom,Industrials,5046081
Essex Property Trust Inc,United States,Real Estate,227239772
EssilorLuxottica SA,France,Health Care,1926819594
Essity AB,Sweden,Consumer Staples,542154734
Estee Lauder Cos Inc/The,United States,Consumer Discretionary,404368112
Eternal Ltd,India,Technology,446443698
Eternal Materials Co Ltd,Taiwan,Basic Materials,10649577
Etsy Inc,United States,Consumer Discretionary,32510737
Eurazeo SE,France,Financials,26768424
Eureka Forbes Ltd,India,Consumer Discretionary,3707207
Eurobank SA,Greece,Financials,279284701
Eurofins Scientific SE,France,Health Care,123356582
Euronet Worldwide Inc,United States,Industrials,37373816
Euronext NV,France,Financials,411672047
Europen Endustri Insaat Sanayi VE Ticaret AS,Türkiye,Industrials,684442
Eurotelesites AG,Austria,Telecommunications,4613886
Eva Airways Corp,Taiwan,Consumer Discretionary,60975045
Eve Energy Co Ltd,China,Industrials,4396935
Ever Sunshine Services Group Ltd,China,Real Estate,173559
Everbright Securities Co Ltd,China,Financials,2739941
Evercore Inc,United States,Financials,161352334
Everest Group Ltd,United States,Financials,627280670
Everest Medicines Ltd,China,Health Care,230427
Evergrande Property Services Group Ltd,China,Real Estate,220
Evergreen Aviation Technologies Corp,Taiwan,Industrials,632708
Evergreen International Storage & Transport Corp,Taiwan,Industrials,9167212
Evergreen Max Cash Capital Bhd,Malaysia,Financials,304685
Everlight Electronics Co Ltd,Taiwan,Technology,11513493
Eversource Energy,United States,Utilities,301877220
Evolution AB,Sweden,Consumer Discretionary,21576259
Evolution Mining Ltd,Australia,Basic Materials,312862737
Evonik Industries AG,Germany,Basic Materials,80595567
Evotec SE,Germany,Health Care,1600188
Exact Sciences Corp,United States,Health Care,172544042
Exchange Income Corp,Canada,Consumer Discretionary,32434814
Exedy Corp,Japan,Consumer Discretionary,5361434
Exelixis Inc,United States,Health Care,71202755
Exelon Corp,United States,Utilities,552451683
Exide Industries Ltd,India,Industrials,81392843
ExlService Holdings Inc,United States,Industrials,13171339
Exosens SAS,France,Industrials,31756039
Exotic Food PCL,Thailand,Consumer Staples,1622762
Expedia Group Inc,United States,Consumer Discretionary,789539357
Expeditors International of Washington Inc,United States,Industrials,150130108
Experian PLC,United Kingdom,Industrials,761296711
Experience Co Ltd,Australia,Consumer Discretionary,1966316
Exponent Inc,United States,Industrials,42440824
Extra Space Storage Inc,United States,Real Estate,1213972695
Extreme Networks Inc,United States,Telecommunications,284782
Exxon Mobil Corp,United States,Energy,6743823756
Eyebright Medical Technology Beijing Co Ltd,China,Health Care,4997099
Ez Tec Empreendimentos e Participacoes S/A,Brazil,Real Estate,18008588
Ezaki Glico Co Ltd,Japan,Consumer Staples,24364809
Ezdan Holding Group QSC,Qatar,Real Estate,2899834
F&F Co Ltd / New,South Korea,Consumer Discretionary,83435049
F&G Annuities & Life Inc,United States,Financials,14422930
F-Secure Oyj,Finland,Technology,6350642
F5 Inc,United States,Technology,171637335
FACC AG,Austria,Industrials,673757
FANUC Corp,Japan,Industrials,603013111
FCC Co Ltd,Japan,Consumer Discretionary,7256920
FDJ UNITED,France,Consumer Discretionary,62799491
FDM Group Holdings PLC,United Kingdom,Industrials,5768272
FIBRA Macquarie Mexico,Mexico,Real Estate,18639966
FICA Empreendimentos Imobiliarios SA,Brazil,Real Estate,111205
FIT Hon Teng Ltd,Hong Kong,Industrials,18755117
FLEXium Interconnect Inc,Taiwan,Technology,7820857
FLSmidth & Co A/S,Denmark,Industrials,104253894
FMC Corp,United States,Basic Materials,42118835
FNB Corp/PA,United States,Financials,63975683
FOCI Fiber Optic Communications Inc,Taiwan,Telecommunications,20151812
FP Corp,Japan,Industrials,36377240
FP Partner Inc,Japan,Financials,517148
FPT Corp,Vietnam,Technology,13176882
FPT DIGITAL RETAIL JSC,Vietnam,Consumer Discretionary,4588314
FSN E-Commerce Ventures Ltd,India,Consumer Discretionary,72887649
FTAI Aviation Ltd,United States,Industrials,262393176
FTI Consulting Inc,United States,Industrials,66142472
FUCHS SE,Germany,Basic Materials,80416294
FUJI OIL CO LTD /Osaka,Japan,Consumer Staples,38336187
FUJIFILM Holdings Corp,Japan,Technology,431384470
FULLCAST Holdings Co Ltd,Japan,Industrials,57996
Fabege AB,Sweden,Real Estate,34938821
Fabrinet,United States,Technology,204146186
FactSet Research Systems Inc,United States,Financials,155871786
Faes Farma SA,Spain,Health Care,8158045
Fair Isaac Corp,United States,Industrials,438890024
Fairfax Financial Holdings Ltd,Canada,Financials,483991653
Falabella SA,Chile,Consumer Discretionary,50639467
Famous Brands Ltd,South Africa,Consumer Discretionary,4384098
Far EasTone Telecommunications Co Ltd,Taiwan,Telecommunications,38982194
Far East Consortium International Ltd,Hong Kong,Real Estate,1884
Far East Horizon Ltd,China,Financials,24275666
Far East Hospitality Trust,Singapore,Real Estate,8249920
Far Eastern Department Stores Ltd,Taiwan,Consumer Discretionary,6547842
Far Eastern International Bank,Taiwan,Financials,12411750
Far Eastern New Century Corp,Taiwan,Industrials,34625978
Faraday Technology Corp,Taiwan,Technology,22162726
Farglory Land Development Co Ltd,Taiwan,Real Estate,12433212
Fast Retailing Co Ltd,Japan,Consumer Discretionary,1022624527
Fastenal Co,United States,Basic Materials,600427548
Fastighets AB Balder,Sweden,Real Estate,105928461
Fattal Holdings 1998 Ltd,Israel,Consumer Discretionary,9552853
Fawry for Banking & Payment Technology Services SAE,Egypt,Industrials,41324138
FedEx Corp,United States,Industrials,744432949
Federal Bank Ltd,India,Financials,56521822
Federal Grid Co - Rosseti PJSC,Russia,Utilities,0
Federal Realty Investment Trust,United States,Real Estate,734177304
Federal Signal Corp,United States,Industrials,86132611
Fenerbahce Futbol AS,Türkiye,Consumer Discretionary,674176
Feng Hsin Steel Co Ltd,Taiwan,Basic Materials,7656794
Feng TAY Enterprise Co Ltd,Taiwan,Consumer Discretionary,33446662
Ferguson Enterprises Inc,United States,Industrials,467443076
Ferrari NV,Italy,Consumer Discretionary,793610753
Ferrexpo PLC,United Kingdom,Basic Materials,7595427
Ferronordic AB,Sweden,Industrials,741380
Ferrotec Corp,Japan,Technology,7865342
Ferrovial SE,Spain,Industrials,599557817
Fertiglobe plc,United Arab Emirates,Basic Materials,234178
Feytech Holdings Bhd,Malaysia,Consumer Discretionary,1417801
Fibra MTY SAPI de CV,Mexico,Real Estate,16537520
Fibra Uno Administracion SA de CV,Mexico,Real Estate,67749849
Fidelity National Financial Inc,United States,Financials,176746152
Fidelity National Information Services Inc,United States,Industrials,469647034
Fiducian Group Ltd,Australia,Financials,3171579
Fielmann Group AG,Germany,Consumer Discretionary,24231083
Fiera Milano SpA,Italy,Industrials,12341030
Fifth Third Bancorp,United States,Financials,643232313
Figma Inc,United States,Technology,40927475
Figure Technology Solutions Inc,United States,Technology,32672000
Filtronic PLC,United Kingdom,Telecommunications,3681789
FinVolution Group,China,Financials,3265795
Financial Partners Group Co Ltd,Japan,Financials,4321516
Financiere de Tubize SA,Belgium,Health Care,100877453
Fincantieri SpA,Italy,Industrials,43636272
Fine Foods & Pharmaceuticals NTM,Italy,Health Care,6264179
Fine Organic Industries Ltd,India,Basic Materials,3142081
FinecoBank Banca Fineco SpA,Italy,Financials,353897242
Finning International Inc,Canada,Industrials,94399796
Finolex Cables Ltd,India,Industrials,7282832
Finolex Industries Ltd,India,Industrials,5026365
Fire Rock Holdings Ltd,Hong Kong,Consumer Discretionary,62
Firefinch Ltd,Australia,Basic Materials,1688
Firefly Aerospace Inc,United States,Industrials,8053200
First Abu Dhabi Bank PJSC,United Arab Emirates,Financials,213334134
First American Financial Corp,United States,Financials,73788150
First BanCorp/Puerto Rico,United States,Financials,42138410
First Capital Real Estate Investment Trust,Canada,Real Estate,38538655
First Citizens BancShares Inc/NC,United States,Financials,243557091
First Financial Bankshares Inc,United States,Financials,51226990
First Financial Holding Co Ltd,Taiwan,Financials,121819971
First Hawaiian Inc,United States,Financials,40280914
First Horizon Corp,United States,Financials,153941884
First Industrial Realty Trust Inc,United States,Real Estate,314921029
First Interstate BancSystem Inc,United States,Financials,38029206
First Quantum Minerals Ltd,Canada,Basic Materials,399643570
First Solar Inc,United States,Energy,376091264
First Tractor Co Ltd,China,Industrials,6712918
FirstRand Ltd,South Africa,Financials,854321787
FirstService Corp,Canada,Real Estate,84394967
Firstsource Solutions Ltd,India,Industrials,10708680
Fiserv Inc,United States,Industrials,464156858
Fisher & Paykel Healthcare Corp Ltd,New Zealand,Health Care,203250091
Fitipower Integrated Technology Inc,Taiwan,Technology,15258288
Five Below Inc,United States,Consumer Discretionary,127464719
Five-Star Business Finance Ltd,India,Financials,23867546
Fixstars Corp,Japan,Technology,6940574
Flagstar Bank NA,United States,Financials,44045712
Flat Glass Group Co Ltd,China,Industrials,5724192
Fleetwood Ltd,Australia,Consumer Discretionary,4921071
Fletcher Building Ltd,New Zealand,Industrials,38130769
Fleury SA,Brazil,Health Care,1018579
Flex Ltd,United States,Technology,315037855
Flight Centre Travel Group Ltd,Australia,Consumer Discretionary,22624239
Floor & Decor Holdings Inc,United States,Consumer Discretionary,28910633
Flowers Foods Inc,United States,Consumer Staples,25033020
Flowserve Corp,United States,Industrials,113724366
Flughafen Zurich AG,Switzerland,Industrials,158113555
Fluidra SA,Spain,Industrials,45070807
Flutter Entertainment PLC,United States,Consumer Discretionary,712021524
Flywire Corp,United States,Industrials,1503254
Focus Media Information Technology Co Ltd,China,Consumer Discretionary,7969135
Fomento Economico Mexicano SAB de CV,Mexico,Consumer Staples,277134451
Food & Life Cos Ltd,Japan,Consumer Discretionary,89856483
Food Moments PCL,Thailand,Consumer Staples,1559394
Foodie Media Bhd,Malaysia,Technology,1147919
Foosung Co Ltd,South Korea,Basic Materials,277808
ForFarmers NV,Netherlands,Consumer Staples,1742261
Forbo Holding AG,Switzerland,Consumer Discretionary,22832664
Force Motors Ltd,India,Industrials,11536532
Ford Motor Co,United States,Consumer Discretionary,531955254
Ford Otomotiv Sanayi AS,Türkiye,Consumer Discretionary,50404746
FormFactor Inc,United States,Technology,1625485
Formosa International Hotels Corp,Taiwan,Consumer Discretionary,9280877
Formosa Petrochemical Corp,Taiwan,Energy,17211888
Formosa Sumco Technology Corp,Taiwan,Technology,1480050
Fortescue Ltd,Australia,Basic Materials,294577985
Forth Corp PCL,Thailand,Telecommunications,3516251
Forth Smart Service PCL,Thailand,Industrials,2478480
Fortinet Inc,United States,Technology,1125196183
Fortis Healthcare Ltd,India,Health Care,66816142
Fortis Inc/Canada,Canada,Utilities,330921790
Fortive Corp,United States,Industrials,461753583
Fortrea Holdings Inc,United States,Health Care,5675
Fortum Oyj,Finland,Utilities,148770576
Fortuna Mining Corp,Canada,Basic Materials,20474902
Fortune Brands Innovations Inc,United States,Industrials,83795755
Fortune Electric Co Ltd,Taiwan,Industrials,71998940
Fortune Real Estate Investment Trust,Hong Kong,Real Estate,5074299
Forus SA,Chile,Consumer Discretionary,18729196
Forvia SE,France,Consumer Discretionary,9599461
Foschini Group Ltd,South Africa,Consumer Discretionary,100763655
Foshan Haitian Flavouring & Food Co Ltd,China,Consumer Staples,8411701
Fositek Corp,Taiwan,Technology,61595933
Fossal SAA,Peru,Basic Materials,437
Fosun International Ltd,China,Industrials,24
Fourlis Holdings SA,Greece,Consumer Discretionary,1166931
Fox Corp,United States,Consumer Discretionary,303405871
Fox Wizel Ltd,Israel,Consumer Discretionary,10666415
Foxconn Industrial Internet Co Ltd,China,Telecommunications,37833658
Foxconn Technology Co Ltd,Taiwan,Technology,24114154
Foxsemicon Integrated Technology Inc,Taiwan,Technology,12691316
Framery Group Oyj,Finland,Consumer Discretionary,6374327
Franchi Umberto Marmi SpA,Italy,Industrials,306355
Franchise Brands plc,United Kingdom,Industrials,747637
Franco-Nevada Corp,Canada,Basic Materials,571279763
Franklin Electric Co Inc,United States,Industrials,48825287
Franklin Resources Inc,United States,Financials,64150551
Fraport AG Frankfurt Airport Services Worldwide,Germany,Industrials,51652409
Fraser & Neave Holdings Bhd,Malaysia,Consumer Staples,23377686
Frasers Centrepoint Trust,Singapore,Real Estate,40748486
Frasers Group PLC,United Kingdom,Consumer Discretionary,29751349
Frasers Logistics & Commercial Trust,Singapore,Real Estate,37801522
Frasers Property Ltd,Singapore,Real Estate,3298879
Freenet AG,Germany,Telecommunications,85419215
Freetrailer Group A/S,Denmark,Consumer Discretionary,5452945
Freightways Group Ltd,New Zealand,Industrials,21182042
Fresenius Medical Care AG,Germany,Health Care,206027230
Fresenius SE & Co KGaA,Germany,Health Care,482467582
Freshpet Inc,United States,Consumer Staples,31953703
Freshworks Inc,United States,Technology,47886144
Fresnillo PLC,United Kingdom,Basic Materials,221858980
Frontier Communications Parent Inc,United States,Telecommunications,216351429
Frontier Real Estate Investment Corp,Japan,Real Estate,25150850
Frontken Corp Bhd,Malaysia,Industrials,34229029
Fu Shou Yuan International Group Ltd,China,Consumer Discretionary,5488950
Fubon Financial Holding Co Ltd,Taiwan,Financials,379828661
Fugro NV,Netherlands,Industrials,23112606
Fuji Co Ltd/Ehime,Japan,Consumer Staples,2770481
Fuji Corp/Aichi,Japan,Industrials,34290371
Fuji Electric Co Ltd,Japan,Industrials,183087395
Fuji Kyuko Co Ltd,Japan,Consumer Discretionary,8206276
Fuji Media Holdings Inc,Japan,Consumer Discretionary,14445016
Fuji Seal International Inc,Japan,Industrials,4520144
Fujikura Ltd,Japan,Industrials,477264857
Fujimi Inc,Japan,Basic Materials,5307352
Fujio Food Group Inc,Japan,Consumer Discretionary,750174
Fujita Kanko Inc,Japan,Consumer Discretionary,3633547
Fujitec Co Ltd,Japan,Industrials,40742526
Fujitsu Ltd,Japan,Technology,834883740
Fujiya Co Ltd,Japan,Consumer Staples,1297285
Fukuda Corp,Japan,Industrials,3377511
Fukuda Denshi Co Ltd,Japan,Health Care,4374570
Fukui Computer Holdings Inc,Japan,Technology,1411765
Fukuoka Financial Group Inc,Japan,Financials,99519572
Fukuoka REIT Corp,Japan,Real Estate,7051572
Fukuyama Transporting Co Ltd,Japan,Industrials,21570203
Fulcrum Therapeutics Inc,United States,Health Care,19387817
Fulgent Sun International Holding Co Ltd,Taiwan,Consumer Discretionary,9175484
Full Truck Alliance Co Ltd,China,Industrials,411358532
Fulltech Fiber Glass Corp,Taiwan,Basic Materials,16417016
Fulton Financial Corp,United States,Financials,44270668
Funai Soken Holdings Inc,Japan,Industrials,3272247
Funding Circle Holdings PLC,United Kingdom,Financials,14925083
Furukawa Co Ltd,Japan,Industrials,14095104
Furukawa Electric Co Ltd,Japan,Industrials,75227214
Furuno Electric Co Ltd,Japan,Industrials,11332725
Fusheng Precision Co Ltd,Taiwan,Consumer Discretionary,12742270
Fushun Special Steel Co Ltd,China,Basic Materials,3551047
Fuso Chemical Co Ltd,Japan,Basic Materials,4779176
Futaba Industrial Co Ltd,Japan,Consumer Discretionary,2375280
Futu Holdings Ltd,China,Financials,43199710
Future Corp,Japan,Technology,15688086
Future PLC,United Kingdom,Consumer Discretionary,3309854
Fuyao Glass Industry Group Co Ltd,China,Industrials,53225948
Fuyo General Lease Co Ltd,Japan,Consumer Discretionary,26694904
G Mining Ventures Corp,Canada,Basic Materials,45638304
G R Infraprojects Ltd,India,Industrials,2247790
G-7 Holdings Inc,Japan,Consumer Staples,596290
G-III Apparel Group Ltd,United States,Consumer Discretionary,36200000
G-SMATT GLOBAL Co Ltd,South Korea,Technology,301
G-Tekt Corp,Japan,Consumer Discretionary,1595057
G8 Education Ltd,Australia,Consumer Discretionary,13213
GAMSUNG Corp Co Ltd,South Korea,Consumer Discretionary,15412102
GATX Corp,United States,Industrials,76852374
GCC SAB de CV,Mexico,Industrials,101483365
GCI Liberty Inc,United States,Telecommunications,45350
GCI Liberty Inc/DEL,United States,Telecommunications,9817
GDEX Bhd,Malaysia,Industrials,4250862
GDS Holdings Ltd,China,Technology,243836455
GE HealthCare Technologies Inc,United States,Health Care,511611397
GE Vernova Inc,United States,Industrials,2163659171
GE Vernova T&D India Ltd,India,Industrials,45420508
GEA Group AG,Germany,Industrials,208858988
GEK TERNA SA,Greece,Industrials,68600550
GEN Ilac VE Saglik Urunleri Sanayi VE Ticaret AS,Türkiye,Health Care,35164487
GF Securities Co Ltd,China,Financials,24635448
GFH FINANCIAL GROUP BSC,United Arab Emirates,Financials,1528362
GFL Environmental Inc,Canada,Utilities,147155977
GFPT PCL,Thailand,Consumer Staples,0
GHCL Ltd,India,Basic Materials,4920965
GI Innovation Inc,South Korea,Health Care,8326820
GLOBALFOUNDRIES Inc,United States,Technology,1891721
GLP J-Reit,Japan,Real Estate,73629718
GMM Pfaudler Ltd,India,Industrials,5258355
GMO Financial Holdings Inc,Japan,Financials,1386735
GMO Payment Gateway Inc,Japan,Industrials,64761986
GMO internet group Inc,Japan,Technology,27932119
GMR Airports Ltd,India,Industrials,32768083
GN Store Nord AS,Denmark,Health Care,59572
GOLFZON Co Ltd,South Korea,Consumer Discretionary,4677164
GOME Retail Holdings Ltd,China,Consumer Discretionary,1
GPS Participacoes e Empreendimentos SA,Brazil,Industrials,36574184
GPT Group/The,Australia,Real Estate,90476559
GQG Partners Inc,Australia,Financials,26690496
GRAIL Inc,United States,Health Care,1761014
GREE Holdings Inc,Japan,Consumer Discretionary,1118420
GS Holdings Corp,South Korea,Industrials,37538935
GS P&L Co Ltd,South Korea,Consumer Staples,26089973
GS Retail Co Ltd,South Korea,Consumer Staples,19802062
GS Yuasa Corp,Japan,Consumer Discretionary,90872731
GSK PLC,United Kingdom,Health Care,1546823368
GTPL Hathway Ltd,India,Telecommunications,3013064
GUR-Sel Turizm Tasimacilik VE Servis Ticaret AS,Türkiye,Consumer Discretionary,2273405
GWA Group Ltd,Australia,Industrials,2553751
GXO Logistics Inc,United States,Industrials,54702330
Gabriel India Ltd,India,Consumer Discretionary,6766952
Galapagos NV,Netherlands,Health Care,31409784
Galaxy Digital Inc,Canada,Financials,32086110
Galaxy Entertainment Group Ltd,Hong Kong,Consumer Discretionary,360825866
Galaxy Surfactants Ltd,India,Basic Materials,1890965
Galderma Group AG,Switzerland,Health Care,773825399
Galenica AG,Switzerland,Consumer Staples,100415499
Galilei Co Ltd,Japan,Industrials,3492378
Gallant Micro Machining Co Ltd,Taiwan,Technology,11065419
Galliford Try Holdings PLC,United Kingdom,Industrials,5541531
Galp Energia SGPS SA,Portugal,Energy,118197512
GameStop Corp,United States,Consumer Discretionary,79649910
Games Workshop Group PLC,United Kingdom,Consumer Discretionary,153899636
Gaming and Leisure Properties Inc,United States,Real Estate,165715570
Gamuda Bhd,Malaysia,Industrials,70268506
Ganfeng Lithium Group Co Ltd,China,Basic Materials,20022890
Gap Inc/The,United States,Consumer Discretionary,79306854
Garden Reach Shipbuilders & Engineers Ltd,India,Industrials,243161
Garmin Ltd,United States,Consumer Discretionary,437162238
Garofalo Health Care SpA,Italy,Health Care,6391487
Gartner Inc,United States,Technology,239998505
Garware Hi-Tech Films Ltd,India,Industrials,5919160
Gas Malaysia Bhd,Malaysia,Utilities,11134777
Gates Industrial Corp PLC,United States,Industrials,74842767
Gazprom Neft PJSC,Russia,Energy,4159300
Gazprom PJSC,Russia,Energy,18587238
Gaztransport Et Technigaz SA,France,Energy,143524769
Ge-Shen Corp Bhd,Malaysia,Basic Materials,4418433
Geberit AG,Switzerland,Industrials,485661602
Gecina SA,France,Real Estate,675001747
Geely Automobile Holdings Ltd,China,Consumer Discretionary,152869351
Gelex Group JSC,Vietnam,Industrials,6650575
GemVax & Kael Co Ltd,South Korea,Technology,942503
Gemadept Corp,Vietnam,Industrials,6202981
Gemdale Corp,China,Real Estate,406395
Gemini Space Station Inc,United States,Financials,992000
Gemlife Communities Group,Australia,Real Estate,14791581
Gen Digital Inc,United States,Technology,13743756
GeneDx Holdings Corp,United States,Health Care,5283037
Genenta Science S.P.A.,Italy,Health Care,337005
Generac Holdings Inc,United States,Industrials,124505946
General Electric Co,United States,Industrials,4155589298
General Insurance Corp of India,India,Financials,14677493
General Interface Solution GIS Holding Ltd,Taiwan,Industrials,4921206
General Mills Inc,United States,Consumer Staples,354212216
General Motors Co,United States,Consumer Discretionary,702186002
Generalfinance SpA,Italy,Financials,5947018
Generali,Italy,Financials,528485849
Generation Development Group Ltd,Australia,Financials,25087966
Genertec Universal Medical Group Co Ltd,China,Health Care,1603597
Genesis Energy Ltd,New Zealand,Utilities,7564413
Genesis Minerals Ltd,Australia,Basic Materials,74878034
Genetic Signatures Ltd,Australia,Health Care,1136006
Genius Electronic Optical Co Ltd,Taiwan,Technology,12671807
Genius Sports Ltd,United Kingdom,Consumer Discretionary,43191612
Genky DrugStores Co Ltd,Japan,Consumer Staples,2797308
Genmab A/S,Denmark,Health Care,294206639
Genpact Ltd,United States,Industrials,9478891
Genscript Biotech Corp,China,Health Care,78116032
Gentera SAB de CV,Mexico,Financials,119142710
Gentex Corp,United States,Consumer Discretionary,51608183
Genting Malaysia Bhd,Malaysia,Consumer Discretionary,19
Genting Singapore Ltd,Singapore,Consumer Discretionary,33849362
Gentrack Group Ltd,Australia,Technology,8245171
Genuine Parts Co,United States,Consumer Discretionary,218453441
Genus PLC,United Kingdom,Health Care,45597182
Genus Power Infrastructures Ltd,India,Industrials,3450336
Genworth Financial Inc,United States,Financials,45912421
Geo Holdings Corp,Japan,Consumer Discretionary,1803414
Georg Fischer AG,Switzerland,Industrials,94481527
George Weston Ltd,Canada,Consumer Staples,141728842
Georgia Capital PLC,United Kingdom,Financials,37606327
Gerdau SA,Brazil,Basic Materials,174171856
Gerresheimer AG,Germany,Health Care,14704433
Gestamp Automocion SA,Spain,Consumer Discretionary,10876615
Getac Holdings Corp,Taiwan,Technology,27294601
Getinge AB,Sweden,Health Care,135542171
Getlink SE,France,Industrials,52484914
Giant Biogene Holding Co ltd,China,Consumer Staples,54003497
Giant Manufacturing Co Ltd,Taiwan,Consumer Discretionary,12181395
Giant Network Group Co Ltd,China,Consumer Discretionary,378790015
Gibson Energy Inc,Canada,Energy,39392796
GigaDevice Semiconductor Inc,China,Technology,128588584
Gigabyte Technology Co Ltd,Taiwan,Technology,100082831
Gildan Activewear Inc,Canada,Consumer Discretionary,148880144
Gilead Sciences Inc,United States,Health Care,2459008877
Gillette India Ltd,India,Consumer Staples,5854161
Gimv NV,Belgium,Financials,26509533
Ginebra San Miguel Inc,Philippines,Consumer Staples,942426
Gitlab Inc,United States,Technology,70376106
Givaudan SA,Switzerland,Basic Materials,570953830
Glacier Bancorp Inc,United States,Financials,72074786
Glanbia PLC,Ireland,Consumer Staples,66968025
Gland Pharma Ltd,India,Health Care,42842872
Glaukos Corp,United States,Health Care,60535906
GlaxoSmithKline Pharmaceuticals Ltd,India,Health Care,12176727
Glenmark Pharmaceuticals Ltd,India,Health Care,223098628
Global Brands Manufacture Ltd,Taiwan,Technology,16784145
Global Data Centre Group,Australia,Financials,139785
Global Health Ltd/India,India,Health Care,113540426
Global Link Management KK,Japan,Real Estate,3130555
Global One Real Estate Investment Corp,Japan,Real Estate,6572413
Global PMX Co Ltd,Taiwan,Consumer Discretionary,4912398
Global Payments Inc,United States,Industrials,254827813
Global Ports Investments PLC,Russia,Industrials,189525
Global Power Synergy PCL,Thailand,Utilities,1278552
Global Tax Free Co Ltd,South Korea,Consumer Discretionary,3622513
Global Unichip Corp,Taiwan,Technology,214492477
Global-e Online Ltd,United States,Technology,65160531
Globaltrans Investment PLC,Russia,Industrials,322445
Globalwafers Co Ltd,Taiwan,Technology,77696981
Globalworth Real Estate Investments Ltd,Romania,Real Estate,1529268
Globant SA,United States,Technology,5601751
Globe Life Inc,United States,Financials,154036210
Globe Telecom Inc,Philippines,Telecommunications,61072842
Globus Medical Inc,United States,Health Care,89921704
Gloria Material Technology Corp,Taiwan,Basic Materials,8570574
Glory Ltd,Japan,Industrials,7342147
GnCenergy Co Ltd,South Korea,Industrials,3828528
Go Digit General Insurance Ltd,India,Financials,51284364
GoDaddy Inc,United States,Technology,212954161
GoTo Gojek Tokopedia Tbk PT,Indonesia,Technology,24507946
Godawari Power and Ispat Ltd,India,Basic Materials,7527626
Godrej Agrovet Ltd,India,Consumer Staples,3103433
Godrej Consumer Products Ltd,India,Consumer Staples,110870938
Godrej Industries Ltd,India,Industrials,4237365
Godrej Properties Ltd,India,Real Estate,37636630
GoerTek Inc,China,Industrials,3650136
Golar LNG Ltd,United States,Energy,37
Gold Circuit Electronics Ltd,Taiwan,Technology,169891172
Gold Fields Ltd,South Africa,Basic Materials,650082186
Goldcrest Co Ltd,Japan,Real Estate,2031444
Goldcup Electric Apparatus Co Ltd,China,Industrials,8375465
Golden Solar New Energy Technology Holdings Ltd,China,Consumer Discretionary,816
Goldman Sachs Group Inc/The,United States,Financials,2462575635
Goldsun Building Materials Co Ltd,Taiwan,Industrials,14515044
Goldwin Inc,Japan,Consumer Discretionary,25705272
Goodman Group,Australia,Real Estate,716145739
Goodman Property Trust,New Zealand,Real Estate,10830741
Goodyear Tire & Rubber Co/The,United States,Consumer Discretionary,4581366
Grab Holdings Ltd,United States,Consumer Discretionary,161483880
Graco Inc,United States,Industrials,157784053
Grafton Group PLC,United Kingdom,Industrials,47708761
GrainCorp Ltd,Australia,Consumer Staples,12761339
Grainger PLC,United Kingdom,Real Estate,164137913
Grainturk Tarim AS,Türkiye,Consumer Staples,557200
GrameenPhone Ltd,Bangladesh,Telecommunications,20357751
Grand Baoxin Auto Group Ltd,China,Consumer Discretionary,0
Grand Canyon Education Inc,United States,Consumer Discretionary,61918543
Grand City Properties SA,Germany,Real Estate,16754187
Grand Process Technology Corp,Taiwan,Technology,51088939
Granges AB,Sweden,Basic Materials,25851951
Granite Real Estate Investment Trust,Canada,Real Estate,47605918
Grape King Bio Ltd,Taiwan,Consumer Staples,17436753
Graphic Packaging Holding Co,United States,Industrials,52804878
Graphisoft Park SE,Hungary,Real Estate,407738
Graphite India Ltd,India,Industrials,4548026
Grasim Industries Ltd,India,Industrials,273144732
Gravita India Ltd,India,Basic Materials,5801985
Great Eastern Shipping Co Ltd/The,India,Industrials,38170881
Great Portland Estates PLC,United Kingdom,Real Estate,161966105
Great Tree Pharmacy Co Ltd,Taiwan,Consumer Staples,3443129
Great Wall Enterprise Co Ltd,Taiwan,Consumer Staples,10154134
Great Wall Motor Co Ltd,China,Consumer Discretionary,61335338
Great-West Lifeco Inc,Canada,Financials,180989949
Greatech Technology Bhd,Malaysia,Industrials,25287865
Greatek Electronics Inc,Taiwan,Technology,15607326
Greatland Resources Ltd,Australia,Basic Materials,51388357
Gree Electric Appliances Inc of Zhuhai,China,Consumer Discretionary,271
Green Cross Corp/South Korea,South Korea,Health Care,14952545
Green Cross Holdings Corp,South Korea,Health Care,10931615
Greentown China Holdings Ltd,China,Real Estate,14453192
Greentown Service Group Co Ltd,China,Real Estate,6918556
Greggs PLC,United Kingdom,Consumer Staples,28807672
Grendene SA,Brazil,Consumer Discretionary,519582
Griffon Corp,United States,Industrials,943236
Grifols SA,Spain,Health Care,57270655
Grindr Inc,United States,Technology,27080000
Grindwell Norton Ltd,India,Basic Materials,7876553
Group 1 Automotive Inc,United States,Consumer Discretionary,72756960
Groupe Bruxelles Lambert NV,Belgium,Financials,150273289
Groupe LDLC,France,Technology,4127366
Growthpoint Properties Australia Ltd,Australia,Real Estate,5234156
Growthpoint Properties Ltd,South Africa,Real Estate,51298791
Grupa Kety SA,Poland,Basic Materials,28076811
Grupo Aeromexico SAB de CV,Mexico,Consumer Discretionary,19858757
Grupo Aeroportuario del Centro Norte SAB de CV,Mexico,Industrials,101599234
Grupo Aeroportuario del Pacifico SAB de CV,Mexico,Industrials,3339691
Grupo Aeroportuario del Sureste SAB de CV,Mexico,Industrials,207638261
Grupo Argos SA/Colombia,Colombia,Industrials,1185681
Grupo Cibest SA,Colombia,Financials,174047538
Grupo Comercial Chedraui SA de CV,Mexico,Consumer Discretionary,34226490
Grupo Financiero Banorte SAB de CV,Mexico,Financials,230454154
Grupo Mateus SA,Brazil,Consumer Discretionary,16028531
Grupo Mexico SAB de CV,Mexico,Basic Materials,430456032
Grupo Pochteca SAB de CV,Mexico,Basic Materials,695891
Grupo Rotoplas SAB de CV,Mexico,Utilities,8913067
Grupo Televisa SAB,Mexico,Consumer Discretionary,23117733
Grupo Traxion SAB de CV,Mexico,Industrials,7231423
Grupo de Inversiones Suramericana SA,Colombia,Financials,889431
Gruvaktiebolaget Viscaria,Sweden,Basic Materials,2535688
Guan Chong Bhd,Malaysia,Consumer Staples,17915180
Guangdong Chj Industry Co Ltd,China,Consumer Discretionary,36173775
Guangdong Haid Group Co Ltd,China,Consumer Staples,106018311
Guangdong Investment Ltd,China,Utilities,650954
Guangdong Land Holdings Ltd,China,Real Estate,1
Guangdong Provincial Expressway Development Co Ltd,China,Industrials,4369627
Guangshen Railway Co Ltd,China,Industrials,4022821
Guangxi Liugong Machinery Co Ltd,China,Industrials,4095164
Guangzhou Automobile Group Co Ltd,China,Consumer Discretionary,103045
Guangzhou Baiyunshan Pharmaceutical Holdings Co Ltd,China,Health Care,340021
Guangzhou Tinci Materials Technology Co Ltd,China,Basic Materials,3407735
Guardant Health Inc,United States,Health Care,168001200
Gubre Fabrikalari TAS,Türkiye,Basic Materials,1135358
Gudeng Precision Industrial Co Ltd,Taiwan,Technology,22684215
Guidewire Software Inc,United States,Technology,47637561
Gujarat Gas Ltd,India,Utilities,9669970
Gujarat Narmada Valley Fertilizers & Chemicals Ltd,India,Basic Materials,4922431
Gujarat Pipavav Port Ltd,India,Industrials,35015981
Gujarat State Fertilizers & Chemicals Ltd,India,Basic Materials,3648846
Gujarat State Petronet Ltd,India,Utilities,52257904
Gulf Bank KSCP,Kuwait,Financials,77785382
Gulf Development PCL,Thailand,Utilities,148804994
Guming Holdings Ltd,China,Consumer Discretionary,19616426
GungHo Online Entertainment Inc,Japan,Consumer Discretionary,3661577
Gunkul Engineering PCL,Thailand,Utilities,777704
Gunma Bank Ltd/The,Japan,Financials,106824006
Gunze Ltd,Japan,Consumer Discretionary,5007391
Guotai Haitong Securities Co Ltd,China,Financials,73730880
Guotai Junan International Holdings Ltd,Hong Kong,Financials,12128021
Guzman y Gomez Ltd,Australia,Consumer Discretionary,6463176
Gwangju Shinsegae Co Ltd,South Korea,Consumer Discretionary,1111809
H & M Hennes & Mauritz AB,Sweden,Consumer Discretionary,179296888
H Lundbeck A/S,Denmark,Health Care,40855735
H World Group Ltd,China,Consumer Discretionary,302998739
H&R Block Inc,United States,Consumer Discretionary,60328796
H.U. Group Holdings Inc,Japan,Health Care,7344989
H2O Retailing Corp,Japan,Consumer Discretionary,7053340
HA Sustainable Infrastructure Capital Inc,United States,Real Estate,46882560
HAESUNG DS Co Ltd,South Korea,Technology,9357
HAP Seng Consolidated Bhd,Malaysia,Industrials,5686999
HB Fuller Co,United States,Industrials,41057546
HBL Engineering Ltd,India,Industrials,11954725
HBM Holdings Ltd,Hong Kong,Health Care,14743229
HBX Group International PLC,Spain,Consumer Discretionary,17598481
HCA Healthcare Inc,United States,Health Care,1121686239
HCL Technologies Ltd,India,Technology,206775936
HD Hyundai Co Ltd,South Korea,Energy,10830294
HD Hyundai Construction Equipment Co Ltd,South Korea,Industrials,11194464
HD Hyundai Electric Co Ltd,South Korea,Industrials,304388778
HD Hyundai Heavy Industries Co Ltd,South Korea,Industrials,267108840
HD Hyundai Marine Solution Co Ltd,South Korea,Industrials,40237603
HD Korea Shipbuilding & Offshore Engineering Co Ltd,South Korea,Industrials,215868076
HD Renewable Energy Co Ltd,Taiwan,Energy,12859978
HD-Hyundai Marine Engine,South Korea,Industrials,27505213
HDB Financial Services Ltd,India,Financials,12052493
HDC Holdings Co Ltd,South Korea,Industrials,21036181
HDFC Asset Management Co Ltd,India,Financials,106892549
HDFC Bank Ltd,India,Financials,1789476167
HDFC Life Insurance Co Ltd,India,Financials,177931791
HEG Ltd,India,Industrials,5847446
HEICO Corp,United States,Industrials,378106851
HELLENiQ ENERGY Holdings S.A.,Greece,Energy,4586382
HERON NEUTRON MEDICAL CORP,Taiwan,Health Care,13368915
HF Sinclair Corp,United States,Energy,15908060
HFCL Ltd,India,Telecommunications,4908945
HI Mobility Bhd,Malaysia,Industrials,2710695
HIS Co Ltd,Japan,Consumer Discretionary,2516461
HK inno N Corp,South Korea,Health Care,7807679
HL Holdings Corp,South Korea,Consumer Discretionary,11093210
HL Mando Co Ltd,South Korea,Consumer Discretionary,1241153
HLB Inc,South Korea,Health Care,4298226
HLB Life Science CO LTD,South Korea,Health Care,118640
HMC Capital Ltd,Australia,Real Estate,14823607
HMM Co Ltd,South Korea,Industrials,2018323
HMS Networks AB,Sweden,Telecommunications,29592568
HOCHTIEF AG,Germany,Industrials,107157277
HP Inc,United States,Technology,66501767
HPSP Co Ltd,South Korea,Technology,2718324
HS Hyosung Advanced Materials Corp,South Korea,Basic Materials,81311
HS Hyosung Corp,South Korea,Industrials,2170
HS Industries Co Ltd,South Korea,Consumer Discretionary,3582934
HSBC Holdings PLC,United Kingdom,Financials,6629333159
HSS Engineers Bhd,Malaysia,Industrials,95242
HTC Corp,Taiwan,Telecommunications,2278
HUB24 Ltd,Australia,Financials,68303662
HUGO BOSS AG,Germany,Consumer Discretionary,62814620
HUMAN MADE Inc,Japan,Consumer Discretionary,9367125
HUTCHMED China Ltd,Hong Kong,Health Care,23325608
HYBE Co Ltd,South Korea,Consumer Discretionary,88627295
Hachijuni Bank Ltd/The,Japan,Financials,96576687
Haci Omer Sabanci Holding AS,Türkiye,Financials,12866707
Hacksaw AB,Sweden,Consumer Discretionary,13763180
Haemonetics Corp,United States,Health Care,8176903
Haidilao International Holding Ltd,China,Consumer Discretionary,20636732
Haier Smart Home Co Ltd,China,Consumer Discretionary,85346170
Hainan Drinda New Energy Technology Co Ltd,China,Energy,1485903
Hainan Jinpan Smart Technology Co Ltd,China,Industrials,1617848
Haitian International Holdings Ltd,China,Industrials,62351615
Hakuhodo DY Holdings Inc,Japan,Consumer Discretionary,28856060
Hakuto Co Ltd,Japan,Technology,2542671
Haleon PLC,United Kingdom,Health Care,809844581
Halfords Group PLC,United Kingdom,Consumer Discretionary,6361395
Halliburton Co,United States,Energy,126014025
Halma PLC,United Kingdom,Industrials,361019277
Halows Co Ltd,Japan,Consumer Staples,1887279
Halozyme Therapeutics Inc,United States,Health Care,36061696
Hamakyorex Co Ltd,Japan,Industrials,3922148
Hamamatsu Photonics KK,Japan,Technology,51174165
Hamilton Lane Inc,United States,Financials,68657123
Hammerson PLC,United Kingdom,Real Estate,43256561
Han Kuk Carbon Co Ltd,South Korea,Basic Materials,5579902
Han's Laser Technology Industry Group Co Ltd,China,Industrials,8527807
Hana Financial Group Inc,South Korea,Financials,255514667
Hana Microelectronics PCL,Thailand,Technology,1137013
Hana Micron Inc,South Korea,Technology,335105
Hana Tour Service Inc,South Korea,Consumer Discretionary,6627198
Hanall Biopharma Co Ltd,South Korea,Health Care,1545031
Hancock & Gore Ltd,Australia,Financials,2414752
Hancock Whitney Corp,United States,Financials,67568747
Hang Lung Group Ltd,Hong Kong,Real Estate,29942205
Hang Lung Properties Ltd,Hong Kong,Real Estate,37051990
Hang Seng Bank Ltd,Hong Kong,Financials,162645413
Hangcha Group Co Ltd,China,Industrials,6090436
Hangzhou GreatStar Industrial Co Ltd,China,Industrials,307469
Hangzhou Hirisun Technology Inc,China,Technology,7325369
Hangzhou Honghua Digital Technology Stock Co Ltd,China,Industrials,7063942
Hangzhou Oxygen Plant Group Co Ltd,China,Basic Materials,3546339
Hangzhou Robam Appliances Co Ltd,China,Consumer Discretionary,10827736
Hangzhou SF Intra-City Industrial Co Ltd,China,Industrials,804702
Hangzhou Silan Microelectronics Co Ltd,China,Technology,1520821
Hangzhou Tigermed Consulting Co Ltd,China,Health Care,10947899
Hanil Cement Co Ltd/New,South Korea,Industrials,2046999
Hanil Holdings Co Ltd,South Korea,Industrials,3881101
Hanjin Kal Corp,South Korea,Consumer Discretionary,2559622
Hankook & Co Co Ltd,South Korea,Consumer Discretionary,11146829
Hankyu Hanshin Holdings Inc,Japan,Industrials,94230392
Hankyu Hanshin REIT Inc,Japan,Real Estate,5400281
Hanmi Pharm Co Ltd,South Korea,Health Care,70938789
Hanmi Science Co ltd,South Korea,Health Care,573286
Hanmi Semiconductor Co Ltd,South Korea,Technology,4598092
Hannover Rueck SE,Germany,Financials,383963020
Hannstar Board Corp,Taiwan,Technology,11907744
Hanon Systems,South Korea,Consumer Discretionary,258565
Hanover Insurance Group Inc/The,United States,Financials,83816677
Hansa Biopharma AB,Sweden,Health Care,958877
Hansae Co Ltd,South Korea,Consumer Discretionary,6985281
Hansen Technologies Ltd,Australia,Technology,13294474
Hansoh Pharmaceutical Group Co Ltd,China,Health Care,55579860
Hansol Chemical Co Ltd,South Korea,Basic Materials,68116237
Hanssem Co Ltd,South Korea,Consumer Discretionary,106297
Hanwa Co Ltd,Japan,Basic Materials,23548403
Hanwha Aerospace Co Ltd,South Korea,Industrials,413113077
Hanwha Engine,South Korea,Industrials,11879131
Hanwha Investment & Securities Co Ltd,South Korea,Financials,1956
Hanwha Life Insurance Co Ltd,South Korea,Financials,1072603
Hanwha Solutions Corp,South Korea,Energy,28025557
Hanwha Systems Co Ltd,South Korea,Industrials,10065633
Hanwha Vision Co Ltd,South Korea,Industrials,28640624
Hanyang Eng Co Ltd,South Korea,Industrials,861396
Hanza AB,Sweden,Industrials,16350501
Happiest Minds Technologies Ltd,India,Technology,872922
Happinet Corp,Japan,Consumer Discretionary,3295499
Hapvida Participacoes e Investimentos S/A,Brazil,Health Care,27574192
Harbin Electric Co Ltd,China,Industrials,15314941
Harel Insurance Investments & Financial Services Ltd,Israel,Financials,71852623
Harim Holdings Co Ltd,South Korea,Consumer Staples,3939184
Harley-Davidson Inc,United States,Consumer Discretionary,25548694
Harmonic Drive Systems Inc,Japan,Industrials,76043727
Harmony Gold Mining Co Ltd,South Africa,Basic Materials,152279419
Hartalega Holdings Bhd,Malaysia,Health Care,1563439
Hartford Insurance Group Inc/The,United States,Financials,519962118
Harvey Norman Holdings Ltd,Australia,Consumer Discretionary,36004431
Harvia Oyj,Finland,Consumer Discretionary,12595976
Hasbro Inc,United States,Consumer Discretionary,142523790
Haseko Corp,Japan,Consumer Discretionary,83086480
Hatton National Bank PLC,Sri Lanka,Financials,5771284
Havas NV,Netherlands,Consumer Discretionary,6979053
Havells India Ltd,India,Industrials,161302610
Hayleys Fabric PLC,Sri Lanka,Consumer Discretionary,1566327
Hayleys PLC,Sri Lanka,Industrials,306183
Hays PLC,United Kingdom,Industrials,24572458
Hazama Ando Corp,Japan,Industrials,13937507
HeadHunter Group PLC,Russia,Industrials,878964
Healius Ltd,Australia,Health Care,13132785
HealthEquity Inc,United States,Health Care,96755459
Healthcare Realty Trust Inc,United States,Real Estate,68900258
Healthpeak Properties Inc,United States,Real Estate,147534402
HeartFlow Inc,United States,Health Care,3843340
Heidelberg Materials AG,Germany,Industrials,875042989
Heilongjiang Agriculture Co Ltd,China,Consumer Staples,1881687
Heineken Holding NV,Netherlands,Consumer Staples,338393110
Heineken Malaysia Bhd,Malaysia,Consumer Staples,7548284
Heineken NV,Netherlands,Consumer Staples,335836564
Heiwa Corp,Japan,Consumer Discretionary,12457197
Heiwa Real Estate Co Ltd,Japan,Real Estate,3356452
Heiwa Real Estate REIT Inc,Japan,Real Estate,13856105
Heiwado Co Ltd,Japan,Consumer Staples,3792622
Hektas Ticaret TAS,Türkiye,Basic Materials,729548
Helia Group Ltd,Australia,Financials,11966292
Helical PLC,United Kingdom,Real Estate,1169842
Hella GmbH & Co KGaA,Germany,Consumer Discretionary,44346761
Hellenic Telecommunications Organization SA,Greece,Telecommunications,594037
Hello Group Inc,China,Technology,9145739
HelloFresh SE,Germany,Consumer Staples,16731819
Helmerich & Payne Inc,United States,Energy,4165942
Helvetia Baloise Holding AG,Switzerland,Financials,335507949
Hemnet Group AB,Sweden,Real Estate,29818551
Henan Mingtai Al Industrial Co Ltd,China,Basic Materials,52973163
Henan Pinggao Electric Co Ltd,China,Industrials,1242846
Henan Shijia Photons Technology Co Ltd,China,Technology,1123940
Henderson Land Development Co Ltd,Hong Kong,Real Estate,48693324
Hengan International Group Co Ltd,China,Consumer Staples,15700579
Hengli Petrochemical Co Ltd,China,Basic Materials,7932360
Henkel AG & Co KGaA,Germany,Basic Materials,255871405
Henry Schein Inc,United States,Health Care,101462824
Hensoldt AG,Germany,Industrials,90363314
Hera SpA,Italy,Utilities,56359472
Herc Holdings Inc,United States,Industrials,316766966
Hermes International SCA,France,Consumer Discretionary,1502609344
Hero MotoCorp Ltd,India,Consumer Discretionary,324672540
Hershey Co/The,United States,Consumer Staples,257313533
Hesai Group,China,Industrials,24259827
Hewlett Packard Enterprise Co,United States,Technology,124062483
Hexagon AB,Sweden,Technology,492888449
Hexaware Technologies Ltd,India,Technology,32721289
Hexcel Corp,United States,Basic Materials,45962179
Hexpol AB,Sweden,Basic Materials,50742670
Hgtech Co Ltd,China,Technology,11016140
HiProMine SA,Poland,Consumer Staples,1446604
Hiab Oyj,Finland,Industrials,84149160
Hiap Teck Venture Bhd,Malaysia,Basic Materials,3503168
Hibiya Engineering Ltd,Japan,Industrials,5462104
Hiday Hidaka Corp,Japan,Consumer Discretionary,661
Hidrovias do Brasil SA,Brazil,Industrials,23404467
Hightech Payment Systems SA,Morocco,Industrials,10555587
Highwealth Construction Corp,Taiwan,Real Estate,30655244
Highwoods Properties Inc,United States,Real Estate,35876864
Hikari Tsushin Inc,Japan,Telecommunications,100245263
Hikma Pharmaceuticals PLC,United Kingdom,Health Care,13140230
Hill & Smith PLC,United Kingdom,Basic Materials,74991109
Hilton Grand Vacations Inc,United States,Consumer Discretionary,32870531
Hilton Worldwide Holdings Inc,United States,Consumer Discretionary,675612287
Himadri Speciality Chemical Ltd,India,Basic Materials,11519259
Hims & Hers Health Inc,United States,Health Care,39317533
Hindustan Aeronautics Ltd,India,Industrials,111760593
Hindustan Construction Co Ltd,India,Industrials,5717445
Hindustan Copper Ltd,India,Basic Materials,19574288
Hindustan Petroleum Corp Ltd,India,Energy,55752536
Hindustan Unilever Ltd,India,Consumer Staples,227509526
Hioki EE Corp,Japan,Industrials,2098934
Hipages Group Holdings Ltd,Australia,Technology,1420674
Hirogin Holdings Inc,Japan,Financials,45871249
Hirose Electric Co Ltd,Japan,Technology,52325802
Hisamitsu Pharmaceutical Co Inc,Japan,Health Care,30417623
Hiscox Ltd,United Kingdom,Financials,205776753
Hisense Home Appliances Group Co Ltd,China,Consumer Discretionary,9258896
Hitachi Construction Machinery Co Ltd,Japan,Industrials,58650398
Hitachi Energy India Ltd,India,Industrials,27992811
Hitachi Ltd,Japan,Industrials,2359143754
Hithink RoyalFlush Information Network Co Ltd,China,Technology,2769475
Hitit Bilgisayar Hizmetleri AS,Türkiye,Technology,5127316
Hiwin Technologies Corp,Taiwan,Industrials,41002470
Ho Chi Minh City Development Joint Stock Commercial Bank,Vietnam,Financials,19255609
Hoa Phat Group JSC,Vietnam,Industrials,13064507
Hoang Huy Investment Financial Services JSC,Vietnam,Real Estate,5374031
Hochiki Corp,Japan,Industrials,13879869
Hogy Medical Co Ltd,Japan,Health Care,12785
Hokuetsu Corp,Japan,Basic Materials,3566981
Hokuhoku Financial Group Inc,Japan,Financials,22978288
Hokuto Corp,Japan,Consumer Staples,985238
Holcim AG,Switzerland,Industrials,877190415
Holding Co ADMIE IPTO SA,Greece,Utilities,13970758
Holmen AB,Sweden,Basic Materials,469672225
Hologic Inc,United States,Health Care,216152400
Home BancShares Inc/AR,United States,Financials,66672833
Home Depot Inc/The,United States,Consumer Discretionary,4348879290
Home First Finance Co India Ltd,India,Financials,65383093
Home Product Center PCL,Thailand,Consumer Discretionary,15487159
HomeCo Daily Needs REIT,Australia,Real Estate,20665531
Hon Hai Precision Industry Co Ltd,Taiwan,Technology,1201639669
Hon Precision Inc,Taiwan,Technology,319044247
Honasa Consumer Ltd,India,Consumer Discretionary,3371992
Honda Motor Co Ltd,Japan,Consumer Discretionary,503072186
Honeywell Automation India Ltd,India,Industrials,8869600
Hong Kong & China Gas Co Ltd,Hong Kong,Utilities,132599469
Hong Kong Exchanges & Clearing Ltd,Hong Kong,Financials,1233766998
Hong Leong Bank Bhd,Malaysia,Financials,74997477
Hong Leong Capital Bhd,Malaysia,Financials,2285189
Hong Leong Financial Group Bhd,Malaysia,Financials,29552563
Hong Leong Industries Bhd,Malaysia,Consumer Discretionary,18104040
Hongfa Technology Co Ltd,China,Technology,38356800
Hongkong Land Holdings Ltd,Hong Kong,Real Estate,56376030
Honma Golf Ltd,Japan,Consumer Discretionary,7337515
Hopson Development Holdings Ltd,China,Real Estate,378
Horiba Ltd,Japan,Industrials,65961551
Horizon Construction Development Ltd,China,Industrials,1010483
Horizon Robotics,China,Technology,116464900
Hormel Foods Corp,United States,Consumer Staples,58978825
Hornbach Baumarkt AG,Germany,Consumer Discretionary,11455621
Hoshino Resorts REIT Inc,Japan,Real Estate,11924764
Hoshizaki Corp,Japan,Industrials,82956891
Hosiden Corp,Japan,Technology,5356562
Hospital Mater Dei SA,Brazil,Health Care,4168621
Host Hotels & Resorts Inc,United States,Real Estate,627988267
Hotai Finance Co Ltd,Taiwan,Financials,3141764
Hotai Motor Co Ltd,Taiwan,Consumer Discretionary,34448147
Hotel Shilla Co Ltd,South Korea,Consumer Discretionary,635648
Houlihan Lokey Inc,United States,Financials,100532017
House Foods Group Inc,Japan,Consumer Staples,20007196
Housing & Urban Development Corp Ltd,India,Financials,13832603
Howard Hughes Holdings Inc,United States,Real Estate,31957218
Howden Joinery Group PLC,United Kingdom,Consumer Discretionary,49377921
Howmet Aerospace Inc,United States,Industrials,1655944695
Hoya Corp,Japan,Health Care,869225523
Hu Lane Associate Inc,Taiwan,Technology,14185589
Hua Hong Semiconductor Ltd,China,Technology,73979317
Hua Nan Financial Holdings Co Ltd,Taiwan,Financials,101549898
Huadong Medicine Co Ltd,China,Health Care,35729889
Huafon Chemical Co Ltd,China,Basic Materials,2998754
Huaku Development Co Ltd,Taiwan,Real Estate,17436728
Hualan Biological Engineering Inc,China,Health Care,244644
Huaming Power Equipment Co Ltd,China,Industrials,6856450
Huangshan Tourism Development Co Ltd,China,Consumer Discretionary,1184646
Huaqin Technology Co Ltd,China,Technology,8358280
Huatai Securities Co Ltd,China,Financials,76879440
Huaxin Building Materials Group Co Ltd,China,Industrials,5270800
HubSpot Inc,United States,Technology,144652197
Hubbell Inc,United States,Industrials,37318119
Hubei Xingfa Chemicals Group Co Ltd,China,Basic Materials,4706481
Hubei Zhenhua Chemical Co Ltd,China,Basic Materials,3638424
Huber + Suhner AG,Switzerland,Telecommunications,58826359
Hudbay Minerals Inc,Canada,Basic Materials,105445963
Hufvudstaden AB,Sweden,Real Estate,27790820
Hugel Inc,South Korea,Health Care,6217604
Huhtamaki Oyj,Finland,Industrials,74508086
Hulic Co Ltd,Japan,Real Estate,87597184
Hulic Reit Inc,Japan,Real Estate,15458177
Humana AB,Sweden,Health Care,8476771
Humana Inc,United States,Health Care,500846335
Humanwell Healthcare Group Co Ltd,China,Health Care,46962278
Hume Cement Industries Bhd,Malaysia,Industrials,4197930
Humedix Co Ltd,South Korea,Health Care,406231
Hunan Gold Corp Ltd,China,Basic Materials,1030272
Hunan Valin Steel Co Ltd,China,Basic Materials,2214199
Hundsun Technologies Inc,China,Technology,4162237
Hunting PLC,United Kingdom,Energy,11336406
Huntington Bancshares Inc/OH,United States,Financials,427127505
Husqvarna AB,Sweden,Consumer Discretionary,7955149
Hutchison Port Holdings Trust,Singapore,Industrials,21136170
Hwaseung Enterprise Co Ltd,South Korea,Consumer Discretionary,6128024
Hy-Lok Corp,South Korea,Industrials,5310248
Hyakugo Bank Ltd/The,Japan,Financials,16854436
Hyakujushi Bank Ltd/The,Japan,Financials,5876283
Hyatt Hotels Corp,United States,Consumer Discretionary,8842610
Hydro One Ltd,Canada,Utilities,172695884
Hygeia Healthcare Holdings Co Ltd,China,Health Care,19946951
Hygon Information Technology Co Ltd,China,Technology,10445139
Hyosung Corp,South Korea,Industrials,2572280
Hyosung Heavy Industries Corp,South Korea,Technology,58861831
Hyosung TNC Corp,South Korea,Basic Materials,34962719
Hypera SA,Brazil,Health Care,2149101
Hypoport SE,Germany,Financials,218961
Hyprop Investments Ltd,South Africa,Real Estate,18451772
Hysan Development Co Ltd,Hong Kong,Real Estate,2287
Hyundai Autoever Corp,South Korea,Technology,19242195
Hyundai Bioscience Co Ltd,South Korea,Consumer Staples,157482
Hyundai Department Store Co Ltd,South Korea,Consumer Discretionary,29124371
Hyundai Elevator Co Ltd,South Korea,Industrials,9527181
Hyundai Engineering & Construction Co Ltd,South Korea,Industrials,49386595
Hyundai Ezwel Co Ltd,South Korea,Technology,746214
Hyundai GF Holdings,South Korea,Consumer Discretionary,17835878
Hyundai Glovis Co Ltd,South Korea,Industrials,32524173
Hyundai Green Food,South Korea,Consumer Discretionary,14150058
Hyundai HT Co Ltd,South Korea,Industrials,232707
Hyundai Home Shopping Network Corp,South Korea,Consumer Discretionary,10662490
Hyundai Marine & Fire Insurance Co Ltd,South Korea,Financials,1936880
Hyundai Mobis Co Ltd,South Korea,Consumer Discretionary,346618254
Hyundai Motor Co,South Korea,Consumer Discretionary,569776799
Hyundai Motor India Ltd,India,Consumer Discretionary,37976928
Hyundai Rotem Co Ltd,South Korea,Industrials,267238787
Hyundai Wia Corp,South Korea,Consumer Discretionary,29818091
I&M Group PLC,Kenya,Financials,1082409
I-TAIL Corp PCL,Thailand,Consumer Staples,26114109
IBF Financial Holdings Co Ltd,Taiwan,Financials,5290528
IBRACO Bhd,Malaysia,Real Estate,1981535
ICADE,France,Real Estate,25586807
ICG PLC,United Kingdom,Financials,49985266
ICICI Bank Ltd,India,Financials,1500683631
ICICI Lombard General Insurance Co Ltd,India,Financials,282620234
ICICI Prudential Asset Management Co Ltd/India,India,Financials,17094218
ICICI Prudential Life Insurance Co Ltd,India,Financials,190848099
ICL Group Ltd,Israel,Basic Materials,122289786
ICON PLC,United States,Health Care,184661748
ICOP SpA,Italy,Industrials,7533539
ICU Medical Inc,United States,Health Care,42845228
ID Logistics Group SACA,France,Industrials,30996996
IDBI Bank Ltd,India,Financials,7405688
IDEX Corp,United States,Industrials,146401736
IDEXX Laboratories Inc,United States,Health Care,191512789
IDFC First Bank Ltd,India,Financials,40395602
IDGC of the North-West PJSC,Russia,Utilities,52464
IDOM Inc,Japan,Consumer Discretionary,2661710
IDP Education Ltd,Australia,Consumer Discretionary,12280478
IES Holdings Inc,United States,Industrials,40577509
IFCI Ltd,India,Financials,909944
IG Group Holdings PLC,United Kingdom,Financials,109761807
IGB Real Estate Investment Trust,Malaysia,Real Estate,612400
IGM Financial Inc,Canada,Financials,47102670
IGO Ltd,Australia,Basic Materials,164525326
IHH Healthcare Bhd,Malaysia,Health Care,105118162
IHI Corp,Japan,Industrials,253572035
IIFL Finance Ltd,India,Financials,12900689
IJM Corp Bhd,Malaysia,Industrials,26987156
IMCD NV,Netherlands,Basic Materials,348981852
IMI PLC,United Kingdom,Industrials,128790556
INESA Intelligent Tech Inc,China,Technology,1081366
INFRONEER Holdings Inc,Japan,Industrials,79861328
ING Groep NV,Netherlands,Financials,2314501256
INVISIO AB,Sweden,Industrials,9985031
IOI Properties Group Bhd,Malaysia,Real Estate,28844673
ION Exchange India Ltd,India,Utilities,2717637
IONOS Group SE,Germany,Technology,19796471
IP Group PLC,United Kingdom,Financials,4374848
IPG Photonics Corp,United States,Technology,22005974
IPH Ltd,Australia,Industrials,7218268
IPS Inc,Japan,Telecommunications,765498
IPSOS SA,France,Consumer Discretionary,69517838
IQVIA Holdings Inc,United States,Health Care,465815175
IRB Infrastructure Developers Ltd,India,Industrials,4486400
IRB-Brasil Resseguros SA,Brazil,Financials,232733
IRCON International Ltd,India,Industrials,3782940
IRESS Ltd,Australia,Technology,45834789
IRPC PCL,Thailand,Energy,420411
ISC Co Ltd,South Korea,Technology,45325376
ISS A/S,Denmark,Industrials,160214030
ISU Specialty Chemical,South Korea,Basic Materials,1142740
ITC Hotels Ltd,India,Consumer Discretionary,22631386
ITE Technology Inc,Taiwan,Technology,7681775
ITEQ Corp,Taiwan,Technology,4566839
ITMAX SYSTEM Bhd,Malaysia,Industrials,4701824
ITOCHU Corp,Japan,Industrials,1375546896
ITT Inc,United States,Industrials,183759756
ITV PLC,United Kingdom,Consumer Discretionary,15729445
IVE Group Ltd,Australia,Consumer Discretionary,8907628
Iberdrola SA,Spain,Utilities,3471838984
Ibiden Co Ltd,Japan,Technology,221656345
Ichibanya Co Ltd,Japan,Consumer Discretionary,912320
Ichigo Inc,Japan,Real Estate,2866274
Ichigo Office REIT Investment Corp,Japan,Real Estate,4710277
Ichitan Group PCL,Thailand,Consumer Staples,1119467
Ideaya Biosciences Inc,United States,Health Care,22498951
Idec Corp/Japan,Japan,Industrials,2984363
Idemitsu Kosan Co Ltd,Japan,Energy,101442637
Ignitis Grupe AB,Lithuania,Utilities,19384161
Iguatemi SA,Brazil,Real Estate,82130982
Iida Group Holdings Co Ltd,Japan,Consumer Discretionary,43042690
Iino Kaiun Kaisha Ltd,Japan,Industrials,4600166
Iljin Electric Co Ltd,South Korea,Industrials,1480135
Illinois Tool Works Inc,United States,Industrials,779822006
Illumina Inc,United States,Health Care,55055197
Iluka Resources Ltd,Australia,Basic Materials,82864839
Imdex Ltd,Australia,Basic Materials,28323874
Imeik Technology Development Co Ltd,China,Health Care,1460660
Imerys SA,France,Basic Materials,18927578
Immobiliare Grande Distribuzione SIIQ SpA,Italy,Real Estate,1996147
Immunovant Inc,United States,Health Care,6569901
Impala Platinum Holdings Ltd,South Africa,Basic Materials,391700151
Imperial Hotel Ltd,Japan,Consumer Discretionary,2071637
Impinj Inc,United States,Technology,55215635
Imugene Ltd,Australia,Health Care,142035
InPost SA,Netherlands,Industrials,327167708
InRetail Peru Corp,Peru,Consumer Staples,16758000
Inaba Denki Sangyo Co Ltd,Japan,Industrials,9759163
Inabata & Co Ltd,Japan,Industrials,8037349
Inari Amertron Bhd,Malaysia,Technology,14452534
Inchcape PLC,United Kingdom,Consumer Discretionary,71234468
Incyte Corp,United States,Health Care,74802867
Indegene Ltd,India,Industrials,25188836
Independence Realty Trust Inc,United States,Real Estate,54046115
Independent Bank Corp,United States,Financials,46116769
Index Livingmall PCL,Thailand,Consumer Discretionary,3038449
IndiaMart InterMesh Ltd,India,Technology,7536127
Indiabulls Ltd,India,Consumer Discretionary,9
Indian Bank,India,Financials,27585112
Indian Energy Exchange Ltd,India,Financials,5056120
Indian Hotels Co Ltd/The,India,Consumer Discretionary,110125695
Indian Oil Corp Ltd,India,Energy,74114380
Indian Overseas Bank,India,Financials,4235488
Indian Railway Catering & Tourism Corp Ltd,India,Consumer Discretionary,25214783
Indian Railway Finance Corp Ltd,India,Industrials,18647773
Indian Renewable Energy Development Agency Ltd,India,Financials,11455667
Indofood CBP Sukses Makmur Tbk PT,Indonesia,Consumer Staples,50892040
Indorama Ventures PCL,Thailand,Basic Materials,4307742
Indosat Tbk PT,Indonesia,Telecommunications,19372911
Indra Sistemas SA,Spain,Technology,106698883
Indraprastha Gas Ltd,India,Utilities,16867461
Indus Towers Ltd,India,Telecommunications,103243986
IndusInd Bank Ltd,India,Financials,165585671
Industria de Diseno Textil SA,Spain,Consumer Discretionary,1640592500
Industrial & Commercial Bank of China Ltd,China,Financials,882947191
Industrial & Infrastructure Fund Investment Corp,Japan,Real Estate,43223614
Industrial Bank Co Ltd,China,Financials,10080812
Industrial Bank of Korea,South Korea,Financials,5546082
Industries Qatar QSC,Qatar,Basic Materials,127910269
Industrivarden AB,Sweden,Financials,253845056
Indutrade AB,Sweden,Industrials,115102518
Infibeam Avenues Ltd,India,Industrials,300245
Inficon Holding AG,Switzerland,Industrials,47010842
Infineon Technologies AG,Germany,Technology,1383054044
Info Edge India Ltd,India,Technology,187653714
Infomart Corp,Japan,Technology,3482080
Informa PLC,United Kingdom,Consumer Discretionary,691807370
Infosys Ltd,India,Technology,625581362
Infrastrutture Wireless Italiane SpA,Italy,Telecommunications,61142269
Infratil Ltd,New Zealand,Financials,113379928
Ingenia Communities Group,Australia,Real Estate,23829377
Ingersoll Rand Inc,United States,Industrials,423234197
Inghams Group Ltd,Australia,Consumer Staples,7886996
Ingram Micro Holding Corp,United States,Technology,8536000
Ingredion Inc,United States,Consumer Staples,82850246
Inner Mongolia ERDOS Resources Co Ltd,China,Basic Materials,4986214
Inner Mongolia Yili Industrial Group Co Ltd,China,Consumer Staples,89120824
InnoCare Pharma Ltd,China,Health Care,16570827
Innocean Worldwide Inc,South Korea,Consumer Discretionary,14532879
Innodisk Corp,Taiwan,Technology,28621043
Innolux Corp,Taiwan,Technology,40763927
Innovent Biologics Inc,China,Health Care,215636381
Innox Advanced Materials Co Ltd,South Korea,Technology,11577034
Inox Wind Ltd,India,Energy,11119011
Insight Enterprises Inc,United States,Technology,28915088
Insignia Financial Ltd,Australia,Financials,20288415
Insilico Medicine Cayman TopCo,Hong Kong,Health Care,15269223
Insmed Inc,United States,Health Care,461105231
Insource Co Ltd,Japan,Industrials,1812492
Inspire Medical Systems Inc,United States,Health Care,11950241
Installed Building Products Inc,United States,Industrials,46475166
Instituto de Diagnostico SA,Chile,Health Care,7366671
Instone Real Estate Group SE,Germany,Real Estate,4352559
Insulet Corp,United States,Health Care,252641039
Insurance Australia Group Ltd,Australia,Financials,255461456
Intact Financial Corp,Canada,Financials,593295754
Intage Holdings Inc,Japan,Industrials,826785
Intapp Inc,United States,Technology,32302046
IntegraFin Holdings PLC,United Kingdom,Financials,17842857
Integral Diagnostics Ltd,Australia,Health Care,4232385
Integrated Diagnostics Holdings PLC,Egypt,Health Care,9288875
Intel Corp,United States,Technology,1818683843
Intelbras SA Industria de Telecomunicacao Eletronica Brasileira,Brazil,Industrials,19003549
Intellect Design Arena Ltd,India,Technology,6866392
Intellia Therapeutics Inc,United States,Health Care,511882
Intellian Technologies Inc,South Korea,Telecommunications,2726166
Intelligent Monitoring Group Ltd,Australia,Industrials,5807556
Inter & Co Inc,Brazil,Financials,53674389
Inter RAO UES PJSC,Russia,Utilities,2304648
InterContinental Hotels Group PLC,United Kingdom,Consumer Discretionary,176946929
InterDigital Inc,United States,Telecommunications,98684746
InterGlobe Aviation Ltd,India,Consumer Discretionary,308161296
Interactive Brokers Group Inc,United States,Financials,370439362
Interconexion Electrica SA ESP,Colombia,Utilities,12592338
Intercontinental Exchange Inc,United States,Financials,1325798891
Intercorp Financial Services Inc,Peru,Financials,18497977
Intercos SpA,Italy,Consumer Discretionary,3368039
Interlink Communication PCL,Thailand,Telecommunications,2083577
Interlink Telecom PCL,Thailand,Telecommunications,1444355
International Bancshares Corp,United States,Financials,45597772
International Business Machines Corp,United States,Technology,2320419092
International Consolidated Airlines Group SA,United Kingdom,Consumer Discretionary,307633796
International Container Terminal Services Inc,Philippines,Industrials,137615519
International Flavors & Fragrances Inc,United States,Basic Materials,126874816
International Games System Co Ltd,Taiwan,Consumer Discretionary,63746217
International Gemmological Institute India Ltd,India,Industrials,10490281
International General Insurance Holdings Ltd,Jordan,Financials,2483910
International Paper Co,United States,Basic Materials,238259278
International Workplace Group PLC,United Kingdom,Real Estate,53404548
Internet Initiative Japan Inc,Japan,Telecommunications,34617948
Interparfums Inc,United States,Consumer Discretionary,3834146
Interparfums SA,France,Consumer Discretionary,9321742
Interpump Group SpA,Italy,Industrials,74310854
Interroll Holding AG,Switzerland,Industrials,40848217
Intershop Holding AG,Switzerland,Real Estate,24223502
Intertek Group PLC,United Kingdom,Industrials,146948546
Intesa Sanpaolo SpA,Italy,Financials,1447186561
Intred SpA,Italy,Telecommunications,3348932
Intrum AB,Sweden,Financials,14881828
Intuit Inc,United States,Technology,2687569099
Intuitive Surgical Inc,United States,Health Care,2628207739
Inventec Corp,Taiwan,Technology,41742404
Inventurus Knowledge Solutions Ltd,India,Health Care,93901993
Inversiones La Construccion SA,Chile,Financials,2024090
Invesco Ltd,United States,Financials,102522773
Investec Ltd,South Africa,Financials,13763042
Investec PLC,United Kingdom,Financials,101295034
Investis Holding SA,Switzerland,Real Estate,6939101
Investment AB Latour,Sweden,Industrials,52833865
Investor AB,Sweden,Financials,1550976359
Invincible Investment Corp,Japan,Real Estate,55363580
Invinity Energy Systems PLC,United Kingdom,Industrials,1796903
Invitation Homes Inc,United States,Real Estate,1435439010
Iochpe Maxion SA,Brazil,Consumer Discretionary,8222690
IonQ Inc,United States,Technology,171803910
Ionis Pharmaceuticals Inc,United States,Health Care,62841029
Ipca Laboratories Ltd,India,Health Care,24057998
IperionX Ltd,Australia,Basic Materials,14851848
Ipsen SA,France,Health Care,95213010
Iren SpA,Italy,Utilities,33593237
Irish Continental Group PLC,Ireland,Industrials,1291441
Iriso Electronics Co Ltd,Japan,Technology,2241855
Iron Mountain Inc,United States,Real Estate,316459559
Is Yatirim Menkul Degerler AS,Türkiye,Financials,39460644
Isa Energia Brasil sa,Brazil,Utilities,16548375
Ise Chemicals Corp,Japan,Basic Materials,2782672
Isetan Mitsukoshi Holdings Ltd,Japan,Consumer Discretionary,48815408
Iskandar Waterfront City Bhd,Malaysia,Real Estate,1478561
Israel Canada T.R Ltd,Israel,Real Estate,1102954
Israel Corp Ltd,Israel,Basic Materials,28622447
Israel Discount Bank Ltd,Israel,Financials,11586069
IsuPetasys Co Ltd,South Korea,Technology,7440370
Isuzu Motors Ltd,Japan,Industrials,130128933
Italgas SpA,Italy,Utilities,122036143
Italian Wine Brands SpA,Italy,Consumer Staples,6906712
Itau Unibanco Holding SA,Brazil,Financials,669099027
Itausa SA,Brazil,Financials,215773356
Ito En Ltd,Japan,Consumer Staples,18057839
Itochu Enex Co Ltd,Japan,Consumer Discretionary,3377155
Itochu-Shokuhin Co Ltd,Japan,Consumer Staples,2596863
Itoham Yonekyu Holdings Inc,Japan,Consumer Staples,16246556
Itoki Corp,Japan,Consumer Discretionary,19635816
Itron Inc,United States,Industrials,43616713
Ivanhoe Mines Ltd,Canada,Basic Materials,123548341
Iveco Group NV,Italy,Industrials,71888935
Iwatani Corp,Japan,Utilities,38175795
Iyogin Holdings Inc,Japan,Financials,65712621
Izostal SA,Poland,Basic Materials,855877
Izumi Co Ltd,Japan,Consumer Discretionary,13331889
J Front Retailing Co Ltd,Japan,Consumer Discretionary,56456963
J M Smucker Co/The,United States,Consumer Staples,92924097
J Sainsbury PLC,United Kingdom,Consumer Staples,35347687
J Trust Co Ltd,Japan,Financials,1059324
J&T Global Express Ltd,China,Industrials,108652611
JAC Recruitment Co Ltd,Japan,Industrials,1962407
JAFCO Group Co ltd,Japan,Financials,4715832
JASMINE INTERNATIONAL PCL,Thailand,Telecommunications,294348
JB Chemicals & Pharmaceuticals Ltd,India,Health Care,59826620
JB Financial Group Co Ltd,South Korea,Financials,74405512
JB Hi-Fi Ltd,Australia,Consumer Discretionary,118735023
JB Hunt Transport Services Inc,United States,Industrials,289369539
JBM Auto Ltd,India,Consumer Discretionary,224432
JBT Marel Corp,United States,Industrials,88768135
JCDecaux SE,France,Consumer Discretionary,26959061
JCET Group Co Ltd,China,Technology,14257305
JCHX Mining Management Co Ltd,China,Basic Materials,92756165
JCR Pharmaceuticals Co Ltd,Japan,Health Care,5678752
JCU Corp,Japan,Industrials,3606364
JCY International Bhd,Malaysia,Technology,4805323
JD Health International Inc,China,Consumer Staples,78788131
JD Logistics Inc,China,Industrials,30902885
JD Sports Fashion PLC,United Kingdom,Consumer Discretionary,145781570
JD.com Inc,China,Consumer Discretionary,364362651
JDE Peet's NV,Netherlands,Consumer Staples,136645101
JF SmartInvest Holdings Ltd,China,Technology,4005717
JFE Holdings Inc,Japan,Basic Materials,102610445
JFrog Ltd,United States,Technology,102342084
JG Summit Holdings Inc,Philippines,Industrials,2857697
JGC Holdings Corp,Japan,Industrials,48047046
JINS Holdings Inc,Japan,Consumer Discretionary,2829475
JK Cement Ltd,India,Industrials,23204571
JK Lakshmi Cement Ltd,India,Industrials,1654313
JK Paper Ltd,India,Basic Materials,2589504
JK Tyre & Industries Ltd,India,Consumer Discretionary,5565661
JM AB,Sweden,Consumer Discretionary,392871
JM Financial Ltd,India,Financials,4697859
JMDC Inc,Japan,Industrials,13344773
JNBY Design Ltd,China,Consumer Discretionary,7307937
JOST Werke SE,Germany,Consumer Discretionary,1061462
JOYY Inc,China,Technology,9932435
JPMorgan Chase & Co,United States,Financials,11216343512
JR Global Reit,South Korea,Real Estate,771677
JS Global Lifestyle Co Ltd,China,Consumer Discretionary,11733859
JSB Co Ltd,Japan,Real Estate,12018814
JSL Construction & Development Co Ltd,Taiwan,Real Estate,2292196
JSL SA,Brazil,Industrials,5744611
JST Group Corp Ltd,China,Technology,3058470
JSW Cement Ltd,India,Industrials,1897492
JSW Holdings Ltd/India,India,Financials,2214163
JSW Infrastructure Ltd,India,Industrials,10339136
JSW Steel Ltd,India,Basic Materials,122156287
JTC PLC,United Kingdom,Financials,138614260
JTEKT Corp,Japan,Consumer Discretionary,42517545
JUMBO SA,Greece,Consumer Discretionary,92770599
JVCKenwood Corp,Japan,Consumer Discretionary,28898973
JVM Co Ltd,South Korea,Health Care,4538532
JW Pharmaceutical Corp,South Korea,Health Care,4266
JX Advanced Metals Corp,Japan,Basic Materials,114779010
JYP Entertainment Corp,South Korea,Consumer Discretionary,24452222
Jabil Inc,United States,Technology,315363061
Jaccs Co Ltd,Japan,Financials,5254713
Jack Henry & Associates Inc,United States,Industrials,110572114
Jackson Financial Inc,United States,Financials,99118697
Jacobio Pharmaceuticals Group Co Ltd,Hong Kong,Health Care,164
Jacquet Metals SACA,France,Basic Materials,6539291
Jahwa Electronics Co Ltd,South Korea,Technology,11441482
Jai Balaji Industries Ltd,India,Basic Materials,4146477
Jalles Machado SA,Brazil,Consumer Staples,3131843
James Fisher & Sons PLC,United Kingdom,Industrials,6204210
James Hardie Industries PLC,Australia,Industrials,199725354
Jammu & Kashmir Bank Ltd/The,India,Financials,3391671
Janus Henderson Group PLC,United States,Financials,103848021
Japan Airlines Co Ltd,Japan,Consumer Discretionary,46338517
Japan Airport Terminal Co Ltd,Japan,Industrials,32224655
Japan Aviation Electronics Industry Ltd,Japan,Technology,4786524
Japan Display Inc,Japan,Technology,186896
Japan Elevator Service Holdings Co Ltd,Japan,Industrials,9308897
Japan Excellent Inc,Japan,Real Estate,9835740
Japan Exchange Group Inc,Japan,Financials,159818322
Japan Eyewear Holdings Co Ltd,Japan,Consumer Discretionary,11010916
Japan Hotel REIT Investment Corp,Japan,Real Estate,46407520
Japan Investment Adviser Co Ltd,Japan,Industrials,2244147
Japan Lifeline Co Ltd,Japan,Health Care,2992163
Japan Logistics Fund Inc,Japan,Real Estate,29456425
Japan Material Co Ltd,Japan,Technology,20657920
Japan Metropolitan Fund Invest,Japan,Real Estate,91508361
Japan Post Bank Co Ltd,Japan,Financials,429728963
Japan Post Holdings Co Ltd,Japan,Financials,301949016
Japan Post Insurance Co Ltd,Japan,Financials,92292011
Japan Prime Realty Investment Corp,Japan,Real Estate,41210491
Japan Pulp & Paper Co Ltd,Japan,Basic Materials,3181818
Japan Real Estate Investment Corp,Japan,Real Estate,95802649
Japan Securities Finance Co Ltd,Japan,Financials,5950169
Japan Steel Works Ltd/The,Japan,Industrials,85015929
Japan Wool Textile Co Ltd/The,Japan,Basic Materials,3847870
Japfa Comfeed Indonesia Tbk PT,Indonesia,Consumer Staples,8905926
Jasa Marga Persero Tbk PT,Indonesia,Industrials,12314732
Jason Furniture Hangzhou Co Ltd,China,Consumer Discretionary,27131649
Jati Tinggi Group Bhd,Malaysia,Industrials,953672
Jefferies Financial Group Inc,United States,Financials,145583518
Jefferson Capital Inc,United States,Financials,670200
Jenoptik AG,Germany,Technology,3358121
Jentech Precision Industrial Co Ltd,Taiwan,Technology,252589797
Jeol Ltd,Japan,Industrials,30337464
Jeronimo Martins SGPS SA,Portugal,Consumer Staples,43760202
Jiangsu Eastern Shenghong Co Ltd,China,Basic Materials,1502843
Jiangsu Expressway Co Ltd,China,Industrials,17356558
Jiangsu Financial Leasing Co Ltd,China,Financials,1634701
Jiangsu Hengli Hydraulic Co Ltd,China,Industrials,248295208
Jiangsu Hengrui Pharmaceuticals Co Ltd,China,Health Care,139869569
Jiangsu Jiejie Microelectronics Co Ltd,China,Technology,1362402
Jiangsu Yanghe Distillery Co Ltd,China,Consumer Staples,2612848
Jiangsu Yangnong Chemical Co Ltd,China,Basic Materials,54376829
Jiangsu Yuyue Medical Equipment & Supply Co Ltd,China,Health Care,2189492
Jiangsu Zhongtian Technology Co Ltd,China,Telecommunications,25509498
Jiangxi Copper Co Ltd,China,Basic Materials,114628181
Jinan Acetate Chemical Co Ltd,Taiwan,Basic Materials,9011956
Jinmao Property Services Co Ltd,Hong Kong,Real Estate,155
Jinsung T.E.C.,South Korea,Industrials,6175014
Jinxin Fertility Group Ltd,China,Health Care,3171660
Jio Financial Services Ltd,India,Financials,104559754
Jishan Bhd,Malaysia,Industrials,1020207
Joby Aviation Inc,United States,Industrials,37011810
John Keells Holdings PLC,Sri Lanka,Industrials,13214374
Johnson & Johnson,United States,Health Care,6345664391
Johnson Controls International plc,United States,Industrials,961368687
Johnson Electric Holdings Ltd,Hong Kong,Industrials,67085507
Johnson Health Tech Co Ltd,Taiwan,Consumer Discretionary,6632889
Johnson Matthey PLC,United Kingdom,Basic Materials,74389793
Jollibee Foods Corp,Philippines,Consumer Discretionary,69909972
Jones Lang LaSalle Inc,United States,Real Estate,190990803
Joyful Honda Co Ltd,Japan,Consumer Discretionary,3925848
Jubilant Foodworks Ltd,India,Consumer Discretionary,28527075
Jubilant Ingrevia Ltd,India,Basic Materials,4029845
Jubilant Pharmova Ltd,India,Health Care,59677443
Judo Capital Holdings Ltd,Australia,Financials,16653970
Julius Baer Group Ltd,Switzerland,Financials,208248865
Jumbo Interactive Ltd,Australia,Consumer Discretionary,8453780
Jungfraubahn Holding AG,Switzerland,Consumer Discretionary,2078983
Jupiter Life Line Hospitals Ltd,India,Health Care,5313016
Jupiter Wagons Ltd,India,Industrials,3642134
Juroku Financial Group Inc,Japan,Financials,9204902
Just Dial Ltd,India,Technology,1902206
Just Group PLC,United Kingdom,Financials,50811263
Justsystems Corp,Japan,Technology,24472781
Jusung Engineering Co Ltd,South Korea,Technology,10341577
Jyothy Labs Ltd,India,Consumer Staples,3590695
Jyoti CNC Automation Ltd,India,Industrials,23233494
Jyske Bank A/S,Denmark,Financials,176471892
K Car Co Ltd,South Korea,Consumer Discretionary,4682167
K Wah International Holdings Ltd,China,Real Estate,767163
K's Holdings Corp,Japan,Consumer Discretionary,20186700
K+S AG,Germany,Basic Materials,13776234
K92 Mining Inc,Canada,Basic Materials,32714453
KAP Ltd,South Africa,Industrials,8816911
KB Components AB,Sweden,Industrials,1252319
KB Financial Group Inc,South Korea,Financials,730209024
KB Home,United States,Consumer Discretionary,46854654
KBC Ancora,Belgium,Financials,72196157
KBC Corp Ltd,China,Industrials,1157024
KBC Group NV,Belgium,Financials,13682329
KBR Inc,United States,Technology,67336407
KCB Group PLC,Kenya,Financials,22521454
KCC Corp,South Korea,Industrials,1595830
KCC Glass Corp,South Korea,Industrials,4720350
KCE Electronics PCL,Thailand,Technology,676525
KCG Corp PCL,Thailand,Consumer Staples,1363050
KDDI Corp,Japan,Telecommunications,814707296
KDX Realty Investment Corp,Japan,Real Estate,71616869
KE Holdings Inc,China,Real Estate,284999463
KEC International Ltd,India,Industrials,19666250
KEI Industries Ltd,India,Industrials,145075623
KEPCO Engineering & Construction Co Inc,South Korea,Industrials,4389573
KEPCO Plant Service & Engineering Co Ltd,South Korea,Industrials,1005614
KGHM Polska Miedz SA,Poland,Basic Materials,119097174
KGI Financial Holding Co Ltd,Taiwan,Financials,103414495
KH Neochem Co Ltd,Japan,Basic Materials,18710441
KION Group AG,Germany,Industrials,105998014
KIWOOM Securities Co Ltd,South Korea,Financials,47553925
KKR & Co Inc,United States,Financials,1647686649
KLA Corp,United States,Technology,2250559025
KLN Logistics Group Ltd,Hong Kong,Industrials,2326918
KMD Brands Ltd,New Zealand,Consumer Discretionary,3041703
KOC Holding AS,Türkiye,Energy,113639324
KOMEDA Holdings Co Ltd,Japan,Consumer Discretionary,5165628
KPI Green Energy Ltd,India,Utilities,18775920
KPIT Technologies Ltd,India,Technology,20551513
KPJ Healthcare Bhd,Malaysia,Health Care,4579894
KPR Mill Ltd,India,Basic Materials,9530718
KRBL Ltd,India,Consumer Staples,4789524
KRUK SA,Poland,Financials,66029784
KSB Ltd,India,Industrials,4446488
KT Nasmedia Co Ltd,South Korea,Consumer Discretionary,2386182
KWS Saat SE & Co KGaA,Germany,Consumer Staples,16997196
KYB Corp,Japan,Consumer Discretionary,6020693
Kadant Inc,United States,Industrials,33004746
Kadokawa Corp,Japan,Consumer Discretionary,31015445
Kaga Electronics Co Ltd,Japan,Technology,6166379
Kagome Co Ltd,Japan,Consumer Staples,24567819
Kaisa Group Holdings Ltd,China,Real Estate,11
Kajaria Ceramics Ltd,India,Industrials,5633210
Kajima Corp,Japan,Industrials,247050315
Kakaku.com Inc,Japan,Technology,41490359
Kakao Corp,South Korea,Technology,181645809
Kakao Games Corp,South Korea,Consumer Discretionary,531634
KakaoBank Corp,South Korea,Financials,2916821
Kakaopay Corp,South Korea,Industrials,1337941
Kaken Pharmaceutical Co Ltd,Japan,Health Care,4549351
Kalbe Farma Tbk PT,Indonesia,Health Care,43142541
Kalmar Oyj,Finland,Industrials,74094967
Kalyan Jewellers India Ltd,India,Consumer Discretionary,19449694
Kameda Seika Co Ltd,Japan,Consumer Staples,11751529
Kamigumi Co Ltd,Japan,Industrials,47975495
Kanadevia Corp,Japan,Industrials,5926553
Kanamoto Co Ltd,Japan,Industrials,26270675
Kandenko Co Ltd,Japan,Industrials,56144744
Kaneka Corp,Japan,Basic Materials,23633377
Kanematsu Corp,Japan,Industrials,11603490
Kangwon Land Inc,South Korea,Consumer Discretionary,2945784
Kansai Electric Power Co Inc/The,Japan,Utilities,259913448
Kansai Nerolac Paints Ltd,India,Industrials,3629184
Kansai Paint Co Ltd,Japan,Industrials,42517277
Kanto Denka Kogyo Co Ltd,Japan,Basic Materials,42298
Kanzhun Ltd,China,Industrials,113374555
Kao Corp,Japan,Consumer Staples,247978819
Kaori Heat Treatment Co Ltd,Taiwan,Industrials,101452237
Kappa Create Co Ltd,Japan,Consumer Discretionary,257262
Kardemir Karabuk Demir Celik Sanayi ve Ticaret AS,Türkiye,Basic Materials,874282
Kardex Holding AG,Switzerland,Industrials,45779814
Karman Holdings Inc,United States,Industrials,40416181
Karnataka Bank Ltd/The,India,Financials,1790871
Karur Vysya Bank Ltd/The,India,Financials,9186729
Kasikornbank PCL,Thailand,Financials,123886690
Kasumigaseki Capital Co Ltd,Japan,Real Estate,3151105
Katakura Industries Co Ltd,Japan,Industrials,2353878
Katilimevim Tasarruf Finansman AS,Türkiye,Financials,1371489
Katitas Co Ltd,Japan,Consumer Discretionary,13169473
Kato Sangyo Co Ltd,Japan,Consumer Staples,5259026
Kaveri Seed Co Ltd,India,Consumer Staples,983703
Kawai Musical Instruments Manufacturing Co Ltd,Japan,Consumer Discretionary,693748
Kawasaki Heavy Industries Ltd,Japan,Industrials,159982590
Kawasaki Kisen Kaisha Ltd,Japan,Industrials,75759017
Kaynes Technology India Ltd,India,Technology,26031453
KeePer Technical Laboratory Co Ltd,Japan,Consumer Discretionary,1639351
Keepers Holdings Inc/The,Philippines,Consumer Staples,1318779
Kehua Data Co Ltd,China,Industrials,3977822
Keihan Holdings Co Ltd,Japan,Industrials,33472482
Keihanshin Building Co Ltd,Japan,Real Estate,2656810
Keikyu Corp,Japan,Industrials,37207644
Keio Corp,Japan,Consumer Discretionary,28725711
Keisei Electric Railway Co Ltd,Japan,Industrials,111813408
Keiyo Bank Ltd/The,Japan,Financials,7103134
Kelington Group Bhd,Malaysia,Industrials,3115259
Keller Group PLC,United Kingdom,Industrials,4051620
Kelsian Group Ltd,Australia,Consumer Discretionary,6465308
Kemira Oyj,Finland,Basic Materials,80531027
Kemper Corp,United States,Financials,3029068
Kenda Rubber Industrial Co Ltd,Taiwan,Consumer Discretionary,3460478
Kenon Holdings Ltd/Singapore,Israel,Utilities,903426
Kenvue Inc,United States,Consumer Staples,512784626
Kepler Weber SA,Brazil,Industrials,254697
Keppel DC REIT,Singapore,Real Estate,58319958
Keppel Infrastructure Trust,Singapore,Basic Materials,27835848
Keppel Ltd,Singapore,Utilities,197595882
Keppel REIT,Singapore,Real Estate,32869217
Kering SA,France,Consumer Discretionary,418153249
Kerjaya Prospek Group Bhd,Malaysia,Industrials,2846205
Kernel Holding SA,Ukraine,Consumer Staples,1956776
Kerry Group PLC,Ireland,Consumer Staples,26013302
Kerry Properties Ltd,Hong Kong,Real Estate,9343
Keshun Waterproof Technologies Co Ltd,China,Industrials,224800
Kesko Oyj,Finland,Consumer Staples,99269842
Kestra Medical Technologies Ltd,United States,Health Care,2145495
Keurig Dr Pepper Inc,United States,Consumer Staples,488266847
Kewpie Corp,Japan,Consumer Staples,51341585
KeyCorp,United States,Financials,258856127
Keyence Corp,Japan,Industrials,1466801522
Keyera Corp,Canada,Energy,97897215
Keymed Biosciences Inc,China,Health Care,56828609
Keysight Technologies Inc,United States,Industrials,423430486
Kfin Technologies Ltd,India,Financials,8171947
Khang Dien House Trading and Investment JSC,Vietnam,Real Estate,23365496
Ki-Star Real Estate Co Ltd,Japan,Real Estate,8059970
Kia Corp,South Korea,Consumer Discretionary,358505624
Kiatnakin Phatra Bank PCL,Thailand,Financials,1924084
Kier Group PLC,United Kingdom,Industrials,184055
Kikkoman Corp,Japan,Consumer Staples,70927141
Kiler Holding AS,Türkiye,Real Estate,7147734
Kilroy Realty Corp,United States,Real Estate,340130529
Kimberly-Clark Corp,United States,Consumer Staples,530015728
Kimco Realty Corp,United States,Real Estate,162853477
Kimlun Corp Bhd,Malaysia,Industrials,2433798
Kinaxis Inc,Canada,Technology,46690121
Kinden Corp,Japan,Industrials,108442924
Kinder Morgan Inc,United States,Energy,1102713188
Kindom Development Co Ltd,Taiwan,Real Estate,6942217
Kinepolis Group NV,Belgium,Consumer Discretionary,24816821
Kinergy Advancement Bhd,Malaysia,Industrials,5407836
King Slide Works Co Ltd,Taiwan,Basic Materials,91002053
King Yuan Electronics Co Ltd,Taiwan,Technology,164630079
Kingboard Holdings Ltd,China,Basic Materials,77927441
Kingboard Laminates Holdings Ltd,China,Technology,55457650
Kingdee International Software Group Co Ltd,China,Technology,50335181
Kingfisher PLC,United Kingdom,Consumer Discretionary,261302250
Kingsoft Cloud Holdings Ltd,China,Technology,42634877
Kingsoft Corp Ltd,China,Technology,109985173
Kingspan Group PLC,Ireland,Industrials,167477372
Kinik Co,Taiwan,Industrials,54898981
Kinjiro Co Ltd,Japan,Technology,2732632
Kinnevik AB,Sweden,Financials,51976084
Kinpo Electronics,Taiwan,Technology,12161300
Kinross Gold Corp,Canada,Basic Materials,672178672
Kinsale Capital Group Inc,United States,Financials,107916266
Kinsus Interconnect Technology Corp,Taiwan,Technology,23852510
Kintetsu Department Store Co Ltd,Japan,Consumer Discretionary,943718
Kintetsu Group Holdings Co Ltd,Japan,Industrials,62560135
Kioxia Holdings Corp,Japan,Technology,186577760
Kirby Corp,United States,Industrials,80295989
Kirin Holdings Co Ltd,Japan,Consumer Staples,108364338
Kirloskar Brothers Ltd,India,Industrials,5229996
Kirloskar Oil Engines Ltd,India,Industrials,10770451
Kirloskar Pneumatic Co Ltd,India,Industrials,5194210
Kissei Pharmaceutical Co Ltd,Japan,Health Care,5639510
Kitazato Corp,Japan,Health Care,10982806
Kite Realty Group Trust,United States,Real Estate,59988377
Kitz Corp,Japan,Industrials,10509542
Kiwi Property Group Ltd,New Zealand,Real Estate,8557579
Kiyo Bank Ltd/The,Japan,Financials,34522765
Klabin SA,Brazil,Basic Materials,26157494
Klarna Group PLC,United Kingdom,Technology,51383622
Klaviyo Inc,United States,Technology,4800527
Klepierre SA,France,Real Estate,556568560
Klinique Medical Clinic PCL/The,Thailand,Health Care,839222
Knife River Corp,United States,Industrials,47751399
Knight-Swift Transportation Holdings Inc,United States,Industrials,98605151
Knorr-Bremse AG,Germany,Industrials,502773242
KoMiCo Ltd,South Korea,Technology,20730231
Koa Corp,Japan,Industrials,5690
Kobayashi Pharmaceutical Co Ltd,Japan,Consumer Staples,29985090
Kobe Bussan Co Ltd,Japan,Consumer Staples,31115357
Kobe Steel Ltd,Japan,Basic Materials,76528421
Kocaer Celik Sanayi Ve Ticaret AS,Türkiye,Basic Materials,5675093
Kodiak Sciences Inc,United States,Health Care,1398000
Koei Tecmo Holdings Co Ltd,Japan,Consumer Discretionary,26811842
Koenig & Bauer AG,Germany,Industrials,1350534
Koh Young Technology Inc,South Korea,Technology,288732
Kohnan Shoji Co Ltd,Japan,Consumer Discretionary,2597346
Koito Manufacturing Co Ltd,Japan,Consumer Discretionary,32061642
Kojamo Oyj,Finland,Real Estate,162350183
Kokusai Electric Corp,Japan,Technology,134674739
Kokuyo Co Ltd,Japan,Industrials,32518418
Kolmar Korea Co Ltd,South Korea,Consumer Discretionary,16096770
Kolon Industries Inc,South Korea,Basic Materials,1011822
Komatsu Ltd,Japan,Industrials,510329293
Komercni Banka AS,Czech Republic,Financials,4234375
Komeri Co Ltd,Japan,Consumer Discretionary,18452072
Konami Group Corp,Japan,Consumer Discretionary,180220095
Kone Oyj,Finland,Industrials,385525774
Konecranes Oyj,Finland,Industrials,191267255
Konfoong Materials International Co Ltd,China,Technology,19848681
Konica Minolta Inc,Japan,Technology,35070251
Koninklijke Ahold Delhaize NV,Netherlands,Consumer Staples,891110251
Koninklijke BAM Groep NV,Netherlands,Industrials,51917165
Koninklijke KPN NV,Netherlands,Telecommunications,380158884
Koninklijke Philips NV,Netherlands,Health Care,414465594
Koninklijke Vopak NV,Netherlands,Energy,53278138
Konishi Co Ltd,Japan,Basic Materials,4601480
Konoike Transport Co Ltd,Japan,Industrials,6364114
Kontoor Brands Inc,United States,Consumer Discretionary,25251002
Kontron AG,Germany,Technology,312145
Korea Aerospace Industries Ltd,South Korea,Industrials,103037111
Korea Electric Terminal Co Ltd,South Korea,Technology,7761726
Korea Fuel-Tech Corp,South Korea,Consumer Discretionary,1584104
Korea Investment Holdings Co Ltd,South Korea,Financials,67816096
Korea Petrochemical Ind Co Ltd,South Korea,Basic Materials,603
Korea Zinc Co Ltd,South Korea,Basic Materials,1116346
Korean Air Lines Co Ltd,South Korea,Consumer Discretionary,18546477
Korean Reinsurance Co,South Korea,Financials,43185435
Korn Ferry,United States,Industrials,43163018
Kosaido Holdings Co Ltd,Japan,Consumer Discretionary,1499217
Kose Corp,Japan,Consumer Discretionary,5648783
Koshidaka Holdings Co Ltd,Japan,Consumer Discretionary,4826657
Kossan Rubber Industries Bhd,Malaysia,Health Care,5598243
Kotak Mahindra Bank Ltd,India,Financials,681828533
Kotobuki Spirits Co Ltd,Japan,Consumer Staples,20108388
Kraft Heinz Co/The,United States,Consumer Staples,318002254
Kraftia Corp,Japan,Industrials,61175301
Krafton Inc,South Korea,Consumer Discretionary,106831675
Kratos Defense & Security Solutions Inc,United States,Industrials,149851578
Krishna Institute of Medical Sciences Ltd,India,Health Care,16283646
Kroger Co/The,United States,Consumer Staples,449447068
Krones AG,Germany,Industrials,62055606
Krosaki Harima Corp,Japan,Industrials,2509190
Krung Thai Bank PCL,Thailand,Financials,42517736
Krungthai Card PCL,Thailand,Financials,13797271
Krystal Biotech Inc,United States,Health Care,68649803
Kuaishou Technology,China,Technology,232206653
Kubota Corp,Japan,Industrials,213796015
Kuehne + Nagel International AG,Switzerland,Industrials,132583274
Kum Yang Co Ltd,South Korea,Basic Materials,3876
Kumagai Gumi Co Ltd,Japan,Industrials,9107659
Kumba Iron Ore Ltd,South Africa,Basic Materials,47784033
Kumho Petrochemical Co Ltd,South Korea,Basic Materials,46843632
Kumiai Chemical Industry Co Ltd,Japan,Basic Materials,3195552
Kunlun Energy Co Ltd,China,Energy,38318219
Kura Sushi Inc,Japan,Consumer Discretionary,1944879
Kurabo Industries Ltd,Japan,Basic Materials,4777030
Kuraray Co Ltd,Japan,Basic Materials,52694191
Kureha Corp,Japan,Basic Materials,5074162
Kurita Water Industries Ltd,Japan,Industrials,90903992
Kusuri no Aoki Holdings Co Ltd,Japan,Consumer Staples,25073985
Kuwait Finance House KSCP,Kuwait,Financials,113203207
Kuwait International Bank KSCP,Kuwait,Financials,2126130
Kuyumcukent Gayrimenkul Yatirimlari AS,Türkiye,Real Estate,941454
Kwality Wall's India Ltd,India,Consumer Staples,11336881
Kweichow Moutai Co Ltd,China,Consumer Staples,77097180
Kymera Therapeutics Inc,United States,Health Care,26221659
Kyndryl Holdings Inc,United States,Technology,12846222
Kyocera Corp,Japan,Technology,272269533
Kyoei Steel Ltd,Japan,Basic Materials,15130307
Kyokuto Kaihatsu Kogyo Co Ltd,Japan,Industrials,3547506
Kyorin Pharmaceutical Co Ltd,Japan,Health Care,2262870
Kyoritsu Maintenance Co Ltd,Japan,Consumer Discretionary,18076174
Kyoto Financial Group Inc,Japan,Financials,93544714
Kyowa Kirin Co Ltd,Japan,Health Care,76507265
Kyung Dong Navien Co Ltd,South Korea,Industrials,16684212
Kyushu Electric Power Co Inc,Japan,Utilities,98478767
Kyushu Financial Group Inc,Japan,Financials,60545590
Kyushu Railway Co,Japan,Consumer Discretionary,33999141
L E Lundbergforetagen AB,Sweden,Financials,77072388
L&C Bio Co Ltd,South Korea,Health Care,8541488
L&F Co Ltd,South Korea,Basic Materials,18642427
L&K Engineering Co Ltd,Taiwan,Industrials,102273396
L&T Finance Ltd,India,Financials,32090368
L&T Technology Services Ltd,India,Industrials,13080122
L'Oreal SA,France,Consumer Discretionary,1920542723
L1 Group Ltd,Australia,Financials,482537
LAMDA Development SA,Greece,Real Estate,22484072
LANXESS AG,Germany,Basic Materials,53151117
LB Pharmaceuticals Inc,United States,Health Care,4028147
LEENO Industrial Inc,South Korea,Technology,73308400
LEG Immobilien SE,Germany,Real Estate,115683521
LF Corp,South Korea,Consumer Discretionary,4171655
LG CNS Co Ltd,South Korea,Technology,31316323
LG Chem Ltd,South Korea,Industrials,200625738
LG Corp,South Korea,Industrials,10734940
LG Display Co Ltd,South Korea,Technology,1629068
LG Electronics Inc,South Korea,Consumer Discretionary,90807262
LG Electronics India Ltd,India,Consumer Discretionary,38001400
LG Energy Solution Ltd,South Korea,Industrials,1150100
LG H&H Co Ltd,South Korea,Consumer Staples,17860629
LG Innotek Co Ltd,South Korea,Technology,30636893
LG Uplus Corp,South Korea,Telecommunications,8804554
LGMS Bhd,Malaysia,Technology,1539552
LH Hotel Leasehold Real Estate Investment Trust,Thailand,Real Estate,256575
LIC Housing Finance Ltd,India,Financials,76435290
LIFENET INSURANCE CO,Japan,Financials,7147493
LIG Nex1 Co Ltd,South Korea,Industrials,59988299
LISI SA,France,Industrials,22151193
LITALICO Inc,Japan,Industrials,4953
LK Technology Holdings Ltd,Hong Kong,Industrials,4202618
LKQ Corp,United States,Consumer Discretionary,102843020
LMW Ltd,India,Industrials,9526304
LONGi Green Energy Technology Co Ltd,China,Energy,37522338
LOTTE Fine Chemical Co Ltd,South Korea,Basic Materials,6531969
LOTTE Reit Co Ltd,South Korea,Real Estate,689734
LPI Capital Bhd,Malaysia,Financials,7160376
LPKF Laser & Electronics SE,Germany,Technology,778229
LPL Financial Holdings Inc,United States,Financials,392223378
LPN Development PCL,Thailand,Real Estate,0
LPP SA,Poland,Consumer Discretionary,290380304
LS Corp,South Korea,Industrials,57010389
LS Electric Co Ltd,South Korea,Technology,18012662
LS Marine Solution Co Ltd,South Korea,Telecommunications,8321362
LS Materials Ltd,South Korea,Industrials,3137
LSR Group PJSC,Russia,Real Estate,273702
LT Foods Ltd,India,Consumer Staples,10120676
LTIMindtree Ltd,India,Technology,103200609
LU-VE SpA,Italy,Industrials,22517065
LUKOIL PJSC,Russia,Energy,33921559
LVMH Moet Hennessy Louis Vuitton SE,France,Consumer Discretionary,3920912694
LX INTERNATIONAL CORP,South Korea,Industrials,903471
LX Semicon Co Ltd,South Korea,Technology,454703
LXP Industrial Trust,United States,Real Estate,54905834
LY Corp,Japan,Technology,86625639
La Comer SAB de CV,Mexico,Consumer Staples,21567546
LaSalle Logiport REIT,Japan,Real Estate,29308798
Labcorp Holdings Inc,United States,Health Care,237991040
Laboratorios Farmaceuticos Rovi SA,Spain,Health Care,26970533
Lagardere SA,France,Consumer Discretionary,4542820
Lagercrantz Group AB,Sweden,Technology,88553105
Lai Yih Footwear Co Ltd,Taiwan,Consumer Discretionary,24403829
Lake Materials Co Ltd,South Korea,Basic Materials,4556829
Lam Research Corp,United States,Technology,2900876364
Lamar Advertising Co,United States,Real Estate,112932398
Lamb Weston Holdings Inc,United States,Consumer Staples,126283479
Lancashire Holdings Ltd,United Kingdom,Financials,38186804
Land & Houses PCL,Thailand,Real Estate,3175269
Land Securities Group PLC,United Kingdom,Real Estate,126759868
LandMark Optoelectronics Corp,Taiwan,Technology,28046938
Landis+Gyr Group AG,Switzerland,Industrials,61262572
Landstar System Inc,United States,Industrials,39030644
Lantheus Holdings Inc,United States,Health Care,27117861
Lao Feng Xiang Co Ltd,China,Consumer Discretionary,9908525
Laobaixing Pharmacy Chain JSC,China,Consumer Staples,4664641
Laopu Gold Co Ltd,China,Consumer Discretionary,29560146
Largan Precision Co Ltd,Taiwan,Technology,90638128
Lark Distilling Co Ltd,Australia,Consumer Staples,1279486
Las Vegas Sands Corp,United States,Consumer Discretionary,252737180
Lasertec Corp,Japan,Technology,244191621
Latam Airlines Group SA,Chile,Consumer Discretionary,97982861
Lattice Semiconductor Corp,United States,Technology,134953299
Laureate Education Inc,United States,Consumer Discretionary,18181800
Laurus Labs Ltd,India,Health Care,47548878
Lazard Inc,United States,Financials,89322138
Lear Corp,United States,Consumer Discretionary,81930749
Lee & Man Paper Manufacturing Ltd,China,Basic Materials,267403
Lee Swee Kiat Group Bhd,Malaysia,Consumer Discretionary,689660
Leela Palaces Hotels & Resorts Ltd,India,Consumer Discretionary,1434666
Legal & General Group PLC,United Kingdom,Financials,206798387
Legence Corp,United States,Industrials,30343200
Legend Biotech Corp,United States,Health Care,27538275
Legend Holdings Corp,China,Technology,6620217
Legrand SA,France,Industrials,999649023
Leidos Holdings Inc,United States,Technology,304337867
Lemon Tree Hotels Ltd,India,Consumer Discretionary,16200538
Lemonade Inc,United States,Financials,4266743
LendInvest PLC,United Kingdom,Financials,1518911
Lendlease Corp Ltd,Australia,Industrials,30263556
Lendlease Global Commercial REIT,Singapore,Real Estate,14713055
Lennar Corp,United States,Consumer Discretionary,276285718
Lennox International Inc,United States,Industrials,143274264
Lenovo Group Ltd,Hong Kong,Technology,218624513
Lens Technology Co Ltd,China,Technology,22491730
Lenskart Solutions Ltd,India,Consumer Discretionary,10365537
Lenta International Co PJSC,Russia,Consumer Staples,1985341
Leo Lithium Ltd,Australia,Basic Materials,3939
Leonardo DRS Inc,United States,Industrials,32080326
Leonardo SpA,Italy,Industrials,488460903
Leonteq AG,United States,Financials,3964622
Leopalace21 Corp,Japan,Real Estate,5067286
Lepu Medical Technology Beijing Co Ltd,China,Health Care,5713159
Li Auto Inc,China,Consumer Discretionary,105983822
Liberty Broadband Corp,United States,Telecommunications,180248600
Liberty Financial Group Ltd,Australia,Financials,7381698
Liberty Global Ltd,United States,Telecommunications,48466883
Liberty Latin America Ltd,United States,Telecommunications,539873
Liberty Live Holdings Inc,United States,Consumer Discretionary,71554118
Liberty Media Corp-Liberty Formula One,United States,Consumer Discretionary,308576439
Libstar Holdings Ltd,South Africa,Consumer Staples,1148274
Liechtensteinische Landesbank AG,Liechtenstein,Financials,4588295
Lien Hwa Industrial Holdings Corp,Taiwan,Consumer Staples,1252812
Lifco AB,Sweden,Industrials,242259949
Life Corp,Japan,Consumer Staples,3970626
Life Healthcare Group Holdings Ltd,South Africa,Health Care,559079
Life Time Group Holdings Inc,United States,Consumer Discretionary,49227675
Life360 Inc,United States,Technology,67779207
Lifedrink Co Inc,Japan,Consumer Staples,13940180
Lifestyle Communities Ltd,Australia,Real Estate,9821348
Lifetech Scientific Corp,China,Health Care,6002297
LigaChem Biosciences Inc,South Korea,Health Care,55596661
Light & Wonder Inc,Australia,Consumer Discretionary,113178981
Lightspeed Commerce Inc,Canada,Technology,764678
Lim Seong Hai Capital Bhd,Malaysia,Industrials,12301626
Linamar Corp,Canada,Consumer Discretionary,31010124
Lincoln Electric Holdings Inc,United States,Industrials,407865842
Lincoln National Corp,United States,Financials,101114226
Lindab International AB,Sweden,Industrials,20115840
Linde India Ltd,India,Basic Materials,13002332
Linde PLC,United States,Basic Materials,2778198623
Lineage Inc,United States,Real Estate,488348770
Lingyi iTech Guangdong Co,China,Technology,27285523
Link And Motivation Inc,Japan,Industrials,761879
Link Bilgisayar Sistemleri Yazilimi Ve Donanimi Sanayi Ve Ticaret AS,Türkiye,Technology,3029048
Link REIT,Hong Kong,Real Estate,285786656
Lintec Corp,Japan,Basic Materials,7004549
Lion Corp,Japan,Consumer Staples,17623875
Lion Finance Group PLC,United Kingdom,Financials,123953586
Liontown Ltd,Australia,Basic Materials,36968187
Liontrust Asset Management PLC,United Kingdom,Financials,4333750
Lite-On Technology Corp,Taiwan,Technology,162956587
Lithia Motors Inc,United States,Consumer Discretionary,122551340
Lithium Americas Corp,Canada,Basic Materials,10670
Lithium Argentina AG,Canada,Basic Materials,29751
Littelfuse Inc,United States,Industrials,73575440
Litu Holdings Ltd,China,Industrials,26650
LivaNova PLC,United States,Health Care,1615286
Live Nation Entertainment Inc,United States,Consumer Discretionary,272550060
Livzon Pharmaceutical Group Inc,China,Health Care,9376988
Lixil Corp,Japan,Industrials,67390367
Lloyds Banking Group PLC,United Kingdom,Financials,2510263342
Lloyds Metals & Energy Ltd,India,Basic Materials,13443097
Loar Holdings Inc,United States,Industrials,57415664
Loblaw Cos Ltd,Canada,Consumer Staples,448690646
Localiza Rent a Car SA,Brazil,Consumer Discretionary,424528424
Lodha Developers Ltd,India,Real Estate,37160685
Loews Corp,United States,Financials,566769363
Log-in Logistica Intermodal SA,Brazil,Industrials,10761965
Logan Group Co Ltd,China,Real Estate,115
Logista Integral SA,Spain,Industrials,44978062
Logitech International SA,Switzerland,Technology,81197270
Logo Yazilim Sanayi Ve Ticaret AS,Türkiye,Technology,5010458
Lojas Quero-Quero SA,Brazil,Consumer Discretionary,2334817
Lojas Renner SA,Brazil,Consumer Discretionary,81356091
London Stock Exchange Group PLC,United Kingdom,Financials,1450489270
LondonMetric Property PLC,United Kingdom,Real Estate,427916788
Longfor Group Holdings Ltd,China,Real Estate,25547208
Longshine Technology Group Co Ltd,China,Technology,854207
Lonking Holdings Ltd,China,Industrials,5179952
Lonza Group AG,Switzerland,Health Care,1157831640
Loomis AB,Sweden,Industrials,59780942
Lotes Co Ltd,Taiwan,Technology,41666353
Lotte Chemical Corp,South Korea,Industrials,20024971
Lotte Chilsung Beverage Co Ltd,South Korea,Consumer Staples,29262583
Lotte Corp,South Korea,Consumer Discretionary,641535
Lotte Energy Materials Corp,South Korea,Technology,546657
Lotte Rental Co Ltd,South Korea,Consumer Discretionary,20143447
Lotte Shopping Co Ltd,South Korea,Consumer Discretionary,692413
Lotte Tour Development Co Ltd,South Korea,Consumer Discretionary,239367
Lotte Wellfood Co Ltd,South Korea,Consumer Staples,16045750
Lottery Corp Ltd/The,Australia,Consumer Discretionary,117123257
Lottomatica Group Spa,Italy,Consumer Discretionary,196019602
Lotus Bakeries NV,Belgium,Consumer Staples,82642993
Lotus Pharmaceutical Co Ltd,Taiwan,Health Care,21508378
Lotus Resources Ltd,Australia,Basic Materials,4465960
Louis Hachette Group,France,Consumer Discretionary,10899034
Louisiana-Pacific Corp,United States,Industrials,61362902
Lovisa Holdings Ltd,Australia,Consumer Discretionary,17537380
Lowe's Cos Inc,United States,Consumer Discretionary,1916001007
Lucid Group Inc,United States,Consumer Discretionary,13679461
Lufax Holding Ltd,China,Financials,46044155
Luk Fook Holdings International Ltd,Hong Kong,Consumer Discretionary,17647267
Lululemon Athletica Inc,United States,Consumer Discretionary,171945527
Lumen Technologies Inc,United States,Telecommunications,92353661
Lumentum Holdings Inc,United States,Telecommunications,402351738
Lumosa Therapeutics Co Ltd,Taiwan,Health Care,3620546
LunR Royalties Corp,Canada,Basic Materials,4992445
Lundin Gold Inc,Canada,Basic Materials,109700674
Lundin Mining Corp,Canada,Basic Materials,120727666
Lunit Inc,South Korea,Health Care,792699
Lupin Ltd,India,Health Care,71794524
LuxNet Corp,Taiwan,Telecommunications,55485368
Luxshare Precision Industry Co Ltd,China,Consumer Discretionary,589324053
Luye Pharma Group Ltd,China,Health Care,352
Luzerner Kantonalbank AG,Switzerland,Financials,32201213
Luzhou Laojiao Co Ltd,China,Consumer Staples,16927764
Lyft Inc,United States,Consumer Discretionary,100312039
Lynas Rare Earths Ltd,Australia,Basic Materials,110897452
LyondellBasell Industries NV,United States,Basic Materials,49889524
M&A Capital Partners Co Ltd,Japan,Financials,1679141
M&A Research Institute Holdings Inc,Japan,Financials,223484
M&G PLC,United Kingdom,Financials,333971695
M&T Bank Corp,United States,Financials,417661391
M.Video PJSC,Russia,Consumer Discretionary,220349
M3 Inc,Japan,Health Care,94765153
M31 Technology Corp,Taiwan,Technology,4677101
MACOM Technology Solutions Holdings Inc,United States,Technology,138492897
MARA Holdings Inc,United States,Financials,39492172
MARUKA FURUSATO Corp,Japan,Industrials,235728
MBK PCL,Thailand,Real Estate,32756122
MBM Resources BHD,Malaysia,Consumer Discretionary,2872947
MBRF Global Foods Co SA,Brazil,Consumer Staples,1223444
MBSB Bhd,Malaysia,Financials,1911040
MCJ Co Ltd,Japan,Technology,3844241
MCR SA,Poland,Industrials,1700485
MCS Steel PCL,Thailand,Basic Materials,2704494
MDA Space Ltd,Canada,Industrials,20475048
MDU Resources Group Inc,United States,Utilities,50422053
ME GROUP INTERNATIONAL PLC,United Kingdom,Consumer Discretionary,18786996
MEB Corp PCL,Thailand,Technology,3666085
MEIJI Holdings Co Ltd,Japan,Consumer Staples,61721997
MEITEC Group Holdings Inc,Japan,Industrials,10530881
METAWATER Co Ltd,Japan,Utilities,2887445
METRO AG,Germany,Consumer Staples,5364888
MFE-MediaForEurope NV,Italy,Consumer Discretionary,26365625
MFEC PCL,Thailand,Technology,1979199
MFO SA,Poland,Basic Materials,1637950
MGIC Investment Corp,United States,Financials,87245251
MGM China Holdings Ltd,Hong Kong,Consumer Discretionary,53902000
MGM Resorts International,United States,Consumer Discretionary,92693212
MIA Teknoloji AS,Türkiye,Technology,851127
MIMAKI ENGINEERING CO LTD,Japan,Industrials,87205
MINEBEA MITSUMI Inc,Japan,Technology,128636479
MINISO Group Holding Ltd,China,Consumer Discretionary,168473194
MIRAIT ONE corp,Japan,Industrials,41351554
MIRARTH Real Estate Investment Corp,Japan,Real Estate,3994829
MISC Bhd,Malaysia,Industrials,11599857
MISUMI Group Inc,Japan,Industrials,73768608
MIXI Inc,Japan,Consumer Discretionary,3457738
MKS Inc,United States,Industrials,140339077
MLP Group SA,Poland,Real Estate,18991968
MLP Saglik Hizmetleri AS,Türkiye,Health Care,58467158
MN Holdings Bhd,Malaysia,Industrials,4761742
MNC Solution Co Ltd,South Korea,Industrials,2158034
MNRB Holdings Bhd,Malaysia,Financials,1664308
MNTN Inc,United States,Consumer Discretionary,59700
MOG Digitech Holdings Ltd,China,Technology,39
MOL Hungarian Oil & Gas PLC,Hungary,Energy,56204717
MONY Group PLC,United Kingdom,Technology,23423035
MOS Food Services Inc,Japan,Consumer Discretionary,4137612
MP Evans Group PLC,United Kingdom,Consumer Staples,17991745
MP Materials Corp,United States,Basic Materials,80648865
MPI Corp,Taiwan,Technology,381749176
MR DIY Group M Bhd,Malaysia,Consumer Discretionary,33185429
MRF Ltd,India,Consumer Discretionary,41497995
MRV Engenharia e Participacoes SA,Brazil,Consumer Discretionary,28168532
MS&AD Insurance Group Holdings Inc,Japan,Financials,431079096
MSA Safety Inc,United States,Industrials,76710263
MSC Industrial Direct Co Inc,United States,Industrials,53863022
MSCI Inc,United States,Financials,486867852
MTAR Technologies Ltd,India,Industrials,7044830
MTN Group Ltd,South Africa,Telecommunications,186581877
MTR Corp Ltd,Hong Kong,Industrials,10050263
MTU Aero Engines AG,Germany,Industrials,475027249
Maanshan Iron & Steel Co Ltd,China,Basic Materials,4604972
Maas Group Holdings Ltd,Australia,Industrials,11980034
Mabanee Co KPSC,Kuwait,Real Estate,45276810
Mabuchi Motor Co Ltd,Japan,Industrials,28807113
Macerich Co/The,United States,Real Estate,59812837
Machvision Inc,Taiwan,Technology,8689512
Macnica Holdings Inc,Japan,Technology,49858696
Macquarie Group Ltd,Australia,Financials,310841385
Macquarie Technology Group Ltd,Australia,Technology,21165764
Macronix International Co Ltd,Taiwan,Technology,35645954
Macy's Inc,United States,Consumer Discretionary,81356937
Made.com Group PLC,United Kingdom,Consumer Discretionary,1262
Madison Square Garden Sports Corp,United States,Consumer Discretionary,49708909
Madrigal Pharmaceuticals Inc,United States,Health Care,126522682
Maeda Kosen Co Ltd,Japan,Industrials,25155158
Maeil Dairies Co Ltd,South Korea,Consumer Staples,5066694
Magazine Luiza SA,Brazil,Consumer Discretionary,51708511
Magellan Financial Group Ltd,Australia,Financials,13794376
Magna International Inc,Canada,Consumer Discretionary,195043745
Magnitogorsk Iron & Steel Works PJSC,Russia,Basic Materials,2566816
Magnum Ice Cream Co NV/The,Netherlands,Consumer Staples,172170366
Magyar Telekom Telecommunications PLC,Hungary,Telecommunications,23724030
Mah Sing Group Bhd,Malaysia,Real Estate,11720921
Mahanagar Gas Ltd,India,Utilities,7303776
Maharashtra Scooters Ltd,India,Consumer Discretionary,3386768
Maharashtra Seamless Ltd,India,Basic Materials,2566388
Mahindra & Mahindra Financial Services Ltd,India,Financials,51834239
Mahindra & Mahindra Ltd,India,Consumer Discretionary,601482819
Mahindra Holidays & Resorts India Ltd,India,Consumer Discretionary,18060868
Mahindra Lifespace Developers Ltd,India,Real Estate,3960528
Mahindra Logistics Ltd,India,Industrials,2710689
Mainfreight Ltd,New Zealand,Industrials,67232107
Major Cineplex Group PCL,Thailand,Consumer Discretionary,3913540
Makalot Industrial Co Ltd,Taiwan,Consumer Discretionary,65744073
MakeMyTrip Ltd,United States,Consumer Discretionary,113426033
Makino Milling Machine Co Ltd,Japan,Industrials,8916731
Makita Corp,Japan,Industrials,109120389
Malayan Banking Bhd,Malaysia,Financials,202077757
Malayan Cement Bhd,Malaysia,Industrials,19677970
Malaysia Smelting Corp Bhd,Malaysia,Basic Materials,4141153
Malaysian Pacific Industries Bhd,Malaysia,Technology,83293287
Malaysian Resources Corp Bhd,Malaysia,Industrials,16593443
Malee Group PCL,Thailand,Consumer Staples,1511587
Man Group PLC/Jersey,United Kingdom,Financials,80239781
Man Wah Holdings Ltd,Hong Kong,Consumer Discretionary,14756459
Manappuram Finance Ltd,India,Financials,72107480
Mandarin Oriental International Ltd,Hong Kong,Consumer Discretionary,23148485
Mandatum Oyj,Finland,Financials,38503254
Mandom Corp,Japan,Consumer Staples,3414902
Mangalore Refinery & Petrochemicals Ltd,India,Energy,2470998
Manhattan Associates Inc,United States,Technology,116515273
Mani Inc,Japan,Health Care,2119870
Manila Water Co Inc,Philippines,Utilities,25368993
Mankind Pharma Ltd,India,Health Care,166582323
ManpowerGroup Inc,United States,Industrials,327357
Manulife Financial Corp,Canada,Financials,765423249
Mao Geping Cosmetics Co LTD,China,Consumer Discretionary,17683319
Map Aktif Adiperkasa PT,Indonesia,Consumer Discretionary,7349982
MapLight Therapeutics Inc,United States,Health Care,87825
Mapfre SA,Spain,Financials,15158437
Maple Leaf Foods Inc,Canada,Consumer Staples,18411262
Maplebear Inc,United States,Technology,97220762
Mapletree Industrial Trust,Singapore,Real Estate,58692020
Mapletree Logistics Trust,Singapore,Real Estate,61209787
Mapletree Pan Asia Commercial Trust,Singapore,Real Estate,45500571
Marathon Petroleum Corp,United States,Energy,481999541
Maravai LifeSciences Holdings Inc,United States,Health Care,3
Marcopolo SA,Brazil,Industrials,41717821
Marico Bangladesh Ltd,Bangladesh,Consumer Staples,4592078
Marico Ltd,India,Consumer Staples,172091832
Markel Group Inc,United States,Financials,312116282
MarketAxess Holdings Inc,United States,Financials,91323719
Marketech International Corp,Taiwan,Technology,5767731
Marks & Spencer Group PLC,United Kingdom,Consumer Staples,249924714
Marksans Pharma Ltd,India,Health Care,4906494
Marriott International Inc/MD,United States,Consumer Discretionary,612739512
Mars Group Holdings Corp,Japan,Consumer Discretionary,1037098
Marseille-Kliniken AG,Germany,Health Care,0
Marsh & McLennan Cos Inc,United States,Financials,1303658316
Martin Marietta Materials Inc,United States,Industrials,361570567
Marubeni Corp,Japan,Industrials,681625202
Maruha Nichiro Corp,Japan,Consumer Staples,19793948
Marui Group Co Ltd,Japan,Financials,39709549
Maruichi Steel Tube Ltd,Japan,Basic Materials,26987054
Maruti Suzuki India Ltd,India,Consumer Discretionary,233689711
Maruwa Co Ltd/Aichi,Japan,Industrials,63904484
Maruzen Showa Unyu Co Ltd,Japan,Industrials,4404809
Marvell Technology Inc,United States,Technology,723337098
MasTec Inc,United States,Industrials,13146755
Masan Group Corp,Vietnam,Consumer Staples,5155135
Masco Corp,United States,Industrials,171304432
Masimo Corp,United States,Health Care,18338850
Mastek Ltd,India,Technology,2755864
Master Drilling Group Ltd,South Africa,Basic Materials,3674211
Master Style PcL,Thailand,Health Care,887615
Mastercard Inc,United States,Industrials,6278788285
Mastersystem Infotama PT,Indonesia,Technology,4218863
Matas A/S,Denmark,Consumer Discretionary,4560035
Match Group Inc,United States,Technology,110159143
Matrix Concepts Holdings Bhd,Malaysia,Real Estate,4831912
Matson Inc,United States,Industrials,11316068
Matsuda Sangyo Co Ltd,Japan,Basic Materials,3145869
Matsui Securities Co Ltd,Japan,Financials,4346419
MatsukiyoCocokara & Co,Japan,Consumer Staples,76485719
Matsuyafoods Holdings Co Ltd,Japan,Consumer Discretionary,2080551
Mattel Inc,United States,Consumer Discretionary,82120835
Mavi Giyim Sanayi Ve Ticaret AS,Türkiye,Consumer Discretionary,18453217
Max Co Ltd,Japan,Industrials,9412007
Max Financial Services Ltd,India,Financials,54103700
Max Healthcare Institute Ltd,India,Health Care,136531238
Maxell Ltd,Japan,Industrials,4109605
Maximus Inc,United States,Industrials,60393011
Maxis Bhd,Malaysia,Telecommunications,22642085
Maxscend Microelectronics Co Ltd,China,Technology,1254182
Maxvalu Tokai Co Ltd,Japan,Consumer Staples,1484047
Mayfield Group Holdings Ltd,Australia,Technology,1693752
Maynilad Water Services Inc,Philippines,Utilities,10706900
Mayora Indah Tbk PT,Indonesia,Consumer Staples,44882220
Mayr Melnhof Karton AG,Austria,Industrials,11704608
Mazagon Dock Shipbuilders Ltd,India,Industrials,21369123
Mazda Motor Corp,Japan,Consumer Discretionary,70853363
McCormick & Co Inc/MD,United States,Consumer Staples,22590657
McDonald's Corp,United States,Consumer Discretionary,2741067717
McDonald's Holdings Co Japan Ltd,Japan,Consumer Discretionary,61721012
McGraw Hill Inc,United States,Consumer Discretionary,18485264
McKesson Corp,United States,Consumer Staples,1473881486
McMillan Shakespeare Ltd,Australia,Financials,8493485
Mebuki Financial Group Inc,Japan,Financials,101158231
Medacta Group SA,Switzerland,Health Care,25944732
MediaTek Inc,Taiwan,Technology,795183266
Medibank Pvt Ltd,Australia,Financials,97644107
Medical Properties Trust Inc,United States,Real Estate,52235
Medicalgorithmics SA,Poland,Health Care,1337439
Medicover AB,Sweden,Health Care,3587777
Medikaloka Hermina Tbk PT,Indonesia,Health Care,5216993
Medinice SA,Poland,Health Care,614709
Mediobanca Banca di Credito Finanziario SpA,Italy,Financials,29336374
Medipal Holdings Corp,Japan,Consumer Staples,57136947
Medley Inc,Japan,Industrials,1302218
Medline Inc,United States,Health Care,210000000
Medlive Technology Co Ltd,China,Consumer Discretionary,3184731
Medpace Holdings Inc,United States,Health Care,90196497
Medplus Health Services Ltd,India,Consumer Staples,6216952
Medtronic PLC,United States,Health Care,1599864795
Medytox Inc,South Korea,Health Care,4692965
Meeza QSTP LLC,Qatar,Technology,17298391
Mega Financial Holding Co Ltd,Taiwan,Financials,159413417
Mega First Corp BHD,Malaysia,Utilities,6356494
Mega Lifesciences PCL,Thailand,Health Care,24579675
MegaStudyEdu Co Ltd,South Korea,Consumer Discretionary,3577315
Megacable Holdings SAB de CV,Mexico,Telecommunications,3
Megaport Ltd,Australia,Technology,16849162
Megmilk Snow Brand Co Ltd,Japan,Consumer Staples,5726700
Meidensha Corp,Japan,Industrials,8517806
Meiko Electronics Co Ltd,Japan,Technology,15079888
Meisei Industrial Co Ltd,Japan,Industrials,1074438
Meitu Inc,China,Technology,68802981
Meituan,China,Technology,1140758377
Melco International Development Ltd,Hong Kong,Consumer Discretionary,518
Melexis NV,Belgium,Technology,29602902
Melia Hotels International SA,Spain,Consumer Discretionary,22231487
Melrose Industries PLC,United Kingdom,Industrials,596956481
Melstacorp PLC,Sri Lanka,Consumer Staples,6679878
Menicon Co Ltd,Japan,Health Care,12021438
Menora Mivtachim Holdings Ltd,Israel,Financials,63145953
MercadoLibre Inc,United States,Consumer Discretionary,1006624884
Mercan Kimya Sanayi VE Ticaret AS,Türkiye,Basic Materials,2272414
Mercari Inc,Japan,Technology,49667951
Mercedes-Benz Group AG,Germany,Consumer Discretionary,861416455
Merck & Co Inc,United States,Health Care,3703347949
Merck KGaA,Germany,Health Care,387752623
Mercury NZ Ltd,New Zealand,Utilities,27870608
Merdeka Copper Gold Tbk PT,Indonesia,Basic Materials,13223391
Merdeka Gold Resources Tbk PT,Indonesia,Basic Materials,12765133
Merida Industry Co Ltd,Taiwan,Consumer Discretionary,9166265
Meridian Energy Ltd,New Zealand,Utilities,53002122
Merit Medical Systems Inc,United States,Health Care,62522990
Meritage Homes Corp,United States,Consumer Discretionary,60696486
Meritz Financial Group Inc,South Korea,Financials,403832125
Merlin Properties Socimi SA,Spain,Real Estate,119103930
Merry Electronics Co Ltd,Taiwan,Consumer Discretionary,9738666
Mersen SA,France,Industrials,18047138
Mesoblast Ltd,Australia,Health Care,21887756
MetLife Inc,United States,Financials,630831722
Meta Bright Group Bhd,Malaysia,Consumer Discretionary,1478561
Meta Platforms Inc,United States,Technology,19395886533
Metair Investments Ltd,South Africa,Consumer Discretionary,1329866
Metalurgica Gerdau SA,Brazil,Basic Materials,44224751
Metaplanet Inc,Japan,Financials,49921879
Metcash Ltd,Australia,Consumer Staples,26496334
Meteoric Resources NL,Australia,Basic Materials,4282921
Methanex Corp,Canada,Basic Materials,34916980
Metlen Energy & Metals PLC,United Kingdom,Utilities,171945023
Metro Brands Ltd,India,Consumer Discretionary,2909120
Metro Inc/CN,Canada,Consumer Staples,136549221
Metro Mining Ltd,Australia,Basic Materials,5151171
Metropole Television SA,France,Consumer Discretionary,15043644
Metropolis Healthcare Ltd,India,Health Care,6139343
Metropolitan Bank & Trust Co,Philippines,Financials,4290680
Metso Oyj,Finland,Industrials,206280721
Mettler-Toledo International Inc,United States,Industrials,471194394
Mezzion Pharma Co Ltd,South Korea,Health Care,3512683
Mi Technovation Bhd,Malaysia,Technology,26859726
MiCo Ltd,South Korea,Technology,9750974
Miami International Holdings Inc,United States,Financials,665700
Micro-Star International Co Ltd,Taiwan,Technology,22022001
Micro-X Ltd,Australia,Health Care,1394474
Microba Life Sciences Ltd,Australia,Health Care,925878
Microchip Technology Inc,United States,Technology,522045853
Micron Technology Inc,United States,Technology,3670242168
Micronics Japan Co Ltd,Japan,Technology,8505247
Microport Scientific Corp,China,Health Care,13962588
Microsoft Corp,United States,Technology,45464627744
Mid-America Apartment Communities Inc,United States,Real Estate,747270929
Midac Holdings Co Ltd,Japan,Utilities,4409710
Middleby Corp/The,United States,Industrials,27225788
Midea Group Co Ltd,China,Consumer Discretionary,339583248
Midi Utama Indonesia Tbk PT,Indonesia,Consumer Staples,9711772
Mieco Chipboard BHD,Malaysia,Industrials,4033302
Migdal Insurance & Financial Holdings Ltd,Israel,Financials,7875568
Migros Ticaret AS,Türkiye,Consumer Staples,25724380
Milbon Co Ltd,Japan,Consumer Staples,7376180
Military Commercial Joint Stock Bank,Vietnam,Financials,12815078
Millennium Group Corp Asia Co Ltd,Thailand,Consumer Discretionary,3985558
Millrose Properties Inc,United States,Real Estate,100060677
Minda Corp Ltd,India,Consumer Discretionary,3458950
Mindspace Business Parks REIT,India,Real Estate,33087856
Mineral Resources Ltd,Australia,Basic Materials,228170371
Mineralys Therapeutics Inc,United States,Health Care,23677846
Ming Yang Smart Energy Group Ltd,China,Energy,3191973
Minkabu The Infonoid Inc,Japan,Industrials,604297
Minor International PCL,Thailand,Consumer Discretionary,130205673
Minth Group Ltd,China,Consumer Discretionary,30763938
Mirae Asset Securities Co Ltd,South Korea,Financials,25633276
Mirai Corp,Japan,Real Estate,4463637
Mirum Pharmaceuticals Inc,United States,Health Care,34412862
Mirvac Group,Australia,Real Estate,70177009
Misitano & Stracuzzi SpA,Italy,Consumer Staples,247552
Misto Holdings Corp,South Korea,Consumer Discretionary,1449141
Mitac Holdings Corp,Taiwan,Technology,70204457
Mitani Sekisan Co Ltd,Japan,Industrials,3162512
Mitchells & Butlers PLC,United Kingdom,Consumer Discretionary,17702171
Mitie Group PLC,United Kingdom,Industrials,62539504
Mitra Adiperkasa Tbk PT,Indonesia,Consumer Discretionary,11743570
Mitra Keluarga Karyasehat Tbk PT,Indonesia,Health Care,48332640
Mitra Pinasthika Mustika Tbk PT,Indonesia,Consumer Discretionary,2604198
Mitsubishi Chemical Group Corp,Japan,Basic Materials,74215278
Mitsubishi Corp,Japan,Industrials,1230787563
Mitsubishi Electric Corp,Japan,Industrials,1002967617
Mitsubishi Estate Co Ltd,Japan,Real Estate,459726329
Mitsubishi Estate Logistics REIT Investment Corp,Japan,Real Estate,9014596
Mitsubishi Gas Chemical Co Inc,Japan,Basic Materials,65037077
Mitsubishi HC Capital Inc,Japan,Financials,122673844
Mitsubishi Heavy Industries Ltd,Japan,Industrials,1302145727
Mitsubishi Logisnext Co Ltd,Japan,Industrials,1784824
Mitsubishi Logistics Corp,Japan,Industrials,62269236
Mitsubishi Materials Corp,Japan,Industrials,51955044
Mitsubishi Motors Corp,Japan,Consumer Discretionary,19033288
Mitsubishi Pencil Co Ltd,Japan,Consumer Staples,3993030
Mitsubishi Research Institute Inc,Japan,Technology,9561750
Mitsubishi UFJ Financial Group Inc,Japan,Financials,2892437416
Mitsuboshi Belting Ltd,Japan,Industrials,3703515
Mitsui & Co Ltd,Japan,Industrials,1249648499
Mitsui Chemicals Inc,Japan,Basic Materials,76817204
Mitsui DM Sugar Co Ltd,Japan,Consumer Staples,3335417
Mitsui E&S Co Ltd,Japan,Industrials,20841815
Mitsui Fudosan Accommodations Fund Inc,Japan,Real Estate,34688739
Mitsui Fudosan Co Ltd,Japan,Real Estate,561207284
Mitsui Fudosan Logistics Park Inc,Japan,Real Estate,39652802
Mitsui High-Tec Inc,Japan,Technology,3054643
Mitsui Kinzoku Co Ltd,Japan,Basic Materials,103754599
Mitsui OSK Lines Ltd,Japan,Industrials,146484621
Mitsui-Soko Holdings Co Ltd,Japan,Industrials,10496179
Mitsuuroko Group Holdings Co Ltd,Japan,Utilities,3429189
Miura Co Ltd,Japan,Industrials,45941490
Mixue Group,China,Consumer Discretionary,16089790
Miyakoshi Holdings Inc,Japan,Real Estate,99994
Mizuho Financial Group Inc,Japan,Financials,1653377794
Mizuho Leasing Co Ltd,Japan,Consumer Discretionary,7109848
Mizuno Corp,Japan,Consumer Discretionary,6683834
Mobico Group PLC,United Kingdom,Consumer Discretionary,3958067
Mobile TeleSystems PJSC,Russia,Telecommunications,114768
Mobile World Investment Corp,Vietnam,Consumer Discretionary,39340017
Mobimo Holding AG,Switzerland,Real Estate,76064709
Mobvista Inc,China,Technology,15975929
Mochida Pharmaceutical Co Ltd,Japan,Health Care,3007563
Modec Inc,Japan,Energy,58685764
Modern Times Group MTG AB,Sweden,Consumer Discretionary,13064065
Moderna Inc,United States,Health Care,80802806
Modine Manufacturing Co,United States,Industrials,86372826
Modon Holding PSC,United Arab Emirates,Real Estate,653982
Moelis & Co,United States,Financials,25216719
Mohawk Industries Inc,United States,Industrials,75057294
Molecure SA,Poland,Health Care,1108199
Molina Healthcare Inc,United States,Health Care,106668791
Molson Coors Beverage Co,United States,Consumer Staples,125727212
Molson Coors Canada Inc,Canada,Consumer Staples,1300478
Moltiply Group SpA,Italy,Financials,15444933
Momentum Group Ltd,South Africa,Financials,28311006
Monadelphous Group Ltd,Australia,Industrials,21544485
Moncler SpA,Italy,Consumer Discretionary,257397707
Monday.com Ltd,United States,Technology,75047540
Monde Nissin Corp,Philippines,Consumer Staples,283225
Mondelez International Inc,United States,Consumer Staples,886297223
Mondi PLC,United Kingdom,Industrials,106500065
Moneta Money Bank AS,Czech Republic,Financials,1175968
Monex Group Inc,Japan,Financials,5025607
Money Forward Inc,Japan,Technology,18591800
MongoDB Inc,United States,Technology,436419683
Mongolian Mining Corp,Hong Kong,Energy,11839304
Monogatari Corp/The,Japan,Consumer Discretionary,5207595
Monolithic Power Systems Inc,United States,Technology,541966119
MonotaRO Co Ltd,Japan,Consumer Discretionary,69303245
Monster Beverage Corp,United States,Consumer Staples,651811922
Montage Technology Co Ltd,China,Technology,9959386
Montea NV,Belgium,Real Estate,38107635
Moody's Corp,United States,Financials,941378033
Moog Inc,United States,Industrials,83588065
MoonLake Immunotherapeutics,United States,Health Care,3046214
Morgan Sindall Group PLC,United Kingdom,Industrials,52133363
Morgan Stanley,United States,Financials,2694568093
Mori Hills REIT Investment Corp,Japan,Real Estate,22822680
Mori Trust Reit Inc,Japan,Real Estate,9372797
Morimatsu International Holdings Co Ltd,Hong Kong,Industrials,5338799
Morinaga & Co Ltd/Japan,Japan,Consumer Staples,20721917
Morinaga Milk Industry Co Ltd,Japan,Consumer Staples,29949043
Morita Holdings Corp,Japan,Industrials,8653870
Moriya Transportation Engineering & Manufacturing Co Ltd,Japan,Industrials,4303924
Morningstar Inc,United States,Financials,56012739
Mosaic Co/The,United States,Basic Materials,89081977
Mosenergo PJSC,Russia,Utilities,248268
Moshi Moshi Retail Corp plc,Thailand,Consumer Discretionary,717267
Motherson Sumi Wiring India Ltd,India,Consumer Discretionary,18726243
Motilal Oswal Financial Services Ltd,India,Financials,14236108
Motiva Infraestrutura de Mobilidade SA,Brazil,Industrials,52507816
Motor Oil Hellas Corinth Refineries SA,Greece,Energy,92336931
Motorola Solutions Inc,United States,Telecommunications,823336095
Motus Holdings Ltd,South Africa,Consumer Discretionary,37825387
Moura Dubeux Engenharia S/A,Brazil,Real Estate,9450645
Mphasis Ltd,India,Technology,78748048
Mr DIY Holding Thailand PCL,Thailand,Consumer Discretionary,4971496
Mr Price Group Ltd,South Africa,Consumer Discretionary,165532896
Mrs Bectors Food Specialities Ltd,India,Consumer Staples,4729871
Muangthai Capital PCL,Thailand,Financials,38278124
Mueller Industries Inc,United States,Basic Materials,166079553
Muenchener Rueckversicherungs-Gesellschaft AG in Muenchen,Germany,Financials,1052521207
Multi Bintang Indonesia Tbk PT,Indonesia,Consumer Staples,5054722
Multi Commodity Exchange of India Ltd,India,Financials,201690810
Multiplan Empreendimentos Imobiliarios SA,Brazil,Real Estate,98294697
Munters Group AB,Sweden,Industrials,61407354
Murapol SA,Poland,Consumer Discretionary,22741088
Murata Manufacturing Co Ltd,Japan,Technology,549155772
Murphy USA Inc,United States,Consumer Discretionary,88898684
Musashi Seimitsu Industry Co Ltd,Japan,Consumer Discretionary,14749311
Musashino Bank Ltd/The,Japan,Financials,5668166
Muthoot Finance Ltd,India,Financials,131262203
Muyuan Foods Co Ltd,China,Consumer Staples,6482395
Mycronic AB,Sweden,Technology,75096667
Myer Holdings Ltd,Australia,Consumer Discretionary,20464671
Myoung Shin Industrial Co Ltd,South Korea,Consumer Discretionary,3425
NARI Technology Co Ltd,China,Industrials,15060368
NAURA Technology Group Co Ltd,China,Technology,642522579
NAVER Corp,South Korea,Technology,521451173
NBCC India Ltd,India,Industrials,12532467
NBTM New Materials Group Co Ltd,China,Industrials,85128846
NCC Ltd/India,India,Industrials,6866351
NCR Voyix Corp,United States,Technology,71
NCSoft Corp,South Korea,Consumer Discretionary,31728609
NEC Corp,Japan,Technology,717442672
NEOWIZ HOLDINGS Corp,South Korea,Consumer Discretionary,7825
NEPI Rockcastle NV,South Africa,Real Estate,27332422
NETLINK NBN TRUST,Singapore,Telecommunications,37506308
NEXTDC Ltd,Australia,Technology,69110949
NGEx Minerals Ltd,Canada,Basic Materials,48343259
NGK Insulators Ltd,Japan,Industrials,96133647
NH Foods Ltd,Japan,Consumer Staples,69439653
NH Investment & Securities Co Ltd,South Korea,Financials,2703841
NHK Spring Co Ltd,Japan,Consumer Discretionary,41934376
NHN Corp,South Korea,Consumer Discretionary,3751
NICE Information Service Co Ltd,South Korea,Industrials,4423623
NIDEC CORP,Japan,Industrials,282084064
NIKE Inc,United States,Consumer Discretionary,770375331
NIO Inc,China,Consumer Discretionary,101407103
NIPPON EXPRESS HOLDINGS INC,Japan,Industrials,82109259
NIPPON REIT Investment Corp,Japan,Real Estate,9101866
NIQ Global Intelligence Plc,United States,Technology,26384000
NKMax Co Ltd,South Korea,Health Care,5607
NKT A/S,Denmark,Industrials,274594301
NMC Health PLC,United Kingdom,Health Care,1012
NMDC Steel Ltd,India,Basic Materials,2776711
NN Group NV,Netherlands,Financials,1002610325
NNN REIT Inc,United States,Real Estate,95260295
NOBA Bank Group AB,Sweden,Financials,8132670
NOF Corp,Japan,Basic Materials,83460360
NOK Corp,Japan,Consumer Discretionary,42191013
NOS SGPS SA,Portugal,Telecommunications,19491411
NOV Inc,United States,Energy,10266222
NOVAREX Co Ltd,South Korea,Consumer Staples,4736695
NRW Holdings Ltd,Australia,Basic Materials,21850099
NS Solutions Corp,Japan,Technology,25792691
NS United Kaiun Kaisha Ltd,Japan,Industrials,2376410
NSD Co Ltd,Japan,Technology,26498114
NSK Ltd,Japan,Consumer Discretionary,47745272
NTN Corp,Japan,Consumer Discretionary,7059428
NTPC Green Energy Ltd,India,Utilities,11077495
NTT DC REIT,Singapore,Real Estate,20085942
NTT Inc,Japan,Telecommunications,473118135
NTT UD REIT Investment Corp,Japan,Real Estate,9325365
NU Holdings Ltd/Cayman Islands,United States,Financials,901741285
NVIDIA Corp,United States,Technology,56891416752
NVR Inc,United States,Consumer Discretionary,253270609
NX Filtration NV,Netherlands,Industrials,430751
NXP Semiconductors NV,United States,Technology,519822451
Nabtesco Corp,Japan,Industrials,57847055
Nachi-Fujikoshi Corp,Japan,Industrials,2540120
Nagaileben Co Ltd,Japan,Health Care,1613052
Nagase & Co Ltd,Japan,Basic Materials,38971797
Nagawa Co Ltd,Japan,Consumer Discretionary,2262618
Nagoya Railroad Co Ltd,Japan,Industrials,35816583
Nakanishi Inc,Japan,Health Care,26377525
Nakayama Steel Works Ltd,Japan,Basic Materials,890134
Nam Long Investment Corp,Vietnam,Real Estate,2139382
Namura Shipbuilding Co Ltd,Japan,Industrials,7520623
Nan Kang Rubber Tire Co Ltd,Taiwan,Consumer Discretionary,4645365
Nan Pao Resins Chemical Co Ltd,Taiwan,Basic Materials,18327181
Nan Ya Plastics Corp,Taiwan,Basic Materials,157283857
Nan Ya Printed Circuit Board Corp,Taiwan,Technology,46506062
Nanjing Leads Biolabs Co Ltd,China,Health Care,698478
Nanjing Sample Technology Co Ltd,China,Technology,15658
Nankai Electric Railway Co Ltd,Japan,Industrials,35329463
Nanoform Finland Plc,Finland,Health Care,1611393
Nanosonics Ltd,Australia,Health Care,15008299
Nantex Industry Co Ltd,Taiwan,Basic Materials,403763
Nanto Bank Ltd/The,Japan,Financials,6443964
Nantong Jianghai Capacitor Co Ltd,China,Technology,53552620
Nanya Technology Corp,Taiwan,Technology,8606
Narayana Hrudayalaya Ltd,India,Health Care,20208749
Nasdaq Inc,United States,Financials,556864259
Naspers Ltd,South Africa,Technology,894356742
NatWest Group PLC,United Kingdom,Financials,2100759702
Natco Pharma Ltd,India,Health Care,9826250
Natera Inc,United States,Health Care,405674634
National Agricultural Holdings Ltd,China,Financials,7615
National Aluminium Co Ltd,India,Basic Materials,32491385
National Australia Bank Ltd,Australia,Financials,1192463959
National Bank of Canada,Canada,Financials,654863766
National Bank of Greece SA,Greece,Financials,207177259
National Bank of Kuwait SAKP,Kuwait,Financials,506098082
National Beverage Corp,United States,Consumer Staples,8483505
National Central Cooling Co PJSC,United Arab Emirates,Industrials,42376893
National Fuel Gas Co,United States,Utilities,92414939
National Grid PLC,United Kingdom,Utilities,1259220952
National Health Investors Inc,United States,Real Estate,50421383
National Industries Group Holding SAK,Kuwait,Financials,2970915
National Investments Co KSCP,Kuwait,Financials,17362625
National Storage REIT,Australia,Real Estate,28805488
Nationgate Holdings Bhd,Malaysia,Technology,1529098
Natura Cosmeticos SA,Brazil,Consumer Discretionary,34384535
Nature Holdings Co Ltd/The,South Korea,Consumer Discretionary,2401632
Naturgy Energy Group SA,Spain,Utilities,139423218
Navan Inc,United States,Technology,34160000
Navigator Global Investments Ltd,Australia,Financials,38531988
Navin Fluorine International Ltd,India,Basic Materials,120550592
Nazara Technologies Ltd,India,Consumer Discretionary,3503783
Nebius Group NV,Netherlands,Technology,1297428
Nedbank Group Ltd,South Africa,Financials,119966424
Nektar Therapeutics,United States,Health Care,2114000
Nemak SAB de CV,Mexico,Consumer Discretionary,17750150
Nemetschek SE,Germany,Technology,124226380
Neo Corporate PCL,Thailand,Consumer Staples,1009235
NeoPharm Co Ltd,South Korea,Consumer Discretionary,5133806
Neoenergia SA,Brazil,Utilities,955756
Neogen Corp,United States,Health Care,1010069
Neowiz,South Korea,Consumer Discretionary,10809540
Neptune Insurance Holdings Inc,United States,Financials,2478600
Neste Oyj,Finland,Energy,146039085
Nestle India Ltd,India,Consumer Staples,106048262
Nestle Malaysia Bhd,Malaysia,Consumer Staples,17352834
Nestle SA,Switzerland,Consumer Staples,5639266469
Net Protections Holdings Inc,Japan,Industrials,1696677
NetApp Inc,United States,Technology,265597764
NetEase Cloud Music Inc,China,Consumer Discretionary,20733976
NetEase Inc,China,Consumer Discretionary,627009618
Netcare Ltd,South Africa,Health Care,26803534
Netcompany Group A/S,Denmark,Technology,51065720
Netflix Inc,United States,Consumer Discretionary,5312698221
Netjoy Holdings Ltd,China,Technology,510811
Netmarble Corp,South Korea,Consumer Discretionary,937099
Netskope Inc,United States,Technology,15496818
Netwealth Group Ltd,Australia,Financials,26062626
Netweb Technologies India Ltd,India,Technology,2557082
Network18 Media & Investments Ltd,India,Consumer Discretionary,20724297
Neuca SA,Poland,Health Care,8807918
Neuland Laboratories Ltd,India,Health Care,14106530
Neuren Pharmaceuticals Ltd,Australia,Health Care,29585491
Neurocrine Biosciences Inc,United States,Health Care,134285211
Neurogene Inc,United States,Health Care,7564073
New China Life Insurance Co Ltd,China,Financials,3125465
New Gold Inc,Canada,Basic Materials,94645506
New Horizon Health Ltd,China,Health Care,75619
New India Assurance Co Ltd/The,India,Financials,4449192
New Jersey Resources Corp,United States,Utilities,58400188
New Oriental Education & Technology Group Inc,China,Consumer Discretionary,496627374
New Wave Group AB,Sweden,Consumer Discretionary,14668720
New World Development Co Ltd,Hong Kong,Real Estate,745
New York Times Co/The,United States,Consumer Discretionary,5142009
NewMarket Corp,United States,Basic Materials,49871022
Newamsterdam Pharma Co NV,Netherlands,Health Care,39798330
Neway Valve Suzhou Co Ltd,China,Industrials,29783059
Newborn Town Inc,China,Technology,66994797
Newell Brands Inc,United States,Consumer Discretionary,6696000
Newgen Software Technologies Ltd,India,Technology,4627875
Newland Digital Technology Co Ltd,China,Technology,2986199
Newmont Corp,United States,Basic Materials,1492681651
News Corp,United States,Consumer Discretionary,205524701
NexGen Energy Ltd,Canada,Basic Materials,81360883
Nexans SA,France,Industrials,100767666
Nexchip Semiconductor Corp,China,Technology,3090781
Nexen Corp,South Korea,Consumer Discretionary,660347
Nexen Tire Corp,South Korea,Consumer Discretionary,7846808
Nexi SpA,Italy,Industrials,63281435
Nexon Co Ltd,Japan,Consumer Discretionary,118281218
Nexon Games Co Ltd,South Korea,Consumer Discretionary,151743
Nexstar Media Group Inc,United States,Consumer Discretionary,71748936
Next PLC,United Kingdom,Consumer Discretionary,396346349
Next Vision Stabilized Systems Ltd,Israel,Industrials,21139566
NextEra Energy Inc,United States,Utilities,2471548810
Nextage Co Ltd,Japan,Consumer Discretionary,4734607
Nextbiomedical Co Ltd,South Korea,Health Care,8452832
Nexteer Automotive Group Ltd,Hong Kong,Consumer Discretionary,11015631
Nextpower Inc,United States,Energy,170849453
Nexus Select Trust,India,Real Estate,32942649
Ngern Tid Lor PCL,Thailand,Financials,1
NiSource Inc,United States,Utilities,270914367
Nibe Industrier AB,Sweden,Industrials,34168505
Nice Information & Telecommunication Inc,South Korea,Industrials,5108310
Nice Ltd,Israel,Technology,26319305
Nichias Corp,Japan,Industrials,43002278
Nichicon Corp,Japan,Technology,3444320
Nichiden Corp,Japan,Industrials,2092124
Nichiha Corp,Japan,Industrials,13866080
Nichirei Corp,Japan,Consumer Staples,39702604
Nick Scali Ltd,Australia,Consumer Discretionary,19041514
Nickel Asia Corp,Philippines,Basic Materials,28071541
Nien Made Enterprise Co Ltd,Taiwan,Consumer Discretionary,39376661
Nifco Inc/Japan,Japan,Consumer Discretionary,52288406
Nihon Kohden Corp,Japan,Health Care,62962077
Nihon M&A Center Holdings Inc,Japan,Financials,22243181
Nihon Nohyaku Co Ltd,Japan,Basic Materials,7763
Nihon Parkerizing Co Ltd,Japan,Industrials,5273666
Nihon Trim Co Ltd,Japan,Consumer Discretionary,231050
Nikkiso Co Ltd,Japan,Industrials,3255043
Nikkon Holdings Co Ltd,Japan,Industrials,35688631
Nikon Corp,Japan,Consumer Discretionary,28007197
Nilfisk Holding A/S,Denmark,Industrials,1787774
Nine Entertainment Co Holdings Ltd,Australia,Consumer Discretionary,11812182
Ninety One Ltd,South Africa,Financials,158705
Ninety One PLC,United Kingdom,Financials,9444789
Ningbo Deye Technology Co Ltd,China,Industrials,325160363
Ningbo Orient Wires & Cables Co Ltd,China,Industrials,3424008
Ningbo Sanxing Medical Electric Co Ltd,China,Industrials,12763699
Ningbo Shanshan Co Ltd,China,Basic Materials,870995
Ningbo Tuopu Group Co Ltd,China,Consumer Discretionary,1571089
Ningxia Baofeng Energy Group Co Ltd,China,Basic Materials,110581672
Nintendo Co Ltd,Japan,Consumer Discretionary,1270014664
Nippn Corp,Japan,Consumer Staples,8291643
Nippon Building Fund Inc,Japan,Real Estate,120719936
Nippon Ceramic Co Ltd,Japan,Technology,2424473
Nippon Densetsu Kogyo Co Ltd,Japan,Industrials,3860206
Nippon Dry-Chemical Co Ltd,Japan,Industrials,18482759
Nippon Electric Glass Co Ltd,Japan,Technology,44528987
Nippon Gas Co Ltd,Japan,Utilities,16724401
Nippon Hotel & Residential Investment Corp,Japan,Real Estate,1489987
Nippon Kanzai Holdings Co Ltd,Japan,Real Estate,2301673
Nippon Kayaku Co Ltd,Japan,Basic Materials,25982552
Nippon Life India Asset Management Ltd,India,Financials,70973803
Nippon Light Metal Holdings Co Ltd,Japan,Basic Materials,5689244
Nippon Paint Holdings Co Ltd,Japan,Industrials,172970829
Nippon Paper Industries Co Ltd,Japan,Basic Materials,4731339
Nippon Parking Development Co Ltd,Japan,Industrials,2059000
Nippon Prologis REIT Inc,Japan,Real Estate,72543138
Nippon Sanso Holdings Corp,Japan,Basic Materials,97329192
Nippon Seiki Co Ltd,Japan,Consumer Discretionary,1349376
Nippon Shinyaku Co Ltd,Japan,Health Care,34722061
Nippon Shokubai Co Ltd,Japan,Basic Materials,26140220
Nippon Signal Co Ltd,Japan,Industrials,11561422
Nippon Soda Co Ltd,Japan,Basic Materials,6348770
Nippon Steel Corp,Japan,Basic Materials,333393573
Nippon Television Holdings Inc,Japan,Consumer Discretionary,54279116
Nippon Yusen KK,Japan,Industrials,207822751
Nipro Corp,Japan,Health Care,23548984
Nirvana Development PCL,Thailand,Real Estate,667720
Nishi-Nippon Financial Holdings Inc,Japan,Financials,39251451
Nishi-Nippon Railroad Co Ltd,Japan,Industrials,7606076
Nishikawa Rubber Co Ltd,Japan,Consumer Discretionary,1606013
Nishimatsu Construction Co Ltd,Japan,Industrials,6745897
Nishimatsuya Chain Co Ltd,Japan,Consumer Discretionary,2740610
Nishio Holdings Co Ltd,Japan,Industrials,3011768
Nissan Chemical Corp,Japan,Basic Materials,73403695
Nissan Motor Co Ltd,Japan,Consumer Discretionary,78624698
Nissan Shatai Co Ltd,Japan,Consumer Discretionary,2683324
Nissei ASB Machine Co Ltd,Japan,Industrials,15601340
Nissha Co Ltd,Japan,Technology,2705445
Nisshin Oillio Group Ltd/The,Japan,Consumer Staples,9271109
Nisshin Seifun Group Inc,Japan,Consumer Staples,49771946
Nisshinbo Holdings Inc,Japan,Industrials,7864837
Nissin Foods Holdings Co Ltd,Japan,Consumer Staples,60866556
Nissui Corp,Japan,Consumer Staples,14734168
Niterra Co Ltd,Japan,Consumer Discretionary,174619422
Nitori Holdings Co Ltd,Japan,Consumer Discretionary,89871749
Nitta Corp,Japan,Industrials,2836980
Nittetsu Mining Co Ltd,Japan,Basic Materials,4511820
Nitto Boseki Co Ltd,Japan,Basic Materials,11973588
Nitto Denko Corp,Japan,Basic Materials,285963514
Nitto Kogyo Corp,Japan,Industrials,4507611
Noah Holdings Ltd,China,Financials,268168
Nobia AB,Sweden,Consumer Discretionary,605459
Noevir Holdings Co Ltd,Japan,Consumer Discretionary,2661890
Nohmi Bosai Ltd,Japan,Industrials,3216523
Nojima Corp,Japan,Consumer Discretionary,17470972
Nokia Oyj,Finland,Telecommunications,556963920
Nolato AB,Sweden,Industrials,5631102
Nomad Foods Ltd,United States,Consumer Staples,1230696
Nomura Co Ltd,Japan,Industrials,4094383
Nomura Holdings Inc,Japan,Financials,288945979
Nomura Micro Science Co Ltd,Japan,Industrials,4023441
Nomura Real Estate Holdings Inc,Japan,Real Estate,55386098
Nomura Real Estate Master Fund Inc,Japan,Real Estate,80319858
Nomura Research Institute Ltd,Japan,Technology,269000472
NongShim Co Ltd,South Korea,Consumer Staples,25168194
Nongfu Spring Co Ltd,China,Consumer Staples,20594218
Nordea Bank Abp,Finland,Financials,3072497484
Nordex SE,Germany,Energy,791011
Nordnet AB publ,Sweden,Financials,313735003
Nordson Corp,United States,Industrials,164237733
Norfolk Southern Corp,United States,Industrials,684318370
Noritake Co Ltd,Japan,Industrials,13307365
Noritsu Koki Co Ltd,Japan,Consumer Discretionary,31396551
Noritz Corp,Japan,Consumer Discretionary,2641693
Norte Grande SA,Chile,Financials,20278514
North Pacific Bank Ltd,Japan,Financials,10992432
Northam Platinum Holdings Ltd,South Africa,Basic Materials,315427500
Northeast Group Sdn Bhd,Malaysia,Industrials,4420281
Northern Solar Holdings Bhd,Malaysia,Energy,1564810
Northern Star Resources Ltd,Australia,Basic Materials,672432375
Northern Trust Corp,United States,Financials,252179561
Northland Power Inc,Canada,Utilities,72634557
Northsand Inc,Japan,Technology,13192337
Northwestern Energy Group Inc,United States,Utilities,50273949
Norwegian Cruise Line Holdings Ltd,United States,Consumer Discretionary,27890603
Notion VTEC Bhd,Malaysia,Technology,808799
Nova Ljubljanska Banka dd,Slovenia,Financials,35211880
Nova Ltd,Israel,Technology,109562206
Novaland Investment Group Corp,Vietnam,Real Estate,3606530
Novanta Inc,United States,Technology,50718774
Novartis AG,Switzerland,Health Care,6371653446
Novatek Microelectronics Corp,Taiwan,Technology,36189257
Novatek PJSC,Russia,Energy,3875894
Noventiq Holdings plc,United Kingdom,Technology,5834379
Novo Nordisk A/S,Denmark,Health Care,3651959637
Novolipetsk Steel PJSC,Russia,Basic Materials,1313886
Novonesis Novozymes B,Denmark,Health Care,769856262
Nucor Corp,United States,Basic Materials,571590125
Nufarm Ltd,Australia,Basic Materials,5572179
Nusantara Sejahtera Raya Tbk PT,Indonesia,Consumer Discretionary,1976916
Nutanix Inc,United States,Technology,162310632
Nutrien Ltd,Canada,Basic Materials,406748744
Nuvalent Inc,United States,Health Care,94302421
Nuvama Wealth Management Ltd,India,Financials,16652195
Nuvoton Technology Corp,Taiwan,Technology,3450804
Nxera Pharma Co Ltd,Japan,Health Care,2303011
Nyfosa AB,Sweden,Real Estate,26085838
O'Reilly Automotive Inc,United States,Consumer Discretionary,981639599
O-Bank Co Ltd,Taiwan,Financials,1177244
OBIC Business Consultants Co Ltd,Japan,Technology,25394862
OCI International Holdings Ltd,Hong Kong,Financials,114
OGE Energy Corp,United States,Utilities,128721370
OKUMA Corp,Japan,Industrials,40443913
OMV AG,Austria,Energy,86142469
ON Semiconductor Corp,United States,Technology,224517542
ONE Gas Inc,United States,Utilities,58657007
ONEOK Inc,United States,Energy,498661853
OPAP SA,Greece,Consumer Discretionary,16375356
OPC Energy Ltd,Israel,Utilities,26534741
OR OOO,Russia,Consumer Discretionary,2
OR Royalties Inc,Canada,Basic Materials,88711965
ORIC Pharmaceuticals Inc,United States,Health Care,14701129
ORIX Corp,Japan,Financials,601726329
ORLEN SA,Poland,Energy,53009616
OSAKA Titanium Technologies Co Ltd,Japan,Basic Materials,2304854
OSB Group PLC,United Kingdom,Financials,131976781
OSG Corp,Japan,Industrials,5975000
OSL Group Ltd,Hong Kong,Financials,14567996
OSRAM Licht AG,Germany,Industrials,131514146
OTP Bank Nyrt,Hungary,Financials,199977894
OUE Real Estate Investment Trust,Singapore,Real Estate,11112890
OUTsurance Group Ltd,South Africa,Financials,32074467
OVH Groupe SA,France,Technology,770557
OVS SpA,Italy,Consumer Discretionary,3209765
Obayashi Corp,Japan,Industrials,229648037
Oberoi Realty Ltd,India,Real Estate,25893859
Obic Co Ltd,Japan,Technology,21697528
Objective Corp Ltd,Australia,Technology,3935965
Ocado Group PLC,United Kingdom,Consumer Staples,35892122
Oceana Group Ltd,South Africa,Consumer Staples,6082405
OceanaGold Corp,Canada,Basic Materials,88302390
Odakyu Electric Railway Co Ltd,Japan,Consumer Discretionary,59658012
Oesterreichische Post AG,Austria,Industrials,24772874
Ogaki Kyoritsu Bank Ltd/The,Japan,Financials,6744181
Ohsho Food Service Corp,Japan,Consumer Discretionary,4007854
Oita Bank Ltd/The,Japan,Financials,5055447
Oji Holdings Corp,Japan,Basic Materials,74004804
Okamoto Industries Inc,Japan,Industrials,2527378
Okamura Corp,Japan,Consumer Discretionary,26871423
Okasan Securities Group Inc,Japan,Financials,5269018
Oki Electric Industry Co Ltd,Japan,Technology,6079929
Okinawa Cellular Telephone Co,Japan,Telecommunications,25543919
Okinawa Financial Group Inc,Japan,Financials,3705723
Oklo Inc,United States,Utilities,91279222
Okta Inc,United States,Technology,179918388
Okumura Corp,Japan,Industrials,7282121
Ola Electric Mobility Ltd,India,Consumer Discretionary,3246090
Old Dominion Freight Line Inc,United States,Industrials,340391162
Old Mutual Ltd,South Africa,Financials,57432715
Old National Bancorp/IN,United States,Financials,97404835
Old Republic International Corp,United States,Financials,136253428
Olectra Greentech Ltd,India,Industrials,5649598
Olema Pharmaceuticals Inc,United States,Health Care,22228825
Ollie's Bargain Outlet Holdings Inc,United States,Consumer Discretionary,82645502
Olympus Corp,Japan,Health Care,216257236
Omada Health Inc,United States,Health Care,898860
Omega Healthcare Investors Inc,United States,Real Estate,152191862
OmniVision Integrated Circuits Group Inc,China,Technology,35954808
Omnia Holdings Ltd,South Africa,Basic Materials,13945184
Omnicom Group Inc,United States,Consumer Discretionary,33353626
Omron Corp,Japan,Industrials,60744978
On Holding AG,United States,Consumer Discretionary,168691398
Oncoclinicas do Brasil Servicos Medicos SA,Brazil,Health Care,347472
One 97 Communications Ltd,India,Industrials,143514089
One Mobikwik Systems Ltd,India,Industrials,6079074
One REIT Inc,Japan,Real Estate,3233070
One Software Technologies Ltd,Israel,Technology,6934650
OneMain Holdings Inc,United States,Financials,100311682
Oneness Biotech Co Ltd,Taiwan,Health Care,205
Onesource Specialty Pharma Ltd,India,Health Care,7936939
Onestream Inc,United States,Technology,109719943
Onewo Inc,China,Real Estate,1794759
Onex Corp,Canada,Financials,61748143
Ono Pharmaceutical Co Ltd,Japan,Health Care,93472220
Onto Innovation Inc,United States,Technology,100517355
Onward Holdings Co Ltd,Japan,Consumer Discretionary,18856458
Ooredoo QPSC,Qatar,Telecommunications,215321587
Open House Group Co Ltd,Japan,Real Estate,74053424
Open Text Corp,Canada,Technology,105055712
Open Up Group Inc,Japan,Industrials,4151732
Opendoor Technologies Inc,United States,Real Estate,12
Opmobility,France,Consumer Discretionary,21044757
Oponeo.pl SA,Poland,Consumer Discretionary,4177463
Optasia Group,South Africa,Financials,5397187
Optex Group Co Ltd,Japan,Industrials,18315835
Opthea Ltd,Australia,Health Care,98019
Optimum Communications Inc,United States,Telecommunications,1986065
Option Care Health Inc,United States,Health Care,64370645
Optorun Co Ltd,Japan,Industrials,14819879
Ora Banda Mining Ltd,Australia,Basic Materials,6484774
Oracle Corp,United States,Technology,4097599752
Oracle Corp Japan,Japan,Technology,47377299
Oracle Financial Services Software Ltd,India,Technology,23873819
Orange Belgium SA,Belgium,Telecommunications,19592485
Orange Polska SA,Poland,Telecommunications,111555155
Orange SA,France,Telecommunications,781451080
Orbbec Inc,China,Industrials,1079375
Orbia Advance Corp SAB de CV,Mexico,Industrials,109162012
Organo Corp,Japan,Industrials,44993840
Organon & Co,United States,Health Care,4114555
Orica Ltd,Australia,Basic Materials,151819661
Orient Corp,Japan,Financials,2428101
Orient Electric Ltd,India,Consumer Discretionary,407467
Orient Overseas International Ltd,Hong Kong,Industrials,1112
Orient Securities Co Ltd/China,China,Financials,6772320
Orient Semiconductor Electronics Ltd,Taiwan,Technology,10527781
Oriental Food Industries Holdings BHD,Malaysia,Consumer Staples,1947632
Oriental Kopi Holdings Bhd,Malaysia,Consumer Discretionary,9895288
Oriental Land Co Ltd/Japan,Japan,Consumer Discretionary,315927716
Origin Energy Ltd,Australia,Utilities,225759830
Origin Property PCL,Thailand,Real Estate,0
Oriola Oyj,Finland,Health Care,1658527
Orion Corp/Republic of Korea,South Korea,Consumer Staples,42905373
Orion Minerals Ltd,Australia,Basic Materials,1873122
Orion Oyj,Finland,Health Care,164798288
Orix JREIT Inc,Japan,Real Estate,60752642
Orizon Valorizacao de Residuos SA,Brazil,Utilities,17636826
Orkim Bhd,Malaysia,Industrials,550049
Orkla India Ltd,India,Consumer Staples,3229591
Orla Mining Ltd,Canada,Basic Materials,34801399
Ormat Technologies Inc,United States,Utilities,90576409
Orora Ltd,Australia,Industrials,49670445
Orsted AS,Denmark,Utilities,249687885
Orthocell Ltd,Australia,Health Care,1029642
Orzel Bialy SA,Poland,Utilities,2516565
Osaka Gas Co Ltd,Japan,Utilities,212920227
Osaka Soda Co Ltd,Japan,Basic Materials,16176080
Osaka Steel Co Ltd,Japan,Basic Materials,1563736
Oscotec Inc,South Korea,Health Care,11537068
Oshkosh Corp,United States,Industrials,105345529
Osotspa PCL,Thailand,Consumer Staples,10086190
Otis Worldwide Corp,United States,Industrials,752377870
Otokar Otomotiv Ve Savunma Sanayi A.S.,Türkiye,Industrials,28618844
Otoki Corp,South Korea,Consumer Staples,463962
Otsuka Corp,Japan,Technology,109391359
Otsuka Holdings Co Ltd,Japan,Health Care,267825175
Ottobock SE & Co KGaA,Germany,Health Care,10720401
Ouro Fino Saude Animal Participacoes SA,Brazil,Health Care,2287102
Outokumpu Oyj,Finland,Basic Materials,9417492
Oversea-Chinese Banking Corp Ltd,Singapore,Financials,629080497
Owens Corning,United States,Industrials,108678599
Oxford Instruments PLC,United Kingdom,Industrials,30235969
Oxford Nanopore Technologies PLC,United Kingdom,Health Care,13395818
Oyak Cimento Fabrikalari AS,Türkiye,Industrials,1040276
Ozon Holdings PLC,Russia,Consumer Discretionary,1519282
PACCAR Inc,United States,Industrials,570001740
PAL GROUP Holdings Co Ltd,Japan,Consumer Discretionary,7463623
PALTAC Corp,Japan,Consumer Staples,14699989
PAZ Corp SA,Chile,Real Estate,10100727
PB Fintech Ltd,India,Financials,76779972
PBF Energy Inc,United States,Energy,20080868
PCBL CHEMICAL Ltd,India,Basic Materials,6636795
PCC Exol SA,Poland,Basic Materials,553238
PCC Rokita SA,Poland,Basic Materials,6082668
PCCW Ltd,Hong Kong,Telecommunications,420
PDD Holdings Inc,China,Technology,1915338297
PESTEC International Bhd,Malaysia,Industrials,724495
PEXA Group Ltd,Australia,Technology,21961160
PG Electroplast Ltd,India,Industrials,28243584
PG&E Corp,United States,Utilities,470892702
PGF Capital Bhd,Malaysia,Industrials,623635
PHA Co Ltd,South Korea,Consumer Discretionary,671638
PHC Holdings Corp,Japan,Health Care,1654397
PI Advanced Materials Co Ltd,South Korea,Industrials,6214137
PI Industries Ltd,India,Basic Materials,30548269
PICC Property & Casualty Co Ltd,China,Financials,281345147
PIE Industrial BHD,Malaysia,Industrials,3660399
PIK-Spetsializirovannyy Zastroyshchik PAO,Russia,Real Estate,313875
PILLAR Corp /Japan,Japan,Industrials,21729492
PKSHA Technology Inc,Japan,Technology,132119
PLDT Inc,Philippines,Telecommunications,1053382
PLS Group Ltd,Australia,Basic Materials,129401316
PLS Plantations Bhd,Malaysia,Consumer Staples,959142
PLYTEC Holding Bhd,Malaysia,Industrials,319800
PMCK Bhd,Malaysia,Health Care,363233
PN Gadgil Jewellers Ltd,India,Consumer Discretionary,1043283
PNB Housing Finance Ltd,India,Financials,25661464
PNC Financial Services Group Inc/The,United States,Financials,1950370615
PNC Infratech Ltd,India,Industrials,3332298
POCO Holding Co Ltd,China,Basic Materials,44627742
POSCO Future M Co Ltd,South Korea,Basic Materials,773547
PPB Group Bhd,Malaysia,Consumer Staples,12265
PPC Ltd,South Africa,Industrials,4099550
PPG Industries Inc,United States,Industrials,168068417
PPK Mining Equipment Pty Ltd,Australia,Industrials,75808
PPL Corp,United States,Utilities,332098442
PRADA SpA,Hong Kong,Consumer Discretionary,284663531
PROCEPT BioRobotics Corp,United States,Health Care,2710531
PRTR Group PCL,Thailand,Industrials,1361487
PSK Inc,South Korea,Technology,24299978
PSP Swiss Property AG,Switzerland,Real Estate,183358676
PTC Inc,United States,Technology,252859718
PTC Industries Ltd,India,Basic Materials,10074827
PTG Energy PCL,Thailand,Consumer Discretionary,2096
PTT Global Chemical PCL,Thailand,Basic Materials,2587164
PVR Inox Ltd,India,Consumer Discretionary,7470512
PZ Cussons PLC,United Kingdom,Consumer Staples,2016574
Pacific Basin Shipping Ltd,Hong Kong,Industrials,16939985
Pacific Current Group Ltd,Australia,Financials,1638091
Pacific Edge Ltd,New Zealand,Health Care,2068670
Pacific Electric Wire & Cable Co Ltd,Taiwan,Technology,101971
Pacific Industrial Co Ltd,Japan,Consumer Discretionary,6567208
Packaging Corp of America,United States,Industrials,223854003
Padini Holdings Bhd,Malaysia,Consumer Discretionary,6278454
Pagseguro Digital Ltd,United States,Industrials,1447109
Pakuwon Jati Tbk PT,Indonesia,Real Estate,7836906
Paladin Energy Ltd,Australia,Basic Materials,51948748
Palantir Technologies Inc,United States,Technology,5170970399
Palfinger AG,Austria,Industrials,5849374
Palo Alto Networks Inc,United States,Technology,1441806712
Palvella Therapeutics Inc,United States,Health Care,12588661
Pan African Resources PLC,United Kingdom,Basic Materials,45060220
Pan American Silver Corp,Canada,Basic Materials,391091245
Pan Jit International Inc,Taiwan,Technology,11852929
Pan Merchant Bhd,Malaysia,Industrials,83169
Pan Ocean Co Ltd,South Korea,Industrials,8831032
Pan Pacific International Holdings Corp,Japan,Consumer Discretionary,429338559
Pan-International Industrial Corp,Taiwan,Technology,6850645
Panasonic Holdings Corp,Japan,Consumer Discretionary,487893212
Pandora A/S,Denmark,Consumer Discretionary,85320120
Pandox AB,Sweden,Real Estate,48268497
Panin Financial Tbk PT,Indonesia,Financials,5043958
Pantai Indah Kapuk Dua Tbk PT,Indonesia,Real Estate,16460391
Pantoro Gold Ltd,Australia,Basic Materials,16611196
Papoutsanis SA,Greece,Consumer Staples,1510875
Parade Technologies Ltd,Taiwan,Technology,14107223
Paradeep Phosphates Ltd,India,Basic Materials,7156785
Paradise Co Ltd,South Korea,Consumer Discretionary,423668
Paradox Interactive AB,Sweden,Consumer Discretionary,6349580
Paragon Banking Group PLC,United Kingdom,Financials,44452766
Paramount Bed Holdings Co Ltd,Japan,Health Care,5774904
Paramount Skydance Corp,United States,Consumer Discretionary,1741089
Park Hotels & Resorts Inc,United States,Real Estate,1985214
Park Systems Corp,South Korea,Industrials,53479510
Park24 Co Ltd,Japan,Industrials,52526435
Parker-Hannifin Corp,United States,Industrials,1671133248
Parkin Co PJSC,United Arab Emirates,Industrials,81006977
Parkway Life Real Estate Investment Trust,Singapore,Real Estate,24226190
Parque Arauco SA,Chile,Real Estate,9522568
Parsons Corp,United States,Technology,22875394
Partners Group Holding AG,Switzerland,Financials,253407739
Pasona Group Inc,Japan,Industrials,1735031
Patanjali Foods Ltd,India,Consumer Staples,15831234
Pattern Group Inc,United States,Industrials,25965000
PayPal Holdings Inc,United States,Industrials,673109257
Paychex Inc,United States,Industrials,159166256
Paycom Software Inc,United States,Technology,1078548
Paylocity Holding Corp,United States,Industrials,75901690
Paymentus Holdings Inc,United States,Industrials,6536887
Peab AB,Sweden,Industrials,30960308
Pearl Abyss Corp,South Korea,Consumer Discretionary,751401
Pearson PLC,United Kingdom,Consumer Discretionary,242309
Peet Ltd,Australia,Real Estate,6325602
Pegasus Hava Tasimaciligi AS,Türkiye,Consumer Discretionary,13222718
Pegasystems Inc,United States,Technology,51278220
Pegatron Corp,Taiwan,Technology,30313652
Pegavision Corp,Taiwan,Health Care,3514125
Peijia Medical Ltd,China,Health Care,1644671
Pekat Group Bhd,Malaysia,Energy,9725176
Peker Gayrimenkul Yatirim Ortakligi AS,Türkiye,Real Estate,1690811
Peloton Interactive Inc,United States,Consumer Discretionary,4574194
Pembina Pipeline Corp,Canada,Energy,209520832
Penn Entertainment Inc,United States,Consumer Discretionary,1341734
Pennon Group PLC,United Kingdom,Utilities,68152079
PennyMac Financial Services Inc,United States,Financials,44286506
Pensionbee Group PLC,United Kingdom,Financials,17381827
Penske Automotive Group Inc,United States,Consumer Discretionary,36115446
Penta-Ocean Construction Co Ltd,Japan,Industrials,16647550
Pentair PLC,United States,Industrials,33270127
Pentamaster Corp Bhd,Malaysia,Industrials,24614288
Penumbra Inc,United States,Health Care,120125364
People & Technology Inc,South Korea,Industrials,1158395
People's Insurance Co Group of China Ltd/The,China,Financials,31405126
PeopleIN Ltd,Australia,Industrials,1945381
Pepco Group NV,Poland,Consumer Discretionary,29111440
Pepkor Holdings Ltd,South Africa,Consumer Discretionary,202298940
PepsiCo Inc,United States,Consumer Staples,2479010483
PeptiDream Inc,Japan,Health Care,27531063
Peptron Inc,South Korea,Health Care,6762636
Perenti Ltd,Australia,Basic Materials,22394097
Perfect World Co Ltd/China,China,Consumer Discretionary,2195994
Performance Food Group Co,United States,Consumer Staples,204122446
Pernod Ricard SA,France,Consumer Staples,376103709
Perpetual Ltd,Australia,Financials,66685749
Perrigo Co PLC,United States,Health Care,48337840
Persimmon PLC,United Kingdom,Consumer Discretionary,204478989
Persistent Systems Ltd,India,Technology,75317397
Persol Holdings Co Ltd,Japan,Industrials,51589310
Pertamina Geothermal Energy PT,Indonesia,Utilities,2426816
Perusahaan Gas Negara Tbk PT,Indonesia,Utilities,1069279
Petkim Petrokimya Holding AS,Türkiye,Basic Materials,871170
Petra Energy Bhd,Malaysia,Energy,776589
PetroChina Co Ltd,China,Energy,299345637
PetroVietNam Ca Mau Fertilizer JSC,Vietnam,Basic Materials,3462719
PetroVietnam Drilling & Well Services JSC,Vietnam,Energy,7073271
PetroVietnam Technical Services Corp,Vietnam,Energy,4790756
Petrofac Ltd,United Kingdom,Energy,0
Petroleo Brasileiro SA - Petrobras,Brazil,Energy,595679290
Petronas Chemicals Group Bhd,Malaysia,Basic Materials,4219584
Petronas Dagangan Bhd,Malaysia,Energy,364873
Petronas Gas Bhd,Malaysia,Utilities,149049
Petronet LNG Ltd,India,Energy,75776731
Pets at Home Group Plc,United Kingdom,Consumer Discretionary,23699222
Peugeot Invest SA,France,Financials,9100586
Pfeiffer Vacuum Technology AG,Germany,Industrials,12300308
Pfizer Inc,United States,Health Care,1634525665
Pfizer Ltd,India,Health Care,1578339
PharmaEssentia Corp,Taiwan,Health Care,49983271
PharmaResearch Co Ltd,South Korea,Health Care,18301803
Pharmaniaga Bhd,Malaysia,Health Care,3602897
Pharmanutra SpA,Italy,Health Care,2525651
Pharmaron Beijing Co Ltd,China,Health Care,63858415
Phihong Technology Co Ltd,Taiwan,Industrials,522873
Philippine Seven Corp,Philippines,Consumer Staples,328521
Phillips 66,United States,Energy,506668850
Phillips Edison & Co Inc,United States,Real Estate,57336386
Phison Electronics Corp,Taiwan,Technology,341381608
Phoenix Financial Ltd,Israel,Financials,79850925
Phoenix Group Holdings PLC,United Kingdom,Financials,195138265
Phoenix Mills Ltd/The,India,Real Estate,45108527
Phoenix Silicon International Corp,Taiwan,Technology,12423545
PhosAgro PJSC,Russia,Basic Materials,2776159
Phu Nhuan Jewelry JSC,Vietnam,Consumer Discretionary,12745807
Pick n Pay Stores Ltd,South Africa,Consumer Staples,12735206
Pidilite Industries Ltd,India,Basic Materials,135596700
Pierce Group AB,Sweden,Consumer Discretionary,1641150
Pigeon Corp,Japan,Consumer Staples,7463904
Pilgrim's Pride Corp,United States,Consumer Staples,7686333
Pilot Corp,Japan,Consumer Staples,16843242
Ping An Healthcare and Technology Co Ltd,China,Health Care,8699687
Ping An Insurance Group Co of China Ltd,China,Financials,1313260434
Pinnacle Financial Partners Inc,United States,Financials,116349156
Pinnacle Investment Management Group Ltd,Australia,Financials,40013456
Pinnacle West Capital Corp,United States,Utilities,123748386
Pinterest Inc,United States,Technology,341643120
Piolax Inc,Japan,Consumer Discretionary,839464
Piper Sandler Cos,United States,Financials,73518340
Piraeus Bank SA,Greece,Financials,215489044
Piramal Finance Ltd,India,Financials,127953373
Piramal Pharma Ltd,India,Health Care,12330155
Pirelli & C SpA,Italy,Consumer Discretionary,45152903
Pixart Imaging Inc,Taiwan,Technology,12270970
Plan B Media Pcl,Thailand,Consumer Discretionary,5297983
Planet Fitness Inc,United States,Consumer Discretionary,108795518
Planet Labs PBC,United States,Industrials,13284496
Platinum Group PCL/The,Thailand,Real Estate,2199912
PlayWay SA,Poland,Consumer Discretionary,2409542
Playtech Plc,United Kingdom,Consumer Discretionary,25352637
Playtika Holding Corp,United States,Consumer Discretionary,213
Plaza SA,Chile,Real Estate,38708488
Plejd AB,Sweden,Industrials,17840789
Plug Power Inc,United States,Energy,89672
Plus Alpha Consulting Co Ltd,Japan,Technology,532427
Plus500 Ltd,United Kingdom,Financials,57343868
Pluxee NV,France,Industrials,24625454
Poh Kong Holdings Bhd,Malaysia,Consumer Discretionary,2059388
Pola Orbis Holdings Inc,Japan,Consumer Discretionary,11194882
Poly Medicure Ltd,India,Health Care,7132816
Poly Property Services Co Ltd,China,Real Estate,6022656
PolyNovo Ltd,Australia,Health Care,3905914
Polycab India Ltd,India,Industrials,97589801
Pool Corp,United States,Consumer Discretionary,97611285
Poonawalla Fincorp Ltd,India,Financials,10378336
Poongsan Holdings Corp,South Korea,Basic Materials,13568750
Pop Mart International Group Ltd,China,Consumer Discretionary,628326564
Popular Inc,United States,Financials,104954795
Porsche Automobil Holding SE,Germany,Consumer Discretionary,132357079
Portland General Electric Co,United States,Utilities,58094918
Porto Seguro SA,Brazil,Financials,978540
Posco DX Co Ltd,South Korea,Technology,468506
Post Holdings Inc,United States,Consumer Staples,113660370
Postal Savings Bank of China Co Ltd,China,Financials,56786649
Poste Italiane SpA,Italy,Financials,325773587
PotlatchDeltic Corp,United States,Real Estate,225486724
Pou Chen Corp,Taiwan,Consumer Discretionary,27751200
Power Assets Holdings Ltd,Hong Kong,Utilities,156477403
Power Corp of Canada,Canada,Financials,383273419
Power Finance Corp Ltd,India,Financials,71292423
Power Grid Corp of India Ltd,India,Utilities,143023060
Powerchip Semiconductor Manufacturing Corp,Taiwan,Technology,64716465
Powertech Technology Inc,Taiwan,Technology,87179656
Powerwell Holdings Bhd,Malaysia,Industrials,2702070
Powszechna Kasa Oszczednosci Bank Polski SA,Poland,Financials,156766930
Powszechny Zaklad Ubezpieczen SA,Poland,Financials,83806724
Poya International Co Ltd,Taiwan,Consumer Discretionary,44628976
Poznanska Korporacja Budowlana Pekabex SA,Poland,Industrials,1348550
Praj Industries Ltd,India,Industrials,4827303
Praram 9 Hospital PCL,Thailand,Health Care,5555096
Praxis Precision Medicines Inc,United States,Health Care,10464449
Precinct Properties Group,New Zealand,Real Estate,11473196
Precious Shipping PCL,Thailand,Industrials,6228149
Premier Energies Ltd,India,Energy,26812659
Premier Investments Ltd,Australia,Consumer Discretionary,31348959
Premium Brands Holdings Corp,Canada,Consumer Staples,12926723
Premium Group Co Ltd,Japan,Financials,17919190
President Chain Store Corp,Taiwan,Consumer Staples,39801070
President Securities Corp,Taiwan,Financials,1562967
Presight AI Holding PLC,United Arab Emirates,Technology,16440336
Press Metal Aluminium Holdings Bhd,Malaysia,Basic Materials,111280396
Prestige Consumer Healthcare Inc,United States,Health Care,36953791
Prestige Estates Projects Ltd,India,Real Estate,23924324
Prestige International Inc,Japan,Industrials,2572581
Prima Meat Packers Ltd,Japan,Consumer Staples,2871219
Primarius Technologies Co Ltd,China,Technology,1996003
Primary Health Properties PLC,United Kingdom,Real Estate,61964205
Primax Electronics Ltd,Taiwan,Technology,15095775
Prime Bank PLC,Bangladesh,Financials,8169816
Primerica Inc,United States,Financials,7824949
Primo Brands Corp,United States,Consumer Staples,62832314
Primoris Services Corp,United States,Industrials,83876805
Princes Group PLC,United Kingdom,Consumer Staples,5424434
Principal Financial Group Inc,United States,Financials,219405615
Privia Health Group Inc,United States,Health Care,750777
Pro Medicus Ltd,Australia,Health Care,142262016
ProSiebenSat.1 Media SE,Germany,Consumer Discretionary,5868792
Procore Technologies Inc,United States,Technology,163434851
Procrea Holdings Inc,Japan,Financials,232921
Procter & Gamble Co/The,United States,Consumer Staples,4336344918
Procter & Gamble Health Ltd,India,Consumer Staples,5320615
Profile Systems & Software SA,Greece,Technology,9869660
Profoto Holding AB,Sweden,Consumer Discretionary,1115791
Progressive Corp/The,United States,Financials,1808562943
Prologis Inc,United States,Real Estate,1564613726
Prologis Property Mexico SA de CV,Mexico,Real Estate,48279632
Promotora de Informaciones SA,Spain,Consumer Discretionary,923751
Promotora y Operadora de Infraestructura SAB de CV,Mexico,Industrials,278925900
Propel Funeral Partners Ltd,Australia,Consumer Discretionary,19001341
Prosperity Bancshares Inc,United States,Financials,80396216
Prosus NV,Netherlands,Technology,2520384316
Protagonist Therapeutics Inc,United States,Health Care,8386736
Proximus SADP,Belgium,Telecommunications,34380626
Proya Cosmetics Co Ltd,China,Consumer Discretionary,9456597
Prudent Corporate Advisory Services Ltd,India,Financials,4207922
Prudential Financial Inc,United States,Financials,48090492
Prudential PLC,United Kingdom,Financials,1480699597
Pruksa Holding PCL,Thailand,Real Estate,144367
Prysmian SpA,Italy,Industrials,518840473
Public Bank Bhd,Malaysia,Financials,135505273
Public Power Corp SA,Greece,Utilities,55745974
Public Service Enterprise Group Inc,United States,Utilities,533253510
Public Storage,United States,Real Estate,1137731300
Publicis Groupe SA,France,Consumer Discretionary,97127023
Puig Brands SA,Spain,Consumer Discretionary,101299054
PulteGroup Inc,United States,Consumer Discretionary,406927143
Puma SE,Germany,Consumer Discretionary,88245954
Pumtech Korea Co Ltd,South Korea,Industrials,11294078
Punjab National Bank,India,Financials,32189216
Puradelta Lestari Tbk PT,Indonesia,Real Estate,831867
Pure Biologics SA,Poland,Health Care,60437
Pure Health Holding PJSC,United Arab Emirates,Health Care,8573226
Pure Storage Inc,United States,Technology,253475511
PureTech Health PLC,United Kingdom,Health Care,6169144
Puregold Price Club Inc,Philippines,Consumer Staples,208691
Puuilo Oyj,Finland,Consumer Discretionary,3350706
Pylon Technologies Co Ltd,China,Industrials,3870992
Q Technology Group Co Ltd,China,Consumer Discretionary,5299618
Q2 Holdings Inc,United States,Technology,59601418
QB Net Holdings Co Ltd,Japan,Consumer Discretionary,2426891
QBE Insurance Group Ltd,Australia,Financials,240883777
QES Group Bhd,Malaysia,Industrials,1944924
QIAGEN NV,Germany,Health Care,163559944
QLM Life & Medical Insurance Co WLL,Qatar,Financials,11053947
QNA Technology SA,Poland,Technology,546391
QRT Inc,South Korea,Industrials,1465189
QT Group Oyj,Finland,Technology,9817637
QUALCO GROUP SA,Greece,Technology,9366429
QUALCOMM Inc,United States,Technology,2326934608
QVC Group Inc,United States,Consumer Discretionary,4339
QXO Inc,United States,Industrials,171227222
Qantas Airways Ltd,Australia,Consumer Discretionary,67460611
Qatar Aluminum Manufacturing Co,Qatar,Basic Materials,995025
Qatar Electricity & Water Co QSC,Qatar,Utilities,6484591
Qatar Fuel QSC,Qatar,Energy,22878493
Qatar Gas Transport Co Ltd,Qatar,Industrials,108659871
Qatar International Islamic Bank QSC,Qatar,Financials,1040036
Qatar Islamic Bank QPSC,Qatar,Financials,70259959
Qatar National Bank QPSC,Qatar,Financials,457671785
Qatar Navigation QSC,Qatar,Industrials,12448277
Qfin Holdings Inc,China,Financials,96086521
QinetiQ Group PLC,United Kingdom,Industrials,60625550
Qingdao Haier Biomedical Co Ltd,China,Health Care,854151
Qingdao Port International Co Ltd,China,Industrials,1286138
Qisda Corp,Taiwan,Technology,13724027
Qnity Electronics Inc,United States,Technology,183145114
Qoria Ltd,Australia,Technology,8421980
Qorvo Inc,United States,Technology,80588313
Qua Granite Hayal,Türkiye,Industrials,241900
Qualitas Controladora SAB de CV,Mexico,Financials,35889080
Quality Houses PCL,Thailand,Real Estate,626724
Qualys Inc,United States,Technology,9663824
Quanta Computer Inc,Taiwan,Technology,106591078
Quanta Services Inc,United States,Industrials,760579132
Quanta Storage Inc,Taiwan,Technology,6317221
QuantumScape Corp,United States,Consumer Discretionary,1186786
Qube Holdings Ltd,Australia,Industrials,75105807
Quebecor Inc,Canada,Telecommunications,25428140
Quest Diagnostics Inc,United States,Health Care,184008956
Quest Holdings SA,Greece,Technology,15846938
QuidelOrtho Corp,United States,Health Care,1372051
Quilter PLC,United Kingdom,Financials,76256708
Quinenco SA,Chile,Financials,61227131
Qunabox Group Ltd,China,Technology,2752748
R Bio Co Ltd,South Korea,Health Care,0
R&B Food Supply PCL,Thailand,Consumer Staples,4783419
RAI Way SpA,Italy,Telecommunications,12378087
RAK Properties PJSC,United Arab Emirates,Real Estate,2727273
RB Global Inc,Canada,Consumer Discretionary,254943584
RBC Bearings Inc,United States,Basic Materials,173124025
RBL Bank Ltd,India,Financials,12959938
RDC Semiconductor Co Ltd,Taiwan,Technology,7750863
REA Group Ltd,Australia,Real Estate,109405953
REC Ltd,India,Financials,53838343
RELX PLC,United Kingdom,Technology,1543031321
REN - Redes Energeticas Nacionais SGPS SA,Portugal,Utilities,29469052
RENK Group AG,Germany,Industrials,87772418
RENOVA Inc,Japan,Utilities,1479735
REV Group Inc,United States,Industrials,69112815
RFHIC Corp,South Korea,Telecommunications,5111491
RGT BHD,Malaysia,Industrials,568679
RH,United States,Consumer Discretionary,25897207
RHB Bank Bhd,Malaysia,Financials,84221177
RHI Magnesita NV,United Kingdom,Basic Materials,12105711
RHT Health Trust,Singapore,Financials,180888
RITES Ltd,India,Industrials,3961860
RLH Properties SAB de CV,Mexico,Consumer Discretionary,17904270
RLI Corp,United States,Financials,66996849
RM PLC,United Kingdom,Consumer Discretionary,4433127
ROBLOX Corp,United States,Consumer Discretionary,375604922
ROCKWOOL A/S,Denmark,Industrials,8086237
RPM International Inc,United States,Industrials,117986440
RR Kabel Ltd,India,Industrials,61363974
RS GROUP PLC,United Kingdom,Industrials,70920462
RS Technologies Co Ltd,Japan,Technology,2126179
RTL Group SA,Germany,Consumer Discretionary,22523163
RTX Corp,United States,Industrials,3053803304
RWE AG,Germany,Utilities,445239391
Racing Force SpA,Italy,Consumer Discretionary,2777553
RadNet Inc,United States,Health Care,57752188
Radian Group Inc,United States,Financials,68005048
Radiant Opto-Electronics Corp,Taiwan,Technology,25836765
Radico Khaitan Ltd,India,Consumer Staples,31492554
Radium Development Bhd,Malaysia,Real Estate,12567767
Rafako SA,Poland,Industrials,5275
Raffles Medical Group Ltd,Singapore,Health Care,8841164
Raia Drogasil SA,Brazil,Consumer Staples,136983861
Raiffeisen Bank International AG,Austria,Financials,117413825
Rail Vikas Nigam Ltd,India,Industrials,11841708
Railtel Corp of India Ltd,India,Telecommunications,3555040
Rain Industries Ltd,India,Basic Materials,3174973
Rainbow Children's Medicare Ltd,India,Health Care,9319897
Rainbow Robotics,South Korea,Industrials,2636080
Raito Kogyo Co Ltd,Japan,Industrials,5435609
Raizen SA,Brazil,Energy,17192798
Raiznext Corp,Japan,Industrials,2154457
Rajthanee Hospital PCL,Thailand,Health Care,2173434
Raksul Inc,Japan,Industrials,1199544
Rakus Co Ltd,Japan,Technology,19010625
Rakuten Bank Ltd,Japan,Financials,129689572
Rakuten Group Inc,Japan,Technology,74838779
Ral Yatirim Holding AS,Türkiye,Basic Materials,5323061
Ralliant Corp,United States,Industrials,103164991
Ralph Lauren Corp,United States,Consumer Discretionary,26645221
Rambus Inc,United States,Technology,144724453
Ramco Cements Ltd/The,India,Industrials,12468680
Ramelius Resources Ltd,Australia,Basic Materials,76333865
Ramkrishna Forgings Ltd,India,Basic Materials,4544782
Ramsay Health Care Ltd,Australia,Health Care,53191878
Randstad NV,Netherlands,Industrials,39677793
Range Intelligent Computing Technology Group Co Ltd,China,Industrials,6248297
Ranhill Utilities Bhd,Malaysia,Utilities,1089207
Ratchthani Leasing PCL,Thailand,Financials,1734050
Rategain Travel Technologies Ltd,India,Technology,3843501
Rathbones Group PLC,United Kingdom,Financials,28476443
Rational AG,Germany,Consumer Discretionary,93542485
Ratnamani Metals & Tubes Ltd,India,Basic Materials,7315875
Raubex Group Ltd,South Africa,Industrials,12724623
Ray Co Ltd/KR,South Korea,Health Care,1820618
RaySearch Laboratories AB,Sweden,Health Care,4281121
Raydium Semiconductor Corp,Taiwan,Technology,7684537
Raymond James Financial Inc,United States,Financials,335653334
Raymond Realty Ltd,India,Basic Materials,3263314
Rayonier Inc,United States,Real Estate,313806466
ReNew Energy Global PLC,India,Utilities,58238268
Reach Ten Holdings Bhd,Malaysia,Telecommunications,6110695
ReadyTech Holdings Ltd,Australia,Technology,5665325
Realord Group Holdings Ltd,Hong Kong,Utilities,1723
Realtek Semiconductor Corp,Taiwan,Technology,90314482
Realty Income Corp,United States,Real Estate,683974020
Reckitt Benckiser Group PLC,United Kingdom,Consumer Staples,1113216655
Record PLC,United Kingdom,Financials,3218778
Recordati Industria Chimica e Farmaceutica SpA,Italy,Health Care,116392831
Recruit Holdings Co Ltd,Japan,Industrials,1323655409
Recticel SA,Belgium,Industrials,570255
Recursion Pharmaceuticals Inc,United States,Health Care,23472772
Red Star Macalline Group Corp Ltd,China,Consumer Discretionary,271
Redcare Pharmacy NV,Germany,Consumer Staples,26811604
Reddit Inc,United States,Technology,379363886
Rede D'Or Sao Luiz SA,Brazil,Health Care,48552922
Redefine Properties Ltd,South Africa,Real Estate,1264128
Redeia Corp SA,Spain,Utilities,35766169
Redington Ltd,India,Technology,19571360
Redox Ltd/Australia,Australia,Industrials,10593435
Reece Ltd,Australia,Industrials,25592120
Reeder Teknoloji Sanayi VE Ticaret AS,Türkiye,Technology,601416
Regal Partners Ltd,Australia,Financials,11592740
Regal Rexnord Corp,United States,Industrials,161284089
Regency Centers Corp,United States,Real Estate,1181114207
Regeneron Pharmaceuticals Inc,United States,Health Care,850649368
Region Group,Australia,Real Estate,23597299
Regions Financial Corp,United States,Financials,294979814
Regis Healthcare Ltd,Australia,Health Care,9965319
Regis Resources Ltd,Australia,Basic Materials,54680546
Reinet Investments SCA,South Africa,Financials,15846496
Reinsurance Group of America Inc,United States,Financials,171934687
Reiwa Accounting Holdings Co Ltd,Japan,Industrials,2923270
Relaxo Footwears Ltd,India,Consumer Discretionary,1967679
Relay Therapeutics Inc,United States,Health Care,7084548
Reliance Inc,United States,Basic Materials,190589493
Reliance Industries Ltd,India,Energy,1899594310
Reliance Worldwide Corp Ltd,Australia,Industrials,31290223
Relo Group Inc,Japan,Real Estate,23955273
Remed Co Ltd,South Korea,Health Care,83621
Remegen Co Ltd,China,Health Care,8621
Remgro Ltd,South Africa,Financials,110947094
Remitly Global Inc,United States,Industrials,13174432
Remy Cointreau SA,France,Consumer Staples,40158181
RenaissanceRe Holdings Ltd,United States,Financials,159423624
Renault SA,France,Consumer Discretionary,164433642
Renesas Electronics Corp,Japan,Technology,347519767
Rengo Co Ltd,Japan,Industrials,13992817
Renishaw PLC,United Kingdom,Industrials,28983084
Rentokil Initial PLC,United Kingdom,Industrials,358177342
Repligen Corp,United States,Health Care,109969559
Reply SpA,Italy,Technology,77720866
Repsol SA,Spain,Energy,450723443
Republic Services Inc,United States,Utilities,562303696
ResMed Inc,United States,Health Care,254387821
Resideo Technologies Inc,United States,Industrials,53740870
Resona Holdings Inc,Japan,Financials,408902606
Resonac Holdings Corp,Japan,Basic Materials,126613768
Resorttrust Inc,Japan,Consumer Discretionary,58109782
Restar Corp,Japan,Technology,1808793
Restaurant Brands International Inc,Canada,Consumer Discretionary,257069524
Resurs Holding AB,Sweden,Financials,18467
Revolution Medicines Inc,United States,Health Care,201608885
Revvity Inc,United States,Health Care,69377103
Reway Group SpA,Italy,Industrials,4614561
Rexel SA,France,Industrials,448618152
Rexford Industrial Realty Inc,United States,Real Estate,114239565
Reynolds Consumer Products Inc,United States,Consumer Staples,15799260
Rheinmetall AG,Germany,Industrials,1710299083
Rhi Magnesita India Ltd,India,Industrials,2689572
Rhythm Pharmaceuticals Inc,United States,Health Care,40730647
Richter Gedeon Nyrt,Hungary,Health Care,111162818
Ricoh Co Ltd,Japan,Technology,83198455
Ricoh Leasing Co Ltd,Japan,Financials,3154595
Rieter Holding AG,Switzerland,Industrials,6986899
Rigaku Holdings Corp,Japan,Industrials,4906591
Rightmove PLC,United Kingdom,Real Estate,112295650
Riken Keiki Co Ltd,Japan,Industrials,4691442
Riken Vitamin Co Ltd,Japan,Consumer Staples,2549714
Ringer Hut Co Ltd,Japan,Consumer Discretionary,692198
Ringkjoebing Landbobank A/S,Denmark,Financials,134095917
Rinnai Corp,Japan,Consumer Discretionary,44741596
Rio Tinto Ltd,Australia,Basic Materials,14199832
Rio Tinto PLC,United Kingdom,Basic Materials,2226348210
RioCan Real Estate Investment Trust,Canada,Real Estate,53603756
Riso Kagaku Corp,Japan,Technology,1691124
Rithm Capital Corp,United States,Financials,71777536
Riverstone Holdings Ltd,Singapore,Health Care,6556187
Rivian Automotive Inc,United States,Consumer Discretionary,159022290
Robert Half Inc,United States,Industrials,31822041
Robert Walters PLC,United Kingdom,Industrials,227907
Robertet SA,France,Basic Materials,10017788
Robinhood Markets Inc,United States,Financials,1133474967
Robinsons Land Corp,Philippines,Real Estate,706033
RoboSense Technology Co Ltd,China,Industrials,17440193
Roche Holding AG,Switzerland,Health Care,7489442227
Rockchip Electronics Co Ltd,China,Technology,3065008
Rocket Cos Inc,United States,Financials,181585649
Rocket Internet SE,Germany,Financials,12788362
Rocket Lab Corp,United States,Industrials,341036131
Rockpoint Gas Storage Inc,Canada,Energy,3574685
Rockwell Automation Inc,United States,Industrials,515541094
Rogers Corp,United States,Technology,119157294
Rohm Co Ltd,Japan,Technology,15385976
Rohto Pharmaceutical Co Ltd,Japan,Health Care,58820389
Roivant Sciences Ltd,United States,Health Care,151323344
Roko AB,Sweden,Financials,5329950
Roku Inc,United States,Telecommunications,3412011
Roland Corp,Japan,Consumer Discretionary,4814814
Rollins Inc,United States,Consumer Discretionary,219263383
Rolls-Royce Holdings PLC,United Kingdom,Industrials,2754693637
Roper Technologies Inc,United States,Technology,998277917
Rorze Corp,Japan,Technology,67652975
Rorze Systems Corp,South Korea,Technology,1342328
Ros Agro PLC,Russia,Consumer Staples,333775
Rosebank Industries PLC,United Kingdom,Industrials,168534765
Ross Stores Inc,United States,Consumer Discretionary,723945371
Rosseti Centre PJSC,Russia,Utilities,469881
Rosseti Moscow Region PJSC,Russia,Utilities,78605
Rosseti South PJSC,Russia,Utilities,78201
Rosseti Tsentr i Privolzhye PAO,Russia,Utilities,489680
Rosseti Volga PJSC,Russia,Utilities,30049
Rostelecom PJSC,Russia,Telecommunications,436894
Rotork PLC,United Kingdom,Industrials,113099186
Round One Corp,Japan,Consumer Discretionary,49618647
Route Mobile Ltd,India,Technology,770790
Royal Bank of Canada,Canada,Financials,3427075960
Royal Caribbean Cruises Ltd,United States,Consumer Discretionary,853290752
Royal Gold Inc,United States,Basic Materials,101756804
Royal Holdings Co Ltd,Japan,Consumer Discretionary,4116832
Royal Unibrew A/S,Denmark,Consumer Staples,96427941
Royalty Pharma PLC,United States,Health Care,199693297
Rubis SCA,France,Consumer Discretionary,25594160
Rubrik Inc,United States,Technology,318905769
Ruentex Development Co Ltd,Taiwan,Real Estate,20936557
Ruentex Industries Ltd,Taiwan,Basic Materials,14927291
Ruisen Life Service Co Ltd,China,Real Estate,967961
Rukun Raharja Tbk PT,Indonesia,Utilities,14815592
Rumo SA,Brazil,Industrials,144115018
Run Long Construction Co Ltd,Taiwan,Industrials,3474693
RusHydro PJSC,Russia,Utilities,0
Rvrc Holding AB,Sweden,Consumer Discretionary,17040141
Ryan Specialty Holdings Inc,United States,Financials,65672999
Ryanair Holdings PLC,Ireland,Consumer Discretionary,458430367
Ryder System Inc,United States,Industrials,101084542
Ryman Healthcare Ltd,New Zealand,Health Care,31071111
Ryman Hospitality Properties Inc,United States,Real Estate,72911239
Ryobi Ltd,Japan,Consumer Discretionary,12801059
Ryohin Keikaku Co Ltd,Japan,Consumer Discretionary,119430641
Ryoyo Ryosan Holdings Inc,Japan,Technology,6514012
Ryvu Therapeutics SA,Poland,Health Care,3588617
S Foods Inc,Japan,Consumer Staples,1988382
S&P Global Inc,United States,Financials,2122664946
S&S Tech Corp,South Korea,Technology,9321
S-1 Corp,South Korea,Industrials,13882259
S-Oil Corp,South Korea,Energy,55764557
S4 Capital PLC,United Kingdom,Consumer Discretionary,1502185
SAI Life Sciences Ltd,India,Health Care,13298517
SAMART Aviation Solutions PCL,Thailand,Industrials,3974361
SAMG Entertainment Co Ltd,South Korea,Consumer Discretionary,5061604
SAMT Co Ltd,South Korea,Technology,4340530
SAP SE,Germany,Technology,7055881145
SATS Ltd,Singapore,Consumer Discretionary,43492433
SBA Communications Corp,United States,Real Estate,290381178
SBFC Finance Ltd,India,Financials,6986087
SBI Cards & Payment Services Ltd,India,Financials,114316610
SBI Holdings Inc,Japan,Financials,200096062
SBI Life Insurance Co Ltd,India,Financials,147206323
SBI Shinsei Bank Ltd,Japan,Financials,1
SBM Offshore NV,Netherlands,Energy,82161006
SBS Holdings Inc,Japan,Industrials,16364847
SCB X PCL,Thailand,Financials,121171716
SCG Packaging PCL,Thailand,Industrials,22235116
SCGJWD Logistics PCL,Thailand,Industrials,1070598
SCOR SE,France,Financials,156620106
SCREEN Holdings Co Ltd,Japan,Technology,145155349
SCSK Corp,Japan,Technology,88951198
SD Biosensor Inc,South Korea,Health Care,264785
SD Guthrie Bhd,Malaysia,Consumer Staples,26723997
SDIC Capital Co Ltd,China,Financials,3046
SDS Optic SA,Poland,Health Care,253282
SEB SA,France,Consumer Discretionary,28907057
SEEK Ltd,Australia,Industrials,62491844
SEI Investments Co,United States,Financials,51460660
SENG FONG HOLDINGS BHD,Malaysia,Basic Materials,3172543
SES SA,France,Telecommunications,49412639
SF Holding Co Ltd,China,Industrials,23068767
SFA Engineering Corp,South Korea,Industrials,6789614
SFA Semicon Co Ltd,South Korea,Technology,2715
SFS Group AG,Switzerland,Industrials,49748738
SG Holdings Co Ltd,Japan,Industrials,61054040
SG Micro Corp,China,Technology,2012740
SGH Ltd,Australia,Industrials,114727801
SGS SA,Switzerland,Industrials,490215074
SHIFT Inc,Japan,Technology,18872888
SHIFT UP Corp,South Korea,Consumer Discretionary,377093
SHO-BOND Holdings Co Ltd,Japan,Industrials,37851981
SIA Engineering Co Ltd,Singapore,Industrials,11687683
SICC Co Ltd,China,Technology,718494
SIG Group AG,Switzerland,Industrials,101960134
SITC International Holdings Co Ltd,Hong Kong,Industrials,80836415
SJM Holdings Ltd,Hong Kong,Consumer Discretionary,3308234
SJVN Ltd,India,Utilities,6222666
SK Biopharmaceuticals Co Ltd,South Korea,Health Care,22489325
SK Bioscience Co Ltd,South Korea,Health Care,214074
SK Chemicals Co Ltd,South Korea,Industrials,1414760
SK Gas Ltd,South Korea,Utilities,41433706
SK IE Technology Co Ltd,South Korea,Industrials,192168
SK Inc,South Korea,Energy,115454646
SK Innovation Co Ltd,South Korea,Energy,13695000
SK Networks Co Ltd,South Korea,Telecommunications,499404
SK REITs Co Ltd,South Korea,Real Estate,711645
SK Square Co Ltd,South Korea,Technology,1027606311
SK Telecom Co Ltd,South Korea,Telecommunications,35159552
SK hynix Inc,South Korea,Technology,4884136821
SK oceanplant Co Ltd,South Korea,Industrials,336176
SKAN Group AG,Switzerland,Industrials,11859257
SKC Co Ltd,South Korea,Basic Materials,440052
SKF AB,Sweden,Basic Materials,162302998
SKF India Industrial Ltd,India,Industrials,7160813
SKF India Ltd,India,Consumer Discretionary,4981815
SKP Resources Bhd,Malaysia,Industrials,7258078
SKY Perfect JSAT Holdings Inc,Japan,Telecommunications,30992901
SL Green Realty Corp,United States,Real Estate,41418821
SLB Ltd,United States,Energy,797634115
SLM Corp,United States,Financials,67005404
SLP Resources Bhd,Malaysia,Industrials,1482247
SM Entertainment Co Ltd,South Korea,Consumer Discretionary,55125601
SM Investments Corp,Philippines,Consumer Discretionary,51103776
SM Prime Holdings Inc,Philippines,Real Estate,28177286
SMC Corp,Japan,Industrials,293493346
SMG Swiss Marketplace Group AG,Switzerland,Technology,5366265
SMS Co Ltd,Japan,Industrials,3257544
SMU SA,Chile,Consumer Staples,10588496
SNS Network Technology Bhd,Malaysia,Technology,4384002
SNT Dynamics Co Ltd,South Korea,Consumer Discretionary,14690864
SNT Motiv Co Ltd,South Korea,Consumer Discretionary,13633433
SOITEC,France,Technology,15417469
SOL SpA,Italy,Basic Materials,58143786
SOLUM Co Ltd,South Korea,Technology,20218748
SOOP Co Ltd,South Korea,Technology,6853846
SOSiLA Logistics REIT Inc,Japan,Real Estate,4592874
SOUTHSTATE BANK CORP,United States,Financials,125939790
SP Setia Bhd Group,Malaysia,Real Estate,12665590
SPAR Group Ltd/The,South Africa,Consumer Staples,11684739
SPCG PCL,Thailand,Utilities,847967
SPIE SA,France,Industrials,152525879
SPS Commerce Inc,United States,Technology,36975313
SPX Technologies Inc,United States,Industrials,122079013
SRE Holdings Corp,Japan,Real Estate,9788839
SRF Ltd,India,Basic Materials,181182960
SRG Global Ltd,Australia,Industrials,12075152
SS&C Technologies Holdings Inc,United States,Technology,234915549
SSAB AB,Sweden,Basic Materials,50107580
SSE PLC,United Kingdom,Utilities,1386952231
SSI Securities Corp,Vietnam,Financials,12059168
SSP Group Plc,United Kingdom,Consumer Discretionary,45854260
SSR Mining Inc,Canada,Basic Materials,91491939
SSY Group Ltd,China,Health Care,3513779
ST Pharm Co Ltd,South Korea,Health Care,22685112
STAG Industrial Inc,United States,Real Estate,295643844
STERIS PLC,United States,Health Care,307469056
STL Technology Co Ltd,Taiwan,Industrials,9641476
STMicroelectronics NV,France,Technology,152193675
STRATEC SE,Germany,Health Care,3928067
SUMCO Corp,Japan,Technology,119054208
SUN Tekstil Sanayi Ve Ticaret AS,Türkiye,Consumer Discretionary,10706160
SUNeVision Holdings Ltd,Hong Kong,Technology,35992112
SUPCON Technology Co Ltd,China,Industrials,32642609
SUSS MicroTec SE,Germany,Technology,400703
SWCC Corp,Japan,Industrials,13932234
SY Holdings Group Ltd,Hong Kong,Financials,10866509
Saab AB,Sweden,Industrials,539651310
Sabra Health Care REIT Inc,United States,Real Estate,55479143
Sacyr SA,Spain,Industrials,49296533
Safari Industries India Ltd,India,Consumer Discretionary,5133196
Safaricom PLC,Kenya,Telecommunications,72596197
Safe Fertility Group PCL,Thailand,Health Care,2196288
Safestore Holdings PLC,United Kingdom,Real Estate,38896472
Safie Inc,Japan,Technology,5908960
Saga PLC,United Kingdom,Consumer Discretionary,13001119
Sagax AB,Sweden,Real Estate,101004082
Sage Group PLC/The,United Kingdom,Technology,178003962
Sagility Ltd,India,Health Care,28938778
Saia Inc,United States,Industrials,132421166
Saibu Gas Holdings Co Ltd,Japan,Utilities,2261546
Saigon Thuong Tin Commercial JSB,Vietnam,Financials,16021673
SailPoint Inc,United States,Technology,253709386
Sailun Group Co Ltd,China,Consumer Discretionary,3477102
Saipem SpA,Italy,Energy,85027383
Saizeriya Co Ltd,Japan,Consumer Discretionary,25696094
Sakai Chemical Industry Co Ltd,Japan,Basic Materials,1412026
Sakai Moving Service Co Ltd,Japan,Industrials,2375982
Sakata INX Corp,Japan,Basic Materials,4172898
Sakata Seed Corp,Japan,Consumer Staples,4978965
Sakura Development Co Ltd,Taiwan,Real Estate,2149
Sakura Internet Inc,Japan,Technology,1567846
Salesforce Inc,United States,Technology,2597753554
Salfacorp SA,Chile,Industrials,17175242
Salik Co PJSC,United Arab Emirates,Industrials,195436681
Sam Chun Dang Pharm Co Ltd,South Korea,Health Care,2933062
Sam Engineering & Equipment M Bhd,Malaysia,Industrials,19797425
Sam-A Aluminum Co Ltd,South Korea,Basic Materials,53117
Samaiden Group Bhd,Malaysia,Energy,2384726
Sambu Engineering & Construction Co Ltd,South Korea,Industrials,12402
Sampo Oyj,Finland,Financials,249971748
Samsara Inc,United States,Technology,130169670
Samsonite Group SA,Hong Kong,Consumer Discretionary,70777071
Samsung Biologics Co Ltd,South Korea,Health Care,207434678
Samsung C&T Corp,South Korea,Industrials,251282891
Samsung Card Co Ltd,South Korea,Financials,2311630
Samsung E&A Co Ltd,South Korea,Industrials,43429220
Samsung Electro-Mechanics Co Ltd,South Korea,Technology,30213044
Samsung Electronics Co Ltd,South Korea,Telecommunications,9280287972
Samsung Episholdings Co Ltd,South Korea,Health Care,50827070
Samsung Fire & Marine Insurance Co Ltd,South Korea,Financials,158957238
Samsung Heavy Industries Co Ltd,South Korea,Industrials,209253380
Samsung Life Insurance Co Ltd,South Korea,Financials,143827737
Samsung SDI Co Ltd,South Korea,Industrials,196890070
Samsung SDS Co Ltd,South Korea,Technology,9034480
Samsung Securities Co Ltd,South Korea,Financials,35109533
Samty Residential Investment Corp,Japan,Real Estate,2379129
Samvardhana Motherson International Ltd,India,Consumer Discretionary,63395792
Samyang Corp,South Korea,Consumer Staples,94435
Samyang Foods Co Ltd,South Korea,Consumer Staples,24077370
Samyang Packaging Corp,South Korea,Industrials,3057453
San Miguel Food and Beverage Inc,Philippines,Consumer Staples,4635219
San-A Co Ltd,Japan,Consumer Staples,16037572
San-Ai Obbli Co Ltd,Japan,Energy,3985643
San-In Godo Bank Ltd/The,Japan,Financials,8216075
Sancy Bhd,Malaysia,Health Care,1733613
Sandfire Resources Ltd,Australia,Basic Materials,94983046
Sandisk Corp/DE,United States,Technology,505238168
Sandoz Group AG,Switzerland,Health Care,509999062
Sands China Ltd,Hong Kong,Consumer Discretionary,162167464
Sandvik AB,Sweden,Industrials,722182761
Sanergy Group Ltd,Hong Kong,Basic Materials,13
Sangetsu Corp,Japan,Consumer Discretionary,5628932
Sanil Electric Co Ltd,South Korea,Industrials,7572722
Sanken Electric Co Ltd,Japan,Technology,2955440
Sanki Engineering Co Ltd,Japan,Industrials,12156371
Sankyo Co Ltd,Japan,Consumer Discretionary,51215955
Sankyu Inc,Japan,Industrials,40854545
Sanlam Ltd,South Africa,Financials,326305834
Sanlorenzo SpA/Ameglia,Italy,Consumer Discretionary,15921138
Sanmina Corp,United States,Technology,101751062
Sanofi Consumer Healthcare India Ltd,India,Health Care,5260780
Sanofi India Ltd,India,Health Care,4092366
Sanofi SA,France,Health Care,1865930579
Sanoma Oyj,Finland,Consumer Discretionary,6242049
Sanrio Co Ltd,Japan,Consumer Discretionary,101677706
Sansan Inc,Japan,Technology,3253409
Sansera Engineering Ltd,India,Consumer Discretionary,5869297
Sansiri PCL,Thailand,Real Estate,1023400
Santam Ltd,South Africa,Financials,29380158
Santander Bank Polska SA,Poland,Financials,18568054
Santen Pharmaceutical Co Ltd,Japan,Health Care,91108469
Sanwa Holdings Corp,Japan,Industrials,103168812
Sany Heavy Equipment International Holdings Co Ltd,China,Industrials,11298555
Sany Heavy Industry Co Ltd,China,Industrials,189717263
Sanyang Motor Co Ltd,Taiwan,Consumer Discretionary,14036102
Sanyo Chemical Industries Ltd,Japan,Basic Materials,2850494
Sanyo Denki Co Ltd,Japan,Industrials,26472807
Sapphire Foods India Ltd,India,Consumer Discretionary,1488826
Sappi Ltd,South Africa,Basic Materials,6317293
Sapporo Holdings Ltd,Japan,Consumer Staples,57460336
Saputo Inc,Canada,Consumer Staples,96739537
Sarana Menara Nusantara Tbk PT,Indonesia,Telecommunications,6135445
Sarantis SA,Greece,Consumer Staples,9718339
Saratovskiy NPZ PAO,Russia,Energy,21230
Sarda Energy & Minerals Ltd,India,Basic Materials,5504228
Saregama India Ltd,India,Consumer Discretionary,9086528
Sartorius AG,Germany,Health Care,86998037
Sartorius Stedim Biotech,France,Health Care,131985959
Sasa Polyester Sanayi AS,Türkiye,Basic Materials,1296387
Satellite Chemical Co Ltd,China,Basic Materials,43407961
Sato Corp,Japan,Technology,2094719
Savills PLC,United Kingdom,Real Estate,30841490
Sawai Group Holdings Co Ltd,Japan,Health Care,26447619
Sberbank of Russia PJSC,Russia,Financials,41528907
Scales Corp Ltd,New Zealand,Consumer Staples,8773430
Scandic Hotels Group AB,Sweden,Consumer Discretionary,19771928
Scanway SA,Poland,Industrials,1935915
Scentre Group,Australia,Real Estate,251619071
Schaeffler AG,Germany,Consumer Discretionary,127725166
Schaeffler India Ltd,India,Consumer Discretionary,19509929
Schindler Holding AG,Switzerland,Industrials,415266708
Schneider Electric Infrastructure Ltd,India,Industrials,5054752
Schneider Electric SE,France,Industrials,3644716568
Scholar Rock Holding Corp,United States,Health Care,129734871
Schott Pharma AG & Co KGaA,Germany,Health Care,12939933
Schouw & Co A/S,Denmark,Industrials,26586934
Schroders PLC,United Kingdom,Financials,15649573
SciDev Ltd,Australia,Utilities,1787306
Scicom MSC Bhd,Malaysia,Industrials,289092
Science Applications International Corp,United States,Technology,63005812
Scientech Corp,Taiwan,Technology,18995815
Scope Fluidics SA,Poland,Health Care,3030708
Scotts Miracle-Gro Co/The,United States,Basic Materials,28503392
Scout24 SE,Germany,Technology,147767025
SeAH Holdings Corp,South Korea,Basic Materials,2728158
SeAH Steel Holdings Corp,South Korea,Basic Materials,10777367
Sea Harvest Group Ltd,South Africa,Consumer Staples,3781317
Sea Ltd,Singapore,Technology,576389198
Seagate Technology Holdings PLC,United States,Technology,437754987
Seal Inc Bhd,Malaysia,Real Estate,2043625
Sealed Air Corp,United States,Industrials,129182842
Seatrium Ltd,Singapore,Industrials,61119128
Seazen Group Ltd,China,Real Estate,4984791
Sebang Global Battery Co Ltd,South Korea,Consumer Discretionary,1405267
Sebo Manufacturing Engineer Corp,South Korea,Industrials,5349
Secom Co Ltd,Japan,Industrials,200864865
Sectra AB,Sweden,Health Care,72506023
Secure Trust Bank PLC,United Kingdom,Financials,7171303
Secure Waste Infrastructure Corp,Canada,Energy,75497611
Securitas AB,Sweden,Industrials,160557664
Security Bank Corp,Philippines,Financials,19320
Seegene Inc,South Korea,Health Care,420108
Sega Sammy Holdings Inc,Japan,Consumer Discretionary,39249181
Segezha Group PJSC,Russia,Basic Materials,429961
Segro PLC,United Kingdom,Real Estate,1090787300
Seibu Holdings Inc,Japan,Consumer Discretionary,76015870
Seikitokyu Kogyo Co Ltd,Japan,Industrials,1017310
Seiko Epson Corp,Japan,Technology,60114168
Seiko Group Corp,Japan,Consumer Discretionary,7872358
Seikoh Giken Co Ltd,Japan,Industrials,3550461
Seino Holdings Co Ltd,Japan,Industrials,27135072
Seiren Co Ltd,Japan,Consumer Discretionary,28976733
Sekerbank Turk AS,Türkiye,Financials,955896
Sekisui Chemical Co Ltd,Japan,Consumer Discretionary,85827234
Sekisui House Ltd,Japan,Consumer Discretionary,230220732
Sekisui House Reit Inc,Japan,Real Estate,38450030
Sekisui Jushi Corp,Japan,Industrials,1937824
Select Medical Holdings Corp,United States,Health Care,2480811
Selective Insurance Group Inc,United States,Financials,63842553
Sembcorp Industries Ltd,Singapore,Utilities,71211708
Semen Indonesia Persero Tbk PT,Indonesia,Industrials,7700331
Semler Scientific Inc,United States,Health Care,6804050
Sempra,United States,Utilities,779461290
Senco Gold Ltd,India,Consumer Discretionary,4548346
Sendas Distribuidora S/A,Brazil,Consumer Staples,62115741
Senko Group Holdings Co Ltd,Japan,Industrials,10360423
Sensata Technologies Holding PLC,United States,Industrials,62966204
SenseTime Group Inc,China,Technology,50880529
Senshu Ikeda Holdings Inc,Japan,Financials,7101388
Sensient Technologies Corp,United States,Basic Materials,49866781
SentinelOne Inc,United States,Technology,59993985
Sentul City Tbk PT,Indonesia,Real Estate,16395713
Seobu T&D,South Korea,Real Estate,11256133
Seojin System Co Ltd,South Korea,Telecommunications,204342
Septeni Holdings Co Ltd,Japan,Consumer Discretionary,1513687
Serco Group PLC,United Kingdom,Industrials,71540496
Sercomm Corp,Taiwan,Telecommunications,8669219
Seres Group Co Ltd,China,Consumer Discretionary,8664819
Seria Co Ltd,Japan,Consumer Discretionary,6160962
Serko Ltd,New Zealand,Technology,5423260
Sermsang Power Corp Co Ltd,Thailand,Utilities,490027
Sern Kou Resource Bhd,Malaysia,Consumer Discretionary,6019469
Service Corp International/US,United States,Consumer Discretionary,135217133
Service Stream Ltd,Australia,Telecommunications,11695836
ServiceNow Inc,United States,Technology,1877798577
ServiceTitan Inc,United States,Technology,100311179
ServisFirst Bancshares Inc,United States,Financials,47907764
Sesa SpA,Italy,Technology,7709114
Seshaasai Technologies Ltd,India,Industrials,515448
Seven & i Holdings Co Ltd,Japan,Consumer Staples,683824773
Seven Bank Ltd,Japan,Financials,19466466
Severn Trent PLC,United Kingdom,Utilities,202595971
Shaftesbury Capital PLC,United Kingdom,Real Estate,896465358
Shakey's Pizza Asia Ventures Inc,Philippines,Consumer Discretionary,673413
Shakti Pumps India Ltd,India,Industrials,3655604
Shandong Chenming Paper Holdings Ltd,China,Basic Materials,163131
Shandong Gold Mining Co Ltd,China,Basic Materials,191738551
Shandong Himile Mechanical Science & Technology Co Ltd,China,Industrials,4843015
Shandong Hontron Aluminum Industry Holding Co Ltd,China,Basic Materials,33019069
Shandong Hualu Hengsheng Chemical Co Ltd,China,Basic Materials,19982509
Shandong Nanshan Aluminum Co Ltd,China,Basic Materials,5866323
Shandong Sinocera Functional Material Co Ltd,China,Basic Materials,7853924
Shandong Weigao Group Medical Polymer Co Ltd,China,Health Care,73520389
Shanghai Baosight Software Co Ltd,China,Technology,6959418
Shanghai Biren Technology Co Ltd,China,Technology,2140929
Shanghai Chicmax Cosmetic Co Ltd,China,Consumer Discretionary,32673250
Shanghai Chlor-Alkali Chemical Co Ltd,China,Basic Materials,843678
Shanghai Commercial & Savings Bank Ltd/The,Taiwan,Financials,54722315
Shanghai Conant Optical Co Ltd,China,Health Care,7291578
Shanghai Electric Group Co Ltd,China,Industrials,1989
Shanghai Flyco Electrical Appliance Co Ltd,China,Consumer Discretionary,1169461
Shanghai Fosun Pharmaceutical Group Co Ltd,China,Health Care,8938031
Shanghai Fudan Microelectronics Group Co Ltd,China,Technology,6591153
Shanghai Haohai Biological Technology Co Ltd,China,Health Care,672360
Shanghai Huace Navigation Technology Ltd,China,Telecommunications,6488945
Shanghai Jin Jiang Online Network Service Co Ltd,China,Industrials,16193
Shanghai Jinjiang International Hotels Co Ltd,China,Consumer Discretionary,6161695
Shanghai Jinqiao Export Processing Zone Development Co Ltd,China,Real Estate,1423353
Shanghai Junshi Biosciences Co Ltd,China,Health Care,5197795
Shanghai Lujiazui Finance & Trade Zone Development Co Ltd,China,Real Estate,4100835
Shanghai M&G Stationery Inc,China,Consumer Staples,289335
Shanghai Mechanical and Electrical Industry Co Ltd,China,Industrials,3226674
Shanghai MicroPort MedBot Group Co Ltd,China,Health Care,8376296
Shanghai Pharmaceuticals Holding Co Ltd,China,Health Care,11002943
Shanghai United Imaging Healthcare Co Ltd,China,Health Care,770302
Shanghai Waigaoqiao Free Trade Zone Group Co Ltd,China,Real Estate,109907
Shanghai Zhenhua Heavy Industries Co Ltd,China,Industrials,227695
Shangri-La Asia Ltd,Hong Kong,Consumer Discretionary,10968834
Shanxi Xinghuacun Fen Wine Factory Co Ltd,China,Consumer Staples,5433508
SharkNinja Inc,United States,Consumer Discretionary,118209817
Sharp Corp/Japan,Japan,Technology,17579261
Shawbrook Group PLC,United Kingdom,Financials,5883249
Sheela Foam Ltd,India,Consumer Discretionary,1680170
Shell PLC,United Kingdom,Energy,5114807795
Sheng Siong Group Ltd,Singapore,Consumer Staples,22800219
Shengyi Technology Co Ltd,China,Technology,70792023
Shennan Circuits Co Ltd,China,Technology,5718036
Shenwan Hongyuan Group Co Ltd,China,Financials,9642700
Shenzhen Envicool Technology Co Ltd,China,Industrials,4258142
Shenzhen Expressway Corp Ltd,China,Industrials,5473185
Shenzhen Fastprint Circuit Tech Co Ltd,China,Technology,1335115
Shenzhen Inovance Technology Co Ltd,China,Industrials,93208657
Shenzhen International Holdings Ltd,China,Industrials,11267594
Shenzhen Kedali Industry Co Ltd,China,Consumer Discretionary,258841843
Shenzhen Kinwong Electronic Co Ltd,China,Technology,72005046
Shenzhen Kstar Science And Technology Co Ltd,China,Industrials,5493643
Shenzhen Megmeet Electrical Co Ltd,China,Industrials,2204666
Shenzhen Mindray Bio-Medical Electronics Co Ltd,China,Health Care,113800393
Shenzhen Newway Photomask Making Co Ltd,China,Technology,16336397
Shenzhen Senior Technology Material Co Ltd,China,Basic Materials,1586986
Shenzhen Sunlord Electronics Co Ltd,China,Technology,73972310
Shenzhen Sunway Communication Co Ltd,China,Telecommunications,4707770
Shenzhen Transsion Holdings Co Ltd,China,Telecommunications,5642218
Shenzhen VMAX New Energy Group Co Ltd,China,Consumer Discretionary,13396459
Shenzhen Woer Heat-Shrinkable Material Co Ltd,China,Industrials,21059545
Shenzhou International Group Holdings Ltd,Hong Kong,Consumer Discretionary,270461722
Sherwin-Williams Co/The,United States,Industrials,1099511233
Shibaura Machine Co Ltd,Japan,Industrials,3709657
Shibaura Mechatronics Corp,Japan,Technology,48937446
Shibuya Corp,Japan,Industrials,3101037
Shift4 Payments Inc,United States,Industrials,51635400
Shiga Bank Ltd/The,Japan,Financials,12748743
Shihlin Electric & Engineering Corp,Taiwan,Industrials,15473974
Shikoku Kasei Holdings Corp,Japan,Basic Materials,2992942
Shimadaya Corp,Japan,Consumer Staples,45906
Shimadzu Corp,Japan,Industrials,174458927
Shimamura Co Ltd,Japan,Consumer Discretionary,52008321
Shimano Inc,Japan,Consumer Discretionary,127701953
Shimizu Corp,Japan,Industrials,163473183
Shin Nippon Air Technologies Co Ltd,Japan,Industrials,2821060
Shin Nippon Biomedical Laboratories Ltd,Japan,Health Care,288
Shin Poong Pharmaceutical Co Ltd,South Korea,Health Care,887
Shin Zu Shing Co Ltd,Taiwan,Industrials,33744921
Shin-Etsu Chemical Co Ltd,Japan,Basic Materials,1062920199
Shin-Etsu Polymer Co Ltd,Japan,Basic Materials,6866626
Shinagawa Refra Co Ltd,Japan,Industrials,3264018
Shinfox Energy Co Ltd,Taiwan,Energy,1595373
Shinhan Financial Group Co Ltd,South Korea,Financials,490300905
Shinkong Insurance Co Ltd,Taiwan,Financials,2008163
Shinkong Synthetic Fibers Corp,Taiwan,Basic Materials,4372944
Shinmaywa Industries Ltd,Japan,Industrials,4069262
Shinnihon Corp,Japan,Industrials,10088988
Shinsegae Inc,South Korea,Consumer Discretionary,30783653
Shinsegae International Inc,South Korea,Consumer Discretionary,3892
Shinsho Corp,Japan,Basic Materials,4844
Shinsung Delta Tech Co Ltd,South Korea,Consumer Discretionary,865526
Shiny Chemical Industrial Co Ltd,Taiwan,Basic Materials,13314021
Shionogi & Co Ltd,Japan,Health Care,141332631
Ship Healthcare Holdings Inc,Japan,Health Care,10426002
Shiseido Co Ltd,Japan,Consumer Discretionary,315968679
Shizuoka Financial Group Inc,Japan,Financials,122502902
Shizuoka Gas Co Ltd,Japan,Utilities,1986819
Shoals Technologies Group Inc,United States,Energy,1276275
Shochiku Co Ltd,Japan,Consumer Discretionary,379
Shoe Zone PLC,United Kingdom,Consumer Discretionary,1182404
Shoei Co Ltd,Japan,Consumer Discretionary,16338718
Shoei Foods Corp,Japan,Consumer Staples,2123959
Shofu Inc,Japan,Health Care,12891257
Shopify Inc,Canada,Technology,2735492597
Shopper Park Plus Zrt,Hungary,Real Estate,7557586
Shoprite Holdings Ltd,South Africa,Consumer Staples,85681779
Shoucheng Holdings Ltd,China,Industrials,10244202
Showa Sangyo Co Ltd,Japan,Consumer Staples,3920529
Shree Cement Ltd,India,Industrials,29295082
Shree Renuka Sugars Ltd,India,Consumer Staples,1408744
Shriram Finance Ltd,India,Financials,268055690
Shufersal Ltd,Israel,Consumer Staples,27067053
Shurgard Self Storage Ltd,Belgium,Real Estate,24145196
Shyam Metalics & Energy Ltd,India,Basic Materials,7278408
SiS Distribution Thailand PCL,Thailand,Consumer Discretionary,4106160
SiTime Corp,United States,Technology,95031774
Siam Cement PCL/The,Thailand,Industrials,15117942
Siam Global House PCL,Thailand,Consumer Discretionary,10168357
Siam Wellness Group Pcl,Thailand,Consumer Discretionary,4546219
Sibanye Stillwater Ltd,South Africa,Basic Materials,47760131
Sichuan Biokin Pharmaceutical Co Ltd,China,Health Care,20139551
Sichuan Expressway Co Ltd,China,Industrials,5325751
Sichuan Kelun Pharmaceutical Co Ltd,China,Health Care,2661702
Sichuan Kelun-Biotech Biopharmaceutical Co Ltd,China,Health Care,117895315
Siegfried Holding AG,Switzerland,Health Care,81773747
Siemens AG,Germany,Industrials,4040626584
Siemens Energy AG,Germany,Energy,2351722182
Siemens Energy India Ltd,India,Industrials,23396616
Siemens Healthineers AG,Germany,Health Care,1236433910
Siemens Ltd,India,Industrials,29069268
Sieyuan Electric Co Ltd,China,Technology,160778915
Sigma Foods SAB de CV,Mexico,Consumer Staples,132772766
Sigma Healthcare Ltd,Australia,Consumer Staples,134262649
SignatureGlobal India Ltd,India,Real Estate,2972565
Signify NV,Netherlands,Industrials,57146598
Sigurd Microelectronics Corp,Taiwan,Technology,23312410
Sihuan Pharmaceutical Holdings Group Ltd,China,Health Care,6927096
Siix Corp,Japan,Technology,15600
Sika AG,Switzerland,Industrials,919342145
Silergy Corp,Taiwan,Technology,24842189
Silgan Holdings Inc,United States,Industrials,42274455
Silicon Integrated Systems Corp,Taiwan,Technology,6166463
Silicon Laboratories Inc,United States,Technology,56008087
Silicon2 Co Ltd,South Korea,Consumer Discretionary,8709081
Siltronic AG,Germany,Technology,899478
Silvair Inc,United States,Technology,691920
Silver Grant International Holdings Group Ltd,China,Real Estate,3248
Simcere Pharmaceutical Group Ltd,China,Health Care,11772384
Sime Darby Bhd,Malaysia,Consumer Discretionary,33296489
Sime Darby Property Bhd,Malaysia,Real Estate,18797369
Simon Property Group Inc,United States,Real Estate,1074116694
Simplex Holdings Inc,Japan,Technology,5871036
Simplo Technology Co Ltd,Taiwan,Industrials,31708108
Simpson Manufacturing Co Inc,United States,Industrials,85139902
Sims Ltd,Australia,Utilities,24728369
Sinbon Electronics Co Ltd,Taiwan,Industrials,31815363
Sinch AB,Sweden,Technology,44441363
Sindoh Co Ltd,South Korea,Technology,15172491
Sineng Electric Co Ltd,China,Energy,7353823
Sinfonia Technology Co Ltd,Japan,Industrials,24974340
Singapore Airlines Ltd,Singapore,Consumer Discretionary,112560518
Singapore Exchange Ltd,Singapore,Financials,118658530
Singapore Post Ltd,Singapore,Industrials,6707379
Singapore Technologies Engineering Ltd,Singapore,Industrials,170275185
Singapore Telecommunications Ltd,Singapore,Telecommunications,442546360
Sinko Industries Ltd,Japan,Industrials,2860998
Sino Biopharmaceutical Ltd,China,Health Care,85902410
Sino Land Co Ltd,Hong Kong,Real Estate,70346443
Sino-American Silicon Products Inc,Taiwan,Technology,26211612
SinoPac Financial Holdings Co Ltd,Taiwan,Financials,186284209
Sinoma Science & Technology Co Ltd,China,Basic Materials,6246958
Sinopec Engineering Group Co Ltd,China,Industrials,15352476
Sinopec Kantons Holdings Ltd,China,Energy,5290412
Sinopec Oilfield Service Corp,China,Energy,3747891
Sinopec Shanghai Petrochemical Co Ltd,China,Energy,5959460
Sinopharm Group Co Ltd,China,Consumer Staples,45703132
Sinotruk Hong Kong Ltd,China,Industrials,23411441
Sinyi Realty Inc,Taiwan,Real Estate,2998843
Sionna Therapeutics Inc,United States,Health Care,11115123
Sirius XM Holdings Inc,United States,Consumer Discretionary,39261662
Sistema AFK PAO,Russia,Financials,1852461
SiteMinder Ltd,Australia,Technology,16353097
SiteOne Landscape Supply Inc,United States,Consumer Discretionary,16370547
Sitronix Technology Corp,Taiwan,Technology,10700509
Sixt SE,Germany,Consumer Discretionary,44493025
Skandinaviska Enskilda Banken AB,Sweden,Financials,172873046
Skanska AB,Sweden,Industrials,7272276
Skshu Paint Co Ltd,China,Industrials,32445936
SkyWorld Development Bhd,Malaysia,Real Estate,2495510
Skylark Holdings Co Ltd,Japan,Consumer Discretionary,54259656
Skyverse Technology Co Ltd,China,Technology,5479624
Skyworks Solutions Inc,United States,Technology,94728453
Slide Insurance Holdings Inc,United States,Financials,779200
Smart Parking Ltd,Australia,Technology,4372834
SmartCentres Real Estate Investment Trust,Canada,Real Estate,31925172
SmartGroup Corp Ltd,Australia,Industrials,21093077
Smartfit Escola de Ginastica e Danca SA,Brazil,Consumer Discretionary,102633593
Smartsens Technology Shanghai Co Ltd,China,Technology,58965568
Smith & Nephew PLC,United Kingdom,Health Care,207862601
Smithfield Foods Inc,United States,Consumer Staples,31291319
Smiths Group PLC,United Kingdom,Industrials,201965851
Smoore International Holdings Ltd,China,Consumer Staples,16570408
Smurfit WestRock PLC,United States,Industrials,509474540
Snam SpA,Italy,Energy,114894809
Snap-on Inc,United States,Industrials,168781979
Snowflake Inc,United States,Technology,1029535888
SoFi Technologies Inc,United States,Financials,400401947
Sobha Ltd,India,Real Estate,8212222
Sociedad Matriz SAAM SA,Chile,Industrials,18137140
Sociedad Quimica y Minera de Chile SA,Chile,Basic Materials,176093944
Sociedad de Inversiones Oro Blanco SA,Chile,Financials,6917053
Societe BIC SA,France,Consumer Staples,20674398
Societe Generale SA,France,Financials,366998121
Socionext Inc,Japan,Technology,63371320
Sodexo SA,France,Consumer Discretionary,84764449
Sofina SA,Belgium,Financials,99155953
SoftBank Corp,Japan,Telecommunications,663223918
SoftBank Group Corp,Japan,Telecommunications,1887208549
Softcare Ltd,Latvia,Consumer Staples,2002683
Softcat PLC,United Kingdom,Technology,44317640
Sojitz Corp,Japan,Industrials,111099502
SolGold PLC,United Kingdom,Basic Materials,30766001
Solar Applied Materials Technology Corp,Taiwan,Basic Materials,34545362
Solar District Cooling Group Bhd,Malaysia,Industrials,1544480
Solar Industries India Ltd,India,Basic Materials,37741810
Solarvest Holdings Bhd,Malaysia,Energy,4310005
Solasto Corp,Japan,Health Care,7581659
Sollers PJSC,Russia,Consumer Discretionary,27956
Solstice Advanced Materials Inc,United States,Basic Materials,114983030
Solus Advanced Materials Co Ltd,South Korea,Industrials,123531
Solusi Sinergi Digital Tbk PT,Indonesia,Technology,15982009
Solvay SA,Belgium,Basic Materials,49631853
Solventum Corp,United States,Health Care,157660024
Somboon Advance Technology PCL,Thailand,Consumer Discretionary,2929735
Somnigroup International Inc,United States,Consumer Discretionary,271617258
Sompo Holdings Inc,Japan,Financials,813064170
Sona Blw Precision Forgings Ltd,India,Consumer Discretionary,25335776
Sonae SGPS SA,Portugal,Consumer Staples,32225504
Sonata Software Ltd,India,Technology,7498939
Sonic Healthcare Ltd,Australia,Health Care,120934691
Sonoco Products Co,United States,Industrials,54611401
Sonoscape Medical Corp,China,Health Care,1700226
Sonova Holding AG,Switzerland,Health Care,260167790
Sony Financial Group Inc,Japan,Financials,121528283
Sony Group Corp,Japan,Consumer Discretionary,3060335621
Sopra Steria Group,France,Technology,68036991
Sorento Capital Bhd,Malaysia,Industrials,2843396
Sotera Health Co,United States,Health Care,48333723
Sotetsu Holdings Inc,Japan,Consumer Discretionary,23032379
Soulbrain Co Ltd,South Korea,Basic Materials,1110529
Soulbrain Holdings Co Ltd,South Korea,Basic Materials,85731
South Bow Corp,Canada,Energy,24553927
South Indian Bank Ltd/The,India,Financials,3371999
South32 Ltd,Australia,Basic Materials,30337926
Southern Cable Group Bhd,Malaysia,Industrials,3464909
Southern Co/The,United States,Utilities,1215156154
Southern Copper Corp,United States,Basic Materials,137338092
Southern Cross Electrical Engineering Ltd,Australia,Industrials,9067776
Southern Cross Gold Consolidated Ltd,Australia,Basic Materials,21081608
Southern Cross Media Group Ltd,Australia,Consumer Discretionary,3657986
Southern Score Builders Bhd,Malaysia,Industrials,11132952
Southwest Airlines Co,United States,Consumer Discretionary,62276168
Southwest Gas Holdings Inc,United States,Utilities,66905362
Space42 PLC,United Arab Emirates,Telecommunications,125045
Spark New Zealand Ltd,New Zealand,Telecommunications,22690995
Sparx Group Co Ltd,Japan,Financials,1257181
Speedy Hire PLC,United Kingdom,Industrials,3972471
Spigen Korea Co Ltd,South Korea,Consumer Discretionary,2200837
Spinneys 1961 Holding PLC,United Arab Emirates,Consumer Staples,36981124
Spirax Group PLC,United Kingdom,Industrials,281345778
Spire Healthcare Group PLC,United Kingdom,Health Care,2137585
Spire Inc,United States,Utilities,61161281
Sporton International Inc,Taiwan,Industrials,14573314
Sportradar Group AG,United States,Technology,75782896
Sports Toto Bhd,Malaysia,Consumer Discretionary,3766
Spotify Technology SA,United States,Consumer Discretionary,713490503
Springer Nature AG & Co KGaA,Germany,Consumer Discretionary,9801639
Sprinklr Inc,United States,Technology,15227211
Spritzer BHD,Malaysia,Consumer Staples,6755074
Sprouts Farmers Market Inc,United States,Consumer Staples,161397876
Square Enix Holdings Co Ltd,Japan,Consumer Discretionary,74238381
Square Pharmaceuticals PLC,Bangladesh,Health Care,27812123
Sri Trang Agro-Industry PCL,Thailand,Basic Materials,8741184
Sri Trang Gloves Thailand PCL,Thailand,Health Care,58
Srinanaporn Marketing PCL,Thailand,Consumer Staples,615622
Srisawad Corp PCL,Thailand,Financials,49426136
St Galler Kantonalbank AG,Switzerland,Financials,44366105
St James's Place PLC,United Kingdom,Financials,406247934
Stadler Rail AG,Switzerland,Industrials,16209005
Stalprofil SA,Poland,Basic Materials,361811
Stanbic Holdings Plc,Kenya,Financials,8591581
Standard Bank Group Ltd,South Africa,Financials,181651720
Standard Chartered Bank Kenya Ltd,Kenya,Financials,5426227
Standard Chartered PLC,United Kingdom,Financials,1018811483
Standard Foods Corp,Taiwan,Consumer Staples,6820169
StandardAero Inc,United States,Industrials,223132494
Stanley Black & Decker Inc,United States,Industrials,154134268
Stanley Electric Co Ltd,Japan,Consumer Discretionary,49487591
Stanmore Resources Ltd,Australia,Energy,7199079
Stantec Inc,Canada,Industrials,122158880
Star Asia Investment Corp,Japan,Real Estate,8763057
Star Health & Allied Insurance Co Ltd,India,Financials,73002321
Star Mica Holdings Co Ltd,Japan,Real Estate,11520462
Star Micronics Co Ltd,Japan,Industrials,2692851
Star Petroleum Refining PCL,Thailand,Energy,4500644
Star7 S.P.A.,Italy,Industrials,2601775
StarHub Ltd,Singapore,Telecommunications,8479760
StarPower Semiconductor Ltd,China,Technology,3230189
Starbreeze AB,Sweden,Consumer Discretionary,319877
Starbucks Corp,United States,Consumer Discretionary,1065875949
Starhill Global REIT,Singapore,Real Estate,12471431
Starlux Airlines Co Ltd,Taiwan,Consumer Discretionary,191531
Starts Corp Inc,Japan,Real Estate,7344866
Starwood Property Trust Inc,United States,Financials,78901846
State Bank of India,India,Financials,454391953
State Street Corp,United States,Financials,296149680
Steadfast Group Ltd,Australia,Financials,148202923
Stecon Group PCL,Thailand,Industrials,5915752
Steel Dynamics Inc,United States,Basic Materials,528446939
Steel Hawk Bhd,Malaysia,Energy,291848
Stella International Holdings Ltd,Hong Kong,Consumer Discretionary,19604548
Stella-Jones Inc,Canada,Basic Materials,45603472
Stellantis NV,Italy,Consumer Discretionary,549485268
Sterling Infrastructure Inc,United States,Industrials,114529408
Sterling and Wilson Renewable,India,Industrials,4940971
Sterlite Technologies Ltd,India,Telecommunications,752970
Stevanato Group SpA,Italy,Health Care,21771369
Stifel Financial Corp,United States,Financials,172446097
Stillfront Group AB,Sweden,Consumer Discretionary,6760563
Stitch Fix Inc,United States,Consumer Discretionary,267755
Stockland,Australia,Real Estate,158433940
StoneCo Ltd,United States,Industrials,87627403
Stoneweg Europe Stapled Trust,Singapore,Real Estate,11228147
Stora Enso Oyj,Finland,Basic Materials,128642
Storskogen Group AB,Sweden,Financials,36949977
Strabag SE,Austria,Industrials,54847176
Strategy Inc,United States,Technology,508147695
Straumann Holding AG,Switzerland,Health Care,241395531
Strauss Group Ltd,Israel,Consumer Staples,12198611
Stride Inc,United States,Consumer Discretionary,26971662
Strides Pharma Science Ltd,India,Health Care,6795584
Strike Co Ltd,Japan,Industrials,581445
Strix Group PLC,United Kingdom,Industrials,352371
Stroeer SE & Co KGaA,Germany,Consumer Discretionary,28341861
Stryker Corp,United States,Health Care,1650691508
Stubhub Holdings Inc,United States,Technology,25461349
Studio Dragon Corp,South Korea,Consumer Discretionary,602367
Subaru Corp,Japan,Consumer Discretionary,819078010
Sudarshan Chemical Industries Ltd,India,Basic Materials,2725183
Suedzucker AG,Germany,Consumer Staples,12345990
Sugi Holdings Co Ltd,Japan,Consumer Staples,44220376
Suheung Co Ltd,South Korea,Health Care,4550415
Sulzer AG,Switzerland,Industrials,62238243
Sumber Alfaria Trijaya Tbk PT,Indonesia,Consumer Staples,19795410
Sumer Varlik Yonetim AS,Türkiye,Financials,5090075
Sumiseki Holdings Inc,Japan,Energy,2536
Sumitomo Bakelite Co Ltd,Japan,Industrials,30857971
Sumitomo Chemical Co Ltd,Japan,Basic Materials,28256817
Sumitomo Chemical India Ltd,India,Basic Materials,6644797
Sumitomo Corp,Japan,Industrials,546010394
Sumitomo Densetsu Co Ltd,Japan,Industrials,5642308
Sumitomo Electric Industries Ltd,Japan,Consumer Discretionary,548393701
Sumitomo Heavy Industries Ltd,Japan,Industrials,57299028
Sumitomo Metal Mining Co Ltd,Japan,Basic Materials,188933836
Sumitomo Mitsui Financial Group Inc,Japan,Financials,2196292995
Sumitomo Mitsui Trust Group Inc,Japan,Financials,443710629
Sumitomo Osaka Cement Co Ltd,Japan,Industrials,4570328
Sumitomo Pharma Co Ltd,Japan,Health Care,50468307
Sumitomo Realty & Development Co Ltd,Japan,Real Estate,283885157
Sumitomo Riko Co Ltd,Japan,Consumer Discretionary,3451044
Sumitomo Rubber Industries Ltd,Japan,Consumer Discretionary,51836797
Sumitomo Warehouse Co Ltd/The,Japan,Industrials,6830101
Summarecon Agung Tbk PT,Indonesia,Real Estate,9442753
Summerset Group Holdings Ltd,New Zealand,Health Care,37728405
Summit Therapeutics Inc,United States,Health Care,31313991
Sun Art Retail Group Ltd,China,Consumer Discretionary,4452547
Sun Communities Inc,United States,Real Estate,750528198
Sun Frontier Fudousan Co Ltd,Japan,Real Estate,2622859
Sun Hung Kai & Co Ltd,Hong Kong,Financials,180
Sun Hung Kai Properties Ltd,Hong Kong,Real Estate,382155569
Sun International Ltd/South Africa,South Africa,Consumer Discretionary,5669782
Sun Life Financial Inc,Canada,Financials,391365113
Sun Pharma Advanced Research Co Ltd,India,Health Care,2858147
Sun Pharmaceutical Industries Ltd,India,Health Care,443139494
Sun TV Network Ltd,India,Consumer Discretionary,4032582
Sunac China Holdings Ltd,China,Real Estate,11833439
Sunac Services Holdings Ltd,China,Real Estate,1
Suncorp Group Ltd,Australia,Financials,219570003
Sundaram Finance Ltd,India,Financials,44090574
Sundram Fasteners Ltd,India,Consumer Discretionary,11962238
Sundrug Co Ltd,Japan,Consumer Staples,31891514
Sungrow Power Supply Co Ltd,China,Energy,172451923
Sunny Optical Technology Group Co Ltd,China,Technology,257453552
Sunococorp LLC,United States,Energy,74695914
Sunonwealth Electric Machine Industry Co Ltd,Taiwan,Industrials,22332745
Sunrise Communications AG,Switzerland,Telecommunications,55168810
Sunshine 100 China Holdings Ltd,China,Real Estate,1977
Sunshine Insurance Group Co Ltd,China,Financials,4088903
Sunshine Lake Pharma Co Ltd,China,Health Care,4995788
Suntec Real Estate Investment Trust,Singapore,Real Estate,41302582
Suntory Beverage & Food Ltd,Japan,Consumer Staples,71568550
Sunway Bhd,Malaysia,Real Estate,17454299
Sunway Real Estate Investment Trust,Malaysia,Real Estate,3993260
Sunwoda Electronic Co Ltd,China,Consumer Staples,2154206
Suofeiya Home Collection Co Ltd,China,Consumer Discretionary,2339855
Supalai PCL,Thailand,Real Estate,6093818
Super Group SGHC Ltd,United States,Consumer Discretionary,23790514
Super Hi International Holding Ltd,Hong Kong,Consumer Discretionary,1409357
Super Micro Computer Inc,United States,Technology,89349953
Super Retail Group Ltd,Australia,Consumer Discretionary,16421596
Superloop Ltd,Australia,Telecommunications,22332005
Supermax Corp Bhd,Malaysia,Health Care,1202
Supply Network Ltd,Australia,Industrials,19897131
Suprajit Engineering Ltd,India,Consumer Discretionary,2523730
Supreme Electronics Co Ltd,Taiwan,Technology,14407741
Supreme Industries Ltd,India,Industrials,80458416
Supreme Petrochem Ltd,India,Basic Materials,4416756
Surgutneftegas PAO,Russia,Energy,3425201
Suruga Bank Ltd,Japan,Financials,5175595
Surya Citra Media Tbk PT,Indonesia,Consumer Discretionary,10919441
Suzano SA,Brazil,Basic Materials,210461706
Suzhou Novosense Microelectronics Co Ltd,China,Technology,25441846
Suzhou TFC Optical Communication Co Ltd,China,Telecommunications,31756330
Suzlon Energy Ltd,India,Energy,67210902
Suzuken Co Ltd/Aichi Japan,Japan,Consumer Staples,39663183
Suzuki Motor Corp,Japan,Consumer Discretionary,430522936
Svenska Cellulosa AB SCA,Sweden,Basic Materials,658865896
Svenska Handelsbanken AB,Sweden,Financials,17791072
Swan Corp Ltd,India,Industrials,3320866
Swatch Group AG/The,Switzerland,Consumer Discretionary,216563722
Sweco AB,Sweden,Industrials,58539094
Swedbank AB,Sweden,Financials,1375068918
Swedish Logistic Property AB,Sweden,Real Estate,50223077
Swedish Orphan Biovitrum AB,Sweden,Health Care,153697262
Swiggy Ltd,India,Consumer Discretionary,222300069
Swire Pacific Ltd,Hong Kong,Consumer Staples,75615820
Swire Properties Ltd,Hong Kong,Real Estate,27690401
Swiss Life Holding AG,Switzerland,Financials,30581601
Swiss Prime Site AG,Switzerland,Real Estate,264091349
Swiss Re AG,Switzerland,Financials,822490825
Swisscom AG,Switzerland,Telecommunications,401410978
Swissquote Group Holding SA,Switzerland,Financials,153701441
Syarikat Takaful Malaysia Keluarga Bhd,Malaysia,Financials,8625456
Syensqo SA,Belgium,Basic Materials,123012299
Symphony Communication PCL,Thailand,Telecommunications,1121776
Symphony Ltd,India,Consumer Discretionary,1618914
Symrise AG,Germany,Basic Materials,378230357
Synchrony Financial,United States,Industrials,410996287
Synektik SA,Poland,Health Care,26072743
Syngene International Ltd,India,Health Care,54120306
Synnex Technology International Corp,Taiwan,Technology,28116609
Synnex Thailand PCL,Thailand,Technology,2149427
Synopsys Inc,United States,Technology,694708364
Synovus Financial Corp,United States,Financials,204060407
Synsam AB,Sweden,Consumer Discretionary,259499
Syntara Ltd,Australia,Health Care,1074125
Syrma SGS Technology Ltd,India,Technology,8247609
Sysco Corp,United States,Consumer Staples,499670151
Sysmex Corp,Japan,Health Care,60992277
Systena Corp,Japan,Technology,4959824
Systex Corp,Taiwan,Technology,9229917
T Hasegawa Co Ltd,Japan,Basic Materials,3162373
T Rowe Price Group Inc,United States,Financials,103508330
T&D Holdings Inc,Japan,Financials,193921059
T&L Co Ltd,South Korea,Health Care,5125198
T-Mobile US Inc,United States,Telecommunications,1246993713
T3 Entertainment Co Ltd,South Korea,Consumer Discretionary,1926348
TA Chen Stainless Pipe,Taiwan,Basic Materials,30695660
TAB Gida Sanayi Ve Ticaret AS,Türkiye,Consumer Discretionary,21900894
TAC Consumer PCL,Thailand,Consumer Staples,2719275
TAG Immobilien AG,Germany,Real Estate,57559553
TAL Education Group,China,Consumer Discretionary,49157623
TAV Havalimanlari Holding AS,Türkiye,Industrials,61722672
TBC Bank Group PLC,United Kingdom,Financials,80192924
TBS Holdings Inc,Japan,Consumer Discretionary,29839616
TC Energy Corp,Canada,Energy,573247848
TCC Group Holdings Co Ltd,Taiwan,Industrials,54240093
TCC Steel,South Korea,Basic Materials,122275
TCL Electronics Holdings Ltd,China,Consumer Discretionary,8574
TCL Zhonghuan Renewable Energy Technology Co Ltd,China,Energy,4410938
TD SYNNEX Corp,United States,Technology,150376624
TDK Corp,Japan,Industrials,486959120
TE Connectivity PLC,United States,Technology,822562633
TEGNA Inc,United States,Consumer Discretionary,51867014
TELUS Corp,Canada,Telecommunications,84905915
TFF Group,France,Industrials,8019608
TFI International Inc,Canada,Industrials,104601375
TFS Financial Corp,United States,Financials,8087635
THG PLC,United Kingdom,Consumer Staples,10677770
THK Co Ltd,Japan,Industrials,46701662
TIDLOR Holdings PCL,Thailand,Financials,74630713
TIME dotCom Bhd,Malaysia,Telecommunications,20558885
TIS Inc,Japan,Technology,120770205
TJX Cos Inc/The,United States,Consumer Discretionary,2190142501
TK Corp,South Korea,Industrials,15481784
TKC Corp,Japan,Industrials,19257227
TKG Huchems Co Ltd,South Korea,Basic Materials,51289
TKH Group NV,Netherlands,Industrials,32252841
TKO Group Holdings Inc,United States,Consumer Discretionary,191828351
TKP Corp,Japan,Industrials,12264793
TLG Immobilien AG,Germany,Real Estate,450989
TMBThanachart Bank PCL,Thailand,Financials,6989808
TMK CHEMICAL BHD,Malaysia,Basic Materials,2447634
TMX Group Ltd,Canada,Financials,106117071
TOA Paint Thailand PCL,Thailand,Industrials,236188
TOC Co Ltd,Japan,Real Estate,1085397
TOKAI Holdings Corp,Japan,Utilities,4898221
TOMONY Holdings Inc,Japan,Financials,4960740
TOPPAN Holdings Inc,Japan,Industrials,117668268
TORM PLC,Denmark,Industrials,24856006
TOTO Ltd,Japan,Industrials,99777365
TOTVS SA,Brazil,Technology,429051
TP ICAP Group PLC,United Kingdom,Financials,54519110
TPG Inc,United States,Financials,130126540
TPG Telecom Ltd,Australia,Telecommunications,12155825
TPI Polene Power PCL,Thailand,Utilities,496183
TQM Alpha PCL,Thailand,Financials,6200947
TRE Holdings Corp,Japan,Utilities,17690839
TS Financial Holding Co Ltd,Taiwan,Financials,76149824
TS Tech Co Ltd,Japan,Consumer Discretionary,13390129
TSA GROUP BHD,Malaysia,Basic Materials,1641203
TSF Investments Ltd,India,Industrials,3341624
TSI Holdings Co Ltd,Japan,Consumer Discretionary,1633154
TTK Prestige Ltd,India,Consumer Discretionary,847735
TTW PCL,Thailand,Utilities,869004
TTY Biopharm Co Ltd,Taiwan,Health Care,8543923
TUI AG,Germany,Consumer Discretionary,98750603
TV Asahi Holdings Corp,Japan,Consumer Discretionary,2710823
TVC Holdings PLC,Ireland,Financials,30
TVS Holdings Ltd,India,Consumer Discretionary,7398444
TVS Motor Co Ltd,India,Consumer Discretionary,108156191
TVS Supply Chain Solutions Ltd/India,India,Industrials,1697790
TX Group AG,Switzerland,Consumer Discretionary,5084306
TXC Corp,Taiwan,Technology,9741582
TXNM Energy Inc,United States,Utilities,174721631
Ta Liang Technology Co Ltd,Taiwan,Industrials,9978835
Ta Ya Electric Wire & Cable,Taiwan,Industrials,11145963
Taaleem Holdings PJSC,United Arab Emirates,Consumer Discretionary,56767128
Taaleem Management Services Co SAE,Egypt,Consumer Discretionary,4654865
Tabcorp Holdings Ltd,Australia,Consumer Discretionary,19403223
Tadano Ltd,Japan,Industrials,4623447
Taewoong Co Ltd,South Korea,Industrials,5303958
TaiMed Biologics Inc,Taiwan,Health Care,4532372
Taichung Commercial Bank Co Ltd,Taiwan,Financials,36979904
Taihan Cable & Solution Co Ltd,South Korea,Industrials,25644789
Taihei Dengyo Kaisha Ltd,Japan,Industrials,3659623
Taiheiyo Cement Corp,Japan,Industrials,47883562
Taikisha Ltd,Japan,Industrials,5978487
Taisei Corp,Japan,Industrials,224225093
Taiwan Acceptance Corp,Taiwan,Financials,11983294
Taiwan Business Bank,Taiwan,Financials,41803957
Taiwan Cogeneration Corp,Taiwan,Industrials,5019433
Taiwan Cooperative Financial Holding Co Ltd,Taiwan,Financials,75357364
Taiwan Fertilizer Co Ltd,Taiwan,Basic Materials,12357518
Taiwan Glass Industry Corp,Taiwan,Industrials,12603928
Taiwan High Speed Rail Corp,Taiwan,Industrials,22720453
Taiwan Hon Chuan Enterprise Co Ltd,Taiwan,Industrials,17821830
Taiwan Land Development Corp,Taiwan,Real Estate,172389
Taiwan Mobile Co Ltd,Taiwan,Telecommunications,48550702
Taiwan Secom Co Ltd,Taiwan,Industrials,10400042
Taiwan Semiconductor Manufacturing Co Ltd,Taiwan,Technology,22685768386
Taiwan Speciality Chemicals Corp,Taiwan,Basic Materials,10087300
Taiwan Surface Mounting Technology Corp,Taiwan,Technology,12741193
Taiwan Union Technology Corp,Taiwan,Technology,68517433
Taiyo Holdings Co Ltd,Japan,Basic Materials,38540771
Taiyo Yuden Co Ltd,Japan,Technology,73593042
Takamatsu Construction Group Co Ltd,Japan,Industrials,2763843
Takara Bio Inc,Japan,Health Care,1490118
Takara Holdings Inc,Japan,Consumer Staples,45066690
Takara Standard Co Ltd,Japan,Consumer Discretionary,5553134
Takasago International Corp,Japan,Basic Materials,4852365
Takasago Thermal Engineering Co Ltd,Japan,Industrials,72405276
Takashimaya Co Ltd,Japan,Consumer Discretionary,48617890
Take-Two Interactive Software Inc,United States,Consumer Discretionary,713152363
Takeda Pharmaceutical Co Ltd,Japan,Health Care,694108306
Takeuchi Manufacturing Co Ltd,Japan,Industrials,9021819
Takuma Co Ltd,Japan,Utilities,5731653
Talaat Moustafa Group,Egypt,Real Estate,34708324
Talabat Holding PLC,United Arab Emirates,Consumer Discretionary,136473826
Talanx AG,Germany,Financials,163153373
Talen Energy Corp,United States,Utilities,214797189
Tama Home Co Ltd,Japan,Consumer Discretionary,1859855
Tamburi Investment Partners SpA,Italy,Financials,25974268
Tamilnad Mercantile Bank Ltd,India,Financials,2789956
Tamron Co Ltd,Japan,Consumer Discretionary,5182263
Tandem Diabetes Care Inc,United States,Health Care,19112863
Tanla Platforms Ltd,India,Technology,4242786
Tapdi Oksijen Ozel Saglik Hizmetleri Sanayi VE Ticaret AS,Türkiye,Health Care,2849506
Tapestry Inc,United States,Consumer Discretionary,288827790
Targa Resources Corp,United States,Energy,714888608
Target Corp,United States,Consumer Discretionary,575637043
Tarsus Pharmaceuticals Inc,United States,Health Care,22000501
Taseco Land Investment JSC,Vietnam,Real Estate,13261592
Tata Capital Ltd,India,Financials,65436939
Tata Chemicals Ltd,India,Basic Materials,10933572
Tata Communications Ltd,India,Telecommunications,82917974
Tata Consultancy Services Ltd,India,Technology,261900381
Tata Consumer Products Ltd,India,Consumer Staples,92096978
Tata Elxsi Ltd,India,Technology,16687209
Tata Investment Corp Ltd,India,Financials,1867006
Tata Motors Ltd /new,India,Industrials,149949431
Tata Motors Passenger Vehicles Limited,India,Consumer Discretionary,84980802
Tata Steel Ltd,India,Basic Materials,222552905
Tata Technologies Ltd,India,Technology,12339916
Tata Teleservices Maharashtra Ltd,India,Telecommunications,28906
Tate & Lyle PLC,United Kingdom,Consumer Staples,33804125
Tatung Co Ltd,Taiwan,Industrials,6226507
Taylor Morrison Home Corp,United States,Consumer Discretionary,71111251
Taylor Wimpey PLC,United Kingdom,Consumer Discretionary,100381617
Tbo Tek Ltd,India,Consumer Discretionary,40024627
TeamViewer SE,Germany,Technology,50296302
Tecan Group AG,Switzerland,Health Care,46213774
Tech Mahindra Ltd,India,Technology,202856610
TechMatrix Corp,Japan,Technology,10696123
TechWing Inc,South Korea,Technology,929576
Techcom Securities JSC,Vietnam,Financials,8904981
Technip Energies NV,France,Energy,14998488
TechnipFMC PLC,United States,Energy,186846452
Techno Electric & Engineering Co Ltd,India,Industrials,6140983
Techno Ryowa Ltd,Japan,Industrials,3516029
Technogym SpA,Italy,Consumer Discretionary,43541331
Technology One Ltd,Australia,Technology,194647173
Technoprobe SpA,Italy,Technology,34489254
Techtronic Industries Co Ltd,Hong Kong,Industrials,353605974
Teck Resources Ltd,Canada,Basic Materials,400515410
Tecnicas Reunidas SA,Spain,Energy,1298
Teco Electric and Machinery Co Ltd,Taiwan,Industrials,40569571
Teejay Lanka PLC,Sri Lanka,Basic Materials,2423692
Teijin Ltd,Japan,Basic Materials,27404760
Tejas Networks Ltd,India,Telecommunications,10757153
Tekfen Holding AS,Türkiye,Industrials,719968
Tekscend Photomask Corp,Japan,Technology,5799228
Tel Aviv Stock Exchange Ltd,Israel,Financials,47054869
Teladan Group Bhd,Malaysia,Real Estate,4472647
Tele2 AB,Sweden,Telecommunications,187742491
Telecom Egypt Co,Egypt,Telecommunications,4984918
Telecom Italia SpA/Milano,Italy,Telecommunications,266020336
Telecom Plus PLC,United Kingdom,Utilities,31253150
Teledyne Technologies Inc,United States,Industrials,417734239
Teleflex Inc,United States,Health Care,79228124
Telefonaktiebolaget LM Ericsson,Sweden,Telecommunications,365208328
Telefonica Brasil SA,Brazil,Telecommunications,13646931
Telefonica SA,Spain,Telecommunications,349339638
Telekom Austria AG,Austria,Telecommunications,17685713
Telekom Malaysia Bhd,Malaysia,Telecommunications,64910620
Teleperformance SE,France,Industrials,201690247
Television Francaise 1 SA,France,Consumer Discretionary,18974866
Telia Co AB,Sweden,Telecommunications,193823240
Telix Pharmaceuticals Ltd,Australia,Health Care,48000440
Telkom Indonesia Persero Tbk PT,Indonesia,Telecommunications,71568043
Telkom SA SOC Ltd,South Africa,Telecommunications,28422884
Telstra Group Ltd,Australia,Telecommunications,226639328
Temenos AG,Switzerland,Technology,126582939
Temple & Webster Group Ltd,Australia,Consumer Discretionary,11591770
Tempus AI Inc,United States,Health Care,44216699
Tenable Holdings Inc,United States,Technology,32766372
Tenaris SA,Italy,Energy,83400280
Tencent Holdings Ltd,China,Technology,9440457098
Tencent Music Entertainment Group,China,Technology,188828639
Tenet Healthcare Corp,United States,Health Care,220253100
Tenneco Clean Air India Ltd,India,Consumer Discretionary,14814041
Tera Yatirim Menkul Degerler AS,Türkiye,Financials,14505612
Tera Yatirim Teknoloji Holding AS,Türkiye,Real Estate,1768879
Teradyne Inc,United States,Technology,277506004
Terex Corp,United States,Industrials,48699748
Terna - Rete Elettrica Nazionale,Italy,Utilities,117503569
Terns Pharmaceuticals Inc,United States,Health Care,31652996
Terreno Realty Corp,United States,Real Estate,170593119
Terumo Corp,Japan,Health Care,366795302
Tesco PLC,United Kingdom,Consumer Staples,756977273
Tesla Inc,United States,Consumer Discretionary,16005934151
Tessenderlo Group SA,Belgium,Basic Materials,13004605
Test Research Inc,Taiwan,Technology,14303993
Tetra Tech Inc,United States,Industrials,112401797
Teva Pharmaceutical Industries Ltd,Israel,Health Care,1246189118
Texas Capital Bancshares Inc,United States,Financials,51728218
Texas Instruments Inc,United States,Technology,1911953311
Texas Roadhouse Inc,United States,Consumer Discretionary,137632758
Texmaco Rail & Engineering Ltd,India,Industrials,2526010
Thai Airways International PCL,Thailand,Consumer Discretionary,11
Thai Beverage PCL,Singapore,Consumer Staples,44593709
Thai Credit Bank PCL,Thailand,Financials,5762576
Thai Life Insurance PCL,Thailand,Financials,23646133
Thai Oil PCL,Thailand,Energy,34423489
Thai Optical Group PCL,Thailand,Health Care,2185308
Thai Vegetable Oil PCL,Thailand,Consumer Staples,789667
Thaifoods Group PCL,Thailand,Consumer Staples,1853791
Thales SA,France,Industrials,416562274
Thanachart Capital PCL,Thailand,Financials,19449057
Thanga Mayil Jewellery Ltd,India,Consumer Discretionary,1990416
Thermax Ltd,India,Industrials,13044583
Thermo Fisher Scientific Inc,United States,Health Care,2942790714
Thinking Electronic Industrial Co Ltd,Taiwan,Technology,3293344
Thomas Cook India Ltd,India,Consumer Discretionary,24085996
Thomson Reuters Corp,Canada,Technology,149844954
Thonburi Healthcare Group PCL,Thailand,Health Care,189970
Thong Guan Industries Bhd,Malaysia,Industrials,2622121
Thor Industries Inc,United States,Consumer Discretionary,43659083
Three Squirrels Inc,China,Consumer Staples,1989787
Thule Group AB,Sweden,Consumer Discretionary,60577749
Thunder Software Technology Co Ltd,China,Technology,3066
Tian Di Science & Technology Co Ltd,China,Industrials,3576455
Tianli International Holdings Ltd,China,Consumer Discretionary,32981201
Tianneng Power International Ltd,China,Consumer Discretionary,3002331
Tianqi Lithium Corp,China,Basic Materials,2168321
Tien Phong Commercial Joint Stock Bank,Vietnam,Financials,5689684
TietoEVRY Oyj,Finland,Technology,91165622
Tiger Brands Ltd,South Africa,Consumer Staples,30271329
Timah Tbk PT,Indonesia,Basic Materials,14920540
Time Interconnect Technology Ltd,Hong Kong,Technology,20481495
Time Technoplast Ltd,India,Industrials,4208319
Timee Inc,Japan,Industrials,17847333
Timken Co/The,United States,Basic Materials,56779337
Timken India Ltd,India,Industrials,11992165
Tinexta Spa,Italy,Financials,218020
Tingyi Cayman Islands Holding Corp,China,Consumer Staples,123326784
Tipco Asphalt PCL,Thailand,Industrials,9465328
Tisco Financial Group PCL,Thailand,Financials,825991
Titagarh Rail System Ltd,India,Industrials,10265006
Titan Co Ltd,India,Consumer Discretionary,186750604
Titan SA,Greece,Industrials,64056591
Tkms AG& Co KGaA,Germany,Industrials,36383855
Toa Corp/Tokyo,Japan,Industrials,6341281
Toagosei Co Ltd,Japan,Basic Materials,7000564
Toast Inc,United States,Technology,227712882
Tobu Railway Co Ltd,Japan,Industrials,55239961
Tocalo Co Ltd,Japan,Industrials,27076060
Toda Corp,Japan,Industrials,33772683
Toei Animation Co Ltd,Japan,Consumer Discretionary,27565536
Toei Co Ltd,Japan,Consumer Discretionary,3643599
Toenec Corp,Japan,Industrials,4103265
Tofas Turk Otomobil Fabrikasi AS,Türkiye,Consumer Discretionary,35861452
Toho Co Ltd/Tokyo,Japan,Consumer Discretionary,86662052
Toho Gas Co Ltd,Japan,Utilities,38079496
Toho Holdings Co Ltd,Japan,Consumer Staples,9617429
Toho Titanium Co Ltd,Japan,Basic Materials,1448197
Tohoku Electric Power Co Inc,Japan,Utilities,59644213
Tokai Carbon Co Ltd,Japan,Basic Materials,20587077
Tokai Carbon Korea Co Ltd,South Korea,Technology,46523599
Tokai Corp/Gifu,Japan,Industrials,2384673
Tokai Rika Co Ltd,Japan,Consumer Discretionary,7539832
Tokai Tokyo Financial Holdings Inc,Japan,Financials,6673159
Token Corp,Japan,Consumer Discretionary,3483041
Tokio Marine Holdings Inc,Japan,Financials,1122175693
Tokuyama Corp,Japan,Basic Materials,12461064
Tokyo Cement Co Lanka PLC,Sri Lanka,Industrials,2831857
Tokyo Century Corp,Japan,Consumer Discretionary,38363750
Tokyo Electric Power Co Holdings Inc,Japan,Utilities,108334564
Tokyo Electron Device Ltd,Japan,Technology,2419353
Tokyo Electron Ltd,Japan,Technology,1740280286
Tokyo Gas Co Ltd,Japan,Utilities,225255929
Tokyo Kiraboshi Financial Group Inc,Japan,Financials,8320185
Tokyo Metro Co Ltd,Japan,Industrials,48989078
Tokyo Ohka Kogyo Co Ltd,Japan,Basic Materials,81326280
Tokyo Seimitsu Co Ltd,Japan,Technology,52859361
Tokyo Steel Manufacturing Co Ltd,Japan,Basic Materials,3352298
Tokyo Tatemono Co Ltd,Japan,Real Estate,75136357
Tokyotokeiba Co Ltd,Japan,Consumer Discretionary,13820868
Tokyu Construction Co Ltd,Japan,Industrials,4170494
Tokyu Corp,Japan,Consumer Discretionary,94410954
Tokyu Fudosan Holdings Corp,Japan,Real Estate,120685639
Tokyu REIT Inc,Japan,Real Estate,10219902
Toll Brothers Inc,United States,Consumer Discretionary,155151969
Tomy Co Ltd,Japan,Consumer Discretionary,23887942
Ton Yi Industrial Corp,Taiwan,Industrials,5231712
Tong Hsing Electronic Industries Ltd,Taiwan,Technology,11088966
Tong Yang Industry Co Ltd,Taiwan,Consumer Discretionary,22034508
TongFu Microelectronics Co Ltd,China,Technology,5401185
Tongcheng Travel Holdings Ltd,China,Consumer Discretionary,47494901
Tongwei Co Ltd,China,Energy,5897155
Tongyang Life Insurance Co Ltd,South Korea,Financials,332625
Top Glove Corp Bhd,Malaysia,Health Care,53361
TopBuild Corp,United States,Industrials,128280502
Topco Scientific Co Ltd,Taiwan,Technology,23504304
Topre Corp,Japan,Consumer Discretionary,16464577
Topsports International Holdings Ltd,China,Consumer Discretionary,11056287
Toray Industries Inc,Japan,Basic Materials,158264702
Toridoll Holdings Corp,Japan,Consumer Discretionary,18312529
Toro Co/The,United States,Industrials,15891443
Toromont Industries Ltd,Canada,Industrials,127835665
Toronto-Dominion Bank/The,Canada,Financials,2095318497
Torrent Pharmaceuticals Ltd,India,Health Care,50727644
Torrent Power Ltd,India,Utilities,29915924
Tosei Corp,Japan,Real Estate,27715614
Toshiba TEC Corp,Japan,Technology,2583636
Tosoh Corp,Japan,Basic Materials,71699005
TotalEnergies SE,France,Energy,1877292333
Totech Corp,Japan,Industrials,3490922
Totetsu Kogyo Co Ltd,Japan,Industrials,4097155
Tovis Co Ltd,South Korea,Technology,1012092
Towa Corp,Japan,Technology,4909152
Towa Pharmaceutical Co Ltd,Japan,Health Care,3779218
Tower Semiconductor Ltd,Israel,Technology,43223011
Towngas Smart Energy Co Ltd,China,Utilities,135921
Toyo Seikan Group Holdings Ltd,Japan,Industrials,48657581
Toyo Suisan Kaisha Ltd,Japan,Consumer Staples,67937092
Toyo Tire Corp,Japan,Consumer Discretionary,54795374
Toyobo Co Ltd,Japan,Basic Materials,21995463
Toyoda Gosei Co Ltd,Japan,Consumer Discretionary,42379483
Toyota Boshoku Corp,Japan,Consumer Discretionary,21566011
Toyota Industries Corp,Japan,Consumer Discretionary,437132887
Toyota Motor Corp,Japan,Consumer Discretionary,3799844355
Toyota Tsusho Corp,Japan,Industrials,335489354
Track & Field Co SA,Brazil,Consumer Discretionary,8807351
Tracsis PLC,United Kingdom,Technology,1229295
Tractor Supply Co,United States,Consumer Discretionary,331313750
Trade Desk Inc/The,United States,Consumer Discretionary,65596588
Trade Estates Real Estate Investment SA,Greece,Real Estate,6154116
Tradeweb Markets Inc,United States,Financials,163588665
Trainline PLC,United Kingdom,Consumer Discretionary,26778590
Trane Technologies PLC,United States,Industrials,1180879504
TransAlta Corp,Canada,Utilities,45356630
TransDigm Group Inc,United States,Industrials,1009248432
TransUnion,United States,Industrials,154904888
Transaction Co Ltd,Japan,Consumer Staples,11908514
Transcend Information Inc,Taiwan,Technology,15489873
Transcom Inc/Taiwan,Taiwan,Technology,6185874
Transcosmos Inc,Japan,Industrials,20273183
Transformers & Rectifiers India Ltd,India,Industrials,5443703
Transurban Group,Australia,Industrials,498840921
Traton SE,Germany,Industrials,87926633
Travel + Leisure Co,United States,Consumer Discretionary,60420230
Travel Food Services Ltd,India,Consumer Discretionary,6285284
TravelSky Technology Ltd,China,Technology,13629271
Travelers Cos Inc/The,United States,Financials,534694284
Travere Therapeutics Inc,United States,Health Care,6126133
Travis Perkins PLC,United Kingdom,Industrials,10384970
Treasury Wine Estates Ltd,Australia,Consumer Staples,106113560
Trelleborg AB,Sweden,Industrials,142411896
Trend Micro Inc/Japan,Japan,Technology,5000457
Trent Ltd,India,Consumer Discretionary,89660550
Trex Co Inc,United States,Industrials,37546896
Tri Chemical Laboratories Inc,Japan,Basic Materials,2830247
TriNet Group Inc,United States,Industrials,18026076
Trial Holdings Inc,Japan,Consumer Discretionary,3955
Tribal Group PLC,United Kingdom,Technology,4977630
Trident Ltd/India,India,Basic Materials,3017816
Trigano SA,France,Consumer Discretionary,105338851
Trimble Inc,United States,Industrials,205016486
Trip.com Group Ltd,China,Consumer Discretionary,769833094
Triple Flag Precious Metals Corp,Canada,Basic Materials,49613598
Tripod Technology Corp,Taiwan,Technology,77120483
Triputra Agro Persada PT,Indonesia,Consumer Staples,13364942
Tritax Big Box REIT PLC,United Kingdom,Real Estate,97516634
Triveni Engineering & Industries Ltd,India,Consumer Staples,2073724
Triveni Turbine Ltd,India,Industrials,7673599
True Corp PCL,Thailand,Telecommunications,22597348
Truist Financial Corp,United States,Financials,489126141
Truly International Holdings Ltd,Hong Kong,Technology,69
Trusco Nakayama Corp,Japan,Industrials,38523508
Truworths International Ltd,South Africa,Consumer Discretionary,54914249
Tryg A/S,Denmark,Financials,214162837
Tsingtao Brewery Co Ltd,China,Consumer Staples,65104285
Tsogo Sun Ltd,South Africa,Consumer Discretionary,4368797
Tsubakimoto Chain Co,Japan,Industrials,7794269
Tsuburaya Fields Holdings Inc,Japan,Consumer Discretionary,9826169
Tsugami Corp,Japan,Industrials,5342942
Tsukishima Holdings Co Ltd,Japan,Industrials,28072411
Tsumura & Co,Japan,Health Care,29750981
Tsuruha Holdings Inc,Japan,Consumer Staples,82088521
Tsurumi Manufacturing Co Ltd,Japan,Industrials,2388114
Tuas Ltd,Australia,Telecommunications,16763360
Tube Investments of India Ltd,India,Basic Materials,33771821
Tuhu Car Inc,China,Consumer Discretionary,10397117
Tukas Gida Sanayi ve Ticaret AS,Türkiye,Consumer Staples,573237
Tung Ho Steel Enterprise Corp,Taiwan,Basic Materials,14077057
Turk Hava Yollari AO,Türkiye,Consumer Discretionary,66413098
Turk Telekomunikasyon AS,Türkiye,Telecommunications,1055331
Turk Traktor ve Ziraat Makineleri AS,Türkiye,Industrials,31739462
Turk Tuborg Bira ve Malt Sanayii AS,Türkiye,Consumer Staples,4
Turkcell Iletisim Hizmetleri AS,Türkiye,Telecommunications,60839758
Turkiye Garanti Bankasi AS,Türkiye,Financials,81841463
Turkiye Is Bankasi AS,Türkiye,Financials,50206723
Turkiye Petrol Rafinerileri AS,Türkiye,Energy,91787328
Turkiye Sise ve Cam Fabrikalari AS,Türkiye,Industrials,7637853
Turkiye Vakiflar Bankasi TAO,Türkiye,Financials,1075827
Tuya Inc,China,Technology,1347385
Tv Tokyo Holdings Corp,Japan,Consumer Discretionary,11281068
Twilio Inc,United States,Technology,258321495
Two Harbors Investment Corp,United States,Financials,5250000
Two Point Zero Group PJSC,United Arab Emirates,Financials,2041531
Tyler Technologies Inc,United States,Technology,923376063
Tyro Payments Ltd,Australia,Industrials,5394983
Tyson Foods Inc,United States,Consumer Staples,285249434
U Consumer Finance,Egypt,Financials,263354
U-Haul Holding Co,United States,Consumer Discretionary,74767922
U-Ming Marine Transport Corp,Taiwan,Industrials,10626788
U-Next Holdings Co Ltd,Japan,Consumer Discretionary,12349573
UACJ Corp,Japan,Basic Materials,23831506
UBCare Co Ltd,South Korea,Health Care,370475
UBE Corp,Japan,Basic Materials,27294754
UBS Group AG,Switzerland,Financials,4866929888
UBTech Robotics Corp Ltd,China,Industrials,16351578
UCB SA,Belgium,Health Care,793130787
UDR Inc,United States,Real Estate,1079271183
UEM Sunrise Bhd,Malaysia,Real Estate,6102072
UFP Industries Inc,United States,Basic Materials,66987852
UGI Corp,United States,Utilities,110139160
UL Solutions Inc,United States,Industrials,72719408
UMB Financial Corp,United States,Financials,106235874
UMS Integration Ltd,Singapore,Technology,18465161
UNIQA Insurance Group AG,Austria,Financials,5322088
UNITE Group PLC/The,United Kingdom,Real Estate,326502003
UNO Minda Ltd,India,Consumer Discretionary,27223935
UOB-Kay Hian Holdings Ltd,Singapore,Financials,7292451
UOL Group Ltd,Singapore,Real Estate,54246720
UPC Technology Corp,Taiwan,Basic Materials,113444
UPI Semiconductor Corp,Taiwan,Technology,4704254
UPL Ltd,India,Basic Materials,51121427
UPM-Kymmene Oyj,Finland,Basic Materials,318851332
US Bancorp,United States,Financials,1870339449
US Foods Holding Corp,United States,Consumer Staples,168821495
USS Co Ltd,Japan,Consumer Discretionary,66755979
UT Group Co Ltd,Japan,Industrials,3224093
UTI Asset Management Co Ltd,India,Financials,13328491
UUE Holdings Bhd,Malaysia,Industrials,3046625
UWC BHD,Malaysia,Basic Materials,27399726
UWM Holdings Corp,United States,Financials,8760000
Uber Technologies Inc,United States,Consumer Discretionary,2183767814
Ubiquiti Inc,United States,Telecommunications,28049312
Ubisoft Entertainment SA,France,Consumer Discretionary,3080418
Uchi Technologies Bhd,Malaysia,Industrials,2876550
Uchida Yoko Co Ltd,Japan,Technology,3867715
Udemy Inc,United States,Consumer Discretionary,21317113
Ufaorgsintez PAO,Russia,Basic Materials,15
UiPath Inc,United States,Technology,69444676
Ujjivan Small Finance Bank Ltd,India,Financials,4137383
Uju Electronics Co Ltd,South Korea,Technology,6365868
Ulker Biskuvi Sanayi AS,Türkiye,Consumer Staples,955502
Ulta Beauty Inc,United States,Consumer Discretionary,411343879
UltraGreen.ai Ltd,Singapore,Health Care,6493000
UltraTech Cement Ltd,India,Industrials,253155783
Ultragenyx Pharmaceutical Inc,United States,Health Care,28127160
Ultrajaya Milk Industry & Trading Co Tbk PT,Indonesia,Consumer Staples,5968828
Ultrapar Participacoes SA,Brazil,Energy,60887006
Ulvac Inc,Japan,Technology,60737091
Umicore SA,Belgium,Basic Materials,440195917
Under Armour Inc,United States,Consumer Discretionary,2965128
Uni-Charm Indonesia Tbk PT,Indonesia,Consumer Staples,264171
Uni-President China Holdings Ltd,China,Consumer Staples,44711092
Uni-President Enterprises Corp,Taiwan,Consumer Staples,144965356
UniCredit SpA,Italy,Financials,3420729396
UniTest Inc,South Korea,Technology,1411093
Unibail-Rodamco-Westfield,France,Real Estate,258868700
Unicaja Banco SA,Spain,Financials,27813426
Unicharm Corp,Japan,Consumer Staples,113241547
Unid Co Ltd,South Korea,Basic Materials,3712222
Unigroup Guoxin Microelectronics Co Ltd,China,Technology,46577721
Unilever Indonesia Tbk PT,Indonesia,Consumer Staples,815379
Unilever PLC,United Kingdom,Consumer Staples,2891745745
Unimicron Technology Corp,Taiwan,Technology,178716999
Unimot SA,Poland,Energy,5496470
Union Bank Of Taiwan,Taiwan,Financials,7481224
Union Bank of India Ltd,India,Financials,35898853
Union Bank of the Philippines,Philippines,Financials,2755267
Union Pacific Corp,United States,Industrials,1780513991
Union Tool Co,Japan,Industrials,8875837
Unipol Assicurazioni SpA,Italy,Financials,336338101
Unipro PAO,Russia,Utilities,0
Unisem M Bhd,Malaysia,Technology,45570738
Unison Co Ltd/South Korea,South Korea,Energy,47636
Unisplendour Corp Ltd,China,Technology,2466777
United Airlines Holdings Inc,United States,Consumer Discretionary,212825552
United Arrows Ltd,Japan,Consumer Discretionary,5484
United Bankshares Inc/WV,United States,Financials,68365517
United Breweries Ltd,India,Consumer Staples,17277030
United Community Banks Inc/GA,United States,Financials,48450162
United Integrated Services Co Ltd,Taiwan,Industrials,84387772
United Internet AG,Germany,Telecommunications,52731608
United Laboratories International Holdings Ltd/The,Hong Kong,Health Care,24999778
United Microelectronics Corp,Taiwan,Technology,134139100
United Nova Technology Co Ltd,China,Technology,85614159
United Overseas Bank Ltd,Singapore,Financials,783072952
United Paper PCL,Thailand,Industrials,2667410
United Parcel Service Inc,United States,Industrials,809297459
United Parks & Resorts Inc,United States,Consumer Discretionary,1725375
United Rentals Inc,United States,Industrials,965522807
United Spirits Ltd,India,Consumer Staples,79081781
United Super Markets Holdings Inc,Japan,Consumer Staples,3074505
United Therapeutics Corp,United States,Health Care,245122319
United U-Li Corp BHD,Malaysia,Basic Materials,3142750
United Urban Investment Corp,Japan,Real Estate,60149670
United Utilities Group PLC,United Kingdom,Utilities,223869375
UnitedHealth Group Inc,United States,Health Care,3930668956
Unity Software Inc,United States,Technology,222928464
Universal Display Corp,United States,Technology,92755668
Universal Entertainment Corp,Japan,Consumer Discretionary,944566
Universal Health Services Inc,United States,Health Care,122972655
Universal Microwave Technology Inc,Taiwan,Telecommunications,67034516
Universal Music Group NV,Netherlands,Consumer Discretionary,719298344
Universal Robina Corp,Philippines,Consumer Staples,686355
Universal Store Holdings Ltd,Australia,Consumer Discretionary,11894945
Unum Group,United States,Financials,1108918670
Upstart Holdings Inc,United States,Financials,49914515
Upstream Bio Inc,United States,Health Care,83666200
Uranium Energy Corp,United States,Basic Materials,118019135
Urban Outfitters Inc,United States,Consumer Discretionary,44190715
Urteste SA,Poland,Health Care,433912
Usha Martin Ltd,India,Basic Materials,9653070
Ushio Inc,Japan,Industrials,7564798
V-Guard Industries Ltd,India,Industrials,6102067
V-Mart Retail Ltd,India,Consumer Discretionary,2519667
VA Tech Wabag Ltd,India,Utilities,6576155
VAT Group AG,Switzerland,Industrials,262859152
VF Corp,United States,Consumer Discretionary,112352013
VGI PCL,Thailand,Consumer Discretionary,61882
VGP NV,Belgium,Real Estate,33843041
VICI Properties Inc,United States,Real Estate,403015643
VIDENDUM PLC,United Kingdom,Consumer Discretionary,11779
VIGO PHOTONICS SA,Poland,Technology,2505090
VIP Industries Ltd,India,Consumer Discretionary,749510
VIX Securities JSC,Vietnam,Financials,3345057
VK IPJSC,Russia,Technology,424084
VNDirect Securities Corp,Vietnam,Financials,4884686
VNV Global AB,Sweden,Financials,126171
VP Bank Securities Ltd Co,Vietnam,Financials,2946008
VS International Group Ltd,China,Industrials,57112
VSTECS Bhd,Malaysia,Technology,3160757
VSTECS Holdings Ltd,Hong Kong,Technology,11065408
VT Co Ltd,South Korea,Consumer Discretionary,421879
VT Holdings Co Ltd,Japan,Consumer Discretionary,1987452
VTB Bank PJSC,Russia,Financials,1603558
VTEX,United States,Technology,1487930
VTech Holdings Ltd,Hong Kong,Telecommunications,19554598
VZ Holding AG,Switzerland,Financials,60132628
Vail Resorts Inc,United States,Consumer Discretionary,54279477
Valaris Ltd,United States,Energy,39658802
Vale Indonesia Tbk PT,Indonesia,Basic Materials,52487498
Valeo SE,France,Consumer Discretionary,51448594
Valero Energy Corp,United States,Energy,1028913055
Valiant Holding AG,Switzerland,Financials,66674243
Valid Solucoes e Servicos de Seguranca em Meios de Pagamento e Identificacao SA,Brazil,Industrials,9487272
Valley National Bancorp,United States,Financials,71554308
Vallourec SACA,France,Energy,64265062
Valmet Oyj,Finland,Industrials,30957291
Valmont Industries Inc,United States,Industrials,102655167
Valneva SE,France,Health Care,5633632
Valor Estate Ltd,India,Real Estate,678845
Valor Holdings Co Ltd,Japan,Consumer Staples,5291123
Valterra Platinum Ltd,South Africa,Basic Materials,611417190
Value Added Technology Co Ltd,South Korea,Health Care,3106245
Valvoline Inc,United States,Consumer Discretionary,36993235
Van Lanschot Kempen NV,Netherlands,Financials,71580869
Van de Velde NV,Belgium,Consumer Discretionary,707
Vanguard International Semiconductor Corp,Taiwan,Technology,33248708
Vanquis Banking Group PLC,United Kingdom,Financials,18566090
Vantage Towers AG,Germany,Telecommunications,20717274
Vantiva SA,France,Telecommunications,4361
Vardhman Textiles Ltd,India,Basic Materials,5245952
Varonis Systems Inc,United States,Technology,26766670
Varroc Engineering Ltd,India,Consumer Discretionary,20271620
Varun Beverages Ltd,India,Consumer Staples,348862757
Vatti Corp Ltd,China,Consumer Discretionary,4
Vault Minerals Ltd,Australia,Basic Materials,54711283
Vaxcyte Inc,United States,Health Care,58475437
Vector Inc,Japan,Consumer Discretionary,6135
Vector Ltd,New Zealand,Utilities,7069815
Vedant Fashions Ltd,India,Consumer Discretionary,57496469
Veem Ltd,Australia,Industrials,2994474
Veeva Systems Inc,United States,Health Care,315203439
Ventas Inc,United States,Real Estate,466573853
Ventia Services Group Pty Ltd,Australia,Industrials,44166045
Ventive Hospitality Ltd,India,Consumer Discretionary,2235911
Venture Corp Ltd,Singapore,Technology,54372649
Venus MedTech Hangzhou Inc,China,Health Care,60
Venustech Group Inc,China,Technology,5913302
Veolia Environnement SA,France,Utilities,431538873
Vera Therapeutics Inc,United States,Health Care,45954686
Verallia SA,France,Industrials,8012615
Veralto Corp,United States,Industrials,233408070
Verbund AG,Austria,Utilities,15299203
Vercom SA,Poland,Technology,10181468
VeriSign Inc,United States,Technology,262654703
Verisilicon Microelectronics Shanghai Co Ltd,China,Technology,5887005
Verisk Analytics Inc,United States,Industrials,319957676
Verisure PLC,Sweden,Industrials,115873196
Verizon Communications Inc,United States,Telecommunications,2119931291
Verra Mobility Corp,United States,Industrials,44568336
Vertex Inc,United States,Technology,3731295
Vertex Pharmaceuticals Inc,United States,Health Care,1375429863
Vertiv Holdings Co,United States,Technology,772924922
Vertu Motors PLC,United Kingdom,Consumer Discretionary,7619275
Vestas Wind Systems A/S,Denmark,Energy,231116194
Vesuvius India Ltd,India,Industrials,5200476
Vetoquinol SA,France,Health Care,6075911
ViTrox Corp Bhd,Malaysia,Technology,13704417
Via Technologies Inc,Taiwan,Technology,829077
Via Transportation Inc,United States,Technology,12329250
Viasat Inc,United States,Telecommunications,574104
Viatris Inc,United States,Health Care,80041311
Vibra Energia SA,Brazil,Energy,176271746
Vicat SACA,France,Industrials,28878598
Vicinity Ltd,Australia,Real Estate,112523039
Victoria's Secret & Co,United States,Consumer Discretionary,247936
Victory Giant Technology Huizhou Co Ltd,China,Technology,11453841
Victrex PLC,United Kingdom,Basic Materials,61819803
Vidente Co Ltd,South Korea,Technology,251525
Vidrala SA,Spain,Industrials,51706986
Vienna Insurance Group AG Wiener Versicherung Gruppe,Austria,Financials,31592025
Vietcap Securities JSC,Vietnam,Financials,3192002
Vietnam Construction and Import-Export JSC,Vietnam,Industrials,23
Vietnam Export Import Commercial JSB,Vietnam,Financials,3377953
Vietnam International Commercial JSB,Vietnam,Financials,7408472
Vietnam Joint Stock Commercial Bank for Industry and Trade,Vietnam,Financials,21745599
Vietnam Prosperity JSC Bank,Vietnam,Financials,27482410
Vietnam Technological & Commercial Joint Stock Bank,Vietnam,Financials,17525984
Vijaya Diagnostic Centre Ltd,India,Health Care,6669235
Viking Holdings Ltd,United States,Consumer Discretionary,364420012
Vina Concha y Toro SA,Chile,Consumer Staples,4101243
Vinati Organics Ltd,India,Basic Materials,4366758
Vinci SA,France,Industrials,1334279836
Vincom Retail JSC,Vietnam,Consumer Discretionary,4297348
Vingroup JSC,Vietnam,Real Estate,34855057
Vinhomes JSC,Vietnam,Real Estate,38544669
Vinpearl JSC,Vietnam,Consumer Discretionary,1662648
Viohalco SA,Greece,Basic Materials,7140329
Vipshop Holdings Ltd,China,Consumer Discretionary,27631179
Virbac SACA,France,Health Care,35608825
Virgin Australia Holdings Ltd,Australia,Consumer Discretionary,8088297
Viridian Therapeutics Inc,United States,Health Care,37728550
VisEra Technologies Co Ltd,Taiwan,Technology,14739581
Visa Inc,United States,Industrials,7726332437
Viscofan SA,Spain,Consumer Staples,51413646
Vishal Mega Mart Ltd,India,Consumer Discretionary,36492168
Vishay Intertechnology Inc,United States,Technology,7066845
Vision Inc/Tokyo Japan,Japan,Telecommunications,1812320
Visional Inc,Japan,Industrials,25723487
Visne Madencilik Uretim Sanayi VE Ticaret AS,Türkiye,Industrials,411053
Vista Group International Ltd,New Zealand,Technology,8959584
Vistra Corp,United States,Utilities,722054195
Vistry Group PLC,United Kingdom,Consumer Discretionary,47033664
Vitasoy International Holdings Ltd,Hong Kong,Consumer Staples,1609
Vitec Software Group AB,Sweden,Technology,22352033
Vitrolife AB,Sweden,Health Care,23378215
Vitru Brasil Empreendimentos Participacoes e Comercio SA,Brazil,Consumer Discretionary,7169070
Vitzrocell Co Ltd,South Korea,Industrials,9344746
Viva Energy Group Ltd,Australia,Energy,21667799
Viva Leisure Ltd,Australia,Consumer Discretionary,3253678
Vivara Participacoes SA,Brazil,Consumer Discretionary,32869673
Vivendi SE,France,Consumer Discretionary,32447821
Vnet Group Inc,China,Technology,131405999
Vobile Group Ltd,Hong Kong,Technology,14454041
Vodafone Group PLC,United Kingdom,Telecommunications,487927365
Vodafone Idea Ltd,India,Telecommunications,21447015
Volcano Bhd,Malaysia,Industrials,510424
Volkswagen AG,Germany,Consumer Discretionary,204272584
Voltamp Transformers Ltd,India,Industrials,5309833
Voltas Ltd,India,Industrials,35433584
Voltronic Power Technology Corp,Taiwan,Industrials,26229439
Volution Group PLC,United Kingdom,Industrials,50277606
Volvo AB,Sweden,Industrials,556461938
Volvo Car AB,Sweden,Consumer Discretionary,43196803
Vonovia SE,Germany,Real Estate,3425837631
Vontier Corp,United States,Industrials,72582499
Vontobel Holding AG,Switzerland,Financials,48326898
Vornado Realty Trust,United States,Real Estate,579708580
Voronoi Inc,South Korea,Health Care,5518314
Voxel SA,Poland,Health Care,9340215
Voya Financial Inc,United States,Financials,79730744
Voyager Technologies Inc,United States,Industrials,1829800
Vulcan Energy Resources Ltd,Australia,Basic Materials,23543548
Vulcan Materials Co,United States,Industrials,430915510
Vulcan Steel Ltd,Australia,Basic Materials,5492970
VusionGroup,France,Industrials,33054042
W R Berkley Corp,United States,Financials,323162745
W-Scope Chungju Plant Co Ltd,South Korea,Industrials,30439
W-Scope Corp,Japan,Industrials,58758
WA1 Resources Ltd,Australia,Basic Materials,2935439
WAAREE Energies Ltd,India,Energy,29795260
WCT Holdings Bhd,Malaysia,Industrials,6601924
WEB Travel Group Ltd,Australia,Consumer Discretionary,21494973
WEG SA,Brazil,Industrials,39200435
WESCO International Inc,United States,Industrials,160896548
WEX Inc,United States,Industrials,52764694
WH Group Ltd,Hong Kong,Consumer Staples,96343868
WH Smith PLC,United Kingdom,Consumer Discretionary,21528996
WHA Corp PCL,Thailand,Real Estate,29532286
WHA Utilities and Power PCL,Thailand,Utilities,10818923
WNC Corp /Taiwan,Taiwan,Telecommunications,22143647
WONIK IPS Co Ltd,South Korea,Technology,16769516
WP Carey Inc,United States,Real Estate,159950819
WPG Holdings Ltd,Taiwan,Technology,33388105
WPP PLC,United Kingdom,Consumer Discretionary,15913657
WSFS Financial Corp,United States,Financials,39192780
WSP Global Inc,Canada,Industrials,279737883
WT Microelectronics Co Ltd,Taiwan,Technology,35098039
WUS Printed Circuit Kunshan Co Ltd,China,Technology,113215260
WW Grainger Inc,United States,Industrials,467410123
Wacker Chemie AG,Germany,Basic Materials,29360414
Wacoal Holdings Corp,Japan,Consumer Discretionary,8382489
Wacom Co Ltd,Japan,Technology,3607899
Waga Energy SA,France,Energy,63622
Wah Lee Industrial Corp,Taiwan,Technology,9720165
Wakita & Co Ltd,Japan,Industrials,2795843
Wal-Mart de Mexico SAB de CV,Mexico,Consumer Discretionary,127094854
Walgreens Boots Alliance Inc,United States,Consumer Staples,9
Wallenstam AB,Sweden,Real Estate,31041392
Walmart Inc,United States,Consumer Discretionary,5990110390
Walsin Lihwa Corp,Taiwan,Industrials,6871743
Walsin Technology Corp,Taiwan,Technology,13309253
Walt Disney Co/The,United States,Consumer Discretionary,2309250898
Wan Hai Lines Ltd,Taiwan,Industrials,2124
Wanda Film Holding Co Ltd,China,Consumer Discretionary,4054470
Wanguo Gold Group Ltd,China,Basic Materials,9697239
Wanhua Chemical Group Co Ltd,China,Basic Materials,218260725
Want Want China Holdings Ltd,China,Consumer Staples,32060215
Warabeya Nichiyo Holdings Co Ltd,Japan,Consumer Staples,928422
Warba Bank KSCP,Kuwait,Financials,3270686
Warehouses De Pauw CVA,Belgium,Real Estate,291550530
Warner Bros Discovery Inc,United States,Consumer Discretionary,1088528749
Warner Music Group Corp,United States,Consumer Discretionary,35449245
Warpaint London plc,United Kingdom,Consumer Discretionary,3643506
Warsaw Stock Exchange,Poland,Financials,2278
Wartsila OYJ Abp,Finland,Industrials,23033971
Wasion Holdings Ltd,China,Industrials,11755724
Waste Connections Inc,Canada,Utilities,688609594
Waste Management Inc,United States,Utilities,980325807
Watches of Switzerland Group PLC,United Kingdom,Consumer Discretionary,38255874
WaterBridge Infrastructure LLC,United States,Energy,4002000
Waters Corp,United States,Health Care,250679824
Watsco Inc,United States,Industrials,122513335
Watts Water Technologies Inc,United States,Industrials,98941301
Wayfair Inc,United States,Consumer Discretionary,126572729
Waypoint REIT Ltd,Australia,Real Estate,11665816
Waystar Holding Corp,United States,Health Care,32264219
We Buy Cars Holdings Ltd,South Africa,Consumer Discretionary,49292374
Wealthfront Corp,United States,Financials,13590000
Weatherford International PLC,United States,Energy,61398961
Weathernews Inc,Japan,Industrials,1418403
Webster Financial Corp,United States,Financials,142034558
Webtoon Entertainment Inc,United States,Consumer Discretionary,1152894
Webuild SpA,Italy,Industrials,32893713
Weibo Corp,China,Technology,7488559
Weifu High-Technology Group Co Ltd,China,Consumer Discretionary,3359877
Weilong Delicious Global Holdings Ltd,China,Consumer Staples,11964444
Weimob Inc,China,Technology,8648839
Weir Group PLC/The,United Kingdom,Industrials,160784632
Well Chip Group Bhd,Malaysia,Financials,3229683
Wellneo Sugar Co Ltd,Japan,Consumer Staples,1378264
Wells Fargo & Co,United States,Financials,4452175743
Welltower Inc,United States,Real Estate,5439953284
Welspun Corp Ltd,India,Basic Materials,10781793
Welspun Living Ltd,India,Basic Materials,10567943
Wemade Co Ltd,South Korea,Consumer Discretionary,412349
Wendel SE,France,Financials,46573015
Wens Foodstuff Group Co Ltd,China,Consumer Staples,4836484
Wesfarmers Ltd,Australia,Consumer Discretionary,1047252799
West African Resources Ltd,Australia,Basic Materials,428118
West Fraser Timber Co Ltd,Canada,Basic Materials,39711761
West Holdings Corp,Japan,Energy,10985213
West Japan Railway Co,Japan,Industrials,94389465
West Pharmaceutical Services Inc,United States,Health Care,239997744
Western Alliance Bancorp,United States,Financials,125482462
Western Digital Corp,United States,Technology,590886272
Western Mining Co Ltd,China,Basic Materials,3944074
Western Union Co/The,United States,Industrials,217565
Westgold Resources Ltd,Australia,Basic Materials,57370571
Westinghouse Air Brake Technologies Corp,United States,Industrials,453391493
Westlake Corp,United States,Basic Materials,18132084
Westlife Foodworld Ltd,India,Consumer Discretionary,544819
Westpac Banking Corp,Australia,Financials,698096702
Weyerhaeuser Co,United States,Real Estate,539277904
Wharf Holdings Ltd/The,Hong Kong,Real Estate,37194273
Wharf Real Estate Investment Co Ltd,Hong Kong,Real Estate,85076586
Wheaton Precious Metals Corp,Canada,Basic Materials,854669044
Whirlpool Corp,United States,Consumer Discretionary,31958958
Whirlpool of India Ltd,India,Consumer Discretionary,6996901
Whitbread PLC,United Kingdom,Consumer Discretionary,148019450
White Mountains Insurance Group Ltd,United States,Financials,66879318
Widodo Makmur Perkasa Tbk PT,Indonesia,Consumer Staples,28930
Wienerberger AG,Austria,Industrials,107151935
Wihlborgs Fastigheter AB,Sweden,Real Estate,55275172
WillScot Holdings Corp,United States,Industrials,41305620
Williams Cos Inc/The,United States,Energy,719290386
Williams-Sonoma Inc,United States,Consumer Discretionary,259290356
Willis Towers Watson PLC,United States,Financials,435623048
Wilmington PLC,United Kingdom,Consumer Discretionary,5368083
Win Semiconductors Corp,Taiwan,Technology,79378889
WinWay Technology Co Ltd,Taiwan,Technology,178152480
Winbond Electronics Corp,Taiwan,Technology,97273433
WingArc1st Inc,Japan,Technology,7866229
Wingstop Inc,United States,Consumer Discretionary,83488433
Wintrust Financial Corp,United States,Financials,118789254
Wipro Ltd,India,Technology,168841814
Wisdom Marine Lines Co Ltd,Taiwan,Industrials,8103658
WisdomTree Inc,United States,Financials,902292
Wise PLC,United Kingdom,Industrials,198065685
WiseTech Global Ltd,Australia,Technology,165757610
Wiselink Co Ltd/TW,Taiwan,Consumer Discretionary,3379800
Wistron Corp,Taiwan,Technology,140008492
Wittchen SA,Poland,Consumer Discretionary,1610506
Wiwynn Corp,Taiwan,Technology,417846326
Wix.com Ltd,United States,Technology,63584316
Wiz Co,Brazil,Financials,26102
Wizz Air Holdings Plc,Hungary,Consumer Discretionary,42681060
Wockhardt Ltd,India,Health Care,12904364
Wolters Kluwer NV,Netherlands,Industrials,318077889
Wonik Materials Co Ltd,South Korea,Basic Materials,7172305
Woodward Inc,United States,Industrials,237274340
Woolworths Group Ltd,Australia,Consumer Staples,391651624
Woolworths Holdings Ltd/South Africa,South Africa,Consumer Discretionary,99899312
Woori Financial Group Inc,South Korea,Financials,67845484
Woori Technology Investment Co Ltd,South Korea,Financials,1546762
Workday Inc,United States,Technology,325267772
Workiva Inc,United States,Technology,43820865
Workman Co Ltd,Japan,Consumer Discretionary,10801199
Workspace Group PLC,United Kingdom,Real Estate,3414068
World Co Ltd,Japan,Consumer Discretionary,18485687
Worldex Industry & Trading Co Ltd,South Korea,Technology,11046666
Worley Ltd,Australia,Industrials,52909592
WuXi AppTec Co Ltd,China,Health Care,248589948
WuXi XDC Cayman Inc,China,Health Care,46677635
Wuhan DR Laser Technology Corp Ltd,China,Technology,4231960
Wuliangye Yibin Co Ltd,China,Consumer Staples,33608643
Wuxi Autowell Technology Co Ltd,China,Technology,3670457
Wuxi Biologics Cayman Inc,China,Health Care,282971209
Wuxi Lead Intelligent Equipment Co Ltd,China,Industrials,14335
Wuxi NCE Power Co Ltd,China,Technology,3071369
Wyndham Hotels & Resorts Inc,United States,Consumer Discretionary,206584365
Wynn Macau Ltd,Hong Kong,Consumer Discretionary,19352948
Wynn Resorts Ltd,United States,Consumer Discretionary,122687385
X5 Retail Group NV,Russia,Consumer Staples,1026461
XD Inc,China,Consumer Discretionary,17351655
XLSMART Telecom Sejahtera Tbk PT,Indonesia,Telecommunications,33650645
XP Inc,United States,Financials,151620849
XPEC Entertainment Inc,Taiwan,Consumer Discretionary,11403
XPO Inc,United States,Industrials,236677887
XPeng Inc,China,Consumer Discretionary,198648747
XTB SA,Poland,Financials,100453910
XXF Group Holdings Ltd,China,Consumer Discretionary,1027
Xaar PLC,United Kingdom,Industrials,1715708
Xencor Inc,United States,Health Care,1169332
Xenon Pharmaceuticals Inc,United States,Health Care,47664412
Xero Ltd,Australia,Technology,89073348
Xerox Holdings Corp,United States,Technology,458922
Xi'an Triangle Defense Co Ltd,China,Industrials,3266499
Xiamen Faratronic Co Ltd,China,Technology,5044853
Xiaomi Corp,China,Telecommunications,1287225126
XinTec Inc,Taiwan,Technology,9250298
Xinhua Winshare Publishing and Media Co Ltd,China,Consumer Discretionary,4789914
Xinyi Energy Holdings Ltd,China,Utilities,504
Xinyi Glass Holdings Ltd,Hong Kong,Industrials,39059638
Xinyi Solar Holdings Ltd,China,Energy,17545529
XtalPi Holdings Ltd,China,Health Care,29000457
Xtpl SA,Poland,Technology,1603738
Xuji Electric Co Ltd,China,Industrials,5687502
Xylem Inc/NY,United States,Industrials,335254869
YA-MAN Ltd,Japan,Consumer Staples,4132
YAMABIKO Corp,Japan,Industrials,4407536
YFY Inc,Taiwan,Basic Materials,8740386
YG Entertainment Inc,South Korea,Consumer Discretionary,12805578
YTL Corp Bhd,Malaysia,Utilities,10625796
YTL Power International Bhd,Malaysia,Utilities,5933038
Yadea Group Holdings Ltd,China,Consumer Discretionary,32501094
Yageo Corp,Taiwan,Technology,212775463
Yahagi Construction Co Ltd,Japan,Industrials,1065698
Yakult Honsha Co Ltd,Japan,Consumer Staples,51728435
Yamada Holdings Co Ltd,Japan,Consumer Discretionary,31007987
Yamae Group Holdings Co Ltd,Japan,Consumer Staples,5656
Yamaguchi Financial Group Inc,Japan,Financials,41127621
Yamaha Corp,Japan,Consumer Discretionary,33485430
Yamaha Motor Co Ltd,Japan,Consumer Discretionary,111635442
Yamanashi Chuo Bank Ltd/The,Japan,Financials,25258860
Yamato Holdings Co Ltd,Japan,Industrials,63876777
Yamato Kogyo Co Ltd,Japan,Basic Materials,39748632
Yamazaki Baking Co Ltd,Japan,Consumer Staples,49538783
Yamazen Corp,Japan,Industrials,2469868
YanTai Shuangta Food Co Ltd,China,Consumer Staples,692344
Yang Ming Marine Transport Corp,Taiwan,Industrials,38521337
Yangtze Optical Fibre & Cable Joint Stock Ltd Co,China,Telecommunications,2201908
Yangzijiang Financial Holding Ltd,China,Financials,4301230
Yangzijiang Maritime Development Ltd,Singapore,Financials,14852086
Yangzijiang Shipbuilding Holdings Ltd,China,Industrials,24003070
Yanlord Land Group Ltd,China,Real Estate,3518670
Yantai Changyu Pioneer Wine Co Ltd,China,Consumer Staples,2406916
Yantai Jereh Oilfield Services Group Co Ltd,China,Energy,50281532
Yapi ve Kredi Bankasi AS,Türkiye,Financials,70809497
Yaskawa Electric Corp,Japan,Industrials,133186327
Yeahka Ltd,China,Industrials,205
Yellow Cake PLC,United Kingdom,Basic Materials,17805870
Yellow Hat Ltd,Japan,Consumer Discretionary,3957051
Yes Bank Ltd,India,Financials,51549058
Yieh Phui Enterprise Co Ltd,Taiwan,Basic Materials,5632148
Yifeng Pharmacy Chain Co Ltd,China,Consumer Staples,22618362
Yihai International Holding Ltd,China,Consumer Staples,11525920
Yinson Holdings BHD,Malaysia,Energy,7203621
Yizumi Holdings Co Ltd,China,Industrials,10449033
Yodoko Ltd,Japan,Basic Materials,6763062
Yokogawa Bridge Holdings Corp,Japan,Industrials,3539411
Yokogawa Electric Corp,Japan,Industrials,143440479
Yokohama Financial Group Inc,Japan,Financials,150904581
Yokohama Rubber Co Ltd/The,Japan,Consumer Discretionary,81158196
Yonex Co Ltd,Japan,Consumer Discretionary,7620887
Yoshinoya Holdings Co Ltd,Japan,Consumer Discretionary,7123772
Youngone Corp,South Korea,Consumer Discretionary,77057752
Youngone Holdings Co Ltd,South Korea,Consumer Discretionary,53446652
Ypsomed Holding AG,Switzerland,Health Care,35301453
Yu Group plc,United Kingdom,Utilities,9593793
Yuan Longping High-tech Agriculture Co Ltd,China,Consumer Staples,855918
Yuanta Financial Holding Co Ltd,Taiwan,Financials,163025439
Yuasa Trading Co Ltd,Japan,Industrials,3162398
Yue Yuen Industrial Holdings Ltd,Hong Kong,Consumer Discretionary,35296583
Yuexiu Property Co Ltd,China,Real Estate,6843171
Yuexiu Real Estate Investment Trust,China,Real Estate,49
Yuhan Corp,South Korea,Health Care,2960297
Yulon Motor Co Ltd,Taiwan,Consumer Discretionary,10052055
Yulon Nissan Motor Co Ltd,Taiwan,Consumer Discretionary,539528
Yum China Holdings Inc,China,Consumer Discretionary,314621012
Yum! Brands Inc,United States,Consumer Discretionary,596204313
Yunnan Aluminium Co Ltd,China,Basic Materials,42111636
Yunnan Energy Investment Co Ltd,China,Basic Materials,1587725
Yunnan Energy New Material Co Ltd,China,Industrials,47666
Yunnan Yuntianhua Co Ltd,China,Basic Materials,14348870
Yunsung F&C Co Ltd,South Korea,Industrials,1274
Yurtec Corp,Japan,Industrials,5256773
Yutong Bus Co Ltd,China,Industrials,51381311
ZERIA Pharmaceutical Co Ltd,Japan,Health Care,2612619
ZF Commercial Vehicle Control Systems India Ltd,India,Consumer Discretionary,11799849
ZJLD Group Inc,China,Consumer Staples,4488598
ZOZO Inc,Japan,Consumer Discretionary,56798902
ZTO Express Cayman Inc,China,Industrials,99520292
Zabka Group SA,Poland,Consumer Staples,208755329
Zacros Corp,Japan,Industrials,2802418
Zai Lab Ltd,China,Health Care,67793160
Zalando SE,Germany,Consumer Discretionary,166607280
Zamet Industry SA,Poland,Industrials,299277
Zealand Pharma A/S,Denmark,Health Care,114178454
Zebra Technologies Corp,United States,Industrials,128959759
Zee Entertainment Enterprises Ltd,India,Consumer Discretionary,37792504
Zegona Communications plc,United Kingdom,Telecommunications,4531823
Zen Technologies Ltd,India,Industrials,3917109
Zenkoku Hosho Co Ltd,Japan,Financials,45019616
Zensar Technologies Ltd,India,Technology,9602835
Zensho Holdings Co Ltd,Japan,Consumer Discretionary,91795220
Zeon Corp,Japan,Basic Materials,31879598
Zeta Global Holdings Corp,United States,Technology,37004155
Zetrix Ai Bhd,Malaysia,Technology,17976394
Zhejiang Century Huatong Group Co Ltd,China,Consumer Discretionary,233839038
Zhejiang Cfmoto Power Co Ltd,China,Consumer Discretionary,19044760
Zhejiang Changsheng Sliding Bearings Co Ltd,China,Industrials,940434
Zhejiang Dingli Machinery Co Ltd,China,Industrials,811467
Zhejiang Expressway Co Ltd,China,Industrials,15302551
Zhejiang JIULI Hi-tech Metals Co Ltd,China,Basic Materials,22079452
Zhejiang Jingsheng Mechanical & Electrical Co Ltd,China,Technology,74911384
Zhejiang Jiuzhou Pharmaceutical Co Ltd,China,Health Care,8450425
Zhejiang Juhua Co Ltd,China,Basic Materials,62550757
Zhejiang Leapmotor Technology Co Ltd,China,Consumer Discretionary,46513040
Zhejiang NHU Co Ltd,China,Consumer Staples,60980522
Zhejiang Orient Gene Biotech Co Ltd,China,Health Care,115442
Zhejiang Sanhua Intelligent Controls Co Ltd,China,Industrials,60113431
Zhejiang Shuanghuan Driveline Co Ltd,China,Consumer Discretionary,46872538
Zhejiang Wolwo Bio-Pharmaceutical Co Ltd,China,Health Care,1482496
Zhen Ding Technology Holding Ltd,Taiwan,Technology,42345787
Zhihu Inc,China,Technology,802396
ZhongAn Online P&C Insurance Co Ltd,China,Financials,103370834
Zhongji Innolight Co Ltd,China,Telecommunications,192805165
Zhongsheng Group Holdings Ltd,China,Consumer Discretionary,16028240
Zhongyu Energy Holdings Ltd,China,Utilities,1894608
Zhuzhou CRRC Times Electric Co Ltd,China,Industrials,151523993
Zignago Vetro SpA,Italy,Industrials,1431751
Zigup PLC,United Kingdom,Industrials,6357187
Zillow Group Inc,United States,Real Estate,196563117
Zimmer Biomet Holdings Inc,United States,Health Care,226911322
Zinus Inc,South Korea,Consumer Discretionary,5063327
Zions Bancorp NA,United States,Financials,108626531
Zip Co Ltd,Australia,Industrials,52277229
Zoetis Inc,United States,Health Care,605810592
Zojirushi Corp,Japan,Consumer Discretionary,1850547
Zoom Communications Inc,United States,Technology,495899570
ZoomInfo Technologies Inc,United States,Technology,43186824
Zoomlion Heavy Industry Science and Technology Co Ltd,China,Industrials,37225434
Zotefoams PLC,United Kingdom,Basic Materials,7041356
Zscaler Inc,United States,Technology,6350166
Zuken Inc,Japan,Technology,2340512
Zurich Insurance Group AG,Switzerland,Financials,954424795
Zurn Elkay Water Solutions Corp,United States,Industrials,87422771
Zydus Lifesciences Ltd,India,Health Care,41957694
Zydus Wellness Ltd,India,Consumer Staples,4479443
Zyle Motors Corp,South Korea,Consumer Discretionary,260
a2 Milk Co Ltd/The,Australia,Consumer Staples,60096238
adidas AG,Germany,Consumer Discretionary,1964061415
and ST HD Co Ltd,Japan,Consumer Discretionary,2614820
baudroie inc,Japan,Technology,6104454
dip Corp,Japan,Industrials,2713755
dormakaba Holding AG,Switzerland,Industrials,73710423
eBay Inc,United States,Consumer Discretionary,83659376
eClerx Services Ltd,India,Industrials,11957945
eGuarantee Inc,Japan,Financials,19894223
eMemory Technology Inc,Taiwan,Technology,43497080
eWeLL Co Ltd/JP,Japan,Technology,5344534
easyJet PLC,United Kingdom,Consumer Discretionary,13106448
elf Beauty Inc,United States,Consumer Discretionary,50117280
en Inc/Japan,Japan,Industrials,1484519
euglena Co Ltd,Japan,Consumer Staples,1709801
flatexDEGIRO AG,Germany,Financials,73924922
giftee Inc,Japan,Technology,8
goeasy Ltd,Canada,Financials,8589809
i-SENS Inc,South Korea,Health Care,8643693
iA Financial Corp Inc,Canada,Financials,164962671
iFAST Corp Ltd,Singapore,Financials,20522040
iFamilySC Co Ltd,South Korea,Consumer Discretionary,3589091
iM Financial Group Co Ltd,South Korea,Financials,2170027
iQIYI Inc,China,Consumer Discretionary,30018920
iRay Group,China,Health Care,9628884
iRhythm Technologies Inc,United States,Health Care,9978693
iomart Group PLC,United Kingdom,Technology,645837
mBank SA,Poland,Financials,4188484
momo.com Inc,Taiwan,Consumer Discretionary,7693056
nCino Inc,United States,Technology,17095367
nVent Electric PLC,United States,Industrials,245955005
nib holdings Ltd/Australia,Australia,Financials,28547882
thyssenkrupp AG,Germany,Industrials,92678735
uniQure NV,United States,Health Care,19555333
voestalpine AG,Austria,Basic Materials,200777690
zooplus SE,Germany,Consumer Discretionary,28120937
